agentName,agentType,averageSpeed,cumulatedUtilityReceived,freeWallRatio,numBacktrackAgents,numCFPAnswered,numDeadends,numDifferentEncounters,numDirectionChanges,numDownSteps,numForwardAgents,numLeftSteps,numMessagesReceived,numMessagesSent,numNegotiatingAgents,numProposalsAccepted,numProposalsRejected,numRandomAgents,numRightSteps,numSwarmAgents,numTotalEncounters,numUpSteps,numVisitedCells,startingPosition,stepsToExit,xsize,ysize
"agent BacktrackAgent #1",BacktrackAgent,0.08,0,0.69,100,0,0,0,0,4,0,0,0,0,0,0,0,0,4,0,176,0,9,0,8,10,10
"agent BacktrackAgent #2",BacktrackAgent,0.3,0,0.69,100,0,2,0,2,8,0,10,0,0,0,0,0,0,8,0,219,4,23,1,30,10,10
"agent BacktrackAgent #3",BacktrackAgent,0.39,0,0.69,100,0,3,0,3,8,0,9,0,0,0,0,0,0,12,0,279,10,23,2,39,10,10
"agent BacktrackAgent #4",BacktrackAgent,0.4,0,0.69,100,0,3,0,3,8,0,12,0,0,0,0,0,0,10,0,187,10,23,3,40,10,10
"agent BacktrackAgent #5",BacktrackAgent,0.08,0,0.69,100,0,0,0,0,4,0,0,0,0,0,0,0,0,4,0,88,0,9,0,8,10,10
"agent BacktrackAgent #6",BacktrackAgent,0.14,0,0.69,100,0,0,0,0,6,0,4,0,0,0,0,0,0,2,0,97,2,15,1,14,10,10
"agent BacktrackAgent #7",BacktrackAgent,0.05,0,0.69,100,0,0,0,0,0,0,0,0,0,0,0,0,0,3,0,17,2,6,2,5,10,10
"agent BacktrackAgent #8",BacktrackAgent,0.04,0,0.69,100,0,0,0,0,0,0,2,0,0,0,0,0,0,0,0,5,2,5,3,4,10,10
"agent BacktrackAgent #9",BacktrackAgent,0.08,0,0.69,100,0,0,0,0,4,0,0,0,0,0,0,0,0,4,0,0,0,9,0,8,10,10
"agent BacktrackAgent #10",BacktrackAgent,0.14,0,0.69,100,0,0,0,0,6,0,4,0,0,0,0,0,0,2,0,284,2,15,1,14,10,10
"agent BacktrackAgent #11",BacktrackAgent,0.39,0,0.69,100,0,3,0,3,8,0,9,0,0,0,0,0,0,12,0,509,10,23,2,39,10,10
"agent BacktrackAgent #12",BacktrackAgent,0.12,0,0.69,100,0,1,0,1,0,0,6,0,0,0,0,0,0,4,0,136,2,9,3,12,10,10
"agent BacktrackAgent #13",BacktrackAgent,0.08,0,0.69,100,0,0,0,0,4,0,0,0,0,0,0,0,0,4,0,189,0,9,0,8,10,10
"agent BacktrackAgent #14",BacktrackAgent,0.14,0,0.69,100,0,0,0,0,6,0,4,0,0,0,0,0,0,2,0,267,2,15,1,14,10,10
"agent BacktrackAgent #15",BacktrackAgent,0.07,0,0.69,100,0,1,0,1,0,0,1,0,0,0,0,0,0,4,0,138,2,7,2,7,10,10
"agent BacktrackAgent #16",BacktrackAgent,0.04,0,0.69,100,0,0,0,0,0,0,2,0,0,0,0,0,0,0,0,52,2,5,3,4,10,10
"agent BacktrackAgent #17",BacktrackAgent,0.08,0,0.69,100,0,0,0,0,4,0,0,0,0,0,0,0,0,4,0,181,0,9,0,8,10,10
"agent BacktrackAgent #18",BacktrackAgent,0.3,0,0.69,100,0,2,0,2,8,0,10,0,0,0,0,0,0,8,0,277,4,23,1,30,10,10
"agent BacktrackAgent #19",BacktrackAgent,0.39,0,0.69,100,0,3,0,3,8,0,9,0,0,0,0,0,0,12,0,461,10,23,2,39,10,10
"agent BacktrackAgent #20",BacktrackAgent,0.32,0,0.69,100,0,2,0,2,8,0,8,0,0,0,0,0,0,6,0,348,10,19,3,32,10,10
"agent BacktrackAgent #21",BacktrackAgent,0.08,0,0.69,100,0,0,0,0,4,0,0,0,0,0,0,0,0,4,0,166,0,9,0,8,10,10
"agent BacktrackAgent #22",BacktrackAgent,0.22,0,0.69,100,0,1,0,1,6,0,8,0,0,0,0,0,0,6,0,340,2,19,1,22,10,10
"agent BacktrackAgent #23",BacktrackAgent,0.39,0,0.69,100,0,3,0,3,8,0,9,0,0,0,0,0,0,12,0,420,10,23,2,39,10,10
"agent BacktrackAgent #24",BacktrackAgent,0.12,0,0.69,100,0,1,0,1,0,0,6,0,0,0,0,0,0,4,0,117,2,9,3,12,10,10
"agent BacktrackAgent #25",BacktrackAgent,0.08,0,0.69,100,0,0,0,0,4,0,0,0,0,0,0,0,0,4,0,158,0,9,0,8,10,10
"agent BacktrackAgent #26",BacktrackAgent,0.22,0,0.69,100,0,1,0,1,8,0,6,0,0,0,0,0,0,4,0,222,4,19,1,22,10,10
"agent BacktrackAgent #27",BacktrackAgent,0.05,0,0.69,100,0,0,0,0,0,0,0,0,0,0,0,0,0,3,0,66,2,6,2,5,10,10
"agent BacktrackAgent #28",BacktrackAgent,0.12,0,0.69,100,0,1,0,1,0,0,6,0,0,0,0,0,0,4,0,104,2,9,3,12,10,10
"agent BacktrackAgent #29",BacktrackAgent,0.08,0,0.69,100,0,0,0,0,4,0,0,0,0,0,0,0,0,4,0,150,0,9,0,8,10,10
"agent BacktrackAgent #30",BacktrackAgent,0.22,0,0.69,100,0,1,0,1,6,0,8,0,0,0,0,0,0,6,0,304,2,19,1,22,10,10
"agent BacktrackAgent #31",BacktrackAgent,0.39,0,0.69,100,0,3,0,3,8,0,9,0,0,0,0,0,0,12,0,370,10,23,2,39,10,10
"agent BacktrackAgent #32",BacktrackAgent,0.32,0,0.69,100,0,2,0,2,8,0,8,0,0,0,0,0,0,6,0,243,10,19,3,32,10,10
"agent BacktrackAgent #33",BacktrackAgent,0.08,0,0.69,100,0,0,0,0,4,0,0,0,0,0,0,0,0,4,0,142,0,9,0,8,10,10
"agent BacktrackAgent #34",BacktrackAgent,0.22,0,0.69,100,0,1,0,1,6,0,8,0,0,0,0,0,0,6,0,279,2,19,1,22,10,10
"agent BacktrackAgent #35",BacktrackAgent,0.07,0,0.69,100,0,1,0,1,0,0,1,0,0,0,0,0,0,4,0,105,2,7,2,7,10,10
"agent BacktrackAgent #36",BacktrackAgent,0.4,0,0.69,100,0,3,0,3,8,0,12,0,0,0,0,0,0,10,0,321,10,23,3,40,10,10
"agent BacktrackAgent #37",BacktrackAgent,0.08,0,0.69,100,0,0,0,0,4,0,0,0,0,0,0,0,0,4,0,134,0,9,0,8,10,10
"agent BacktrackAgent #38",BacktrackAgent,0.22,0,0.69,100,0,1,0,1,6,0,8,0,0,0,0,0,0,6,0,255,2,19,1,22,10,10
"agent BacktrackAgent #39",BacktrackAgent,0.37,0,0.69,100,0,2,0,2,8,0,8,0,0,0,0,0,0,11,0,179,10,22,2,37,10,10
"agent BacktrackAgent #40",BacktrackAgent,0.12,0,0.69,100,0,1,0,1,0,0,6,0,0,0,0,0,0,4,0,85,2,9,3,12,10,10
"agent BacktrackAgent #41",BacktrackAgent,0.08,0,0.69,100,0,0,0,0,4,0,0,0,0,0,0,0,0,4,0,126,0,9,0,8,10,10
"agent BacktrackAgent #42",BacktrackAgent,0.22,0,0.69,100,0,1,0,1,6,0,8,0,0,0,0,0,0,6,0,228,2,19,1,22,10,10
"agent BacktrackAgent #43",BacktrackAgent,0.05,0,0.69,100,0,0,0,0,0,0,0,0,0,0,0,0,0,3,0,53,2,6,2,5,10,10
"agent BacktrackAgent #44",BacktrackAgent,0.4,0,0.69,100,0,3,0,3,8,0,12,0,0,0,0,0,0,10,0,267,10,23,3,40,10,10
"agent BacktrackAgent #45",BacktrackAgent,0.08,0,0.69,100,0,0,0,0,4,0,0,0,0,0,0,0,0,4,0,118,0,9,0,8,10,10
"agent BacktrackAgent #46",BacktrackAgent,0.22,0,0.69,100,0,1,0,1,8,0,6,0,0,0,0,0,0,4,0,146,4,19,1,22,10,10
"agent BacktrackAgent #47",BacktrackAgent,0.37,0,0.69,100,0,2,0,2,8,0,8,0,0,0,0,0,0,11,0,151,10,22,2,37,10,10
"agent BacktrackAgent #48",BacktrackAgent,0.4,0,0.69,100,0,3,0,3,8,0,12,0,0,0,0,0,0,10,0,224,10,23,3,40,10,10
"agent BacktrackAgent #49",BacktrackAgent,0.08,0,0.69,100,0,0,0,0,4,0,0,0,0,0,0,0,0,4,0,110,0,9,0,8,10,10
"agent BacktrackAgent #50",BacktrackAgent,0.22,0,0.69,100,0,1,0,1,6,0,8,0,0,0,0,0,0,6,0,194,2,19,1,22,10,10
"agent BacktrackAgent #51",BacktrackAgent,0.05,0,0.69,100,0,0,0,0,0,0,0,0,0,0,0,0,0,3,0,44,2,6,2,5,10,10
"agent BacktrackAgent #52",BacktrackAgent,0.32,0,0.69,100,0,2,0,2,8,0,8,0,0,0,0,0,0,6,0,139,10,19,3,32,10,10
"agent BacktrackAgent #53",BacktrackAgent,0.08,0,0.69,100,0,0,0,0,4,0,0,0,0,0,0,0,0,4,0,102,0,9,0,8,10,10
"agent BacktrackAgent #54",BacktrackAgent,0.3,0,0.69,100,0,2,0,2,8,0,10,0,0,0,0,0,0,8,0,126,4,23,1,30,10,10
"agent BacktrackAgent #55",BacktrackAgent,0.37,0,0.69,100,0,2,0,2,8,0,8,0,0,0,0,0,0,11,0,104,10,22,2,37,10,10
"agent BacktrackAgent #56",BacktrackAgent,0.32,0,0.69,100,0,2,0,2,8,0,8,0,0,0,0,0,0,6,0,102,10,19,3,32,10,10
"agent BacktrackAgent #57",BacktrackAgent,0.08,0,0.69,100,0,0,0,0,4,0,0,0,0,0,0,0,0,4,0,94,0,9,0,8,10,10
"agent BacktrackAgent #58",BacktrackAgent,0.3,0,0.69,100,0,2,0,2,8,0,10,0,0,0,0,0,0,8,0,93,4,23,1,30,10,10
"agent BacktrackAgent #59",BacktrackAgent,0.07,0,0.69,100,0,1,0,1,0,0,1,0,0,0,0,0,0,4,0,67,2,7,2,7,10,10
"agent BacktrackAgent #60",BacktrackAgent,0.04,0,0.69,100,0,0,0,0,0,0,2,0,0,0,0,0,0,0,0,32,2,5,3,4,10,10
"agent BacktrackAgent #61",BacktrackAgent,0.08,0,0.69,100,0,0,0,0,4,0,0,0,0,0,0,0,0,4,0,79,0,9,0,8,10,10
"agent BacktrackAgent #62",BacktrackAgent,0.14,0,0.69,100,0,0,0,0,6,0,4,0,0,0,0,0,0,2,0,129,2,15,1,14,10,10
"agent BacktrackAgent #63",BacktrackAgent,0.07,0,0.69,100,0,1,0,1,0,0,1,0,0,0,0,0,0,4,0,59,2,7,2,7,10,10
"agent BacktrackAgent #64",BacktrackAgent,0.12,0,0.69,100,0,1,0,1,0,0,6,0,0,0,0,0,0,4,0,60,2,9,3,12,10,10
"agent BacktrackAgent #65",BacktrackAgent,0.08,0,0.69,100,0,0,0,0,4,0,0,0,0,0,0,0,0,4,0,71,0,9,0,8,10,10
"agent BacktrackAgent #66",BacktrackAgent,0.14,0,0.69,100,0,0,0,0,6,0,4,0,0,0,0,0,0,2,0,113,2,15,1,14,10,10
"agent BacktrackAgent #67",BacktrackAgent,0.37,0,0.69,100,0,2,0,2,8,0,8,0,0,0,0,0,0,11,0,51,10,22,2,37,10,10
"agent BacktrackAgent #68",BacktrackAgent,0.12,0,0.69,100,0,1,0,1,0,0,6,0,0,0,0,0,0,4,0,47,2,9,3,12,10,10
"agent BacktrackAgent #69",BacktrackAgent,0.08,0,0.69,100,0,0,0,0,4,0,0,0,0,0,0,0,0,4,0,63,0,9,0,8,10,10
"agent BacktrackAgent #70",BacktrackAgent,0.22,0,0.69,100,0,1,0,1,6,0,8,0,0,0,0,0,0,6,0,114,2,19,1,22,10,10
"agent BacktrackAgent #71",BacktrackAgent,0.05,0,0.69,100,0,0,0,0,0,0,0,0,0,0,0,0,0,3,0,25,2,6,2,5,10,10
"agent BacktrackAgent #72",BacktrackAgent,0.32,0,0.69,100,0,2,0,2,8,0,8,0,0,0,0,0,0,6,0,55,10,19,3,32,10,10
"agent BacktrackAgent #73",BacktrackAgent,0.08,0,0.69,100,0,0,0,0,4,0,0,0,0,0,0,0,0,4,0,55,0,9,0,8,10,10
"agent BacktrackAgent #74",BacktrackAgent,0.22,0,0.69,100,0,1,0,1,6,0,8,0,0,0,0,0,0,6,0,90,2,19,1,22,10,10
"agent BacktrackAgent #75",BacktrackAgent,0.39,0,0.69,100,0,3,0,3,8,0,9,0,0,0,0,0,0,12,0,110,10,23,2,39,10,10
"agent BacktrackAgent #76",BacktrackAgent,0.04,0,0.69,100,0,0,0,0,0,0,2,0,0,0,0,0,0,0,0,21,2,5,3,4,10,10
"agent BacktrackAgent #77",BacktrackAgent,0.08,0,0.69,100,0,0,0,0,4,0,0,0,0,0,0,0,0,4,0,47,0,9,0,8,10,10
"agent BacktrackAgent #78",BacktrackAgent,0.22,0,0.69,100,0,1,0,1,6,0,8,0,0,0,0,0,0,6,0,67,2,19,1,22,10,10
"agent BacktrackAgent #79",BacktrackAgent,0.39,0,0.69,100,0,3,0,3,8,0,9,0,0,0,0,0,0,12,0,70,10,23,2,39,10,10
"agent BacktrackAgent #80",BacktrackAgent,0.12,0,0.69,100,0,1,0,1,0,0,6,0,0,0,0,0,0,4,0,26,2,9,3,12,10,10
"agent BacktrackAgent #81",BacktrackAgent,0.08,0,0.69,100,0,0,0,0,4,0,0,0,0,0,0,0,0,4,0,39,0,9,0,8,10,10
"agent BacktrackAgent #82",BacktrackAgent,0.22,0,0.69,100,0,1,0,1,6,0,8,0,0,0,0,0,0,6,0,42,2,19,1,22,10,10
"agent BacktrackAgent #83",BacktrackAgent,0.07,0,0.69,100,0,1,0,1,0,0,1,0,0,0,0,0,0,4,0,27,2,7,2,7,10,10
"agent BacktrackAgent #84",BacktrackAgent,0.04,0,0.69,100,0,0,0,0,0,0,2,0,0,0,0,0,0,0,0,11,2,5,3,4,10,10
"agent BacktrackAgent #85",BacktrackAgent,0.08,0,0.69,100,0,0,0,0,4,0,0,0,0,0,0,0,0,4,0,31,0,9,0,8,10,10
"agent BacktrackAgent #86",BacktrackAgent,0.14,0,0.69,100,0,0,0,0,6,0,4,0,0,0,0,0,0,2,0,25,2,15,1,14,10,10
"agent BacktrackAgent #87",BacktrackAgent,0.39,0,0.69,100,0,3,0,3,8,0,9,0,0,0,0,0,0,12,0,22,10,23,2,39,10,10
"agent BacktrackAgent #88",BacktrackAgent,0.12,0,0.69,100,0,1,0,1,0,0,6,0,0,0,0,0,0,4,0,9,2,9,3,12,10,10
"agent BacktrackAgent #89",BacktrackAgent,0.08,0,0.69,100,0,0,0,0,4,0,0,0,0,0,0,0,0,4,0,23,0,9,0,8,10,10
"agent BacktrackAgent #90",BacktrackAgent,0.22,0,0.69,100,0,1,0,1,8,0,6,0,0,0,0,0,0,4,0,26,4,19,1,22,10,10
"agent BacktrackAgent #91",BacktrackAgent,0.05,0,0.69,100,0,0,0,0,0,0,0,0,0,0,0,0,0,3,0,4,2,6,2,5,10,10
"agent BacktrackAgent #92",BacktrackAgent,0.4,0,0.69,100,0,3,0,3,8,0,12,0,0,0,0,0,0,10,0,7,10,23,3,40,10,10
"agent BacktrackAgent #93",BacktrackAgent,0.08,0,0.69,100,0,0,0,0,4,0,0,0,0,0,0,0,0,4,0,15,0,9,0,8,10,10
"agent BacktrackAgent #94",BacktrackAgent,0.3,0,0.69,100,0,2,0,2,8,0,10,0,0,0,0,0,0,8,0,3,4,23,1,30,10,10
"agent BacktrackAgent #95",BacktrackAgent,0.07,0,0.69,100,0,1,0,1,0,0,1,0,0,0,0,0,0,4,0,8,2,7,2,7,10,10
"agent BacktrackAgent #96",BacktrackAgent,0.04,0,0.69,100,0,0,0,0,0,0,2,0,0,0,0,0,0,0,0,0,2,5,3,4,10,10
"agent BacktrackAgent #97",BacktrackAgent,0.08,0,0.69,100,0,0,0,0,4,0,0,0,0,0,0,0,0,4,0,7,0,9,0,8,10,10
"agent BacktrackAgent #98",BacktrackAgent,0.14,0,0.69,100,0,0,0,0,6,0,4,0,0,0,0,0,0,2,0,0,2,15,1,14,10,10
"agent BacktrackAgent #99",BacktrackAgent,0.07,0,0.69,100,0,1,0,1,0,0,1,0,0,0,0,0,0,4,0,1,2,7,2,7,10,10
"agent BacktrackAgent #100",BacktrackAgent,0.12,0,0.69,100,0,1,0,1,0,0,6,0,0,0,0,0,0,4,0,150,2,9,3,12,10,10
