agentName,agentType,averageSpeed,cumulatedUtilityReceived,freeWallRatio,numBacktrackAgents,numCFPAnswered,numDeadends,numDifferentEncounters,numDirectionChanges,numDownSteps,numForwardAgents,numLeftSteps,numMessagesReceived,numMessagesSent,numNegotiatingAgents,numProposalsAccepted,numProposalsRejected,numRandomAgents,numRightSteps,numSwarmAgents,numTotalEncounters,numUpSteps,numVisitedCells,startingPosition,stepsToExit,xsize,ysize
"agent BacktrackAgent #1",BacktrackAgent,0.08,0,0.69,100,0,0,0,0,4,100,0,0,0,100,0,0,100,4,0,639,0,9,0,8,10,10
"agent BacktrackAgent #2",BacktrackAgent,0.1,0,0.69,100,0,0,0,0,4,100,4,0,0,100,0,0,100,2,0,861,0,11,1,10,10,10
"agent BacktrackAgent #3",BacktrackAgent,0.19,0,0.69,100,0,1,0,1,4,100,3,0,0,100,0,0,100,6,0,689,6,15,2,19,10,10
"agent BacktrackAgent #4",BacktrackAgent,0.2,0,0.69,100,0,1,0,1,4,100,6,0,0,100,0,0,100,4,0,825,6,13,3,20,10,10
"agent BacktrackAgent #5",BacktrackAgent,0.08,0,0.69,100,0,0,0,0,4,100,0,0,0,100,0,0,100,4,0,551,0,9,0,8,10,10
"agent BacktrackAgent #6",BacktrackAgent,0.1,0,0.69,100,0,0,0,0,4,100,4,0,0,100,0,0,100,2,0,733,0,11,1,10,10,10
"agent BacktrackAgent #7",BacktrackAgent,0.25,0,0.69,100,0,1,0,1,4,100,6,0,0,100,0,0,100,9,0,1035,6,18,2,25,10,10
"agent BacktrackAgent #8",BacktrackAgent,0.24,0,0.69,100,0,1,0,1,4,100,8,0,0,100,0,0,100,6,0,913,6,15,3,24,10,10
"agent BacktrackAgent #9",BacktrackAgent,0.08,0,0.69,100,0,0,0,0,4,100,0,0,0,100,0,0,100,4,0,463,0,9,0,8,10,10
"agent BacktrackAgent #10",BacktrackAgent,0.34,0,0.69,100,0,1,0,1,10,100,10,0,0,100,0,0,100,8,0,1936,6,23,1,34,10,10
"agent BacktrackAgent #11",BacktrackAgent,0.35,0,0.69,100,0,2,0,2,8,100,7,0,0,100,0,0,100,10,0,1173,10,23,2,35,10,10
"agent BacktrackAgent #12",BacktrackAgent,0.04,0,0.69,100,0,0,0,0,0,100,2,0,0,100,0,0,100,0,0,214,2,5,3,4,10,10
"agent BacktrackAgent #13",BacktrackAgent,0.08,0,0.69,100,0,0,0,0,4,100,0,0,0,100,0,0,100,4,0,652,0,9,0,8,10,10
"agent BacktrackAgent #14",BacktrackAgent,0.34,0,0.69,100,0,1,0,1,10,100,10,0,0,100,0,0,100,8,0,1901,6,23,1,34,10,10
"agent BacktrackAgent #15",BacktrackAgent,0.25,0,0.69,100,0,1,0,1,4,100,6,0,0,100,0,0,100,9,0,1196,6,18,2,25,10,10
"agent BacktrackAgent #16",BacktrackAgent,0.24,0,0.69,100,0,1,0,1,4,100,8,0,0,100,0,0,100,6,0,1228,6,15,3,24,10,10
"agent BacktrackAgent #17",BacktrackAgent,0.08,0,0.69,100,0,0,0,0,4,100,0,0,0,100,0,0,100,4,0,644,0,9,0,8,10,10
"agent BacktrackAgent #18",BacktrackAgent,0.1,0,0.69,100,0,0,0,0,4,100,4,0,0,100,0,0,100,2,0,892,0,11,1,10,10,10
"agent BacktrackAgent #19",BacktrackAgent,0.19,0,0.69,100,0,1,0,1,4,100,3,0,0,100,0,0,100,6,0,737,6,15,2,19,10,10
"agent BacktrackAgent #20",BacktrackAgent,0.4,0,0.69,100,0,2,0,2,8,100,12,0,0,100,0,0,100,10,0,1689,10,23,3,40,10,10
"agent BacktrackAgent #21",BacktrackAgent,0.08,0,0.69,100,0,0,0,0,4,100,0,0,0,100,0,0,100,4,0,629,0,9,0,8,10,10
"agent BacktrackAgent #22",BacktrackAgent,0.1,0,0.69,100,0,0,0,0,4,100,4,0,0,100,0,0,100,2,0,882,0,11,1,10,10,10
"agent BacktrackAgent #23",BacktrackAgent,0.09,0,0.69,100,0,0,0,0,0,100,2,0,0,100,0,0,100,5,0,542,2,10,2,9,10,10
"agent BacktrackAgent #24",BacktrackAgent,0.04,0,0.69,100,0,0,0,0,0,100,2,0,0,100,0,0,100,0,0,208,2,5,3,4,10,10
"agent BacktrackAgent #25",BacktrackAgent,0.08,0,0.69,100,0,0,0,0,4,100,0,0,0,100,0,0,100,4,0,621,0,9,0,8,10,10
"agent BacktrackAgent #26",BacktrackAgent,0.34,0,0.69,100,0,1,0,1,10,100,10,0,0,100,0,0,100,8,0,1842,6,23,1,34,10,10
"agent BacktrackAgent #27",BacktrackAgent,0.19,0,0.69,100,0,1,0,1,4,100,3,0,0,100,0,0,100,6,0,715,6,15,2,19,10,10
"agent BacktrackAgent #28",BacktrackAgent,0.2,0,0.69,100,0,1,0,1,4,100,6,0,0,100,0,0,100,4,0,882,6,13,3,20,10,10
"agent BacktrackAgent #29",BacktrackAgent,0.08,0,0.69,100,0,0,0,0,4,100,0,0,0,100,0,0,100,4,0,613,0,9,0,8,10,10
"agent BacktrackAgent #30",BacktrackAgent,0.1,0,0.69,100,0,0,0,0,4,100,4,0,0,100,0,0,100,2,0,850,0,11,1,10,10,10
"agent BacktrackAgent #31",BacktrackAgent,0.09,0,0.69,100,0,0,0,0,0,100,2,0,0,100,0,0,100,5,0,529,2,10,2,9,10,10
"agent BacktrackAgent #32",BacktrackAgent,0.04,0,0.69,100,0,0,0,0,0,100,2,0,0,100,0,0,100,0,0,201,2,5,3,4,10,10
"agent BacktrackAgent #33",BacktrackAgent,0.08,0,0.69,100,0,0,0,0,4,100,0,0,0,100,0,0,100,4,0,605,0,9,0,8,10,10
"agent BacktrackAgent #34",BacktrackAgent,0.1,0,0.69,100,0,0,0,0,4,100,4,0,0,100,0,0,100,2,0,838,0,11,1,10,10,10
"agent BacktrackAgent #35",BacktrackAgent,0.09,0,0.69,100,0,0,0,0,0,100,2,0,0,100,0,0,100,5,0,520,2,10,2,9,10,10
"agent BacktrackAgent #36",BacktrackAgent,0.4,0,0.69,100,0,2,0,2,8,100,12,0,0,100,0,0,100,10,0,1640,10,23,3,40,10,10
"agent BacktrackAgent #37",BacktrackAgent,0.08,0,0.69,100,0,0,0,0,4,100,0,0,0,100,0,0,100,4,0,597,0,9,0,8,10,10
"agent BacktrackAgent #38",BacktrackAgent,0.34,0,0.69,100,0,1,0,1,10,100,10,0,0,100,0,0,100,8,0,1775,6,23,1,34,10,10
"agent BacktrackAgent #39",BacktrackAgent,0.09,0,0.69,100,0,0,0,0,0,100,2,0,0,100,0,0,100,5,0,510,2,10,2,9,10,10
"agent BacktrackAgent #40",BacktrackAgent,0.2,0,0.69,100,0,1,0,1,4,100,6,0,0,100,0,0,100,4,0,849,6,13,3,20,10,10
"agent BacktrackAgent #41",BacktrackAgent,0.08,0,0.69,100,0,0,0,0,4,100,0,0,0,100,0,0,100,4,0,589,0,9,0,8,10,10
"agent BacktrackAgent #42",BacktrackAgent,0.1,0,0.69,100,0,0,0,0,4,100,4,0,0,100,0,0,100,2,0,813,0,11,1,10,10,10
"agent BacktrackAgent #43",BacktrackAgent,0.09,0,0.69,100,0,0,0,0,0,100,2,0,0,100,0,0,100,5,0,501,2,10,2,9,10,10
"agent BacktrackAgent #44",BacktrackAgent,0.4,0,0.69,100,0,2,0,2,8,100,12,0,0,100,0,0,100,10,0,1593,10,23,3,40,10,10
"agent BacktrackAgent #45",BacktrackAgent,0.08,0,0.69,100,0,0,0,0,4,100,0,0,0,100,0,0,100,4,0,581,0,9,0,8,10,10
"agent BacktrackAgent #46",BacktrackAgent,0.34,0,0.69,100,0,1,0,1,10,100,10,0,0,100,0,0,100,8,0,1724,6,23,1,34,10,10
"agent BacktrackAgent #47",BacktrackAgent,0.09,0,0.69,100,0,0,0,0,0,100,2,0,0,100,0,0,100,5,0,491,2,10,2,9,10,10
"agent BacktrackAgent #48",BacktrackAgent,0.4,0,0.69,100,0,2,0,2,8,100,12,0,0,100,0,0,100,10,0,1550,10,23,3,40,10,10
"agent BacktrackAgent #49",BacktrackAgent,0.08,0,0.69,100,0,0,0,0,4,100,0,0,0,100,0,0,100,4,0,573,0,9,0,8,10,10
"agent BacktrackAgent #50",BacktrackAgent,0.34,0,0.69,100,0,1,0,1,10,100,10,0,0,100,0,0,100,8,0,1686,6,23,1,34,10,10
"agent BacktrackAgent #51",BacktrackAgent,0.09,0,0.69,100,0,0,0,0,0,100,2,0,0,100,0,0,100,5,0,481,2,10,2,9,10,10
"agent BacktrackAgent #52",BacktrackAgent,0.04,0,0.69,100,0,0,0,0,0,100,2,0,0,100,0,0,100,0,0,189,2,5,3,4,10,10
"agent BacktrackAgent #53",BacktrackAgent,0.08,0,0.69,100,0,0,0,0,4,100,0,0,0,100,0,0,100,4,0,565,0,9,0,8,10,10
"agent BacktrackAgent #54",BacktrackAgent,0.1,0,0.69,100,0,0,0,0,4,100,4,0,0,100,0,0,100,2,0,778,0,11,1,10,10,10
"agent BacktrackAgent #55",BacktrackAgent,0.19,0,0.69,100,0,1,0,1,4,100,3,0,0,100,0,0,100,6,0,663,6,15,2,19,10,10
"agent BacktrackAgent #56",BacktrackAgent,0.24,0,0.69,100,0,1,0,1,4,100,8,0,0,100,0,0,100,6,0,1087,6,15,3,24,10,10
"agent BacktrackAgent #57",BacktrackAgent,0.08,0,0.69,100,0,0,0,0,4,100,0,0,0,100,0,0,100,4,0,557,0,9,0,8,10,10
"agent BacktrackAgent #58",BacktrackAgent,0.34,0,0.69,100,0,1,0,1,10,100,10,0,0,100,0,0,100,8,0,1639,6,23,1,34,10,10
"agent BacktrackAgent #59",BacktrackAgent,0.09,0,0.69,100,0,0,0,0,0,100,2,0,0,100,0,0,100,5,0,470,2,10,2,9,10,10
"agent BacktrackAgent #60",BacktrackAgent,0.2,0,0.69,100,0,1,0,1,4,100,6,0,0,100,0,0,100,4,0,792,6,13,3,20,10,10
"agent BacktrackAgent #61",BacktrackAgent,0.08,0,0.69,100,0,0,0,0,4,100,0,0,0,100,0,0,100,4,0,542,0,9,0,8,10,10
"agent BacktrackAgent #62",BacktrackAgent,0.34,0,0.69,100,0,1,0,1,10,100,10,0,0,100,0,0,100,8,0,1602,6,23,1,34,10,10
"agent BacktrackAgent #63",BacktrackAgent,0.09,0,0.69,100,0,0,0,0,0,100,2,0,0,100,0,0,100,5,0,461,2,10,2,9,10,10
"agent BacktrackAgent #64",BacktrackAgent,0.2,0,0.69,100,0,1,0,1,4,100,6,0,0,100,0,0,100,4,0,770,6,13,3,20,10,10
"agent BacktrackAgent #65",BacktrackAgent,0.08,0,0.69,100,0,0,0,0,4,100,0,0,0,100,0,0,100,4,0,534,0,9,0,8,10,10
"agent BacktrackAgent #66",BacktrackAgent,0.34,0,0.69,100,0,1,0,1,10,100,10,0,0,100,0,0,100,8,0,1565,6,23,1,34,10,10
"agent BacktrackAgent #67",BacktrackAgent,0.19,0,0.69,100,0,1,0,1,4,100,3,0,0,100,0,0,100,6,0,638,6,15,2,19,10,10
"agent BacktrackAgent #68",BacktrackAgent,0.24,0,0.69,100,0,1,0,1,4,100,8,0,0,100,0,0,100,6,0,1052,6,15,3,24,10,10
"agent BacktrackAgent #69",BacktrackAgent,0.08,0,0.69,100,0,0,0,0,4,100,0,0,0,100,0,0,100,4,0,526,0,9,0,8,10,10
"agent BacktrackAgent #70",BacktrackAgent,0.34,0,0.69,100,0,1,0,1,10,100,10,0,0,100,0,0,100,8,0,1520,6,23,1,34,10,10
"agent BacktrackAgent #71",BacktrackAgent,0.09,0,0.69,100,0,0,0,0,0,100,2,0,0,100,0,0,100,5,0,447,2,10,2,9,10,10
"agent BacktrackAgent #72",BacktrackAgent,0.24,0,0.69,100,0,1,0,1,4,100,8,0,0,100,0,0,100,6,0,1025,6,15,3,24,10,10
"agent BacktrackAgent #73",BacktrackAgent,0.08,0,0.69,100,0,0,0,0,4,100,0,0,0,100,0,0,100,4,0,518,0,9,0,8,10,10
"agent BacktrackAgent #74",BacktrackAgent,0.34,0,0.69,100,0,1,0,1,10,100,10,0,0,100,0,0,100,8,0,1483,6,23,1,34,10,10
"agent BacktrackAgent #75",BacktrackAgent,0.19,0,0.69,100,0,1,0,1,4,100,3,0,0,100,0,0,100,6,0,614,6,15,2,19,10,10
"agent BacktrackAgent #76",BacktrackAgent,0.4,0,0.69,100,0,2,0,2,8,100,12,0,0,100,0,0,100,10,0,1419,10,23,3,40,10,10
"agent BacktrackAgent #77",BacktrackAgent,0.08,0,0.69,100,0,0,0,0,4,100,0,0,0,100,0,0,100,4,0,510,0,9,0,8,10,10
"agent BacktrackAgent #78",BacktrackAgent,0.34,0,0.69,100,0,1,0,1,10,100,10,0,0,100,0,0,100,8,0,1446,6,23,1,34,10,10
"agent BacktrackAgent #79",BacktrackAgent,0.35,0,0.69,100,0,2,0,2,8,100,7,0,0,100,0,0,100,10,0,965,10,23,2,35,10,10
"agent BacktrackAgent #80",BacktrackAgent,0.24,0,0.69,100,0,1,0,1,4,100,8,0,0,100,0,0,100,6,0,967,6,15,3,24,10,10
"agent BacktrackAgent #81",BacktrackAgent,0.08,0,0.69,100,0,0,0,0,4,100,0,0,0,100,0,0,100,4,0,502,0,9,0,8,10,10
"agent BacktrackAgent #82",BacktrackAgent,0.34,0,0.69,100,0,1,0,1,10,100,10,0,0,100,0,0,100,8,0,1407,6,23,1,34,10,10
"agent BacktrackAgent #83",BacktrackAgent,0.25,0,0.69,100,0,1,0,1,4,100,6,0,0,100,0,0,100,9,0,1007,6,18,2,25,10,10
"agent BacktrackAgent #84",BacktrackAgent,0.2,0,0.69,100,0,1,0,1,4,100,6,0,0,100,0,0,100,4,0,727,6,13,3,20,10,10
"agent BacktrackAgent #85",BacktrackAgent,0.08,0,0.69,100,0,0,0,0,4,100,0,0,0,100,0,0,100,4,0,494,0,9,0,8,10,10
"agent BacktrackAgent #86",BacktrackAgent,0.34,0,0.69,100,0,1,0,1,10,100,10,0,0,100,0,0,100,8,0,1370,6,23,1,34,10,10
"agent BacktrackAgent #87",BacktrackAgent,0.09,0,0.69,100,0,0,0,0,0,100,2,0,0,100,0,0,100,5,0,418,2,10,2,9,10,10
"agent BacktrackAgent #88",BacktrackAgent,0.24,0,0.69,100,0,1,0,1,4,100,8,0,0,100,0,0,100,6,0,936,6,15,3,24,10,10
"agent BacktrackAgent #89",BacktrackAgent,0.08,0,0.69,100,0,0,0,0,4,100,0,0,0,100,0,0,100,4,0,486,0,9,0,8,10,10
"agent BacktrackAgent #90",BacktrackAgent,0.1,0,0.69,100,0,0,0,0,4,100,4,0,0,100,0,0,100,2,0,670,0,11,1,10,10,10
"agent BacktrackAgent #91",BacktrackAgent,0.19,0,0.69,100,0,1,0,1,4,100,3,0,0,100,0,0,100,6,0,567,6,15,2,19,10,10
"agent BacktrackAgent #92",BacktrackAgent,0.24,0,0.69,100,0,1,0,1,4,100,8,0,0,100,0,0,100,6,0,888,6,15,3,24,10,10
"agent BacktrackAgent #93",BacktrackAgent,0.08,0,0.69,100,0,0,0,0,4,100,0,0,0,100,0,0,100,4,0,478,0,9,0,8,10,10
"agent BacktrackAgent #94",BacktrackAgent,0.1,0,0.69,100,0,0,0,0,4,100,4,0,0,100,0,0,100,2,0,660,0,11,1,10,10,10
"agent BacktrackAgent #95",BacktrackAgent,0.25,0,0.69,100,0,1,0,1,4,100,6,0,0,100,0,0,100,9,0,959,6,18,2,25,10,10
"agent BacktrackAgent #96",BacktrackAgent,0.04,0,0.69,100,0,0,0,0,0,100,2,0,0,100,0,0,100,0,0,169,2,5,3,4,10,10
"agent BacktrackAgent #97",BacktrackAgent,0.08,0,0.69,100,0,0,0,0,4,100,0,0,0,100,0,0,100,4,0,470,0,9,0,8,10,10
"agent BacktrackAgent #98",BacktrackAgent,0.1,0,0.69,100,0,0,0,0,4,100,4,0,0,100,0,0,100,2,0,649,0,11,1,10,10,10
"agent BacktrackAgent #99",BacktrackAgent,0.35,0,0.69,100,0,2,0,2,8,100,7,0,0,100,0,0,100,10,0,892,10,23,2,35,10,10
"agent BacktrackAgent #100",BacktrackAgent,0.24,0,0.69,100,0,1,0,1,4,100,8,0,0,100,0,0,100,6,0,1255,6,15,3,24,10,10
"agent ForwardAgent #101",ForwardAgent,0.08,0,0.69,100,0,0,0,0,4,100,0,0,0,100,0,0,100,4,0,455,0,9,0,8,10,10
"agent ForwardAgent #102",ForwardAgent,0.1,0,0.69,100,0,0,0,0,4,100,4,0,0,100,0,0,100,2,0,639,0,11,1,10,10,10
"agent ForwardAgent #103",ForwardAgent,0.25,0,0.69,100,0,1,0,1,4,100,6,0,0,100,0,0,100,9,0,929,6,18,2,25,10,10
"agent ForwardAgent #104",ForwardAgent,0.04,0,0.69,100,0,0,0,0,0,100,2,0,0,100,0,0,100,0,0,165,2,5,3,4,10,10
"agent ForwardAgent #105",ForwardAgent,0.08,0,0.69,100,0,0,0,0,4,100,0,0,0,100,0,0,100,4,0,447,0,9,0,8,10,10
"agent ForwardAgent #106",ForwardAgent,0.1,0,0.69,100,0,0,0,0,4,100,4,0,0,100,0,0,100,2,0,628,0,11,1,10,10,10
"agent ForwardAgent #107",ForwardAgent,0.19,0,0.69,100,0,1,0,1,4,100,3,0,0,100,0,0,100,6,0,527,6,15,2,19,10,10
"agent ForwardAgent #108",ForwardAgent,0.24,0,0.69,100,0,1,0,1,4,100,8,0,0,100,0,0,100,6,0,858,6,15,3,24,10,10
"agent ForwardAgent #109",ForwardAgent,0.08,0,0.69,100,0,0,0,0,4,100,0,0,0,100,0,0,100,4,0,439,0,9,0,8,10,10
"agent ForwardAgent #110",ForwardAgent,0.9,0,0.69,100,0,4,0,4,24,100,24,0,0,100,0,0,100,22,0,1906,20,23,1,90,10,10
"agent ForwardAgent #111",ForwardAgent,0.35,0,0.69,100,0,2,0,2,8,100,7,0,0,100,0,0,100,10,0,833,10,23,2,35,10,10
"agent ForwardAgent #112",ForwardAgent,0.24,0,0.69,100,0,1,0,1,4,100,8,0,0,100,0,0,100,6,0,831,6,15,3,24,10,10
"agent ForwardAgent #113",ForwardAgent,0.08,0,0.69,100,0,0,0,0,4,100,0,0,0,100,0,0,100,4,0,431,0,9,0,8,10,10
"agent ForwardAgent #114",ForwardAgent,0.1,0,0.69,100,0,0,0,0,4,100,4,0,0,100,0,0,100,2,0,609,0,11,1,10,10,10
"agent ForwardAgent #115",ForwardAgent,0.25,0,0.69,100,0,1,0,1,4,100,6,0,0,100,0,0,100,9,0,891,6,18,2,25,10,10
"agent ForwardAgent #116",ForwardAgent,0.04,0,0.69,100,0,0,0,0,0,100,2,0,0,100,0,0,100,0,0,159,2,5,3,4,10,10
"agent ForwardAgent #117",ForwardAgent,0.08,0,0.69,100,0,0,0,0,4,100,0,0,0,100,0,0,100,4,0,423,0,9,0,8,10,10
"agent ForwardAgent #118",ForwardAgent,1.3,0,0.69,100,0,6,0,6,34,100,34,0,0,100,0,0,100,32,0,1950,30,23,1,130,10,10
"agent ForwardAgent #119",ForwardAgent,0.25,0,0.69,100,0,1,0,1,4,100,6,0,0,100,0,0,100,9,0,865,6,18,2,25,10,10
"agent ForwardAgent #120",ForwardAgent,0.24,0,0.69,100,0,1,0,1,4,100,8,0,0,100,0,0,100,6,0,802,6,15,3,24,10,10
"agent ForwardAgent #121",ForwardAgent,0.08,0,0.69,100,0,0,0,0,4,100,0,0,0,100,0,0,100,4,0,415,0,9,0,8,10,10
"agent ForwardAgent #122",ForwardAgent,0.34,0,0.69,100,0,1,0,1,10,100,10,0,0,100,0,0,100,8,0,1196,6,23,1,34,10,10
"agent ForwardAgent #123",ForwardAgent,0.09,0,0.69,100,0,0,0,0,0,100,2,0,0,100,0,0,100,5,0,366,2,10,2,9,10,10
"agent ForwardAgent #124",ForwardAgent,0.44,0,0.69,100,0,2,0,2,10,100,12,0,0,100,0,0,100,10,0,1035,12,23,3,44,10,10
"agent ForwardAgent #125",ForwardAgent,0.08,0,0.69,100,0,0,0,0,4,100,0,0,0,100,0,0,100,4,0,407,0,9,0,8,10,10
"agent ForwardAgent #126",ForwardAgent,0.5,0,0.69,100,0,2,0,2,14,100,14,0,0,100,0,0,100,12,0,1412,10,23,1,50,10,10
"agent ForwardAgent #127",ForwardAgent,0.49,0,0.69,100,0,2,0,2,10,100,12,0,0,100,0,0,100,15,0,1188,12,23,2,49,10,10
"agent ForwardAgent #128",ForwardAgent,0.4,0,0.69,100,0,2,0,2,8,100,12,0,0,100,0,0,100,10,0,1166,10,23,3,40,10,10
"agent ForwardAgent #129",ForwardAgent,0.08,0,0.69,100,0,0,0,0,4,100,0,0,0,100,0,0,100,4,0,399,0,9,0,8,10,10
"agent ForwardAgent #130",ForwardAgent,0.1,0,0.69,100,0,0,0,0,4,100,4,0,0,100,0,0,100,2,0,565,0,11,1,10,10,10
"agent ForwardAgent #131",ForwardAgent,0.75,0,0.69,100,0,4,0,4,18,100,17,0,0,100,0,0,100,20,0,1051,20,23,2,75,10,10
"agent ForwardAgent #132",ForwardAgent,0.24,0,0.69,100,0,1,0,1,4,100,8,0,0,100,0,0,100,6,0,745,6,15,3,24,10,10
"agent ForwardAgent #133",ForwardAgent,0.08,0,0.69,100,0,0,0,0,4,100,0,0,0,100,0,0,100,4,0,391,0,9,0,8,10,10
"agent ForwardAgent #134",ForwardAgent,0.1,0,0.69,100,0,0,0,0,4,100,4,0,0,100,0,0,100,2,0,555,0,11,1,10,10,10
"agent ForwardAgent #135",ForwardAgent,0.19,0,0.69,100,0,1,0,1,4,100,3,0,0,100,0,0,100,6,0,459,6,15,2,19,10,10
"agent ForwardAgent #136",ForwardAgent,1.0,0,0.69,100,0,5,0,5,24,100,26,0,0,100,0,0,100,24,0,1435,26,23,3,100,10,10
"agent ForwardAgent #137",ForwardAgent,0.08,0,0.69,100,0,0,0,0,4,100,0,0,0,100,0,0,100,4,0,383,0,9,0,8,10,10
"agent ForwardAgent #138",ForwardAgent,0.34,0,0.69,100,0,1,0,1,10,100,10,0,0,100,0,0,100,8,0,1094,6,23,1,34,10,10
"agent ForwardAgent #139",ForwardAgent,0.49,0,0.69,100,0,2,0,2,10,100,12,0,0,100,0,0,100,15,0,1123,12,23,2,49,10,10
"agent ForwardAgent #140",ForwardAgent,0.04,0,0.69,100,0,0,0,0,0,100,2,0,0,100,0,0,100,0,0,146,2,5,3,4,10,10
"agent ForwardAgent #141",ForwardAgent,0.08,0,0.69,100,0,0,0,0,4,100,0,0,0,100,0,0,100,4,0,375,0,9,0,8,10,10
"agent ForwardAgent #142",ForwardAgent,0.1,0,0.69,100,0,0,0,0,4,100,4,0,0,100,0,0,100,2,0,533,0,11,1,10,10,10
"agent ForwardAgent #143",ForwardAgent,0.25,0,0.69,100,0,1,0,1,4,100,6,0,0,100,0,0,100,9,0,764,6,18,2,25,10,10
"agent ForwardAgent #144",ForwardAgent,0.04,0,0.69,100,0,0,0,0,0,100,2,0,0,100,0,0,100,0,0,142,2,5,3,4,10,10
"agent ForwardAgent #145",ForwardAgent,0.08,0,0.69,100,0,0,0,0,4,100,0,0,0,100,0,0,100,4,0,367,0,9,0,8,10,10
"agent ForwardAgent #146",ForwardAgent,0.1,0,0.69,100,0,0,0,0,4,100,4,0,0,100,0,0,100,2,0,522,0,11,1,10,10,10
"agent ForwardAgent #147",ForwardAgent,0.49,0,0.69,100,0,2,0,2,10,100,12,0,0,100,0,0,100,15,0,1048,12,23,2,49,10,10
"agent ForwardAgent #148",ForwardAgent,0.8,0,0.69,100,0,4,0,4,18,100,22,0,0,100,0,0,100,20,0,1444,20,23,3,80,10,10
"agent ForwardAgent #149",ForwardAgent,0.08,0,0.69,100,0,0,0,0,4,100,0,0,0,100,0,0,100,4,0,359,0,9,0,8,10,10
"agent ForwardAgent #150",ForwardAgent,0.1,0,0.69,100,0,0,0,0,4,100,4,0,0,100,0,0,100,2,0,511,0,11,1,10,10,10
"agent ForwardAgent #151",ForwardAgent,0.25,0,0.69,100,0,1,0,1,4,100,6,0,0,100,0,0,100,9,0,711,6,18,2,25,10,10
"agent ForwardAgent #152",ForwardAgent,0.8,0,0.69,100,0,4,0,4,18,100,22,0,0,100,0,0,100,20,0,1362,20,23,3,80,10,10
"agent ForwardAgent #153",ForwardAgent,0.08,0,0.69,100,0,0,0,0,4,100,0,0,0,100,0,0,100,4,0,351,0,9,0,8,10,10
"agent ForwardAgent #154",ForwardAgent,0.1,0,0.69,100,0,0,0,0,4,100,4,0,0,100,0,0,100,2,0,500,0,11,1,10,10,10
"agent ForwardAgent #155",ForwardAgent,0.65,0,0.69,100,0,3,0,3,14,100,16,0,0,100,0,0,100,19,0,1084,16,23,2,65,10,10
"agent ForwardAgent #156",ForwardAgent,0.04,0,0.69,100,0,0,0,0,0,100,2,0,0,100,0,0,100,0,0,136,2,5,3,4,10,10
"agent ForwardAgent #157",ForwardAgent,0.08,0,0.69,100,0,0,0,0,4,100,0,0,0,100,0,0,100,4,0,343,0,9,0,8,10,10
"agent ForwardAgent #158",ForwardAgent,0.34,0,0.69,100,0,1,0,1,10,100,10,0,0,100,0,0,100,8,0,1012,6,23,1,34,10,10
"agent ForwardAgent #159",ForwardAgent,0.19,0,0.69,100,0,1,0,1,4,100,3,0,0,100,0,0,100,6,0,431,6,15,2,19,10,10
"agent ForwardAgent #160",ForwardAgent,0.2,0,0.69,100,0,1,0,1,4,100,6,0,0,100,0,0,100,4,0,583,6,13,3,20,10,10
"agent ForwardAgent #161",ForwardAgent,0.08,0,0.69,100,0,0,0,0,4,100,0,0,0,100,0,0,100,4,0,335,0,9,0,8,10,10
"agent ForwardAgent #162",ForwardAgent,0.1,0,0.69,100,0,0,0,0,4,100,4,0,0,100,0,0,100,2,0,478,0,11,1,10,10,10
"agent ForwardAgent #163",ForwardAgent,0.35,0,0.69,100,0,2,0,2,8,100,7,0,0,100,0,0,100,10,0,678,10,23,2,35,10,10
"agent ForwardAgent #164",ForwardAgent,1.0,0,0.69,100,0,5,0,5,24,100,26,0,0,100,0,0,100,24,0,1264,26,23,3,100,10,10
"agent ForwardAgent #165",ForwardAgent,0.08,0,0.69,100,0,0,0,0,4,100,0,0,0,100,0,0,100,4,0,327,0,9,0,8,10,10
"agent ForwardAgent #166",ForwardAgent,0.1,0,0.69,100,0,0,0,0,4,100,4,0,0,100,0,0,100,2,0,466,0,11,1,10,10,10
"agent ForwardAgent #167",ForwardAgent,0.09,0,0.69,100,0,0,0,0,0,100,2,0,0,100,0,0,100,5,0,301,2,10,2,9,10,10
"agent ForwardAgent #168",ForwardAgent,0.4,0,0.69,100,0,2,0,2,8,100,12,0,0,100,0,0,100,10,0,994,10,23,3,40,10,10
"agent ForwardAgent #169",ForwardAgent,0.08,0,0.69,100,0,0,0,0,4,100,0,0,0,100,0,0,100,4,0,319,0,9,0,8,10,10
"agent ForwardAgent #170",ForwardAgent,0.1,0,0.69,100,0,0,0,0,4,100,4,0,0,100,0,0,100,2,0,454,0,11,1,10,10,10
"agent ForwardAgent #171",ForwardAgent,0.09,0,0.69,100,0,0,0,0,0,100,2,0,0,100,0,0,100,5,0,291,2,10,2,9,10,10
"agent ForwardAgent #172",ForwardAgent,0.04,0,0.69,100,0,0,0,0,0,100,2,0,0,100,0,0,100,0,0,125,2,5,3,4,10,10
"agent ForwardAgent #173",ForwardAgent,0.08,0,0.69,100,0,0,0,0,4,100,0,0,0,100,0,0,100,4,0,311,0,9,0,8,10,10
"agent ForwardAgent #174",ForwardAgent,0.1,0,0.69,100,0,0,0,0,4,100,4,0,0,100,0,0,100,2,0,442,0,11,1,10,10,10
"agent ForwardAgent #175",ForwardAgent,0.09,0,0.69,100,0,0,0,0,0,100,2,0,0,100,0,0,100,5,0,282,2,10,2,9,10,10
"agent ForwardAgent #176",ForwardAgent,0.4,0,0.69,100,0,2,0,2,8,100,12,0,0,100,0,0,100,10,0,951,10,23,3,40,10,10
"agent ForwardAgent #177",ForwardAgent,0.08,0,0.69,100,0,0,0,0,4,100,0,0,0,100,0,0,100,4,0,303,0,9,0,8,10,10
"agent ForwardAgent #178",ForwardAgent,0.74,0,0.69,100,0,3,0,3,20,100,20,0,0,100,0,0,100,18,0,1304,16,23,1,74,10,10
"agent ForwardAgent #179",ForwardAgent,0.19,0,0.69,100,0,1,0,1,4,100,3,0,0,100,0,0,100,6,0,388,6,15,2,19,10,10
"agent ForwardAgent #180",ForwardAgent,0.2,0,0.69,100,0,1,0,1,4,100,6,0,0,100,0,0,100,4,0,526,6,13,3,20,10,10
"agent ForwardAgent #181",ForwardAgent,0.08,0,0.69,100,0,0,0,0,4,100,0,0,0,100,0,0,100,4,0,295,0,9,0,8,10,10
"agent ForwardAgent #182",ForwardAgent,0.1,0,0.69,100,0,0,0,0,4,100,4,0,0,100,0,0,100,2,0,419,0,11,1,10,10,10
"agent ForwardAgent #183",ForwardAgent,0.09,0,0.69,100,0,0,0,0,0,100,2,0,0,100,0,0,100,5,0,271,2,10,2,9,10,10
"agent ForwardAgent #184",ForwardAgent,0.04,0,0.69,100,0,0,0,0,0,100,2,0,0,100,0,0,100,0,0,117,2,5,3,4,10,10
"agent ForwardAgent #185",ForwardAgent,0.08,0,0.69,100,0,0,0,0,4,100,0,0,0,100,0,0,100,4,0,287,0,9,0,8,10,10
"agent ForwardAgent #186",ForwardAgent,0.1,0,0.69,100,0,0,0,0,4,100,4,0,0,100,0,0,100,2,0,407,0,11,1,10,10,10
"agent ForwardAgent #187",ForwardAgent,0.09,0,0.69,100,0,0,0,0,0,100,2,0,0,100,0,0,100,5,0,262,2,10,2,9,10,10
"agent ForwardAgent #188",ForwardAgent,0.4,0,0.69,100,0,2,0,2,8,100,12,0,0,100,0,0,100,10,0,902,10,23,3,40,10,10
"agent ForwardAgent #189",ForwardAgent,0.08,0,0.69,100,0,0,0,0,4,100,0,0,0,100,0,0,100,4,0,279,0,9,0,8,10,10
"agent ForwardAgent #190",ForwardAgent,0.1,0,0.69,100,0,0,0,0,4,100,4,0,0,100,0,0,100,2,0,395,0,11,1,10,10,10
"agent ForwardAgent #191",ForwardAgent,0.09,0,0.69,100,0,0,0,0,0,100,2,0,0,100,0,0,100,5,0,252,2,10,2,9,10,10
"agent ForwardAgent #192",ForwardAgent,0.4,0,0.69,100,0,2,0,2,8,100,12,0,0,100,0,0,100,10,0,861,10,23,3,40,10,10
"agent ForwardAgent #193",ForwardAgent,0.08,0,0.69,100,0,0,0,0,4,100,0,0,0,100,0,0,100,4,0,271,0,9,0,8,10,10
"agent ForwardAgent #194",ForwardAgent,0.1,0,0.69,100,0,0,0,0,4,100,4,0,0,100,0,0,100,2,0,383,0,11,1,10,10,10
"agent ForwardAgent #195",ForwardAgent,0.49,0,0.69,100,0,2,0,2,10,100,12,0,0,100,0,0,100,15,0,842,12,23,2,49,10,10
"agent ForwardAgent #196",ForwardAgent,0.24,0,0.69,100,0,1,0,1,4,100,8,0,0,100,0,0,100,6,0,548,6,15,3,24,10,10
"agent ForwardAgent #197",ForwardAgent,0.08,0,0.69,100,0,0,0,0,4,100,0,0,0,100,0,0,100,4,0,263,0,9,0,8,10,10
"agent ForwardAgent #198",ForwardAgent,0.1,0,0.69,100,0,0,0,0,4,100,4,0,0,100,0,0,100,2,0,372,0,11,1,10,10,10
"agent ForwardAgent #199",ForwardAgent,0.25,0,0.69,100,0,1,0,1,4,100,6,0,0,100,0,0,100,9,0,557,6,18,2,25,10,10
"agent ForwardAgent #200",ForwardAgent,0.44,0,0.69,100,0,2,0,2,10,100,12,0,0,100,0,0,100,10,0,756,12,23,3,44,10,10
"agent RandomAgent #201",RandomAgent,1.78,0,0.69,100,0,12,0,86,61,100,28,0,0,100,0,0,100,32,0,1054,57,9,0,178,10,10
"agent RandomAgent #202",RandomAgent,5.92,0,0.69,100,0,49,0,320,145,100,154,0,0,100,0,0,100,152,0,1647,141,23,1,592,10,10
"agent RandomAgent #203",RandomAgent,0.93,0,0.69,100,0,1,0,44,18,100,26,0,0,100,0,0,100,29,0,713,20,15,2,93,10,10
"agent RandomAgent #204",RandomAgent,0.16,0,0.69,100,0,0,0,5,5,100,3,0,0,100,0,0,100,1,0,197,7,6,3,16,10,10
"agent RandomAgent #205",RandomAgent,0.44,0,0.69,100,0,2,0,24,18,100,4,0,0,100,0,0,100,8,0,408,14,9,0,44,10,10
"agent RandomAgent #206",RandomAgent,0.54,0,0.69,100,0,15,0,36,7,100,23,0,0,100,0,0,100,21,0,619,3,11,1,54,10,10
"agent RandomAgent #207",RandomAgent,0.31,0,0.69,100,0,0,0,10,3,100,10,0,0,100,0,0,100,13,0,302,5,10,2,31,10,10
"agent RandomAgent #208",RandomAgent,3.72,0,0.69,100,0,31,0,196,76,100,110,0,0,100,0,0,100,108,0,1252,78,23,3,372,10,10
"agent RandomAgent #209",RandomAgent,2.28,0,0.69,100,0,23,0,136,65,100,49,0,0,100,0,0,100,53,0,820,61,9,0,228,10,10
"agent RandomAgent #210",RandomAgent,0.32,0,0.69,100,0,4,0,16,7,100,12,0,0,100,0,0,100,10,0,375,3,11,1,32,10,10
"agent RandomAgent #211",RandomAgent,0.37,0,0.69,100,0,0,0,18,3,100,13,0,0,100,0,0,100,16,0,320,5,10,2,37,10,10
"agent RandomAgent #212",RandomAgent,0.04,0,0.69,100,0,0,0,0,0,100,2,0,0,100,0,0,100,0,0,43,2,5,3,4,10,10
"agent RandomAgent #213",RandomAgent,0.28,0,0.69,100,0,2,0,14,9,100,5,0,0,100,0,0,100,9,0,294,5,9,0,28,10,10
"agent RandomAgent #214",RandomAgent,1.14,0,0.69,100,0,20,0,65,20,100,40,0,0,100,0,0,100,38,0,933,16,12,1,114,10,10
"agent RandomAgent #215",RandomAgent,0.45,0,0.69,100,0,0,0,26,9,100,11,0,0,100,0,0,100,14,0,375,11,10,2,45,10,10
"agent RandomAgent #216",RandomAgent,0.14,0,0.69,100,0,0,0,7,5,100,2,0,0,100,0,0,100,0,0,133,7,7,3,14,10,10
"agent RandomAgent #217",RandomAgent,0.22,0,0.69,100,0,5,0,14,5,100,6,0,0,100,0,0,100,10,0,250,1,9,0,22,10,10
"agent RandomAgent #218",RandomAgent,4.0,0,0.69,100,0,58,0,227,79,100,124,0,0,100,0,0,100,122,0,1172,75,23,1,400,10,10
"agent RandomAgent #219",RandomAgent,0.45,0,0.69,100,0,0,0,22,2,100,18,0,0,100,0,0,100,21,0,426,4,12,2,45,10,10
"agent RandomAgent #220",RandomAgent,0.82,0,0.69,100,0,0,0,43,11,100,30,0,0,100,0,0,100,28,0,563,13,17,3,82,10,10
"agent RandomAgent #221",RandomAgent,0.84,0,0.69,100,0,9,0,40,21,100,21,0,0,100,0,0,100,25,0,634,17,9,0,84,10,10
"agent RandomAgent #222",RandomAgent,0.56,0,0.69,100,0,2,0,32,16,100,15,0,0,100,0,0,100,13,0,483,12,12,1,56,10,10
"agent RandomAgent #223",RandomAgent,1.33,0,0.69,100,0,7,0,66,22,100,42,0,0,100,0,0,100,45,0,899,24,15,2,133,10,10
"agent RandomAgent #224",RandomAgent,1.34,0,0.69,100,0,0,0,63,13,100,54,0,0,100,0,0,100,52,0,673,15,18,3,134,10,10
"agent RandomAgent #225",RandomAgent,1.4,0,0.69,100,0,14,0,72,37,100,33,0,0,100,0,0,100,37,0,689,33,9,0,140,10,10
"agent RandomAgent #226",RandomAgent,0.82,0,0.69,100,0,3,0,38,25,100,19,0,0,100,0,0,100,17,0,687,21,11,1,82,10,10
"agent RandomAgent #227",RandomAgent,0.49,0,0.69,100,0,3,0,25,15,100,7,0,0,100,0,0,100,10,0,349,17,15,2,49,10,10
"agent RandomAgent #228",RandomAgent,3.56,0,0.69,100,0,16,0,183,103,100,75,0,0,100,0,0,100,73,0,1127,105,15,3,356,10,10
"agent RandomAgent #229",RandomAgent,0.18,0,0.69,100,0,0,0,8,8,100,1,0,0,100,0,0,100,5,0,169,4,9,0,18,10,10
"agent RandomAgent #230",RandomAgent,1.68,0,0.69,100,0,19,0,91,32,100,55,0,0,100,0,0,100,53,0,818,28,12,1,168,10,10
"agent RandomAgent #231",RandomAgent,0.47,0,0.69,100,0,0,0,26,0,100,21,0,0,100,0,0,100,24,0,327,2,10,2,47,10,10
"agent RandomAgent #232",RandomAgent,0.04,0,0.69,100,0,0,0,0,0,100,2,0,0,100,0,0,100,0,0,33,2,5,3,4,10,10
"agent RandomAgent #233",RandomAgent,0.32,0,0.69,100,0,3,0,14,10,100,6,0,0,100,0,0,100,10,0,248,6,9,0,32,10,10
"agent RandomAgent #234",RandomAgent,6.96,0,0.69,100,0,31,0,367,215,100,136,0,0,100,0,0,100,134,0,1176,211,23,1,696,10,10
"agent RandomAgent #235",RandomAgent,0.67,0,0.69,100,0,0,0,36,4,100,27,0,0,100,0,0,100,30,0,368,6,10,2,67,10,10
"agent RandomAgent #236",RandomAgent,1.04,0,0.69,100,0,1,0,50,19,100,33,0,0,100,0,0,100,31,0,502,21,16,3,104,10,10
"agent RandomAgent #237",RandomAgent,1.56,0,0.69,100,0,21,0,90,35,100,43,0,0,100,0,0,100,47,0,657,31,9,0,156,10,10
"agent RandomAgent #238",RandomAgent,0.42,0,0.69,100,0,5,0,16,10,100,14,0,0,100,0,0,100,12,0,343,6,11,1,42,10,10
"agent RandomAgent #239",RandomAgent,4.05,0,0.69,100,0,31,0,206,116,100,84,0,0,100,0,0,100,87,0,955,118,18,2,405,10,10
"agent RandomAgent #240",RandomAgent,2.4,0,0.69,100,0,18,0,118,71,100,49,0,0,100,0,0,100,47,0,830,73,16,3,240,10,10
"agent RandomAgent #241",RandomAgent,0.52,0,0.69,100,0,6,0,28,12,100,14,0,0,100,0,0,100,18,0,352,8,9,0,52,10,10
"agent RandomAgent #242",RandomAgent,0.7,0,0.69,100,0,4,0,23,20,100,18,0,0,100,0,0,100,16,0,481,16,13,1,70,10,10
"agent RandomAgent #243",RandomAgent,1.93,0,0.69,100,0,5,0,101,36,100,58,0,0,100,0,0,100,61,0,613,38,15,2,193,10,10
"agent RandomAgent #244",RandomAgent,0.6,0,0.69,100,0,0,0,31,21,100,9,0,0,100,0,0,100,7,0,354,23,12,3,60,10,10
"agent RandomAgent #245",RandomAgent,0.66,0,0.69,100,0,5,0,40,23,100,10,0,0,100,0,0,100,14,0,309,19,9,0,66,10,10
"agent RandomAgent #246",RandomAgent,0.22,0,0.69,100,0,1,0,12,5,100,9,0,0,100,0,0,100,7,0,173,1,11,1,22,10,10
"agent RandomAgent #247",RandomAgent,1.03,0,0.69,100,0,6,0,55,25,100,24,0,0,100,0,0,100,27,0,358,27,16,2,103,10,10
"agent RandomAgent #248",RandomAgent,0.8,0,0.69,100,0,1,0,30,22,100,18,0,0,100,0,0,100,16,0,351,24,17,3,80,10,10
"agent RandomAgent #249",RandomAgent,1.1,0,0.69,100,0,24,0,72,15,100,40,0,0,100,0,0,100,44,0,367,11,9,0,110,10,10
"agent RandomAgent #250",RandomAgent,0.44,0,0.69,100,0,1,0,20,14,100,11,0,0,100,0,0,100,9,0,319,10,11,1,44,10,10
"agent RandomAgent #251",RandomAgent,2.23,0,0.69,100,0,11,0,115,69,100,40,0,0,100,0,0,100,43,0,497,71,23,2,223,10,10
"agent RandomAgent #252",RandomAgent,0.04,0,0.69,100,0,0,0,0,0,100,2,0,0,100,0,0,100,0,0,22,2,5,3,4,10,10
"agent RandomAgent #253",RandomAgent,0.52,0,0.69,100,0,4,0,22,17,100,9,0,0,100,0,0,100,13,0,271,13,9,0,52,10,10
"agent RandomAgent #254",RandomAgent,0.72,0,0.69,100,0,7,0,36,14,100,25,0,0,100,0,0,100,23,0,415,10,11,1,72,10,10
"agent RandomAgent #255",RandomAgent,2.19,0,0.69,100,0,22,0,117,47,100,60,0,0,100,0,0,100,63,0,416,49,23,2,219,10,10
"agent RandomAgent #256",RandomAgent,2.38,0,0.69,100,0,2,0,115,39,100,80,0,0,100,0,0,100,78,0,506,41,19,3,238,10,10
"agent RandomAgent #257",RandomAgent,0.36,0,0.69,100,0,0,0,16,15,100,3,0,0,100,0,0,100,7,0,177,11,9,0,36,10,10
"agent RandomAgent #258",RandomAgent,1.76,0,0.69,100,0,17,0,86,34,100,57,0,0,100,0,0,100,55,0,608,30,23,1,176,10,10
"agent RandomAgent #259",RandomAgent,1.47,0,0.69,100,0,8,0,84,23,100,48,0,0,100,0,0,100,51,0,384,25,20,2,147,10,10
"agent RandomAgent #260",RandomAgent,0.5,0,0.69,100,0,0,0,31,10,100,15,0,0,100,0,0,100,13,0,210,12,10,3,50,10,10
"agent RandomAgent #261",RandomAgent,0.42,0,0.69,100,0,9,0,26,7,100,14,0,0,100,0,0,100,18,0,163,3,9,0,42,10,10
"agent RandomAgent #262",RandomAgent,0.7,0,0.69,100,0,12,0,33,11,100,27,0,0,100,0,0,100,25,0,275,7,13,1,70,10,10
"agent RandomAgent #263",RandomAgent,1.81,0,0.69,100,0,6,0,80,38,100,50,0,0,100,0,0,100,53,0,361,40,23,2,181,10,10
"agent RandomAgent #264",RandomAgent,2.32,0,0.69,100,0,17,0,122,75,100,41,0,0,100,0,0,100,39,0,412,77,21,3,232,10,10
"agent RandomAgent #265",RandomAgent,0.26,0,0.69,100,0,1,0,12,10,100,3,0,0,100,0,0,100,7,0,104,6,9,0,26,10,10
"agent RandomAgent #266",RandomAgent,1.72,0,0.69,100,0,20,0,93,25,100,64,0,0,100,0,0,100,62,0,372,21,17,1,172,10,10
"agent RandomAgent #267",RandomAgent,2.73,0,0.69,100,0,35,0,168,82,100,52,0,0,100,0,0,100,55,0,333,84,15,2,273,10,10
"agent RandomAgent #268",RandomAgent,1.06,0,0.69,100,0,2,0,56,30,100,23,0,0,100,0,0,100,21,0,276,32,16,3,106,10,10
"agent RandomAgent #269",RandomAgent,0.44,0,0.69,100,0,6,0,22,14,100,8,0,0,100,0,0,100,12,0,154,10,9,0,44,10,10
"agent RandomAgent #270",RandomAgent,0.3,0,0.69,100,0,2,0,13,9,100,9,0,0,100,0,0,100,7,0,111,5,12,1,30,10,10
"agent RandomAgent #271",RandomAgent,0.37,0,0.69,100,0,0,0,16,6,100,10,0,0,100,0,0,100,13,0,94,8,16,2,37,10,10
"agent RandomAgent #272",RandomAgent,0.18,0,0.69,100,0,0,0,9,1,100,8,0,0,100,0,0,100,6,0,63,3,8,3,18,10,10
"agent RandomAgent #273",RandomAgent,0.2,0,0.69,100,0,0,0,10,10,100,0,0,0,100,0,0,100,4,0,60,6,9,0,20,10,10
"agent RandomAgent #274",RandomAgent,0.72,0,0.69,100,0,0,0,35,21,100,18,0,0,100,0,0,100,16,0,160,17,12,1,72,10,10
"agent RandomAgent #275",RandomAgent,0.17,0,0.69,100,0,0,0,4,2,100,4,0,0,100,0,0,100,7,0,34,4,11,2,17,10,10
"agent RandomAgent #276",RandomAgent,0.34,0,0.69,100,0,0,0,12,8,100,9,0,0,100,0,0,100,7,0,78,10,11,3,34,10,10
"agent RandomAgent #277",RandomAgent,1.22,0,0.69,100,0,11,0,62,40,100,21,0,0,100,0,0,100,25,0,251,36,9,0,122,10,10
"agent RandomAgent #278",RandomAgent,1.46,0,0.69,100,0,16,0,78,30,100,46,0,0,100,0,0,100,44,0,299,26,11,1,146,10,10
"agent RandomAgent #279",RandomAgent,1.39,0,0.69,100,0,10,0,75,40,100,27,0,0,100,0,0,100,30,0,131,42,15,2,139,10,10
"agent RandomAgent #280",RandomAgent,7.96,0,0.69,100,0,67,0,445,255,100,143,0,0,100,0,0,100,141,0,170,257,17,3,796,10,10
"agent RandomAgent #281",RandomAgent,1.46,0,0.69,100,0,18,0,82,37,100,36,0,0,100,0,0,100,40,0,193,33,9,0,146,10,10
"agent RandomAgent #282",RandomAgent,3.26,0,0.69,100,0,28,0,178,73,100,93,0,0,100,0,0,100,91,0,231,69,12,1,326,10,10
"agent RandomAgent #283",RandomAgent,0.67,0,0.69,100,0,0,0,34,6,100,25,0,0,100,0,0,100,28,0,97,8,12,2,67,10,10
"agent RandomAgent #284",RandomAgent,0.44,0,0.69,100,0,0,0,23,14,100,8,0,0,100,0,0,100,6,0,68,16,9,3,44,10,10
"agent RandomAgent #285",RandomAgent,0.36,0,0.69,100,0,4,0,18,11,100,7,0,0,100,0,0,100,11,0,42,7,9,0,36,10,10
"agent RandomAgent #286",RandomAgent,0.52,0,0.69,100,0,4,0,27,13,100,16,0,0,100,0,0,100,14,0,71,9,12,1,52,10,10
"agent RandomAgent #287",RandomAgent,1.79,0,0.69,100,0,20,0,97,69,100,18,0,0,100,0,0,100,21,0,59,71,16,2,179,10,10
"agent RandomAgent #288",RandomAgent,0.1,0,0.69,100,0,0,0,2,2,100,3,0,0,100,0,0,100,1,0,9,4,5,3,10,10,10
"agent RandomAgent #289",RandomAgent,1.22,0,0.69,100,0,18,0,76,25,100,36,0,0,100,0,0,100,40,0,85,21,9,0,122,10,10
"agent RandomAgent #290",RandomAgent,0.62,0,0.69,100,0,0,0,26,12,100,22,0,0,100,0,0,100,20,0,72,8,18,1,62,10,10
"agent RandomAgent #291",RandomAgent,0.89,0,0.69,100,0,0,0,46,12,100,30,0,0,100,0,0,100,33,0,90,14,15,2,89,10,10
"agent RandomAgent #292",RandomAgent,1.04,0,0.69,100,0,9,0,51,29,100,23,0,0,100,0,0,100,21,0,46,31,18,3,104,10,10
"agent RandomAgent #293",RandomAgent,0.1,0,0.69,100,0,0,0,2,5,100,0,0,0,100,0,0,100,4,0,6,1,9,0,10,10,10
"agent RandomAgent #294",RandomAgent,1.32,0,0.69,100,0,20,0,66,23,100,46,0,0,100,0,0,100,44,0,70,19,11,1,132,10,10
"agent RandomAgent #295",RandomAgent,0.99,0,0.69,100,0,0,0,47,7,100,40,0,0,100,0,0,100,43,0,46,9,16,2,99,10,10
"agent RandomAgent #296",RandomAgent,0.56,0,0.69,100,0,0,0,34,17,100,11,0,0,100,0,0,100,9,0,18,19,11,3,56,10,10
"agent RandomAgent #297",RandomAgent,1.5,0,0.69,100,0,12,0,86,38,100,37,0,0,100,0,0,100,41,0,0,34,9,0,150,10,10
"agent RandomAgent #298",RandomAgent,0.8,0,0.69,100,0,13,0,44,15,100,28,0,0,100,0,0,100,26,0,0,11,11,1,80,10,10
"agent RandomAgent #299",RandomAgent,0.39,0,0.69,100,0,0,0,19,1,100,16,0,0,100,0,0,100,19,0,2,3,11,2,39,10,10
"agent RandomAgent #300",RandomAgent,2.46,0,0.69,100,0,13,0,118,49,100,74,0,0,100,0,0,100,72,0,0,51,23,3,246,10,10
"agent NegotiatingAgent #301",NegotiatingAgent,0.08,0,0.69,100,8,0,0,0,4,100,0,16,17,100,0,0,100,4,0,151,0,9,0,8,10,10
"agent NegotiatingAgent #302",NegotiatingAgent,0.1,0,0.69,100,10,0,0,0,4,100,4,20,21,100,0,0,100,2,0,193,0,11,1,10,10,10
"agent NegotiatingAgent #303",NegotiatingAgent,0.19,10,0.69,100,19,1,0,1,4,100,3,38,39,100,0,0,100,6,0,282,6,15,2,19,10,10
"agent NegotiatingAgent #304",NegotiatingAgent,0.4,0,0.69,100,34,2,0,2,8,100,12,69,71,100,0,0,100,10,0,602,10,23,3,40,10,10
"agent NegotiatingAgent #305",NegotiatingAgent,0.08,0,0.69,100,3,0,0,0,4,100,0,9,9,100,0,1,100,4,0,165,0,9,0,8,10,10
"agent NegotiatingAgent #306",NegotiatingAgent,0.34,15,0.69,100,28,1,0,1,10,100,10,61,61,100,0,1,100,8,0,429,6,23,1,34,10,10
"agent NegotiatingAgent #307",NegotiatingAgent,0.35,35,0.69,100,29,2,0,2,8,100,7,67,67,100,0,1,100,10,0,386,10,23,2,35,10,10
"agent NegotiatingAgent #308",NegotiatingAgent,0.04,0,0.69,100,3,0,0,0,0,100,2,6,7,100,0,0,100,0,0,99,2,5,3,4,10,10
"agent NegotiatingAgent #309",NegotiatingAgent,0.08,0,0.69,100,6,0,0,0,4,100,0,14,15,100,0,0,100,4,0,157,0,9,0,8,10,10
"agent NegotiatingAgent #310",NegotiatingAgent,0.1,0,0.69,100,4,0,0,0,4,100,4,13,12,100,0,2,100,2,0,240,0,11,1,10,10,10
"agent NegotiatingAgent #311",NegotiatingAgent,0.25,15,0.69,100,22,1,0,1,4,100,6,46,47,100,0,0,100,9,0,384,6,18,2,25,10,10
"agent NegotiatingAgent #312",NegotiatingAgent,0.2,0,0.69,100,14,1,0,1,4,100,6,33,33,100,0,1,100,4,0,318,6,13,3,20,10,10
"agent NegotiatingAgent #313",NegotiatingAgent,0.08,0,0.69,100,2,0,0,0,4,100,0,6,7,100,0,0,100,4,0,214,0,9,0,8,10,10
"agent NegotiatingAgent #314",NegotiatingAgent,0.1,0,0.69,100,5,0,0,0,4,100,4,13,14,100,0,0,100,2,0,190,0,11,1,10,10,10
"agent NegotiatingAgent #315",NegotiatingAgent,0.35,35,0.69,100,28,2,0,2,8,100,7,67,68,100,0,0,100,10,0,346,10,23,2,35,10,10
"agent NegotiatingAgent #316",NegotiatingAgent,0.24,0,0.69,100,7,1,0,1,4,100,8,26,26,100,0,1,100,6,0,384,6,15,3,24,10,10
"agent NegotiatingAgent #317",NegotiatingAgent,0.08,0,0.69,100,0,0,0,0,4,100,0,7,6,100,0,1,100,4,0,206,0,9,0,8,10,10
"agent NegotiatingAgent #318",NegotiatingAgent,0.1,0,0.69,100,4,0,0,0,4,100,4,9,10,100,0,0,100,2,0,261,0,11,1,10,10,10
"agent NegotiatingAgent #319",NegotiatingAgent,0.19,0,0.69,100,0,1,0,1,4,100,3,18,13,100,0,5,100,6,0,303,6,15,2,19,10,10
"agent NegotiatingAgent #320",NegotiatingAgent,0.2,0,0.69,100,8,1,0,1,4,100,6,23,24,100,0,0,100,4,0,360,6,13,3,20,10,10
"agent NegotiatingAgent #321",NegotiatingAgent,0.08,0,0.69,100,0,0,0,0,4,100,0,7,6,100,0,1,100,4,0,198,0,9,0,8,10,10
"agent NegotiatingAgent #322",NegotiatingAgent,0.1,0,0.69,100,0,0,0,0,4,100,4,9,8,100,0,1,100,2,0,281,0,11,1,10,10,10
"agent NegotiatingAgent #323",NegotiatingAgent,0.19,0,0.69,100,10,1,0,1,4,100,3,26,27,100,0,0,100,6,0,293,6,15,2,19,10,10
"agent NegotiatingAgent #324",NegotiatingAgent,0.2,0,0.69,100,4,1,0,1,4,100,6,23,22,100,0,2,100,4,0,390,6,13,3,20,10,10
"agent NegotiatingAgent #325",NegotiatingAgent,0.08,0,0.69,100,0,0,0,0,4,100,0,7,6,100,0,1,100,4,0,190,0,9,0,8,10,10
"agent NegotiatingAgent #326",NegotiatingAgent,0.34,5,0.69,100,15,1,0,1,10,100,10,46,49,100,0,1,100,8,0,668,6,23,1,34,10,10
"agent NegotiatingAgent #327",NegotiatingAgent,0.25,0,0.69,100,17,1,0,1,4,100,6,45,46,100,0,1,100,9,0,434,6,18,2,25,10,10
"agent NegotiatingAgent #328",NegotiatingAgent,0.24,0,0.69,100,0,1,0,1,4,100,8,22,19,100,0,3,100,6,0,474,6,15,3,24,10,10
"agent NegotiatingAgent #329",NegotiatingAgent,0.08,0,0.69,100,0,0,0,0,4,100,0,7,7,100,0,0,100,4,0,182,0,9,0,8,10,10
"agent NegotiatingAgent #330",NegotiatingAgent,0.34,0,0.69,100,0,1,0,1,10,100,10,33,28,100,0,5,100,8,0,720,6,23,1,34,10,10
"agent NegotiatingAgent #331",NegotiatingAgent,0.35,15,0.69,100,3,2,0,2,8,100,7,38,36,100,1,2,100,10,0,547,10,23,2,35,10,10
"agent NegotiatingAgent #332",NegotiatingAgent,0.24,0,0.69,100,14,1,0,1,4,100,8,38,39,100,0,0,100,6,0,369,6,15,3,24,10,10
"agent NegotiatingAgent #333",NegotiatingAgent,0.08,0,0.69,100,0,0,0,0,4,100,0,7,5,100,0,2,100,4,0,174,0,9,0,8,10,10
"agent NegotiatingAgent #334",NegotiatingAgent,0.34,0,0.69,100,0,1,0,1,10,100,10,33,28,100,0,5,100,8,0,677,6,23,1,34,10,10
"agent NegotiatingAgent #335",NegotiatingAgent,0.35,0,0.69,100,0,2,0,2,8,100,7,34,27,100,0,7,100,10,0,525,10,23,2,35,10,10
"agent NegotiatingAgent #336",NegotiatingAgent,0.04,0,0.69,100,0,0,0,0,0,100,2,2,2,100,0,0,100,0,0,65,2,5,3,4,10,10
"agent NegotiatingAgent #337",NegotiatingAgent,0.08,0,0.69,100,3,0,0,0,4,100,0,8,9,100,0,0,100,4,0,187,0,9,0,8,10,10
"agent NegotiatingAgent #338",NegotiatingAgent,0.34,0,0.69,100,17,1,0,1,10,100,10,49,50,100,0,0,100,8,0,485,6,23,1,34,10,10
"agent NegotiatingAgent #339",NegotiatingAgent,0.25,0,0.69,100,8,1,0,1,4,100,6,31,31,100,0,1,100,9,0,456,6,18,2,25,10,10
"agent NegotiatingAgent #340",NegotiatingAgent,0.24,0,0.69,100,0,1,0,1,4,100,8,22,20,100,0,2,100,6,0,433,6,15,3,24,10,10
"agent NegotiatingAgent #341",NegotiatingAgent,0.08,0,0.69,100,0,0,0,0,4,100,0,7,7,100,0,0,100,4,0,162,0,9,0,8,10,10
"agent NegotiatingAgent #342",NegotiatingAgent,0.34,0,0.69,100,0,1,0,1,10,100,10,33,30,100,0,3,100,8,0,630,6,23,1,34,10,10
"agent NegotiatingAgent #343",NegotiatingAgent,0.25,0,0.69,100,0,1,0,1,4,100,6,23,21,100,0,2,100,9,0,540,6,18,2,25,10,10
"agent NegotiatingAgent #344",NegotiatingAgent,0.2,0,0.69,100,0,1,0,1,4,100,6,18,17,100,0,1,100,4,0,276,6,13,3,20,10,10
"agent NegotiatingAgent #345",NegotiatingAgent,0.08,0,0.69,100,0,0,0,0,4,100,0,7,6,100,0,1,100,4,0,154,0,9,0,8,10,10
"agent NegotiatingAgent #346",NegotiatingAgent,0.34,0,0.69,100,0,1,0,1,10,100,10,33,31,100,0,2,100,8,0,593,6,23,1,34,10,10
"agent NegotiatingAgent #347",NegotiatingAgent,0.35,0,0.69,100,0,2,0,2,8,100,7,34,30,100,0,4,100,10,0,470,10,23,2,35,10,10
"agent NegotiatingAgent #348",NegotiatingAgent,0.2,0,0.69,100,6,1,0,1,4,100,6,21,22,100,0,0,100,4,0,259,6,13,3,20,10,10
"agent NegotiatingAgent #349",NegotiatingAgent,0.08,0,0.69,100,0,0,0,0,4,100,0,7,7,100,0,0,100,4,0,146,0,9,0,8,10,10
"agent NegotiatingAgent #350",NegotiatingAgent,0.34,0,0.69,100,0,1,0,1,10,100,10,33,32,100,0,1,100,8,0,556,6,23,1,34,10,10
"agent NegotiatingAgent #351",NegotiatingAgent,0.25,0,0.69,100,0,1,0,1,4,100,6,23,21,100,0,2,100,9,0,505,6,18,2,25,10,10
"agent NegotiatingAgent #352",NegotiatingAgent,0.04,0,0.69,100,0,0,0,0,0,100,2,2,2,100,0,0,100,0,0,54,2,5,3,4,10,10
"agent NegotiatingAgent #353",NegotiatingAgent,0.08,0,0.69,100,0,0,0,0,4,100,0,7,7,100,0,0,100,4,0,138,0,9,0,8,10,10
"agent NegotiatingAgent #354",NegotiatingAgent,0.34,0,0.69,100,0,1,0,1,10,100,10,33,30,100,0,3,100,8,0,521,6,23,1,34,10,10
"agent NegotiatingAgent #355",NegotiatingAgent,0.19,0,0.69,100,0,1,0,1,4,100,3,18,16,100,0,2,100,6,0,206,6,15,2,19,10,10
"agent NegotiatingAgent #356",NegotiatingAgent,0.24,0,0.69,100,0,1,0,1,4,100,8,22,20,100,0,2,100,6,0,390,6,15,3,24,10,10
"agent NegotiatingAgent #357",NegotiatingAgent,0.08,0,0.69,100,0,0,0,0,4,100,0,7,7,100,0,0,100,4,0,130,0,9,0,8,10,10
"agent NegotiatingAgent #358",NegotiatingAgent,0.1,0,0.69,100,0,0,0,0,4,100,4,9,9,100,0,0,100,2,0,192,0,11,1,10,10,10
"agent NegotiatingAgent #359",NegotiatingAgent,0.09,0,0.69,100,0,0,0,0,0,100,2,8,8,100,0,0,100,5,0,190,2,10,2,9,10,10
"agent NegotiatingAgent #360",NegotiatingAgent,0.2,0,0.69,100,0,1,0,1,4,100,6,18,17,100,0,1,100,4,0,230,6,13,3,20,10,10
"agent NegotiatingAgent #361",NegotiatingAgent,0.08,0,0.69,100,0,0,0,0,4,100,0,7,7,100,0,0,100,4,0,122,0,9,0,8,10,10
"agent NegotiatingAgent #362",NegotiatingAgent,0.1,0,0.69,100,0,0,0,0,4,100,4,9,9,100,0,0,100,2,0,178,0,11,1,10,10,10
"agent NegotiatingAgent #363",NegotiatingAgent,0.25,0,0.69,100,0,1,0,1,4,100,6,23,23,100,0,0,100,9,0,464,6,18,2,25,10,10
"agent NegotiatingAgent #364",NegotiatingAgent,0.4,0,0.69,100,0,2,0,2,8,100,12,39,34,100,0,5,100,10,0,500,10,23,3,40,10,10
"agent NegotiatingAgent #365",NegotiatingAgent,0.08,0,0.69,100,0,0,0,0,4,100,0,7,7,100,0,0,100,4,0,114,0,9,0,8,10,10
"agent NegotiatingAgent #366",NegotiatingAgent,0.1,0,0.69,100,0,0,0,0,4,100,4,9,9,100,0,0,100,2,0,167,0,11,1,10,10,10
"agent NegotiatingAgent #367",NegotiatingAgent,0.25,0,0.69,100,0,1,0,1,4,100,6,23,20,100,0,3,100,9,0,436,6,18,2,25,10,10
"agent NegotiatingAgent #368",NegotiatingAgent,0.2,0,0.69,100,0,1,0,1,4,100,6,18,17,100,0,1,100,4,0,203,6,13,3,20,10,10
"agent NegotiatingAgent #369",NegotiatingAgent,0.08,0,0.69,100,0,0,0,0,4,100,0,7,7,100,0,0,100,4,0,106,0,9,0,8,10,10
"agent NegotiatingAgent #370",NegotiatingAgent,0.1,0,0.69,100,0,0,0,0,4,100,4,9,9,100,0,0,100,2,0,154,0,11,1,10,10,10
"agent NegotiatingAgent #371",NegotiatingAgent,0.25,0,0.69,100,0,1,0,1,4,100,6,23,20,100,0,3,100,9,0,409,6,18,2,25,10,10
"agent NegotiatingAgent #372",NegotiatingAgent,0.2,0,0.69,100,0,1,0,1,4,100,6,18,18,100,0,0,100,4,0,180,6,13,3,20,10,10
"agent NegotiatingAgent #373",NegotiatingAgent,0.08,0,0.69,100,0,0,0,0,4,100,0,7,7,100,0,0,100,4,0,98,0,9,0,8,10,10
"agent NegotiatingAgent #374",NegotiatingAgent,0.1,0,0.69,100,0,0,0,0,4,100,4,9,9,100,0,0,100,2,0,141,0,11,1,10,10,10
"agent NegotiatingAgent #375",NegotiatingAgent,0.25,0,0.69,100,0,1,0,1,4,100,6,23,22,100,0,1,100,9,0,382,6,18,2,25,10,10
"agent NegotiatingAgent #376",NegotiatingAgent,0.4,0,0.69,100,0,2,0,2,8,100,12,39,36,100,0,3,100,10,0,452,10,23,3,40,10,10
"agent NegotiatingAgent #377",NegotiatingAgent,0.08,0,0.69,100,0,0,0,0,4,100,0,7,7,100,0,0,100,4,0,90,0,9,0,8,10,10
"agent NegotiatingAgent #378",NegotiatingAgent,0.1,0,0.69,100,0,0,0,0,4,100,4,9,9,100,0,0,100,2,0,130,0,11,1,10,10,10
"agent NegotiatingAgent #379",NegotiatingAgent,0.09,0,0.69,100,0,0,0,0,0,100,2,8,8,100,0,0,100,5,0,147,2,10,2,9,10,10
"agent NegotiatingAgent #380",NegotiatingAgent,0.24,0,0.69,100,0,1,0,1,4,100,8,22,21,100,0,1,100,6,0,311,6,15,3,24,10,10
"agent NegotiatingAgent #381",NegotiatingAgent,0.08,0,0.69,100,1,0,0,0,4,100,0,6,7,100,0,0,100,4,0,82,0,9,0,8,10,10
"agent NegotiatingAgent #382",NegotiatingAgent,0.1,0,0.69,100,0,0,0,0,4,100,4,9,8,100,0,1,100,2,0,118,0,11,1,10,10,10
"agent NegotiatingAgent #383",NegotiatingAgent,0.35,0,0.69,100,0,2,0,2,8,100,7,34,29,100,0,5,100,10,0,384,10,23,2,35,10,10
"agent NegotiatingAgent #384",NegotiatingAgent,0.04,0,0.69,100,0,0,0,0,0,100,2,2,2,100,0,0,100,0,0,37,2,5,3,4,10,10
"agent NegotiatingAgent #385",NegotiatingAgent,0.08,0,0.69,100,0,0,0,0,4,100,0,7,7,100,0,0,100,4,0,74,0,9,0,8,10,10
"agent NegotiatingAgent #386",NegotiatingAgent,0.34,0,0.69,100,0,1,0,1,10,100,10,33,30,100,0,3,100,8,0,402,6,23,1,34,10,10
"agent NegotiatingAgent #387",NegotiatingAgent,0.09,0,0.69,100,0,0,0,0,0,100,2,8,8,100,0,0,100,5,0,136,2,10,2,9,10,10
"agent NegotiatingAgent #388",NegotiatingAgent,0.24,0,0.69,100,0,1,0,1,4,100,8,22,19,100,0,3,100,6,0,282,6,15,3,24,10,10
"agent NegotiatingAgent #389",NegotiatingAgent,0.08,0,0.69,100,0,0,0,0,4,100,0,7,7,100,0,0,100,4,0,66,0,9,0,8,10,10
"agent NegotiatingAgent #390",NegotiatingAgent,0.34,0,0.69,100,0,1,0,1,10,100,10,33,29,100,0,4,100,8,0,365,6,23,1,34,10,10
"agent NegotiatingAgent #391",NegotiatingAgent,0.25,0,0.69,100,0,1,0,1,4,100,6,23,23,100,0,0,100,9,0,326,6,18,2,25,10,10
"agent NegotiatingAgent #392",NegotiatingAgent,0.2,0,0.69,100,0,1,0,1,4,100,6,18,18,100,0,0,100,4,0,141,6,13,3,20,10,10
"agent NegotiatingAgent #393",NegotiatingAgent,0.08,0,0.69,100,0,0,0,0,4,100,0,7,7,100,0,0,100,4,0,58,0,9,0,8,10,10
"agent NegotiatingAgent #394",NegotiatingAgent,0.1,0,0.69,100,0,0,0,0,4,100,4,9,9,100,0,0,100,2,0,85,0,11,1,10,10,10
"agent NegotiatingAgent #395",NegotiatingAgent,0.19,0,0.69,100,2,1,0,1,4,100,3,21,21,100,0,1,100,6,0,176,6,15,2,19,10,10
"agent NegotiatingAgent #396",NegotiatingAgent,0.04,0,0.69,100,0,0,0,0,0,100,2,2,2,100,0,0,100,0,0,29,2,5,3,4,10,10
"agent NegotiatingAgent #397",NegotiatingAgent,0.08,0,0.69,100,0,0,0,0,4,100,0,7,7,100,0,0,100,4,0,50,0,9,0,8,10,10
"agent NegotiatingAgent #398",NegotiatingAgent,0.34,0,0.69,100,0,1,0,1,10,100,10,33,31,100,0,2,100,8,0,318,6,23,1,34,10,10
"agent NegotiatingAgent #399",NegotiatingAgent,0.19,0,0.69,100,0,1,0,1,4,100,3,18,17,100,0,1,100,6,0,146,6,15,2,19,10,10
"agent NegotiatingAgent #400",NegotiatingAgent,0.4,0,0.69,100,0,2,0,2,8,100,12,38,36,100,0,3,100,10,0,346,10,23,3,40,10,10
