agentName,agentType,averageSpeed,cumulatedUtilityReceived,freeWallRatio,numBacktrackAgents,numCFPAnswered,numDeadends,numDifferentEncounters,numDirectionChanges,numDownSteps,numForwardAgents,numLeftSteps,numMessagesReceived,numMessagesSent,numNegotiatingAgents,numProposalsAccepted,numProposalsRejected,numRandomAgents,numRightSteps,numSwarmAgents,numTotalEncounters,numUpSteps,numVisitedCells,startingPosition,stepsToExit,xsize,ysize
"agent BacktrackAgent #1",BacktrackAgent,0.12,0,0.69,100,0,0,0,0,4,0,2,0,0,0,0,0,0,6,0,269,0,13,0,12,10,10
"agent BacktrackAgent #2",BacktrackAgent,0.31,0,0.69,100,0,2,0,2,10,0,8,0,0,0,0,0,0,6,0,286,7,19,1,31,10,10
"agent BacktrackAgent #3",BacktrackAgent,0.27,0,0.69,100,0,2,0,2,8,0,3,0,0,0,0,0,0,6,0,159,10,19,2,27,10,10
"agent BacktrackAgent #4",BacktrackAgent,0.32,0,0.69,100,0,2,0,2,8,0,8,0,0,0,0,0,0,6,0,174,10,19,3,32,10,10
"agent BacktrackAgent #5",BacktrackAgent,0.12,0,0.69,100,0,0,0,0,4,0,2,0,0,0,0,0,0,6,0,135,0,13,0,12,10,10
"agent BacktrackAgent #6",BacktrackAgent,0.07,0,0.69,100,0,1,0,1,4,0,2,0,0,0,0,0,0,0,0,52,1,7,1,7,10,10
"agent BacktrackAgent #7",BacktrackAgent,0.27,0,0.69,100,0,2,0,2,8,0,3,0,0,0,0,0,0,6,0,37,10,19,2,27,10,10
"agent BacktrackAgent #8",BacktrackAgent,0.32,0,0.69,100,0,2,0,2,8,0,8,0,0,0,0,0,0,6,0,38,10,19,3,32,10,10
"agent BacktrackAgent #9",BacktrackAgent,0.12,0,0.69,100,0,0,0,0,4,0,2,0,0,0,0,0,0,6,0,0,0,13,0,12,10,10
"agent BacktrackAgent #10",BacktrackAgent,0.31,0,0.69,100,0,2,0,2,10,0,8,0,0,0,0,0,0,6,0,431,7,19,1,31,10,10
"agent BacktrackAgent #11",BacktrackAgent,0.19,0,0.69,100,0,1,0,1,4,0,3,0,0,0,0,0,0,6,0,230,6,15,2,19,10,10
"agent BacktrackAgent #12",BacktrackAgent,0.32,0,0.69,100,0,2,0,2,8,0,8,0,0,0,0,0,0,6,0,323,10,19,3,32,10,10
"agent BacktrackAgent #13",BacktrackAgent,0.12,0,0.69,100,0,0,0,0,4,0,2,0,0,0,0,0,0,6,0,291,0,13,0,12,10,10
"agent BacktrackAgent #14",BacktrackAgent,0.05,0,0.69,100,0,0,0,0,3,0,2,0,0,0,0,0,0,0,0,61,0,6,1,5,10,10
"agent BacktrackAgent #15",BacktrackAgent,0.19,0,0.69,100,0,1,0,1,4,0,3,0,0,0,0,0,0,6,0,210,6,15,2,19,10,10
"agent BacktrackAgent #16",BacktrackAgent,0.12,0,0.69,100,0,1,0,1,4,0,2,0,0,0,0,0,0,0,0,140,6,9,3,12,10,10
"agent BacktrackAgent #17",BacktrackAgent,0.12,0,0.69,100,0,0,0,0,4,0,2,0,0,0,0,0,0,6,0,278,0,13,0,12,10,10
"agent BacktrackAgent #18",BacktrackAgent,0.29,0,0.69,100,0,1,0,1,9,0,8,0,0,0,0,0,0,6,0,148,6,18,1,29,10,10
"agent BacktrackAgent #19",BacktrackAgent,0.27,0,0.69,100,0,2,0,2,8,0,3,0,0,0,0,0,0,6,0,249,10,19,2,27,10,10
"agent BacktrackAgent #20",BacktrackAgent,0.24,0,0.69,100,0,1,0,1,4,0,8,0,0,0,0,0,0,6,0,231,6,15,3,24,10,10
"agent BacktrackAgent #21",BacktrackAgent,0.12,0,0.69,100,0,0,0,0,4,0,2,0,0,0,0,0,0,6,0,255,0,13,0,12,10,10
"agent BacktrackAgent #22",BacktrackAgent,0.31,0,0.69,100,0,2,0,2,10,0,8,0,0,0,0,0,0,6,0,357,7,19,1,31,10,10
"agent BacktrackAgent #23",BacktrackAgent,0.09,0,0.69,100,0,0,0,0,0,0,2,0,0,0,0,0,0,5,0,163,2,10,2,9,10,10
"agent BacktrackAgent #24",BacktrackAgent,0.04,0,0.69,100,0,0,0,0,0,0,2,0,0,0,0,0,0,0,0,49,2,5,3,4,10,10
"agent BacktrackAgent #25",BacktrackAgent,0.12,0,0.69,100,0,0,0,0,4,0,2,0,0,0,0,0,0,6,0,243,0,13,0,12,10,10
"agent BacktrackAgent #26",BacktrackAgent,0.31,0,0.69,100,0,2,0,2,10,0,8,0,0,0,0,0,0,6,0,324,7,19,1,31,10,10
"agent BacktrackAgent #27",BacktrackAgent,0.27,0,0.69,100,0,2,0,2,8,0,3,0,0,0,0,0,0,6,0,216,10,19,2,27,10,10
"agent BacktrackAgent #28",BacktrackAgent,0.24,0,0.69,100,0,1,0,1,4,0,8,0,0,0,0,0,0,6,0,202,6,15,3,24,10,10
"agent BacktrackAgent #29",BacktrackAgent,0.12,0,0.69,100,0,0,0,0,4,0,2,0,0,0,0,0,0,6,0,231,0,13,0,12,10,10
"agent BacktrackAgent #30",BacktrackAgent,0.07,0,0.69,100,0,1,0,1,4,0,2,0,0,0,0,0,0,0,0,118,1,7,1,7,10,10
"agent BacktrackAgent #31",BacktrackAgent,0.09,0,0.69,100,0,0,0,0,0,0,2,0,0,0,0,0,0,5,0,147,2,10,2,9,10,10
"agent BacktrackAgent #32",BacktrackAgent,0.04,0,0.69,100,0,0,0,0,0,0,2,0,0,0,0,0,0,0,0,44,2,5,3,4,10,10
"agent BacktrackAgent #33",BacktrackAgent,0.12,0,0.69,100,0,0,0,0,4,0,2,0,0,0,0,0,0,6,0,219,0,13,0,12,10,10
"agent BacktrackAgent #34",BacktrackAgent,0.31,0,0.69,100,0,2,0,2,10,0,8,0,0,0,0,0,0,6,0,252,7,19,1,31,10,10
"agent BacktrackAgent #35",BacktrackAgent,0.17,0,0.69,100,0,1,0,1,4,0,2,0,0,0,0,0,0,5,0,151,6,14,2,17,10,10
"agent BacktrackAgent #36",BacktrackAgent,0.32,0,0.69,100,0,2,0,2,8,0,8,0,0,0,0,0,0,6,0,220,10,19,3,32,10,10
"agent BacktrackAgent #37",BacktrackAgent,0.12,0,0.69,100,0,0,0,0,4,0,2,0,0,0,0,0,0,6,0,207,0,13,0,12,10,10
"agent BacktrackAgent #38",BacktrackAgent,0.05,0,0.69,100,0,0,0,0,3,0,2,0,0,0,0,0,0,0,0,43,0,6,1,5,10,10
"agent BacktrackAgent #39",BacktrackAgent,0.19,0,0.69,100,0,1,0,1,4,0,3,0,0,0,0,0,0,6,0,138,6,15,2,19,10,10
"agent BacktrackAgent #40",BacktrackAgent,0.04,0,0.69,100,0,0,0,0,0,0,2,0,0,0,0,0,0,0,0,39,2,5,3,4,10,10
"agent BacktrackAgent #41",BacktrackAgent,0.12,0,0.69,100,0,0,0,0,4,0,2,0,0,0,0,0,0,6,0,195,0,13,0,12,10,10
"agent BacktrackAgent #42",BacktrackAgent,0.31,0,0.69,100,0,2,0,2,10,0,8,0,0,0,0,0,0,6,0,210,7,19,1,31,10,10
"agent BacktrackAgent #43",BacktrackAgent,0.27,0,0.69,100,0,2,0,2,8,0,3,0,0,0,0,0,0,6,0,133,10,19,2,27,10,10
"agent BacktrackAgent #44",BacktrackAgent,0.12,0,0.69,100,0,1,0,1,4,0,2,0,0,0,0,0,0,0,0,99,6,9,3,12,10,10
"agent BacktrackAgent #45",BacktrackAgent,0.12,0,0.69,100,0,0,0,0,4,0,2,0,0,0,0,0,0,6,0,182,0,13,0,12,10,10
"agent BacktrackAgent #46",BacktrackAgent,0.07,0,0.69,100,0,1,0,1,4,0,2,0,0,0,0,0,0,0,0,93,1,7,1,7,10,10
"agent BacktrackAgent #47",BacktrackAgent,0.19,0,0.69,100,0,1,0,1,4,0,3,0,0,0,0,0,0,6,0,82,6,15,2,19,10,10
"agent BacktrackAgent #48",BacktrackAgent,0.12,0,0.69,100,0,1,0,1,4,0,2,0,0,0,0,0,0,0,0,85,6,9,3,12,10,10
"agent BacktrackAgent #49",BacktrackAgent,0.12,0,0.69,100,0,0,0,0,4,0,2,0,0,0,0,0,0,6,0,169,0,13,0,12,10,10
"agent BacktrackAgent #50",BacktrackAgent,0.31,0,0.69,100,0,2,0,2,10,0,8,0,0,0,0,0,0,6,0,162,7,19,1,31,10,10
"agent BacktrackAgent #51",BacktrackAgent,0.09,0,0.69,100,0,0,0,0,0,0,2,0,0,0,0,0,0,5,0,116,2,10,2,9,10,10
"agent BacktrackAgent #52",BacktrackAgent,0.04,0,0.69,100,0,0,0,0,0,0,2,0,0,0,0,0,0,0,0,29,2,5,3,4,10,10
"agent BacktrackAgent #53",BacktrackAgent,0.12,0,0.69,100,0,0,0,0,4,0,2,0,0,0,0,0,0,6,0,157,0,13,0,12,10,10
"agent BacktrackAgent #54",BacktrackAgent,0.07,0,0.69,100,0,1,0,1,4,0,2,0,0,0,0,0,0,0,0,79,1,7,1,7,10,10
"agent BacktrackAgent #55",BacktrackAgent,0.09,0,0.69,100,0,0,0,0,0,0,2,0,0,0,0,0,0,5,0,105,2,10,2,9,10,10
"agent BacktrackAgent #56",BacktrackAgent,0.04,0,0.69,100,0,0,0,0,0,0,2,0,0,0,0,0,0,0,0,25,2,5,3,4,10,10
"agent BacktrackAgent #57",BacktrackAgent,0.12,0,0.69,100,0,0,0,0,4,0,2,0,0,0,0,0,0,6,0,145,0,13,0,12,10,10
"agent BacktrackAgent #58",BacktrackAgent,0.31,0,0.69,100,0,2,0,2,10,0,8,0,0,0,0,0,0,6,0,121,7,19,1,31,10,10
"agent BacktrackAgent #59",BacktrackAgent,0.09,0,0.69,100,0,0,0,0,0,0,2,0,0,0,0,0,0,5,0,94,2,10,2,9,10,10
"agent BacktrackAgent #60",BacktrackAgent,0.32,0,0.69,100,0,2,0,2,8,0,8,0,0,0,0,0,0,6,0,132,10,19,3,32,10,10
"agent BacktrackAgent #61",BacktrackAgent,0.12,0,0.69,100,0,0,0,0,4,0,2,0,0,0,0,0,0,6,0,122,0,13,0,12,10,10
"agent BacktrackAgent #62",BacktrackAgent,0.07,0,0.69,100,0,1,0,1,4,0,2,0,0,0,0,0,0,0,0,66,1,7,1,7,10,10
"agent BacktrackAgent #63",BacktrackAgent,0.27,0,0.69,100,0,2,0,2,8,0,3,0,0,0,0,0,0,6,0,75,10,19,2,27,10,10
"agent BacktrackAgent #64",BacktrackAgent,0.04,0,0.69,100,0,0,0,0,0,0,2,0,0,0,0,0,0,0,0,20,2,5,3,4,10,10
"agent BacktrackAgent #65",BacktrackAgent,0.12,0,0.69,100,0,0,0,0,4,0,2,0,0,0,0,0,0,6,0,110,0,13,0,12,10,10
"agent BacktrackAgent #66",BacktrackAgent,0.07,0,0.69,100,0,1,0,1,4,0,2,0,0,0,0,0,0,0,0,59,1,7,1,7,10,10
"agent BacktrackAgent #67",BacktrackAgent,0.09,0,0.69,100,0,0,0,0,0,0,2,0,0,0,0,0,0,5,0,79,2,10,2,9,10,10
"agent BacktrackAgent #68",BacktrackAgent,0.12,0,0.69,100,0,1,0,1,4,0,2,0,0,0,0,0,0,0,0,53,6,9,3,12,10,10
"agent BacktrackAgent #69",BacktrackAgent,0.12,0,0.69,100,0,0,0,0,4,0,2,0,0,0,0,0,0,6,0,97,0,13,0,12,10,10
"agent BacktrackAgent #70",BacktrackAgent,0.05,0,0.69,100,0,0,0,0,3,0,2,0,0,0,0,0,0,0,0,20,0,6,1,5,10,10
"agent BacktrackAgent #71",BacktrackAgent,0.17,0,0.69,100,0,1,0,1,4,0,2,0,0,0,0,0,0,5,0,77,6,14,2,17,10,10
"agent BacktrackAgent #72",BacktrackAgent,0.24,0,0.69,100,0,1,0,1,4,0,8,0,0,0,0,0,0,6,0,83,6,15,3,24,10,10
"agent BacktrackAgent #73",BacktrackAgent,0.12,0,0.69,100,0,0,0,0,4,0,2,0,0,0,0,0,0,6,0,85,0,13,0,12,10,10
"agent BacktrackAgent #74",BacktrackAgent,0.07,0,0.69,100,0,1,0,1,4,0,2,0,0,0,0,0,0,0,0,40,1,7,1,7,10,10
"agent BacktrackAgent #75",BacktrackAgent,0.17,0,0.69,100,0,1,0,1,4,0,2,0,0,0,0,0,0,5,0,57,6,14,2,17,10,10
"agent BacktrackAgent #76",BacktrackAgent,0.24,0,0.69,100,0,1,0,1,4,0,8,0,0,0,0,0,0,6,0,58,6,15,3,24,10,10
"agent BacktrackAgent #77",BacktrackAgent,0.12,0,0.69,100,0,0,0,0,4,0,2,0,0,0,0,0,0,6,0,73,0,13,0,12,10,10
"agent BacktrackAgent #78",BacktrackAgent,0.05,0,0.69,100,0,0,0,0,3,0,2,0,0,0,0,0,0,0,0,14,0,6,1,5,10,10
"agent BacktrackAgent #79",BacktrackAgent,0.09,0,0.69,100,0,0,0,0,0,0,2,0,0,0,0,0,0,5,0,50,2,10,2,9,10,10
"agent BacktrackAgent #80",BacktrackAgent,0.12,0,0.69,100,0,1,0,1,4,0,2,0,0,0,0,0,0,0,0,29,6,9,3,12,10,10
"agent BacktrackAgent #81",BacktrackAgent,0.12,0,0.69,100,0,0,0,0,4,0,2,0,0,0,0,0,0,6,0,60,0,13,0,12,10,10
"agent BacktrackAgent #82",BacktrackAgent,0.07,0,0.69,100,0,1,0,1,4,0,2,0,0,0,0,0,0,0,0,27,1,7,1,7,10,10
"agent BacktrackAgent #83",BacktrackAgent,0.09,0,0.69,100,0,0,0,0,0,0,2,0,0,0,0,0,0,5,0,39,2,10,2,9,10,10
"agent BacktrackAgent #84",BacktrackAgent,0.12,0,0.69,100,0,1,0,1,4,0,2,0,0,0,0,0,0,0,0,15,6,9,3,12,10,10
"agent BacktrackAgent #85",BacktrackAgent,0.12,0,0.69,100,0,0,0,0,4,0,2,0,0,0,0,0,0,6,0,47,0,13,0,12,10,10
"agent BacktrackAgent #86",BacktrackAgent,0.07,0,0.69,100,0,1,0,1,4,0,2,0,0,0,0,0,0,0,0,19,1,7,1,7,10,10
"agent BacktrackAgent #87",BacktrackAgent,0.09,0,0.69,100,0,0,0,0,0,0,2,0,0,0,0,0,0,5,0,28,2,10,2,9,10,10
"agent BacktrackAgent #88",BacktrackAgent,0.04,0,0.69,100,0,0,0,0,0,0,2,0,0,0,0,0,0,0,0,5,2,5,3,4,10,10
"agent BacktrackAgent #89",BacktrackAgent,0.12,0,0.69,100,0,0,0,0,4,0,2,0,0,0,0,0,0,6,0,35,0,13,0,12,10,10
"agent BacktrackAgent #90",BacktrackAgent,0.07,0,0.69,100,0,1,0,1,4,0,2,0,0,0,0,0,0,0,0,12,1,7,1,7,10,10
"agent BacktrackAgent #91",BacktrackAgent,0.09,0,0.69,100,0,0,0,0,0,0,2,0,0,0,0,0,0,5,0,15,2,10,2,9,10,10
"agent BacktrackAgent #92",BacktrackAgent,0.32,0,0.69,100,0,2,0,2,8,0,8,0,0,0,0,0,0,6,0,5,10,19,3,32,10,10
"agent BacktrackAgent #93",BacktrackAgent,0.12,0,0.69,100,0,0,0,0,4,0,2,0,0,0,0,0,0,6,0,23,0,13,0,12,10,10
"agent BacktrackAgent #94",BacktrackAgent,0.07,0,0.69,100,0,1,0,1,4,0,2,0,0,0,0,0,0,0,0,5,1,7,1,7,10,10
"agent BacktrackAgent #95",BacktrackAgent,0.27,0,0.69,100,0,2,0,2,8,0,3,0,0,0,0,0,0,6,0,3,10,19,2,27,10,10
"agent BacktrackAgent #96",BacktrackAgent,0.04,0,0.69,100,0,0,0,0,0,0,2,0,0,0,0,0,0,0,0,0,2,5,3,4,10,10
"agent BacktrackAgent #97",BacktrackAgent,0.12,0,0.69,100,0,0,0,0,4,0,2,0,0,0,0,0,0,6,0,11,0,13,0,12,10,10
"agent BacktrackAgent #98",BacktrackAgent,0.29,0,0.69,100,0,1,0,1,9,0,8,0,0,0,0,0,0,6,0,2,6,18,1,29,10,10
"agent BacktrackAgent #99",BacktrackAgent,0.09,0,0.69,100,0,0,0,0,0,0,2,0,0,0,0,0,0,5,0,0,2,10,2,9,10,10
"agent BacktrackAgent #100",BacktrackAgent,0.24,0,0.69,100,0,1,0,1,4,0,8,0,0,0,0,0,0,6,0,294,6,15,3,24,10,10
