agentName,agentType,averageSpeed,cumulatedUtilityReceived,freeWallRatio,numBacktrackAgents,numCFPAnswered,numDeadends,numDifferentEncounters,numDirectionChanges,numDownSteps,numForwardAgents,numLeftSteps,numMessagesReceived,numMessagesSent,numNegotiatingAgents,numProposalsAccepted,numProposalsRejected,numRandomAgents,numRightSteps,numSwarmAgents,numTotalEncounters,numUpSteps,numVisitedCells,startingPosition,stepsToExit,xsize,ysize
"agent BacktrackAgent #1",BacktrackAgent,0.08,0,0.69,100,0,0,0,0,4,100,0,0,0,100,0,0,100,4,0,629,0,9,0,8,10,10
"agent BacktrackAgent #2",BacktrackAgent,0.33,0,0.69,100,0,2,0,2,11,100,8,0,0,100,0,0,100,6,0,938,8,20,1,33,10,10
"agent BacktrackAgent #3",BacktrackAgent,0.26,0,0.69,100,0,1,0,1,6,100,4,0,0,100,0,0,100,8,0,1104,8,21,2,26,10,10
"agent BacktrackAgent #4",BacktrackAgent,0.04,0,0.69,100,0,0,0,0,0,100,2,0,0,100,0,0,100,0,0,187,2,5,3,4,10,10
"agent BacktrackAgent #5",BacktrackAgent,0.08,0,0.69,100,0,0,0,0,4,100,0,0,0,100,0,0,100,4,0,541,0,9,0,8,10,10
"agent BacktrackAgent #6",BacktrackAgent,0.39,0,0.69,100,0,3,0,3,12,100,10,0,0,100,0,0,100,8,0,1164,9,23,1,39,10,10
"agent BacktrackAgent #7",BacktrackAgent,0.18,0,0.69,100,0,1,0,1,4,100,2,0,0,100,0,0,100,6,0,845,6,17,2,18,10,10
"agent BacktrackAgent #8",BacktrackAgent,0.28,0,0.69,100,0,2,0,2,6,100,8,0,0,100,0,0,100,6,0,1142,8,17,3,28,10,10
"agent BacktrackAgent #9",BacktrackAgent,0.08,0,0.69,100,0,0,0,0,4,100,0,0,0,100,0,0,100,4,0,453,0,9,0,8,10,10
"agent BacktrackAgent #10",BacktrackAgent,0.39,0,0.69,100,0,3,0,3,12,100,10,0,0,100,0,0,100,8,0,1375,9,23,1,39,10,10
"agent BacktrackAgent #11",BacktrackAgent,0.3,0,0.69,100,0,2,0,2,8,100,4,0,0,100,0,0,100,8,0,1444,10,23,2,30,10,10
"agent BacktrackAgent #12",BacktrackAgent,0.16,0,0.69,100,0,1,0,1,4,100,4,0,0,100,0,0,100,2,0,621,6,11,3,16,10,10
"agent BacktrackAgent #13",BacktrackAgent,0.08,0,0.69,100,0,0,0,0,4,100,0,0,0,100,0,0,100,4,0,642,0,9,0,8,10,10
"agent BacktrackAgent #14",BacktrackAgent,0.11,0,0.69,100,0,1,0,1,4,100,4,0,0,100,0,0,100,2,0,556,1,9,1,11,10,10
"agent BacktrackAgent #15",BacktrackAgent,0.3,0,0.69,100,0,2,0,2,8,100,4,0,0,100,0,0,100,8,0,1412,10,23,2,30,10,10
"agent BacktrackAgent #16",BacktrackAgent,0.4,0,0.69,100,0,3,0,3,10,100,10,0,0,100,0,0,100,8,0,1679,12,23,3,40,10,10
"agent BacktrackAgent #17",BacktrackAgent,0.08,0,0.69,100,0,0,0,0,4,100,0,0,0,100,0,0,100,4,0,634,0,9,0,8,10,10
"agent BacktrackAgent #18",BacktrackAgent,0.05,0,0.69,100,0,0,0,0,3,100,2,0,0,100,0,0,100,0,0,315,0,6,1,5,10,10
"agent BacktrackAgent #19",BacktrackAgent,0.3,0,0.69,100,0,2,0,2,8,100,4,0,0,100,0,0,100,8,0,1378,10,23,2,30,10,10
"agent BacktrackAgent #20",BacktrackAgent,0.04,0,0.69,100,0,0,0,0,0,100,2,0,0,100,0,0,100,0,0,205,2,5,3,4,10,10
"agent BacktrackAgent #21",BacktrackAgent,0.08,0,0.69,100,0,0,0,0,4,100,0,0,0,100,0,0,100,4,0,619,0,9,0,8,10,10
"agent BacktrackAgent #22",BacktrackAgent,0.05,0,0.69,100,0,0,0,0,3,100,2,0,0,100,0,0,100,0,0,308,0,6,1,5,10,10
"agent BacktrackAgent #23",BacktrackAgent,0.18,0,0.69,100,0,1,0,1,4,100,2,0,0,100,0,0,100,6,0,1024,6,17,2,18,10,10
"agent BacktrackAgent #24",BacktrackAgent,0.16,0,0.69,100,0,1,0,1,4,100,4,0,0,100,0,0,100,2,0,598,6,11,3,16,10,10
"agent BacktrackAgent #25",BacktrackAgent,0.08,0,0.69,100,0,0,0,0,4,100,0,0,0,100,0,0,100,4,0,611,0,9,0,8,10,10
"agent BacktrackAgent #26",BacktrackAgent,0.05,0,0.69,100,0,0,0,0,3,100,2,0,0,100,0,0,100,0,0,302,0,6,1,5,10,10
"agent BacktrackAgent #27",BacktrackAgent,0.14,0,0.69,100,0,0,0,0,2,100,2,0,0,100,0,0,100,6,0,792,4,15,2,14,10,10
"agent BacktrackAgent #28",BacktrackAgent,0.16,0,0.69,100,0,1,0,1,4,100,4,0,0,100,0,0,100,2,0,579,6,11,3,16,10,10
"agent BacktrackAgent #29",BacktrackAgent,0.08,0,0.69,100,0,0,0,0,4,100,0,0,0,100,0,0,100,4,0,603,0,9,0,8,10,10
"agent BacktrackAgent #30",BacktrackAgent,0.05,0,0.69,100,0,0,0,0,3,100,2,0,0,100,0,0,100,0,0,293,0,6,1,5,10,10
"agent BacktrackAgent #31",BacktrackAgent,0.26,0,0.69,100,0,1,0,1,6,100,4,0,0,100,0,0,100,8,0,1161,8,21,2,26,10,10
"agent BacktrackAgent #32",BacktrackAgent,0.4,0,0.69,100,0,3,0,3,10,100,10,0,0,100,0,0,100,8,0,1625,12,23,3,40,10,10
"agent BacktrackAgent #33",BacktrackAgent,0.08,0,0.69,100,0,0,0,0,4,100,0,0,0,100,0,0,100,4,0,595,0,9,0,8,10,10
"agent BacktrackAgent #34",BacktrackAgent,0.33,0,0.69,100,0,2,0,2,11,100,8,0,0,100,0,0,100,6,0,897,8,20,1,33,10,10
"agent BacktrackAgent #35",BacktrackAgent,0.26,0,0.69,100,0,1,0,1,6,100,4,0,0,100,0,0,100,8,0,1132,8,21,2,26,10,10
"agent BacktrackAgent #36",BacktrackAgent,0.04,0,0.69,100,0,0,0,0,0,100,2,0,0,100,0,0,100,0,0,192,2,5,3,4,10,10
"agent BacktrackAgent #37",BacktrackAgent,0.08,0,0.69,100,0,0,0,0,4,100,0,0,0,100,0,0,100,4,0,587,0,9,0,8,10,10
"agent BacktrackAgent #38",BacktrackAgent,0.39,0,0.69,100,0,3,0,3,12,100,10,0,0,100,0,0,100,8,0,1332,9,23,1,39,10,10
"agent BacktrackAgent #39",BacktrackAgent,0.18,0,0.69,100,0,1,0,1,4,100,2,0,0,100,0,0,100,6,0,987,6,17,2,18,10,10
"agent BacktrackAgent #40",BacktrackAgent,0.28,0,0.69,100,0,2,0,2,6,100,8,0,0,100,0,0,100,6,0,1332,8,17,3,28,10,10
"agent BacktrackAgent #41",BacktrackAgent,0.08,0,0.69,100,0,0,0,0,4,100,0,0,0,100,0,0,100,4,0,579,0,9,0,8,10,10
"agent BacktrackAgent #42",BacktrackAgent,0.39,0,0.69,100,0,3,0,3,12,100,10,0,0,100,0,0,100,8,0,1289,9,23,1,39,10,10
"agent BacktrackAgent #43",BacktrackAgent,0.14,0,0.69,100,0,0,0,0,2,100,2,0,0,100,0,0,100,6,0,728,4,15,2,14,10,10
"agent BacktrackAgent #44",BacktrackAgent,0.28,0,0.69,100,0,2,0,2,6,100,8,0,0,100,0,0,100,6,0,1307,8,17,3,28,10,10
"agent BacktrackAgent #45",BacktrackAgent,0.08,0,0.69,100,0,0,0,0,4,100,0,0,0,100,0,0,100,4,0,571,0,9,0,8,10,10
"agent BacktrackAgent #46",BacktrackAgent,0.39,0,0.69,100,0,3,0,3,12,100,10,0,0,100,0,0,100,8,0,1248,9,23,1,39,10,10
"agent BacktrackAgent #47",BacktrackAgent,0.18,0,0.69,100,0,1,0,1,4,100,2,0,0,100,0,0,100,6,0,958,6,17,2,18,10,10
"agent BacktrackAgent #48",BacktrackAgent,0.28,0,0.69,100,0,2,0,2,6,100,8,0,0,100,0,0,100,6,0,1274,8,17,3,28,10,10
"agent BacktrackAgent #49",BacktrackAgent,0.08,0,0.69,100,0,0,0,0,4,100,0,0,0,100,0,0,100,4,0,563,0,9,0,8,10,10
"agent BacktrackAgent #50",BacktrackAgent,0.11,0,0.69,100,0,1,0,1,4,100,4,0,0,100,0,0,100,2,0,508,1,9,1,11,10,10
"agent BacktrackAgent #51",BacktrackAgent,0.3,0,0.69,100,0,2,0,2,8,100,4,0,0,100,0,0,100,8,0,1252,10,23,2,30,10,10
"agent BacktrackAgent #52",BacktrackAgent,0.4,0,0.69,100,0,3,0,3,10,100,10,0,0,100,0,0,100,8,0,1480,12,23,3,40,10,10
"agent BacktrackAgent #53",BacktrackAgent,0.08,0,0.69,100,0,0,0,0,4,100,0,0,0,100,0,0,100,4,0,555,0,9,0,8,10,10
"agent BacktrackAgent #54",BacktrackAgent,0.11,0,0.69,100,0,1,0,1,4,100,4,0,0,100,0,0,100,2,0,497,1,9,1,11,10,10
"agent BacktrackAgent #55",BacktrackAgent,0.26,0,0.69,100,0,1,0,1,6,100,4,0,0,100,0,0,100,8,0,1046,8,21,2,26,10,10
"agent BacktrackAgent #56",BacktrackAgent,0.16,0,0.69,100,0,1,0,1,4,100,4,0,0,100,0,0,100,2,0,535,6,11,3,16,10,10
"agent BacktrackAgent #57",BacktrackAgent,0.08,0,0.69,100,0,0,0,0,4,100,0,0,0,100,0,0,100,4,0,547,0,9,0,8,10,10
"agent BacktrackAgent #58",BacktrackAgent,0.11,0,0.69,100,0,1,0,1,4,100,4,0,0,100,0,0,100,2,0,485,1,9,1,11,10,10
"agent BacktrackAgent #59",BacktrackAgent,0.3,0,0.69,100,0,2,0,2,8,100,4,0,0,100,0,0,100,8,0,1211,10,23,2,30,10,10
"agent BacktrackAgent #60",BacktrackAgent,0.28,0,0.69,100,0,2,0,2,6,100,8,0,0,100,0,0,100,6,0,1210,8,17,3,28,10,10
"agent BacktrackAgent #61",BacktrackAgent,0.08,0,0.69,100,0,0,0,0,4,100,0,0,0,100,0,0,100,4,0,532,0,9,0,8,10,10
"agent BacktrackAgent #62",BacktrackAgent,0.05,0,0.69,100,0,0,0,0,3,100,2,0,0,100,0,0,100,0,0,273,0,6,1,5,10,10
"agent BacktrackAgent #63",BacktrackAgent,0.18,0,0.69,100,0,1,0,1,4,100,2,0,0,100,0,0,100,6,0,895,6,17,2,18,10,10
"agent BacktrackAgent #64",BacktrackAgent,0.16,0,0.69,100,0,1,0,1,4,100,4,0,0,100,0,0,100,2,0,516,6,11,3,16,10,10
"agent BacktrackAgent #65",BacktrackAgent,0.08,0,0.69,100,0,0,0,0,4,100,0,0,0,100,0,0,100,4,0,524,0,9,0,8,10,10
"agent BacktrackAgent #66",BacktrackAgent,0.05,0,0.69,100,0,0,0,0,3,100,2,0,0,100,0,0,100,0,0,267,0,6,1,5,10,10
"agent BacktrackAgent #67",BacktrackAgent,0.14,0,0.69,100,0,0,0,0,2,100,2,0,0,100,0,0,100,6,0,680,4,15,2,14,10,10
"agent BacktrackAgent #68",BacktrackAgent,0.16,0,0.69,100,0,1,0,1,4,100,4,0,0,100,0,0,100,2,0,497,6,11,3,16,10,10
"agent BacktrackAgent #69",BacktrackAgent,0.08,0,0.69,100,0,0,0,0,4,100,0,0,0,100,0,0,100,4,0,516,0,9,0,8,10,10
"agent BacktrackAgent #70",BacktrackAgent,0.11,0,0.69,100,0,1,0,1,4,100,4,0,0,100,0,0,100,2,0,461,1,9,1,11,10,10
"agent BacktrackAgent #71",BacktrackAgent,0.14,0,0.69,100,0,0,0,0,2,100,2,0,0,100,0,0,100,6,0,664,4,15,2,14,10,10
"agent BacktrackAgent #72",BacktrackAgent,0.04,0,0.69,100,0,0,0,0,0,100,2,0,0,100,0,0,100,0,0,171,2,5,3,4,10,10
"agent BacktrackAgent #73",BacktrackAgent,0.08,0,0.69,100,0,0,0,0,4,100,0,0,0,100,0,0,100,4,0,508,0,9,0,8,10,10
"agent BacktrackAgent #74",BacktrackAgent,0.39,0,0.69,100,0,3,0,3,12,100,10,0,0,100,0,0,100,8,0,1116,9,23,1,39,10,10
"agent BacktrackAgent #75",BacktrackAgent,0.18,0,0.69,100,0,1,0,1,4,100,2,0,0,100,0,0,100,6,0,864,6,17,2,18,10,10
"agent BacktrackAgent #76",BacktrackAgent,0.04,0,0.69,100,0,0,0,0,0,100,2,0,0,100,0,0,100,0,0,167,2,5,3,4,10,10
"agent BacktrackAgent #77",BacktrackAgent,0.08,0,0.69,100,0,0,0,0,4,100,0,0,0,100,0,0,100,4,0,500,0,9,0,8,10,10
"agent BacktrackAgent #78",BacktrackAgent,0.05,0,0.69,100,0,0,0,0,3,100,2,0,0,100,0,0,100,0,0,255,0,6,1,5,10,10
"agent BacktrackAgent #79",BacktrackAgent,0.26,0,0.69,100,0,1,0,1,6,100,4,0,0,100,0,0,100,8,0,972,8,21,2,26,10,10
"agent BacktrackAgent #80",BacktrackAgent,0.28,0,0.69,100,0,2,0,2,6,100,8,0,0,100,0,0,100,6,0,1176,8,17,3,28,10,10
"agent BacktrackAgent #81",BacktrackAgent,0.08,0,0.69,100,0,0,0,0,4,100,0,0,0,100,0,0,100,4,0,492,0,9,0,8,10,10
"agent BacktrackAgent #82",BacktrackAgent,0.39,0,0.69,100,0,3,0,3,12,100,10,0,0,100,0,0,100,8,0,1071,9,23,1,39,10,10
"agent BacktrackAgent #83",BacktrackAgent,0.14,0,0.69,100,0,0,0,0,2,100,2,0,0,100,0,0,100,6,0,628,4,15,2,14,10,10
"agent BacktrackAgent #84",BacktrackAgent,0.04,0,0.69,100,0,0,0,0,0,100,2,0,0,100,0,0,100,0,0,162,2,5,3,4,10,10
"agent BacktrackAgent #85",BacktrackAgent,0.08,0,0.69,100,0,0,0,0,4,100,0,0,0,100,0,0,100,4,0,484,0,9,0,8,10,10
"agent BacktrackAgent #86",BacktrackAgent,0.11,0,0.69,100,0,1,0,1,4,100,4,0,0,100,0,0,100,2,0,429,1,9,1,11,10,10
"agent BacktrackAgent #87",BacktrackAgent,0.3,0,0.69,100,0,2,0,2,8,100,4,0,0,100,0,0,100,8,0,1101,10,23,2,30,10,10
"agent BacktrackAgent #88",BacktrackAgent,0.04,0,0.69,100,0,0,0,0,0,100,2,0,0,100,0,0,100,0,0,158,2,5,3,4,10,10
"agent BacktrackAgent #89",BacktrackAgent,0.08,0,0.69,100,0,0,0,0,4,100,0,0,0,100,0,0,100,4,0,476,0,9,0,8,10,10
"agent BacktrackAgent #90",BacktrackAgent,0.11,0,0.69,100,0,1,0,1,4,100,4,0,0,100,0,0,100,2,0,418,1,9,1,11,10,10
"agent BacktrackAgent #91",BacktrackAgent,0.3,0,0.69,100,0,2,0,2,8,100,4,0,0,100,0,0,100,8,0,1070,10,23,2,30,10,10
"agent BacktrackAgent #92",BacktrackAgent,0.16,0,0.69,100,0,1,0,1,4,100,4,0,0,100,0,0,100,2,0,454,6,11,3,16,10,10
"agent BacktrackAgent #93",BacktrackAgent,0.08,0,0.69,100,0,0,0,0,4,100,0,0,0,100,0,0,100,4,0,468,0,9,0,8,10,10
"agent BacktrackAgent #94",BacktrackAgent,0.11,0,0.69,100,0,1,0,1,4,100,4,0,0,100,0,0,100,2,0,406,1,9,1,11,10,10
"agent BacktrackAgent #95",BacktrackAgent,0.26,0,0.69,100,0,1,0,1,6,100,4,0,0,100,0,0,100,8,0,915,8,21,2,26,10,10
"agent BacktrackAgent #96",BacktrackAgent,0.04,0,0.69,100,0,0,0,0,0,100,2,0,0,100,0,0,100,0,0,151,2,5,3,4,10,10
"agent BacktrackAgent #97",BacktrackAgent,0.08,0,0.69,100,0,0,0,0,4,100,0,0,0,100,0,0,100,4,0,460,0,9,0,8,10,10
"agent BacktrackAgent #98",BacktrackAgent,0.05,0,0.69,100,0,0,0,0,3,100,2,0,0,100,0,0,100,0,0,239,0,6,1,5,10,10
"agent BacktrackAgent #99",BacktrackAgent,0.26,0,0.69,100,0,1,0,1,6,100,4,0,0,100,0,0,100,8,0,889,8,21,2,26,10,10
"agent BacktrackAgent #100",BacktrackAgent,0.28,0,0.69,100,0,2,0,2,6,100,8,0,0,100,0,0,100,6,0,1391,8,17,3,28,10,10
"agent ForwardAgent #101",ForwardAgent,0.08,0,0.69,100,0,0,0,0,4,100,0,0,0,100,0,0,100,4,0,445,0,9,0,8,10,10
"agent ForwardAgent #102",ForwardAgent,0.41,0,0.69,100,0,2,0,2,13,100,10,0,0,100,0,0,100,8,0,1086,10,21,1,41,10,10
"agent ForwardAgent #103",ForwardAgent,0.14,0,0.69,100,0,0,0,0,2,100,2,0,0,100,0,0,100,6,0,580,4,15,2,14,10,10
"agent ForwardAgent #104",ForwardAgent,0.04,0,0.69,100,0,0,0,0,0,100,2,0,0,100,0,0,100,0,0,147,2,5,3,4,10,10
"agent ForwardAgent #105",ForwardAgent,0.08,0,0.69,100,0,0,0,0,4,100,0,0,0,100,0,0,100,4,0,437,0,9,0,8,10,10
"agent ForwardAgent #106",ForwardAgent,0.05,0,0.69,100,0,0,0,0,3,100,2,0,0,100,0,0,100,0,0,228,0,6,1,5,10,10
"agent ForwardAgent #107",ForwardAgent,0.54,0,0.69,100,0,3,0,3,14,100,10,0,0,100,0,0,100,14,0,1411,16,23,2,54,10,10
"agent ForwardAgent #108",ForwardAgent,0.04,0,0.69,100,0,0,0,0,0,100,2,0,0,100,0,0,100,0,0,143,2,5,3,4,10,10
"agent ForwardAgent #109",ForwardAgent,0.08,0,0.69,100,0,0,0,0,4,100,0,0,0,100,0,0,100,4,0,429,0,9,0,8,10,10
"agent ForwardAgent #110",ForwardAgent,0.05,0,0.69,100,0,0,0,0,3,100,2,0,0,100,0,0,100,0,0,221,0,6,1,5,10,10
"agent ForwardAgent #111",ForwardAgent,0.18,0,0.69,100,0,1,0,1,4,100,2,0,0,100,0,0,100,6,0,756,6,17,2,18,10,10
"agent ForwardAgent #112",ForwardAgent,0.44,0,0.69,100,0,3,0,3,12,100,10,0,0,100,0,0,100,8,0,1088,14,23,3,44,10,10
"agent ForwardAgent #113",ForwardAgent,0.08,0,0.69,100,0,0,0,0,4,100,0,0,0,100,0,0,100,4,0,421,0,9,0,8,10,10
"agent ForwardAgent #114",ForwardAgent,0.05,0,0.69,100,0,0,0,0,3,100,2,0,0,100,0,0,100,0,0,215,0,6,1,5,10,10
"agent ForwardAgent #115",ForwardAgent,0.18,0,0.69,100,0,1,0,1,4,100,2,0,0,100,0,0,100,6,0,736,6,17,2,18,10,10
"agent ForwardAgent #116",ForwardAgent,0.04,0,0.69,100,0,0,0,0,0,100,2,0,0,100,0,0,100,0,0,136,2,5,3,4,10,10
"agent ForwardAgent #117",ForwardAgent,0.08,0,0.69,100,0,0,0,0,4,100,0,0,0,100,0,0,100,4,0,413,0,9,0,8,10,10
"agent ForwardAgent #118",ForwardAgent,0.11,0,0.69,100,0,1,0,1,4,100,4,0,0,100,0,0,100,2,0,389,1,9,1,11,10,10
"agent ForwardAgent #119",ForwardAgent,0.26,0,0.69,100,0,1,0,1,6,100,4,0,0,100,0,0,100,8,0,836,8,21,2,26,10,10
"agent ForwardAgent #120",ForwardAgent,0.24,0,0.69,100,0,1,0,1,4,100,8,0,0,100,0,0,100,6,0,869,6,15,3,24,10,10
"agent ForwardAgent #121",ForwardAgent,0.08,0,0.69,100,0,0,0,0,4,100,0,0,0,100,0,0,100,4,0,405,0,9,0,8,10,10
"agent ForwardAgent #122",ForwardAgent,0.41,0,0.69,100,0,2,0,2,13,100,10,0,0,100,0,0,100,8,0,1036,10,21,1,41,10,10
"agent ForwardAgent #123",ForwardAgent,0.26,0,0.69,100,0,1,0,1,6,100,4,0,0,100,0,0,100,8,0,805,8,21,2,26,10,10
"agent ForwardAgent #124",ForwardAgent,0.04,0,0.69,100,0,0,0,0,0,100,2,0,0,100,0,0,100,0,0,131,2,5,3,4,10,10
"agent ForwardAgent #125",ForwardAgent,0.08,0,0.69,100,0,0,0,0,4,100,0,0,0,100,0,0,100,4,0,397,0,9,0,8,10,10
"agent ForwardAgent #126",ForwardAgent,0.05,0,0.69,100,0,0,0,0,3,100,2,0,0,100,0,0,100,0,0,201,0,6,1,5,10,10
"agent ForwardAgent #127",ForwardAgent,0.26,0,0.69,100,0,1,0,1,6,100,4,0,0,100,0,0,100,8,0,779,8,21,2,26,10,10
"agent ForwardAgent #128",ForwardAgent,0.04,0,0.69,100,0,0,0,0,0,100,2,0,0,100,0,0,100,0,0,127,2,5,3,4,10,10
"agent ForwardAgent #129",ForwardAgent,0.08,0,0.69,100,0,0,0,0,4,100,0,0,0,100,0,0,100,4,0,389,0,9,0,8,10,10
"agent ForwardAgent #130",ForwardAgent,0.11,0,0.69,100,0,1,0,1,4,100,4,0,0,100,0,0,100,2,0,376,1,9,1,11,10,10
"agent ForwardAgent #131",ForwardAgent,0.62,0,0.69,100,0,3,0,3,16,100,12,0,0,100,0,0,100,16,0,1316,18,23,2,62,10,10
"agent ForwardAgent #132",ForwardAgent,0.4,0,0.69,100,0,2,0,2,10,100,10,0,0,100,0,0,100,8,0,1013,12,21,3,40,10,10
"agent ForwardAgent #133",ForwardAgent,0.08,0,0.69,100,0,0,0,0,4,100,0,0,0,100,0,0,100,4,0,381,0,9,0,8,10,10
"agent ForwardAgent #134",ForwardAgent,0.05,0,0.69,100,0,0,0,0,3,100,2,0,0,100,0,0,100,0,0,192,0,6,1,5,10,10
"agent ForwardAgent #135",ForwardAgent,0.38,0,0.69,100,0,4,0,4,12,100,4,0,0,100,0,0,100,8,0,1100,14,23,2,38,10,10
"agent ForwardAgent #136",ForwardAgent,0.52,0,0.69,100,0,8,0,8,18,100,8,0,0,100,0,0,100,6,0,1399,20,17,3,52,10,10
"agent ForwardAgent #137",ForwardAgent,0.08,0,0.69,100,0,0,0,0,4,100,0,0,0,100,0,0,100,4,0,373,0,9,0,8,10,10
"agent ForwardAgent #138",ForwardAgent,0.05,0,0.69,100,0,0,0,0,3,100,2,0,0,100,0,0,100,0,0,187,0,6,1,5,10,10
"agent ForwardAgent #139",ForwardAgent,0.18,0,0.69,100,0,1,0,1,4,100,2,0,0,100,0,0,100,6,0,692,6,17,2,18,10,10
"agent ForwardAgent #140",ForwardAgent,0.24,0,0.69,100,0,1,0,1,4,100,8,0,0,100,0,0,100,6,0,818,6,15,3,24,10,10
"agent ForwardAgent #141",ForwardAgent,0.08,0,0.69,100,0,0,0,0,4,100,0,0,0,100,0,0,100,4,0,365,0,9,0,8,10,10
"agent ForwardAgent #142",ForwardAgent,0.05,0,0.69,100,0,0,0,0,3,100,2,0,0,100,0,0,100,0,0,182,0,6,1,5,10,10
"agent ForwardAgent #143",ForwardAgent,0.18,0,0.69,100,0,1,0,1,4,100,2,0,0,100,0,0,100,6,0,672,6,17,2,18,10,10
"agent ForwardAgent #144",ForwardAgent,0.68,0,0.69,100,0,5,0,5,18,100,16,0,0,100,0,0,100,14,0,1511,20,23,3,68,10,10
"agent ForwardAgent #145",ForwardAgent,0.08,0,0.69,100,0,0,0,0,4,100,0,0,0,100,0,0,100,4,0,357,0,9,0,8,10,10
"agent ForwardAgent #146",ForwardAgent,0.11,0,0.69,100,0,1,0,1,4,100,4,0,0,100,0,0,100,2,0,361,1,9,1,11,10,10
"agent ForwardAgent #147",ForwardAgent,0.46,0,0.69,100,0,8,0,8,18,100,2,0,0,100,0,0,100,6,0,1246,20,17,2,46,10,10
"agent ForwardAgent #148",ForwardAgent,0.04,0,0.69,100,0,0,0,0,0,100,2,0,0,100,0,0,100,0,0,117,2,5,3,4,10,10
"agent ForwardAgent #149",ForwardAgent,0.08,0,0.69,100,0,0,0,0,4,100,0,0,0,100,0,0,100,4,0,349,0,9,0,8,10,10
"agent ForwardAgent #150",ForwardAgent,0.35,0,0.69,100,0,2,0,2,10,100,10,0,0,100,0,0,100,8,0,880,7,21,1,35,10,10
"agent ForwardAgent #151",ForwardAgent,0.26,0,0.69,100,0,1,0,1,6,100,4,0,0,100,0,0,100,8,0,701,8,21,2,26,10,10
"agent ForwardAgent #152",ForwardAgent,0.24,0,0.69,100,0,1,0,1,4,100,8,0,0,100,0,0,100,6,0,761,6,15,3,24,10,10
"agent ForwardAgent #153",ForwardAgent,0.08,0,0.69,100,0,0,0,0,4,100,0,0,0,100,0,0,100,4,0,341,0,9,0,8,10,10
"agent ForwardAgent #154",ForwardAgent,0.05,0,0.69,100,0,0,0,0,3,100,2,0,0,100,0,0,100,0,0,173,0,6,1,5,10,10
"agent ForwardAgent #155",ForwardAgent,0.14,0,0.69,100,0,0,0,0,2,100,2,0,0,100,0,0,100,6,0,468,4,15,2,14,10,10
"agent ForwardAgent #156",ForwardAgent,0.16,0,0.69,100,0,1,0,1,4,100,4,0,0,100,0,0,100,2,0,348,6,11,3,16,10,10
"agent ForwardAgent #157",ForwardAgent,0.08,0,0.69,100,0,0,0,0,4,100,0,0,0,100,0,0,100,4,0,333,0,9,0,8,10,10
"agent ForwardAgent #158",ForwardAgent,0.05,0,0.69,100,0,0,0,0,3,100,2,0,0,100,0,0,100,0,0,167,0,6,1,5,10,10
"agent ForwardAgent #159",ForwardAgent,0.82,0,0.69,100,0,10,0,10,28,100,10,0,0,100,0,0,100,14,0,1756,30,23,2,82,10,10
"agent ForwardAgent #160",ForwardAgent,0.04,0,0.69,100,0,0,0,0,0,100,2,0,0,100,0,0,100,0,0,109,2,5,3,4,10,10
"agent ForwardAgent #161",ForwardAgent,0.08,0,0.69,100,0,0,0,0,4,100,0,0,0,100,0,0,100,4,0,325,0,9,0,8,10,10
"agent ForwardAgent #162",ForwardAgent,0.37,0,0.69,100,0,3,0,3,13,100,8,0,0,100,0,0,100,6,0,712,10,20,1,37,10,10
"agent ForwardAgent #163",ForwardAgent,0.22,0,0.69,100,0,2,0,2,6,100,2,0,0,100,0,0,100,6,0,588,8,17,2,22,10,10
"agent ForwardAgent #164",ForwardAgent,0.04,0,0.69,100,0,0,0,0,0,100,2,0,0,100,0,0,100,0,0,105,2,5,3,4,10,10
"agent ForwardAgent #165",ForwardAgent,0.08,0,0.69,100,0,0,0,0,4,100,0,0,0,100,0,0,100,4,0,317,0,9,0,8,10,10
"agent ForwardAgent #166",ForwardAgent,0.05,0,0.69,100,0,0,0,0,3,100,2,0,0,100,0,0,100,0,0,154,0,6,1,5,10,10
"agent ForwardAgent #167",ForwardAgent,0.22,0,0.69,100,0,2,0,2,6,100,2,0,0,100,0,0,100,6,0,566,8,17,2,22,10,10
"agent ForwardAgent #168",ForwardAgent,0.24,0,0.69,100,0,1,0,1,4,100,8,0,0,100,0,0,100,6,0,699,6,15,3,24,10,10
"agent ForwardAgent #169",ForwardAgent,0.08,0,0.69,100,0,0,0,0,4,100,0,0,0,100,0,0,100,4,0,309,0,9,0,8,10,10
"agent ForwardAgent #170",ForwardAgent,0.51,0,0.69,100,0,4,0,4,16,100,12,0,0,100,0,0,100,10,0,997,13,23,1,51,10,10
"agent ForwardAgent #171",ForwardAgent,0.62,0,0.69,100,0,3,0,3,16,100,12,0,0,100,0,0,100,16,0,1148,18,23,2,62,10,10
"agent ForwardAgent #172",ForwardAgent,0.24,0,0.69,100,0,1,0,1,4,100,8,0,0,100,0,0,100,6,0,672,6,15,3,24,10,10
"agent ForwardAgent #173",ForwardAgent,0.08,0,0.69,100,0,0,0,0,4,100,0,0,0,100,0,0,100,4,0,301,0,9,0,8,10,10
"agent ForwardAgent #174",ForwardAgent,0.11,0,0.69,100,0,1,0,1,4,100,4,0,0,100,0,0,100,2,0,325,1,9,1,11,10,10
"agent ForwardAgent #175",ForwardAgent,0.5,0,0.69,100,0,2,0,2,12,100,10,0,0,100,0,0,100,14,0,1032,14,21,2,50,10,10
"agent ForwardAgent #176",ForwardAgent,0.64,0,0.69,100,0,4,0,4,16,100,16,0,0,100,0,0,100,14,0,1431,18,23,3,64,10,10
"agent ForwardAgent #177",ForwardAgent,0.08,0,0.69,100,0,0,0,0,4,100,0,0,0,100,0,0,100,4,0,293,0,9,0,8,10,10
"agent ForwardAgent #178",ForwardAgent,0.05,0,0.69,100,0,0,0,0,3,100,2,0,0,100,0,0,100,0,0,147,0,6,1,5,10,10
"agent ForwardAgent #179",ForwardAgent,0.18,0,0.69,100,0,1,0,1,4,100,2,0,0,100,0,0,100,6,0,599,6,17,2,18,10,10
"agent ForwardAgent #180",ForwardAgent,0.56,0,0.69,100,0,4,0,4,16,100,12,0,0,100,0,0,100,10,0,955,18,23,3,56,10,10
"agent ForwardAgent #181",ForwardAgent,0.08,0,0.69,100,0,0,0,0,4,100,0,0,0,100,0,0,100,4,0,285,0,9,0,8,10,10
"agent ForwardAgent #182",ForwardAgent,0.71,0,0.69,100,0,4,0,4,20,100,18,0,0,100,0,0,100,16,0,1121,17,21,1,71,10,10
"agent ForwardAgent #183",ForwardAgent,0.5,0,0.69,100,0,2,0,2,12,100,10,0,0,100,0,0,100,14,0,966,14,21,2,50,10,10
"agent ForwardAgent #184",ForwardAgent,0.8,0,0.69,100,0,6,0,6,22,100,18,0,0,100,0,0,100,16,0,1361,24,23,3,80,10,10
"agent ForwardAgent #185",ForwardAgent,0.08,0,0.69,100,0,0,0,0,4,100,0,0,0,100,0,0,100,4,0,277,0,9,0,8,10,10
"agent ForwardAgent #186",ForwardAgent,0.43,0,0.69,100,0,4,0,4,14,100,10,0,0,100,0,0,100,8,0,830,11,23,1,43,10,10
"agent ForwardAgent #187",ForwardAgent,0.3,0,0.69,100,0,2,0,2,8,100,4,0,0,100,0,0,100,8,0,788,10,23,2,30,10,10
"agent ForwardAgent #188",ForwardAgent,0.44,0,0.69,100,0,4,0,4,12,100,10,0,0,100,0,0,100,8,0,940,14,23,3,44,10,10
"agent ForwardAgent #189",ForwardAgent,0.08,0,0.69,100,0,0,0,0,4,100,0,0,0,100,0,0,100,4,0,269,0,9,0,8,10,10
"agent ForwardAgent #190",ForwardAgent,0.41,0,0.69,100,0,4,0,4,15,100,8,0,0,100,0,0,100,6,0,767,12,20,1,41,10,10
"agent ForwardAgent #191",ForwardAgent,0.26,0,0.69,100,0,3,0,3,8,100,2,0,0,100,0,0,100,6,0,673,10,17,2,26,10,10
"agent ForwardAgent #192",ForwardAgent,0.44,0,0.69,100,0,3,0,3,12,100,10,0,0,100,0,0,100,8,0,796,14,23,3,44,10,10
"agent ForwardAgent #193",ForwardAgent,0.08,0,0.69,100,0,0,0,0,4,100,0,0,0,100,0,0,100,4,0,261,0,9,0,8,10,10
"agent ForwardAgent #194",ForwardAgent,0.05,0,0.69,100,0,0,0,0,3,100,2,0,0,100,0,0,100,0,0,134,0,6,1,5,10,10
"agent ForwardAgent #195",ForwardAgent,0.18,0,0.69,100,0,1,0,1,4,100,2,0,0,100,0,0,100,6,0,543,6,17,2,18,10,10
"agent ForwardAgent #196",ForwardAgent,0.24,0,0.69,100,0,1,0,1,4,100,8,0,0,100,0,0,100,6,0,580,6,15,3,24,10,10
"agent ForwardAgent #197",ForwardAgent,0.08,0,0.69,100,0,0,0,0,4,100,0,0,0,100,0,0,100,4,0,253,0,9,0,8,10,10
"agent ForwardAgent #198",ForwardAgent,0.47,0,0.69,100,0,3,0,3,14,100,12,0,0,100,0,0,100,10,0,861,11,21,1,47,10,10
"agent ForwardAgent #199",ForwardAgent,0.14,0,0.69,100,0,0,0,0,2,100,2,0,0,100,0,0,100,6,0,376,4,15,2,14,10,10
"agent ForwardAgent #200",ForwardAgent,0.64,0,0.69,100,0,4,0,4,16,100,16,0,0,100,0,0,100,14,0,1096,18,23,3,64,10,10
"agent RandomAgent #201",RandomAgent,1.08,0,0.69,100,0,5,0,68,22,100,32,0,0,100,0,0,100,36,0,743,18,9,0,108,10,10
"agent RandomAgent #202",RandomAgent,0.59,0,0.69,100,0,8,0,27,13,100,19,0,0,100,0,0,100,17,0,511,10,9,1,59,10,10
"agent RandomAgent #203",RandomAgent,2.3,0,0.69,100,0,9,0,100,66,100,46,0,0,100,0,0,100,50,0,1707,68,23,2,230,10,10
"agent RandomAgent #204",RandomAgent,5.54,0,0.69,100,0,51,0,285,165,100,112,0,0,100,0,0,100,110,0,2945,167,23,3,554,10,10
"agent RandomAgent #205",RandomAgent,3.28,0,0.69,100,0,40,0,206,68,100,96,0,0,100,0,0,100,100,0,780,64,9,0,328,10,10
"agent RandomAgent #206",RandomAgent,0.51,0,0.69,100,0,8,0,31,14,100,14,0,0,100,0,0,100,12,0,417,11,9,1,51,10,10
"agent RandomAgent #207",RandomAgent,2.1,0,0.69,100,0,20,0,102,63,100,39,0,0,100,0,0,100,43,0,2132,65,17,2,210,10,10
"agent RandomAgent #208",RandomAgent,0.84,0,0.69,100,0,0,0,44,14,100,28,0,0,100,0,0,100,26,0,711,16,14,3,84,10,10
"agent RandomAgent #209",RandomAgent,1.74,0,0.69,100,0,18,0,104,28,100,59,0,0,100,0,0,100,63,0,544,24,9,0,174,10,10
"agent RandomAgent #210",RandomAgent,0.69,0,0.69,100,0,1,0,30,25,100,12,0,0,100,0,0,100,10,0,464,22,14,1,69,10,10
"agent RandomAgent #211",RandomAgent,0.76,0,0.69,100,0,7,0,37,24,100,11,0,0,100,0,0,100,15,0,855,26,20,2,76,10,10
"agent RandomAgent #212",RandomAgent,0.82,0,0.69,100,0,0,0,41,18,100,23,0,0,100,0,0,100,21,0,652,20,13,3,82,10,10
"agent RandomAgent #213",RandomAgent,0.64,0,0.69,100,0,7,0,34,15,100,17,0,0,100,0,0,100,21,0,597,11,9,0,64,10,10
"agent RandomAgent #214",RandomAgent,1.05,0,0.69,100,0,8,0,51,32,100,23,0,0,100,0,0,100,21,0,653,29,10,1,105,10,10
"agent RandomAgent #215",RandomAgent,0.96,0,0.69,100,0,3,0,38,15,100,30,0,0,100,0,0,100,34,0,958,17,16,2,96,10,10
"agent RandomAgent #216",RandomAgent,4.08,0,0.69,100,0,45,0,208,141,100,63,0,0,100,0,0,100,61,0,2648,143,20,3,408,10,10
"agent RandomAgent #217",RandomAgent,0.2,0,0.69,100,0,4,0,12,5,100,5,0,0,100,0,0,100,9,0,217,1,9,0,20,10,10
"agent RandomAgent #218",RandomAgent,8.89,0,0.69,100,0,80,0,468,269,100,178,0,0,100,0,0,100,176,0,1509,266,23,1,889,10,10
"agent RandomAgent #219",RandomAgent,1.58,0,0.69,100,0,6,0,81,32,100,44,0,0,100,0,0,100,48,0,1298,34,22,2,158,10,10
"agent RandomAgent #220",RandomAgent,0.28,0,0.69,100,0,0,0,16,5,100,9,0,0,100,0,0,100,7,0,237,7,7,3,28,10,10
"agent RandomAgent #221",RandomAgent,0.58,0,0.69,100,0,5,0,32,15,100,14,0,0,100,0,0,100,18,0,546,11,9,0,58,10,10
"agent RandomAgent #222",RandomAgent,0.67,0,0.69,100,0,4,0,35,22,100,14,0,0,100,0,0,100,12,0,427,19,10,1,67,10,10
"agent RandomAgent #223",RandomAgent,4.14,0,0.69,100,0,33,0,215,116,100,88,0,0,100,0,0,100,92,0,1910,118,23,2,414,10,10
"agent RandomAgent #224",RandomAgent,0.14,0,0.69,100,0,0,0,6,3,100,4,0,0,100,0,0,100,2,0,141,5,8,3,14,10,10
"agent RandomAgent #225",RandomAgent,0.86,0,0.69,100,0,18,0,54,14,100,29,0,0,100,0,0,100,33,0,448,10,9,0,86,10,10
"agent RandomAgent #226",RandomAgent,1.79,0,0.69,100,0,8,0,78,51,100,41,0,0,100,0,0,100,39,0,626,48,16,1,179,10,10
"agent RandomAgent #227",RandomAgent,4.14,0,0.69,100,0,24,0,217,106,100,98,0,0,100,0,0,100,102,0,2106,108,19,2,414,10,10
"agent RandomAgent #228",RandomAgent,0.82,0,0.69,100,0,4,0,45,22,100,19,0,0,100,0,0,100,17,0,316,24,11,3,82,10,10
"agent RandomAgent #229",RandomAgent,0.3,0,0.69,100,0,5,0,18,6,100,9,0,0,100,0,0,100,13,0,307,2,9,0,30,10,10
"agent RandomAgent #230",RandomAgent,0.05,0,0.69,100,0,0,0,0,3,100,2,0,0,100,0,0,100,0,0,40,0,6,1,5,10,10
"agent RandomAgent #231",RandomAgent,2.18,0,0.69,100,0,19,0,116,63,100,43,0,0,100,0,0,100,47,0,1698,65,18,2,218,10,10
"agent RandomAgent #232",RandomAgent,0.62,0,0.69,100,0,0,0,26,18,100,13,0,0,100,0,0,100,11,0,436,20,15,3,62,10,10
"agent RandomAgent #233",RandomAgent,0.54,0,0.69,100,0,5,0,24,13,100,14,0,0,100,0,0,100,18,0,390,9,9,0,54,10,10
"agent RandomAgent #234",RandomAgent,0.19,0,0.69,100,0,0,0,8,9,100,3,0,0,100,0,0,100,1,0,170,6,8,1,19,10,10
"agent RandomAgent #235",RandomAgent,1.24,0,0.69,100,0,10,0,61,38,100,21,0,0,100,0,0,100,25,0,908,40,22,2,124,10,10
"agent RandomAgent #236",RandomAgent,0.9,0,0.69,100,0,3,0,38,15,100,30,0,0,100,0,0,100,28,0,559,17,19,3,90,10,10
"agent RandomAgent #237",RandomAgent,0.18,0,0.69,100,0,0,0,6,4,100,5,0,0,100,0,0,100,9,0,79,0,9,0,18,10,10
"agent RandomAgent #238",RandomAgent,0.13,0,0.69,100,0,0,0,6,6,100,3,0,0,100,0,0,100,1,0,108,3,6,1,13,10,10
"agent RandomAgent #239",RandomAgent,1.84,0,0.69,100,0,17,0,100,51,100,38,0,0,100,0,0,100,42,0,1126,53,19,2,184,10,10
"agent RandomAgent #240",RandomAgent,0.28,0,0.69,100,0,0,0,11,7,100,7,0,0,100,0,0,100,5,0,175,9,8,3,28,10,10
"agent RandomAgent #241",RandomAgent,0.36,0,0.69,100,0,7,0,20,6,100,12,0,0,100,0,0,100,16,0,299,2,9,0,36,10,10
"agent RandomAgent #242",RandomAgent,0.17,0,0.69,100,0,0,0,8,8,100,3,0,0,100,0,0,100,1,0,124,5,8,1,17,10,10
"agent RandomAgent #243",RandomAgent,1.94,0,0.69,100,0,15,0,86,63,100,31,0,0,100,0,0,100,35,0,1364,65,21,2,194,10,10
"agent RandomAgent #244",RandomAgent,0.16,0,0.69,100,0,0,0,4,5,100,3,0,0,100,0,0,100,1,0,102,7,10,3,16,10,10
"agent RandomAgent #245",RandomAgent,0.54,0,0.69,100,0,4,0,28,14,100,13,0,0,100,0,0,100,17,0,323,10,9,0,54,10,10
"agent RandomAgent #246",RandomAgent,0.13,0,0.69,100,0,0,0,6,7,100,2,0,0,100,0,0,100,0,0,81,4,8,1,13,10,10
"agent RandomAgent #247",RandomAgent,1.46,0,0.69,100,0,22,0,79,47,100,23,0,0,100,0,0,100,27,0,1172,49,17,2,146,10,10
"agent RandomAgent #248",RandomAgent,1.36,0,0.69,100,0,12,0,74,26,100,42,0,0,100,0,0,100,40,0,762,28,17,3,136,10,10
"agent RandomAgent #249",RandomAgent,0.6,0,0.69,100,0,1,0,34,15,100,15,0,0,100,0,0,100,19,0,318,11,9,0,60,10,10
"agent RandomAgent #250",RandomAgent,0.91,0,0.69,100,0,1,0,52,33,100,15,0,0,100,0,0,100,13,0,359,30,12,1,91,10,10
"agent RandomAgent #251",RandomAgent,8.9,0,0.69,100,0,98,0,461,264,100,178,0,0,100,0,0,100,182,0,1966,266,23,2,890,10,10
"agent RandomAgent #252",RandomAgent,0.68,0,0.69,100,0,0,0,34,20,100,14,0,0,100,0,0,100,12,0,290,22,14,3,68,10,10
"agent RandomAgent #253",RandomAgent,0.56,0,0.69,100,0,4,0,28,17,100,11,0,0,100,0,0,100,15,0,220,13,9,0,56,10,10
"agent RandomAgent #254",RandomAgent,0.33,0,0.69,100,0,7,0,18,6,100,13,0,0,100,0,0,100,11,0,162,3,9,1,33,10,10
"agent RandomAgent #255",RandomAgent,2.74,0,0.69,100,0,29,0,131,81,100,53,0,0,100,0,0,100,57,0,1473,83,17,2,274,10,10
"agent RandomAgent #256",RandomAgent,1.52,0,0.69,100,0,4,0,79,35,100,41,0,0,100,0,0,100,39,0,854,37,17,3,152,10,10
"agent RandomAgent #257",RandomAgent,0.24,0,0.69,100,0,4,0,12,4,100,8,0,0,100,0,0,100,12,0,168,0,9,0,24,10,10
"agent RandomAgent #258",RandomAgent,1.43,0,0.69,100,0,7,0,64,36,100,38,0,0,100,0,0,100,36,0,338,33,18,1,143,10,10
"agent RandomAgent #259",RandomAgent,3.4,0,0.69,100,0,35,0,182,93,100,74,0,0,100,0,0,100,78,0,961,95,23,2,340,10,10
"agent RandomAgent #260",RandomAgent,2.34,0,0.69,100,0,18,0,130,78,100,39,0,0,100,0,0,100,37,0,736,80,21,3,234,10,10
"agent RandomAgent #261",RandomAgent,0.28,0,0.69,100,0,1,0,16,8,100,6,0,0,100,0,0,100,10,0,167,4,9,0,28,10,10
"agent RandomAgent #262",RandomAgent,0.13,0,0.69,100,0,2,0,3,4,100,5,0,0,100,0,0,100,3,0,51,1,9,1,13,10,10
"agent RandomAgent #263",RandomAgent,1.46,0,0.69,100,0,17,0,80,52,100,18,0,0,100,0,0,100,22,0,776,54,18,2,146,10,10
"agent RandomAgent #264",RandomAgent,1.66,0,0.69,100,0,17,0,78,57,100,26,0,0,100,0,0,100,24,0,580,59,23,3,166,10,10
"agent RandomAgent #265",RandomAgent,0.46,0,0.69,100,0,4,0,24,13,100,10,0,0,100,0,0,100,14,0,186,9,9,0,46,10,10
"agent RandomAgent #266",RandomAgent,0.51,0,0.69,100,0,2,0,26,20,100,8,0,0,100,0,0,100,6,0,158,17,10,1,51,10,10
"agent RandomAgent #267",RandomAgent,2.9,0,0.69,100,0,26,0,151,80,100,62,0,0,100,0,0,100,66,0,1091,82,17,2,290,10,10
"agent RandomAgent #268",RandomAgent,1.06,0,0.69,100,0,3,0,47,27,100,26,0,0,100,0,0,100,24,0,296,29,17,3,106,10,10
"agent RandomAgent #269",RandomAgent,0.4,0,0.69,100,0,0,0,22,13,100,7,0,0,100,0,0,100,11,0,152,9,9,0,40,10,10
"agent RandomAgent #270",RandomAgent,0.33,0,0.69,100,0,0,0,18,16,100,3,0,0,100,0,0,100,1,0,109,13,8,1,33,10,10
"agent RandomAgent #271",RandomAgent,2.52,0,0.69,100,0,11,0,133,50,100,73,0,0,100,0,0,100,77,0,537,52,22,2,252,10,10
"agent RandomAgent #272",RandomAgent,0.32,0,0.69,100,0,0,0,18,2,100,14,0,0,100,0,0,100,12,0,110,4,9,3,32,10,10
"agent RandomAgent #273",RandomAgent,1.0,0,0.69,100,0,5,0,56,27,100,23,0,0,100,0,0,100,27,0,174,23,9,0,100,10,10
"agent RandomAgent #274",RandomAgent,1.55,0,0.69,100,0,19,0,95,44,100,36,0,0,100,0,0,100,34,0,151,41,9,1,155,10,10
"agent RandomAgent #275",RandomAgent,4.4,0,0.69,100,0,43,0,233,145,100,72,0,0,100,0,0,100,76,0,1130,147,22,2,440,10,10
"agent RandomAgent #276",RandomAgent,1.4,0,0.69,100,0,7,0,76,42,100,28,0,0,100,0,0,100,26,0,285,44,23,3,140,10,10
"agent RandomAgent #277",RandomAgent,0.46,0,0.69,100,0,8,0,28,8,100,15,0,0,100,0,0,100,19,0,100,4,9,0,46,10,10
"agent RandomAgent #278",RandomAgent,0.47,0,0.69,100,0,0,0,19,18,100,8,0,0,100,0,0,100,6,0,79,15,11,1,47,10,10
"agent RandomAgent #279",RandomAgent,1.02,0,0.69,100,0,15,0,61,26,100,22,0,0,100,0,0,100,26,0,269,28,16,2,102,10,10
"agent RandomAgent #280",RandomAgent,0.34,0,0.69,100,0,0,0,13,13,100,4,0,0,100,0,0,100,2,0,60,15,10,3,34,10,10
"agent RandomAgent #281",RandomAgent,0.38,0,0.69,100,0,1,0,20,11,100,8,0,0,100,0,0,100,12,0,84,7,9,0,38,10,10
"agent RandomAgent #282",RandomAgent,0.15,0,0.69,100,0,0,0,5,6,100,4,0,0,100,0,0,100,2,0,34,3,9,1,15,10,10
"agent RandomAgent #283",RandomAgent,2.32,0,0.69,100,0,26,0,117,80,100,33,0,0,100,0,0,100,37,0,763,82,17,2,232,10,10
"agent RandomAgent #284",RandomAgent,3.34,0,0.69,100,0,37,0,172,111,100,56,0,0,100,0,0,100,54,0,659,113,19,3,334,10,10
"agent RandomAgent #285",RandomAgent,0.14,0,0.69,100,0,2,0,4,4,100,3,0,0,100,0,0,100,7,0,29,0,9,0,14,10,10
"agent RandomAgent #286",RandomAgent,1.23,0,0.69,100,0,13,0,64,40,100,24,0,0,100,0,0,100,22,0,150,37,23,1,123,10,10
"agent RandomAgent #287",RandomAgent,3.16,0,0.69,100,0,11,0,153,80,100,75,0,0,100,0,0,100,79,0,435,82,22,2,316,10,10
"agent RandomAgent #288",RandomAgent,3.86,0,0.69,100,0,10,0,172,97,100,96,0,0,100,0,0,100,94,0,483,99,23,3,386,10,10
"agent RandomAgent #289",RandomAgent,0.38,0,0.69,100,0,4,0,20,8,100,11,0,0,100,0,0,100,15,0,46,4,9,0,38,10,10
"agent RandomAgent #290",RandomAgent,1.45,0,0.69,100,0,23,0,81,34,100,41,0,0,100,0,0,100,39,0,15,31,11,1,145,10,10
"agent RandomAgent #291",RandomAgent,3.0,0,0.69,100,0,19,0,151,82,100,65,0,0,100,0,0,100,69,0,366,84,17,2,300,10,10
"agent RandomAgent #292",RandomAgent,8.4,0,0.69,100,0,73,0,429,238,100,182,0,0,100,0,0,100,180,0,591,240,18,3,840,10,10
"agent RandomAgent #293",RandomAgent,0.4,0,0.69,100,0,10,0,26,9,100,11,0,0,100,0,0,100,15,0,12,5,9,0,40,10,10
"agent RandomAgent #294",RandomAgent,0.11,0,0.69,100,0,0,0,3,5,100,3,0,0,100,0,0,100,1,0,2,2,8,1,11,10,10
"agent RandomAgent #295",RandomAgent,0.8,0,0.69,100,0,12,0,44,23,100,14,0,0,100,0,0,100,18,0,69,25,18,2,80,10,10
"agent RandomAgent #296",RandomAgent,7.86,0,0.69,100,0,86,0,419,234,100,159,0,0,100,0,0,100,157,0,292,236,23,3,786,10,10
"agent RandomAgent #297",RandomAgent,1.1,0,0.69,100,0,6,0,62,27,100,28,0,0,100,0,0,100,32,0,0,23,9,0,110,10,10
"agent RandomAgent #298",RandomAgent,2.55,0,0.69,100,0,20,0,128,61,100,69,0,0,100,0,0,100,67,0,68,58,20,1,255,10,10
"agent RandomAgent #299",RandomAgent,6.4,0,0.69,100,0,95,0,342,207,100,110,0,0,100,0,0,100,114,0,26,209,19,2,640,10,10
"agent RandomAgent #300",RandomAgent,1.26,0,0.69,100,0,9,0,70,33,100,30,0,0,100,0,0,100,28,0,0,35,17,3,126,10,10
"agent NegotiatingAgent #301",NegotiatingAgent,0.08,0,0.69,100,8,0,0,0,4,100,0,16,17,100,0,0,100,4,0,138,0,9,0,8,10,10
"agent NegotiatingAgent #302",NegotiatingAgent,0.39,69,0.69,100,24,3,0,3,12,100,10,48,62,100,0,0,100,8,0,483,9,23,1,39,10,10
"agent NegotiatingAgent #303",NegotiatingAgent,0.26,0,0.69,100,24,1,0,1,6,100,4,48,49,100,0,0,100,8,0,405,8,21,2,26,10,10
"agent NegotiatingAgent #304",NegotiatingAgent,0.4,25,0.69,100,38,3,0,3,10,100,10,78,79,100,0,0,100,8,0,502,12,23,3,40,10,10
"agent NegotiatingAgent #305",NegotiatingAgent,0.08,0,0.69,100,8,0,0,0,4,100,0,16,17,100,0,0,100,4,0,130,0,9,0,8,10,10
"agent NegotiatingAgent #306",NegotiatingAgent,0.11,0,0.69,100,7,1,0,1,4,100,4,17,18,100,0,0,100,2,0,172,1,9,1,11,10,10
"agent NegotiatingAgent #307",NegotiatingAgent,0.26,15,0.69,100,22,1,0,1,6,100,4,49,49,100,0,1,100,8,0,440,8,21,2,26,10,10
"agent NegotiatingAgent #308",NegotiatingAgent,0.04,0,0.69,100,3,0,0,0,0,100,2,5,7,100,0,0,100,0,0,92,2,5,3,4,10,10
"agent NegotiatingAgent #309",NegotiatingAgent,0.08,0,0.69,100,2,0,0,0,4,100,0,8,9,100,0,0,100,4,0,197,0,9,0,8,10,10
"agent NegotiatingAgent #310",NegotiatingAgent,0.11,0,0.69,100,5,1,0,1,4,100,4,14,14,100,0,1,100,2,0,215,1,9,1,11,10,10
"agent NegotiatingAgent #311",NegotiatingAgent,0.14,0,0.69,100,1,0,0,0,2,100,2,12,12,100,0,1,100,6,0,282,4,15,2,14,10,10
"agent NegotiatingAgent #312",NegotiatingAgent,0.28,2,0.69,100,18,2,0,2,6,100,8,44,44,100,0,1,100,6,0,480,8,17,3,28,10,10
"agent NegotiatingAgent #313",NegotiatingAgent,0.08,0,0.69,100,0,0,0,0,4,100,0,6,6,100,0,1,100,4,0,206,0,9,0,8,10,10
"agent NegotiatingAgent #314",NegotiatingAgent,0.11,0,0.69,100,4,1,0,1,4,100,4,11,12,100,0,0,100,2,0,206,1,9,1,11,10,10
"agent NegotiatingAgent #315",NegotiatingAgent,0.3,40,0.69,100,27,2,0,2,8,100,4,56,56,100,0,1,100,8,0,467,10,23,2,30,10,10
"agent NegotiatingAgent #316",NegotiatingAgent,0.4,18,0.69,100,32,3,0,3,10,100,10,69,70,100,0,0,100,8,0,573,12,23,3,40,10,10
"agent NegotiatingAgent #317",NegotiatingAgent,0.08,0,0.69,100,0,0,0,0,4,100,0,7,5,100,0,2,100,4,0,198,0,9,0,8,10,10
"agent NegotiatingAgent #318",NegotiatingAgent,0.39,13,0.69,100,3,3,0,3,12,100,10,38,34,100,0,4,100,8,0,747,9,23,1,39,10,10
"agent NegotiatingAgent #319",NegotiatingAgent,0.14,0,0.69,100,11,0,0,0,2,100,2,26,26,100,0,1,100,6,0,236,4,15,2,14,10,10
"agent NegotiatingAgent #320",NegotiatingAgent,0.4,60,0.69,100,5,3,0,3,10,100,10,46,43,100,2,4,100,8,0,702,12,23,3,40,10,10
"agent NegotiatingAgent #321",NegotiatingAgent,0.08,0,0.69,100,0,0,0,0,4,100,0,7,6,100,0,1,100,4,0,190,0,9,0,8,10,10
"agent NegotiatingAgent #322",NegotiatingAgent,0.05,0,0.69,100,1,0,0,0,3,100,2,3,4,100,0,0,100,0,0,118,0,6,1,5,10,10
"agent NegotiatingAgent #323",NegotiatingAgent,0.14,0,0.69,100,8,0,0,0,2,100,2,17,18,100,0,0,100,6,0,253,4,15,2,14,10,10
"agent NegotiatingAgent #324",NegotiatingAgent,0.16,6,0.69,100,11,1,0,1,4,100,4,26,27,100,0,0,100,2,0,262,6,11,3,16,10,10
"agent NegotiatingAgent #325",NegotiatingAgent,0.08,0,0.69,100,5,0,0,0,4,100,0,11,12,100,0,0,100,4,0,120,0,9,0,8,10,10
"agent NegotiatingAgent #326",NegotiatingAgent,0.11,0,0.69,100,3,1,0,1,4,100,4,9,10,100,0,0,100,2,0,187,1,9,1,11,10,10
"agent NegotiatingAgent #327",NegotiatingAgent,0.14,0,0.69,100,0,0,0,0,2,100,2,13,13,100,0,0,100,6,0,244,4,15,2,14,10,10
"agent NegotiatingAgent #328",NegotiatingAgent,0.4,0,0.69,100,0,3,0,3,10,100,10,42,40,100,3,2,100,8,0,652,12,23,3,40,10,10
"agent NegotiatingAgent #329",NegotiatingAgent,0.08,0,0.69,100,0,0,0,0,4,100,0,7,6,100,0,1,100,4,0,178,0,9,0,8,10,10
"agent NegotiatingAgent #330",NegotiatingAgent,0.05,0,0.69,100,0,0,0,0,3,100,2,4,4,100,0,0,100,0,0,111,0,6,1,5,10,10
"agent NegotiatingAgent #331",NegotiatingAgent,0.18,12,0.69,100,7,1,0,1,4,100,2,24,23,100,0,2,100,6,0,289,6,17,2,18,10,10
"agent NegotiatingAgent #332",NegotiatingAgent,0.28,0,0.69,100,0,2,0,2,6,100,8,27,23,100,0,4,100,6,0,517,8,17,3,28,10,10
"agent NegotiatingAgent #333",NegotiatingAgent,0.08,0,0.69,100,0,0,0,0,4,100,0,7,7,100,0,0,100,4,0,170,0,9,0,8,10,10
"agent NegotiatingAgent #334",NegotiatingAgent,0.05,0,0.69,100,0,0,0,0,3,100,2,4,4,100,0,0,100,0,0,106,0,6,1,5,10,10
"agent NegotiatingAgent #335",NegotiatingAgent,0.26,0,0.69,100,0,1,0,1,6,100,4,24,23,100,0,1,100,8,0,397,8,21,2,26,10,10
"agent NegotiatingAgent #336",NegotiatingAgent,0.16,0,0.69,100,0,1,0,1,4,100,4,14,13,100,0,1,100,2,0,258,6,11,3,16,10,10
"agent NegotiatingAgent #337",NegotiatingAgent,0.08,0,0.69,100,0,0,0,0,4,100,0,7,7,100,0,0,100,4,0,162,0,9,0,8,10,10
"agent NegotiatingAgent #338",NegotiatingAgent,0.11,0,0.69,100,0,1,0,1,4,100,4,10,9,100,0,1,100,2,0,181,1,9,1,11,10,10
"agent NegotiatingAgent #339",NegotiatingAgent,0.3,18,0.69,100,13,2,0,2,8,100,4,43,44,100,0,0,100,8,0,417,10,23,2,30,10,10
"agent NegotiatingAgent #340",NegotiatingAgent,0.4,0,0.69,100,0,3,0,3,10,100,10,41,37,100,1,4,100,8,0,656,12,23,3,40,10,10
"agent NegotiatingAgent #341",NegotiatingAgent,0.08,0,0.69,100,0,0,0,0,4,100,0,7,7,100,0,0,100,4,0,154,0,9,0,8,10,10
"agent NegotiatingAgent #342",NegotiatingAgent,0.33,2,0.69,100,10,2,0,2,11,100,8,41,40,100,0,2,100,6,0,527,8,20,1,33,10,10
"agent NegotiatingAgent #343",NegotiatingAgent,0.14,0,0.69,100,0,0,0,0,2,100,2,13,12,100,0,1,100,6,0,203,4,15,2,14,10,10
"agent NegotiatingAgent #344",NegotiatingAgent,0.4,0,0.69,100,0,3,0,3,10,100,10,41,39,100,1,2,100,8,0,612,12,23,3,40,10,10
"agent NegotiatingAgent #345",NegotiatingAgent,0.08,0,0.69,100,0,0,0,0,4,100,0,7,7,100,0,0,100,4,0,146,0,9,0,8,10,10
"agent NegotiatingAgent #346",NegotiatingAgent,0.05,0,0.69,100,0,0,0,0,3,100,2,4,3,100,0,1,100,0,0,95,0,6,1,5,10,10
"agent NegotiatingAgent #347",NegotiatingAgent,0.3,0,0.69,100,0,2,0,2,8,100,4,30,28,100,1,2,100,8,0,519,10,23,2,30,10,10
"agent NegotiatingAgent #348",NegotiatingAgent,0.04,0,0.69,100,0,0,0,0,0,100,2,2,2,100,0,0,100,0,0,59,2,5,3,4,10,10
"agent NegotiatingAgent #349",NegotiatingAgent,0.08,0,0.69,100,0,0,0,0,4,100,0,7,7,100,0,0,100,4,0,138,0,9,0,8,10,10
"agent NegotiatingAgent #350",NegotiatingAgent,0.39,0,0.69,100,0,3,0,3,12,100,10,39,37,100,2,2,100,8,0,698,9,23,1,39,10,10
"agent NegotiatingAgent #351",NegotiatingAgent,0.26,0,0.69,100,0,1,0,1,6,100,4,24,22,100,0,2,100,8,0,339,8,21,2,26,10,10
"agent NegotiatingAgent #352",NegotiatingAgent,0.28,0,0.69,100,8,2,0,2,6,100,8,36,36,100,0,1,100,6,0,345,8,17,3,28,10,10
"agent NegotiatingAgent #353",NegotiatingAgent,0.08,0,0.69,100,0,0,0,0,4,100,0,7,7,100,0,0,100,4,0,130,0,9,0,8,10,10
"agent NegotiatingAgent #354",NegotiatingAgent,0.11,0,0.69,100,0,1,0,1,4,100,4,10,10,100,0,0,100,2,0,158,1,9,1,11,10,10
"agent NegotiatingAgent #355",NegotiatingAgent,0.3,12,0.69,100,11,2,0,2,8,100,4,40,40,100,0,1,100,8,0,389,10,23,2,30,10,10
"agent NegotiatingAgent #356",NegotiatingAgent,0.4,0,0.69,100,0,3,0,3,10,100,10,39,37,100,0,2,100,8,0,553,12,23,3,40,10,10
"agent NegotiatingAgent #357",NegotiatingAgent,0.08,0,0.69,100,0,0,0,0,4,100,0,7,7,100,0,0,100,4,0,122,0,9,0,8,10,10
"agent NegotiatingAgent #358",NegotiatingAgent,0.33,0,0.69,100,8,2,0,2,11,100,8,41,41,100,0,1,100,6,0,412,8,20,1,33,10,10
"agent NegotiatingAgent #359",NegotiatingAgent,0.3,0,0.69,100,0,2,0,2,8,100,4,30,28,100,1,2,100,8,0,491,10,23,2,30,10,10
"agent NegotiatingAgent #360",NegotiatingAgent,0.04,0,0.69,100,0,0,0,0,0,100,2,2,2,100,0,0,100,0,0,53,2,5,3,4,10,10
"agent NegotiatingAgent #361",NegotiatingAgent,0.08,0,0.69,100,5,0,0,0,4,100,0,13,14,100,0,0,100,4,0,90,0,9,0,8,10,10
"agent NegotiatingAgent #362",NegotiatingAgent,0.33,0,0.69,100,0,2,0,2,11,100,8,32,28,100,0,4,100,6,0,550,8,20,1,33,10,10
"agent NegotiatingAgent #363",NegotiatingAgent,0.3,0,0.69,100,0,2,0,2,8,100,4,30,28,100,2,2,100,8,0,445,10,23,2,30,10,10
"agent NegotiatingAgent #364",NegotiatingAgent,0.16,0,0.69,100,0,1,0,1,4,100,4,14,13,100,0,1,100,2,0,221,6,11,3,16,10,10
"agent NegotiatingAgent #365",NegotiatingAgent,0.08,0,0.69,100,0,0,0,0,4,100,0,7,7,100,0,0,100,4,0,109,0,9,0,8,10,10
"agent NegotiatingAgent #366",NegotiatingAgent,0.33,0,0.69,100,5,2,0,2,11,100,8,33,32,100,0,2,100,6,0,543,8,20,1,33,10,10
"agent NegotiatingAgent #367",NegotiatingAgent,0.3,0,0.69,100,0,2,0,2,8,100,4,28,27,100,0,1,100,8,0,431,10,23,2,30,10,10
"agent NegotiatingAgent #368",NegotiatingAgent,0.4,0,0.69,100,0,3,0,3,10,100,10,39,35,100,0,4,100,8,0,488,12,23,3,40,10,10
"agent NegotiatingAgent #369",NegotiatingAgent,0.08,0,0.69,100,0,0,0,0,4,100,0,7,7,100,0,0,100,4,0,101,0,9,0,8,10,10
"agent NegotiatingAgent #370",NegotiatingAgent,0.11,0,0.69,100,0,1,0,1,4,100,4,10,8,100,0,2,100,2,0,143,1,9,1,11,10,10
"agent NegotiatingAgent #371",NegotiatingAgent,0.3,0,0.69,100,0,2,0,2,8,100,4,28,27,100,0,1,100,8,0,397,10,23,2,30,10,10
"agent NegotiatingAgent #372",NegotiatingAgent,0.28,0,0.69,100,0,2,0,2,6,100,8,27,25,100,0,2,100,6,0,350,8,17,3,28,10,10
"agent NegotiatingAgent #373",NegotiatingAgent,0.08,0,0.69,100,2,0,0,0,4,100,0,7,8,100,0,0,100,4,0,88,0,9,0,8,10,10
"agent NegotiatingAgent #374",NegotiatingAgent,0.39,0,0.69,100,0,3,0,3,12,100,10,39,36,100,2,3,100,8,0,598,9,23,1,39,10,10
"agent NegotiatingAgent #375",NegotiatingAgent,0.3,0,0.69,100,0,2,0,2,8,100,4,28,25,100,0,3,100,8,0,362,10,23,2,30,10,10
"agent NegotiatingAgent #376",NegotiatingAgent,0.28,4,0.69,100,10,2,0,2,6,100,8,34,35,100,0,0,100,6,0,321,8,17,3,28,10,10
"agent NegotiatingAgent #377",NegotiatingAgent,0.08,0,0.69,100,0,0,0,0,4,100,0,7,7,100,0,0,100,4,0,86,0,9,0,8,10,10
"agent NegotiatingAgent #378",NegotiatingAgent,0.11,0,0.69,100,2,1,0,1,4,100,4,9,10,100,0,0,100,2,0,122,1,9,1,11,10,10
"agent NegotiatingAgent #379",NegotiatingAgent,0.18,0,0.69,100,0,1,0,1,4,100,2,17,15,100,0,2,100,6,0,193,6,17,2,18,10,10
"agent NegotiatingAgent #380",NegotiatingAgent,0.04,0,0.69,100,0,0,0,0,0,100,2,2,2,100,0,0,100,0,0,43,2,5,3,4,10,10
"agent NegotiatingAgent #381",NegotiatingAgent,0.08,0,0.69,100,0,0,0,0,4,100,0,7,7,100,0,0,100,4,0,78,0,9,0,8,10,10
"agent NegotiatingAgent #382",NegotiatingAgent,0.39,0,0.69,100,0,3,0,3,12,100,10,38,36,100,0,2,100,8,0,568,9,23,1,39,10,10
"agent NegotiatingAgent #383",NegotiatingAgent,0.14,0,0.69,100,0,0,0,0,2,100,2,13,13,100,0,0,100,6,0,133,4,15,2,14,10,10
"agent NegotiatingAgent #384",NegotiatingAgent,0.04,0,0.69,100,0,0,0,0,0,100,2,2,2,100,0,0,100,0,0,39,2,5,3,4,10,10
"agent NegotiatingAgent #385",NegotiatingAgent,0.08,0,0.69,100,0,0,0,0,4,100,0,7,7,100,0,0,100,4,0,70,0,9,0,8,10,10
"agent NegotiatingAgent #386",NegotiatingAgent,0.33,0,0.69,100,0,2,0,2,11,100,8,32,27,100,0,5,100,6,0,479,8,20,1,33,10,10
"agent NegotiatingAgent #387",NegotiatingAgent,0.3,0,0.69,100,0,2,0,2,8,100,4,28,25,100,0,3,100,8,0,309,10,23,2,30,10,10
"agent NegotiatingAgent #388",NegotiatingAgent,0.4,0,0.69,100,0,3,0,3,10,100,10,39,37,100,0,2,100,8,0,401,12,23,3,40,10,10
"agent NegotiatingAgent #389",NegotiatingAgent,0.08,0,0.69,100,0,0,0,0,4,100,0,7,6,100,0,1,100,4,0,62,0,9,0,8,10,10
"agent NegotiatingAgent #390",NegotiatingAgent,0.39,0,0.69,100,0,3,0,3,12,100,10,38,36,100,0,2,100,8,0,510,9,23,1,39,10,10
"agent NegotiatingAgent #391",NegotiatingAgent,0.3,0,0.69,100,0,2,0,2,8,100,4,28,23,100,0,5,100,8,0,274,10,23,2,30,10,10
"agent NegotiatingAgent #392",NegotiatingAgent,0.28,0,0.69,100,0,2,0,2,6,100,8,27,25,100,0,2,100,6,0,272,8,17,3,28,10,10
"agent NegotiatingAgent #393",NegotiatingAgent,0.08,0,0.69,100,0,0,0,0,4,100,0,7,7,100,0,0,100,4,0,54,0,9,0,8,10,10
"agent NegotiatingAgent #394",NegotiatingAgent,0.33,0,0.69,100,0,2,0,2,11,100,8,32,29,100,0,3,100,6,0,423,8,20,1,33,10,10
"agent NegotiatingAgent #395",NegotiatingAgent,0.18,0,0.69,100,0,1,0,1,4,100,2,17,17,100,0,0,100,6,0,130,6,17,2,18,10,10
"agent NegotiatingAgent #396",NegotiatingAgent,0.28,0,0.69,100,0,2,0,2,6,100,8,27,26,100,0,1,100,6,0,241,8,17,3,28,10,10
"agent NegotiatingAgent #397",NegotiatingAgent,0.08,0,0.69,100,0,0,0,0,4,100,0,7,7,100,0,0,100,4,0,46,0,9,0,8,10,10
"agent NegotiatingAgent #398",NegotiatingAgent,0.39,0,0.69,100,0,3,0,3,12,100,10,38,35,100,0,3,100,8,0,475,9,23,1,39,10,10
"agent NegotiatingAgent #399",NegotiatingAgent,0.26,0,0.69,100,0,1,0,1,6,100,4,24,23,100,0,1,100,8,0,226,8,21,2,26,10,10
"agent NegotiatingAgent #400",NegotiatingAgent,0.28,0,0.69,100,0,2,0,2,6,100,8,27,24,100,0,3,100,6,0,210,8,17,3,28,10,10
