agentName,agentType,averageSpeed,cumulatedUtilityReceived,freeWallRatio,numBacktrackAgents,numCFPAnswered,numDeadends,numDifferentEncounters,numDirectionChanges,numDownSteps,numForwardAgents,numLeftSteps,numMessagesReceived,numMessagesSent,numNegotiatingAgents,numProposalsAccepted,numProposalsRejected,numRandomAgents,numRightSteps,numSwarmAgents,numTotalEncounters,numUpSteps,numVisitedCells,startingPosition,stepsToExit,xsize,ysize
"agent BacktrackAgent #1",BacktrackAgent,0.12,0,0.69,75,0,0,0,0,4,50,2,0,0,100,0,0,25,6,0,688,0,13,0,12,10,10
"agent BacktrackAgent #2",BacktrackAgent,0.19,0,0.69,75,0,1,0,1,4,50,8,0,0,100,0,0,25,6,0,738,1,13,1,19,10,10
"agent BacktrackAgent #3",BacktrackAgent,0.29,0,0.69,75,0,2,0,2,4,50,8,0,0,100,0,0,25,11,0,759,6,19,2,29,10,10
"agent BacktrackAgent #4",BacktrackAgent,0.2,0,0.69,75,0,1,0,1,2,50,8,0,0,100,0,0,25,6,0,463,4,17,3,20,10,10
"agent BacktrackAgent #5",BacktrackAgent,0.12,0,0.69,75,0,0,0,0,4,50,2,0,0,100,0,0,25,6,0,547,0,13,0,12,10,10
"agent BacktrackAgent #6",BacktrackAgent,0.19,0,0.69,75,0,1,0,1,4,50,8,0,0,100,0,0,25,6,0,572,1,13,1,19,10,10
"agent BacktrackAgent #7",BacktrackAgent,0.15,0,0.69,75,0,1,0,1,2,50,3,0,0,100,0,0,25,6,0,206,4,12,2,15,10,10
"agent BacktrackAgent #8",BacktrackAgent,0.2,0,0.69,75,0,1,0,1,2,50,8,0,0,100,0,0,25,6,0,375,4,17,3,20,10,10
"agent BacktrackAgent #9",BacktrackAgent,0.12,0,0.69,75,0,0,0,0,4,50,2,0,0,100,0,0,25,6,0,483,0,13,0,12,10,10
"agent BacktrackAgent #10",BacktrackAgent,0.05,0,0.69,75,0,0,0,0,3,50,2,0,0,100,0,0,25,0,0,146,0,6,1,5,10,10
"agent BacktrackAgent #11",BacktrackAgent,0.29,0,0.69,75,0,2,0,2,4,50,8,0,0,100,0,0,25,11,0,864,6,19,2,29,10,10
"agent BacktrackAgent #12",BacktrackAgent,0.24,0,0.69,75,0,2,0,2,4,50,8,0,0,100,0,0,25,6,0,656,6,19,3,24,10,10
"agent BacktrackAgent #13",BacktrackAgent,0.12,0,0.69,75,0,0,0,0,4,50,2,0,0,100,0,0,25,6,0,712,0,13,0,12,10,10
"agent BacktrackAgent #14",BacktrackAgent,0.19,0,0.69,75,0,1,0,1,4,50,8,0,0,100,0,0,25,6,0,768,1,13,1,19,10,10
"agent BacktrackAgent #15",BacktrackAgent,0.15,0,0.69,75,0,1,0,1,2,50,3,0,0,100,0,0,25,6,0,320,4,12,2,15,10,10
"agent BacktrackAgent #16",BacktrackAgent,0.16,0,0.69,75,0,1,0,1,2,50,6,0,0,100,0,0,25,4,0,485,4,15,3,16,10,10
"agent BacktrackAgent #17",BacktrackAgent,0.12,0,0.69,75,0,0,0,0,4,50,2,0,0,100,0,0,25,6,0,699,0,13,0,12,10,10
"agent BacktrackAgent #18",BacktrackAgent,0.05,0,0.69,75,0,0,0,0,3,50,2,0,0,100,0,0,25,0,0,140,0,6,1,5,10,10
"agent BacktrackAgent #19",BacktrackAgent,0.15,0,0.69,75,0,1,0,1,2,50,3,0,0,100,0,0,25,6,0,305,4,12,2,15,10,10
"agent BacktrackAgent #20",BacktrackAgent,0.16,0,0.69,75,0,1,0,1,2,50,6,0,0,100,0,0,25,4,0,465,4,15,3,16,10,10
"agent BacktrackAgent #21",BacktrackAgent,0.12,0,0.69,75,0,0,0,0,4,50,2,0,0,100,0,0,25,6,0,676,0,13,0,12,10,10
"agent BacktrackAgent #22",BacktrackAgent,0.05,0,0.69,75,0,0,0,0,3,50,2,0,0,100,0,0,25,0,0,135,0,6,1,5,10,10
"agent BacktrackAgent #23",BacktrackAgent,0.29,0,0.69,75,0,2,0,2,4,50,8,0,0,100,0,0,25,11,0,829,6,19,2,29,10,10
"agent BacktrackAgent #24",BacktrackAgent,0.24,0,0.69,75,0,2,0,2,4,50,8,0,0,100,0,0,25,6,0,602,6,19,3,24,10,10
"agent BacktrackAgent #25",BacktrackAgent,0.12,0,0.69,75,0,0,0,0,4,50,2,0,0,100,0,0,25,6,0,664,0,13,0,12,10,10
"agent BacktrackAgent #26",BacktrackAgent,0.05,0,0.69,75,0,0,0,0,3,50,2,0,0,100,0,0,25,0,0,130,0,6,1,5,10,10
"agent BacktrackAgent #27",BacktrackAgent,0.15,0,0.69,75,0,1,0,1,2,50,3,0,0,100,0,0,25,6,0,289,4,12,2,15,10,10
"agent BacktrackAgent #28",BacktrackAgent,0.2,0,0.69,75,0,1,0,1,2,50,8,0,0,100,0,0,25,6,0,511,4,17,3,20,10,10
"agent BacktrackAgent #29",BacktrackAgent,0.12,0,0.69,75,0,0,0,0,4,50,2,0,0,100,0,0,25,6,0,652,0,13,0,12,10,10
"agent BacktrackAgent #30",BacktrackAgent,0.19,0,0.69,75,0,1,0,1,4,50,8,0,0,100,0,0,25,6,0,722,1,13,1,19,10,10
"agent BacktrackAgent #31",BacktrackAgent,0.15,0,0.69,75,0,1,0,1,2,50,3,0,0,100,0,0,25,6,0,273,4,12,2,15,10,10
"agent BacktrackAgent #32",BacktrackAgent,0.24,0,0.69,75,0,2,0,2,4,50,8,0,0,100,0,0,25,6,0,573,6,19,3,24,10,10
"agent BacktrackAgent #33",BacktrackAgent,0.12,0,0.69,75,0,0,0,0,4,50,2,0,0,100,0,0,25,6,0,637,0,13,0,12,10,10
"agent BacktrackAgent #34",BacktrackAgent,0.19,0,0.69,75,0,1,0,1,4,50,8,0,0,100,0,0,25,6,0,702,1,13,1,19,10,10
"agent BacktrackAgent #35",BacktrackAgent,0.29,0,0.69,75,0,2,0,2,4,50,8,0,0,100,0,0,25,11,0,792,6,19,2,29,10,10
"agent BacktrackAgent #36",BacktrackAgent,0.12,0,0.69,75,0,0,0,0,0,50,6,0,0,100,0,0,25,4,0,373,2,13,3,12,10,10
"agent BacktrackAgent #37",BacktrackAgent,0.12,0,0.69,75,0,0,0,0,4,50,2,0,0,100,0,0,25,6,0,623,0,13,0,12,10,10
"agent BacktrackAgent #38",BacktrackAgent,0.19,0,0.69,75,0,1,0,1,4,50,8,0,0,100,0,0,25,6,0,682,1,13,1,19,10,10
"agent BacktrackAgent #39",BacktrackAgent,0.15,0,0.69,75,0,1,0,1,2,50,3,0,0,100,0,0,25,6,0,257,4,12,2,15,10,10
"agent BacktrackAgent #40",BacktrackAgent,0.24,0,0.69,75,0,2,0,2,4,50,8,0,0,100,0,0,25,6,0,541,6,19,3,24,10,10
"agent BacktrackAgent #41",BacktrackAgent,0.12,0,0.69,75,0,0,0,0,4,50,2,0,0,100,0,0,25,6,0,610,0,13,0,12,10,10
"agent BacktrackAgent #42",BacktrackAgent,0.05,0,0.69,75,0,0,0,0,3,50,2,0,0,100,0,0,25,0,0,122,0,6,1,5,10,10
"agent BacktrackAgent #43",BacktrackAgent,0.07,0,0.69,75,0,0,0,0,0,50,1,0,0,100,0,0,25,4,0,154,2,8,2,7,10,10
"agent BacktrackAgent #44",BacktrackAgent,0.24,0,0.69,75,0,2,0,2,4,50,8,0,0,100,0,0,25,6,0,517,6,19,3,24,10,10
"agent BacktrackAgent #45",BacktrackAgent,0.12,0,0.69,75,0,0,0,0,4,50,2,0,0,100,0,0,25,6,0,598,0,13,0,12,10,10
"agent BacktrackAgent #46",BacktrackAgent,0.19,0,0.69,75,0,1,0,1,4,50,8,0,0,100,0,0,25,6,0,660,1,13,1,19,10,10
"agent BacktrackAgent #47",BacktrackAgent,0.15,0,0.69,75,0,1,0,1,2,50,3,0,0,100,0,0,25,6,0,238,4,12,2,15,10,10
"agent BacktrackAgent #48",BacktrackAgent,0.24,0,0.69,75,0,2,0,2,4,50,8,0,0,100,0,0,25,6,0,492,6,19,3,24,10,10
"agent BacktrackAgent #49",BacktrackAgent,0.12,0,0.69,75,0,0,0,0,4,50,2,0,0,100,0,0,25,6,0,585,0,13,0,12,10,10
"agent BacktrackAgent #50",BacktrackAgent,0.05,0,0.69,75,0,0,0,0,3,50,2,0,0,100,0,0,25,0,0,116,0,6,1,5,10,10
"agent BacktrackAgent #51",BacktrackAgent,0.29,0,0.69,75,0,2,0,2,4,50,8,0,0,100,0,0,25,11,0,721,6,19,2,29,10,10
"agent BacktrackAgent #52",BacktrackAgent,0.24,0,0.69,75,0,2,0,2,4,50,8,0,0,100,0,0,25,6,0,465,6,19,3,24,10,10
"agent BacktrackAgent #53",BacktrackAgent,0.12,0,0.69,75,0,0,0,0,4,50,2,0,0,100,0,0,25,6,0,573,0,13,0,12,10,10
"agent BacktrackAgent #54",BacktrackAgent,0.19,0,0.69,75,0,1,0,1,4,50,8,0,0,100,0,0,25,6,0,637,1,13,1,19,10,10
"agent BacktrackAgent #55",BacktrackAgent,0.07,0,0.69,75,0,0,0,0,0,50,1,0,0,100,0,0,25,4,0,142,2,8,2,7,10,10
"agent BacktrackAgent #56",BacktrackAgent,0.12,0,0.69,75,0,0,0,0,0,50,6,0,0,100,0,0,25,4,0,341,2,13,3,12,10,10
"agent BacktrackAgent #57",BacktrackAgent,0.12,0,0.69,75,0,0,0,0,4,50,2,0,0,100,0,0,25,6,0,559,0,13,0,12,10,10
"agent BacktrackAgent #58",BacktrackAgent,0.19,0,0.69,75,0,1,0,1,4,50,8,0,0,100,0,0,25,6,0,617,1,13,1,19,10,10
"agent BacktrackAgent #59",BacktrackAgent,0.21,0,0.69,75,0,1,0,1,2,50,6,0,0,100,0,0,25,9,0,577,4,15,2,21,10,10
"agent BacktrackAgent #60",BacktrackAgent,0.2,0,0.69,75,0,1,0,1,2,50,8,0,0,100,0,0,25,6,0,429,4,17,3,20,10,10
"agent BacktrackAgent #61",BacktrackAgent,0.12,0,0.69,75,0,0,0,0,4,50,2,0,0,100,0,0,25,6,0,535,0,13,0,12,10,10
"agent BacktrackAgent #62",BacktrackAgent,0.19,0,0.69,75,0,1,0,1,4,50,8,0,0,100,0,0,25,6,0,595,1,13,1,19,10,10
"agent BacktrackAgent #63",BacktrackAgent,0.29,0,0.69,75,0,2,0,2,4,50,8,0,0,100,0,0,25,11,0,668,6,19,2,29,10,10
"agent BacktrackAgent #64",BacktrackAgent,0.2,0,0.69,75,0,1,0,1,2,50,8,0,0,100,0,0,25,6,0,408,4,17,3,20,10,10
"agent BacktrackAgent #65",BacktrackAgent,0.12,0,0.69,75,0,0,0,0,4,50,2,0,0,100,0,0,25,6,0,522,0,13,0,12,10,10
"agent BacktrackAgent #66",BacktrackAgent,0.05,0,0.69,75,0,0,0,0,3,50,2,0,0,100,0,0,25,0,0,108,0,6,1,5,10,10
"agent BacktrackAgent #67",BacktrackAgent,0.29,0,0.69,75,0,2,0,2,4,50,8,0,0,100,0,0,25,11,0,637,6,19,2,29,10,10
"agent BacktrackAgent #68",BacktrackAgent,0.16,0,0.69,75,0,1,0,1,2,50,6,0,0,100,0,0,25,4,0,342,4,15,3,16,10,10
"agent BacktrackAgent #69",BacktrackAgent,0.12,0,0.69,75,0,0,0,0,4,50,2,0,0,100,0,0,25,6,0,510,0,13,0,12,10,10
"agent BacktrackAgent #70",BacktrackAgent,0.19,0,0.69,75,0,1,0,1,4,50,8,0,0,100,0,0,25,6,0,555,1,13,1,19,10,10
"agent BacktrackAgent #71",BacktrackAgent,0.07,0,0.69,75,0,0,0,0,0,50,1,0,0,100,0,0,25,4,0,132,2,8,2,7,10,10
"agent BacktrackAgent #72",BacktrackAgent,0.12,0,0.69,75,0,0,0,0,0,50,6,0,0,100,0,0,25,4,0,303,2,13,3,12,10,10
"agent BacktrackAgent #73",BacktrackAgent,0.12,0,0.69,75,0,0,0,0,4,50,2,0,0,100,0,0,25,6,0,494,0,13,0,12,10,10
"agent BacktrackAgent #74",BacktrackAgent,0.05,0,0.69,75,0,0,0,0,3,50,2,0,0,100,0,0,25,0,0,102,0,6,1,5,10,10
"agent BacktrackAgent #75",BacktrackAgent,0.29,0,0.69,75,0,2,0,2,4,50,8,0,0,100,0,0,25,11,0,605,6,19,2,29,10,10
"agent ForwardAgent #76",ForwardAgent,0.16,0,0.69,75,0,1,0,1,2,50,6,0,0,100,0,0,25,4,0,255,4,15,3,16,10,10
"agent ForwardAgent #77",ForwardAgent,0.12,0,0.69,75,0,0,0,0,4,50,2,0,0,100,0,0,25,6,0,381,0,13,0,12,10,10
"agent ForwardAgent #78",ForwardAgent,0.19,0,0.69,75,0,1,0,1,4,50,8,0,0,100,0,0,25,6,0,445,1,13,1,19,10,10
"agent ForwardAgent #79",ForwardAgent,0.07,0,0.69,75,0,0,0,0,0,50,1,0,0,100,0,0,25,4,0,97,2,8,2,7,10,10
"agent ForwardAgent #80",ForwardAgent,0.12,0,0.69,75,0,0,0,0,0,50,6,0,0,100,0,0,25,4,0,233,2,13,3,12,10,10
"agent ForwardAgent #81",ForwardAgent,0.12,0,0.69,75,0,0,0,0,4,50,2,0,0,100,0,0,25,6,0,367,0,13,0,12,10,10
"agent ForwardAgent #82",ForwardAgent,0.05,0,0.69,75,0,0,0,0,3,50,2,0,0,100,0,0,25,0,0,82,0,6,1,5,10,10
"agent ForwardAgent #83",ForwardAgent,0.29,0,0.69,75,0,2,0,2,4,50,8,0,0,100,0,0,25,11,0,516,6,19,2,29,10,10
"agent ForwardAgent #84",ForwardAgent,0.12,0,0.69,75,0,0,0,0,0,50,6,0,0,100,0,0,25,4,0,219,2,13,3,12,10,10
"agent ForwardAgent #85",ForwardAgent,0.12,0,0.69,75,0,0,0,0,4,50,2,0,0,100,0,0,25,6,0,354,0,13,0,12,10,10
"agent ForwardAgent #86",ForwardAgent,0.19,0,0.69,75,0,1,0,1,4,50,8,0,0,100,0,0,25,6,0,423,1,13,1,19,10,10
"agent ForwardAgent #87",ForwardAgent,0.71,0,0.69,75,0,5,0,5,14,50,19,0,0,100,0,0,25,22,0,342,16,19,2,71,10,10
"agent ForwardAgent #88",ForwardAgent,0.16,0,0.69,75,0,1,0,1,2,50,6,0,0,100,0,0,25,4,0,235,4,15,3,16,10,10
"agent ForwardAgent #89",ForwardAgent,0.12,0,0.69,75,0,0,0,0,4,50,2,0,0,100,0,0,25,6,0,341,0,13,0,12,10,10
"agent ForwardAgent #90",ForwardAgent,0.19,0,0.69,75,0,1,0,1,4,50,8,0,0,100,0,0,25,6,0,403,1,13,1,19,10,10
"agent ForwardAgent #91",ForwardAgent,0.21,0,0.69,75,0,1,0,1,2,50,6,0,0,100,0,0,25,9,0,401,4,15,2,21,10,10
"agent ForwardAgent #92",ForwardAgent,0.16,0,0.69,75,0,1,0,1,2,50,6,0,0,100,0,0,25,4,0,218,4,15,3,16,10,10
"agent ForwardAgent #93",ForwardAgent,0.12,0,0.69,75,0,0,0,0,4,50,2,0,0,100,0,0,25,6,0,328,0,13,0,12,10,10
"agent ForwardAgent #94",ForwardAgent,0.05,0,0.69,75,0,0,0,0,3,50,2,0,0,100,0,0,25,0,0,75,0,6,1,5,10,10
"agent ForwardAgent #95",ForwardAgent,0.07,0,0.69,75,0,0,0,0,0,50,1,0,0,100,0,0,25,4,0,84,2,8,2,7,10,10
"agent ForwardAgent #96",ForwardAgent,0.12,0,0.69,75,0,0,0,0,0,50,6,0,0,100,0,0,25,4,0,201,2,13,3,12,10,10
"agent ForwardAgent #97",ForwardAgent,0.12,0,0.69,75,0,0,0,0,4,50,2,0,0,100,0,0,25,6,0,315,0,13,0,12,10,10
"agent ForwardAgent #98",ForwardAgent,0.05,0,0.69,75,0,0,0,0,3,50,2,0,0,100,0,0,25,0,0,70,0,6,1,5,10,10
"agent ForwardAgent #99",ForwardAgent,0.15,0,0.69,75,0,1,0,1,2,50,3,0,0,100,0,0,25,6,0,130,4,12,2,15,10,10
"agent ForwardAgent #100",ForwardAgent,0.48,0,0.69,75,0,3,0,3,8,50,16,0,0,100,0,0,25,14,0,434,10,19,3,48,10,10
"agent ForwardAgent #101",ForwardAgent,0.12,0,0.69,75,0,0,0,0,4,50,2,0,0,100,0,0,25,6,0,465,0,13,0,12,10,10
"agent ForwardAgent #102",ForwardAgent,0.19,0,0.69,75,0,1,0,1,4,50,8,0,0,100,0,0,25,6,0,530,1,13,1,19,10,10
"agent ForwardAgent #103",ForwardAgent,0.35,0,0.69,75,0,2,0,2,6,50,9,0,0,100,0,0,25,12,0,324,8,19,2,35,10,10
"agent ForwardAgent #104",ForwardAgent,0.24,0,0.69,75,0,2,0,2,4,50,8,0,0,100,0,0,25,6,0,405,6,19,3,24,10,10
"agent ForwardAgent #105",ForwardAgent,0.12,0,0.69,75,0,0,0,0,4,50,2,0,0,100,0,0,25,6,0,452,0,13,0,12,10,10
"agent ForwardAgent #106",ForwardAgent,0.19,0,0.69,75,0,1,0,1,4,50,8,0,0,100,0,0,25,6,0,510,1,13,1,19,10,10
"agent ForwardAgent #107",ForwardAgent,0.15,0,0.69,75,0,1,0,1,2,50,3,0,0,100,0,0,25,6,0,186,4,12,2,15,10,10
"agent ForwardAgent #108",ForwardAgent,0.12,0,0.69,75,0,0,0,0,0,50,6,0,0,100,0,0,25,4,0,259,2,13,3,12,10,10
"agent ForwardAgent #109",ForwardAgent,0.12,0,0.69,75,0,0,0,0,4,50,2,0,0,100,0,0,25,6,0,438,0,13,0,12,10,10
"agent ForwardAgent #110",ForwardAgent,0.19,0,0.69,75,0,1,0,1,4,50,8,0,0,100,0,0,25,6,0,490,1,13,1,19,10,10
"agent ForwardAgent #111",ForwardAgent,0.21,0,0.69,75,0,1,0,1,2,50,6,0,0,100,0,0,25,9,0,474,4,15,2,21,10,10
"agent ForwardAgent #112",ForwardAgent,0.52,0,0.69,75,0,4,0,4,10,50,16,0,0,100,0,0,25,14,0,446,12,19,3,52,10,10
"agent ForwardAgent #113",ForwardAgent,0.12,0,0.69,75,0,0,0,0,4,50,2,0,0,100,0,0,25,6,0,425,0,13,0,12,10,10
"agent ForwardAgent #114",ForwardAgent,0.05,0,0.69,75,0,0,0,0,3,50,2,0,0,100,0,0,25,0,0,88,0,6,1,5,10,10
"agent ForwardAgent #115",ForwardAgent,0.07,0,0.69,75,0,0,0,0,0,50,1,0,0,100,0,0,25,4,0,106,2,8,2,7,10,10
"agent ForwardAgent #116",ForwardAgent,0.16,0,0.69,75,0,1,0,1,2,50,6,0,0,100,0,0,25,4,0,283,4,15,3,16,10,10
"agent ForwardAgent #117",ForwardAgent,0.12,0,0.69,75,0,0,0,0,4,50,2,0,0,100,0,0,25,6,0,413,0,13,0,12,10,10
"agent ForwardAgent #118",ForwardAgent,0.19,0,0.69,75,0,1,0,1,4,50,8,0,0,100,0,0,25,6,0,468,1,13,1,19,10,10
"agent ForwardAgent #119",ForwardAgent,0.07,0,0.69,75,0,0,0,0,0,50,1,0,0,100,0,0,25,4,0,99,2,8,2,7,10,10
"agent ForwardAgent #120",ForwardAgent,0.12,0,0.69,75,0,0,0,0,0,50,6,0,0,100,0,0,25,4,0,241,2,13,3,12,10,10
"agent ForwardAgent #121",ForwardAgent,0.12,0,0.69,75,0,0,0,0,4,50,2,0,0,100,0,0,25,6,0,399,0,13,0,12,10,10
"agent ForwardAgent #122",ForwardAgent,0.05,0,0.69,75,0,0,0,0,3,50,2,0,0,100,0,0,25,0,0,82,0,6,1,5,10,10
"agent ForwardAgent #123",ForwardAgent,0.21,0,0.69,75,0,1,0,1,2,50,6,0,0,100,0,0,25,9,0,448,4,15,2,21,10,10
"agent ForwardAgent #124",ForwardAgent,0.24,0,0.69,75,0,2,0,2,4,50,8,0,0,100,0,0,25,6,0,342,6,19,3,24,10,10
"agent ForwardAgent #125",ForwardAgent,0.12,0,0.69,75,0,0,0,0,4,50,2,0,0,100,0,0,25,6,0,387,0,13,0,12,10,10
"agent RandomAgent #126",RandomAgent,0.87,0,0.69,75,0,2,0,33,16,50,30,0,0,100,0,0,25,28,0,212,13,13,1,87,10,10
"agent RandomAgent #127",RandomAgent,3.77,0,0.69,75,0,14,0,184,41,50,145,0,0,100,0,0,25,148,0,467,43,19,2,377,10,10
"agent RandomAgent #128",RandomAgent,0.5,0,0.69,75,0,0,0,24,9,50,16,0,0,100,0,0,25,14,0,69,11,15,3,50,10,10
"agent RandomAgent #129",RandomAgent,0.38,0,0.69,75,0,7,0,26,4,50,15,0,0,100,0,0,25,19,0,103,0,13,0,38,10,10
"agent RandomAgent #130",RandomAgent,0.79,0,0.69,75,0,2,0,43,10,50,32,0,0,100,0,0,25,30,0,216,7,13,1,79,10,10
"agent RandomAgent #131",RandomAgent,0.85,0,0.69,75,0,0,0,46,14,50,26,0,0,100,0,0,25,29,0,166,16,12,2,85,10,10
"agent RandomAgent #132",RandomAgent,3.92,0,0.69,75,0,33,0,192,81,50,115,0,0,100,0,0,25,113,0,295,83,19,3,392,10,10
"agent RandomAgent #133",RandomAgent,2.84,0,0.69,75,0,40,0,154,6,50,136,0,0,100,0,0,25,140,0,276,2,13,0,284,10,10
"agent RandomAgent #134",RandomAgent,0.15,0,0.69,75,0,0,0,4,5,50,5,0,0,100,0,0,25,3,0,26,2,6,1,15,10,10
"agent RandomAgent #135",RandomAgent,3.47,0,0.69,75,0,29,0,189,61,50,110,0,0,100,0,0,25,113,0,251,63,19,2,347,10,10
"agent RandomAgent #136",RandomAgent,2.28,0,0.69,75,0,11,0,119,34,50,80,0,0,100,0,0,25,78,0,198,36,19,3,228,10,10
"agent RandomAgent #137",RandomAgent,0.96,0,0.69,75,0,4,0,60,9,50,39,0,0,100,0,0,25,43,0,134,5,13,0,96,10,10
"agent RandomAgent #138",RandomAgent,0.13,0,0.69,75,0,0,0,6,4,50,5,0,0,100,0,0,25,3,0,7,1,6,1,13,10,10
"agent RandomAgent #139",RandomAgent,1.33,0,0.69,75,0,5,0,57,16,50,48,0,0,100,0,0,25,51,0,143,18,15,2,133,10,10
"agent RandomAgent #140",RandomAgent,1.12,0,0.69,75,0,14,0,70,24,50,32,0,0,100,0,0,25,30,0,131,26,19,3,112,10,10
"agent RandomAgent #141",RandomAgent,0.88,0,0.69,75,0,7,0,48,6,50,38,0,0,100,0,0,25,42,0,142,2,13,0,88,10,10
"agent RandomAgent #142",RandomAgent,2.79,0,0.69,75,0,20,0,151,19,50,123,0,0,100,0,0,25,121,0,170,16,13,1,279,10,10
"agent RandomAgent #143",RandomAgent,1.53,0,0.69,75,0,4,0,76,22,50,52,0,0,100,0,0,25,55,0,53,24,17,2,153,10,10
"agent RandomAgent #144",RandomAgent,0.88,0,0.69,75,0,1,0,43,7,50,37,0,0,100,0,0,25,35,0,47,9,15,3,88,10,10
"agent RandomAgent #145",RandomAgent,0.3,0,0.69,75,0,0,0,14,7,50,8,0,0,100,0,0,25,12,0,23,3,13,0,30,10,10
"agent RandomAgent #146",RandomAgent,3.43,0,0.69,75,0,19,0,179,38,50,136,0,0,100,0,0,25,134,0,43,35,13,1,343,10,10
"agent RandomAgent #147",RandomAgent,3.19,0,0.69,75,0,22,0,173,64,50,93,0,0,100,0,0,25,96,0,9,66,19,2,319,10,10
"agent RandomAgent #148",RandomAgent,1.04,0,0.69,75,0,13,0,57,37,50,15,0,0,100,0,0,25,13,0,0,39,17,3,104,10,10
"agent RandomAgent #149",RandomAgent,0.98,0,0.69,75,0,2,0,52,7,50,42,0,0,100,0,0,25,46,0,14,3,13,0,98,10,10
"agent RandomAgent #150",RandomAgent,0.69,0,0.69,75,0,4,0,29,8,50,29,0,0,100,0,0,25,27,0,0,5,13,1,69,10,10
"agent NegotiatingAgent #151",NegotiatingAgent,0.29,14,0.69,75,28,2,0,2,4,50,8,56,48,100,0,0,25,11,0,143,6,19,2,29,10,10
"agent NegotiatingAgent #152",NegotiatingAgent,0.2,0,0.69,75,14,1,0,1,2,50,8,29,30,100,0,0,25,6,0,233,4,17,3,20,10,10
"agent NegotiatingAgent #153",NegotiatingAgent,0.12,0,0.69,75,12,0,0,0,4,50,2,24,25,100,0,0,25,6,0,123,0,13,0,12,10,10
"agent NegotiatingAgent #154",NegotiatingAgent,0.19,0,0.69,75,18,1,0,1,4,50,8,37,38,100,0,0,25,6,0,132,1,13,1,19,10,10
"agent NegotiatingAgent #155",NegotiatingAgent,0.15,4,0.69,75,14,1,0,1,2,50,3,29,30,100,0,0,25,6,0,117,4,12,2,15,10,10
"agent NegotiatingAgent #156",NegotiatingAgent,0.16,6,0.69,75,14,1,0,1,2,50,6,31,32,100,0,0,25,4,0,132,4,15,3,16,10,10
"agent NegotiatingAgent #157",NegotiatingAgent,0.12,0,0.69,75,4,0,0,0,4,50,2,10,14,100,0,1,25,6,0,236,0,13,0,12,10,10
"agent NegotiatingAgent #158",NegotiatingAgent,0.19,0,0.69,75,10,1,0,1,4,50,8,24,27,100,0,1,25,6,0,254,1,13,1,19,10,10
"agent NegotiatingAgent #159",NegotiatingAgent,0.21,6,0.69,75,12,1,0,1,2,50,6,29,28,100,0,2,25,9,0,181,4,15,2,21,10,10
"agent NegotiatingAgent #160",NegotiatingAgent,0.16,6,0.69,75,8,1,0,1,2,50,6,21,21,100,0,1,25,4,0,183,4,15,3,16,10,10
"agent NegotiatingAgent #161",NegotiatingAgent,0.12,0,0.69,75,6,0,0,0,4,50,2,13,14,100,0,0,25,6,0,279,0,13,0,12,10,10
"agent NegotiatingAgent #162",NegotiatingAgent,0.05,0,0.69,75,4,0,0,0,3,50,2,8,9,100,0,0,25,0,0,44,0,6,1,5,10,10
"agent NegotiatingAgent #163",NegotiatingAgent,0.21,2,0.69,75,13,1,0,1,2,50,6,33,33,100,0,0,25,9,0,258,4,15,2,21,10,10
"agent NegotiatingAgent #164",NegotiatingAgent,0.2,12,0.69,75,4,1,0,1,2,50,8,20,20,100,0,3,25,6,0,253,4,17,3,20,10,10
"agent NegotiatingAgent #165",NegotiatingAgent,0.12,0,0.69,75,0,0,0,0,4,50,2,10,8,100,0,2,25,6,0,290,0,13,0,12,10,10
"agent NegotiatingAgent #166",NegotiatingAgent,0.19,0,0.69,75,15,1,0,1,4,50,8,34,33,100,0,0,25,6,0,124,1,13,1,19,10,10
"agent NegotiatingAgent #167",NegotiatingAgent,0.15,0,0.69,75,10,1,0,1,2,50,3,21,22,100,0,0,25,6,0,118,4,12,2,15,10,10
"agent NegotiatingAgent #168",NegotiatingAgent,0.2,8,0.69,75,6,1,0,1,2,50,8,23,24,100,0,1,25,6,0,219,4,17,3,20,10,10
"agent NegotiatingAgent #169",NegotiatingAgent,0.12,0,0.69,75,0,0,0,0,4,50,2,10,9,100,0,1,25,6,0,276,0,13,0,12,10,10
"agent NegotiatingAgent #170",NegotiatingAgent,0.05,0,0.69,75,1,0,0,0,3,50,2,3,4,100,0,0,25,0,0,51,0,6,1,5,10,10
"agent NegotiatingAgent #171",NegotiatingAgent,0.21,0,0.69,75,0,1,0,1,2,50,6,19,16,100,0,3,25,9,0,316,4,15,2,21,10,10
"agent NegotiatingAgent #172",NegotiatingAgent,0.2,0,0.69,75,6,1,0,1,2,50,8,22,22,100,0,0,25,6,0,205,4,17,3,20,10,10
"agent NegotiatingAgent #173",NegotiatingAgent,0.12,0,0.69,75,3,0,0,0,4,50,2,11,12,100,0,0,25,6,0,254,0,13,0,12,10,10
"agent NegotiatingAgent #174",NegotiatingAgent,0.19,0,0.69,75,0,1,0,1,4,50,8,18,16,100,0,2,25,6,0,342,1,13,1,19,10,10
"agent NegotiatingAgent #175",NegotiatingAgent,0.15,0,0.69,75,2,1,0,1,2,50,3,16,15,100,0,2,25,6,0,105,4,12,2,15,10,10
"agent NegotiatingAgent #176",NegotiatingAgent,0.12,0,0.69,75,2,0,0,0,0,50,6,11,11,100,0,1,25,4,0,130,2,13,3,12,10,10
"agent NegotiatingAgent #177",NegotiatingAgent,0.12,0,0.69,75,0,0,0,0,4,50,2,10,9,100,0,1,25,6,0,254,0,13,0,12,10,10
"agent NegotiatingAgent #178",NegotiatingAgent,0.19,0,0.69,75,0,1,0,1,4,50,8,18,15,100,0,3,25,6,0,322,1,13,1,19,10,10
"agent NegotiatingAgent #179",NegotiatingAgent,0.15,0,0.69,75,0,1,0,1,2,50,3,14,11,100,0,3,25,6,0,70,4,12,2,15,10,10
"agent NegotiatingAgent #180",NegotiatingAgent,0.2,0,0.69,75,0,1,0,1,2,50,8,18,14,100,0,4,25,6,0,189,4,17,3,20,10,10
"agent NegotiatingAgent #181",NegotiatingAgent,0.12,0,0.69,75,3,0,0,0,4,50,2,11,12,100,0,0,25,6,0,227,0,13,0,12,10,10
"agent NegotiatingAgent #182",NegotiatingAgent,0.05,0,0.69,75,0,0,0,0,3,50,2,4,4,100,0,0,25,0,0,44,0,6,1,5,10,10
"agent NegotiatingAgent #183",NegotiatingAgent,0.21,0,0.69,75,8,1,0,1,2,50,6,26,27,100,0,0,25,9,0,211,4,15,2,21,10,10
"agent NegotiatingAgent #184",NegotiatingAgent,0.24,6,0.69,75,11,2,0,2,4,50,8,29,27,100,0,1,25,6,0,189,6,19,3,24,10,10
"agent NegotiatingAgent #185",NegotiatingAgent,0.12,0,0.69,75,0,0,0,0,4,50,2,10,9,100,0,1,25,6,0,231,0,13,0,12,10,10
"agent NegotiatingAgent #186",NegotiatingAgent,0.05,0,0.69,75,0,0,0,0,3,50,2,4,3,100,0,1,25,0,0,39,0,6,1,5,10,10
"agent NegotiatingAgent #187",NegotiatingAgent,0.21,0,0.69,75,9,1,0,1,2,50,6,26,27,100,0,0,25,9,0,195,4,15,2,21,10,10
"agent NegotiatingAgent #188",NegotiatingAgent,0.12,0,0.69,75,8,0,0,0,0,50,6,21,22,100,0,0,25,4,0,99,2,13,3,12,10,10
"agent NegotiatingAgent #189",NegotiatingAgent,0.12,0,0.69,75,6,0,0,0,4,50,2,13,14,100,0,0,25,6,0,200,0,13,0,12,10,10
"agent NegotiatingAgent #190",NegotiatingAgent,0.19,0,0.69,75,0,1,0,1,4,50,8,18,17,100,0,1,25,6,0,298,1,13,1,19,10,10
"agent NegotiatingAgent #191",NegotiatingAgent,0.29,0,0.69,75,0,2,0,2,4,50,8,27,25,100,0,2,25,11,0,318,6,19,2,29,10,10
"agent NegotiatingAgent #192",NegotiatingAgent,0.24,0,0.69,75,0,2,0,2,4,50,8,22,20,100,0,2,25,6,0,179,6,19,3,24,10,10
"agent NegotiatingAgent #193",NegotiatingAgent,0.12,0,0.69,75,0,0,0,0,4,50,2,10,10,100,0,0,25,6,0,210,0,13,0,12,10,10
"agent NegotiatingAgent #194",NegotiatingAgent,0.19,0,0.69,75,0,1,0,1,4,50,8,18,16,100,0,2,25,6,0,278,1,13,1,19,10,10
"agent NegotiatingAgent #195",NegotiatingAgent,0.07,0,0.69,75,0,0,0,0,0,50,1,6,4,100,0,2,25,4,0,44,2,8,2,7,10,10
"agent NegotiatingAgent #196",NegotiatingAgent,0.16,0,0.69,75,0,1,0,1,2,50,6,14,12,100,0,2,25,4,0,135,4,15,3,16,10,10
"agent NegotiatingAgent #197",NegotiatingAgent,0.12,0,0.69,75,0,0,0,0,4,50,2,10,10,100,0,0,25,6,0,197,0,13,0,12,10,10
"agent NegotiatingAgent #198",NegotiatingAgent,0.05,0,0.69,75,0,0,0,0,3,50,2,3,4,100,0,0,25,0,0,32,0,6,1,5,10,10
"agent NegotiatingAgent #199",NegotiatingAgent,0.29,0,0.69,75,0,2,0,2,4,50,8,27,27,100,0,0,25,11,0,285,6,19,2,29,10,10
"agent NegotiatingAgent #200",NegotiatingAgent,0.12,0,0.69,75,0,0,0,0,0,50,6,10,10,100,0,0,25,4,0,110,2,13,3,12,10,10
"agent NegotiatingAgent #201",NegotiatingAgent,0.12,0,0.69,75,0,0,0,0,4,50,2,10,10,100,0,0,25,6,0,184,0,13,0,12,10,10
"agent NegotiatingAgent #202",NegotiatingAgent,0.05,0,0.69,75,0,0,0,0,3,50,2,3,4,100,0,0,25,0,0,27,0,6,1,5,10,10
"agent NegotiatingAgent #203",NegotiatingAgent,0.07,0,0.69,75,3,0,0,0,0,50,1,9,8,100,0,0,25,4,0,31,2,8,2,7,10,10
"agent NegotiatingAgent #204",NegotiatingAgent,0.16,0,0.69,75,0,1,0,1,2,50,6,14,13,100,0,1,25,4,0,117,4,15,3,16,10,10
"agent NegotiatingAgent #205",NegotiatingAgent,0.12,0,0.69,75,0,0,0,0,4,50,2,10,10,100,0,0,25,6,0,172,0,13,0,12,10,10
"agent NegotiatingAgent #206",NegotiatingAgent,0.19,0,0.69,75,0,1,0,1,4,50,8,18,17,100,0,1,25,6,0,254,1,13,1,19,10,10
"agent NegotiatingAgent #207",NegotiatingAgent,0.15,0,0.69,75,2,1,0,1,2,50,3,16,15,100,0,1,25,6,0,58,4,12,2,15,10,10
"agent NegotiatingAgent #208",NegotiatingAgent,0.2,0,0.69,75,0,1,0,1,2,50,8,18,17,100,0,1,25,6,0,130,4,17,3,20,10,10
"agent NegotiatingAgent #209",NegotiatingAgent,0.12,0,0.69,75,0,0,0,0,4,50,2,10,10,100,0,0,25,6,0,159,0,13,0,12,10,10
"agent NegotiatingAgent #210",NegotiatingAgent,0.19,0,0.69,75,0,1,0,1,4,50,8,18,18,100,0,0,25,6,0,234,1,13,1,19,10,10
"agent NegotiatingAgent #211",NegotiatingAgent,0.21,0,0.69,75,0,1,0,1,2,50,6,19,19,100,0,0,25,9,0,214,4,15,2,21,10,10
"agent NegotiatingAgent #212",NegotiatingAgent,0.12,0,0.69,75,0,0,0,0,0,50,6,10,9,100,0,1,25,4,0,79,2,13,3,12,10,10
"agent NegotiatingAgent #213",NegotiatingAgent,0.12,0,0.69,75,0,0,0,0,4,50,2,10,10,100,0,0,25,6,0,145,0,13,0,12,10,10
"agent NegotiatingAgent #214",NegotiatingAgent,0.19,0,0.69,75,0,1,0,1,4,50,8,18,17,100,0,1,25,6,0,214,1,13,1,19,10,10
"agent NegotiatingAgent #215",NegotiatingAgent,0.07,0,0.69,75,0,0,0,0,0,50,1,6,6,100,0,0,25,4,0,26,2,8,2,7,10,10
"agent NegotiatingAgent #216",NegotiatingAgent,0.12,0,0.69,75,0,0,0,0,0,50,6,10,9,100,0,1,25,4,0,66,2,13,3,12,10,10
"agent NegotiatingAgent #217",NegotiatingAgent,0.12,0,0.69,75,0,0,0,0,4,50,2,10,9,100,0,1,25,6,0,131,0,13,0,12,10,10
"agent NegotiatingAgent #218",NegotiatingAgent,0.05,0,0.69,75,1,0,0,0,3,50,2,5,6,100,0,0,25,0,0,19,0,6,1,5,10,10
"agent NegotiatingAgent #219",NegotiatingAgent,0.29,0,0.69,75,0,2,0,2,4,50,8,27,26,100,0,1,25,11,0,229,6,19,2,29,10,10
"agent NegotiatingAgent #220",NegotiatingAgent,0.2,0,0.69,75,0,1,0,1,2,50,8,18,18,100,0,0,25,6,0,90,4,17,3,20,10,10
"agent NegotiatingAgent #221",NegotiatingAgent,0.12,0,0.69,75,0,0,0,0,4,50,2,10,10,100,0,0,25,6,0,119,0,13,0,12,10,10
"agent NegotiatingAgent #222",NegotiatingAgent,0.19,0,0.69,75,0,1,0,1,4,50,8,18,18,100,0,0,25,6,0,192,1,13,1,19,10,10
"agent NegotiatingAgent #223",NegotiatingAgent,0.29,0,0.69,75,0,2,0,2,4,50,8,27,26,100,0,1,25,11,0,198,6,19,2,29,10,10
"agent NegotiatingAgent #224",NegotiatingAgent,0.16,0,0.69,75,3,1,0,1,2,50,6,17,18,100,0,0,25,4,0,75,4,15,3,16,10,10
"agent NegotiatingAgent #225",NegotiatingAgent,0.12,0,0.69,75,2,0,0,0,4,50,2,11,12,100,0,0,25,6,0,102,0,13,0,12,10,10
"agent NegotiatingAgent #226",NegotiatingAgent,0.19,0,0.69,75,0,1,0,1,4,50,8,18,18,100,0,0,25,6,0,172,1,13,1,19,10,10
"agent NegotiatingAgent #227",NegotiatingAgent,0.29,0,0.69,75,0,2,0,2,4,50,8,27,27,100,0,0,25,11,0,158,6,19,2,29,10,10
"agent NegotiatingAgent #228",NegotiatingAgent,0.24,0,0.69,75,0,2,0,2,4,50,8,24,20,100,1,3,25,6,0,103,6,19,3,24,10,10
"agent NegotiatingAgent #229",NegotiatingAgent,0.12,0,0.69,75,0,0,0,0,4,50,2,10,10,100,0,0,25,6,0,96,0,13,0,12,10,10
"agent NegotiatingAgent #230",NegotiatingAgent,0.05,0,0.69,75,0,0,0,0,3,50,2,3,4,100,0,0,25,0,0,12,0,6,1,5,10,10
"agent NegotiatingAgent #231",NegotiatingAgent,0.07,0,0.69,75,1,0,0,0,0,50,1,5,5,100,0,0,25,4,0,15,2,8,2,7,10,10
"agent NegotiatingAgent #232",NegotiatingAgent,0.24,0,0.69,75,1,2,0,2,4,50,8,21,21,100,0,1,25,6,0,81,6,19,3,24,10,10
"agent NegotiatingAgent #233",NegotiatingAgent,0.12,0,0.69,75,0,0,0,0,4,50,2,10,10,100,0,0,25,6,0,84,0,13,0,12,10,10
"agent NegotiatingAgent #234",NegotiatingAgent,0.19,0,0.69,75,0,1,0,1,4,50,8,18,16,100,0,2,25,6,0,150,1,13,1,19,10,10
"agent NegotiatingAgent #235",NegotiatingAgent,0.29,0,0.69,75,0,2,0,2,4,50,8,27,27,100,0,0,25,11,0,124,6,19,2,29,10,10
"agent NegotiatingAgent #236",NegotiatingAgent,0.16,0,0.69,75,0,1,0,1,2,50,6,14,13,100,0,1,25,4,0,61,4,15,3,16,10,10
"agent NegotiatingAgent #237",NegotiatingAgent,0.12,0,0.69,75,3,0,0,0,4,50,2,13,14,100,0,0,25,6,0,69,0,13,0,12,10,10
"agent NegotiatingAgent #238",NegotiatingAgent,0.19,0,0.69,75,0,1,0,1,4,50,8,18,18,100,0,0,25,6,0,130,1,13,1,19,10,10
"agent NegotiatingAgent #239",NegotiatingAgent,0.29,0,0.69,75,0,2,0,2,4,50,8,27,25,100,0,2,25,11,0,94,6,19,2,29,10,10
"agent NegotiatingAgent #240",NegotiatingAgent,0.2,0,0.69,75,0,1,0,1,2,50,8,18,17,100,0,1,25,6,0,53,4,17,3,20,10,10
"agent NegotiatingAgent #241",NegotiatingAgent,0.12,0,0.69,75,5,0,0,0,4,50,2,17,18,100,0,0,25,6,0,57,0,13,0,12,10,10
"agent NegotiatingAgent #242",NegotiatingAgent,0.19,0,0.69,75,0,1,0,1,4,50,8,18,17,100,0,1,25,6,0,104,1,13,1,19,10,10
"agent NegotiatingAgent #243",NegotiatingAgent,0.15,0,0.69,75,0,1,0,1,2,50,3,14,12,100,0,2,25,6,0,17,4,12,2,15,10,10
"agent NegotiatingAgent #244",NegotiatingAgent,0.16,0,0.69,75,0,1,0,1,2,50,6,14,14,100,0,0,25,4,0,39,4,15,3,16,10,10
"agent NegotiatingAgent #245",NegotiatingAgent,0.12,0,0.69,75,0,0,0,0,4,50,2,10,10,100,0,0,25,6,0,54,0,13,0,12,10,10
"agent NegotiatingAgent #246",NegotiatingAgent,0.19,0,0.69,75,0,1,0,1,4,50,8,18,18,100,0,0,25,6,0,84,1,13,1,19,10,10
"agent NegotiatingAgent #247",NegotiatingAgent,0.21,0,0.69,75,0,1,0,1,2,50,6,19,19,100,0,0,25,9,0,70,4,15,2,21,10,10
"agent NegotiatingAgent #248",NegotiatingAgent,0.2,0,0.69,75,0,1,0,1,2,50,8,18,17,100,0,1,25,6,0,30,4,17,3,20,10,10
"agent NegotiatingAgent #249",NegotiatingAgent,0.12,0,0.69,75,0,0,0,0,4,50,2,10,10,100,0,0,25,6,0,41,0,13,0,12,10,10
"agent NegotiatingAgent #250",NegotiatingAgent,0.19,0,0.69,75,0,1,0,1,4,50,8,18,18,100,0,0,25,6,0,64,1,13,1,19,10,10
