agentName,agentType,averageSpeed,cumulatedUtilityReceived,freeWallRatio,numBacktrackAgents,numCFPAnswered,numDeadends,numDifferentEncounters,numDirectionChanges,numDownSteps,numForwardAgents,numLeftSteps,numMessagesReceived,numMessagesSent,numNegotiatingAgents,numProposalsAccepted,numProposalsRejected,numRandomAgents,numRightSteps,numSwarmAgents,numTotalEncounters,numUpSteps,numVisitedCells,startingPosition,stepsToExit,xsize,ysize
"agent BacktrackAgent #1",BacktrackAgent,0.12,0,0.69,10,0,0,0,0,4,10,2,0,0,10,0,0,10,6,0,84,0,13,0,12,10,10
"agent BacktrackAgent #2",BacktrackAgent,0.05,0,0.69,10,0,0,0,0,3,10,2,0,0,10,0,0,10,0,0,21,0,6,1,5,10,10
"agent BacktrackAgent #3",BacktrackAgent,0.23,0,0.69,10,0,2,0,2,2,10,7,0,0,10,0,0,10,10,0,129,4,19,2,23,10,10
"agent BacktrackAgent #4",BacktrackAgent,0.16,0,0.69,10,0,0,0,0,2,10,6,0,0,10,0,0,10,4,0,94,4,17,3,16,10,10
"agent BacktrackAgent #5",BacktrackAgent,0.12,0,0.69,10,0,0,0,0,4,10,2,0,0,10,0,0,10,6,0,72,0,13,0,12,10,10
"agent BacktrackAgent #6",BacktrackAgent,0.19,0,0.69,10,0,1,0,1,4,10,8,0,0,10,0,0,10,6,0,49,1,13,1,19,10,10
"agent BacktrackAgent #7",BacktrackAgent,0.21,0,0.69,10,0,1,0,1,2,10,6,0,0,10,0,0,10,9,0,87,4,18,2,21,10,10
"agent BacktrackAgent #8",BacktrackAgent,0.16,0,0.69,10,0,0,0,0,2,10,6,0,0,10,0,0,10,4,0,77,4,17,3,16,10,10
"agent BacktrackAgent #9",BacktrackAgent,0.12,0,0.69,10,0,0,0,0,4,10,2,0,0,10,0,0,10,6,0,59,0,13,0,12,10,10
"agent BacktrackAgent #10",BacktrackAgent,0.05,0,0.69,10,0,0,0,0,3,10,2,0,0,10,0,0,10,0,0,24,0,6,1,5,10,10
"agent ForwardAgent #11",ForwardAgent,0.15,0,0.69,10,0,1,0,1,2,10,3,0,0,10,0,0,10,6,0,44,4,15,2,15,10,10
"agent ForwardAgent #12",ForwardAgent,0.16,0,0.69,10,0,0,0,0,2,10,6,0,0,10,0,0,10,4,0,49,4,17,3,16,10,10
"agent ForwardAgent #13",ForwardAgent,0.12,0,0.69,10,0,0,0,0,4,10,2,0,0,10,0,0,10,6,0,47,0,13,0,12,10,10
"agent ForwardAgent #14",ForwardAgent,0.05,0,0.69,10,0,0,0,0,3,10,2,0,0,10,0,0,10,0,0,15,0,6,1,5,10,10
"agent ForwardAgent #15",ForwardAgent,0.21,0,0.69,10,0,1,0,1,2,10,6,0,0,10,0,0,10,9,0,63,4,18,2,21,10,10
"agent ForwardAgent #16",ForwardAgent,0.52,0,0.69,10,0,6,0,6,2,10,24,0,0,10,0,0,10,22,0,84,4,19,3,52,10,10
"agent ForwardAgent #17",ForwardAgent,0.12,0,0.69,10,0,0,0,0,4,10,2,0,0,10,0,0,10,6,0,35,0,13,0,12,10,10
"agent ForwardAgent #18",ForwardAgent,0.05,0,0.69,10,0,0,0,0,3,10,2,0,0,10,0,0,10,0,0,10,0,6,1,5,10,10
"agent ForwardAgent #19",ForwardAgent,0.13,0,0.69,10,0,0,0,0,2,10,2,0,0,10,0,0,10,5,0,19,4,14,2,13,10,10
"agent ForwardAgent #20",ForwardAgent,0.16,0,0.69,10,0,0,0,0,2,10,6,0,0,10,0,0,10,4,0,27,4,17,3,16,10,10
"agent RandomAgent #21",RandomAgent,1.76,0,0.69,10,0,35,0,104,11,10,77,0,0,10,0,0,10,81,0,133,7,13,0,176,10,10
"agent RandomAgent #22",RandomAgent,1.79,0,0.69,10,0,10,0,93,21,10,71,0,0,10,0,0,10,69,0,48,18,13,1,179,10,10
"agent RandomAgent #23",RandomAgent,4.53,0,0.69,10,0,43,0,229,59,10,165,0,0,10,0,0,10,168,0,82,61,19,2,453,10,10
"agent RandomAgent #24",RandomAgent,3.22,0,0.69,10,0,40,0,190,30,10,131,0,0,10,0,0,10,129,0,39,32,19,3,322,10,10
"agent RandomAgent #25",RandomAgent,0.88,0,0.69,10,0,10,0,48,11,10,33,0,0,10,0,0,10,37,0,45,7,13,0,88,10,10
"agent RandomAgent #26",RandomAgent,0.75,0,0.69,10,0,9,0,43,14,10,26,0,0,10,0,0,10,24,0,12,11,13,1,75,10,10
"agent RandomAgent #27",RandomAgent,1.25,0,0.69,10,0,9,0,71,10,10,50,0,0,10,0,0,10,53,0,4,12,19,2,125,10,10
"agent RandomAgent #28",RandomAgent,0.48,0,0.69,10,0,2,0,19,5,10,19,0,0,10,0,0,10,17,0,0,7,19,3,48,10,10
"agent RandomAgent #29",RandomAgent,0.54,0,0.69,10,0,3,0,30,16,10,11,0,0,10,0,0,10,15,0,0,12,13,0,54,10,10
"agent RandomAgent #30",RandomAgent,0.09,0,0.69,10,0,0,0,2,5,10,2,0,0,10,0,0,10,0,0,0,2,7,1,9,10,10
"agent NegotiatingAgent #31",NegotiatingAgent,0.13,0,0.69,10,0,0,0,0,2,10,2,0,2,10,0,0,10,5,0,4,4,14,2,13,10,10
"agent NegotiatingAgent #32",NegotiatingAgent,0.16,22,0.69,10,12,0,0,0,2,10,6,19,26,10,0,0,10,4,0,37,4,17,3,16,10,10
"agent NegotiatingAgent #33",NegotiatingAgent,0.12,0,0.69,10,4,0,0,0,4,10,2,6,10,10,0,0,10,6,0,23,0,13,0,12,10,10
"agent NegotiatingAgent #34",NegotiatingAgent,0.05,0,0.69,10,0,0,0,0,3,10,2,0,0,10,0,0,10,0,0,2,0,6,1,5,10,10
"agent NegotiatingAgent #35",NegotiatingAgent,0.15,14,0.69,10,8,1,0,1,2,10,3,19,22,10,0,1,10,6,0,17,4,15,2,15,10,10
"agent NegotiatingAgent #36",NegotiatingAgent,0.16,0,0.69,10,1,0,0,0,2,10,6,14,9,10,0,5,10,4,0,12,4,17,3,16,10,10
"agent NegotiatingAgent #37",NegotiatingAgent,0.12,0,0.69,10,0,0,0,0,4,10,2,8,6,10,0,4,10,6,0,14,0,13,0,12,10,10
"agent NegotiatingAgent #38",NegotiatingAgent,0.19,0,0.69,10,0,1,0,1,4,10,8,2,13,10,0,0,10,6,0,26,1,13,1,19,10,10
"agent NegotiatingAgent #39",NegotiatingAgent,0.21,2,0.69,10,2,1,0,1,2,10,6,19,18,10,2,2,10,9,0,28,4,18,2,21,10,10
"agent NegotiatingAgent #40",NegotiatingAgent,0.2,0,0.69,10,0,1,0,1,2,10,8,19,16,10,3,2,10,6,0,8,4,19,3,20,10,10
