agentName,agentType,averageSpeed,cumulatedUtilityReceived,freeWallRatio,numBacktrackAgents,numCFPAnswered,numDeadends,numDifferentEncounters,numDirectionChanges,numDownSteps,numForwardAgents,numLeftSteps,numMessagesReceived,numMessagesSent,numNegotiatingAgents,numProposalsAccepted,numProposalsRejected,numRandomAgents,numRightSteps,numSwarmAgents,numTotalEncounters,numUpSteps,numVisitedCells,startingPosition,stepsToExit,xsize,ysize
"agent NegotiatingAgent #1",NegotiatingAgent,0.395,15072,0.5199,0,217,92,0,92,988,0,988,549,527,100,30,0,0,1036,0,794,938,2713,0,3950,100,100
"agent NegotiatingAgent #2",NegotiatingAgent,0.5071,18521,0.5199,0,215,86,0,87,1264,0,1320,695,684,100,108,2,0,1272,0,548,1215,2659,1,5071,100,100
"agent NegotiatingAgent #3",NegotiatingAgent,0.5311,8776,0.5199,0,107,133,0,133,1282,0,1327,520,485,100,113,6,0,1374,0,467,1328,3203,2,5311,100,100
"agent NegotiatingAgent #4",NegotiatingAgent,0.2032,6289,0.5199,0,103,47,0,48,463,0,554,461,420,100,84,18,0,506,0,399,509,1374,3,2032,100,100
"agent NegotiatingAgent #5",NegotiatingAgent,0.4842,11476,0.5199,0,141,94,0,98,1214,0,1208,626,585,100,111,18,0,1256,0,825,1164,3159,0,4842,100,100
"agent NegotiatingAgent #6",NegotiatingAgent,0.1275,1015,0.5199,0,27,41,0,40,332,0,354,98,93,100,8,15,0,306,0,181,283,761,1,1275,100,100
"agent NegotiatingAgent #7",NegotiatingAgent,0.5055,5421,0.5199,0,60,96,0,95,1216,0,1265,506,455,100,123,10,0,1312,0,202,1262,3075,2,5055,100,100
"agent NegotiatingAgent #8",NegotiatingAgent,0.1124,474,0.5199,0,9,19,0,20,255,0,308,142,121,100,35,15,0,260,0,83,301,920,3,1124,100,100
"agent NegotiatingAgent #9",NegotiatingAgent,0.2564,0,0.5199,0,0,31,0,32,661,0,622,487,395,100,154,18,0,670,0,0,611,2020,0,2564,100,100
"agent NegotiatingAgent #10",NegotiatingAgent,0.9127,15000,0.5199,0,193,223,0,222,2252,0,2360,390,383,100,1,0,0,2312,0,435,2203,4687,1,9127,100,100
"agent NegotiatingAgent #11",NegotiatingAgent,0.7213,20299,0.5199,0,257,183,0,182,1740,0,1820,538,518,100,0,0,0,1867,0,826,1786,4154,2,7213,100,100
"agent NegotiatingAgent #12",NegotiatingAgent,0.755,19721,0.5199,0,250,167,0,166,1832,0,1944,569,580,100,33,0,0,1896,0,710,1878,4133,3,7550,100,100
"agent NegotiatingAgent #13",NegotiatingAgent,0.277,11927,0.5199,0,200,50,0,49,686,0,700,418,401,100,5,0,0,748,0,476,636,2123,0,2770,100,100
"agent NegotiatingAgent #14",NegotiatingAgent,0.7399,13593,0.5199,0,170,153,0,154,1838,0,1910,357,372,100,10,2,0,1862,0,458,1789,3823,1,7399,100,100
"agent NegotiatingAgent #15",NegotiatingAgent,0.3069,11872,0.5199,0,167,51,0,51,742,0,746,405,358,100,6,1,0,793,0,501,788,2082,2,3069,100,100
"agent NegotiatingAgent #16",NegotiatingAgent,0.7534,13962,0.5199,0,189,165,0,165,1806,0,1962,538,531,100,62,4,0,1914,0,548,1852,4125,3,7534,100,100
"agent NegotiatingAgent #17",NegotiatingAgent,0.6304,31032,0.5199,0,363,153,0,155,1553,0,1600,825,780,100,18,13,0,1648,0,933,1503,3890,0,6304,100,100
"agent NegotiatingAgent #18",NegotiatingAgent,0.1815,8821,0.5199,0,141,60,0,59,466,0,490,314,285,100,1,3,0,442,0,420,417,1031,1,1815,100,100
"agent NegotiatingAgent #19",NegotiatingAgent,0.2539,8688,0.5199,0,146,52,0,51,594,0,629,328,299,100,7,0,0,676,0,419,640,1817,2,2539,100,100
"agent NegotiatingAgent #20",NegotiatingAgent,0.1814,4569,0.5199,0,73,47,0,46,404,0,504,239,210,100,17,15,0,456,0,260,450,1265,3,1814,100,100
"agent NegotiatingAgent #21",NegotiatingAgent,0.5142,20168,0.5199,0,278,110,0,111,1278,0,1294,626,609,100,22,0,0,1342,0,989,1228,3309,0,5142,100,100
"agent NegotiatingAgent #22",NegotiatingAgent,0.5169,9899,0.5199,0,133,74,0,75,1273,0,1360,339,321,100,25,4,0,1312,0,410,1224,2708,1,5169,100,100
"agent NegotiatingAgent #23",NegotiatingAgent,0.5453,11698,0.5199,0,133,138,0,137,1296,0,1384,380,369,100,50,1,0,1431,0,351,1342,3274,2,5453,100,100
"agent NegotiatingAgent #24",NegotiatingAgent,0.2064,4052,0.5199,0,72,48,0,48,467,0,566,219,208,100,24,6,0,518,0,210,513,1390,3,2064,100,100
"agent NegotiatingAgent #25",NegotiatingAgent,0.2762,8204,0.5199,0,142,57,0,57,698,0,684,487,436,100,60,3,0,732,0,536,648,2119,0,2762,100,100
"agent NegotiatingAgent #26",NegotiatingAgent,0.5805,18943,0.5199,0,216,96,0,99,1435,0,1516,594,590,100,63,6,0,1468,0,761,1386,3026,1,5805,100,100
"agent NegotiatingAgent #27",NegotiatingAgent,0.4599,11965,0.5199,0,160,93,0,92,1110,0,1143,388,348,100,19,0,0,1190,0,448,1156,2847,2,4599,100,100
"agent NegotiatingAgent #28",NegotiatingAgent,0.3128,8337,0.5199,0,113,76,0,76,717,0,848,325,302,100,28,10,0,800,0,358,763,1922,3,3128,100,100
"agent NegotiatingAgent #29",NegotiatingAgent,0.573,23300,0.5199,0,302,126,0,126,1428,0,1438,813,760,100,63,7,0,1486,0,817,1378,3603,0,5730,100,100
"agent NegotiatingAgent #30",NegotiatingAgent,0.7729,14893,0.5199,0,173,137,0,138,1911,0,2002,470,453,100,42,2,0,1954,0,422,1862,3988,1,7729,100,100
"agent NegotiatingAgent #31",NegotiatingAgent,0.1383,8778,0.5199,0,118,19,0,19,302,0,343,369,326,100,36,2,0,390,0,361,348,1239,2,1383,100,100
"agent NegotiatingAgent #32",NegotiatingAgent,0.7058,10120,0.5199,0,132,152,0,151,1686,0,1844,364,356,100,31,6,0,1796,0,593,1732,3887,3,7058,100,100
"agent NegotiatingAgent #33",NegotiatingAgent,0.425,9038,0.5199,0,122,81,0,81,1068,0,1058,593,534,100,118,7,0,1106,0,541,1018,2863,0,4250,100,100
"agent NegotiatingAgent #34",NegotiatingAgent,0.2217,4778,0.5199,0,72,58,0,57,565,0,592,246,218,100,31,3,0,544,0,194,516,1232,1,2217,100,100
"agent NegotiatingAgent #35",NegotiatingAgent,0.3763,12117,0.5199,0,152,57,0,56,894,0,941,463,435,100,42,8,0,988,0,672,940,2429,2,3763,100,100
"agent NegotiatingAgent #36",NegotiatingAgent,0.25,4193,0.5199,0,94,47,0,48,585,0,666,217,232,100,18,4,0,618,0,212,631,1608,3,2500,100,100
"agent NegotiatingAgent #37",NegotiatingAgent,0.5142,20378,0.5199,0,261,113,0,112,1276,0,1296,869,802,100,100,10,0,1344,0,1242,1226,3309,0,5142,100,100
"agent NegotiatingAgent #38",NegotiatingAgent,0.0409,1132,0.5199,0,31,14,0,13,121,0,132,132,106,100,11,11,0,84,0,133,72,328,1,409,100,100
"agent NegotiatingAgent #39",NegotiatingAgent,0.5337,10448,0.5199,0,130,130,0,131,1272,0,1350,510,467,100,79,5,0,1397,0,416,1318,3216,2,5337,100,100
"agent NegotiatingAgent #40",NegotiatingAgent,0.2474,9425,0.5199,0,145,55,0,54,578,0,660,406,380,100,28,21,0,612,0,416,624,1595,3,2474,100,100
"agent NegotiatingAgent #41",NegotiatingAgent,0.4682,16684,0.5199,0,213,82,0,84,1168,0,1174,785,765,100,131,11,0,1222,0,1086,1118,3079,0,4682,100,100
"agent NegotiatingAgent #42",NegotiatingAgent,0.1995,9710,0.5199,0,109,56,0,55,518,0,528,363,350,100,47,9,0,480,0,378,469,1121,1,1995,100,100
"agent NegotiatingAgent #43",NegotiatingAgent,0.2895,4722,0.5199,0,81,52,0,53,687,0,714,221,212,100,22,3,0,761,0,204,733,1995,2,2895,100,100
"agent NegotiatingAgent #44",NegotiatingAgent,0.1002,1493,0.5199,0,53,23,0,22,222,0,280,179,141,100,2,32,0,232,0,225,268,859,3,1002,100,100
"agent NegotiatingAgent #45",NegotiatingAgent,0.2986,12192,0.5199,0,191,63,0,64,750,0,744,543,473,100,33,7,0,792,0,861,700,2231,0,2986,100,100
"agent NegotiatingAgent #46",NegotiatingAgent,0.5589,10753,0.5199,0,120,74,0,78,1393,0,1450,602,565,100,136,6,0,1402,0,357,1344,2918,1,5589,100,100
"agent NegotiatingAgent #47",NegotiatingAgent,0.1691,3767,0.5199,0,51,28,0,27,382,0,417,377,322,100,81,11,0,464,0,386,428,1393,2,1691,100,100
"agent NegotiatingAgent #48",NegotiatingAgent,0.6242,9552,0.5199,0,126,112,0,114,1486,0,1636,568,535,100,117,8,0,1588,0,432,1532,3479,3,6242,100,100
"agent NegotiatingAgent #49",NegotiatingAgent,0.5962,14362,0.5199,0,202,131,0,134,1472,0,1510,908,832,100,177,8,0,1558,0,827,1422,3719,0,5962,100,100
"agent NegotiatingAgent #50",NegotiatingAgent,0.6831,9044,0.5199,0,109,117,0,117,1674,0,1790,466,463,100,102,6,0,1742,0,426,1625,3539,1,6831,100,100
"agent NegotiatingAgent #51",NegotiatingAgent,0.2219,5036,0.5199,0,71,43,0,42,502,0,561,419,360,100,79,7,0,608,0,474,548,1657,2,2219,100,100
"agent NegotiatingAgent #52",NegotiatingAgent,0.729,8006,0.5199,0,84,140,0,141,1768,0,1878,422,406,100,103,10,0,1830,0,274,1814,4003,3,7290,100,100
"agent NegotiatingAgent #53",NegotiatingAgent,0.6038,12060,0.5199,0,153,133,0,134,1480,0,1540,567,510,100,86,12,0,1588,0,558,1430,3757,0,6038,100,100
"agent NegotiatingAgent #54",NegotiatingAgent,0.0837,1162,0.5199,0,18,27,0,26,233,0,234,165,144,100,37,4,0,186,0,88,184,542,1,837,100,100
"agent NegotiatingAgent #55",NegotiatingAgent,0.2337,3318,0.5199,0,53,51,0,50,538,0,584,157,150,100,14,4,0,631,0,161,584,1716,2,2337,100,100
"agent NegotiatingAgent #56",NegotiatingAgent,0.1306,2311,0.5199,0,35,29,0,28,302,0,352,146,128,100,17,16,0,304,0,133,348,1011,3,1306,100,100
"agent NegotiatingAgent #57",NegotiatingAgent,0.2946,2814,0.5199,0,81,58,0,59,752,0,722,469,409,100,102,14,0,770,0,598,702,2211,0,2946,100,100
"agent NegotiatingAgent #58",NegotiatingAgent,0.6205,12276,0.5199,0,136,89,0,93,1523,0,1628,714,695,100,172,8,0,1580,0,513,1474,3226,1,6205,100,100
"agent NegotiatingAgent #59",NegotiatingAgent,0.5953,8577,0.5199,0,110,115,0,115,1454,0,1476,445,431,100,90,9,0,1523,0,331,1500,3524,2,5953,100,100
"agent NegotiatingAgent #60",NegotiatingAgent,0.141,1680,0.5199,0,44,27,0,26,312,0,394,309,291,100,82,10,0,346,0,161,358,1063,3,1410,100,100
"agent NegotiatingAgent #61",NegotiatingAgent,0.613,14516,0.5199,0,176,129,0,133,1538,0,1528,920,862,100,195,11,0,1576,0,852,1488,3803,0,6130,100,100
"agent NegotiatingAgent #62",NegotiatingAgent,0.1693,2246,0.5199,0,32,46,0,45,431,0,464,269,244,100,70,5,0,416,0,137,382,970,1,1693,100,100
"agent NegotiatingAgent #63",NegotiatingAgent,0.5363,7926,0.5199,0,90,130,0,131,1278,0,1357,524,493,100,129,8,0,1404,0,268,1324,3229,2,5363,100,100
"agent NegotiatingAgent #64",NegotiatingAgent,0.1462,2119,0.5199,0,33,21,0,20,338,0,394,193,175,100,36,12,0,346,0,200,384,1089,3,1462,100,100
"agent NegotiatingAgent #65",NegotiatingAgent,0.545,6144,0.5199,0,74,105,0,108,1348,0,1378,458,434,100,115,10,0,1426,0,584,1298,3463,0,5450,100,100
"agent NegotiatingAgent #66",NegotiatingAgent,0.6091,5227,0.5199,0,68,81,0,83,1516,0,1578,370,358,100,99,5,0,1530,0,156,1467,3169,1,6091,100,100
"agent NegotiatingAgent #67",NegotiatingAgent,0.2259,2912,0.5199,0,42,33,0,33,524,0,559,370,320,100,91,10,0,606,0,204,570,1677,2,2259,100,100
"agent NegotiatingAgent #68",NegotiatingAgent,0.643,5064,0.5199,0,58,112,0,114,1534,0,1682,368,350,100,101,9,0,1634,0,217,1580,3573,3,6430,100,100
"agent NegotiatingAgent #69",NegotiatingAgent,0.3854,8306,0.5199,0,105,80,0,80,962,0,966,661,573,100,133,12,0,1014,0,550,912,2665,0,3854,100,100
"agent NegotiatingAgent #70",NegotiatingAgent,0.1433,545,0.5199,0,11,45,0,44,367,0,398,78,66,100,13,13,0,350,0,33,318,840,1,1433,100,100
"agent NegotiatingAgent #71",NegotiatingAgent,0.4913,4466,0.5199,0,54,83,0,82,1192,0,1218,260,248,100,59,11,0,1265,0,241,1238,3004,2,4913,100,100
"agent NegotiatingAgent #72",NegotiatingAgent,0.2098,908,0.5199,0,14,38,0,38,490,0,560,178,165,100,57,9,0,512,0,69,536,1407,3,2098,100,100
"agent NegotiatingAgent #73",NegotiatingAgent,0.5754,10410,0.5199,0,129,119,0,120,1442,0,1436,587,547,100,114,12,0,1484,0,633,1392,3615,0,5754,100,100
"agent NegotiatingAgent #74",NegotiatingAgent,0.6189,4410,0.5199,0,52,85,0,89,1525,0,1618,659,618,100,225,16,0,1570,0,188,1476,3218,1,6189,100,100
"agent NegotiatingAgent #75",NegotiatingAgent,0.3761,1350,0.5199,0,24,79,0,79,900,0,934,194,174,100,49,17,0,981,0,89,946,2428,2,3761,100,100
"agent NegotiatingAgent #76",NegotiatingAgent,0.5174,4256,0.5199,0,66,85,0,86,1232,0,1356,474,458,100,130,12,0,1308,0,191,1278,2945,3,5174,100,100
"agent NegotiatingAgent #77",NegotiatingAgent,0.2274,858,0.5199,0,21,30,0,30,586,0,552,301,259,100,84,16,0,600,0,239,536,1875,0,2274,100,100
"agent NegotiatingAgent #78",NegotiatingAgent,0.1367,100,0.5199,0,1,44,0,43,348,0,384,52,44,100,10,10,0,336,0,30,299,807,1,1367,100,100
"agent NegotiatingAgent #79",NegotiatingAgent,0.6423,4765,0.5199,0,57,110,0,116,1546,0,1619,543,485,100,152,9,0,1666,0,294,1592,3759,2,6423,100,100
"agent NegotiatingAgent #80",NegotiatingAgent,0.7994,1788,0.5199,0,26,158,0,161,1936,0,2062,435,380,100,136,20,0,2014,0,108,1982,4355,3,7994,100,100
"agent NegotiatingAgent #81",NegotiatingAgent,0.4474,6572,0.5199,0,76,74,0,76,1122,0,1116,766,682,100,203,14,0,1164,0,350,1072,2975,0,4474,100,100
"agent NegotiatingAgent #82",NegotiatingAgent,0.5561,2493,0.5199,0,25,65,0,70,1365,0,1464,448,403,100,154,17,0,1416,0,42,1316,2904,1,5561,100,100
"agent NegotiatingAgent #83",NegotiatingAgent,0.5207,4231,0.5199,0,48,108,0,108,1250,0,1307,563,518,100,179,8,0,1354,0,81,1296,3151,2,5207,100,100
"agent NegotiatingAgent #84",NegotiatingAgent,0.2446,1098,0.5199,0,20,58,0,57,566,0,658,213,193,100,59,12,0,610,0,277,612,1581,3,2446,100,100
"agent NegotiatingAgent #85",NegotiatingAgent,0.555,2044,0.5199,0,26,107,0,110,1374,0,1402,692,637,100,250,18,0,1450,0,230,1324,3513,0,5550,100,100
"agent NegotiatingAgent #86",NegotiatingAgent,0.1681,1067,0.5199,0,14,44,0,44,435,0,454,113,105,100,31,4,0,406,0,66,386,964,1,1681,100,100
"agent NegotiatingAgent #87",NegotiatingAgent,0.5431,4348,0.5199,0,44,82,0,83,1330,0,1339,532,472,100,156,10,0,1386,0,84,1376,3263,2,5431,100,100
"agent NegotiatingAgent #88",NegotiatingAgent,0.5878,662,0.5199,0,7,91,0,94,1408,0,1532,398,354,100,145,18,0,1484,0,45,1454,3297,3,5878,100,100
"agent NegotiatingAgent #89",NegotiatingAgent,0.3322,9044,0.5199,0,108,78,0,79,848,0,814,551,495,100,97,15,0,862,0,407,798,2399,0,3322,100,100
"agent NegotiatingAgent #90",NegotiatingAgent,0.1879,200,0.5199,0,2,37,0,37,484,0,504,129,117,100,43,9,0,456,0,36,435,1063,1,1879,100,100
"agent NegotiatingAgent #91",NegotiatingAgent,0.1209,102,0.5199,0,7,16,0,15,254,0,304,290,237,100,84,1,0,351,0,23,300,1152,2,1209,100,100
"agent NegotiatingAgent #92",NegotiatingAgent,0.1492,300,0.5199,0,3,22,0,23,321,0,426,183,155,100,57,16,0,378,0,3,367,1104,3,1492,100,100
"agent NegotiatingAgent #93",NegotiatingAgent,0.5126,4148,0.5199,0,52,100,0,103,1276,0,1288,644,583,100,183,24,0,1336,0,209,1226,3301,0,5126,100,100
"agent NegotiatingAgent #94",NegotiatingAgent,0.6955,654,0.5199,0,9,108,0,110,1722,0,1804,431,392,100,160,7,0,1756,0,41,1673,3601,1,6955,100,100
"agent NegotiatingAgent #95",NegotiatingAgent,0.3773,496,0.5199,0,7,56,0,57,902,0,938,222,199,100,80,12,0,985,0,14,948,2434,2,3773,100,100
"agent NegotiatingAgent #96",NegotiatingAgent,0.1216,0,0.5199,0,0,19,0,20,279,0,330,334,280,100,115,14,0,282,0,0,325,966,3,1216,100,100
"agent NegotiatingAgent #97",NegotiatingAgent,0.3114,100,0.5199,0,1,59,0,60,800,0,758,483,416,100,162,31,0,806,0,33,750,2295,0,3114,100,100
"agent NegotiatingAgent #98",NegotiatingAgent,0.0719,0,0.5199,0,0,20,0,19,200,0,208,214,172,100,60,11,0,160,0,0,151,483,1,719,100,100
"agent NegotiatingAgent #99",NegotiatingAgent,0.5589,0,0.5199,0,0,96,0,100,1350,0,1398,351,326,100,149,6,0,1445,0,0,1396,3342,2,5589,100,100
"agent NegotiatingAgent #100",NegotiatingAgent,0.273,4135,0.5199,0,77,79,0,78,642,0,724,131,159,100,0,0,0,676,0,135,688,1723,3,2730,100,100
