agentName,agentType,averageSpeed,cumulatedUtilityReceived,freeWallRatio,numBacktrackAgents,numCFPAnswered,numDeadends,numDifferentEncounters,numDirectionChanges,numDownSteps,numForwardAgents,numLeftSteps,numMessagesReceived,numMessagesSent,numNegotiatingAgents,numProposalsAccepted,numProposalsRejected,numRandomAgents,numRightSteps,numSwarmAgents,numTotalEncounters,numUpSteps,numVisitedCells,startingPosition,stepsToExit,xsize,ysize
"agent BacktrackAgent #1",BacktrackAgent,0.32,0,0.69,100,0,3,0,2,10,0,6,0,0,0,0,0,0,10,0,585,6,27,0,32,10,10
"agent BacktrackAgent #2",BacktrackAgent,0.13,0,0.69,100,0,1,0,0,5,0,4,0,0,0,0,0,0,2,0,87,2,14,1,13,10,10
"agent BacktrackAgent #3",BacktrackAgent,0.1,0,0.69,100,0,2,0,1,2,0,0,0,0,0,0,0,0,4,0,120,4,9,2,10,10,10
"agent BacktrackAgent #4",BacktrackAgent,0.52,0,0.69,100,0,5,0,4,12,0,14,0,0,0,0,0,0,12,0,293,14,31,3,52,10,10
"agent BacktrackAgent #5",BacktrackAgent,0.32,0,0.69,100,0,3,0,2,10,0,6,0,0,0,0,0,0,10,0,278,6,27,0,32,10,10
"agent BacktrackAgent #6",BacktrackAgent,0.35,0,0.69,100,0,3,0,2,8,0,12,0,0,0,0,0,0,10,0,110,5,25,1,35,10,10
"agent BacktrackAgent #7",BacktrackAgent,0.5,0,0.69,100,0,3,0,2,10,0,12,0,0,0,0,0,0,16,0,64,12,29,2,50,10,10
"agent BacktrackAgent #8",BacktrackAgent,0.52,0,0.69,100,0,5,0,4,12,0,14,0,0,0,0,0,0,12,0,15,14,31,3,52,10,10
"agent BacktrackAgent #9",BacktrackAgent,0.32,0,0.69,100,0,3,0,2,10,0,6,0,0,0,0,0,0,10,0,0,6,27,0,32,10,10
"agent BacktrackAgent #10",BacktrackAgent,0.35,0,0.69,100,0,3,0,2,8,0,12,0,0,0,0,0,0,10,0,404,5,25,1,35,10,10
"agent BacktrackAgent #11",BacktrackAgent,0.06,0,0.69,100,0,1,0,0,0,0,0,0,0,0,0,0,0,4,0,99,2,7,2,6,10,10
"agent BacktrackAgent #12",BacktrackAgent,0.2,0,0.69,100,0,3,0,2,4,0,6,0,0,0,0,0,0,4,0,239,6,15,3,20,10,10
"agent BacktrackAgent #13",BacktrackAgent,0.28,0,0.69,100,0,2,0,1,8,0,6,0,0,0,0,0,0,10,0,402,4,25,0,28,10,10
"agent BacktrackAgent #14",BacktrackAgent,0.31,0,0.69,100,0,4,0,3,10,0,8,0,0,0,0,0,0,6,0,301,7,23,1,31,10,10
"agent BacktrackAgent #15",BacktrackAgent,0.06,0,0.69,100,0,1,0,0,0,0,0,0,0,0,0,0,0,4,0,93,2,7,2,6,10,10
"agent BacktrackAgent #16",BacktrackAgent,0.4,0,0.69,100,0,3,0,2,8,0,12,0,0,0,0,0,0,10,0,458,10,25,3,40,10,10
"agent BacktrackAgent #17",BacktrackAgent,0.4,0,0.69,100,0,4,0,3,12,0,8,0,0,0,0,0,0,12,0,448,8,31,0,40,10,10
"agent BacktrackAgent #18",BacktrackAgent,0.47,0,0.69,100,0,5,0,4,12,0,14,0,0,0,0,0,0,12,0,402,9,31,1,47,10,10
"agent BacktrackAgent #19",BacktrackAgent,0.5,0,0.69,100,0,3,0,2,10,0,12,0,0,0,0,0,0,16,0,426,12,29,2,50,10,10
"agent BacktrackAgent #20",BacktrackAgent,0.2,0,0.69,100,0,3,0,2,4,0,6,0,0,0,0,0,0,4,0,229,6,15,3,20,10,10
"agent BacktrackAgent #21",BacktrackAgent,0.32,0,0.69,100,0,3,0,2,10,0,6,0,0,0,0,0,0,10,0,547,6,27,0,32,10,10
"agent BacktrackAgent #22",BacktrackAgent,0.31,0,0.69,100,0,4,0,3,10,0,8,0,0,0,0,0,0,6,0,243,7,23,1,31,10,10
"agent BacktrackAgent #23",BacktrackAgent,0.54,0,0.69,100,0,4,0,3,12,0,12,0,0,0,0,0,0,16,0,370,14,31,2,54,10,10
"agent BacktrackAgent #24",BacktrackAgent,0.52,0,0.69,100,0,5,0,4,12,0,14,0,0,0,0,0,0,12,0,472,14,31,3,52,10,10
"agent BacktrackAgent #25",BacktrackAgent,0.32,0,0.69,100,0,3,0,2,10,0,6,0,0,0,0,0,0,10,0,489,6,27,0,32,10,10
"agent BacktrackAgent #26",BacktrackAgent,0.29,0,0.69,100,0,2,0,1,7,0,10,0,0,0,0,0,0,8,0,256,4,22,1,29,10,10
"agent BacktrackAgent #27",BacktrackAgent,0.06,0,0.69,100,0,1,0,0,0,0,0,0,0,0,0,0,0,4,0,79,2,7,2,6,10,10
"agent BacktrackAgent #28",BacktrackAgent,0.4,0,0.69,100,0,3,0,2,8,0,12,0,0,0,0,0,0,10,0,365,10,25,3,40,10,10
"agent BacktrackAgent #29",BacktrackAgent,0.2,0,0.69,100,0,1,0,0,6,0,4,0,0,0,0,0,0,8,0,399,2,21,0,20,10,10
"agent BacktrackAgent #30",BacktrackAgent,0.13,0,0.69,100,0,1,0,0,5,0,4,0,0,0,0,0,0,2,0,76,2,14,1,13,10,10
"agent BacktrackAgent #31",BacktrackAgent,0.54,0,0.69,100,0,4,0,3,12,0,12,0,0,0,0,0,0,16,0,404,14,31,2,54,10,10
"agent BacktrackAgent #32",BacktrackAgent,0.4,0,0.69,100,0,3,0,2,8,0,12,0,0,0,0,0,0,10,0,320,10,25,3,40,10,10
"agent BacktrackAgent #33",BacktrackAgent,0.4,0,0.69,100,0,4,0,3,12,0,8,0,0,0,0,0,0,12,0,347,8,31,0,40,10,10
"agent BacktrackAgent #34",BacktrackAgent,0.35,0,0.69,100,0,3,0,2,8,0,12,0,0,0,0,0,0,10,0,297,5,25,1,35,10,10
"agent BacktrackAgent #35",BacktrackAgent,0.54,0,0.69,100,0,4,0,3,12,0,12,0,0,0,0,0,0,16,0,345,14,31,2,54,10,10
"agent BacktrackAgent #36",BacktrackAgent,0.2,0,0.69,100,0,3,0,2,4,0,6,0,0,0,0,0,0,4,0,177,6,15,3,20,10,10
"agent BacktrackAgent #37",BacktrackAgent,0.28,0,0.69,100,0,2,0,1,8,0,6,0,0,0,0,0,0,10,0,264,4,25,0,28,10,10
"agent BacktrackAgent #38",BacktrackAgent,0.25,0,0.69,100,0,3,0,2,9,0,6,0,0,0,0,0,0,4,0,88,6,20,1,25,10,10
"agent BacktrackAgent #39",BacktrackAgent,0.54,0,0.69,100,0,4,0,3,12,0,12,0,0,0,0,0,0,16,0,286,14,31,2,54,10,10
"agent BacktrackAgent #40",BacktrackAgent,0.08,0,0.69,100,0,1,0,0,0,0,4,0,0,0,0,0,0,2,0,81,2,9,3,8,10,10
"agent BacktrackAgent #41",BacktrackAgent,0.2,0,0.69,100,0,1,0,0,6,0,4,0,0,0,0,0,0,8,0,351,2,21,0,20,10,10
"agent BacktrackAgent #42",BacktrackAgent,0.19,0,0.69,100,0,2,0,1,6,0,6,0,0,0,0,0,0,4,0,144,3,17,1,19,10,10
"agent BacktrackAgent #43",BacktrackAgent,0.06,0,0.69,100,0,1,0,0,0,0,0,0,0,0,0,0,0,4,0,62,2,7,2,6,10,10
"agent BacktrackAgent #44",BacktrackAgent,0.2,0,0.69,100,0,3,0,2,4,0,6,0,0,0,0,0,0,4,0,156,6,15,3,20,10,10
"agent BacktrackAgent #45",BacktrackAgent,0.4,0,0.69,100,0,4,0,3,12,0,8,0,0,0,0,0,0,12,0,265,8,31,0,40,10,10
"agent BacktrackAgent #46",BacktrackAgent,0.35,0,0.69,100,0,3,0,2,8,0,12,0,0,0,0,0,0,10,0,248,5,25,1,35,10,10
"agent BacktrackAgent #47",BacktrackAgent,0.06,0,0.69,100,0,1,0,0,0,0,0,0,0,0,0,0,0,4,0,56,2,7,2,6,10,10
"agent BacktrackAgent #48",BacktrackAgent,0.2,0,0.69,100,0,3,0,2,4,0,6,0,0,0,0,0,0,4,0,134,6,15,3,20,10,10
"agent BacktrackAgent #49",BacktrackAgent,0.2,0,0.69,100,0,1,0,0,6,0,4,0,0,0,0,0,0,8,0,303,2,21,0,20,10,10
"agent BacktrackAgent #50",BacktrackAgent,0.47,0,0.69,100,0,5,0,4,12,0,14,0,0,0,0,0,0,12,0,232,9,31,1,47,10,10
"agent BacktrackAgent #51",BacktrackAgent,0.1,0,0.69,100,0,2,0,1,2,0,0,0,0,0,0,0,0,4,0,97,4,9,2,10,10,10
"agent BacktrackAgent #52",BacktrackAgent,0.2,0,0.69,100,0,3,0,2,4,0,6,0,0,0,0,0,0,4,0,109,6,15,3,20,10,10
"agent BacktrackAgent #53",BacktrackAgent,0.32,0,0.69,100,0,3,0,2,10,0,6,0,0,0,0,0,0,10,0,333,6,27,0,32,10,10
"agent BacktrackAgent #54",BacktrackAgent,0.29,0,0.69,100,0,2,0,1,7,0,10,0,0,0,0,0,0,8,0,164,4,22,1,29,10,10
"agent BacktrackAgent #55",BacktrackAgent,0.06,0,0.69,100,0,1,0,0,0,0,0,0,0,0,0,0,0,4,0,47,2,7,2,6,10,10
"agent BacktrackAgent #56",BacktrackAgent,0.52,0,0.69,100,0,5,0,4,12,0,14,0,0,0,0,0,0,12,0,264,14,31,3,52,10,10
"agent BacktrackAgent #57",BacktrackAgent,0.32,0,0.69,100,0,3,0,2,10,0,6,0,0,0,0,0,0,10,0,310,6,27,0,32,10,10
"agent BacktrackAgent #58",BacktrackAgent,0.35,0,0.69,100,0,3,0,2,8,0,12,0,0,0,0,0,0,10,0,169,5,25,1,35,10,10
"agent BacktrackAgent #59",BacktrackAgent,0.5,0,0.69,100,0,3,0,2,10,0,12,0,0,0,0,0,0,16,0,172,12,29,2,50,10,10
"agent BacktrackAgent #60",BacktrackAgent,0.4,0,0.69,100,0,3,0,2,8,0,12,0,0,0,0,0,0,10,0,191,10,25,3,40,10,10
"agent BacktrackAgent #61",BacktrackAgent,0.32,0,0.69,100,0,3,0,2,10,0,6,0,0,0,0,0,0,10,0,244,6,27,0,32,10,10
"agent BacktrackAgent #62",BacktrackAgent,0.19,0,0.69,100,0,2,0,1,6,0,6,0,0,0,0,0,0,4,0,85,3,17,1,19,10,10
"agent BacktrackAgent #63",BacktrackAgent,0.06,0,0.69,100,0,1,0,0,0,0,0,0,0,0,0,0,0,4,0,36,2,7,2,6,10,10
"agent BacktrackAgent #64",BacktrackAgent,0.08,0,0.69,100,0,1,0,0,0,0,4,0,0,0,0,0,0,2,0,40,2,9,3,8,10,10
"agent BacktrackAgent #65",BacktrackAgent,0.2,0,0.69,100,0,1,0,0,6,0,4,0,0,0,0,0,0,8,0,187,2,21,0,20,10,10
"agent BacktrackAgent #66",BacktrackAgent,0.41,0,0.69,100,0,4,0,3,11,0,12,0,0,0,0,0,0,10,0,153,8,28,1,41,10,10
"agent BacktrackAgent #67",BacktrackAgent,0.5,0,0.69,100,0,3,0,2,10,0,12,0,0,0,0,0,0,16,0,105,12,29,2,50,10,10
"agent BacktrackAgent #68",BacktrackAgent,0.4,0,0.69,100,0,3,0,2,8,0,12,0,0,0,0,0,0,10,0,146,10,25,3,40,10,10
"agent BacktrackAgent #69",BacktrackAgent,0.2,0,0.69,100,0,1,0,0,6,0,4,0,0,0,0,0,0,8,0,164,2,21,0,20,10,10
"agent BacktrackAgent #70",BacktrackAgent,0.31,0,0.69,100,0,4,0,3,10,0,8,0,0,0,0,0,0,6,0,73,7,23,1,31,10,10
"agent BacktrackAgent #71",BacktrackAgent,0.54,0,0.69,100,0,4,0,3,12,0,12,0,0,0,0,0,0,16,0,147,14,31,2,54,10,10
"agent BacktrackAgent #72",BacktrackAgent,0.52,0,0.69,100,0,5,0,4,12,0,14,0,0,0,0,0,0,12,0,130,14,31,3,52,10,10
"agent BacktrackAgent #73",BacktrackAgent,0.2,0,0.69,100,0,1,0,0,6,0,4,0,0,0,0,0,0,8,0,129,2,21,0,20,10,10
"agent BacktrackAgent #74",BacktrackAgent,0.47,0,0.69,100,0,5,0,4,12,0,14,0,0,0,0,0,0,12,0,80,9,31,1,47,10,10
"agent BacktrackAgent #75",BacktrackAgent,0.1,0,0.69,100,0,2,0,1,2,0,0,0,0,0,0,0,0,4,0,62,4,9,2,10,10,10
"agent BacktrackAgent #76",BacktrackAgent,0.08,0,0.69,100,0,1,0,0,0,0,4,0,0,0,0,0,0,2,0,28,2,9,3,8,10,10
"agent BacktrackAgent #77",BacktrackAgent,0.32,0,0.69,100,0,3,0,2,10,0,6,0,0,0,0,0,0,10,0,115,6,27,0,32,10,10
"agent BacktrackAgent #78",BacktrackAgent,0.29,0,0.69,100,0,2,0,1,7,0,10,0,0,0,0,0,0,8,0,85,4,22,1,29,10,10
"agent BacktrackAgent #79",BacktrackAgent,0.1,0,0.69,100,0,2,0,1,2,0,0,0,0,0,0,0,0,4,0,50,4,9,2,10,10,10
"agent BacktrackAgent #80",BacktrackAgent,0.08,0,0.69,100,0,1,0,0,0,0,4,0,0,0,0,0,0,2,0,19,2,9,3,8,10,10
"agent BacktrackAgent #81",BacktrackAgent,0.28,0,0.69,100,0,2,0,1,8,0,6,0,0,0,0,0,0,10,0,91,4,25,0,28,10,10
"agent BacktrackAgent #82",BacktrackAgent,0.13,0,0.69,100,0,1,0,0,5,0,4,0,0,0,0,0,0,2,0,22,2,14,1,13,10,10
"agent BacktrackAgent #83",BacktrackAgent,0.1,0,0.69,100,0,2,0,1,2,0,0,0,0,0,0,0,0,4,0,36,4,9,2,10,10,10
"agent BacktrackAgent #84",BacktrackAgent,0.52,0,0.69,100,0,5,0,4,12,0,14,0,0,0,0,0,0,12,0,89,14,31,3,52,10,10
"agent BacktrackAgent #85",BacktrackAgent,0.2,0,0.69,100,0,1,0,0,6,0,4,0,0,0,0,0,0,8,0,76,2,21,0,20,10,10
"agent BacktrackAgent #86",BacktrackAgent,0.35,0,0.69,100,0,3,0,2,8,0,12,0,0,0,0,0,0,10,0,22,5,25,1,35,10,10
"agent BacktrackAgent #87",BacktrackAgent,0.1,0,0.69,100,0,2,0,1,2,0,0,0,0,0,0,0,0,4,0,26,4,9,2,10,10,10
"agent BacktrackAgent #88",BacktrackAgent,0.4,0,0.69,100,0,3,0,2,8,0,12,0,0,0,0,0,0,10,0,30,10,25,3,40,10,10
"agent BacktrackAgent #89",BacktrackAgent,0.28,0,0.69,100,0,2,0,1,8,0,6,0,0,0,0,0,0,10,0,49,4,25,0,28,10,10
"agent BacktrackAgent #90",BacktrackAgent,0.19,0,0.69,100,0,2,0,1,6,0,6,0,0,0,0,0,0,4,0,15,3,17,1,19,10,10
"agent BacktrackAgent #91",BacktrackAgent,0.54,0,0.69,100,0,4,0,3,12,0,12,0,0,0,0,0,0,16,0,23,14,31,2,54,10,10
"agent BacktrackAgent #92",BacktrackAgent,0.2,0,0.69,100,0,3,0,2,4,0,6,0,0,0,0,0,0,4,0,15,6,15,3,20,10,10
"agent BacktrackAgent #93",BacktrackAgent,0.2,0,0.69,100,0,1,0,0,6,0,4,0,0,0,0,0,0,8,0,28,2,21,0,20,10,10
"agent BacktrackAgent #94",BacktrackAgent,0.41,0,0.69,100,0,4,0,3,11,0,12,0,0,0,0,0,0,10,0,31,8,28,1,41,10,10
"agent BacktrackAgent #95",BacktrackAgent,0.1,0,0.69,100,0,2,0,1,2,0,0,0,0,0,0,0,0,4,0,5,4,9,2,10,10,10
"agent BacktrackAgent #96",BacktrackAgent,0.08,0,0.69,100,0,1,0,0,0,0,4,0,0,0,0,0,0,2,0,2,2,9,3,8,10,10
"agent BacktrackAgent #97",BacktrackAgent,0.4,0,0.69,100,0,4,0,3,12,0,8,0,0,0,0,0,0,12,0,9,8,31,0,40,10,10
"agent BacktrackAgent #98",BacktrackAgent,0.13,0,0.69,100,0,1,0,0,5,0,4,0,0,0,0,0,0,2,0,0,2,14,1,13,10,10
"agent BacktrackAgent #99",BacktrackAgent,0.06,0,0.69,100,0,1,0,0,0,0,0,0,0,0,0,0,0,4,0,0,2,7,2,6,10,10
"agent BacktrackAgent #100",BacktrackAgent,0.08,0,0.69,100,0,1,0,0,0,0,4,0,0,0,0,0,0,2,0,81,2,9,3,8,10,10
