agentName,agentType,averageSpeed,cumulatedUtilityReceived,freeWallRatio,numBacktrackAgents,numCFPAnswered,numDeadends,numDifferentEncounters,numDirectionChanges,numDownSteps,numForwardAgents,numLeftSteps,numMessagesReceived,numMessagesSent,numNegotiatingAgents,numProposalsAccepted,numProposalsRejected,numRandomAgents,numRightSteps,numSwarmAgents,numTotalEncounters,numUpSteps,numVisitedCells,startingPosition,stepsToExit,xsize,ysize
"agent NegotiatingAgent #1",NegotiatingAgent,0.2894,18194,0.5199,0,262,64,0,64,730,0,718,714,655,100,49,6,0,766,0,1077,680,2467,0,2894,100,100
"agent NegotiatingAgent #2",NegotiatingAgent,0.7061,13298,0.5199,0,160,128,0,130,1807,0,1772,440,449,100,58,1,0,1724,0,358,1758,3937,1,7061,100,100
"agent NegotiatingAgent #3",NegotiatingAgent,0.3077,4762,0.5199,0,68,65,0,66,760,0,732,351,287,100,44,46,0,779,0,124,806,2474,2,3077,100,100
"agent NegotiatingAgent #4",NegotiatingAgent,0.6454,16944,0.5199,0,177,121,0,124,1608,0,1620,536,517,100,65,5,0,1572,0,546,1654,3833,3,6454,100,100
"agent NegotiatingAgent #5",NegotiatingAgent,0.3846,4682,0.5199,0,83,77,0,78,986,0,938,364,328,100,54,30,0,986,0,267,936,2943,0,3846,100,100
"agent NegotiatingAgent #6",NegotiatingAgent,0.1439,572,0.5199,0,13,34,0,34,370,0,398,241,204,100,54,14,0,350,0,66,321,1126,1,1439,100,100
"agent NegotiatingAgent #7",NegotiatingAgent,0.4153,3932,0.5199,0,50,51,0,53,990,0,1040,315,300,100,73,12,0,1087,0,178,1036,3012,2,4153,100,100
"agent NegotiatingAgent #8",NegotiatingAgent,0.6518,2628,0.5199,0,33,121,0,122,1616,0,1644,517,492,100,193,6,0,1596,0,128,1662,3865,3,6518,100,100
"agent NegotiatingAgent #9",NegotiatingAgent,0.2642,0,0.5199,0,0,39,0,41,696,0,626,395,343,100,137,19,0,674,0,0,646,2341,0,2642,100,100
"agent NegotiatingAgent #10",NegotiatingAgent,0.7193,17430,0.5199,0,221,164,0,164,1859,0,1786,439,460,100,0,0,0,1738,0,693,1810,4003,1,7193,100,100
"agent NegotiatingAgent #11",NegotiatingAgent,0.6141,19106,0.5199,0,219,141,0,141,1494,0,1530,435,439,100,2,0,0,1577,0,572,1540,4006,2,6141,100,100
"agent NegotiatingAgent #12",NegotiatingAgent,0.7502,17623,0.5199,0,210,170,0,170,1858,0,1894,427,427,100,5,0,0,1846,0,498,1904,4357,3,7502,100,100
"agent NegotiatingAgent #13",NegotiatingAgent,0.4734,16394,0.5199,0,292,91,0,91,1226,0,1142,593,562,100,3,0,0,1190,0,841,1176,3387,0,4734,100,100
"agent NegotiatingAgent #14",NegotiatingAgent,0.2431,7018,0.5199,0,114,71,0,71,610,0,654,213,238,100,1,0,0,606,0,347,561,1622,1,2431,100,100
"agent NegotiatingAgent #15",NegotiatingAgent,0.5937,24674,0.5199,0,296,128,0,128,1446,0,1476,672,684,100,41,0,0,1523,0,540,1492,3904,2,5937,100,100
"agent NegotiatingAgent #16",NegotiatingAgent,0.2654,6124,0.5199,0,98,67,0,67,648,0,680,225,215,100,8,2,0,632,0,286,694,1933,3,2654,100,100
"agent NegotiatingAgent #17",NegotiatingAgent,0.299,13392,0.5199,0,253,63,0,63,766,0,730,593,541,100,21,1,0,778,0,1165,716,2515,0,2990,100,100
"agent NegotiatingAgent #18",NegotiatingAgent,0.1543,7240,0.5199,0,117,38,0,38,404,0,416,286,257,100,10,9,0,368,0,490,355,1178,1,1543,100,100
"agent NegotiatingAgent #19",NegotiatingAgent,0.3477,8072,0.5199,0,103,81,0,81,872,0,820,240,220,100,4,9,0,867,0,340,918,2674,2,3477,100,100
"agent NegotiatingAgent #20",NegotiatingAgent,0.5946,12773,0.5199,0,146,105,0,105,1484,0,1490,369,363,100,26,1,0,1442,0,471,1530,3579,3,5946,100,100
"agent NegotiatingAgent #21",NegotiatingAgent,0.4198,12484,0.5199,0,222,111,0,111,1064,0,1036,775,706,100,112,9,0,1084,0,909,1014,3119,0,4198,100,100
"agent NegotiatingAgent #22",NegotiatingAgent,0.7161,15796,0.5199,0,181,133,0,134,1821,0,1808,452,442,100,40,0,0,1760,0,382,1772,3987,1,7161,100,100
"agent NegotiatingAgent #23",NegotiatingAgent,0.5287,11917,0.5199,0,162,107,0,107,1326,0,1271,342,358,100,14,0,0,1318,0,347,1372,3579,2,5287,100,100
"agent NegotiatingAgent #24",NegotiatingAgent,0.589,14196,0.5199,0,178,104,0,105,1466,0,1480,412,411,100,18,6,0,1432,0,347,1512,3551,3,5890,100,100
"agent NegotiatingAgent #25",NegotiatingAgent,0.3282,9954,0.5199,0,156,79,0,79,828,0,814,565,508,100,73,7,0,862,0,699,778,2661,0,3282,100,100
"agent NegotiatingAgent #26",NegotiatingAgent,0.2571,9178,0.5199,0,133,73,0,73,652,0,682,318,301,100,10,10,0,634,0,386,603,1692,1,2571,100,100
"agent NegotiatingAgent #27",NegotiatingAgent,0.3081,6488,0.5199,0,100,64,0,64,770,0,724,266,266,100,21,7,0,771,0,502,816,2476,2,3081,100,100
"agent NegotiatingAgent #28",NegotiatingAgent,0.7102,9294,0.5199,0,127,146,0,147,1754,0,1798,543,526,100,130,4,0,1750,0,579,1800,4157,3,7102,100,100
"agent NegotiatingAgent #29",NegotiatingAgent,0.495,19618,0.5199,0,285,93,0,93,1284,0,1192,786,737,100,62,9,0,1240,0,1056,1234,3495,0,4950,100,100
"agent NegotiatingAgent #30",NegotiatingAgent,0.2227,3280,0.5199,0,85,57,0,57,572,0,590,265,233,100,30,9,0,542,0,257,523,1520,1,2227,100,100
"agent NegotiatingAgent #31",NegotiatingAgent,0.5453,9948,0.5199,0,152,100,0,102,1336,0,1344,420,414,100,39,3,0,1391,0,330,1382,3662,2,5453,100,100
"agent NegotiatingAgent #32",NegotiatingAgent,0.171,3338,0.5199,0,46,45,0,45,412,0,444,140,127,100,9,6,0,396,0,233,458,1461,3,1710,100,100
"agent NegotiatingAgent #33",NegotiatingAgent,0.5746,11894,0.5199,0,151,121,0,121,1478,0,1396,757,671,100,146,9,0,1444,0,691,1428,3893,0,5746,100,100
"agent NegotiatingAgent #34",NegotiatingAgent,0.5741,10684,0.5199,0,132,77,0,78,1491,0,1428,315,323,100,19,4,0,1380,0,415,1442,3277,1,5741,100,100
"agent NegotiatingAgent #35",NegotiatingAgent,0.3795,4636,0.5199,0,80,91,0,91,962,0,889,243,224,100,25,13,0,936,0,274,1008,2833,2,3795,100,100
"agent NegotiatingAgent #36",NegotiatingAgent,0.5722,11308,0.5199,0,141,86,0,88,1420,0,1442,388,378,100,46,2,0,1394,0,433,1466,3467,3,5722,100,100
"agent NegotiatingAgent #37",NegotiatingAgent,0.443,13376,0.5199,0,202,68,0,69,1146,0,1070,618,561,100,51,12,0,1118,0,860,1096,3235,0,4430,100,100
"agent NegotiatingAgent #38",NegotiatingAgent,0.1527,5870,0.5199,0,117,43,0,43,392,0,420,366,352,100,43,7,0,372,0,435,343,1170,1,1527,100,100
"agent NegotiatingAgent #39",NegotiatingAgent,0.3307,4757,0.5199,0,88,78,0,79,846,0,761,239,233,100,21,7,0,808,0,257,892,2589,2,3307,100,100
"agent NegotiatingAgent #40",NegotiatingAgent,0.5394,7964,0.5199,0,83,83,0,84,1338,0,1360,300,286,100,52,11,0,1312,0,206,1384,3303,3,5394,100,100
"agent NegotiatingAgent #41",NegotiatingAgent,0.6114,13476,0.5199,0,210,125,0,126,1588,0,1470,896,813,100,156,6,0,1518,0,992,1538,4077,0,6114,100,100
"agent NegotiatingAgent #42",NegotiatingAgent,0.1655,1538,0.5199,0,49,49,0,49,412,0,464,291,273,100,66,10,0,416,0,320,363,1234,1,1655,100,100
"agent NegotiatingAgent #43",NegotiatingAgent,0.4551,23006,0.5199,0,267,60,0,61,1132,0,1097,688,654,100,48,11,0,1144,0,823,1178,3211,2,4551,100,100
"agent NegotiatingAgent #44",NegotiatingAgent,0.2054,6510,0.5199,0,100,52,0,52,498,0,530,282,260,100,14,12,0,482,0,563,544,1633,3,2054,100,100
"agent NegotiatingAgent #45",NegotiatingAgent,0.2966,7062,0.5199,0,124,49,0,51,766,0,718,529,476,100,77,9,0,766,0,667,716,2503,0,2966,100,100
"agent NegotiatingAgent #46",NegotiatingAgent,0.7265,8456,0.5199,0,106,134,0,139,1849,0,1832,400,409,100,87,2,0,1784,0,253,1800,4039,1,7265,100,100
"agent NegotiatingAgent #47",NegotiatingAgent,0.4359,3593,0.5199,0,61,115,0,116,1082,0,1051,316,294,100,66,14,0,1098,0,269,1128,3115,2,4359,100,100
"agent NegotiatingAgent #48",NegotiatingAgent,0.2618,10412,0.5199,0,131,62,0,63,638,0,672,408,373,100,41,10,0,624,0,382,684,1915,3,2618,100,100
"agent NegotiatingAgent #49",NegotiatingAgent,0.331,8952,0.5199,0,163,72,0,73,842,0,814,608,587,100,99,12,0,862,0,802,792,2675,0,3310,100,100
"agent NegotiatingAgent #50",NegotiatingAgent,0.5629,10606,0.5199,0,119,66,0,70,1463,0,1400,428,419,100,77,9,0,1352,0,450,1414,3221,1,5629,100,100
"agent NegotiatingAgent #51",NegotiatingAgent,0.5895,11828,0.5199,0,137,111,0,115,1450,0,1451,530,506,100,89,12,0,1498,0,501,1496,3883,2,5895,100,100
"agent NegotiatingAgent #52",NegotiatingAgent,0.2934,4058,0.5199,0,63,76,0,78,714,0,754,333,290,100,69,5,0,706,0,337,760,2073,3,2934,100,100
"agent NegotiatingAgent #53",NegotiatingAgent,0.3602,5358,0.5199,0,69,71,0,72,928,0,874,252,227,100,19,33,0,922,0,510,878,2821,0,3602,100,100
"agent NegotiatingAgent #54",NegotiatingAgent,0.1259,2264,0.5199,0,43,31,0,31,330,0,348,323,282,100,64,16,0,300,0,274,281,1036,1,1259,100,100
"agent NegotiatingAgent #55",NegotiatingAgent,0.5555,5862,0.5199,0,81,97,0,99,1362,0,1369,376,363,100,88,11,0,1416,0,353,1408,3713,2,5555,100,100
"agent NegotiatingAgent #56",NegotiatingAgent,0.5382,5214,0.5199,0,63,78,0,81,1344,0,1348,357,329,100,83,9,0,1300,0,191,1390,3297,3,5382,100,100
"agent NegotiatingAgent #57",NegotiatingAgent,0.2958,9954,0.5199,0,154,53,0,55,774,0,706,561,519,100,73,18,0,754,0,743,724,2499,0,2958,100,100
"agent NegotiatingAgent #58",NegotiatingAgent,0.1347,4494,0.5199,0,61,33,0,33,354,0,368,383,324,100,73,23,0,320,0,136,305,1080,1,1347,100,100
"agent NegotiatingAgent #59",NegotiatingAgent,0.5889,8646,0.5199,0,89,117,0,120,1440,0,1458,415,395,100,89,11,0,1505,0,285,1486,3880,2,5889,100,100
"agent NegotiatingAgent #60",NegotiatingAgent,0.305,6384,0.5199,0,91,83,0,84,734,0,792,353,327,100,55,8,0,744,0,370,780,2131,3,3050,100,100
"agent NegotiatingAgent #61",NegotiatingAgent,0.2994,7054,0.5199,0,98,57,0,58,786,0,712,518,468,100,107,10,0,760,0,568,736,2517,0,2994,100,100
"agent NegotiatingAgent #62",NegotiatingAgent,0.2175,630,0.5199,0,20,55,0,55,564,0,572,88,77,100,6,11,0,524,0,151,515,1494,1,2175,100,100
"agent NegotiatingAgent #63",NegotiatingAgent,0.2589,1398,0.5199,0,21,50,0,50,632,0,616,125,115,100,28,6,0,663,0,106,678,2230,2,2589,100,100
"agent NegotiatingAgent #64",NegotiatingAgent,0.5134,5342,0.5199,0,80,68,0,70,1266,0,1302,374,354,100,79,2,0,1254,0,309,1312,3173,3,5134,100,100
"agent NegotiatingAgent #65",NegotiatingAgent,0.563,11818,0.5199,0,149,110,0,111,1464,0,1352,675,641,100,132,16,0,1400,0,782,1414,3835,0,5630,100,100
"agent NegotiatingAgent #66",NegotiatingAgent,0.2479,844,0.5199,0,21,66,0,67,628,0,660,277,244,100,80,18,0,612,0,125,579,1646,1,2479,100,100
"agent NegotiatingAgent #67",NegotiatingAgent,0.3193,2308,0.5199,0,40,66,0,68,780,0,770,285,278,100,83,9,0,817,0,183,826,2532,2,3193,100,100
"agent NegotiatingAgent #68",NegotiatingAgent,0.5582,9924,0.5199,0,114,85,0,86,1392,0,1400,523,496,100,107,8,0,1352,0,518,1438,3397,3,5582,100,100
"agent NegotiatingAgent #69",NegotiatingAgent,0.5154,8068,0.5199,0,103,95,0,97,1350,0,1228,454,420,100,76,11,0,1276,0,421,1300,3597,0,5154,100,100
"agent NegotiatingAgent #70",NegotiatingAgent,0.6049,4296,0.5199,0,47,91,0,93,1581,0,1492,405,383,100,130,3,0,1444,0,92,1532,3431,1,6049,100,100
"agent NegotiatingAgent #71",NegotiatingAgent,0.3467,1406,0.5199,0,20,73,0,74,862,0,825,176,165,100,49,16,0,872,0,205,908,2669,2,3467,100,100
"agent NegotiatingAgent #72",NegotiatingAgent,0.3182,2794,0.5199,0,42,93,0,93,766,0,826,280,258,100,62,8,0,778,0,220,812,2197,3,3182,100,100
"agent NegotiatingAgent #73",NegotiatingAgent,0.4382,9404,0.5199,0,110,76,0,78,1136,0,1056,630,583,100,140,22,0,1104,0,447,1086,3211,0,4382,100,100
"agent NegotiatingAgent #74",NegotiatingAgent,0.5417,11742,0.5199,0,130,54,0,58,1409,0,1348,502,480,100,90,7,0,1300,0,351,1360,3115,1,5417,100,100
"agent NegotiatingAgent #75",NegotiatingAgent,0.5843,9890,0.5199,0,119,116,0,119,1448,0,1427,708,657,100,177,9,0,1474,0,331,1494,3857,2,5843,100,100
"agent NegotiatingAgent #76",NegotiatingAgent,0.2758,3550,0.5199,0,49,64,0,65,676,0,704,306,274,100,63,14,0,656,0,183,722,1985,3,2758,100,100
"agent NegotiatingAgent #77",NegotiatingAgent,0.599,7116,0.5199,0,84,128,0,131,1522,0,1474,807,719,100,208,26,0,1522,0,338,1472,4015,0,5990,100,100
"agent NegotiatingAgent #78",NegotiatingAgent,0.2351,0,0.5199,0,0,65,0,65,600,0,624,237,198,100,75,27,0,576,0,5,551,1582,1,2351,100,100
"agent NegotiatingAgent #79",NegotiatingAgent,0.2533,786,0.5199,0,10,43,0,43,610,0,610,125,115,100,34,12,0,657,0,103,656,2202,2,2533,100,100
"agent NegotiatingAgent #80",NegotiatingAgent,0.5774,5032,0.5199,0,57,89,0,92,1434,0,1454,551,517,100,179,15,0,1406,0,209,1480,3493,3,5774,100,100
"agent NegotiatingAgent #81",NegotiatingAgent,0.379,2138,0.5199,0,36,77,0,78,968,0,928,315,280,100,72,14,0,976,0,217,918,2915,0,3790,100,100
"agent NegotiatingAgent #82",NegotiatingAgent,0.6545,3898,0.5199,0,39,99,0,104,1683,0,1638,467,426,100,155,16,0,1590,0,186,1634,3679,1,6545,100,100
"agent NegotiatingAgent #83",NegotiatingAgent,0.2501,800,0.5199,0,8,35,0,37,626,0,578,223,170,100,45,33,0,625,0,12,672,2186,2,2501,100,100
"agent NegotiatingAgent #84",NegotiatingAgent,0.717,4486,0.5199,0,51,127,0,128,1774,0,1812,447,426,100,140,10,0,1764,0,139,1820,4191,3,7170,100,100
"agent NegotiatingAgent #85",NegotiatingAgent,0.4806,4036,0.5199,0,55,86,0,88,1220,0,1184,499,455,100,133,21,0,1232,0,272,1170,3423,0,4806,100,100
"agent NegotiatingAgent #86",NegotiatingAgent,0.5821,4854,0.5199,0,56,72,0,76,1489,0,1470,320,303,100,83,14,0,1422,0,190,1440,3317,1,5821,100,100
"agent NegotiatingAgent #87",NegotiatingAgent,0.5259,5799,0.5199,0,65,97,0,97,1280,0,1303,401,370,100,94,21,0,1350,0,193,1326,3565,2,5259,100,100
"agent NegotiatingAgent #88",NegotiatingAgent,0.1686,2382,0.5199,0,26,34,0,34,402,0,442,343,307,100,100,12,0,394,0,62,448,1449,3,1686,100,100
"agent NegotiatingAgent #89",NegotiatingAgent,0.3618,368,0.5199,0,10,75,0,75,912,0,898,273,238,100,76,17,0,946,0,148,862,2829,0,3618,100,100
"agent NegotiatingAgent #90",NegotiatingAgent,0.6381,1700,0.5199,0,25,99,0,101,1641,0,1598,328,314,100,115,8,0,1550,0,84,1592,3597,1,6381,100,100
"agent NegotiatingAgent #91",NegotiatingAgent,0.4587,2492,0.5199,0,27,67,0,70,1146,0,1101,304,280,100,94,14,0,1148,0,106,1192,3229,2,4587,100,100
"agent NegotiatingAgent #92",NegotiatingAgent,0.285,900,0.5199,0,14,74,0,74,686,0,740,282,259,100,97,10,0,692,0,27,732,2031,3,2850,100,100
"agent NegotiatingAgent #93",NegotiatingAgent,0.4878,1112,0.5199,0,23,94,0,97,1264,0,1176,907,808,100,324,14,0,1224,0,122,1214,3459,0,4878,100,100
"agent NegotiatingAgent #94",NegotiatingAgent,0.6285,474,0.5199,0,8,86,0,89,1629,0,1562,388,366,100,160,11,0,1514,0,65,1580,3549,1,6285,100,100
"agent NegotiatingAgent #95",NegotiatingAgent,0.4607,2192,0.5199,0,26,67,0,70,1150,0,1107,440,419,100,164,18,0,1154,0,98,1196,3239,2,4607,100,100
"agent NegotiatingAgent #96",NegotiatingAgent,0.2822,6,0.5199,0,1,76,0,77,678,0,734,358,322,100,136,10,0,686,0,2,724,2017,3,2822,100,100
"agent NegotiatingAgent #97",NegotiatingAgent,0.4474,200,0.5199,0,2,78,0,79,1180,0,1058,792,689,100,285,14,0,1106,0,24,1130,3257,0,4474,100,100
"agent NegotiatingAgent #98",NegotiatingAgent,0.6821,196,0.5199,0,2,99,0,105,1751,0,1708,553,496,100,223,21,0,1660,0,4,1702,3817,1,6821,100,100
"agent NegotiatingAgent #99",NegotiatingAgent,0.5155,0,0.5199,0,0,91,0,93,1272,0,1259,656,581,100,249,17,0,1306,0,0,1318,3513,2,5155,100,100
"agent NegotiatingAgent #100",NegotiatingAgent,0.305,7650,0.5199,0,127,96,0,96,740,0,786,252,242,100,0,0,0,738,0,274,786,2131,3,3050,100,100
