agentName,agentType,averageSpeed,cumulatedUtilityReceived,freeWallRatio,numBacktrackAgents,numCFPAnswered,numDeadends,numDifferentEncounters,numDirectionChanges,numDownSteps,numForwardAgents,numLeftSteps,numMessagesReceived,numMessagesSent,numNegotiatingAgents,numProposalsAccepted,numProposalsRejected,numRandomAgents,numRightSteps,numSwarmAgents,numTotalEncounters,numUpSteps,numVisitedCells,startingPosition,stepsToExit,xsize,ysize
"agent BacktrackAgent #1",BacktrackAgent,0.08,0,0.69,10,0,0,0,0,4,10,0,0,0,10,0,0,10,4,0,54,0,9,0,8,10,10
"agent BacktrackAgent #2",BacktrackAgent,0.05,0,0.69,10,0,0,0,0,3,10,2,0,0,10,0,0,10,0,0,24,0,6,1,5,10,10
"agent BacktrackAgent #3",BacktrackAgent,0.35,0,0.69,10,0,2,0,2,8,10,7,0,0,10,0,0,10,10,0,197,10,23,2,35,10,10
"agent BacktrackAgent #4",BacktrackAgent,0.04,0,0.69,10,0,0,0,0,0,10,2,0,0,10,0,0,10,0,0,13,2,5,3,4,10,10
"agent BacktrackAgent #5",BacktrackAgent,0.08,0,0.69,10,0,0,0,0,4,10,0,0,0,10,0,0,10,4,0,46,0,9,0,8,10,10
"agent BacktrackAgent #6",BacktrackAgent,0.39,0,0.69,10,0,2,0,2,10,10,12,0,0,10,0,0,10,10,0,101,7,23,1,39,10,10
"agent BacktrackAgent #7",BacktrackAgent,0.35,0,0.69,10,0,2,0,2,8,10,7,0,0,10,0,0,10,10,0,160,10,23,2,35,10,10
"agent BacktrackAgent #8",BacktrackAgent,0.4,0,0.69,10,0,2,0,2,8,10,12,0,0,10,0,0,10,10,0,194,10,23,3,40,10,10
"agent BacktrackAgent #9",BacktrackAgent,0.08,0,0.69,10,0,0,0,0,4,10,0,0,0,10,0,0,10,4,0,38,0,9,0,8,10,10
"agent BacktrackAgent #10",BacktrackAgent,0.39,0,0.69,10,0,2,0,2,10,10,12,0,0,10,0,0,10,10,0,143,7,23,1,39,10,10
"agent ForwardAgent #11",ForwardAgent,0.33,0,0.69,10,0,1,0,1,8,10,6,0,0,10,0,0,10,9,0,74,10,22,2,33,10,10
"agent ForwardAgent #12",ForwardAgent,0.4,0,0.69,10,0,2,0,2,8,10,12,0,0,10,0,0,10,10,0,152,10,23,3,40,10,10
"agent ForwardAgent #13",ForwardAgent,0.08,0,0.69,10,0,0,0,0,4,10,0,0,0,10,0,0,10,4,0,30,0,9,0,8,10,10
"agent ForwardAgent #14",ForwardAgent,0.23,0,0.69,10,0,1,0,1,8,10,6,0,0,10,0,0,10,4,0,53,5,15,1,23,10,10
"agent ForwardAgent #15",ForwardAgent,0.09,0,0.69,10,0,0,0,0,0,10,2,0,0,10,0,0,10,5,0,22,2,10,2,9,10,10
"agent ForwardAgent #16",ForwardAgent,0.04,0,0.69,10,0,0,0,0,0,10,2,0,0,10,0,0,10,0,0,7,2,5,3,4,10,10
"agent ForwardAgent #17",ForwardAgent,0.08,0,0.69,10,0,0,0,0,4,10,0,0,0,10,0,0,10,4,0,22,0,9,0,8,10,10
"agent ForwardAgent #18",ForwardAgent,0.05,0,0.69,10,0,0,0,0,3,10,2,0,0,10,0,0,10,0,0,13,0,6,1,5,10,10
"agent ForwardAgent #19",ForwardAgent,0.91,0,0.69,10,0,5,0,5,20,10,23,0,0,10,0,0,10,26,0,127,22,23,2,91,10,10
"agent ForwardAgent #20",ForwardAgent,0.56,0,0.69,10,0,3,0,3,10,10,18,0,0,10,0,0,10,16,0,125,12,23,3,56,10,10
"agent RandomAgent #21",RandomAgent,0.68,0,0.69,10,0,10,0,36,24,10,10,0,0,10,0,0,10,14,0,78,20,9,0,68,10,10
"agent RandomAgent #22",RandomAgent,0.43,0,0.69,10,0,0,0,20,14,10,10,0,0,10,0,0,10,8,0,25,11,13,1,43,10,10
"agent RandomAgent #23",RandomAgent,3.35,0,0.69,10,0,23,0,173,74,10,91,0,0,10,0,0,10,94,0,65,76,23,2,335,10,10
"agent RandomAgent #24",RandomAgent,0.92,0,0.69,10,0,4,0,39,15,10,31,0,0,10,0,0,10,29,0,43,17,15,3,92,10,10
"agent RandomAgent #25",RandomAgent,1.72,0,0.69,10,0,26,0,102,67,10,19,0,0,10,0,0,10,23,0,28,63,9,0,172,10,10
"agent RandomAgent #26",RandomAgent,0.67,0,0.69,10,0,0,0,29,18,10,18,0,0,10,0,0,10,16,0,30,15,13,1,67,10,10
"agent RandomAgent #27",RandomAgent,0.51,0,0.69,10,0,12,0,27,0,10,23,0,0,10,0,0,10,26,0,2,2,11,2,51,10,10
"agent RandomAgent #28",RandomAgent,0.22,0,0.69,10,0,0,0,12,3,10,8,0,0,10,0,0,10,6,0,1,5,9,3,22,10,10
"agent RandomAgent #29",RandomAgent,0.58,0,0.69,10,0,4,0,30,23,10,6,0,0,10,0,0,10,10,0,0,19,9,0,58,10,10
"agent RandomAgent #30",RandomAgent,0.49,0,0.69,10,0,0,0,27,25,10,2,0,0,10,0,0,10,0,0,0,22,7,1,49,10,10
"agent NegotiatingAgent #31",NegotiatingAgent,0.09,10,0.69,10,9,0,0,0,0,10,2,14,18,10,0,0,10,5,0,17,2,10,2,9,10,10
"agent NegotiatingAgent #32",NegotiatingAgent,0.16,16,0.69,10,6,1,0,1,0,10,8,14,18,10,0,2,10,6,0,39,2,11,3,16,10,10
"agent NegotiatingAgent #33",NegotiatingAgent,0.08,0,0.69,10,2,0,0,0,4,10,0,2,10,10,0,0,10,4,0,12,0,9,0,8,10,10
"agent NegotiatingAgent #34",NegotiatingAgent,0.21,2,0.69,10,4,1,0,1,5,10,8,9,21,10,0,0,10,6,0,29,2,14,1,21,10,10
"agent NegotiatingAgent #35",NegotiatingAgent,0.35,2,0.69,10,4,2,0,2,8,10,7,14,26,10,0,4,10,10,0,43,10,23,2,35,10,10
"agent NegotiatingAgent #36",NegotiatingAgent,0.4,0,0.69,10,2,2,0,2,8,10,12,21,27,10,1,5,10,10,0,47,10,23,3,40,10,10
"agent NegotiatingAgent #37",NegotiatingAgent,0.08,0,0.69,10,0,0,0,0,4,10,0,4,3,10,0,2,10,4,0,7,0,9,0,8,10,10
"agent NegotiatingAgent #38",NegotiatingAgent,0.27,0,0.69,10,0,1,0,2,10,10,6,6,8,10,1,1,10,4,0,16,7,17,1,27,10,10
"agent NegotiatingAgent #39",NegotiatingAgent,0.11,0,0.69,10,0,1,0,1,0,10,3,8,6,10,0,3,10,6,0,12,2,11,2,11,10,10
"agent NegotiatingAgent #40",NegotiatingAgent,0.16,0,0.69,10,0,1,0,1,0,10,8,12,9,10,0,4,10,6,0,23,2,11,3,16,10,10
