agentName,agentType,averageSpeed,cumulatedUtilityReceived,freeWallRatio,numBacktrackAgents,numCFPAnswered,numDeadends,numDifferentEncounters,numDirectionChanges,numDownSteps,numForwardAgents,numLeftSteps,numMessagesReceived,numMessagesSent,numNegotiatingAgents,numProposalsAccepted,numProposalsRejected,numRandomAgents,numRightSteps,numSwarmAgents,numTotalEncounters,numUpSteps,numVisitedCells,startingPosition,stepsToExit,xsize,ysize
"agent BacktrackAgent #1",BacktrackAgent,0.1398,0,0.5199,100,0,24,0,24,376,0,324,0,0,0,0,0,0,372,0,3079,326,1237,0,1398,100,100
"agent BacktrackAgent #2",BacktrackAgent,0.5523,0,0.5199,100,0,149,0,149,1432,0,1378,0,0,0,0,0,0,1330,0,960,1383,3076,1,5523,100,100
"agent BacktrackAgent #3",BacktrackAgent,0.2629,0,0.5199,100,0,53,0,53,622,0,646,0,0,0,0,0,0,693,0,366,668,1450,2,2629,100,100
"agent BacktrackAgent #4",BacktrackAgent,0.3938,0,0.5199,100,0,112,0,112,974,0,996,0,0,0,0,0,0,948,0,2020,1020,2631,3,3938,100,100
"agent BacktrackAgent #5",BacktrackAgent,0.1606,0,0.5199,100,0,36,0,36,418,0,386,0,0,0,0,0,0,434,0,866,368,1341,0,1606,100,100
"agent BacktrackAgent #6",BacktrackAgent,0.5733,0,0.5199,100,0,160,0,160,1499,0,1416,0,0,0,0,0,0,1368,0,348,1450,3181,1,5733,100,100
"agent BacktrackAgent #7",BacktrackAgent,0.2575,0,0.5199,100,0,51,0,51,608,0,633,0,0,0,0,0,0,680,0,164,654,1423,2,2575,100,100
"agent BacktrackAgent #8",BacktrackAgent,0.3582,0,0.5199,100,0,103,0,103,888,0,904,0,0,0,0,0,0,856,0,107,934,2453,3,3582,100,100
"agent BacktrackAgent #9",BacktrackAgent,0.1522,0,0.5199,100,0,32,0,32,402,0,360,0,0,0,0,0,0,408,0,0,352,1299,0,1522,100,100
"agent BacktrackAgent #10",BacktrackAgent,0.1117,0,0.5199,100,0,31,0,31,315,0,292,0,0,0,0,0,0,244,0,712,266,873,1,1117,100,100
"agent BacktrackAgent #11",BacktrackAgent,0.2677,0,0.5199,100,0,53,0,53,630,0,662,0,0,0,0,0,0,709,0,856,676,1474,2,2677,100,100
"agent BacktrackAgent #12",BacktrackAgent,0.4742,0,0.5199,100,0,141,0,141,1180,0,1192,0,0,0,0,0,0,1144,0,3814,1226,3033,3,4742,100,100
"agent BacktrackAgent #13",BacktrackAgent,0.1422,0,0.5199,100,0,20,0,20,368,0,344,0,0,0,0,0,0,392,0,3185,318,1249,0,1422,100,100
"agent BacktrackAgent #14",BacktrackAgent,0.0849,0,0.5199,100,0,18,0,18,233,0,240,0,0,0,0,0,0,192,0,508,184,739,1,849,100,100
"agent BacktrackAgent #15",BacktrackAgent,0.2665,0,0.5199,100,0,56,0,56,626,0,660,0,0,0,0,0,0,707,0,934,672,1468,2,2665,100,100
"agent BacktrackAgent #16",BacktrackAgent,0.4426,0,0.5199,100,0,124,0,124,1094,0,1120,0,0,0,0,0,0,1072,0,3199,1140,2875,3,4426,100,100
"agent BacktrackAgent #17",BacktrackAgent,0.1402,0,0.5199,100,0,27,0,27,364,0,338,0,0,0,0,0,0,386,0,3151,314,1239,0,1402,100,100
"agent BacktrackAgent #18",BacktrackAgent,0.0867,0,0.5199,100,0,20,0,20,252,0,230,0,0,0,0,0,0,182,0,667,203,748,1,867,100,100
"agent BacktrackAgent #19",BacktrackAgent,0.0391,0,0.5199,100,0,9,0,9,66,0,83,0,0,0,0,0,0,130,0,528,112,331,2,391,100,100
"agent BacktrackAgent #20",BacktrackAgent,0.315,0,0.5199,100,0,80,0,80,772,0,804,0,0,0,0,0,0,756,0,2905,818,2237,3,3150,100,100
"agent BacktrackAgent #21",BacktrackAgent,0.165,0,0.5199,100,0,34,0,34,424,0,402,0,0,0,0,0,0,450,0,2896,374,1363,0,1650,100,100
"agent BacktrackAgent #22",BacktrackAgent,0.5611,0,0.5199,100,0,148,0,148,1456,0,1398,0,0,0,0,0,0,1350,0,596,1407,3120,1,5611,100,100
"agent BacktrackAgent #23",BacktrackAgent,0.0317,0,0.5199,100,0,5,0,5,50,0,62,0,0,0,0,0,0,109,0,496,96,294,2,317,100,100
"agent BacktrackAgent #24",BacktrackAgent,0.3878,0,0.5199,100,0,106,0,106,960,0,980,0,0,0,0,0,0,932,0,3187,1006,2601,3,3878,100,100
"agent BacktrackAgent #25",BacktrackAgent,0.1378,0,0.5199,100,0,21,0,21,366,0,324,0,0,0,0,0,0,372,0,3011,316,1227,0,1378,100,100
"agent BacktrackAgent #26",BacktrackAgent,0.0979,0,0.5199,100,0,26,0,26,284,0,254,0,0,0,0,0,0,206,0,442,235,804,1,979,100,100
"agent BacktrackAgent #27",BacktrackAgent,0.2629,0,0.5199,100,0,54,0,54,622,0,646,0,0,0,0,0,0,693,0,984,668,1450,2,2629,100,100
"agent BacktrackAgent #28",BacktrackAgent,0.3266,0,0.5199,100,0,92,0,92,834,0,800,0,0,0,0,0,0,752,0,924,880,2295,3,3266,100,100
"agent BacktrackAgent #29",BacktrackAgent,0.1514,0,0.5199,100,0,35,0,35,394,0,364,0,0,0,0,0,0,412,0,2586,344,1295,0,1514,100,100
"agent BacktrackAgent #30",BacktrackAgent,0.1027,0,0.5199,100,0,27,0,27,274,0,288,0,0,0,0,0,0,240,0,347,225,828,1,1027,100,100
"agent BacktrackAgent #31",BacktrackAgent,0.2653,0,0.5199,100,0,55,0,55,626,0,654,0,0,0,0,0,0,701,0,827,672,1462,2,2653,100,100
"agent BacktrackAgent #32",BacktrackAgent,0.3646,0,0.5199,100,0,106,0,106,904,0,920,0,0,0,0,0,0,872,0,3078,950,2485,3,3646,100,100
"agent BacktrackAgent #33",BacktrackAgent,0.1534,0,0.5199,100,0,33,0,33,398,0,370,0,0,0,0,0,0,418,0,2825,348,1305,0,1534,100,100
"agent BacktrackAgent #34",BacktrackAgent,0.0901,0,0.5199,100,0,24,0,24,241,0,258,0,0,0,0,0,0,210,0,311,192,765,1,901,100,100
"agent BacktrackAgent #35",BacktrackAgent,0.2557,0,0.5199,100,0,48,0,48,602,0,630,0,0,0,0,0,0,677,0,527,648,1414,2,2557,100,100
"agent BacktrackAgent #36",BacktrackAgent,0.4262,0,0.5199,100,0,124,0,124,1052,0,1080,0,0,0,0,0,0,1032,0,2947,1098,2793,3,4262,100,100
"agent BacktrackAgent #37",BacktrackAgent,0.1494,0,0.5199,100,0,32,0,32,390,0,358,0,0,0,0,0,0,406,0,2122,340,1285,0,1494,100,100
"agent BacktrackAgent #38",BacktrackAgent,0.5859,0,0.5199,100,0,163,0,163,1534,0,1444,0,0,0,0,0,0,1396,0,1253,1485,3244,1,5859,100,100
"agent BacktrackAgent #39",BacktrackAgent,0.2643,0,0.5199,100,0,54,0,54,622,0,653,0,0,0,0,0,0,700,0,768,668,1457,2,2643,100,100
"agent BacktrackAgent #40",BacktrackAgent,0.3782,0,0.5199,100,0,104,0,104,926,0,966,0,0,0,0,0,0,918,0,3196,972,2553,3,3782,100,100
"agent BacktrackAgent #41",BacktrackAgent,0.1418,0,0.5199,100,0,23,0,23,366,0,344,0,0,0,0,0,0,392,0,1547,316,1247,0,1418,100,100
"agent BacktrackAgent #42",BacktrackAgent,0.0887,0,0.5199,100,0,21,0,21,252,0,240,0,0,0,0,0,0,192,0,260,203,758,1,887,100,100
"agent BacktrackAgent #43",BacktrackAgent,0.2685,0,0.5199,100,0,54,0,54,630,0,666,0,0,0,0,0,0,713,0,592,676,1478,2,2685,100,100
"agent BacktrackAgent #44",BacktrackAgent,0.343,0,0.5199,100,0,99,0,99,846,0,870,0,0,0,0,0,0,822,0,2303,892,2377,3,3430,100,100
"agent BacktrackAgent #45",BacktrackAgent,0.143,0,0.5199,100,0,26,0,26,376,0,340,0,0,0,0,0,0,388,0,1571,326,1253,0,1430,100,100
"agent BacktrackAgent #46",BacktrackAgent,0.1121,0,0.5199,100,0,31,0,31,325,0,284,0,0,0,0,0,0,236,0,404,276,875,1,1121,100,100
"agent BacktrackAgent #47",BacktrackAgent,0.0427,0,0.5199,100,0,9,0,9,72,0,95,0,0,0,0,0,0,142,0,751,118,349,2,427,100,100
"agent BacktrackAgent #48",BacktrackAgent,0.2818,0,0.5199,100,0,72,0,72,724,0,686,0,0,0,0,0,0,638,0,857,770,2071,3,2818,100,100
"agent BacktrackAgent #49",BacktrackAgent,0.1266,0,0.5199,100,0,20,0,20,338,0,296,0,0,0,0,0,0,344,0,1824,288,1171,0,1266,100,100
"agent BacktrackAgent #50",BacktrackAgent,0.1033,0,0.5199,100,0,30,0,30,297,0,268,0,0,0,0,0,0,220,0,204,248,831,1,1033,100,100
"agent BacktrackAgent #51",BacktrackAgent,0.0369,0,0.5199,100,0,6,0,6,60,0,78,0,0,0,0,0,0,125,0,189,106,320,2,369,100,100
"agent BacktrackAgent #52",BacktrackAgent,0.213,0,0.5199,100,0,46,0,46,528,0,538,0,0,0,0,0,0,490,0,495,574,1727,3,2130,100,100
"agent BacktrackAgent #53",BacktrackAgent,0.1426,0,0.5199,100,0,26,0,26,364,0,350,0,0,0,0,0,0,398,0,1871,314,1251,0,1426,100,100
"agent BacktrackAgent #54",BacktrackAgent,0.5787,0,0.5199,100,0,163,0,163,1512,0,1430,0,0,0,0,0,0,1382,0,364,1463,3208,1,5787,100,100
"agent BacktrackAgent #55",BacktrackAgent,0.2645,0,0.5199,100,0,53,0,53,620,0,656,0,0,0,0,0,0,703,0,197,666,1458,2,2645,100,100
"agent BacktrackAgent #56",BacktrackAgent,0.3698,0,0.5199,100,0,106,0,106,924,0,926,0,0,0,0,0,0,878,0,1545,970,2511,3,3698,100,100
"agent BacktrackAgent #57",BacktrackAgent,0.1478,0,0.5199,100,0,26,0,26,388,0,352,0,0,0,0,0,0,400,0,1514,338,1277,0,1478,100,100
"agent BacktrackAgent #58",BacktrackAgent,0.1059,0,0.5199,100,0,26,0,26,298,0,280,0,0,0,0,0,0,232,0,153,249,844,1,1059,100,100
"agent BacktrackAgent #59",BacktrackAgent,0.2699,0,0.5199,100,0,55,0,55,636,0,667,0,0,0,0,0,0,714,0,540,682,1485,2,2699,100,100
"agent BacktrackAgent #60",BacktrackAgent,0.355,0,0.5199,100,0,95,0,95,876,0,900,0,0,0,0,0,0,852,0,1879,922,2437,3,3550,100,100
"agent BacktrackAgent #61",BacktrackAgent,0.143,0,0.5199,100,0,28,0,28,368,0,348,0,0,0,0,0,0,396,0,1467,318,1253,0,1430,100,100
"agent BacktrackAgent #62",BacktrackAgent,0.5547,0,0.5199,100,0,148,0,148,1446,0,1376,0,0,0,0,0,0,1328,0,401,1397,3088,1,5547,100,100
"agent BacktrackAgent #63",BacktrackAgent,0.0455,0,0.5199,100,0,10,0,10,78,0,103,0,0,0,0,0,0,150,0,479,124,363,2,455,100,100
"agent BacktrackAgent #64",BacktrackAgent,0.4074,0,0.5199,100,0,110,0,110,1026,0,1012,0,0,0,0,0,0,964,0,781,1072,2699,3,4074,100,100
"agent BacktrackAgent #65",BacktrackAgent,0.1526,0,0.5199,100,0,31,0,31,388,0,376,0,0,0,0,0,0,424,0,1568,338,1301,0,1526,100,100
"agent BacktrackAgent #66",BacktrackAgent,0.0945,0,0.5199,100,0,24,0,24,249,0,272,0,0,0,0,0,0,224,0,312,200,787,1,945,100,100
"agent BacktrackAgent #67",BacktrackAgent,0.2671,0,0.5199,100,0,56,0,56,626,0,663,0,0,0,0,0,0,710,0,597,672,1471,2,2671,100,100
"agent BacktrackAgent #68",BacktrackAgent,0.2846,0,0.5199,100,0,69,0,69,700,0,724,0,0,0,0,0,0,676,0,202,746,2085,3,2846,100,100
"agent BacktrackAgent #69",BacktrackAgent,0.1458,0,0.5199,100,0,33,0,33,384,0,346,0,0,0,0,0,0,394,0,1057,334,1267,0,1458,100,100
"agent BacktrackAgent #70",BacktrackAgent,0.5665,0,0.5199,100,0,159,0,159,1489,0,1392,0,0,0,0,0,0,1344,0,610,1440,3147,1,5665,100,100
"agent BacktrackAgent #71",BacktrackAgent,0.0375,0,0.5199,100,0,7,0,7,60,0,81,0,0,0,0,0,0,128,0,225,106,323,2,375,100,100
"agent BacktrackAgent #72",BacktrackAgent,0.3674,0,0.5199,100,0,103,0,103,918,0,920,0,0,0,0,0,0,872,0,1207,964,2499,3,3674,100,100
"agent BacktrackAgent #73",BacktrackAgent,0.1402,0,0.5199,100,0,25,0,25,354,0,348,0,0,0,0,0,0,396,0,621,304,1239,0,1402,100,100
"agent BacktrackAgent #74",BacktrackAgent,0.0885,0,0.5199,100,0,21,0,21,245,0,246,0,0,0,0,0,0,198,0,218,196,757,1,885,100,100
"agent BacktrackAgent #75",BacktrackAgent,0.2649,0,0.5199,100,0,54,0,54,624,0,654,0,0,0,0,0,0,701,0,78,670,1460,2,2649,100,100
"agent BacktrackAgent #76",BacktrackAgent,0.3922,0,0.5199,100,0,106,0,106,956,0,1006,0,0,0,0,0,0,958,0,776,1002,2623,3,3922,100,100
"agent BacktrackAgent #77",BacktrackAgent,0.1418,0,0.5199,100,0,22,0,22,370,0,340,0,0,0,0,0,0,388,0,1050,320,1247,0,1418,100,100
"agent BacktrackAgent #78",BacktrackAgent,0.5779,0,0.5199,100,0,160,0,160,1522,0,1416,0,0,0,0,0,0,1368,0,543,1473,3204,1,5779,100,100
"agent BacktrackAgent #79",BacktrackAgent,0.0383,0,0.5199,100,0,8,0,8,62,0,83,0,0,0,0,0,0,130,0,247,108,327,2,383,100,100
"agent BacktrackAgent #80",BacktrackAgent,0.331,0,0.5199,100,0,87,0,87,802,0,854,0,0,0,0,0,0,806,0,769,848,2317,3,3310,100,100
"agent BacktrackAgent #81",BacktrackAgent,0.1598,0,0.5199,100,0,33,0,33,406,0,394,0,0,0,0,0,0,442,0,778,356,1337,0,1598,100,100
"agent BacktrackAgent #82",BacktrackAgent,0.5823,0,0.5199,100,0,163,0,163,1524,0,1436,0,0,0,0,0,0,1388,0,80,1475,3226,1,5823,100,100
"agent BacktrackAgent #83",BacktrackAgent,0.0365,0,0.5199,100,0,5,0,5,56,0,80,0,0,0,0,0,0,127,0,180,102,318,2,365,100,100
"agent BacktrackAgent #84",BacktrackAgent,0.411,0,0.5199,100,0,116,0,116,1004,0,1052,0,0,0,0,0,0,1004,0,422,1050,2717,3,4110,100,100
"agent BacktrackAgent #85",BacktrackAgent,0.153,0,0.5199,100,0,34,0,34,398,0,368,0,0,0,0,0,0,416,0,342,348,1303,0,1530,100,100
"agent BacktrackAgent #86",BacktrackAgent,0.0763,0,0.5199,100,0,16,0,16,210,0,220,0,0,0,0,0,0,172,0,108,161,696,1,763,100,100
"agent BacktrackAgent #87",BacktrackAgent,0.0383,0,0.5199,100,0,8,0,8,60,0,85,0,0,0,0,0,0,132,0,84,106,327,2,383,100,100
"agent BacktrackAgent #88",BacktrackAgent,0.3666,0,0.5199,100,0,97,0,97,924,0,910,0,0,0,0,0,0,862,0,123,970,2495,3,3666,100,100
"agent BacktrackAgent #89",BacktrackAgent,0.1598,0,0.5199,100,0,33,0,33,404,0,396,0,0,0,0,0,0,444,0,542,354,1337,0,1598,100,100
"agent BacktrackAgent #90",BacktrackAgent,0.0823,0,0.5199,100,0,14,0,14,220,0,240,0,0,0,0,0,0,192,0,154,171,726,1,823,100,100
"agent BacktrackAgent #91",BacktrackAgent,0.0393,0,0.5199,100,0,9,0,9,64,0,86,0,0,0,0,0,0,133,0,33,110,332,2,393,100,100
"agent BacktrackAgent #92",BacktrackAgent,0.2554,0,0.5199,100,0,60,0,60,634,0,644,0,0,0,0,0,0,596,0,4,680,1939,3,2554,100,100
"agent BacktrackAgent #93",BacktrackAgent,0.149,0,0.5199,100,0,25,0,25,388,0,358,0,0,0,0,0,0,406,0,326,338,1283,0,1490,100,100
"agent BacktrackAgent #94",BacktrackAgent,0.1063,0,0.5199,100,0,27,0,27,306,0,274,0,0,0,0,0,0,226,0,18,257,846,1,1063,100,100
"agent BacktrackAgent #95",BacktrackAgent,0.2603,0,0.5199,100,0,54,0,54,612,0,643,0,0,0,0,0,0,690,0,36,658,1437,2,2603,100,100
"agent BacktrackAgent #96",BacktrackAgent,0.367,0,0.5199,100,0,99,0,99,890,0,946,0,0,0,0,0,0,898,0,0,936,2497,3,3670,100,100
"agent BacktrackAgent #97",BacktrackAgent,0.1534,0,0.5199,100,0,30,0,30,398,0,370,0,0,0,0,0,0,418,0,46,348,1305,0,1534,100,100
"agent BacktrackAgent #98",BacktrackAgent,0.5655,0,0.5199,100,0,155,0,155,1490,0,1386,0,0,0,0,0,0,1338,0,0,1441,3142,1,5655,100,100
"agent BacktrackAgent #99",BacktrackAgent,0.0433,0,0.5199,100,0,8,0,8,72,0,98,0,0,0,0,0,0,145,0,0,118,352,2,433,100,100
"agent BacktrackAgent #100",BacktrackAgent,0.3662,0,0.5199,100,0,101,0,101,890,0,942,0,0,0,0,0,0,894,0,4813,936,2493,3,3662,100,100
