agentName,agentType,averageSpeed,cumulatedUtilityReceived,freeWallRatio,numBacktrackAgents,numCFPAnswered,numDeadends,numDifferentEncounters,numDirectionChanges,numDownSteps,numForwardAgents,numLeftSteps,numMessagesReceived,numMessagesSent,numNegotiatingAgents,numProposalsAccepted,numProposalsRejected,numRandomAgents,numRightSteps,numSwarmAgents,numTotalEncounters,numUpSteps,numVisitedCells,startingPosition,stepsToExit,xsize,ysize
"agent BacktrackAgent #1",BacktrackAgent,0.333,0,0.569,10,0,11,0,11,100,10,74,0,0,10,0,0,10,83,0,405,76,266,0,333,20,50
"agent BacktrackAgent #2",BacktrackAgent,0.473,0,0.569,10,0,15,0,15,140,10,112,0,0,10,0,0,10,105,0,198,116,302,1,473,20,50
"agent BacktrackAgent #3",BacktrackAgent,0.595,0,0.569,10,0,16,0,16,150,10,132,0,0,10,0,0,10,141,0,176,172,326,2,595,20,50
"agent BacktrackAgent #4",BacktrackAgent,0.215,0,0.569,10,0,8,0,8,48,10,52,0,0,10,0,0,10,45,0,145,70,160,3,215,20,50
"agent BacktrackAgent #5",BacktrackAgent,0.205,0,0.569,10,0,2,0,2,68,10,42,0,0,10,0,0,10,51,0,254,44,202,0,205,20,50
"agent BacktrackAgent #6",BacktrackAgent,0.373,0,0.569,10,0,6,0,6,108,10,94,0,0,10,0,0,10,87,0,146,84,252,1,373,20,50
"agent BacktrackAgent #7",BacktrackAgent,0.787,0,0.569,10,0,23,0,23,200,10,178,0,0,10,0,0,10,187,0,252,222,422,2,787,20,50
"agent BacktrackAgent #8",BacktrackAgent,0.659,0,0.569,10,0,17,0,17,168,10,154,0,0,10,0,0,10,147,0,157,190,382,3,659,20,50
"agent BacktrackAgent #9",BacktrackAgent,0.257,0,0.569,10,0,5,0,5,80,10,56,0,0,10,0,0,10,65,0,200,56,228,0,257,20,50
"agent BacktrackAgent #10",BacktrackAgent,0.477,0,0.569,10,0,16,0,16,142,10,112,0,0,10,0,0,10,105,0,205,118,304,1,477,20,50
"agent ForwardAgent #11",ForwardAgent,0.295,0,0.569,10,0,9,0,9,68,10,64,0,0,10,0,0,10,73,0,137,90,126,2,295,20,50
"agent ForwardAgent #12",ForwardAgent,0.979,0,0.569,10,0,36,0,36,252,10,230,0,0,10,0,0,10,223,0,259,274,172,3,979,20,50
"agent ForwardAgent #13",ForwardAgent,1.329,0,0.569,10,0,23,0,23,366,10,306,0,0,10,0,0,10,315,0,438,342,252,0,1329,20,50
"agent ForwardAgent #14",ForwardAgent,0.645,0,0.569,10,0,18,0,18,194,10,144,0,0,10,0,0,10,137,0,140,170,208,1,645,20,50
"agent ForwardAgent #15",ForwardAgent,0.199,0,0.569,10,0,6,0,6,50,10,34,0,0,10,0,0,10,43,0,123,72,86,2,199,20,50
"agent ForwardAgent #16",ForwardAgent,3.831,0,0.569,10,0,111,0,111,1004,10,904,0,0,10,0,0,10,897,0,589,1026,430,3,3831,20,50
"agent ForwardAgent #17",ForwardAgent,1.925,0,0.569,10,0,46,0,46,520,10,450,0,0,10,0,0,10,459,0,357,496,374,0,1925,20,50
"agent ForwardAgent #18",ForwardAgent,4.593,0,0.569,10,0,118,0,118,1242,10,1070,0,0,10,0,0,10,1063,0,698,1218,378,1,4593,20,50
"agent ForwardAgent #19",ForwardAgent,2.451,0,0.569,10,0,63,0,63,664,10,546,0,0,10,0,0,10,555,0,353,686,326,2,2451,20,50
"agent ForwardAgent #20",ForwardAgent,2.171,0,0.569,10,0,48,0,48,570,10,508,0,0,10,0,0,10,501,0,313,592,398,3,2171,20,50
"agent RandomAgent #21",RandomAgent,122.359,0,0.569,10,0,3035,0,61406,33247,10,27940,0,0,10,0,0,10,27949,0,3507,33223,267,0,122359,20,50
"agent RandomAgent #22",RandomAgent,7.667,0,0.569,10,0,299,0,3830,2325,10,1524,0,0,10,0,0,10,1517,0,279,2301,171,1,7667,20,50
"agent RandomAgent #23",RandomAgent,36.593,0,0.569,10,0,1440,0,18474,9859,10,8422,0,0,10,0,0,10,8431,0,499,9881,180,2,36593,20,50
"agent RandomAgent #24",RandomAgent,10.501,0,0.569,10,0,698,0,5318,2783,10,2460,0,0,10,0,0,10,2453,0,707,2805,155,3,10501,20,50
"agent RandomAgent #25",RandomAgent,13.181,0,0.569,10,0,333,0,6707,3770,10,2828,0,0,10,0,0,10,2837,0,310,3746,264,0,13181,20,50
"agent RandomAgent #26",RandomAgent,69.941,0,0.569,10,0,2149,0,35154,19284,10,15702,0,0,10,0,0,10,15695,0,3302,19260,264,1,69941,20,50
"agent RandomAgent #27",RandomAgent,4.791,0,0.569,10,0,199,0,2474,1281,10,1099,0,0,10,0,0,10,1108,0,0,1303,99,2,4791,20,50
"agent RandomAgent #28",RandomAgent,9.051,0,0.569,10,0,397,0,4656,2176,10,2342,0,0,10,0,0,10,2335,0,0,2198,188,3,9051,20,50
"agent RandomAgent #29",RandomAgent,53.067,0,0.569,10,0,1651,0,26370,15208,10,11333,0,0,10,0,0,10,11342,0,1437,15184,277,0,53067,20,50
"agent RandomAgent #30",RandomAgent,75.133,0,0.569,10,0,2458,0,37849,21008,10,16574,0,0,10,0,0,10,16567,0,0,20984,278,1,75133,20,50
"agent NegotiatingAgent #31",NegotiatingAgent,0.103,38,0.569,10,12,3,0,3,16,10,20,19,28,10,0,0,10,29,0,47,38,80,2,103,20,50
"agent NegotiatingAgent #32",NegotiatingAgent,0.655,1980,0.569,10,40,16,0,16,166,10,154,78,101,10,0,0,10,147,0,183,188,380,3,655,20,50
"agent NegotiatingAgent #33",NegotiatingAgent,0.277,14,0.569,10,4,9,0,9,88,10,58,5,10,10,0,0,10,67,0,58,64,238,0,277,20,50
"agent NegotiatingAgent #34",NegotiatingAgent,0.677,276,0.569,10,7,17,0,17,194,10,160,16,48,10,1,0,10,153,0,41,170,404,1,677,20,50
"agent NegotiatingAgent #35",NegotiatingAgent,0.075,0,0.569,10,3,2,0,2,10,10,12,25,21,10,2,7,10,21,0,34,32,66,2,75,20,50
"agent NegotiatingAgent #36",NegotiatingAgent,0.463,102,0.569,10,5,12,0,12,110,10,114,83,94,10,33,2,10,107,0,52,132,284,3,463,20,50
"agent NegotiatingAgent #37",NegotiatingAgent,0.241,54,0.569,10,1,3,0,3,74,10,54,14,13,10,3,3,10,63,0,7,50,220,0,241,20,50
"agent NegotiatingAgent #38",NegotiatingAgent,0.189,62,0.569,10,2,6,0,6,64,10,46,8,11,10,0,2,10,39,0,6,40,160,1,189,20,50
"agent NegotiatingAgent #39",NegotiatingAgent,0.103,0,0.569,10,0,3,0,3,16,10,20,14,14,10,1,4,10,29,0,11,38,80,2,103,20,50
"agent NegotiatingAgent #40",NegotiatingAgent,0.439,0,0.569,10,0,11,0,11,100,10,112,30,49,10,9,4,10,105,0,31,122,272,3,439,20,50
