agentName,agentType,averageSpeed,cumulatedUtilityReceived,freeWallRatio,numBacktrackAgents,numCFPAnswered,numDeadends,numDifferentEncounters,numDirectionChanges,numDownSteps,numForwardAgents,numLeftSteps,numMessagesReceived,numMessagesSent,numNegotiatingAgents,numProposalsAccepted,numProposalsRejected,numRandomAgents,numRightSteps,numSwarmAgents,numTotalEncounters,numUpSteps,numVisitedCells,startingPosition,stepsToExit,xsize,ysize
"agent BacktrackAgent #1",BacktrackAgent,0.101,0,0.569,100,0,1,0,1,38,100,20,0,0,100,0,0,100,29,0,2569,14,100,0,101,20,50
"agent BacktrackAgent #2",BacktrackAgent,0.106,0,0.569,100,0,2,0,2,36,100,32,0,0,100,0,0,100,25,0,1732,13,92,1,106,20,50
"agent BacktrackAgent #3",BacktrackAgent,0.398,0,0.569,100,0,13,0,13,94,100,90,0,0,100,0,0,100,98,0,2521,116,282,2,398,20,50
"agent BacktrackAgent #4",BacktrackAgent,0.337,0,0.569,100,0,9,0,9,84,100,77,0,0,100,0,0,100,70,0,793,106,240,3,337,20,50
"agent BacktrackAgent #5",BacktrackAgent,0.153,0,0.569,100,0,3,0,3,44,100,40,0,0,100,0,0,100,49,0,3607,20,126,0,153,20,50
"agent BacktrackAgent #6",BacktrackAgent,0.174,0,0.569,100,0,4,0,4,46,100,56,0,0,100,0,0,100,49,0,2315,23,126,1,174,20,50
"agent BacktrackAgent #7",BacktrackAgent,0.394,0,0.569,100,0,13,0,13,94,100,88,0,0,100,0,0,100,96,0,1821,116,280,2,394,20,50
"agent BacktrackAgent #8",BacktrackAgent,0.361,0,0.569,100,0,13,0,13,92,100,81,0,0,100,0,0,100,74,0,763,114,252,3,361,20,50
"agent BacktrackAgent #9",BacktrackAgent,0.125,0,0.569,100,0,1,0,1,38,100,32,0,0,100,0,0,100,41,0,2507,14,112,0,125,20,50
"agent BacktrackAgent #10",BacktrackAgent,0.178,0,0.569,100,0,5,0,5,48,100,56,0,0,100,0,0,100,49,0,3020,25,128,1,178,20,50
"agent BacktrackAgent #11",BacktrackAgent,0.184,0,0.569,100,0,3,0,3,36,100,41,0,0,100,0,0,100,49,0,1212,58,175,2,184,20,50
"agent BacktrackAgent #12",BacktrackAgent,0.237,0,0.569,100,0,5,0,5,48,100,63,0,0,100,0,0,100,56,0,2446,70,190,3,237,20,50
"agent BacktrackAgent #13",BacktrackAgent,0.157,0,0.569,100,0,4,0,4,46,100,40,0,0,100,0,0,100,49,0,4392,22,128,0,157,20,50
"agent BacktrackAgent #14",BacktrackAgent,0.13,0,0.569,100,0,3,0,3,40,100,40,0,0,100,0,0,100,33,0,2265,17,104,1,130,20,50
"agent BacktrackAgent #15",BacktrackAgent,0.222,0,0.569,100,0,5,0,5,42,100,54,0,0,100,0,0,100,62,0,1998,64,194,2,222,20,50
"agent BacktrackAgent #16",BacktrackAgent,0.181,0,0.569,100,0,6,0,6,38,100,45,0,0,100,0,0,100,38,0,843,60,162,3,181,20,50
"agent BacktrackAgent #17",BacktrackAgent,0.129,0,0.569,100,0,3,0,3,44,100,28,0,0,100,0,0,100,37,0,3060,20,114,0,129,20,50
"agent BacktrackAgent #18",BacktrackAgent,0.146,0,0.569,100,0,2,0,2,40,100,48,0,0,100,0,0,100,41,0,2587,17,112,1,146,20,50
"agent BacktrackAgent #19",BacktrackAgent,0.204,0,0.569,100,0,5,0,5,40,100,47,0,0,100,0,0,100,55,0,1277,62,185,2,204,20,50
"agent BacktrackAgent #20",BacktrackAgent,0.253,0,0.569,100,0,7,0,7,50,100,69,0,0,100,0,0,100,62,0,2225,72,198,3,253,20,50
"agent BacktrackAgent #21",BacktrackAgent,0.129,0,0.569,100,0,3,0,3,44,100,28,0,0,100,0,0,100,37,0,2875,20,114,0,129,20,50
"agent BacktrackAgent #22",BacktrackAgent,0.13,0,0.569,100,0,3,0,3,40,100,40,0,0,100,0,0,100,33,0,2082,17,104,1,130,20,50
"agent BacktrackAgent #23",BacktrackAgent,0.184,0,0.569,100,0,3,0,3,40,100,37,0,0,100,0,0,100,45,0,1579,62,175,2,184,20,50
"agent BacktrackAgent #24",BacktrackAgent,0.353,0,0.569,100,0,12,0,12,88,100,81,0,0,100,0,0,100,74,0,1551,110,248,3,353,20,50
"agent BacktrackAgent #25",BacktrackAgent,0.125,0,0.569,100,0,2,0,2,42,100,28,0,0,100,0,0,100,37,0,2901,18,112,0,125,20,50
"agent BacktrackAgent #26",BacktrackAgent,0.104,0,0.569,100,0,2,0,2,39,100,28,0,0,100,0,0,100,21,0,938,16,91,1,104,20,50
"agent BacktrackAgent #27",BacktrackAgent,0.188,0,0.569,100,0,4,0,4,42,100,37,0,0,100,0,0,100,45,0,1324,64,177,2,188,20,50
"agent BacktrackAgent #28",BacktrackAgent,0.381,0,0.569,100,0,15,0,15,92,100,91,0,0,100,0,0,100,84,0,1438,114,262,3,381,20,50
"agent BacktrackAgent #29",BacktrackAgent,0.101,0,0.569,100,0,1,0,1,38,100,20,0,0,100,0,0,100,29,0,2354,14,100,0,101,20,50
"agent BacktrackAgent #30",BacktrackAgent,0.134,0,0.569,100,0,4,0,4,42,100,40,0,0,100,0,0,100,33,0,1731,19,106,1,134,20,50
"agent BacktrackAgent #31",BacktrackAgent,0.404,0,0.569,100,0,15,0,15,94,100,93,0,0,100,0,0,100,101,0,1659,116,285,2,404,20,50
"agent BacktrackAgent #32",BacktrackAgent,0.165,0,0.569,100,0,3,0,3,32,100,43,0,0,100,0,0,100,36,0,842,54,154,3,165,20,50
"agent BacktrackAgent #33",BacktrackAgent,0.157,0,0.569,100,0,4,0,4,46,100,40,0,0,100,0,0,100,49,0,4106,22,128,0,157,20,50
"agent BacktrackAgent #34",BacktrackAgent,0.15,0,0.569,100,0,3,0,3,42,100,48,0,0,100,0,0,100,41,0,2441,19,114,1,150,20,50
"agent BacktrackAgent #35",BacktrackAgent,0.188,0,0.569,100,0,4,0,4,40,100,39,0,0,100,0,0,100,47,0,1296,62,177,2,188,20,50
"agent BacktrackAgent #36",BacktrackAgent,0.149,0,0.569,100,0,2,0,2,30,100,37,0,0,100,0,0,100,30,0,731,52,146,3,149,20,50
"agent BacktrackAgent #37",BacktrackAgent,0.125,0,0.569,100,0,2,0,2,42,100,28,0,0,100,0,0,100,37,0,2692,18,112,0,125,20,50
"agent BacktrackAgent #38",BacktrackAgent,0.12,0,0.569,100,0,1,0,1,39,100,36,0,0,100,0,0,100,29,0,1238,16,99,1,120,20,50
"agent BacktrackAgent #39",BacktrackAgent,0.242,0,0.569,100,0,9,0,9,48,100,58,0,0,100,0,0,100,66,0,1912,70,204,2,242,20,50
"agent BacktrackAgent #40",BacktrackAgent,0.153,0,0.569,100,0,2,0,2,32,100,37,0,0,100,0,0,100,30,0,1239,54,148,3,153,20,50
"agent BacktrackAgent #41",BacktrackAgent,0.125,0,0.569,100,0,1,0,1,38,100,32,0,0,100,0,0,100,41,0,3751,14,112,0,125,20,50
"agent BacktrackAgent #42",BacktrackAgent,0.12,0,0.569,100,0,1,0,1,39,100,36,0,0,100,0,0,100,29,0,1117,16,99,1,120,20,50
"agent BacktrackAgent #43",BacktrackAgent,0.426,0,0.569,100,0,16,0,16,100,100,98,0,0,100,0,0,100,106,0,2174,122,296,2,426,20,50
"agent BacktrackAgent #44",BacktrackAgent,0.365,0,0.569,100,0,14,0,14,92,100,83,0,0,100,0,0,100,76,0,1343,114,254,3,365,20,50
"agent BacktrackAgent #45",BacktrackAgent,0.097,0,0.569,100,0,0,0,0,36,100,20,0,0,100,0,0,100,29,0,2257,12,98,0,97,20,50
"agent BacktrackAgent #46",BacktrackAgent,0.076,0,0.569,100,0,0,0,0,33,100,20,0,0,100,0,0,100,13,0,683,10,77,1,76,20,50
"agent BacktrackAgent #47",BacktrackAgent,0.402,0,0.569,100,0,13,0,13,96,100,90,0,0,100,0,0,100,98,0,2054,118,284,2,402,20,50
"agent BacktrackAgent #48",BacktrackAgent,0.153,0,0.569,100,0,2,0,2,32,100,37,0,0,100,0,0,100,30,0,1051,54,148,3,153,20,50
"agent BacktrackAgent #49",BacktrackAgent,0.125,0,0.569,100,0,1,0,1,38,100,32,0,0,100,0,0,100,41,0,3602,14,112,0,125,20,50
"agent BacktrackAgent #50",BacktrackAgent,0.102,0,0.569,100,0,1,0,1,34,100,32,0,0,100,0,0,100,25,0,1573,11,90,1,102,20,50
"agent BacktrackAgent #51",BacktrackAgent,0.188,0,0.569,100,0,4,0,4,40,100,39,0,0,100,0,0,100,47,0,1105,62,177,2,188,20,50
"agent BacktrackAgent #52",BacktrackAgent,0.353,0,0.569,100,0,12,0,12,88,100,81,0,0,100,0,0,100,74,0,1016,110,248,3,353,20,50
"agent BacktrackAgent #53",BacktrackAgent,0.125,0,0.569,100,0,2,0,2,42,100,28,0,0,100,0,0,100,37,0,2327,18,112,0,125,20,50
"agent BacktrackAgent #54",BacktrackAgent,0.152,0,0.569,100,0,4,0,4,47,100,44,0,0,100,0,0,100,37,0,1372,24,115,1,152,20,50
"agent BacktrackAgent #55",BacktrackAgent,0.188,0,0.569,100,0,4,0,4,38,100,41,0,0,100,0,0,100,49,0,1022,60,177,2,188,20,50
"agent BacktrackAgent #56",BacktrackAgent,0.353,0,0.569,100,0,12,0,12,88,100,81,0,0,100,0,0,100,74,0,876,110,248,3,353,20,50
"agent BacktrackAgent #57",BacktrackAgent,0.157,0,0.569,100,0,4,0,4,46,100,40,0,0,100,0,0,100,49,0,3655,22,128,0,157,20,50
"agent BacktrackAgent #58",BacktrackAgent,0.146,0,0.569,100,0,2,0,2,40,100,48,0,0,100,0,0,100,41,0,2205,17,112,1,146,20,50
"agent BacktrackAgent #59",BacktrackAgent,0.392,0,0.569,100,0,13,0,13,90,100,91,0,0,100,0,0,100,99,0,1504,112,279,2,392,20,50
"agent BacktrackAgent #60",BacktrackAgent,0.153,0,0.569,100,0,2,0,2,32,100,37,0,0,100,0,0,100,30,0,790,54,148,3,153,20,50
"agent BacktrackAgent #61",BacktrackAgent,0.157,0,0.569,100,0,4,0,4,46,100,40,0,0,100,0,0,100,49,0,3440,22,128,0,157,20,50
"agent BacktrackAgent #62",BacktrackAgent,0.148,0,0.569,100,0,3,0,3,45,100,44,0,0,100,0,0,100,37,0,1229,22,113,1,148,20,50
"agent BacktrackAgent #63",BacktrackAgent,0.2,0,0.569,100,0,6,0,6,40,100,45,0,0,100,0,0,100,53,0,1153,62,183,2,200,20,50
"agent BacktrackAgent #64",BacktrackAgent,0.449,0,0.569,100,0,16,0,16,102,100,115,0,0,100,0,0,100,108,0,2385,124,296,3,449,20,50
"agent BacktrackAgent #65",BacktrackAgent,0.129,0,0.569,100,0,2,0,2,40,100,32,0,0,100,0,0,100,41,0,3259,16,114,0,129,20,50
"agent BacktrackAgent #66",BacktrackAgent,0.148,0,0.569,100,0,3,0,3,45,100,44,0,0,100,0,0,100,37,0,1080,22,113,1,148,20,50
"agent BacktrackAgent #67",BacktrackAgent,0.202,0,0.569,100,0,4,0,4,40,100,46,0,0,100,0,0,100,54,0,1766,62,184,2,202,20,50
"agent BacktrackAgent #68",BacktrackAgent,0.145,0,0.569,100,0,1,0,1,30,100,35,0,0,100,0,0,100,28,0,685,52,144,3,145,20,50
"agent BacktrackAgent #69",BacktrackAgent,0.129,0,0.569,100,0,3,0,3,44,100,28,0,0,100,0,0,100,37,0,2226,20,114,0,129,20,50
"agent BacktrackAgent #70",BacktrackAgent,0.102,0,0.569,100,0,1,0,1,34,100,32,0,0,100,0,0,100,25,0,1408,11,90,1,102,20,50
"agent BacktrackAgent #71",BacktrackAgent,0.21,0,0.569,100,0,4,0,4,42,100,48,0,0,100,0,0,100,56,0,1573,64,188,2,210,20,50
"agent BacktrackAgent #72",BacktrackAgent,0.173,0,0.569,100,0,5,0,5,34,100,45,0,0,100,0,0,100,38,0,574,56,158,3,173,20,50
"agent BacktrackAgent #73",BacktrackAgent,0.153,0,0.569,100,0,3,0,3,44,100,40,0,0,100,0,0,100,49,0,3218,20,126,0,153,20,50
"agent BacktrackAgent #74",BacktrackAgent,0.08,0,0.569,100,0,1,0,1,35,100,20,0,0,100,0,0,100,13,0,602,12,79,1,80,20,50
"agent BacktrackAgent #75",BacktrackAgent,0.416,0,0.569,100,0,17,0,17,96,100,97,0,0,100,0,0,100,105,0,1548,118,291,2,416,20,50
"agent BacktrackAgent #76",BacktrackAgent,0.237,0,0.569,100,0,5,0,5,48,100,63,0,0,100,0,0,100,56,0,2001,70,190,3,237,20,50
"agent BacktrackAgent #77",BacktrackAgent,0.129,0,0.569,100,0,2,0,2,40,100,32,0,0,100,0,0,100,41,0,2972,16,114,0,129,20,50
"agent BacktrackAgent #78",BacktrackAgent,0.148,0,0.569,100,0,3,0,3,45,100,44,0,0,100,0,0,100,37,0,947,22,113,1,148,20,50
"agent BacktrackAgent #79",BacktrackAgent,0.416,0,0.569,100,0,17,0,17,96,100,97,0,0,100,0,0,100,105,0,1370,118,291,2,416,20,50
"agent BacktrackAgent #80",BacktrackAgent,0.153,0,0.569,100,0,2,0,2,32,100,37,0,0,100,0,0,100,30,0,602,54,148,3,153,20,50
"agent BacktrackAgent #81",BacktrackAgent,0.157,0,0.569,100,0,4,0,4,46,100,40,0,0,100,0,0,100,49,0,2959,22,128,0,157,20,50
"agent BacktrackAgent #82",BacktrackAgent,0.178,0,0.569,100,0,5,0,5,48,100,56,0,0,100,0,0,100,49,0,2171,25,128,1,178,20,50
"agent BacktrackAgent #83",BacktrackAgent,0.21,0,0.569,100,0,5,0,5,44,100,46,0,0,100,0,0,100,54,0,1498,66,188,2,210,20,50
"agent BacktrackAgent #84",BacktrackAgent,0.437,0,0.569,100,0,15,0,15,102,100,109,0,0,100,0,0,100,102,0,2031,124,290,3,437,20,50
"agent BacktrackAgent #85",BacktrackAgent,0.129,0,0.569,100,0,3,0,3,44,100,28,0,0,100,0,0,100,37,0,1976,20,114,0,129,20,50
"agent BacktrackAgent #86",BacktrackAgent,0.174,0,0.569,100,0,4,0,4,46,100,56,0,0,100,0,0,100,49,0,1965,23,126,1,174,20,50
"agent BacktrackAgent #87",BacktrackAgent,0.388,0,0.569,100,0,12,0,12,92,100,87,0,0,100,0,0,100,95,0,1040,114,277,2,388,20,50
"agent BacktrackAgent #88",BacktrackAgent,0.377,0,0.569,100,0,15,0,15,90,100,91,0,0,100,0,0,100,84,0,653,112,260,3,377,20,50
"agent BacktrackAgent #89",BacktrackAgent,0.097,0,0.569,100,0,0,0,0,36,100,20,0,0,100,0,0,100,29,0,1802,12,98,0,97,20,50
"agent BacktrackAgent #90",BacktrackAgent,0.108,0,0.569,100,0,3,0,3,41,100,28,0,0,100,0,0,100,21,0,794,18,93,1,108,20,50
"agent BacktrackAgent #91",BacktrackAgent,0.392,0,0.569,100,0,13,0,13,92,100,89,0,0,100,0,0,100,97,0,831,114,279,2,392,20,50
"agent BacktrackAgent #92",BacktrackAgent,0.249,0,0.569,100,0,6,0,6,48,100,69,0,0,100,0,0,100,62,0,1738,70,196,3,249,20,50
"agent BacktrackAgent #93",BacktrackAgent,0.153,0,0.569,100,0,3,0,3,44,100,40,0,0,100,0,0,100,49,0,2813,20,126,0,153,20,50
"agent BacktrackAgent #94",BacktrackAgent,0.106,0,0.569,100,0,2,0,2,36,100,32,0,0,100,0,0,100,25,0,1271,13,92,1,106,20,50
"agent BacktrackAgent #95",BacktrackAgent,0.238,0,0.569,100,0,8,0,8,46,100,58,0,0,100,0,0,100,66,0,1632,68,202,2,238,20,50
"agent BacktrackAgent #96",BacktrackAgent,0.189,0,0.569,100,0,7,0,7,38,100,49,0,0,100,0,0,100,42,0,557,60,166,3,189,20,50
"agent BacktrackAgent #97",BacktrackAgent,0.125,0,0.569,100,0,1,0,1,38,100,32,0,0,100,0,0,100,41,0,2632,14,112,0,125,20,50
"agent BacktrackAgent #98",BacktrackAgent,0.178,0,0.569,100,0,5,0,5,48,100,56,0,0,100,0,0,100,49,0,1823,25,128,1,178,20,50
"agent BacktrackAgent #99",BacktrackAgent,0.41,0,0.569,100,0,13,0,13,96,100,94,0,0,100,0,0,100,102,0,1754,118,288,2,410,20,50
"agent BacktrackAgent #100",BacktrackAgent,0.225,0,0.569,100,0,3,0,3,44,100,61,0,0,100,0,0,100,54,0,2403,66,184,3,225,20,50
"agent ForwardAgent #101",ForwardAgent,0.129,0,0.569,100,0,2,0,2,40,100,32,0,0,100,0,0,100,41,0,2399,16,114,0,129,20,50
"agent ForwardAgent #102",ForwardAgent,0.614,0,0.569,100,0,12,0,12,136,100,186,0,0,100,0,0,100,179,0,2481,113,128,1,614,20,50
"agent ForwardAgent #103",ForwardAgent,1.048,0,0.569,100,0,42,0,42,246,100,263,0,0,100,0,0,100,271,0,2586,268,202,2,1048,20,50
"agent ForwardAgent #104",ForwardAgent,0.213,0,0.569,100,0,9,0,9,48,100,51,0,0,100,0,0,100,44,0,662,70,158,3,213,20,50
"agent ForwardAgent #105",ForwardAgent,0.329,0,0.569,100,0,8,0,8,76,100,96,0,0,100,0,0,100,105,0,2795,52,128,0,329,20,50
"agent ForwardAgent #106",ForwardAgent,0.076,0,0.569,100,0,0,0,0,33,100,20,0,0,100,0,0,100,13,0,515,10,77,1,76,20,50
"agent ForwardAgent #107",ForwardAgent,1.402,0,0.569,100,0,47,0,47,332,100,354,0,0,100,0,0,100,362,0,3010,354,296,2,1402,20,50
"agent ForwardAgent #108",ForwardAgent,0.697,0,0.569,100,0,20,0,20,160,100,181,0,0,100,0,0,100,174,0,1674,182,232,3,697,20,50
"agent ForwardAgent #109",ForwardAgent,0.253,0,0.569,100,0,8,0,8,62,100,72,0,0,100,0,0,100,81,0,2768,38,128,0,253,20,50
"agent ForwardAgent #110",ForwardAgent,0.288,0,0.569,100,0,5,0,5,69,100,90,0,0,100,0,0,100,83,0,1175,46,126,1,288,20,50
"agent ForwardAgent #111",ForwardAgent,0.506,0,0.569,100,0,18,0,18,122,100,116,0,0,100,0,0,100,124,0,1528,144,280,2,506,20,50
"agent ForwardAgent #112",ForwardAgent,0.677,0,0.569,100,0,20,0,20,140,100,191,0,0,100,0,0,100,184,0,2117,162,204,3,677,20,50
"agent ForwardAgent #113",ForwardAgent,0.125,0,0.569,100,0,1,0,1,38,100,32,0,0,100,0,0,100,41,0,2155,14,112,0,125,20,50
"agent ForwardAgent #114",ForwardAgent,0.286,0,0.569,100,0,5,0,5,68,100,90,0,0,100,0,0,100,83,0,1766,45,122,1,286,20,50
"agent ForwardAgent #115",ForwardAgent,4.25,0,0.569,100,0,159,0,159,992,100,1118,0,0,100,0,0,100,1126,0,6016,1014,302,2,4250,20,50
"agent ForwardAgent #116",ForwardAgent,1.221,0,0.569,100,0,48,0,48,296,100,307,0,0,100,0,0,100,300,0,2108,318,292,3,1221,20,50
"agent ForwardAgent #117",ForwardAgent,0.097,0,0.569,100,0,0,0,0,36,100,20,0,0,100,0,0,100,29,0,1544,12,98,0,97,20,50
"agent ForwardAgent #118",ForwardAgent,0.106,0,0.569,100,0,2,0,2,36,100,32,0,0,100,0,0,100,25,0,1038,13,92,1,106,20,50
"agent ForwardAgent #119",ForwardAgent,0.582,0,0.569,100,0,17,0,17,110,100,166,0,0,100,0,0,100,174,0,2139,132,202,2,582,20,50
"agent ForwardAgent #120",ForwardAgent,1.861,0,0.569,100,0,61,0,61,430,100,493,0,0,100,0,0,100,486,0,3288,452,294,3,1861,20,50
"agent ForwardAgent #121",ForwardAgent,0.325,0,0.569,100,0,5,0,5,70,100,100,0,0,100,0,0,100,109,0,2095,46,120,0,325,20,50
"agent ForwardAgent #122",ForwardAgent,0.076,0,0.569,100,0,0,0,0,33,100,20,0,0,100,0,0,100,13,0,435,10,77,1,76,20,50
"agent ForwardAgent #123",ForwardAgent,0.268,0,0.569,100,0,7,0,7,60,100,59,0,0,100,0,0,100,67,0,824,82,197,2,268,20,50
"agent ForwardAgent #124",ForwardAgent,0.541,0,0.569,100,0,22,0,22,112,100,151,0,0,100,0,0,100,144,0,2082,134,208,3,541,20,50
"agent ForwardAgent #125",ForwardAgent,0.197,0,0.569,100,0,3,0,3,46,100,60,0,0,100,0,0,100,69,0,2460,22,112,0,197,20,50
"agent ForwardAgent #126",ForwardAgent,0.174,0,0.569,100,0,4,0,4,46,100,56,0,0,100,0,0,100,49,0,1458,23,126,1,174,20,50
"agent ForwardAgent #127",ForwardAgent,0.672,0,0.569,100,0,18,0,18,142,100,179,0,0,100,0,0,100,187,0,2118,164,200,2,672,20,50
"agent ForwardAgent #128",ForwardAgent,0.613,0,0.569,100,0,21,0,21,160,100,139,0,0,100,0,0,100,132,0,1680,182,218,3,613,20,50
"agent ForwardAgent #129",ForwardAgent,0.213,0,0.569,100,0,4,0,4,48,100,66,0,0,100,0,0,100,75,0,2331,24,120,0,213,20,50
"agent ForwardAgent #130",ForwardAgent,0.178,0,0.569,100,0,4,0,4,48,100,56,0,0,100,0,0,100,49,0,1360,25,124,1,178,20,50
"agent ForwardAgent #131",ForwardAgent,2.174,0,0.569,100,0,72,0,72,490,100,582,0,0,100,0,0,100,590,0,3696,512,302,2,2174,20,50
"agent ForwardAgent #132",ForwardAgent,0.913,0,0.569,100,0,27,0,27,228,100,221,0,0,100,0,0,100,214,0,1340,250,292,3,913,20,50
"agent ForwardAgent #133",ForwardAgent,0.129,0,0.569,100,0,2,0,2,40,100,32,0,0,100,0,0,100,41,0,1889,16,114,0,129,20,50
"agent ForwardAgent #134",ForwardAgent,0.122,0,0.569,100,0,2,0,2,38,100,38,0,0,100,0,0,100,31,0,946,15,100,1,122,20,50
"agent ForwardAgent #135",ForwardAgent,0.218,0,0.569,100,0,5,0,5,42,100,52,0,0,100,0,0,100,60,0,1137,64,192,2,218,20,50
"agent ForwardAgent #136",ForwardAgent,0.245,0,0.569,100,0,5,0,5,54,100,61,0,0,100,0,0,100,54,0,653,76,162,3,245,20,50
"agent ForwardAgent #137",ForwardAgent,0.153,0,0.569,100,0,5,0,5,50,100,34,0,0,100,0,0,100,43,0,1476,26,112,0,153,20,50
"agent ForwardAgent #138",ForwardAgent,0.268,0,0.569,100,0,7,0,7,75,100,74,0,0,100,0,0,100,67,0,960,52,115,1,268,20,50
"agent ForwardAgent #139",ForwardAgent,0.52,0,0.569,100,0,15,0,15,112,100,133,0,0,100,0,0,100,141,0,1169,134,212,2,520,20,50
"agent ForwardAgent #140",ForwardAgent,0.605,0,0.569,100,0,15,0,15,132,100,163,0,0,100,0,0,100,156,0,1814,154,228,3,605,20,50
"agent ForwardAgent #141",ForwardAgent,0.465,0,0.569,100,0,12,0,12,112,100,128,0,0,100,0,0,100,137,0,1914,88,128,0,465,20,50
"agent ForwardAgent #142",ForwardAgent,0.53,0,0.569,100,0,20,0,20,130,100,150,0,0,100,0,0,100,143,0,1607,107,128,1,530,20,50
"agent ForwardAgent #143",ForwardAgent,0.462,0,0.569,100,0,14,0,14,90,100,126,0,0,100,0,0,100,134,0,1881,112,196,2,462,20,50
"agent ForwardAgent #144",ForwardAgent,0.177,0,0.569,100,0,3,0,3,42,100,39,0,0,100,0,0,100,32,0,353,64,160,3,177,20,50
"agent ForwardAgent #145",ForwardAgent,0.145,0,0.569,100,0,2,0,2,42,100,38,0,0,100,0,0,100,47,0,1870,18,122,0,145,20,50
"agent ForwardAgent #146",ForwardAgent,0.26,0,0.569,100,0,4,0,4,67,100,78,0,0,100,0,0,100,71,0,1017,44,109,1,260,20,50
"agent ForwardAgent #147",ForwardAgent,0.234,0,0.569,100,0,7,0,7,52,100,50,0,0,100,0,0,100,58,0,1112,74,196,2,234,20,50
"agent ForwardAgent #148",ForwardAgent,0.693,0,0.569,100,0,16,0,16,154,100,185,0,0,100,0,0,100,178,0,1436,176,206,3,693,20,50
"agent ForwardAgent #149",ForwardAgent,0.289,0,0.569,100,0,6,0,6,58,100,94,0,0,100,0,0,100,103,0,2208,34,122,0,289,20,50
"agent ForwardAgent #150",ForwardAgent,0.468,0,0.569,100,0,14,0,14,95,100,154,0,0,100,0,0,100,147,0,1191,72,128,1,468,20,50
"agent ForwardAgent #151",ForwardAgent,0.436,0,0.569,100,0,8,0,8,100,100,103,0,0,100,0,0,100,111,0,1323,122,194,2,436,20,50
"agent ForwardAgent #152",ForwardAgent,0.417,0,0.569,100,0,13,0,13,80,100,121,0,0,100,0,0,100,114,0,978,102,202,3,417,20,50
"agent ForwardAgent #153",ForwardAgent,0.513,0,0.569,100,0,12,0,12,110,100,154,0,0,100,0,0,100,163,0,2423,86,128,0,513,20,50
"agent ForwardAgent #154",ForwardAgent,0.194,0,0.569,100,0,4,0,4,46,100,66,0,0,100,0,0,100,59,0,1160,23,122,1,194,20,50
"agent ForwardAgent #155",ForwardAgent,0.728,0,0.569,100,0,17,0,17,164,100,185,0,0,100,0,0,100,193,0,1657,186,196,2,728,20,50
"agent ForwardAgent #156",ForwardAgent,0.141,0,0.569,100,0,0,0,0,30,100,33,0,0,100,0,0,100,26,0,258,52,142,3,141,20,50
"agent ForwardAgent #157",ForwardAgent,0.337,0,0.569,100,0,9,0,9,84,100,92,0,0,100,0,0,100,101,0,1617,60,128,0,337,20,50
"agent ForwardAgent #158",ForwardAgent,0.102,0,0.569,100,0,1,0,1,34,100,32,0,0,100,0,0,100,25,0,759,11,90,1,102,20,50
"agent ForwardAgent #159",ForwardAgent,1.538,0,0.569,100,0,50,0,50,360,100,394,0,0,100,0,0,100,402,0,2586,382,220,2,1538,20,50
"agent ForwardAgent #160",ForwardAgent,1.053,0,0.569,100,0,36,0,36,242,100,277,0,0,100,0,0,100,270,0,1733,264,258,3,1053,20,50
"agent ForwardAgent #161",ForwardAgent,0.413,0,0.569,100,0,7,0,7,92,100,122,0,0,100,0,0,100,131,0,1971,68,124,0,413,20,50
"agent ForwardAgent #162",ForwardAgent,0.15,0,0.569,100,0,3,0,3,42,100,48,0,0,100,0,0,100,41,0,945,19,114,1,150,20,50
"agent ForwardAgent #163",ForwardAgent,0.6,0,0.569,100,0,21,0,21,136,100,149,0,0,100,0,0,100,157,0,1547,158,218,2,600,20,50
"agent ForwardAgent #164",ForwardAgent,1.365,0,0.569,100,0,43,0,43,340,100,335,0,0,100,0,0,100,328,0,2066,362,302,3,1365,20,50
"agent ForwardAgent #165",ForwardAgent,0.293,0,0.569,100,0,4,0,4,70,100,84,0,0,100,0,0,100,93,0,1556,46,114,0,293,20,50
"agent ForwardAgent #166",ForwardAgent,0.192,0,0.569,100,0,2,0,2,55,100,56,0,0,100,0,0,100,49,0,754,32,100,1,192,20,50
"agent ForwardAgent #167",ForwardAgent,1.922,0,0.569,100,0,62,0,62,434,100,512,0,0,100,0,0,100,520,0,2973,456,246,2,1922,20,50
"agent ForwardAgent #168",ForwardAgent,2.681,0,0.569,100,0,82,0,82,614,100,719,0,0,100,0,0,100,712,0,3682,636,304,3,2681,20,50
"agent ForwardAgent #169",ForwardAgent,0.097,0,0.569,100,0,0,0,0,36,100,20,0,0,100,0,0,100,29,0,985,12,98,0,97,20,50
"agent ForwardAgent #170",ForwardAgent,0.502,0,0.569,100,0,12,0,12,106,100,160,0,0,100,0,0,100,153,0,1521,83,126,1,502,20,50
"agent ForwardAgent #171",ForwardAgent,1.6,0,0.569,100,0,44,0,44,374,100,411,0,0,100,0,0,100,419,0,2326,396,302,2,1600,20,50
"agent ForwardAgent #172",ForwardAgent,0.581,0,0.569,100,0,14,0,14,118,100,165,0,0,100,0,0,100,158,0,1982,140,202,3,581,20,50
"agent ForwardAgent #173",ForwardAgent,0.169,0,0.569,100,0,2,0,2,44,100,48,0,0,100,0,0,100,57,0,1694,20,112,0,169,20,50
"agent ForwardAgent #174",ForwardAgent,0.244,0,0.569,100,0,4,0,4,63,100,74,0,0,100,0,0,100,67,0,863,40,126,1,244,20,50
"agent ForwardAgent #175",ForwardAgent,1.502,0,0.569,100,0,64,0,64,378,100,358,0,0,100,0,0,100,366,0,1251,400,292,2,1502,20,50
"agent ForwardAgent #176",ForwardAgent,1.729,0,0.569,100,0,49,0,49,402,100,455,0,0,100,0,0,100,448,0,1767,424,302,3,1729,20,50
"agent ForwardAgent #177",ForwardAgent,0.145,0,0.569,100,0,3,0,3,42,100,38,0,0,100,0,0,100,47,0,1420,18,122,0,145,20,50
"agent ForwardAgent #178",ForwardAgent,0.216,0,0.569,100,0,3,0,3,61,100,62,0,0,100,0,0,100,55,0,660,38,113,1,216,20,50
"agent ForwardAgent #179",ForwardAgent,1.396,0,0.569,100,0,60,0,60,344,100,339,0,0,100,0,0,100,347,0,1534,366,302,2,1396,20,50
"agent ForwardAgent #180",ForwardAgent,0.365,0,0.569,100,0,7,0,7,72,100,103,0,0,100,0,0,100,96,0,1403,94,186,3,365,20,50
"agent ForwardAgent #181",ForwardAgent,0.169,0,0.569,100,0,2,0,2,44,100,48,0,0,100,0,0,100,57,0,1472,20,112,0,169,20,50
"agent ForwardAgent #182",ForwardAgent,0.942,0,0.569,100,0,23,0,23,176,100,310,0,0,100,0,0,100,303,0,2300,153,128,1,942,20,50
"agent ForwardAgent #183",ForwardAgent,0.41,0,0.569,100,0,7,0,7,110,100,80,0,0,100,0,0,100,88,0,874,132,200,2,410,20,50
"agent ForwardAgent #184",ForwardAgent,1.037,0,0.569,100,0,38,0,38,250,100,261,0,0,100,0,0,100,254,0,1356,272,290,3,1037,20,50
"agent ForwardAgent #185",ForwardAgent,0.125,0,0.569,100,0,1,0,1,38,100,32,0,0,100,0,0,100,41,0,1194,14,112,0,125,20,50
"agent ForwardAgent #186",ForwardAgent,0.366,0,0.569,100,0,6,0,6,88,100,110,0,0,100,0,0,100,103,0,1025,65,128,1,366,20,50
"agent ForwardAgent #187",ForwardAgent,1.466,0,0.569,100,0,52,0,52,306,100,412,0,0,100,0,0,100,420,0,3367,328,196,2,1466,20,50
"agent ForwardAgent #188",ForwardAgent,0.233,0,0.569,100,0,5,0,5,46,100,63,0,0,100,0,0,100,56,0,979,68,188,3,233,20,50
"agent ForwardAgent #189",ForwardAgent,0.101,0,0.569,100,0,1,0,1,38,100,20,0,0,100,0,0,100,29,0,817,14,100,0,101,20,50
"agent ForwardAgent #190",ForwardAgent,0.21,0,0.569,100,0,3,0,3,56,100,64,0,0,100,0,0,100,57,0,727,33,92,1,210,20,50
"agent ForwardAgent #191",ForwardAgent,0.86,0,0.569,100,0,21,0,21,188,100,227,0,0,100,0,0,100,235,0,1766,210,220,2,860,20,50
"agent ForwardAgent #192",ForwardAgent,0.265,0,0.569,100,0,5,0,5,56,100,69,0,0,100,0,0,100,62,0,863,78,204,3,265,20,50
"agent ForwardAgent #193",ForwardAgent,0.501,0,0.569,100,0,9,0,9,104,100,154,0,0,100,0,0,100,163,0,1777,80,124,0,501,20,50
"agent ForwardAgent #194",ForwardAgent,0.08,0,0.569,100,0,1,0,1,35,100,20,0,0,100,0,0,100,13,0,236,12,79,1,80,20,50
"agent ForwardAgent #195",ForwardAgent,1.292,0,0.569,100,0,52,0,52,312,100,319,0,0,100,0,0,100,327,0,1137,334,298,2,1292,20,50
"agent ForwardAgent #196",ForwardAgent,1.073,0,0.569,100,0,42,0,42,242,100,287,0,0,100,0,0,100,280,0,1579,264,212,3,1073,20,50
"agent ForwardAgent #197",ForwardAgent,0.297,0,0.569,100,0,4,0,4,68,100,88,0,0,100,0,0,100,97,0,1393,44,120,0,297,20,50
"agent ForwardAgent #198",ForwardAgent,0.298,0,0.569,100,0,11,0,11,70,100,94,0,0,100,0,0,100,87,0,759,47,126,1,298,20,50
"agent ForwardAgent #199",ForwardAgent,2.692,0,0.569,100,0,111,0,111,604,100,727,0,0,100,0,0,100,735,0,3258,626,292,2,2692,20,50
"agent ForwardAgent #200",ForwardAgent,1.989,0,0.569,100,0,69,0,69,506,100,481,0,0,100,0,0,100,474,0,1208,528,304,3,1989,20,50
"agent RandomAgent #201",RandomAgent,25.833,0,0.569,100,0,454,0,12931,5236,100,7688,0,0,100,0,0,100,7697,0,20049,5212,128,0,25833,20,50
"agent RandomAgent #202",RandomAgent,3.938,0,0.569,100,0,85,0,1941,1077,100,907,0,0,100,0,0,100,900,0,4541,1054,111,1,3938,20,50
"agent RandomAgent #203",RandomAgent,14.486,0,0.569,100,0,388,0,7265,3941,100,3287,0,0,100,0,0,100,3295,0,12977,3963,301,2,14486,20,50
"agent RandomAgent #204",RandomAgent,12.967,0,0.569,100,0,561,0,6553,3308,100,3168,0,0,100,0,0,100,3161,0,3529,3330,291,3,12967,20,50
"agent RandomAgent #205",RandomAgent,5.217,0,0.569,100,0,39,0,2594,1117,100,1499,0,0,100,0,0,100,1508,0,9579,1093,115,0,5217,20,50
"agent RandomAgent #206",RandomAgent,4.094,0,0.569,100,0,49,0,2058,1196,100,866,0,0,100,0,0,100,859,0,3307,1173,96,1,4094,20,50
"agent RandomAgent #207",RandomAgent,22.244,0,0.569,100,0,699,0,11025,5546,100,5561,0,0,100,0,0,100,5569,0,15947,5568,277,2,22244,20,50
"agent RandomAgent #208",RandomAgent,49.699,0,0.569,100,0,1935,0,24964,12437,100,12405,0,0,100,0,0,100,12398,0,18603,12459,304,3,49699,20,50
"agent RandomAgent #209",RandomAgent,9.499,0,0.569,100,0,188,0,4889,1896,100,2861,0,0,100,0,0,100,2870,0,11601,1872,128,0,9499,20,50
"agent RandomAgent #210",RandomAgent,17.05,0,0.569,100,0,252,0,8567,3219,100,5321,0,0,100,0,0,100,5314,0,13109,3196,128,1,17050,20,50
"agent RandomAgent #211",RandomAgent,342.496,0,0.569,100,0,12670,0,172172,84778,100,86455,0,0,100,0,0,100,86463,0,46243,84800,304,2,342496,20,50
"agent RandomAgent #212",RandomAgent,41.387,0,0.569,100,0,1373,0,20603,10084,100,10602,0,0,100,0,0,100,10595,0,21613,10106,302,3,41387,20,50
"agent RandomAgent #213",RandomAgent,5.995,0,0.569,100,0,133,0,3023,1524,100,1481,0,0,100,0,0,100,1490,0,7164,1500,128,0,5995,20,50
"agent RandomAgent #214",RandomAgent,66.588,0,0.569,100,0,1469,0,33645,12238,100,21071,0,0,100,0,0,100,21064,0,20341,12215,128,1,66588,20,50
"agent RandomAgent #215",RandomAgent,56.454,0,0.569,100,0,2087,0,28153,13871,100,14341,0,0,100,0,0,100,14349,0,32332,13893,304,2,56454,20,50
"agent RandomAgent #216",RandomAgent,72.441,0,0.569,100,0,3153,0,36469,18856,100,17357,0,0,100,0,0,100,17350,0,25893,18878,304,3,72441,20,50
"agent RandomAgent #217",RandomAgent,20.067,0,0.569,100,0,458,0,10107,4043,100,5998,0,0,100,0,0,100,6007,0,15879,4019,128,0,20067,20,50
"agent RandomAgent #218",RandomAgent,6.954,0,0.569,100,0,104,0,3555,1592,100,1900,0,0,100,0,0,100,1893,0,7626,1569,116,1,6954,20,50
"agent RandomAgent #219",RandomAgent,14.052,0,0.569,100,0,324,0,6977,3818,100,3193,0,0,100,0,0,100,3201,0,4135,3840,255,2,14052,20,50
"agent RandomAgent #220",RandomAgent,44.325,0,0.569,100,0,1954,0,22265,10829,100,11326,0,0,100,0,0,100,11319,0,23577,10851,304,3,44325,20,50
"agent RandomAgent #221",RandomAgent,13.857,0,0.569,100,0,297,0,6991,2945,100,3991,0,0,100,0,0,100,4000,0,14465,2921,128,0,13857,20,50
"agent RandomAgent #222",RandomAgent,6.116,0,0.569,100,0,124,0,3026,1014,100,2059,0,0,100,0,0,100,2052,0,10010,991,114,1,6116,20,50
"agent RandomAgent #223",RandomAgent,83.766,0,0.569,100,0,3225,0,41817,20416,100,21452,0,0,100,0,0,100,21460,0,28584,20438,304,2,83766,20,50
"agent RandomAgent #224",RandomAgent,39.303,0,0.569,100,0,1621,0,19745,10161,100,9483,0,0,100,0,0,100,9476,0,10652,10183,295,3,39303,20,50
"agent RandomAgent #225",RandomAgent,8.567,0,0.569,100,0,208,0,4336,1147,100,3144,0,0,100,0,0,100,3153,0,10477,1123,112,0,8567,20,50
"agent RandomAgent #226",RandomAgent,3.182,0,0.569,100,0,46,0,1563,609,100,997,0,0,100,0,0,100,990,0,3842,586,123,1,3182,20,50
"agent RandomAgent #227",RandomAgent,31.574,0,0.569,100,0,918,0,15866,7574,100,8198,0,0,100,0,0,100,8206,0,15563,7596,257,2,31574,20,50
"agent RandomAgent #228",RandomAgent,32.793,0,0.569,100,0,1063,0,16428,8511,100,7878,0,0,100,0,0,100,7871,0,16046,8533,304,3,32793,20,50
"agent RandomAgent #229",RandomAgent,23.289,0,0.569,100,0,427,0,11600,4694,100,6958,0,0,100,0,0,100,6967,0,15829,4670,128,0,23289,20,50
"agent RandomAgent #230",RandomAgent,14.834,0,0.569,100,0,420,0,7446,3498,100,3934,0,0,100,0,0,100,3927,0,10790,3475,128,1,14834,20,50
"agent RandomAgent #231",RandomAgent,228.934,0,0.569,100,0,9066,0,115167,57426,100,57026,0,0,100,0,0,100,57034,0,31140,57448,304,2,228934,20,50
"agent RandomAgent #232",RandomAgent,5.271,0,0.569,100,0,88,0,2642,1504,100,1124,0,0,100,0,0,100,1117,0,2153,1526,181,3,5271,20,50
"agent RandomAgent #233",RandomAgent,3.723,0,0.569,100,0,115,0,1902,700,100,1169,0,0,100,0,0,100,1178,0,4415,676,128,0,3723,20,50
"agent RandomAgent #234",RandomAgent,34.122,0,0.569,100,0,620,0,17266,6334,100,10742,0,0,100,0,0,100,10735,0,17956,6311,128,1,34122,20,50
"agent RandomAgent #235",RandomAgent,99.19,0,0.569,100,0,3465,0,49713,23006,100,26574,0,0,100,0,0,100,26582,0,25460,23028,304,2,99190,20,50
"agent RandomAgent #236",RandomAgent,26.933,0,0.569,100,0,648,0,13470,6831,100,6628,0,0,100,0,0,100,6621,0,10761,6853,280,3,26933,20,50
"agent RandomAgent #237",RandomAgent,14.119,0,0.569,100,0,434,0,7098,3225,100,3842,0,0,100,0,0,100,3851,0,9778,3201,128,0,14119,20,50
"agent RandomAgent #238",RandomAgent,9.038,0,0.569,100,0,167,0,4542,1394,100,3140,0,0,100,0,0,100,3133,0,8893,1371,128,1,9038,20,50
"agent RandomAgent #239",RandomAgent,87.672,0,0.569,100,0,2879,0,44077,19965,100,23856,0,0,100,0,0,100,23864,0,26276,19987,304,2,87672,20,50
"agent RandomAgent #240",RandomAgent,58.727,0,0.569,100,0,2028,0,29571,15103,100,14253,0,0,100,0,0,100,14246,0,22120,15125,303,3,58727,20,50
"agent RandomAgent #241",RandomAgent,5.723,0,0.569,100,0,80,0,2880,1204,100,1665,0,0,100,0,0,100,1674,0,6258,1180,117,0,5723,20,50
"agent RandomAgent #242",RandomAgent,9.39,0,0.569,100,0,227,0,4704,2811,100,1899,0,0,100,0,0,100,1892,0,5376,2788,127,1,9390,20,50
"agent RandomAgent #243",RandomAgent,55.652,0,0.569,100,0,1991,0,27928,12989,100,14822,0,0,100,0,0,100,14830,0,24291,13011,304,2,55652,20,50
"agent RandomAgent #244",RandomAgent,17.693,0,0.569,100,0,456,0,8985,3826,100,5013,0,0,100,0,0,100,5006,0,12312,3848,213,3,17693,20,50
"agent RandomAgent #245",RandomAgent,25.571,0,0.569,100,0,597,0,13100,4491,100,8302,0,0,100,0,0,100,8311,0,13632,4467,128,0,25571,20,50
"agent RandomAgent #246",RandomAgent,24.392,0,0.569,100,0,532,0,12113,4595,100,7616,0,0,100,0,0,100,7609,0,12311,4572,128,1,24392,20,50
"agent RandomAgent #247",RandomAgent,105.656,0,0.569,100,0,3652,0,53167,26196,100,26617,0,0,100,0,0,100,26625,0,22803,26218,304,2,105656,20,50
"agent RandomAgent #248",RandomAgent,27.553,0,0.569,100,0,825,0,13713,6501,100,7268,0,0,100,0,0,100,7261,0,9352,6523,270,3,27553,20,50
"agent RandomAgent #249",RandomAgent,3.765,0,0.569,100,0,75,0,1896,819,100,1071,0,0,100,0,0,100,1080,0,2718,795,127,0,3765,20,50
"agent RandomAgent #250",RandomAgent,17.296,0,0.569,100,0,461,0,8865,3315,100,5348,0,0,100,0,0,100,5341,0,10268,3292,128,1,17296,20,50
"agent RandomAgent #251",RandomAgent,273.486,0,0.569,100,0,10467,0,137542,67986,100,68742,0,0,100,0,0,100,68750,0,23699,68008,304,2,273486,20,50
"agent RandomAgent #252",RandomAgent,25.819,0,0.569,100,0,886,0,13123,5822,100,7080,0,0,100,0,0,100,7073,0,9439,5844,295,3,25819,20,50
"agent RandomAgent #253",RandomAgent,27.505,0,0.569,100,0,530,0,13697,4791,100,8969,0,0,100,0,0,100,8978,0,11471,4767,128,0,27505,20,50
"agent RandomAgent #254",RandomAgent,14.368,0,0.569,100,0,481,0,7149,2540,100,4659,0,0,100,0,0,100,4652,0,7127,2517,128,1,14368,20,50
"agent RandomAgent #255",RandomAgent,65.322,0,0.569,100,0,2591,0,33034,15861,100,16785,0,0,100,0,0,100,16793,0,16583,15883,304,2,65322,20,50
"agent RandomAgent #256",RandomAgent,26.743,0,0.569,100,0,649,0,13299,6676,100,6688,0,0,100,0,0,100,6681,0,10781,6698,238,3,26743,20,50
"agent RandomAgent #257",RandomAgent,22.455,0,0.569,100,0,493,0,11308,3543,100,7692,0,0,100,0,0,100,7701,0,9127,3519,128,0,22455,20,50
"agent RandomAgent #258",RandomAgent,25.376,0,0.569,100,0,478,0,12680,4632,100,8071,0,0,100,0,0,100,8064,0,10444,4609,128,1,25376,20,50
"agent RandomAgent #259",RandomAgent,58.264,0,0.569,100,0,2223,0,29473,13284,100,15833,0,0,100,0,0,100,15841,0,12380,13306,304,2,58264,20,50
"agent RandomAgent #260",RandomAgent,44.095,0,0.569,100,0,1301,0,22131,10212,100,11828,0,0,100,0,0,100,11821,0,10343,10234,304,3,44095,20,50
"agent RandomAgent #261",RandomAgent,22.395,0,0.569,100,0,711,0,11228,5277,100,5928,0,0,100,0,0,100,5937,0,8361,5253,128,0,22395,20,50
"agent RandomAgent #262",RandomAgent,14.832,0,0.569,100,0,384,0,7407,3378,100,4053,0,0,100,0,0,100,4046,0,4459,3355,128,1,14832,20,50
"agent RandomAgent #263",RandomAgent,47.858,0,0.569,100,0,1744,0,24120,11363,100,12551,0,0,100,0,0,100,12559,0,12954,11385,304,2,47858,20,50
"agent RandomAgent #264",RandomAgent,52.949,0,0.569,100,0,1743,0,26485,12606,100,13861,0,0,100,0,0,100,13854,0,7988,12628,304,3,52949,20,50
"agent RandomAgent #265",RandomAgent,7.191,0,0.569,100,0,154,0,3627,1622,100,1981,0,0,100,0,0,100,1990,0,3469,1598,128,0,7191,20,50
"agent RandomAgent #266",RandomAgent,15.72,0,0.569,100,0,367,0,7923,3588,100,4287,0,0,100,0,0,100,4280,0,4472,3565,128,1,15720,20,50
"agent RandomAgent #267",RandomAgent,26.492,0,0.569,100,0,595,0,13221,7430,100,5801,0,0,100,0,0,100,5809,0,7340,7452,212,2,26492,20,50
"agent RandomAgent #268",RandomAgent,33.955,0,0.569,100,0,1029,0,16923,8576,100,8394,0,0,100,0,0,100,8387,0,7467,8598,260,3,33955,20,50
"agent RandomAgent #269",RandomAgent,7.759,0,0.569,100,0,195,0,3939,1637,100,2250,0,0,100,0,0,100,2259,0,3230,1613,128,0,7759,20,50
"agent RandomAgent #270",RandomAgent,28.942,0,0.569,100,0,652,0,14473,5949,100,8537,0,0,100,0,0,100,8530,0,5961,5926,128,1,28942,20,50
"agent RandomAgent #271",RandomAgent,30.424,0,0.569,100,0,960,0,15179,7677,100,7520,0,0,100,0,0,100,7528,0,5601,7699,261,2,30424,20,50
"agent RandomAgent #272",RandomAgent,14.415,0,0.569,100,0,366,0,7225,3418,100,3782,0,0,100,0,0,100,3775,0,3242,3440,234,3,14415,20,50
"agent RandomAgent #273",RandomAgent,3.309,0,0.569,100,0,36,0,1642,920,100,742,0,0,100,0,0,100,751,0,1412,896,123,0,3309,20,50
"agent RandomAgent #274",RandomAgent,8.67,0,0.569,100,0,159,0,4345,2346,100,2004,0,0,100,0,0,100,1997,0,2855,2323,122,1,8670,20,50
"agent RandomAgent #275",RandomAgent,66.246,0,0.569,100,0,2003,0,33003,16354,100,16754,0,0,100,0,0,100,16762,0,8805,16376,304,2,66246,20,50
"agent RandomAgent #276",RandomAgent,89.547,0,0.569,100,0,3173,0,44813,21790,100,22976,0,0,100,0,0,100,22969,0,5775,21812,302,3,89547,20,50
"agent RandomAgent #277",RandomAgent,8.079,0,0.569,100,0,157,0,4110,1658,100,2389,0,0,100,0,0,100,2398,0,2712,1634,118,0,8079,20,50
"agent RandomAgent #278",RandomAgent,2.996,0,0.569,100,0,27,0,1455,679,100,834,0,0,100,0,0,100,827,0,1025,656,123,1,2996,20,50
"agent RandomAgent #279",RandomAgent,56.434,0,0.569,100,0,1921,0,28136,14611,100,13591,0,0,100,0,0,100,13599,0,4545,14633,304,2,56434,20,50
"agent RandomAgent #280",RandomAgent,49.085,0,0.569,100,0,1753,0,24636,12958,100,11577,0,0,100,0,0,100,11570,0,2002,12980,304,3,49085,20,50
"agent RandomAgent #281",RandomAgent,3.421,0,0.569,100,0,110,0,1738,805,100,913,0,0,100,0,0,100,922,0,1181,781,128,0,3421,20,50
"agent RandomAgent #282",RandomAgent,3.076,0,0.569,100,0,109,0,1562,654,100,899,0,0,100,0,0,100,892,0,483,631,112,1,3076,20,50
"agent RandomAgent #283",RandomAgent,28.942,0,0.569,100,0,907,0,14682,6041,100,8415,0,0,100,0,0,100,8423,0,3950,6063,204,2,28942,20,50
"agent RandomAgent #284",RandomAgent,11.239,0,0.569,100,0,180,0,5675,2935,100,2677,0,0,100,0,0,100,2670,0,1855,2957,230,3,11239,20,50
"agent RandomAgent #285",RandomAgent,11.749,0,0.569,100,0,384,0,5895,2554,100,3328,0,0,100,0,0,100,3337,0,1951,2530,128,0,11749,20,50
"agent RandomAgent #286",RandomAgent,20.66,0,0.569,100,0,387,0,10359,4418,100,5927,0,0,100,0,0,100,5920,0,2753,4395,128,1,20660,20,50
"agent RandomAgent #287",RandomAgent,408.526,0,0.569,100,0,14365,0,205294,96493,100,107755,0,0,100,0,0,100,107763,0,6184,96515,304,2,408526,20,50
"agent RandomAgent #288",RandomAgent,14.059,0,0.569,100,0,501,0,7044,3746,100,3276,0,0,100,0,0,100,3269,0,278,3768,237,3,14059,20,50
"agent RandomAgent #289",RandomAgent,27.435,0,0.569,100,0,550,0,13804,5092,100,8633,0,0,100,0,0,100,8642,0,2699,5068,128,0,27435,20,50
"agent RandomAgent #290",RandomAgent,7.078,0,0.569,100,0,131,0,3539,1422,100,2132,0,0,100,0,0,100,2125,0,959,1399,128,1,7078,20,50
"agent RandomAgent #291",RandomAgent,24.272,0,0.569,100,0,491,0,12052,6626,100,5495,0,0,100,0,0,100,5503,0,1012,6648,223,2,24272,20,50
"agent RandomAgent #292",RandomAgent,6.151,0,0.569,100,0,145,0,3025,1405,100,1663,0,0,100,0,0,100,1656,0,1192,1427,197,3,6151,20,50
"agent RandomAgent #293",RandomAgent,7.291,0,0.569,100,0,154,0,3618,1917,100,1736,0,0,100,0,0,100,1745,0,467,1893,128,0,7291,20,50
"agent RandomAgent #294",RandomAgent,32.598,0,0.569,100,0,810,0,16337,7504,100,8810,0,0,100,0,0,100,8803,0,1115,7481,128,1,32598,20,50
"agent RandomAgent #295",RandomAgent,12.558,0,0.569,100,0,342,0,6356,3207,100,3057,0,0,100,0,0,100,3065,0,492,3229,225,2,12558,20,50
"agent RandomAgent #296",RandomAgent,28.199,0,0.569,100,0,876,0,14139,6561,100,7531,0,0,100,0,0,100,7524,0,444,6583,284,3,28199,20,50
"agent RandomAgent #297",RandomAgent,29.521,0,0.569,100,0,689,0,14958,5690,100,9078,0,0,100,0,0,100,9087,0,385,5666,128,0,29521,20,50
"agent RandomAgent #298",RandomAgent,20.32,0,0.569,100,0,472,0,10264,4011,100,6164,0,0,100,0,0,100,6157,0,0,3988,128,1,20320,20,50
"agent RandomAgent #299",RandomAgent,137.106,0,0.569,100,0,5160,0,68449,34682,100,33856,0,0,100,0,0,100,33864,0,231,34704,304,2,137106,20,50
"agent RandomAgent #300",RandomAgent,28.855,0,0.569,100,0,1132,0,14418,7286,100,7134,0,0,100,0,0,100,7127,0,0,7308,304,3,28855,20,50
"agent NegotiatingAgent #301",NegotiatingAgent,0.157,911,0.569,100,69,4,0,4,46,100,40,140,150,100,0,0,100,49,0,414,22,128,0,157,20,50
"agent NegotiatingAgent #302",NegotiatingAgent,0.108,1404,0.569,100,64,3,0,3,41,100,28,107,139,100,0,0,100,21,0,205,18,93,1,108,20,50
"agent NegotiatingAgent #303",NegotiatingAgent,0.198,4958,0.569,100,117,3,0,3,40,100,44,243,259,100,0,0,100,52,0,554,62,182,2,198,20,50
"agent NegotiatingAgent #304",NegotiatingAgent,0.457,5628,0.569,100,110,17,0,17,104,100,117,229,244,100,0,0,100,110,0,499,126,300,3,457,20,50
"agent NegotiatingAgent #305",NegotiatingAgent,0.125,1800,0.569,100,84,2,0,2,42,100,28,193,177,100,0,4,100,37,0,460,18,112,0,125,20,50
"agent NegotiatingAgent #306",NegotiatingAgent,0.12,1277,0.569,100,63,1,0,1,39,100,36,120,147,100,1,0,100,29,0,414,16,99,1,120,20,50
"agent NegotiatingAgent #307",NegotiatingAgent,0.196,1857,0.569,100,58,5,0,5,40,100,43,119,139,100,0,0,100,51,0,315,62,181,2,196,20,50
"agent NegotiatingAgent #308",NegotiatingAgent,0.181,1922,0.569,100,66,6,0,6,38,100,45,130,137,100,0,0,100,38,0,224,60,162,3,181,20,50
"agent NegotiatingAgent #309",NegotiatingAgent,0.145,439,0.569,100,74,2,0,2,42,100,38,170,159,100,5,0,100,47,0,484,18,122,0,145,20,50
"agent NegotiatingAgent #310",NegotiatingAgent,0.108,1502,0.569,100,55,3,0,3,41,100,28,138,124,100,3,9,100,21,0,247,18,93,1,108,20,50
"agent NegotiatingAgent #311",NegotiatingAgent,0.216,5128,0.569,100,95,8,0,8,44,100,49,198,213,100,0,5,100,57,0,409,66,191,2,216,20,50
"agent NegotiatingAgent #312",NegotiatingAgent,0.361,3853,0.569,100,77,13,0,13,90,100,83,152,167,100,1,1,100,76,0,278,112,252,3,361,20,50
"agent NegotiatingAgent #313",NegotiatingAgent,0.153,481,0.569,100,54,3,0,3,44,100,40,164,144,100,10,11,100,49,0,494,20,126,0,153,20,50
"agent NegotiatingAgent #314",NegotiatingAgent,0.178,535,0.569,100,53,5,0,5,48,100,56,120,141,100,3,0,100,49,0,379,25,128,1,178,20,50
"agent NegotiatingAgent #315",NegotiatingAgent,0.376,3971,0.569,100,85,12,0,12,90,100,83,199,190,100,6,0,100,91,0,473,112,271,2,376,20,50
"agent NegotiatingAgent #316",NegotiatingAgent,0.241,1015,0.569,100,59,6,0,6,48,100,65,171,193,100,19,0,100,58,0,454,70,192,3,241,20,50
"agent NegotiatingAgent #317",NegotiatingAgent,0.097,524,0.569,100,56,0,0,0,36,100,20,158,133,100,0,9,100,29,0,403,12,98,0,97,20,50
"agent NegotiatingAgent #318",NegotiatingAgent,0.134,1010,0.569,100,72,4,0,4,42,100,40,201,174,100,8,0,100,33,0,372,19,106,1,134,20,50
"agent NegotiatingAgent #319",NegotiatingAgent,0.404,3827,0.569,100,69,15,0,15,94,100,93,182,194,100,14,2,100,101,0,375,116,285,2,404,20,50
"agent NegotiatingAgent #320",NegotiatingAgent,0.365,3315,0.569,100,78,13,0,13,88,100,87,229,213,100,20,7,100,80,0,296,110,254,3,365,20,50
"agent NegotiatingAgent #321",NegotiatingAgent,0.157,553,0.569,100,48,4,0,4,46,100,40,172,135,100,12,9,100,49,0,674,22,128,0,157,20,50
"agent NegotiatingAgent #322",NegotiatingAgent,0.102,1517,0.569,100,52,1,0,1,34,100,32,144,127,100,1,7,100,25,0,321,11,90,1,102,20,50
"agent NegotiatingAgent #323",NegotiatingAgent,0.19,4588,0.569,100,114,2,0,2,38,100,42,264,224,100,3,0,100,50,0,665,60,178,2,190,20,50
"agent NegotiatingAgent #324",NegotiatingAgent,0.173,3412,0.569,100,68,5,0,5,34,100,45,164,164,100,8,3,100,38,0,260,56,158,3,173,20,50
"agent NegotiatingAgent #325",NegotiatingAgent,0.153,884,0.569,100,51,3,0,3,44,100,40,209,178,100,12,10,100,49,0,714,20,126,0,153,20,50
"agent NegotiatingAgent #326",NegotiatingAgent,0.076,60,0.569,100,35,0,0,0,33,100,20,78,80,100,0,5,100,13,0,188,10,77,1,76,20,50
"agent NegotiatingAgent #327",NegotiatingAgent,0.23,5089,0.569,100,111,7,0,7,44,100,56,321,255,100,14,1,100,64,0,594,66,198,2,230,20,50
"agent NegotiatingAgent #328",NegotiatingAgent,0.189,2280,0.569,100,37,7,0,7,40,100,47,138,131,100,22,2,100,40,0,163,62,166,3,189,20,50
"agent NegotiatingAgent #329",NegotiatingAgent,0.129,2616,0.569,100,72,3,0,3,44,100,28,195,170,100,4,9,100,37,0,316,20,114,0,129,20,50
"agent NegotiatingAgent #330",NegotiatingAgent,0.146,986,0.569,100,21,2,0,2,40,100,48,85,131,100,10,8,100,41,0,453,17,112,1,146,20,50
"agent NegotiatingAgent #331",NegotiatingAgent,0.2,935,0.569,100,31,5,0,5,36,100,49,138,135,100,20,5,100,57,0,309,58,183,2,200,20,50
"agent NegotiatingAgent #332",NegotiatingAgent,0.353,3590,0.569,100,73,10,0,10,84,100,85,194,181,100,5,13,100,78,0,288,106,248,3,353,20,50
"agent NegotiatingAgent #333",NegotiatingAgent,0.101,255,0.569,100,31,1,0,1,38,100,20,81,84,100,0,8,100,29,0,552,14,100,0,101,20,50
"agent NegotiatingAgent #334",NegotiatingAgent,0.15,1304,0.569,100,39,3,0,3,42,100,48,180,169,100,23,11,100,41,0,370,19,114,1,150,20,50
"agent NegotiatingAgent #335",NegotiatingAgent,0.426,7457,0.569,100,120,15,0,15,100,100,98,305,276,100,8,5,100,106,0,623,122,296,2,426,20,50
"agent NegotiatingAgent #336",NegotiatingAgent,0.257,3084,0.569,100,74,8,0,8,48,100,73,200,247,100,12,4,100,66,0,511,70,200,3,257,20,50
"agent NegotiatingAgent #337",NegotiatingAgent,0.125,1060,0.569,100,38,1,0,1,38,100,32,142,132,100,5,18,100,41,0,736,14,112,0,125,20,50
"agent NegotiatingAgent #338",NegotiatingAgent,0.134,2032,0.569,100,46,4,0,4,42,100,40,146,129,100,8,15,100,33,0,311,19,106,1,134,20,50
"agent NegotiatingAgent #339",NegotiatingAgent,0.226,3885,0.569,100,77,6,0,6,42,100,56,272,245,100,18,3,100,64,0,475,64,196,2,226,20,50
"agent NegotiatingAgent #340",NegotiatingAgent,0.265,4010,0.569,100,64,9,0,9,52,100,73,229,215,100,12,19,100,66,0,578,74,204,3,265,20,50
"agent NegotiatingAgent #341",NegotiatingAgent,0.101,502,0.569,100,20,1,0,1,38,100,20,83,74,100,5,9,100,29,0,455,14,100,0,101,20,50
"agent NegotiatingAgent #342",NegotiatingAgent,0.076,8,0.569,100,19,0,0,0,33,100,20,52,48,100,0,7,100,13,0,147,10,77,1,76,20,50
"agent NegotiatingAgent #343",NegotiatingAgent,0.362,3660,0.569,100,74,12,0,12,78,100,88,342,296,100,44,8,100,96,0,504,100,264,2,362,20,50
"agent NegotiatingAgent #344",NegotiatingAgent,0.149,18,0.569,100,5,2,0,2,32,100,35,48,35,100,1,13,100,28,0,62,54,146,3,149,20,50
"agent NegotiatingAgent #345",NegotiatingAgent,0.153,496,0.569,100,36,3,0,3,44,100,40,209,178,100,23,7,100,49,0,564,20,126,0,153,20,50
"agent NegotiatingAgent #346",NegotiatingAgent,0.148,1138,0.569,100,36,3,0,3,45,100,44,155,154,100,20,8,100,37,0,292,22,113,1,148,20,50
"agent NegotiatingAgent #347",NegotiatingAgent,0.198,1388,0.569,100,40,4,0,4,40,100,44,181,151,100,21,7,100,52,0,415,62,182,2,198,20,50
"agent NegotiatingAgent #348",NegotiatingAgent,0.177,1280,0.569,100,20,5,0,5,36,100,45,125,100,100,17,7,100,38,0,139,58,160,3,177,20,50
"agent NegotiatingAgent #349",NegotiatingAgent,0.157,386,0.569,100,18,4,0,4,46,100,40,193,153,100,30,19,100,49,0,725,22,128,0,157,20,50
"agent NegotiatingAgent #350",NegotiatingAgent,0.08,46,0.569,100,22,1,0,1,35,100,20,92,88,100,5,10,100,13,0,159,12,79,1,80,20,50
"agent NegotiatingAgent #351",NegotiatingAgent,0.356,2205,0.569,100,55,7,0,7,82,100,81,218,191,100,23,16,100,89,0,286,104,261,2,356,20,50
"agent NegotiatingAgent #352",NegotiatingAgent,0.237,1025,0.569,100,53,6,0,6,48,100,63,281,263,100,38,9,100,56,0,526,70,190,3,237,20,50
"agent NegotiatingAgent #353",NegotiatingAgent,0.153,874,0.569,100,35,3,0,3,44,100,40,146,145,100,7,6,100,49,0,563,20,126,0,153,20,50
"agent NegotiatingAgent #354",NegotiatingAgent,0.08,2,0.569,100,13,1,0,1,35,100,20,80,68,100,7,11,100,13,0,141,12,79,1,80,20,50
"agent NegotiatingAgent #355",NegotiatingAgent,0.398,2353,0.569,100,37,11,0,11,94,100,90,157,151,100,16,12,100,98,0,392,116,282,2,398,20,50
"agent NegotiatingAgent #356",NegotiatingAgent,0.237,1043,0.569,100,46,6,0,6,46,100,65,277,222,100,36,16,100,58,0,511,68,190,3,237,20,50
"agent NegotiatingAgent #357",NegotiatingAgent,0.129,1188,0.569,100,17,2,0,2,40,100,32,141,111,100,13,21,100,41,0,683,16,114,0,129,20,50
"agent NegotiatingAgent #358",NegotiatingAgent,0.076,0,0.569,100,8,0,0,0,33,100,20,37,29,100,0,10,100,13,0,119,10,77,1,76,20,50
"agent NegotiatingAgent #359",NegotiatingAgent,0.18,756,0.569,100,24,2,0,2,38,100,37,81,91,100,5,6,100,45,0,287,60,173,2,180,20,50
"agent NegotiatingAgent #360",NegotiatingAgent,0.261,1372,0.569,100,25,8,0,8,50,100,73,221,217,100,39,9,100,66,0,668,72,202,3,261,20,50
"agent NegotiatingAgent #361",NegotiatingAgent,0.101,2,0.569,100,7,1,0,1,38,100,20,72,51,100,2,21,100,29,0,406,14,100,0,101,20,50
"agent NegotiatingAgent #362",NegotiatingAgent,0.13,1375,0.569,100,39,3,0,3,40,100,40,182,142,100,19,6,100,33,0,217,17,104,1,130,20,50
"agent NegotiatingAgent #363",NegotiatingAgent,0.21,1841,0.569,100,31,5,0,5,46,100,44,158,155,100,22,10,100,52,0,363,68,188,2,210,20,50
"agent NegotiatingAgent #364",NegotiatingAgent,0.181,758,0.569,100,12,6,0,6,38,100,45,172,146,100,38,9,100,38,0,111,60,162,3,181,20,50
"agent NegotiatingAgent #365",NegotiatingAgent,0.101,26,0.569,100,13,1,0,1,38,100,20,113,85,100,5,22,100,29,0,141,14,100,0,101,20,50
"agent NegotiatingAgent #366",NegotiatingAgent,0.08,0,0.569,100,5,1,0,1,35,100,20,40,29,100,1,13,100,13,0,86,12,79,1,80,20,50
"agent NegotiatingAgent #367",NegotiatingAgent,0.39,1022,0.569,100,15,10,0,10,88,100,92,162,149,100,35,8,100,100,0,291,110,278,2,390,20,50
"agent NegotiatingAgent #368",NegotiatingAgent,0.349,1624,0.569,100,18,10,0,10,80,100,87,87,79,100,9,9,100,80,0,120,102,246,3,349,20,50
"agent NegotiatingAgent #369",NegotiatingAgent,0.153,518,0.569,100,9,3,0,3,44,100,40,178,140,100,22,23,100,49,0,637,20,126,0,153,20,50
"agent NegotiatingAgent #370",NegotiatingAgent,0.108,250,0.569,100,13,3,0,3,41,100,28,66,55,100,2,13,100,21,0,69,18,93,1,108,20,50
"agent NegotiatingAgent #371",NegotiatingAgent,0.344,964,0.569,100,25,6,0,6,84,100,73,150,131,100,16,20,100,81,0,228,106,255,2,344,20,50
"agent NegotiatingAgent #372",NegotiatingAgent,0.409,3041,0.569,100,41,8,0,9,92,100,105,314,278,100,48,9,100,98,0,730,114,276,3,409,20,50
"agent NegotiatingAgent #373",NegotiatingAgent,0.129,46,0.569,100,13,2,0,2,40,100,32,157,132,100,16,17,100,41,0,352,16,114,0,129,20,50
"agent NegotiatingAgent #374",NegotiatingAgent,0.124,30,0.569,100,8,2,0,2,41,100,36,156,137,100,32,13,100,29,0,308,18,101,1,124,20,50
"agent NegotiatingAgent #375",NegotiatingAgent,0.328,1827,0.569,100,35,3,0,4,78,100,71,263,225,100,47,13,100,79,0,210,100,247,2,328,20,50
"agent NegotiatingAgent #376",NegotiatingAgent,0.433,1544,0.569,100,25,14,0,14,100,100,109,408,335,100,92,9,100,102,0,612,122,288,3,433,20,50
"agent NegotiatingAgent #377",NegotiatingAgent,0.153,376,0.569,100,9,3,0,3,44,100,40,182,143,100,24,24,100,49,0,506,20,126,0,153,20,50
"agent NegotiatingAgent #378",NegotiatingAgent,0.178,496,0.569,100,9,5,0,5,48,100,56,136,142,100,25,9,100,49,0,351,25,128,1,178,20,50
"agent NegotiatingAgent #379",NegotiatingAgent,0.218,249,0.569,100,9,5,0,5,44,100,50,165,135,100,36,12,100,58,0,193,66,192,2,218,20,50
"agent NegotiatingAgent #380",NegotiatingAgent,0.405,1816,0.569,100,27,10,0,11,96,100,99,339,279,100,69,12,100,92,0,515,118,274,3,405,20,50
"agent NegotiatingAgent #381",NegotiatingAgent,0.125,218,0.569,100,12,2,0,2,42,100,28,93,74,100,3,21,100,37,0,316,18,112,0,125,20,50
"agent NegotiatingAgent #382",NegotiatingAgent,0.13,0,0.569,100,0,3,0,3,40,100,40,121,94,100,23,16,100,33,0,113,17,104,1,130,20,50
"agent NegotiatingAgent #383",NegotiatingAgent,0.364,396,0.569,100,14,8,0,8,84,100,83,233,201,100,64,15,100,91,0,199,106,265,2,364,20,50
"agent NegotiatingAgent #384",NegotiatingAgent,0.429,371,0.569,100,12,12,0,12,96,100,111,364,303,100,83,19,100,104,0,446,118,286,3,429,20,50
"agent NegotiatingAgent #385",NegotiatingAgent,0.153,0,0.569,100,0,3,0,3,44,100,40,168,124,100,20,27,100,49,0,360,20,126,0,153,20,50
"agent NegotiatingAgent #386",NegotiatingAgent,0.108,4,0.569,100,6,3,0,3,41,100,28,75,61,100,10,14,100,21,0,65,18,93,1,108,20,50
"agent NegotiatingAgent #387",NegotiatingAgent,0.192,48,0.569,100,6,3,0,3,38,100,43,171,137,100,38,16,100,51,0,176,60,179,2,192,20,50
"agent NegotiatingAgent #388",NegotiatingAgent,0.225,1288,0.569,100,23,4,0,4,42,100,63,226,219,100,44,13,100,56,0,419,64,184,3,225,20,50
"agent NegotiatingAgent #389",NegotiatingAgent,0.097,0,0.569,100,1,0,0,0,36,100,20,80,50,100,0,30,100,29,0,203,12,98,0,97,20,50
"agent NegotiatingAgent #390",NegotiatingAgent,0.104,0,0.569,100,1,2,0,2,39,100,28,59,40,100,4,18,100,21,0,25,16,91,1,104,20,50
"agent NegotiatingAgent #391",NegotiatingAgent,0.218,1064,0.569,100,19,5,0,5,44,100,50,252,210,100,56,6,100,58,0,203,66,192,2,218,20,50
"agent NegotiatingAgent #392",NegotiatingAgent,0.265,0,0.569,100,0,9,0,9,52,100,73,336,278,100,67,12,100,66,0,340,74,204,3,265,20,50
"agent NegotiatingAgent #393",NegotiatingAgent,0.129,222,0.569,100,3,2,0,2,40,100,32,138,112,100,15,23,100,41,0,267,16,114,0,129,20,50
"agent NegotiatingAgent #394",NegotiatingAgent,0.148,13,0.569,100,1,3,0,3,45,100,44,169,140,100,30,20,100,37,0,229,22,113,1,148,20,50
"agent NegotiatingAgent #395",NegotiatingAgent,0.196,0,0.569,100,0,4,0,4,36,100,47,193,149,100,55,8,100,55,0,112,58,181,2,196,20,50
"agent NegotiatingAgent #396",NegotiatingAgent,0.241,0,0.569,100,0,6,0,6,48,100,65,272,222,100,58,22,100,58,0,291,70,192,3,241,20,50
"agent NegotiatingAgent #397",NegotiatingAgent,0.129,0,0.569,100,0,3,0,3,44,100,28,140,104,100,20,22,100,37,0,122,20,114,0,129,20,50
"agent NegotiatingAgent #398",NegotiatingAgent,0.174,0,0.569,100,0,4,0,4,46,100,56,164,159,100,33,11,100,49,0,249,23,126,1,174,20,50
"agent NegotiatingAgent #399",NegotiatingAgent,0.354,92,0.569,100,1,11,0,12,76,100,86,179,144,100,45,12,100,94,0,134,98,260,2,354,20,50
"agent NegotiatingAgent #400",NegotiatingAgent,0.329,0,0.569,100,0,7,0,7,84,100,73,155,134,100,54,5,100,66,0,28,106,236,3,329,20,50
