agentName,agentType,averageSpeed,cumulatedUtilityReceived,freeWallRatio,numBacktrackAgents,numCFPAnswered,numDeadends,numDifferentEncounters,numDirectionChanges,numDownSteps,numForwardAgents,numLeftSteps,numMessagesReceived,numMessagesSent,numNegotiatingAgents,numProposalsAccepted,numProposalsRejected,numRandomAgents,numRightSteps,numSwarmAgents,numTotalEncounters,numUpSteps,numVisitedCells,startingPosition,stepsToExit,xsize,ysize
"agent BacktrackAgent #1",BacktrackAgent,0.205,0,0.569,50,0,2,0,2,60,75,50,0,0,25,0,0,100,59,0,1534,36,200,0,205,20,50
"agent BacktrackAgent #2",BacktrackAgent,0.131,0,0.569,50,0,4,0,4,50,75,31,0,0,25,0,0,100,24,0,729,26,92,1,131,20,50
"agent BacktrackAgent #3",BacktrackAgent,0.49,0,0.569,50,0,11,0,11,112,75,118,0,0,25,0,0,100,126,0,1044,134,292,2,490,20,50
"agent BacktrackAgent #4",BacktrackAgent,0.535,0,0.569,50,0,13,0,13,124,75,136,0,0,25,0,0,100,129,0,1131,146,300,3,535,20,50
"agent BacktrackAgent #5",BacktrackAgent,0.309,0,0.569,50,0,7,0,7,94,75,68,0,0,25,0,0,100,77,0,1261,70,252,0,309,20,50
"agent BacktrackAgent #6",BacktrackAgent,0.067,0,0.569,50,0,2,0,2,32,75,17,0,0,25,0,0,100,10,0,519,8,60,1,67,20,50
"agent BacktrackAgent #7",BacktrackAgent,0.49,0,0.569,50,0,11,0,11,114,75,116,0,0,25,0,0,100,124,0,1000,136,292,2,490,20,50
"agent BacktrackAgent #8",BacktrackAgent,0.463,0,0.569,50,0,10,0,10,108,75,116,0,0,25,0,0,100,109,0,942,130,264,3,463,20,50
"agent BacktrackAgent #9",BacktrackAgent,0.305,0,0.569,50,0,8,0,8,84,75,76,0,0,25,0,0,100,85,0,1166,60,250,0,305,20,50
"agent BacktrackAgent #10",BacktrackAgent,0.131,0,0.569,50,0,4,0,4,50,75,31,0,0,25,0,0,100,24,0,926,26,92,1,131,20,50
"agent BacktrackAgent #11",BacktrackAgent,0.128,0,0.569,50,0,5,0,5,24,75,25,0,0,25,0,0,100,33,0,482,46,111,2,128,20,50
"agent BacktrackAgent #12",BacktrackAgent,0.083,0,0.569,50,0,3,0,3,12,75,22,0,0,25,0,0,100,15,0,401,34,74,3,83,20,50
"agent BacktrackAgent #13",BacktrackAgent,0.217,0,0.569,50,0,4,0,4,64,75,52,0,0,25,0,0,100,61,0,1823,40,206,0,217,20,50
"agent BacktrackAgent #14",BacktrackAgent,0.131,0,0.569,50,0,4,0,4,50,75,31,0,0,25,0,0,100,24,0,834,26,92,1,131,20,50
"agent BacktrackAgent #15",BacktrackAgent,0.104,0,0.569,50,0,2,0,2,14,75,23,0,0,25,0,0,100,31,0,592,36,99,2,104,20,50
"agent BacktrackAgent #16",BacktrackAgent,0.167,0,0.569,50,0,7,0,7,30,75,46,0,0,25,0,0,100,39,0,754,52,116,3,167,20,50
"agent BacktrackAgent #17",BacktrackAgent,0.297,0,0.569,50,0,6,0,6,84,75,72,0,0,25,0,0,100,81,0,2195,60,246,0,297,20,50
"agent BacktrackAgent #18",BacktrackAgent,0.127,0,0.569,50,0,4,0,4,52,75,27,0,0,25,0,0,100,20,0,841,28,90,1,127,20,50
"agent BacktrackAgent #19",BacktrackAgent,0.49,0,0.569,50,0,11,0,11,112,75,118,0,0,25,0,0,100,126,0,1492,134,292,2,490,20,50
"agent BacktrackAgent #20",BacktrackAgent,0.467,0,0.569,50,0,11,0,11,110,75,116,0,0,25,0,0,100,109,0,1761,132,266,3,467,20,50
"agent BacktrackAgent #21",BacktrackAgent,0.293,0,0.569,50,0,6,0,6,82,75,72,0,0,25,0,0,100,81,0,1754,58,244,0,293,20,50
"agent BacktrackAgent #22",BacktrackAgent,0.123,0,0.569,50,0,4,0,4,44,75,33,0,0,25,0,0,100,26,0,766,20,88,1,123,20,50
"agent BacktrackAgent #23",BacktrackAgent,0.492,0,0.569,50,0,11,0,11,114,75,117,0,0,25,0,0,100,125,0,1403,136,293,2,492,20,50
"agent BacktrackAgent #24",BacktrackAgent,0.463,0,0.569,50,0,10,0,10,108,75,116,0,0,25,0,0,100,109,0,1640,130,264,3,463,20,50
"agent BacktrackAgent #25",BacktrackAgent,0.313,0,0.569,50,0,7,0,7,96,75,68,0,0,25,0,0,100,77,0,1594,72,254,0,313,20,50
"agent BacktrackAgent #26",BacktrackAgent,0.051,0,0.569,50,0,0,0,0,26,75,15,0,0,25,0,0,100,8,0,657,2,52,1,51,20,50
"agent BacktrackAgent #27",BacktrackAgent,0.096,0,0.569,50,0,1,0,1,12,75,21,0,0,25,0,0,100,29,0,444,34,95,2,96,20,50
"agent BacktrackAgent #28",BacktrackAgent,0.455,0,0.569,50,0,9,0,9,106,75,114,0,0,25,0,0,100,107,0,1420,128,260,3,455,20,50
"agent BacktrackAgent #29",BacktrackAgent,0.209,0,0.569,50,0,2,0,2,62,75,50,0,0,25,0,0,100,59,0,1656,38,202,0,209,20,50
"agent BacktrackAgent #30",BacktrackAgent,0.127,0,0.569,50,0,4,0,4,52,75,27,0,0,25,0,0,100,20,0,669,28,90,1,127,20,50
"agent BacktrackAgent #31",BacktrackAgent,0.492,0,0.569,50,0,11,0,11,114,75,117,0,0,25,0,0,100,125,0,1048,136,293,2,492,20,50
"agent BacktrackAgent #32",BacktrackAgent,0.075,0,0.569,50,0,2,0,2,10,75,20,0,0,25,0,0,100,13,0,354,32,70,3,75,20,50
"agent BacktrackAgent #33",BacktrackAgent,0.305,0,0.569,50,0,7,0,7,94,75,66,0,0,25,0,0,100,75,0,1809,70,250,0,305,20,50
"agent BacktrackAgent #34",BacktrackAgent,0.119,0,0.569,50,0,3,0,3,44,75,31,0,0,25,0,0,100,24,0,670,20,86,1,119,20,50
"agent BacktrackAgent #35",BacktrackAgent,0.484,0,0.569,50,0,10,0,10,112,75,115,0,0,25,0,0,100,123,0,730,134,289,2,484,20,50
"agent BacktrackAgent #36",BacktrackAgent,0.159,0,0.569,50,0,6,0,6,28,75,44,0,0,25,0,0,100,37,0,653,50,112,3,159,20,50
"agent BacktrackAgent #37",BacktrackAgent,0.393,0,0.569,50,0,10,0,10,118,75,86,0,0,25,0,0,100,95,0,1487,94,294,0,393,20,50
"agent BacktrackAgent #38",BacktrackAgent,0.119,0,0.569,50,0,4,0,4,46,75,29,0,0,25,0,0,100,22,0,617,22,86,1,119,20,50
"agent BacktrackAgent #39",BacktrackAgent,0.496,0,0.569,50,0,11,0,11,118,75,115,0,0,25,0,0,100,123,0,858,140,295,2,496,20,50
"agent BacktrackAgent #40",BacktrackAgent,0.083,0,0.569,50,0,3,0,3,12,75,22,0,0,25,0,0,100,15,0,310,34,74,3,83,20,50
"agent BacktrackAgent #41",BacktrackAgent,0.209,0,0.569,50,0,3,0,3,60,75,52,0,0,25,0,0,100,61,0,1238,36,202,0,209,20,50
"agent BacktrackAgent #42",BacktrackAgent,0.051,0,0.569,50,0,0,0,0,26,75,15,0,0,25,0,0,100,8,0,531,2,52,1,51,20,50
"agent BacktrackAgent #43",BacktrackAgent,0.104,0,0.569,50,0,2,0,2,14,75,23,0,0,25,0,0,100,31,0,286,36,99,2,104,20,50
"agent BacktrackAgent #44",BacktrackAgent,0.531,0,0.569,50,0,13,0,13,124,75,134,0,0,25,0,0,100,127,0,1329,146,298,3,531,20,50
"agent BacktrackAgent #45",BacktrackAgent,0.293,0,0.569,50,0,6,0,6,84,75,70,0,0,25,0,0,100,79,0,1659,60,244,0,293,20,50
"agent BacktrackAgent #46",BacktrackAgent,0.131,0,0.569,50,0,5,0,5,52,75,29,0,0,25,0,0,100,22,0,702,28,92,1,131,20,50
"agent BacktrackAgent #47",BacktrackAgent,0.498,0,0.569,50,0,12,0,12,114,75,120,0,0,25,0,0,100,128,0,808,136,296,2,498,20,50
"agent BacktrackAgent #48",BacktrackAgent,0.143,0,0.569,50,0,4,0,4,24,75,40,0,0,25,0,0,100,33,0,479,46,104,3,143,20,50
"agent BacktrackAgent #49",BacktrackAgent,0.409,0,0.569,50,0,13,0,13,120,75,92,0,0,25,0,0,100,101,0,1669,96,302,0,409,20,50
"agent BacktrackAgent #50",BacktrackAgent,0.135,0,0.569,50,0,5,0,5,50,75,33,0,0,25,0,0,100,26,0,577,26,94,1,135,20,50
"agent ForwardAgent #51",ForwardAgent,1.012,0,0.569,50,0,27,0,27,210,75,281,0,0,25,0,0,100,289,0,1596,232,242,2,1012,20,50
"agent ForwardAgent #52",ForwardAgent,2.091,0,0.569,50,0,66,0,66,530,75,508,0,0,25,0,0,100,501,0,2563,552,298,3,2091,20,50
"agent ForwardAgent #53",ForwardAgent,0.233,0,0.569,50,0,4,0,4,68,75,56,0,0,25,0,0,100,65,0,756,44,204,0,233,20,50
"agent ForwardAgent #54",ForwardAgent,0.103,0,0.569,50,0,2,0,2,44,75,23,0,0,25,0,0,100,16,0,362,20,78,1,103,20,50
"agent ForwardAgent #55",ForwardAgent,0.748,0,0.569,50,0,35,0,35,196,75,163,0,0,25,0,0,100,171,0,1882,218,194,2,748,20,50
"agent ForwardAgent #56",ForwardAgent,0.331,0,0.569,50,0,7,0,7,76,75,82,0,0,25,0,0,100,75,0,502,98,154,3,331,20,50
"agent ForwardAgent #57",ForwardAgent,0.913,0,0.569,50,0,21,0,21,260,75,204,0,0,25,0,0,100,213,0,1511,236,298,0,913,20,50
"agent ForwardAgent #58",ForwardAgent,0.099,0,0.569,50,0,2,0,2,40,75,25,0,0,25,0,0,100,18,0,337,16,76,1,99,20,50
"agent ForwardAgent #59",ForwardAgent,0.344,0,0.569,50,0,17,0,17,80,75,77,0,0,25,0,0,100,85,0,1066,102,116,2,344,20,50
"agent ForwardAgent #60",ForwardAgent,4.087,0,0.569,50,0,110,0,110,1012,75,1024,0,0,25,0,0,100,1017,0,4959,1034,306,3,4087,20,50
"agent ForwardAgent #61",ForwardAgent,3.073,0,0.569,50,0,60,0,60,750,75,794,0,0,25,0,0,100,803,0,3676,726,300,0,3073,20,50
"agent ForwardAgent #62",ForwardAgent,0.083,0,0.569,50,0,3,0,3,38,75,19,0,0,25,0,0,100,12,0,334,14,68,1,83,20,50
"agent ForwardAgent #63",ForwardAgent,1.372,0,0.569,50,0,25,0,25,336,75,335,0,0,25,0,0,100,343,0,1262,358,294,2,1372,20,50
"agent ForwardAgent #64",ForwardAgent,0.631,0,0.569,50,0,17,0,17,140,75,168,0,0,25,0,0,100,161,0,1063,162,252,3,631,20,50
"agent ForwardAgent #65",ForwardAgent,0.301,0,0.569,50,0,4,0,4,80,75,78,0,0,25,0,0,100,87,0,505,56,200,0,301,20,50
"agent ForwardAgent #66",ForwardAgent,0.231,0,0.569,50,0,8,0,8,80,75,51,0,0,25,0,0,100,44,0,356,56,120,1,231,20,50
"agent ForwardAgent #67",ForwardAgent,0.59,0,0.569,50,0,11,0,11,134,75,146,0,0,25,0,0,100,154,0,1140,156,242,2,590,20,50
"agent ForwardAgent #68",ForwardAgent,0.623,0,0.569,50,0,17,0,17,146,75,158,0,0,25,0,0,100,151,0,807,168,272,3,623,20,50
"agent ForwardAgent #69",ForwardAgent,0.901,0,0.569,50,0,25,0,25,254,75,204,0,0,25,0,0,100,213,0,1094,230,296,0,901,20,50
"agent ForwardAgent #70",ForwardAgent,0.143,0,0.569,50,0,2,0,2,50,75,37,0,0,25,0,0,100,30,0,308,26,98,1,143,20,50
"agent ForwardAgent #71",ForwardAgent,0.586,0,0.569,50,0,11,0,11,124,75,154,0,0,25,0,0,100,162,0,943,146,244,2,586,20,50
"agent ForwardAgent #72",ForwardAgent,0.163,0,0.569,50,0,6,0,6,32,75,42,0,0,25,0,0,100,35,0,277,54,88,3,163,20,50
"agent ForwardAgent #73",ForwardAgent,0.961,0,0.569,50,0,12,0,12,262,75,226,0,0,25,0,0,100,235,0,1423,238,276,0,961,20,50
"agent ForwardAgent #74",ForwardAgent,0.223,0,0.569,50,0,9,0,9,80,75,47,0,0,25,0,0,100,40,0,646,56,92,1,223,20,50
"agent ForwardAgent #75",ForwardAgent,1.636,0,0.569,50,0,38,0,38,398,75,405,0,0,25,0,0,100,413,0,1686,420,290,2,1636,20,50
"agent ForwardAgent #76",ForwardAgent,0.403,0,0.569,50,0,6,0,6,104,75,90,0,0,25,0,0,100,83,0,336,126,176,3,403,20,50
"agent ForwardAgent #77",ForwardAgent,0.341,0,0.569,50,0,7,0,7,90,75,88,0,0,25,0,0,100,97,0,690,66,244,0,341,20,50
"agent ForwardAgent #78",ForwardAgent,0.215,0,0.569,50,0,10,0,10,74,75,49,0,0,25,0,0,100,42,0,586,50,92,1,215,20,50
"agent ForwardAgent #79",ForwardAgent,2.498,0,0.569,50,0,70,0,70,676,75,558,0,0,25,0,0,100,566,0,2175,698,302,2,2498,20,50
"agent ForwardAgent #80",ForwardAgent,0.943,0,0.569,50,0,28,0,28,260,75,204,0,0,25,0,0,100,197,0,706,282,226,3,943,20,50
"agent ForwardAgent #81",ForwardAgent,0.349,0,0.569,50,0,6,0,6,104,75,78,0,0,25,0,0,100,87,0,529,80,246,0,349,20,50
"agent ForwardAgent #82",ForwardAgent,0.203,0,0.569,50,0,10,0,10,70,75,47,0,0,25,0,0,100,40,0,904,46,86,1,203,20,50
"agent ForwardAgent #83",ForwardAgent,2.818,0,0.569,50,0,69,0,69,744,75,650,0,0,25,0,0,100,658,0,2329,766,302,2,2818,20,50
"agent ForwardAgent #84",ForwardAgent,0.123,0,0.569,50,0,2,0,2,18,75,36,0,0,25,0,0,100,29,0,77,40,72,3,123,20,50
"agent ForwardAgent #85",ForwardAgent,0.605,0,0.569,50,0,11,0,11,162,75,148,0,0,25,0,0,100,157,0,895,138,232,0,605,20,50
"agent ForwardAgent #86",ForwardAgent,0.511,0,0.569,50,0,21,0,21,162,75,109,0,0,25,0,0,100,102,0,951,138,126,1,511,20,50
"agent ForwardAgent #87",ForwardAgent,2.464,0,0.569,50,0,66,0,66,654,75,563,0,0,25,0,0,100,571,0,1713,676,306,2,2464,20,50
"agent ForwardAgent #88",ForwardAgent,1.115,0,0.569,50,0,27,0,27,280,75,270,0,0,25,0,0,100,263,0,974,302,276,3,1115,20,50
"agent ForwardAgent #89",ForwardAgent,0.761,0,0.569,50,0,21,0,21,180,75,208,0,0,25,0,0,100,217,0,1534,156,232,0,761,20,50
"agent ForwardAgent #90",ForwardAgent,0.423,0,0.569,50,0,14,0,14,128,75,99,0,0,25,0,0,100,92,0,723,104,94,1,423,20,50
"agent ForwardAgent #91",ForwardAgent,0.1,0,0.569,50,0,1,0,1,14,75,21,0,0,25,0,0,100,29,0,133,36,97,2,100,20,50
"agent ForwardAgent #92",ForwardAgent,0.359,0,0.569,50,0,5,0,5,84,75,88,0,0,25,0,0,100,81,0,443,106,196,3,359,20,50
"agent ForwardAgent #93",ForwardAgent,1.681,0,0.569,50,0,49,0,49,456,75,392,0,0,25,0,0,100,401,0,1996,432,306,0,1681,20,50
"agent ForwardAgent #94",ForwardAgent,0.159,0,0.569,50,0,7,0,7,60,75,35,0,0,25,0,0,100,28,0,542,36,78,1,159,20,50
"agent ForwardAgent #95",ForwardAgent,0.118,0,0.569,50,0,4,0,4,22,75,22,0,0,25,0,0,100,30,0,289,44,106,2,118,20,50
"agent ForwardAgent #96",ForwardAgent,2.035,0,0.569,50,0,46,0,46,528,75,482,0,0,25,0,0,100,475,0,1811,550,304,3,2035,20,50
"agent ForwardAgent #97",ForwardAgent,0.317,0,0.569,50,0,3,0,3,84,75,82,0,0,25,0,0,100,91,0,524,60,200,0,317,20,50
"agent ForwardAgent #98",ForwardAgent,0.051,0,0.569,50,0,0,0,0,26,75,15,0,0,25,0,0,100,8,0,149,2,52,1,51,20,50
"agent ForwardAgent #99",ForwardAgent,0.362,0,0.569,50,0,4,0,4,72,75,94,0,0,25,0,0,100,102,0,298,94,228,2,362,20,50
"agent ForwardAgent #100",ForwardAgent,0.139,0,0.569,50,0,4,0,4,22,75,40,0,0,25,0,0,100,33,0,410,44,102,3,139,20,50
"agent ForwardAgent #101",ForwardAgent,1.089,0,0.569,50,0,26,0,26,294,75,258,0,0,25,0,0,100,267,0,2063,270,280,0,1089,20,50
"agent ForwardAgent #102",ForwardAgent,0.131,0,0.569,50,0,4,0,4,58,75,23,0,0,25,0,0,100,16,0,473,34,76,1,131,20,50
"agent ForwardAgent #103",ForwardAgent,0.932,0,0.569,50,0,23,0,23,218,75,233,0,0,25,0,0,100,241,0,1560,240,304,2,932,20,50
"agent ForwardAgent #104",ForwardAgent,0.907,0,0.569,50,0,17,0,17,204,75,242,0,0,25,0,0,100,235,0,1816,226,282,3,907,20,50
"agent ForwardAgent #105",ForwardAgent,1.257,0,0.569,50,0,27,0,27,330,75,306,0,0,25,0,0,100,315,0,2507,306,288,0,1257,20,50
"agent ForwardAgent #106",ForwardAgent,0.459,0,0.569,50,0,19,0,19,164,75,81,0,0,25,0,0,100,74,0,1559,140,100,1,459,20,50
"agent ForwardAgent #107",ForwardAgent,1.62,0,0.569,50,0,38,0,38,426,75,369,0,0,25,0,0,100,377,0,1657,448,294,2,1620,20,50
"agent ForwardAgent #108",ForwardAgent,0.271,0,0.569,50,0,4,0,4,60,75,68,0,0,25,0,0,100,61,0,588,82,154,3,271,20,50
"agent ForwardAgent #109",ForwardAgent,0.609,0,0.569,50,0,9,0,9,180,75,132,0,0,25,0,0,100,141,0,1500,156,266,0,609,20,50
"agent ForwardAgent #110",ForwardAgent,0.143,0,0.569,50,0,4,0,4,54,75,33,0,0,25,0,0,100,26,0,788,30,68,1,143,20,50
"agent ForwardAgent #111",ForwardAgent,2.214,0,0.569,50,0,53,0,53,562,75,530,0,0,25,0,0,100,538,0,2656,584,306,2,2214,20,50
"agent ForwardAgent #112",ForwardAgent,2.307,0,0.569,50,0,63,0,63,604,75,542,0,0,25,0,0,100,535,0,2285,626,306,3,2307,20,50
"agent ForwardAgent #113",ForwardAgent,0.521,0,0.569,50,0,8,0,8,154,75,114,0,0,25,0,0,100,123,0,972,130,242,0,521,20,50
"agent ForwardAgent #114",ForwardAgent,0.099,0,0.569,50,0,3,0,3,42,75,23,0,0,25,0,0,100,16,0,427,18,76,1,99,20,50
"agent ForwardAgent #115",ForwardAgent,2.608,0,0.569,50,0,66,0,66,686,75,603,0,0,25,0,0,100,611,0,2244,708,306,2,2608,20,50
"agent ForwardAgent #116",ForwardAgent,0.099,0,0.569,50,0,2,0,2,10,75,32,0,0,25,0,0,100,25,0,388,32,82,3,99,20,50
"agent ForwardAgent #117",ForwardAgent,0.409,0,0.569,50,0,6,0,6,108,75,104,0,0,25,0,0,100,113,0,1197,84,236,0,409,20,50
"agent ForwardAgent #118",ForwardAgent,0.587,0,0.569,50,0,23,0,23,178,75,131,0,0,25,0,0,100,124,0,1323,154,124,1,587,20,50
"agent ForwardAgent #119",ForwardAgent,2.418,0,0.569,50,0,68,0,68,606,75,588,0,0,25,0,0,100,596,0,3476,628,302,2,2418,20,50
"agent ForwardAgent #120",ForwardAgent,1.407,0,0.569,50,0,36,0,36,322,75,374,0,0,25,0,0,100,367,0,2325,344,268,3,1407,20,50
"agent ForwardAgent #121",ForwardAgent,0.429,0,0.569,50,0,8,0,8,114,75,108,0,0,25,0,0,100,117,0,928,90,208,0,429,20,50
"agent ForwardAgent #122",ForwardAgent,0.099,0,0.569,50,0,1,0,1,44,75,21,0,0,25,0,0,100,14,0,392,20,76,1,99,20,50
"agent ForwardAgent #123",ForwardAgent,0.802,0,0.569,50,0,20,0,20,218,75,168,0,0,25,0,0,100,176,0,1494,240,226,2,802,20,50
"agent ForwardAgent #124",ForwardAgent,0.103,0,0.569,50,0,4,0,4,18,75,26,0,0,25,0,0,100,19,0,220,40,74,3,103,20,50
"agent ForwardAgent #125",ForwardAgent,0.201,0,0.569,50,0,1,0,1,60,75,48,0,0,25,0,0,100,57,0,759,36,198,0,201,20,50
"agent RandomAgent #126",RandomAgent,2.495,0,0.569,50,0,156,0,1297,692,75,571,0,0,25,0,0,100,564,0,5102,668,92,1,2495,20,50
"agent RandomAgent #127",RandomAgent,6.584,0,0.569,50,0,311,0,3270,1582,75,1695,0,0,25,0,0,100,1703,0,10911,1604,144,2,6584,20,50
"agent RandomAgent #128",RandomAgent,37.735,0,0.569,50,0,1010,0,18655,10434,75,8426,0,0,25,0,0,100,8419,0,29477,10456,304,3,37735,20,50
"agent RandomAgent #129",RandomAgent,14.227,0,0.569,50,0,224,0,7103,3487,75,3634,0,0,25,0,0,100,3643,0,14781,3463,273,0,14227,20,50
"agent RandomAgent #130",RandomAgent,4.911,0,0.569,50,0,226,0,2538,1384,75,1087,0,0,25,0,0,100,1080,0,4354,1360,113,1,4911,20,50
"agent RandomAgent #131",RandomAgent,19.388,0,0.569,50,0,626,0,9697,5371,75,4308,0,0,25,0,0,100,4316,0,16481,5393,301,2,19388,20,50
"agent RandomAgent #132",RandomAgent,41.781,0,0.569,50,0,913,0,20798,11233,75,9650,0,0,25,0,0,100,9643,0,27409,11255,304,3,41781,20,50
"agent RandomAgent #133",RandomAgent,29.933,0,0.569,50,0,608,0,14988,8020,75,6954,0,0,25,0,0,100,6963,0,23432,7996,306,0,29933,20,50
"agent RandomAgent #134",RandomAgent,1.445,0,0.569,50,0,26,0,720,469,75,269,0,0,25,0,0,100,262,0,3044,445,70,1,1445,20,50
"agent RandomAgent #135",RandomAgent,78.132,0,0.569,50,0,1505,0,38980,20626,75,18425,0,0,25,0,0,100,18433,0,26102,20648,306,2,78132,20,50
"agent RandomAgent #136",RandomAgent,32.365,0,0.569,50,0,883,0,16301,8191,75,7984,0,0,25,0,0,100,7977,0,21259,8213,287,3,32365,20,50
"agent RandomAgent #137",RandomAgent,117.719,0,0.569,50,0,3213,0,59511,28839,75,30028,0,0,25,0,0,100,30037,0,40142,28815,303,0,117719,20,50
"agent RandomAgent #138",RandomAgent,12.743,0,0.569,50,0,513,0,6516,3422,75,2965,0,0,25,0,0,100,2958,0,3786,3398,97,1,12743,20,50
"agent RandomAgent #139",RandomAgent,37.85,0,0.569,50,0,692,0,18957,10007,75,8903,0,0,25,0,0,100,8911,0,18924,10029,306,2,37850,20,50
"agent RandomAgent #140",RandomAgent,79.539,0,0.569,50,0,1542,0,39903,21038,75,18724,0,0,25,0,0,100,18717,0,29659,21060,306,3,79539,20,50
"agent RandomAgent #141",RandomAgent,158.003,0,0.569,50,0,4402,0,79593,38578,75,40431,0,0,25,0,0,100,40440,0,44351,38554,306,0,158003,20,50
"agent RandomAgent #142",RandomAgent,4.843,0,0.569,50,0,249,0,2467,1490,75,947,0,0,25,0,0,100,940,0,5475,1466,90,1,4843,20,50
"agent RandomAgent #143",RandomAgent,51.028,0,0.569,50,0,1379,0,25605,13725,75,11774,0,0,25,0,0,100,11782,0,22499,13747,306,2,51028,20,50
"agent RandomAgent #144",RandomAgent,88.457,0,0.569,50,0,2419,0,44448,23654,75,20567,0,0,25,0,0,100,20560,0,30681,23676,303,3,88457,20,50
"agent RandomAgent #145",RandomAgent,33.227,0,0.569,50,0,818,0,16715,7975,75,8646,0,0,25,0,0,100,8655,0,18762,7951,304,0,33227,20,50
"agent RandomAgent #146",RandomAgent,24.965,0,0.569,50,0,907,0,12541,7276,75,5222,0,0,25,0,0,100,5215,0,4067,7252,126,1,24965,20,50
"agent RandomAgent #147",RandomAgent,2.392,0,0.569,50,0,68,0,1214,635,75,546,0,0,25,0,0,100,554,0,3611,657,123,2,2392,20,50
"agent RandomAgent #148",RandomAgent,48.025,0,0.569,50,0,1305,0,24170,13126,75,10879,0,0,25,0,0,100,10872,0,21247,13148,297,3,48025,20,50
"agent RandomAgent #149",RandomAgent,17.739,0,0.569,50,0,459,0,8963,4148,75,4729,0,0,25,0,0,100,4738,0,13644,4124,278,0,17739,20,50
"agent RandomAgent #150",RandomAgent,7.573,0,0.569,50,0,261,0,3741,2419,75,1383,0,0,25,0,0,100,1376,0,4321,2395,118,1,7573,20,50
"agent RandomAgent #151",RandomAgent,22.858,0,0.569,50,0,581,0,11275,6011,75,5403,0,0,25,0,0,100,5411,0,11526,6033,181,2,22858,20,50
"agent RandomAgent #152",RandomAgent,2.887,0,0.569,50,0,51,0,1386,667,75,769,0,0,25,0,0,100,762,0,2346,689,114,3,2887,20,50
"agent RandomAgent #153",RandomAgent,40.731,0,0.569,50,0,1215,0,20407,11016,75,9357,0,0,25,0,0,100,9366,0,22876,10992,298,0,40731,20,50
"agent RandomAgent #154",RandomAgent,5.055,0,0.569,50,0,175,0,2586,1318,75,1225,0,0,25,0,0,100,1218,0,3894,1294,118,1,5055,20,50
"agent RandomAgent #155",RandomAgent,21.244,0,0.569,50,0,255,0,10706,5207,75,5400,0,0,25,0,0,100,5408,0,10792,5229,194,2,21244,20,50
"agent RandomAgent #156",RandomAgent,136.681,0,0.569,50,0,3163,0,68538,34995,75,33338,0,0,25,0,0,100,33331,0,30454,35017,306,3,136681,20,50
"agent RandomAgent #157",RandomAgent,14.799,0,0.569,50,0,234,0,7363,3667,75,3740,0,0,25,0,0,100,3749,0,10215,3643,251,0,14799,20,50
"agent RandomAgent #158",RandomAgent,2.627,0,0.569,50,0,98,0,1336,747,75,582,0,0,25,0,0,100,575,0,2799,723,64,1,2627,20,50
"agent RandomAgent #159",RandomAgent,62.55,0,0.569,50,0,1636,0,31478,15715,75,15545,0,0,25,0,0,100,15553,0,17092,15737,305,2,62550,20,50
"agent RandomAgent #160",RandomAgent,27.079,0,0.569,50,0,803,0,13554,6854,75,6678,0,0,25,0,0,100,6671,0,11153,6876,161,3,27079,20,50
"agent RandomAgent #161",RandomAgent,27.015,0,0.569,50,0,608,0,13403,7115,75,6400,0,0,25,0,0,100,6409,0,10453,7091,298,0,27015,20,50
"agent RandomAgent #162",RandomAgent,10.237,0,0.569,50,0,583,0,5324,2895,75,2239,0,0,25,0,0,100,2232,0,5344,2871,101,1,10237,20,50
"agent RandomAgent #163",RandomAgent,2.108,0,0.569,50,0,74,0,1027,595,75,444,0,0,25,0,0,100,452,0,2483,617,120,2,2108,20,50
"agent RandomAgent #164",RandomAgent,19.815,0,0.569,50,0,335,0,9832,5351,75,4549,0,0,25,0,0,100,4542,0,6739,5373,228,3,19815,20,50
"agent RandomAgent #165",RandomAgent,39.033,0,0.569,50,0,1039,0,19638,9448,75,10076,0,0,25,0,0,100,10085,0,15747,9424,283,0,39033,20,50
"agent RandomAgent #166",RandomAgent,8.087,0,0.569,50,0,277,0,4148,2343,75,1716,0,0,25,0,0,100,1709,0,4049,2319,81,1,8087,20,50
"agent RandomAgent #167",RandomAgent,2.98,0,0.569,50,0,73,0,1502,581,75,894,0,0,25,0,0,100,902,0,3157,603,114,2,2980,20,50
"agent RandomAgent #168",RandomAgent,4.669,0,0.569,50,0,69,0,2282,1117,75,1210,0,0,25,0,0,100,1203,0,3030,1139,176,3,4669,20,50
"agent RandomAgent #169",RandomAgent,124.193,0,0.569,50,0,2395,0,62232,30020,75,32084,0,0,25,0,0,100,32093,0,23105,29996,306,0,124193,20,50
"agent RandomAgent #170",RandomAgent,3.891,0,0.569,50,0,167,0,1965,1192,75,769,0,0,25,0,0,100,762,0,2267,1168,96,1,3891,20,50
"agent RandomAgent #171",RandomAgent,14.482,0,0.569,50,0,253,0,7246,3688,75,3538,0,0,25,0,0,100,3546,0,6755,3710,205,2,14482,20,50
"agent RandomAgent #172",RandomAgent,11.291,0,0.569,50,0,511,0,5635,2907,75,2731,0,0,25,0,0,100,2724,0,7061,2929,136,3,11291,20,50
"agent RandomAgent #173",RandomAgent,32.531,0,0.569,50,0,722,0,16339,8732,75,7541,0,0,25,0,0,100,7550,0,13356,8708,304,0,32531,20,50
"agent RandomAgent #174",RandomAgent,2.449,0,0.569,50,0,101,0,1204,631,75,609,0,0,25,0,0,100,602,0,2264,607,84,1,2449,20,50
"agent RandomAgent #175",RandomAgent,155.08,0,0.569,50,0,4077,0,78033,41381,75,36144,0,0,25,0,0,100,36152,0,18854,41403,306,2,155080,20,50
"agent RandomAgent #176",RandomAgent,80.637,0,0.569,50,0,2006,0,40537,21712,75,18599,0,0,25,0,0,100,18592,0,20193,21734,303,3,80637,20,50
"agent RandomAgent #177",RandomAgent,48.349,0,0.569,50,0,977,0,24348,12409,75,11773,0,0,25,0,0,100,11782,0,13371,12385,306,0,48349,20,50
"agent RandomAgent #178",RandomAgent,2.867,0,0.569,50,0,117,0,1411,995,75,454,0,0,25,0,0,100,447,0,2214,971,72,1,2867,20,50
"agent RandomAgent #179",RandomAgent,31.656,0,0.569,50,0,680,0,15872,8048,75,7765,0,0,25,0,0,100,7773,0,8786,8070,299,2,31656,20,50
"agent RandomAgent #180",RandomAgent,5.977,0,0.569,50,0,183,0,2964,1628,75,1353,0,0,25,0,0,100,1346,0,2071,1650,91,3,5977,20,50
"agent RandomAgent #181",RandomAgent,26.481,0,0.569,50,0,693,0,13289,6053,75,7195,0,0,25,0,0,100,7204,0,10238,6029,303,0,26481,20,50
"agent RandomAgent #182",RandomAgent,4.529,0,0.569,50,0,234,0,2243,1446,75,834,0,0,25,0,0,100,827,0,2300,1422,68,1,4529,20,50
"agent RandomAgent #183",RandomAgent,6.898,0,0.569,50,0,83,0,3380,1546,75,1888,0,0,25,0,0,100,1896,0,4212,1568,171,2,6898,20,50
"agent RandomAgent #184",RandomAgent,14.181,0,0.569,50,0,454,0,7120,3514,75,3569,0,0,25,0,0,100,3562,0,5701,3536,144,3,14181,20,50
"agent RandomAgent #185",RandomAgent,154.951,0,0.569,50,0,3967,0,77683,39899,75,37584,0,0,25,0,0,100,37593,0,18792,39875,306,0,154951,20,50
"agent RandomAgent #186",RandomAgent,1.461,0,0.569,50,0,95,0,710,405,75,341,0,0,25,0,0,100,334,0,1272,381,67,1,1461,20,50
"agent RandomAgent #187",RandomAgent,109.238,0,0.569,50,0,2707,0,54746,28360,75,26244,0,0,25,0,0,100,26252,0,14084,28382,306,2,109238,20,50
"agent RandomAgent #188",RandomAgent,81.853,0,0.569,50,0,1843,0,41208,21301,75,19618,0,0,25,0,0,100,19611,0,13026,21323,306,3,81853,20,50
"agent RandomAgent #189",RandomAgent,52.855,0,0.569,50,0,1424,0,26398,13679,75,12756,0,0,25,0,0,100,12765,0,10651,13655,304,0,52855,20,50
"agent RandomAgent #190",RandomAgent,0.875,0,0.569,50,0,49,0,424,341,75,112,0,0,25,0,0,100,105,0,980,317,65,1,875,20,50
"agent RandomAgent #191",RandomAgent,22.39,0,0.569,50,0,538,0,11119,5804,75,5376,0,0,25,0,0,100,5384,0,5888,5826,274,2,22390,20,50
"agent RandomAgent #192",RandomAgent,29.109,0,0.569,50,0,684,0,14605,7336,75,7211,0,0,25,0,0,100,7204,0,7458,7358,304,3,29109,20,50
"agent RandomAgent #193",RandomAgent,41.529,0,0.569,50,0,950,0,20866,9289,75,11483,0,0,25,0,0,100,11492,0,8679,9265,284,0,41529,20,50
"agent RandomAgent #194",RandomAgent,10.353,0,0.569,50,0,440,0,5214,2742,75,2450,0,0,25,0,0,100,2443,0,961,2718,126,1,10353,20,50
"agent RandomAgent #195",RandomAgent,32.796,0,0.569,50,0,775,0,16426,8243,75,8140,0,0,25,0,0,100,8148,0,4083,8265,306,2,32796,20,50
"agent RandomAgent #196",RandomAgent,59.497,0,0.569,50,0,2247,0,29959,16291,75,13450,0,0,25,0,0,100,13443,0,5983,16313,258,3,59497,20,50
"agent RandomAgent #197",RandomAgent,100.203,0,0.569,50,0,2182,0,50378,25195,75,24914,0,0,25,0,0,100,24923,0,9355,25171,304,0,100203,20,50
"agent RandomAgent #198",RandomAgent,1.803,0,0.569,50,0,114,0,925,519,75,398,0,0,25,0,0,100,391,0,721,495,104,1,1803,20,50
"agent RandomAgent #199",RandomAgent,7.698,0,0.569,50,0,255,0,3916,1921,75,1913,0,0,25,0,0,100,1921,0,2854,1943,143,2,7698,20,50
"agent RandomAgent #200",RandomAgent,18.567,0,0.569,50,0,609,0,9279,5041,75,4235,0,0,25,0,0,100,4228,0,4207,5063,142,3,18567,20,50
"agent RandomAgent #201",RandomAgent,82.875,0,0.569,50,0,1733,0,41596,21498,75,19947,0,0,25,0,0,100,19956,0,6183,21474,285,0,82875,20,50
"agent RandomAgent #202",RandomAgent,9.919,0,0.569,50,0,418,0,5004,3035,75,1940,0,0,25,0,0,100,1933,0,1193,3011,126,1,9919,20,50
"agent RandomAgent #203",RandomAgent,7.202,0,0.569,50,0,186,0,3614,1747,75,1839,0,0,25,0,0,100,1847,0,1879,1769,147,2,7202,20,50
"agent RandomAgent #204",RandomAgent,58.785,0,0.569,50,0,1451,0,29730,15708,75,13677,0,0,25,0,0,100,13670,0,5021,15730,306,3,58785,20,50
"agent RandomAgent #205",RandomAgent,16.779,0,0.569,50,0,416,0,8310,4137,75,4260,0,0,25,0,0,100,4269,0,2406,4113,272,0,16779,20,50
"agent RandomAgent #206",RandomAgent,2.841,0,0.569,50,0,97,0,1390,811,75,625,0,0,25,0,0,100,618,0,575,787,109,1,2841,20,50
"agent RandomAgent #207",RandomAgent,266.23,0,0.569,50,0,6831,0,134192,66599,75,66501,0,0,25,0,0,100,66509,0,3571,66621,306,2,266230,20,50
"agent RandomAgent #208",RandomAgent,18.245,0,0.569,50,0,241,0,9075,4794,75,4321,0,0,25,0,0,100,4314,0,1685,4816,183,3,18245,20,50
"agent RandomAgent #209",RandomAgent,38.205,0,0.569,50,0,801,0,19067,10086,75,9024,0,0,25,0,0,100,9033,0,3445,10062,289,0,38205,20,50
"agent RandomAgent #210",RandomAgent,5.917,0,0.569,50,0,244,0,3022,1685,75,1289,0,0,25,0,0,100,1282,0,532,1661,99,1,5917,20,50
"agent RandomAgent #211",RandomAgent,18.522,0,0.569,50,0,856,0,9361,4803,75,4443,0,0,25,0,0,100,4451,0,2424,4825,133,2,18522,20,50
"agent RandomAgent #212",RandomAgent,2.193,0,0.569,50,0,42,0,1113,527,75,562,0,0,25,0,0,100,555,0,239,549,102,3,2193,20,50
"agent RandomAgent #213",RandomAgent,43.007,0,0.569,50,0,1281,0,21729,9352,75,12159,0,0,25,0,0,100,12168,0,1782,9328,281,0,43007,20,50
"agent RandomAgent #214",RandomAgent,2.185,0,0.569,50,0,99,0,1101,680,75,428,0,0,25,0,0,100,421,0,151,656,107,1,2185,20,50
"agent RandomAgent #215",RandomAgent,29.236,0,0.569,50,0,928,0,14831,7541,75,7062,0,0,25,0,0,100,7070,0,1262,7563,306,2,29236,20,50
"agent RandomAgent #216",RandomAgent,19.125,0,0.569,50,0,479,0,9647,4660,75,4895,0,0,25,0,0,100,4888,0,784,4682,170,3,19125,20,50
"agent RandomAgent #217",RandomAgent,43.829,0,0.569,50,0,910,0,21916,12055,75,9867,0,0,25,0,0,100,9876,0,1208,12031,264,0,43829,20,50
"agent RandomAgent #218",RandomAgent,1.575,0,0.569,50,0,66,0,814,433,75,370,0,0,25,0,0,100,363,0,231,409,82,1,1575,20,50
"agent RandomAgent #219",RandomAgent,19.632,0,0.569,50,0,754,0,9896,5052,75,4749,0,0,25,0,0,100,4757,0,365,5074,153,2,19632,20,50
"agent RandomAgent #220",RandomAgent,10.525,0,0.569,50,0,169,0,5231,2574,75,2681,0,0,25,0,0,100,2674,0,411,2596,184,3,10525,20,50
"agent RandomAgent #221",RandomAgent,21.755,0,0.569,50,0,454,0,10794,5966,75,4919,0,0,25,0,0,100,4928,0,624,5942,295,0,21755,20,50
"agent RandomAgent #222",RandomAgent,4.157,0,0.569,50,0,220,0,2133,1328,75,766,0,0,25,0,0,100,759,0,0,1304,68,1,4157,20,50
"agent RandomAgent #223",RandomAgent,7.074,0,0.569,50,0,325,0,3563,1720,75,1802,0,0,25,0,0,100,1810,0,90,1742,126,2,7074,20,50
"agent RandomAgent #224",RandomAgent,9.077,0,0.569,50,0,207,0,4612,2091,75,2440,0,0,25,0,0,100,2433,0,0,2113,149,3,9077,20,50
"agent RandomAgent #225",RandomAgent,26.631,0,0.569,50,0,633,0,13289,7368,75,5955,0,0,25,0,0,100,5964,0,0,7344,263,0,26631,20,50
"agent NegotiatingAgent #226",NegotiatingAgent,0.119,62,0.569,50,23,4,0,4,46,75,29,46,42,25,0,0,100,22,0,119,22,86,1,119,20,50
"agent NegotiatingAgent #227",NegotiatingAgent,0.488,596,0.569,50,26,10,0,10,116,75,113,46,159,25,0,0,100,121,0,328,138,291,2,488,20,50
"agent NegotiatingAgent #228",NegotiatingAgent,0.531,2740,0.569,50,48,12,0,12,124,75,134,95,232,25,1,0,100,127,0,497,146,298,3,531,20,50
"agent NegotiatingAgent #229",NegotiatingAgent,0.225,430,0.569,50,41,4,0,5,68,75,52,88,131,25,3,0,100,61,0,242,44,210,0,225,20,50
"agent NegotiatingAgent #230",NegotiatingAgent,0.067,14,0.569,50,12,2,0,2,32,75,17,42,43,25,4,1,100,10,0,105,8,60,1,67,20,50
"agent NegotiatingAgent #231",NegotiatingAgent,0.482,575,0.569,50,25,9,0,9,114,75,112,55,203,25,2,0,100,120,0,496,136,288,2,482,20,50
"agent NegotiatingAgent #232",NegotiatingAgent,0.153,90,0.569,50,15,5,0,6,28,75,41,46,90,25,3,3,100,34,0,233,50,109,3,153,20,50
"agent NegotiatingAgent #233",NegotiatingAgent,0.217,104,0.569,50,9,4,0,4,64,75,52,95,122,25,25,5,100,61,0,208,40,206,0,217,20,50
"agent NegotiatingAgent #234",NegotiatingAgent,0.055,2,0.569,50,3,1,0,1,26,75,17,22,16,25,1,5,100,10,0,120,2,54,1,55,20,50
"agent NegotiatingAgent #235",NegotiatingAgent,0.108,17,0.569,50,3,2,0,2,18,75,21,35,58,25,8,4,100,29,0,139,40,101,2,108,20,50
"agent NegotiatingAgent #236",NegotiatingAgent,0.425,480,0.569,50,9,7,0,8,90,75,115,80,198,25,15,7,100,108,0,450,112,245,3,425,20,50
"agent NegotiatingAgent #237",NegotiatingAgent,0.221,158,0.569,50,7,4,0,5,66,75,52,59,74,25,17,2,100,61,0,125,42,208,0,221,20,50
"agent NegotiatingAgent #238",NegotiatingAgent,0.111,14,0.569,50,5,2,0,2,44,75,27,23,20,25,1,4,100,20,0,79,20,82,1,111,20,50
"agent NegotiatingAgent #239",NegotiatingAgent,0.108,0,0.569,50,1,3,0,3,16,75,23,13,25,25,0,4,100,31,0,49,38,101,2,108,20,50
"agent NegotiatingAgent #240",NegotiatingAgent,0.071,0,0.569,50,3,1,0,1,8,75,20,3,7,25,0,0,100,13,0,27,30,68,3,71,20,50
"agent NegotiatingAgent #241",NegotiatingAgent,0.387,350,0.569,50,7,9,0,10,112,75,89,28,136,25,1,6,100,98,0,315,88,291,0,387,20,50
"agent NegotiatingAgent #242",NegotiatingAgent,0.127,34,0.569,50,9,4,0,4,52,75,27,39,36,25,3,6,100,20,0,107,28,90,1,127,20,50
"agent NegotiatingAgent #243",NegotiatingAgent,0.118,262,0.569,50,9,4,0,4,20,75,24,27,68,25,3,1,100,32,0,289,42,106,2,118,20,50
"agent NegotiatingAgent #244",NegotiatingAgent,0.459,579,0.569,50,8,6,0,6,106,75,116,73,209,25,9,12,100,109,0,419,128,262,3,459,20,50
"agent NegotiatingAgent #245",NegotiatingAgent,0.229,0,0.569,50,2,5,0,6,68,75,54,28,72,25,7,2,100,63,0,158,44,212,0,229,20,50
"agent NegotiatingAgent #246",NegotiatingAgent,0.063,0,0.569,50,0,1,0,1,32,75,15,26,17,25,1,9,100,8,0,59,8,58,1,63,20,50
"agent NegotiatingAgent #247",NegotiatingAgent,0.13,0,0.569,50,0,6,0,6,20,75,30,35,64,25,11,2,100,38,0,207,42,112,2,130,20,50
"agent NegotiatingAgent #248",NegotiatingAgent,0.447,64,0.569,50,2,7,0,7,106,75,110,70,135,25,27,3,100,103,0,216,128,256,3,447,20,50
"agent NegotiatingAgent #249",NegotiatingAgent,0.309,0,0.569,50,0,5,0,6,98,75,64,30,62,25,9,4,100,73,0,115,74,252,0,309,20,50
"agent NegotiatingAgent #250",NegotiatingAgent,0.067,0,0.569,50,0,2,0,2,32,75,17,34,27,25,7,5,100,10,0,45,8,60,1,67,20,50
