agentName,agentType,averageSpeed,cumulatedUtilityReceived,freeWallRatio,numBacktrackAgents,numCFPAnswered,numDeadends,numDifferentEncounters,numDirectionChanges,numDownSteps,numForwardAgents,numLeftSteps,numMessagesReceived,numMessagesSent,numNegotiatingAgents,numProposalsAccepted,numProposalsRejected,numRandomAgents,numRightSteps,numSwarmAgents,numTotalEncounters,numUpSteps,numVisitedCells,startingPosition,stepsToExit,xsize,ysize
"agent BacktrackAgent #1",BacktrackAgent,0.619,0,0.569,75,0,19,0,19,198,50,119,0,0,100,0,0,25,128,0,3187,174,364,0,619,20,50
"agent BacktrackAgent #2",BacktrackAgent,0.684,0,0.569,75,0,24,0,24,212,50,145,0,0,100,0,0,25,138,0,1570,189,378,1,684,20,50
"agent BacktrackAgent #3",BacktrackAgent,0.422,0,0.569,75,0,8,0,8,112,50,84,0,0,100,0,0,25,92,0,958,134,263,2,422,20,50
"agent BacktrackAgent #4",BacktrackAgent,0.309,0,0.569,75,0,11,0,11,78,50,69,0,0,100,0,0,25,62,0,1033,100,224,3,309,20,50
"agent BacktrackAgent #5",BacktrackAgent,0.111,0,0.569,75,0,1,0,1,46,50,17,0,0,100,0,0,25,26,0,1994,22,110,0,111,20,50
"agent BacktrackAgent #6",BacktrackAgent,0.176,0,0.569,75,0,6,0,6,60,50,43,0,0,100,0,0,25,36,0,591,37,124,1,176,20,50
"agent BacktrackAgent #7",BacktrackAgent,0.7,0,0.569,75,0,21,0,21,196,50,139,0,0,100,0,0,25,147,0,1483,218,402,2,700,20,50
"agent BacktrackAgent #8",BacktrackAgent,0.677,0,0.569,75,0,23,0,23,190,50,141,0,0,100,0,0,25,134,0,999,212,408,3,677,20,50
"agent BacktrackAgent #9",BacktrackAgent,0.735,0,0.569,75,0,25,0,25,230,50,145,0,0,100,0,0,25,154,0,2331,206,422,0,735,20,50
"agent BacktrackAgent #10",BacktrackAgent,0.264,0,0.569,75,0,8,0,8,88,50,59,0,0,100,0,0,25,52,0,1524,65,168,1,264,20,50
"agent BacktrackAgent #11",BacktrackAgent,0.422,0,0.569,75,0,8,0,8,112,50,84,0,0,100,0,0,25,92,0,1527,134,263,2,422,20,50
"agent BacktrackAgent #12",BacktrackAgent,0.641,0,0.569,75,0,19,0,19,174,50,139,0,0,100,0,0,25,132,0,1922,196,390,3,641,20,50
"agent BacktrackAgent #13",BacktrackAgent,0.107,0,0.569,75,0,0,0,0,44,50,17,0,0,100,0,0,25,26,0,2548,20,108,0,107,20,50
"agent BacktrackAgent #14",BacktrackAgent,0.158,0,0.569,75,0,2,0,2,61,50,33,0,0,100,0,0,25,26,0,1197,38,115,1,158,20,50
"agent BacktrackAgent #15",BacktrackAgent,0.114,0,0.569,75,0,2,0,2,24,50,18,0,0,100,0,0,25,26,0,795,46,109,2,114,20,50
"agent BacktrackAgent #16",BacktrackAgent,0.333,0,0.569,75,0,11,0,11,88,50,71,0,0,100,0,0,25,64,0,1321,110,236,3,333,20,50
"agent BacktrackAgent #17",BacktrackAgent,0.111,0,0.569,75,0,1,0,1,46,50,17,0,0,100,0,0,25,26,0,2730,22,110,0,111,20,50
"agent BacktrackAgent #18",BacktrackAgent,0.07,0,0.569,75,0,0,0,0,33,50,17,0,0,100,0,0,25,10,0,360,10,71,1,70,20,50
"agent BacktrackAgent #19",BacktrackAgent,0.356,0,0.569,75,0,11,0,11,90,50,73,0,0,100,0,0,25,81,0,1917,112,230,2,356,20,50
"agent BacktrackAgent #20",BacktrackAgent,0.353,0,0.569,75,0,14,0,14,96,50,73,0,0,100,0,0,25,66,0,1511,118,246,3,353,20,50
"agent BacktrackAgent #21",BacktrackAgent,0.731,0,0.569,75,0,24,0,24,228,50,145,0,0,100,0,0,25,154,0,4130,204,420,0,731,20,50
"agent BacktrackAgent #22",BacktrackAgent,0.07,0,0.569,75,0,0,0,0,33,50,17,0,0,100,0,0,25,10,0,290,10,71,1,70,20,50
"agent BacktrackAgent #23",BacktrackAgent,0.364,0,0.569,75,0,13,0,13,94,50,73,0,0,100,0,0,25,81,0,1697,116,234,2,364,20,50
"agent BacktrackAgent #24",BacktrackAgent,0.357,0,0.569,75,0,16,0,16,92,50,79,0,0,100,0,0,25,72,0,1579,114,248,3,357,20,50
"agent BacktrackAgent #25",BacktrackAgent,0.227,0,0.569,75,0,7,0,7,78,50,43,0,0,100,0,0,25,52,0,3274,54,168,0,227,20,50
"agent BacktrackAgent #26",BacktrackAgent,0.154,0,0.569,75,0,1,0,1,59,50,33,0,0,100,0,0,25,26,0,1369,36,113,1,154,20,50
"agent BacktrackAgent #27",BacktrackAgent,0.708,0,0.569,75,0,22,0,22,198,50,141,0,0,100,0,0,25,149,0,2046,220,406,2,708,20,50
"agent BacktrackAgent #28",BacktrackAgent,0.205,0,0.569,75,0,6,0,6,52,50,43,0,0,100,0,0,25,36,0,744,74,172,3,205,20,50
"agent BacktrackAgent #29",BacktrackAgent,0.111,0,0.569,75,0,1,0,1,46,50,17,0,0,100,0,0,25,26,0,2428,22,110,0,111,20,50
"agent BacktrackAgent #30",BacktrackAgent,0.578,0,0.569,75,0,18,0,18,185,50,119,0,0,100,0,0,25,112,0,639,162,325,1,578,20,50
"agent BacktrackAgent #31",BacktrackAgent,0.486,0,0.569,75,0,13,0,13,134,50,94,0,0,100,0,0,25,102,0,1192,156,295,2,486,20,50
"agent BacktrackAgent #32",BacktrackAgent,0.317,0,0.569,75,0,10,0,10,84,50,67,0,0,100,0,0,25,60,0,849,106,228,3,317,20,50
"agent BacktrackAgent #33",BacktrackAgent,0.615,0,0.569,75,0,18,0,18,196,50,119,0,0,100,0,0,25,128,0,2737,172,362,0,615,20,50
"agent BacktrackAgent #34",BacktrackAgent,0.26,0,0.569,75,0,7,0,7,86,50,59,0,0,100,0,0,25,52,0,1280,63,166,1,260,20,50
"agent BacktrackAgent #35",BacktrackAgent,0.142,0,0.569,75,0,5,0,5,32,50,24,0,0,100,0,0,25,32,0,851,54,123,2,142,20,50
"agent BacktrackAgent #36",BacktrackAgent,0.513,0,0.569,75,0,14,0,14,140,50,109,0,0,100,0,0,25,102,0,1091,162,326,3,513,20,50
"agent BacktrackAgent #37",BacktrackAgent,0.735,0,0.569,75,0,25,0,25,230,50,145,0,0,100,0,0,25,154,0,3452,206,422,0,735,20,50
"agent BacktrackAgent #38",BacktrackAgent,0.688,0,0.569,75,0,25,0,25,214,50,145,0,0,100,0,0,25,138,0,1470,191,380,1,688,20,50
"agent BacktrackAgent #39",BacktrackAgent,0.158,0,0.569,75,0,6,0,6,36,50,28,0,0,100,0,0,25,36,0,773,58,131,2,158,20,50
"agent BacktrackAgent #40",BacktrackAgent,0.477,0,0.569,75,0,11,0,11,130,50,101,0,0,100,0,0,25,94,0,1787,152,308,3,477,20,50
"agent BacktrackAgent #41",BacktrackAgent,0.731,0,0.569,75,0,24,0,24,228,50,145,0,0,100,0,0,25,154,0,3263,204,420,0,731,20,50
"agent BacktrackAgent #42",BacktrackAgent,0.662,0,0.569,75,0,19,0,19,211,50,135,0,0,100,0,0,25,128,0,1673,188,367,1,662,20,50
"agent BacktrackAgent #43",BacktrackAgent,0.138,0,0.569,75,0,4,0,4,36,50,18,0,0,100,0,0,25,26,0,595,58,121,2,138,20,50
"agent BacktrackAgent #44",BacktrackAgent,0.481,0,0.569,75,0,10,0,10,128,50,105,0,0,100,0,0,25,98,0,1376,150,310,3,481,20,50
"agent BacktrackAgent #45",BacktrackAgent,0.223,0,0.569,75,0,6,0,6,76,50,43,0,0,100,0,0,25,52,0,2732,52,166,0,223,20,50
"agent BacktrackAgent #46",BacktrackAgent,0.154,0,0.569,75,0,1,0,1,59,50,33,0,0,100,0,0,25,26,0,1053,36,113,1,154,20,50
"agent BacktrackAgent #47",BacktrackAgent,0.118,0,0.569,75,0,3,0,3,26,50,18,0,0,100,0,0,25,26,0,554,48,111,2,118,20,50
"agent BacktrackAgent #48",BacktrackAgent,0.357,0,0.569,75,0,16,0,16,94,50,77,0,0,100,0,0,25,70,0,822,116,248,3,357,20,50
"agent BacktrackAgent #49",BacktrackAgent,0.735,0,0.569,75,0,25,0,25,230,50,145,0,0,100,0,0,25,154,0,3054,206,422,0,735,20,50
"agent BacktrackAgent #50",BacktrackAgent,0.768,0,0.569,75,0,25,0,25,238,50,161,0,0,100,0,0,25,154,0,1248,215,420,1,768,20,50
"agent BacktrackAgent #51",BacktrackAgent,0.462,0,0.569,75,0,13,0,13,126,50,90,0,0,100,0,0,25,98,0,810,148,283,2,462,20,50
"agent BacktrackAgent #52",BacktrackAgent,0.489,0,0.569,75,0,12,0,12,132,50,105,0,0,100,0,0,25,98,0,989,154,314,3,489,20,50
"agent BacktrackAgent #53",BacktrackAgent,0.227,0,0.569,75,0,7,0,7,78,50,43,0,0,100,0,0,25,52,0,2430,54,168,0,227,20,50
"agent BacktrackAgent #54",BacktrackAgent,0.26,0,0.569,75,0,7,0,7,86,50,59,0,0,100,0,0,25,52,0,737,63,166,1,260,20,50
"agent BacktrackAgent #55",BacktrackAgent,0.372,0,0.569,75,0,14,0,14,98,50,73,0,0,100,0,0,25,81,0,1345,120,238,2,372,20,50
"agent BacktrackAgent #56",BacktrackAgent,0.669,0,0.569,75,0,24,0,24,186,50,141,0,0,100,0,0,25,134,0,1187,208,404,3,669,20,50
"agent BacktrackAgent #57",BacktrackAgent,0.107,0,0.569,75,0,0,0,0,44,50,17,0,0,100,0,0,25,26,0,1875,20,108,0,107,20,50
"agent BacktrackAgent #58",BacktrackAgent,0.688,0,0.569,75,0,25,0,25,214,50,145,0,0,100,0,0,25,138,0,1103,191,380,1,688,20,50
"agent BacktrackAgent #59",BacktrackAgent,0.454,0,0.569,75,0,11,0,11,128,50,84,0,0,100,0,0,25,92,0,758,150,279,2,454,20,50
"agent BacktrackAgent #60",BacktrackAgent,0.517,0,0.569,75,0,14,0,14,144,50,107,0,0,100,0,0,25,100,0,1352,166,328,3,517,20,50
"agent BacktrackAgent #61",BacktrackAgent,0.111,0,0.569,75,0,1,0,1,46,50,17,0,0,100,0,0,25,26,0,1882,22,110,0,111,20,50
"agent BacktrackAgent #62",BacktrackAgent,0.074,0,0.569,75,0,1,0,1,35,50,17,0,0,100,0,0,25,10,0,411,12,73,1,74,20,50
"agent BacktrackAgent #63",BacktrackAgent,0.396,0,0.569,75,0,15,0,15,108,50,75,0,0,100,0,0,25,83,0,1380,130,250,2,396,20,50
"agent BacktrackAgent #64",BacktrackAgent,0.193,0,0.569,75,0,5,0,5,48,50,41,0,0,100,0,0,25,34,0,975,70,166,3,193,20,50
"agent BacktrackAgent #65",BacktrackAgent,0.731,0,0.569,75,0,24,0,24,228,50,145,0,0,100,0,0,25,154,0,2766,204,420,0,731,20,50
"agent BacktrackAgent #66",BacktrackAgent,0.18,0,0.569,75,0,7,0,7,62,50,43,0,0,100,0,0,25,36,0,417,39,126,1,180,20,50
"agent BacktrackAgent #67",BacktrackAgent,0.122,0,0.569,75,0,1,0,1,28,50,18,0,0,100,0,0,25,26,0,468,50,113,2,122,20,50
"agent BacktrackAgent #68",BacktrackAgent,0.345,0,0.569,75,0,14,0,14,88,50,77,0,0,100,0,0,25,70,0,738,110,242,3,345,20,50
"agent BacktrackAgent #69",BacktrackAgent,0.615,0,0.569,75,0,18,0,18,196,50,119,0,0,100,0,0,25,128,0,2091,172,362,0,615,20,50
"agent BacktrackAgent #70",BacktrackAgent,0.582,0,0.569,75,0,19,0,19,187,50,119,0,0,100,0,0,25,112,0,862,164,327,1,582,20,50
"agent BacktrackAgent #71",BacktrackAgent,0.158,0,0.569,75,0,6,0,6,40,50,24,0,0,100,0,0,25,32,0,461,62,131,2,158,20,50
"agent BacktrackAgent #72",BacktrackAgent,0.165,0,0.569,75,0,3,0,3,42,50,33,0,0,100,0,0,25,26,0,483,64,152,3,165,20,50
"agent BacktrackAgent #73",BacktrackAgent,0.111,0,0.569,75,0,1,0,1,46,50,17,0,0,100,0,0,25,26,0,1675,22,110,0,111,20,50
"agent BacktrackAgent #74",BacktrackAgent,0.074,0,0.569,75,0,1,0,1,35,50,17,0,0,100,0,0,25,10,0,268,12,73,1,74,20,50
"agent BacktrackAgent #75",BacktrackAgent,0.392,0,0.569,75,0,15,0,15,106,50,75,0,0,100,0,0,25,83,0,1503,128,248,2,392,20,50
"agent ForwardAgent #76",ForwardAgent,2.945,0,0.569,75,0,78,0,78,858,50,607,0,0,100,0,0,25,600,0,1320,880,396,3,2945,20,50
"agent ForwardAgent #77",ForwardAgent,0.143,0,0.569,75,0,2,0,2,56,50,23,0,0,100,0,0,25,32,0,1157,32,126,0,143,20,50
"agent ForwardAgent #78",ForwardAgent,0.236,0,0.569,75,0,5,0,5,80,50,53,0,0,100,0,0,25,46,0,479,57,152,1,236,20,50
"agent ForwardAgent #79",ForwardAgent,0.218,0,0.569,75,0,2,0,2,52,50,42,0,0,100,0,0,25,50,0,489,74,161,2,218,20,50
"agent ForwardAgent #80",ForwardAgent,1.377,0,0.569,75,0,38,0,38,400,50,281,0,0,100,0,0,25,274,0,1130,422,258,3,1377,20,50
"agent ForwardAgent #81",ForwardAgent,0.159,0,0.569,75,0,2,0,2,58,50,29,0,0,100,0,0,25,38,0,1135,34,134,0,159,20,50
"agent ForwardAgent #82",ForwardAgent,0.088,0,0.569,75,0,1,0,1,36,50,23,0,0,100,0,0,25,16,0,210,13,80,1,88,20,50
"agent ForwardAgent #83",ForwardAgent,0.502,0,0.569,75,0,19,0,19,132,50,104,0,0,100,0,0,25,112,0,600,154,231,2,502,20,50
"agent ForwardAgent #84",ForwardAgent,1.489,0,0.569,75,0,52,0,52,426,50,311,0,0,100,0,0,25,304,0,607,448,312,3,1489,20,50
"agent ForwardAgent #85",ForwardAgent,0.111,0,0.569,75,0,1,0,1,46,50,17,0,0,100,0,0,25,26,0,1006,22,110,0,111,20,50
"agent ForwardAgent #86",ForwardAgent,0.198,0,0.569,75,0,2,0,2,69,50,45,0,0,100,0,0,25,38,0,343,46,135,1,198,20,50
"agent ForwardAgent #87",ForwardAgent,3.472,0,0.569,75,0,94,0,94,1044,50,677,0,0,100,0,0,25,685,0,1745,1066,416,2,3472,20,50
"agent ForwardAgent #88",ForwardAgent,0.469,0,0.569,75,0,12,0,12,122,50,105,0,0,100,0,0,25,98,0,700,144,240,3,469,20,50
"agent ForwardAgent #89",ForwardAgent,0.107,0,0.569,75,0,0,0,0,44,50,17,0,0,100,0,0,25,26,0,958,20,108,0,107,20,50
"agent ForwardAgent #90",ForwardAgent,4.13,0,0.569,75,0,174,0,174,1285,50,795,0,0,100,0,0,25,788,0,1172,1262,410,1,4130,20,50
"agent ForwardAgent #91",ForwardAgent,0.97,0,0.569,75,0,21,0,21,290,50,180,0,0,100,0,0,25,188,0,657,312,281,2,970,20,50
"agent ForwardAgent #92",ForwardAgent,0.237,0,0.569,75,0,10,0,10,60,50,51,0,0,100,0,0,25,44,0,489,82,160,3,237,20,50
"agent ForwardAgent #93",ForwardAgent,0.223,0,0.569,75,0,3,0,3,80,50,39,0,0,100,0,0,25,48,0,1096,56,124,0,223,20,50
"agent ForwardAgent #94",ForwardAgent,0.074,0,0.569,75,0,1,0,1,35,50,17,0,0,100,0,0,25,10,0,154,12,73,1,74,20,50
"agent ForwardAgent #95",ForwardAgent,0.966,0,0.569,75,0,31,0,31,304,50,164,0,0,100,0,0,25,172,0,589,326,236,2,966,20,50
"agent ForwardAgent #96",ForwardAgent,0.941,0,0.569,75,0,30,0,30,276,50,187,0,0,100,0,0,25,180,0,581,298,252,3,941,20,50
"agent ForwardAgent #97",ForwardAgent,1.855,0,0.569,75,0,65,0,65,548,50,387,0,0,100,0,0,25,396,0,1930,524,226,0,1855,20,50
"agent ForwardAgent #98",ForwardAgent,2.714,0,0.569,75,0,102,0,102,783,50,589,0,0,100,0,0,25,582,0,947,760,422,1,2714,20,50
"agent ForwardAgent #99",ForwardAgent,0.264,0,0.569,75,0,8,0,8,62,50,55,0,0,100,0,0,25,63,0,469,84,166,2,264,20,50
"agent ForwardAgent #100",ForwardAgent,1.841,0,0.569,75,0,54,0,54,540,50,373,0,0,100,0,0,25,366,0,1260,562,358,3,1841,20,50
"agent ForwardAgent #101",ForwardAgent,0.295,0,0.569,75,0,11,0,11,96,50,59,0,0,100,0,0,25,68,0,1921,72,182,0,295,20,50
"agent ForwardAgent #102",ForwardAgent,0.172,0,0.569,75,0,2,0,2,62,50,39,0,0,100,0,0,25,32,0,524,39,122,1,172,20,50
"agent ForwardAgent #103",ForwardAgent,0.134,0,0.569,75,0,2,0,2,26,50,26,0,0,100,0,0,25,34,0,461,48,119,2,134,20,50
"agent ForwardAgent #104",ForwardAgent,3.329,0,0.569,75,0,110,0,110,1004,50,653,0,0,100,0,0,25,646,0,1565,1026,410,3,3329,20,50
"agent ForwardAgent #105",ForwardAgent,0.343,0,0.569,75,0,14,0,14,118,50,61,0,0,100,0,0,25,70,0,1845,94,166,0,343,20,50
"agent ForwardAgent #106",ForwardAgent,0.318,0,0.569,75,0,8,0,8,105,50,69,0,0,100,0,0,25,62,0,1030,82,166,1,318,20,50
"agent ForwardAgent #107",ForwardAgent,3.664,0,0.569,75,0,107,0,107,1102,50,715,0,0,100,0,0,25,723,0,1967,1124,254,2,3664,20,50
"agent ForwardAgent #108",ForwardAgent,0.881,0,0.569,75,0,29,0,29,258,50,175,0,0,100,0,0,25,168,0,1256,280,244,3,881,20,50
"agent ForwardAgent #109",ForwardAgent,0.431,0,0.569,75,0,12,0,12,138,50,85,0,0,100,0,0,25,94,0,1921,114,210,0,431,20,50
"agent ForwardAgent #110",ForwardAgent,0.382,0,0.569,75,0,13,0,13,125,50,81,0,0,100,0,0,25,74,0,800,102,166,1,382,20,50
"agent ForwardAgent #111",ForwardAgent,2.524,0,0.569,75,0,98,0,98,710,50,537,0,0,100,0,0,25,545,0,1217,732,422,2,2524,20,50
"agent ForwardAgent #112",ForwardAgent,1.333,0,0.569,75,0,37,0,37,400,50,259,0,0,100,0,0,25,252,0,1339,422,302,3,1333,20,50
"agent ForwardAgent #113",ForwardAgent,1.207,0,0.569,75,0,30,0,30,368,50,243,0,0,100,0,0,25,252,0,2137,344,342,0,1207,20,50
"agent ForwardAgent #114",ForwardAgent,0.666,0,0.569,75,0,22,0,22,195,50,153,0,0,100,0,0,25,146,0,998,172,198,1,666,20,50
"agent ForwardAgent #115",ForwardAgent,0.476,0,0.569,75,0,6,0,6,128,50,95,0,0,100,0,0,25,103,0,1173,150,212,2,476,20,50
"agent ForwardAgent #116",ForwardAgent,0.533,0,0.569,75,0,16,0,16,146,50,113,0,0,100,0,0,25,106,0,540,168,302,3,533,20,50
"agent ForwardAgent #117",ForwardAgent,0.615,0,0.569,75,0,13,0,13,192,50,123,0,0,100,0,0,25,132,0,1895,168,182,0,615,20,50
"agent ForwardAgent #118",ForwardAgent,0.42,0,0.569,75,0,9,0,9,134,50,91,0,0,100,0,0,25,84,0,798,111,168,1,420,20,50
"agent ForwardAgent #119",ForwardAgent,0.122,0,0.569,75,0,1,0,1,28,50,18,0,0,100,0,0,25,26,0,245,50,113,2,122,20,50
"agent ForwardAgent #120",ForwardAgent,0.813,0,0.569,75,0,19,0,19,232,50,167,0,0,100,0,0,25,160,0,964,254,268,3,813,20,50
"agent ForwardAgent #121",ForwardAgent,0.323,0,0.569,75,0,11,0,11,106,50,63,0,0,100,0,0,25,72,0,1467,82,168,0,323,20,50
"agent ForwardAgent #122",ForwardAgent,0.154,0,0.569,75,0,1,0,1,59,50,33,0,0,100,0,0,25,26,0,471,36,113,1,154,20,50
"agent ForwardAgent #123",ForwardAgent,0.916,0,0.569,75,0,25,0,25,252,50,191,0,0,100,0,0,25,199,0,1031,274,228,2,916,20,50
"agent ForwardAgent #124",ForwardAgent,1.921,0,0.569,75,0,51,0,51,564,50,389,0,0,100,0,0,25,382,0,1092,586,262,3,1921,20,50
"agent ForwardAgent #125",ForwardAgent,0.795,0,0.569,75,0,31,0,31,250,50,155,0,0,100,0,0,25,164,0,1651,226,168,0,795,20,50
"agent RandomAgent #126",RandomAgent,4.348,0,0.569,75,0,97,0,2171,1229,50,960,0,0,100,0,0,25,953,0,204,1206,188,1,4348,20,50
"agent RandomAgent #127",RandomAgent,67.48,0,0.569,75,0,1594,0,33599,20549,50,13176,0,0,100,0,0,25,13184,0,6656,20571,285,2,67480,20,50
"agent RandomAgent #128",RandomAgent,40.803,0,0.569,75,0,2056,0,20674,12272,50,8122,0,0,100,0,0,25,8115,0,5360,12294,276,3,40803,20,50
"agent RandomAgent #129",RandomAgent,43.803,0,0.569,75,0,1219,0,22054,13770,50,8139,0,0,100,0,0,25,8148,0,3655,13746,171,0,43803,20,50
"agent RandomAgent #130",RandomAgent,13.96,0,0.569,75,0,463,0,6998,4141,50,2854,0,0,100,0,0,25,2847,0,2067,4118,194,1,13960,20,50
"agent RandomAgent #131",RandomAgent,33.27,0,0.569,75,0,1206,0,16678,9834,50,6786,0,0,100,0,0,25,6794,0,3685,9856,304,2,33270,20,50
"agent RandomAgent #132",RandomAgent,34.877,0,0.569,75,0,737,0,17421,10303,50,7128,0,0,100,0,0,25,7121,0,4640,10325,257,3,34877,20,50
"agent RandomAgent #133",RandomAgent,2.549,0,0.569,75,0,30,0,1268,782,50,500,0,0,100,0,0,25,509,0,1133,758,115,0,2549,20,50
"agent RandomAgent #134",RandomAgent,13.364,0,0.569,75,0,258,0,6601,3889,50,2808,0,0,100,0,0,25,2801,0,1642,3866,195,1,13364,20,50
"agent RandomAgent #135",RandomAgent,39.88,0,0.569,75,0,861,0,20075,12256,50,7669,0,0,100,0,0,25,7677,0,3666,12278,242,2,39880,20,50
"agent RandomAgent #136",RandomAgent,156.551,0,0.569,75,0,6775,0,78862,46955,50,31313,0,0,100,0,0,25,31306,0,3956,46977,262,3,156551,20,50
"agent RandomAgent #137",RandomAgent,32.233,0,0.569,75,0,1242,0,16199,9706,50,6418,0,0,100,0,0,25,6427,0,2425,9682,193,0,32233,20,50
"agent RandomAgent #138",RandomAgent,2.024,0,0.569,75,0,47,0,1036,572,50,455,0,0,100,0,0,25,448,0,145,549,118,1,2024,20,50
"agent RandomAgent #139",RandomAgent,46.31,0,0.569,75,0,1560,0,23271,14590,50,8550,0,0,100,0,0,25,8558,0,1850,14612,273,2,46310,20,50
"agent RandomAgent #140",RandomAgent,6.535,0,0.569,75,0,164,0,3221,1824,50,1436,0,0,100,0,0,25,1429,0,429,1846,204,3,6535,20,50
"agent RandomAgent #141",RandomAgent,9.701,0,0.569,75,0,522,0,4927,2903,50,1955,0,0,100,0,0,25,1964,0,1088,2879,175,0,9701,20,50
"agent RandomAgent #142",RandomAgent,9.436,0,0.569,75,0,121,0,4695,2945,50,1788,0,0,100,0,0,25,1781,0,280,2922,138,1,9436,20,50
"agent RandomAgent #143",RandomAgent,50.686,0,0.569,75,0,1416,0,25315,15889,50,9439,0,0,100,0,0,25,9447,0,1871,15911,266,2,50686,20,50
"agent RandomAgent #144",RandomAgent,41.969,0,0.569,75,0,2317,0,21061,12006,50,8971,0,0,100,0,0,25,8964,0,707,12028,263,3,41969,20,50
"agent RandomAgent #145",RandomAgent,9.223,0,0.569,75,0,136,0,4611,3079,50,1540,0,0,100,0,0,25,1549,0,283,3055,148,0,9223,20,50
"agent RandomAgent #146",RandomAgent,74.184,0,0.569,75,0,2709,0,37295,21910,50,15197,0,0,100,0,0,25,15190,0,1133,21887,173,1,74184,20,50
"agent RandomAgent #147",RandomAgent,45.234,0,0.569,75,0,1744,0,22826,14129,50,8473,0,0,100,0,0,25,8481,0,176,14151,263,2,45234,20,50
"agent RandomAgent #148",RandomAgent,18.395,0,0.569,75,0,329,0,9213,5777,50,3413,0,0,100,0,0,25,3406,0,0,5799,186,3,18395,20,50
"agent RandomAgent #149",RandomAgent,3.571,0,0.569,75,0,34,0,1742,979,50,814,0,0,100,0,0,25,823,0,3,955,146,0,3571,20,50
"agent RandomAgent #150",RandomAgent,28.172,0,0.569,75,0,1320,0,14096,8097,50,6004,0,0,100,0,0,25,5997,0,0,8074,192,1,28172,20,50
"agent NegotiatingAgent #151",NegotiatingAgent,0.178,1996,0.569,75,46,7,0,7,46,50,28,88,88,100,0,0,25,36,0,110,68,141,2,178,20,50
"agent NegotiatingAgent #152",NegotiatingAgent,0.325,11520,0.569,75,172,12,0,12,84,50,71,359,330,100,0,0,25,64,0,542,106,232,3,325,20,50
"agent NegotiatingAgent #153",NegotiatingAgent,0.563,10313,0.569,75,160,14,0,14,178,50,111,329,362,100,2,0,25,120,0,506,154,336,0,563,20,50
"agent NegotiatingAgent #154",NegotiatingAgent,0.264,5715,0.569,75,104,8,0,8,88,50,59,223,225,100,0,0,25,52,0,359,65,168,1,264,20,50
"agent NegotiatingAgent #155",NegotiatingAgent,0.652,10092,0.569,75,138,16,0,16,172,50,139,393,435,100,34,0,25,147,0,565,194,378,2,652,20,50
"agent NegotiatingAgent #156",NegotiatingAgent,0.653,8722,0.569,75,144,18,0,18,182,50,137,415,458,100,31,0,25,130,0,605,204,396,3,653,20,50
"agent NegotiatingAgent #157",NegotiatingAgent,0.223,4083,0.569,75,85,6,0,6,76,50,43,217,189,100,3,11,25,52,0,296,52,166,0,223,20,50
"agent NegotiatingAgent #158",NegotiatingAgent,0.154,599,0.569,75,37,1,0,1,59,50,33,71,101,100,0,0,25,26,0,162,36,113,1,154,20,50
"agent NegotiatingAgent #159",NegotiatingAgent,0.302,4496,0.569,75,90,4,0,4,78,50,58,206,198,100,2,1,25,66,0,295,100,203,2,302,20,50
"agent NegotiatingAgent #160",NegotiatingAgent,0.325,10418,0.569,75,141,12,0,12,82,50,73,325,314,100,1,0,25,66,0,537,104,232,3,325,20,50
"agent NegotiatingAgent #161",NegotiatingAgent,0.387,5695,0.569,75,134,2,0,3,124,50,77,288,296,100,6,3,25,86,0,658,100,248,0,387,20,50
"agent NegotiatingAgent #162",NegotiatingAgent,0.394,5603,0.569,75,74,7,0,8,129,50,83,197,210,100,16,0,25,76,0,367,106,233,1,394,20,50
"agent NegotiatingAgent #163",NegotiatingAgent,0.27,5780,0.569,75,77,5,0,6,74,50,46,185,190,100,4,3,25,54,0,374,96,187,2,270,20,50
"agent NegotiatingAgent #164",NegotiatingAgent,0.177,496,0.569,75,45,4,0,4,46,50,35,107,101,100,3,1,25,28,0,237,68,158,3,177,20,50
"agent NegotiatingAgent #165",NegotiatingAgent,0.111,10,0.569,75,39,1,0,1,46,50,17,93,84,100,0,8,25,26,0,312,22,110,0,111,20,50
"agent NegotiatingAgent #166",NegotiatingAgent,0.688,7174,0.569,75,132,16,0,18,210,50,149,360,371,100,23,0,25,142,0,494,187,380,1,688,20,50
"agent NegotiatingAgent #167",NegotiatingAgent,0.368,5166,0.569,75,94,13,0,13,96,50,73,327,323,100,37,2,25,81,0,430,118,236,2,368,20,50
"agent NegotiatingAgent #168",NegotiatingAgent,0.665,7968,0.569,75,122,21,0,21,188,50,137,356,384,100,24,5,25,130,0,593,210,402,3,665,20,50
"agent NegotiatingAgent #169",NegotiatingAgent,0.107,18,0.569,75,46,0,0,0,44,50,17,130,98,100,0,12,25,26,0,342,20,108,0,107,20,50
"agent NegotiatingAgent #170",NegotiatingAgent,0.154,348,0.569,75,28,1,0,1,59,50,33,61,101,100,0,5,25,26,0,198,36,113,1,154,20,50
"agent NegotiatingAgent #171",NegotiatingAgent,0.552,9014,0.569,75,136,12,0,12,156,50,105,405,397,100,29,8,25,113,0,602,178,328,2,552,20,50
"agent NegotiatingAgent #172",NegotiatingAgent,0.277,8465,0.569,75,122,6,0,6,70,50,61,358,319,100,22,1,25,54,0,648,92,208,3,277,20,50
"agent NegotiatingAgent #173",NegotiatingAgent,0.571,7808,0.569,75,120,13,0,14,176,50,117,360,377,100,33,10,25,126,0,655,152,340,0,571,20,50
"agent NegotiatingAgent #174",NegotiatingAgent,0.544,5483,0.569,75,104,10,0,11,170,50,117,413,380,100,52,2,25,110,0,536,147,308,1,544,20,50
"agent NegotiatingAgent #175",NegotiatingAgent,0.106,36,0.569,75,25,1,0,1,20,50,18,68,56,100,1,9,25,26,0,82,42,105,2,106,20,50
"agent NegotiatingAgent #176",NegotiatingAgent,0.377,6968,0.569,75,124,4,0,4,104,50,77,285,290,100,6,1,25,70,0,492,126,258,3,377,20,50
"agent NegotiatingAgent #177",NegotiatingAgent,0.503,8691,0.569,75,160,7,0,7,160,50,99,452,414,100,28,6,25,108,0,925,136,306,0,503,20,50
"agent NegotiatingAgent #178",NegotiatingAgent,0.168,2854,0.569,75,80,5,0,5,58,50,41,219,180,100,9,2,25,34,0,370,35,120,1,168,20,50
"agent NegotiatingAgent #179",NegotiatingAgent,0.504,12167,0.569,75,159,7,0,7,132,50,105,464,468,100,30,8,25,113,0,583,154,304,2,504,20,50
"agent NegotiatingAgent #180",NegotiatingAgent,0.493,12984,0.569,75,167,8,0,8,140,50,99,505,471,100,36,3,25,92,0,740,162,316,3,493,20,50
"agent NegotiatingAgent #181",NegotiatingAgent,0.215,2906,0.569,75,68,4,0,4,74,50,41,211,198,100,7,12,25,50,0,775,50,162,0,215,20,50
"agent NegotiatingAgent #182",NegotiatingAgent,0.548,7612,0.569,75,114,8,0,9,164,50,125,395,398,100,49,4,25,118,0,500,141,310,1,548,20,50
"agent NegotiatingAgent #183",NegotiatingAgent,0.258,5462,0.569,75,67,5,0,6,72,50,42,253,214,100,19,9,25,50,0,327,94,181,2,258,20,50
"agent NegotiatingAgent #184",NegotiatingAgent,0.293,3406,0.569,75,73,5,0,6,76,50,63,232,225,100,20,7,25,56,0,285,98,216,3,293,20,50
"agent NegotiatingAgent #185",NegotiatingAgent,0.107,38,0.569,75,37,0,0,0,44,50,17,112,92,100,0,10,25,26,0,443,20,108,0,107,20,50
"agent NegotiatingAgent #186",NegotiatingAgent,0.252,3510,0.569,75,68,5,0,5,86,50,55,273,253,100,25,7,25,48,0,424,63,162,1,252,20,50
"agent NegotiatingAgent #187",NegotiatingAgent,0.134,792,0.569,75,31,4,0,4,28,50,24,103,95,100,7,7,25,32,0,169,50,119,2,134,20,50
"agent NegotiatingAgent #188",NegotiatingAgent,0.493,9138,0.569,75,110,9,0,9,134,50,105,442,400,100,53,4,25,98,0,656,156,316,3,493,20,50
"agent NegotiatingAgent #189",NegotiatingAgent,0.111,4,0.569,75,28,1,0,1,46,50,17,132,104,100,12,11,25,26,0,368,22,110,0,111,20,50
"agent NegotiatingAgent #190",NegotiatingAgent,0.56,4955,0.569,75,74,6,0,8,174,50,121,423,431,100,74,7,25,114,0,503,151,316,1,560,20,50
"agent NegotiatingAgent #191",NegotiatingAgent,0.328,4432,0.569,75,69,8,0,8,82,50,67,312,310,100,35,12,25,75,0,440,104,216,2,328,20,50
"agent NegotiatingAgent #192",NegotiatingAgent,0.381,3594,0.569,75,63,7,0,7,102,50,81,293,292,100,48,4,25,74,0,232,124,260,3,381,20,50
"agent NegotiatingAgent #193",NegotiatingAgent,0.507,8370,0.569,75,117,5,0,6,156,50,105,432,438,100,51,13,25,114,0,789,132,308,0,507,20,50
"agent NegotiatingAgent #194",NegotiatingAgent,0.154,302,0.569,75,31,1,0,1,59,50,33,106,94,100,1,21,25,26,0,210,36,113,1,154,20,50
"agent NegotiatingAgent #195",NegotiatingAgent,0.278,1762,0.569,75,29,6,0,7,76,50,48,166,161,100,27,7,25,56,0,196,98,191,2,278,20,50
"agent NegotiatingAgent #196",NegotiatingAgent,0.513,8299,0.569,75,104,10,0,10,142,50,107,442,423,100,57,4,25,100,0,601,164,326,3,513,20,50
"agent NegotiatingAgent #197",NegotiatingAgent,0.211,3294,0.569,75,65,4,0,4,72,50,41,207,205,100,8,16,25,50,0,797,48,160,0,211,20,50
"agent NegotiatingAgent #198",NegotiatingAgent,0.476,6579,0.569,75,91,8,0,9,146,50,107,364,335,100,36,5,25,100,0,550,123,274,1,476,20,50
"agent NegotiatingAgent #199",NegotiatingAgent,0.304,5621,0.569,75,74,5,0,5,72,50,65,368,320,100,46,13,25,73,0,438,94,204,2,304,20,50
"agent NegotiatingAgent #200",NegotiatingAgent,0.173,942,0.569,75,25,4,0,4,40,50,39,102,94,100,8,4,25,32,0,243,62,156,3,173,20,50
"agent NegotiatingAgent #201",NegotiatingAgent,0.511,5528,0.569,75,80,6,0,7,156,50,107,328,330,100,29,27,25,116,0,878,132,310,0,511,20,50
"agent NegotiatingAgent #202",NegotiatingAgent,0.472,3168,0.569,75,49,7,0,8,144,50,107,347,337,100,64,3,25,100,0,427,121,272,1,472,20,50
"agent NegotiatingAgent #203",NegotiatingAgent,0.25,2024,0.569,75,41,4,0,5,64,50,46,225,201,100,33,9,25,54,0,214,86,177,2,250,20,50
"agent NegotiatingAgent #204",NegotiatingAgent,0.365,4234,0.569,75,52,3,0,3,100,50,75,363,346,100,73,7,25,68,0,374,122,252,3,365,20,50
"agent NegotiatingAgent #205",NegotiatingAgent,0.483,7054,0.569,75,89,5,0,5,150,50,99,504,473,100,81,20,25,108,0,813,126,296,0,483,20,50
"agent NegotiatingAgent #206",NegotiatingAgent,0.458,3670,0.569,75,49,2,0,4,145,50,99,261,271,100,39,18,25,92,0,316,122,265,1,458,20,50
"agent NegotiatingAgent #207",NegotiatingAgent,0.32,3406,0.569,75,58,6,0,7,82,50,63,356,311,100,61,7,25,71,0,376,104,212,2,320,20,50
"agent NegotiatingAgent #208",NegotiatingAgent,0.273,6527,0.569,75,92,5,0,5,64,50,65,386,324,100,40,7,25,58,0,419,86,206,3,273,20,50
"agent NegotiatingAgent #209",NegotiatingAgent,0.459,2898,0.569,75,56,1,0,3,144,50,93,236,233,100,22,16,25,102,0,640,120,284,0,459,20,50
"agent NegotiatingAgent #210",NegotiatingAgent,0.168,1272,0.569,75,47,4,0,4,58,50,41,241,197,100,32,2,25,34,0,232,35,120,1,168,20,50
"agent NegotiatingAgent #211",NegotiatingAgent,0.114,96,0.569,75,15,2,0,2,24,50,18,73,62,100,7,12,25,26,0,70,46,109,2,114,20,50
"agent NegotiatingAgent #212",NegotiatingAgent,0.301,1924,0.569,75,34,9,0,9,76,50,67,314,293,100,65,3,25,60,0,293,98,220,3,301,20,50
"agent NegotiatingAgent #213",NegotiatingAgent,0.447,3001,0.569,75,46,3,0,3,140,50,91,261,257,100,36,16,25,100,0,598,116,278,0,447,20,50
"agent NegotiatingAgent #214",NegotiatingAgent,0.528,6677,0.569,75,89,8,0,8,164,50,115,391,389,100,54,4,25,108,0,504,141,300,1,528,20,50
"agent NegotiatingAgent #215",NegotiatingAgent,0.568,3638,0.569,75,49,8,0,10,158,50,111,456,421,100,81,20,25,119,0,439,180,336,2,568,20,50
"agent NegotiatingAgent #216",NegotiatingAgent,0.399,5008,0.569,75,59,5,0,6,107,50,85,295,283,100,44,2,25,78,0,335,129,269,3,399,20,50
"agent NegotiatingAgent #217",NegotiatingAgent,0.371,1982,0.569,75,30,1,0,2,120,50,73,295,266,100,53,23,25,82,0,315,96,240,0,371,20,50
"agent NegotiatingAgent #218",NegotiatingAgent,0.514,1364,0.569,75,21,2,0,4,163,50,109,188,191,100,31,24,25,102,0,190,140,293,1,514,20,50
"agent NegotiatingAgent #219",NegotiatingAgent,0.328,2332,0.569,75,31,7,0,8,84,50,65,366,314,100,75,19,25,73,0,373,106,216,2,328,20,50
"agent NegotiatingAgent #220",NegotiatingAgent,0.513,5023,0.569,75,65,9,0,9,146,50,103,585,512,100,123,10,25,96,0,352,168,326,3,513,20,50
"agent NegotiatingAgent #221",NegotiatingAgent,0.211,1266,0.569,75,39,4,0,4,72,50,41,206,196,100,30,17,25,50,0,309,48,160,0,211,20,50
"agent NegotiatingAgent #222",NegotiatingAgent,0.172,1187,0.569,75,20,5,0,5,58,50,43,184,161,100,33,4,25,36,0,236,35,122,1,172,20,50
"agent NegotiatingAgent #223",NegotiatingAgent,0.294,1070,0.569,75,25,4,0,5,74,50,58,225,194,100,40,9,25,66,0,152,96,199,2,294,20,50
"agent NegotiatingAgent #224",NegotiatingAgent,0.385,690,0.569,75,11,4,0,4,106,50,79,253,238,100,70,3,25,72,0,147,128,262,3,385,20,50
"agent NegotiatingAgent #225",NegotiatingAgent,0.495,3292,0.569,75,38,7,0,7,156,50,99,470,409,100,94,26,25,108,0,495,132,302,0,495,20,50
"agent NegotiatingAgent #226",NegotiatingAgent,0.432,2451,0.569,75,48,5,0,6,136,50,95,317,297,100,56,8,25,88,0,270,113,252,1,432,20,50
"agent NegotiatingAgent #227",NegotiatingAgent,0.13,276,0.569,75,8,3,0,3,28,50,22,87,78,100,19,10,25,30,0,71,50,117,2,130,20,50
"agent NegotiatingAgent #228",NegotiatingAgent,0.169,64,0.569,75,6,3,0,3,44,50,33,69,64,100,14,9,25,26,0,54,66,154,3,169,20,50
"agent NegotiatingAgent #229",NegotiatingAgent,0.107,0,0.569,75,5,0,0,0,44,50,17,72,53,100,0,22,25,26,0,279,20,108,0,107,20,50
"agent NegotiatingAgent #230",NegotiatingAgent,0.244,407,0.569,75,9,4,0,4,82,50,55,163,174,100,30,16,25,48,0,164,59,158,1,244,20,50
"agent NegotiatingAgent #231",NegotiatingAgent,0.556,2701,0.569,75,31,8,0,9,150,50,113,499,454,100,113,17,25,121,0,382,172,330,2,556,20,50
"agent NegotiatingAgent #232",NegotiatingAgent,0.293,794,0.569,75,16,6,0,6,82,50,57,192,191,100,44,7,25,50,0,107,104,216,3,293,20,50
"agent NegotiatingAgent #233",NegotiatingAgent,0.471,1812,0.569,75,32,4,0,5,148,50,95,322,323,100,61,26,25,104,0,434,124,290,0,471,20,50
"agent NegotiatingAgent #234",NegotiatingAgent,0.524,2180,0.569,75,26,7,0,7,162,50,115,391,394,100,102,3,25,108,0,374,139,298,1,524,20,50
"agent NegotiatingAgent #235",NegotiatingAgent,0.528,1114,0.569,75,15,7,0,7,148,50,101,384,365,100,80,16,25,109,0,284,170,316,2,528,20,50
"agent NegotiatingAgent #236",NegotiatingAgent,0.553,2125,0.569,75,26,7,0,8,152,50,117,335,358,100,92,3,25,110,0,187,174,346,3,553,20,50
"agent NegotiatingAgent #237",NegotiatingAgent,0.215,146,0.569,75,3,4,0,4,76,50,39,211,162,100,36,34,25,48,0,232,52,162,0,215,20,50
"agent NegotiatingAgent #238",NegotiatingAgent,0.438,1674,0.569,75,22,5,0,6,136,50,98,333,316,100,81,8,25,91,0,262,113,255,1,438,20,50
"agent NegotiatingAgent #239",NegotiatingAgent,0.29,192,0.569,75,3,3,0,4,74,50,56,193,170,100,49,12,25,64,0,42,96,197,2,290,20,50
"agent NegotiatingAgent #240",NegotiatingAgent,0.477,356,0.569,75,5,7,0,7,128,50,103,304,308,100,88,13,25,96,0,125,150,308,3,477,20,50
"agent NegotiatingAgent #241",NegotiatingAgent,0.371,1914,0.569,75,23,1,0,2,120,50,73,307,271,100,50,34,25,82,0,226,96,240,0,371,20,50
"agent NegotiatingAgent #242",NegotiatingAgent,0.548,428,0.569,75,6,7,0,8,166,50,123,375,370,100,106,2,25,116,0,144,143,310,1,548,20,50
"agent NegotiatingAgent #243",NegotiatingAgent,0.324,1413,0.569,75,24,7,0,7,84,50,63,405,325,100,78,17,25,71,0,190,106,214,2,324,20,50
"agent NegotiatingAgent #244",NegotiatingAgent,0.145,476,0.569,75,7,1,0,1,30,50,35,118,99,100,23,4,25,28,0,89,52,142,3,145,20,50
"agent NegotiatingAgent #245",NegotiatingAgent,0.491,92,0.569,75,1,3,0,4,152,50,101,310,289,100,79,22,25,110,0,192,128,300,0,491,20,50
"agent NegotiatingAgent #246",NegotiatingAgent,0.354,290,0.569,75,4,3,0,4,113,50,79,262,235,100,78,3,25,72,0,55,90,213,1,354,20,50
"agent NegotiatingAgent #247",NegotiatingAgent,0.304,100,0.569,75,1,5,0,5,80,50,57,290,239,100,71,19,25,65,0,67,102,204,2,304,20,50
"agent NegotiatingAgent #248",NegotiatingAgent,0.317,86,0.569,75,1,1,0,2,86,50,65,204,163,100,48,14,25,58,0,43,108,228,3,317,20,50
"agent NegotiatingAgent #249",NegotiatingAgent,0.371,98,0.569,75,1,1,0,2,120,50,73,329,276,100,81,19,25,82,0,79,96,240,0,371,20,50
"agent NegotiatingAgent #250",NegotiatingAgent,0.512,0,0.569,75,0,5,0,6,158,50,113,387,341,100,109,9,25,106,0,92,135,292,1,512,20,50
