agentName,agentType,averageSpeed,cumulatedUtilityReceived,freeWallRatio,numBacktrackAgents,numCFPAnswered,numDeadends,numDifferentEncounters,numDirectionChanges,numDownSteps,numForwardAgents,numLeftSteps,numMessagesReceived,numMessagesSent,numNegotiatingAgents,numProposalsAccepted,numProposalsRejected,numRandomAgents,numRightSteps,numSwarmAgents,numTotalEncounters,numUpSteps,numVisitedCells,startingPosition,stepsToExit,xsize,ysize
"agent BacktrackAgent #1",BacktrackAgent,0.087,0,0.569,50,0,0,0,0,34,75,18,0,0,25,0,0,100,26,0,2086,9,88,0,87,20,50
"agent BacktrackAgent #2",BacktrackAgent,0.486,0,0.569,50,0,15,0,15,145,75,114,0,0,25,0,0,100,106,0,1608,121,284,1,486,20,50
"agent BacktrackAgent #3",BacktrackAgent,0.194,0,0.569,50,0,6,0,6,37,75,46,0,0,25,0,0,100,53,0,740,58,149,2,194,20,50
"agent BacktrackAgent #4",BacktrackAgent,0.199,0,0.569,50,0,9,0,9,37,75,56,0,0,25,0,0,100,48,0,619,58,160,3,199,20,50
"agent BacktrackAgent #5",BacktrackAgent,0.159,0,0.569,50,0,4,0,4,60,75,28,0,0,25,0,0,100,36,0,1359,35,124,0,159,20,50
"agent BacktrackAgent #6",BacktrackAgent,0.114,0,0.569,50,0,6,0,6,39,75,34,0,0,25,0,0,100,26,0,396,15,98,1,114,20,50
"agent BacktrackAgent #7",BacktrackAgent,0.218,0,0.569,50,0,7,0,7,41,75,54,0,0,25,0,0,100,61,0,551,62,161,2,218,20,50
"agent BacktrackAgent #8",BacktrackAgent,0.435,0,0.569,50,0,12,0,12,113,75,98,0,0,25,0,0,100,90,0,716,134,278,3,435,20,50
"agent BacktrackAgent #9",BacktrackAgent,0.087,0,0.569,50,0,0,0,0,34,75,18,0,0,25,0,0,100,26,0,1482,9,88,0,87,20,50
"agent BacktrackAgent #10",BacktrackAgent,0.412,0,0.569,50,0,12,0,12,118,75,104,0,0,25,0,0,100,96,0,920,94,247,1,412,20,50
"agent BacktrackAgent #11",BacktrackAgent,0.5,0,0.569,50,0,18,0,18,127,75,109,0,0,25,0,0,100,116,0,1667,148,302,2,500,20,50
"agent BacktrackAgent #12",BacktrackAgent,0.379,0,0.569,50,0,17,0,17,95,75,88,0,0,25,0,0,100,80,0,1113,116,250,3,379,20,50
"agent BacktrackAgent #13",BacktrackAgent,0.159,0,0.569,50,0,4,0,4,60,75,28,0,0,25,0,0,100,36,0,2556,35,124,0,159,20,50
"agent BacktrackAgent #14",BacktrackAgent,0.188,0,0.569,50,0,8,0,8,68,75,42,0,0,25,0,0,100,34,0,936,44,135,1,188,20,50
"agent BacktrackAgent #15",BacktrackAgent,0.106,0,0.569,50,0,1,0,1,15,75,24,0,0,25,0,0,100,31,0,868,36,105,2,106,20,50
"agent BacktrackAgent #16",BacktrackAgent,0.187,0,0.569,50,0,6,0,6,35,75,52,0,0,25,0,0,100,44,0,785,56,154,3,187,20,50
"agent BacktrackAgent #17",BacktrackAgent,0.159,0,0.569,50,0,4,0,4,60,75,28,0,0,25,0,0,100,36,0,2433,35,124,0,159,20,50
"agent BacktrackAgent #18",BacktrackAgent,0.174,0,0.569,50,0,6,0,6,65,75,38,0,0,25,0,0,100,30,0,1311,41,128,1,174,20,50
"agent BacktrackAgent #19",BacktrackAgent,0.394,0,0.569,50,0,15,0,15,99,75,84,0,0,25,0,0,100,91,0,1513,120,249,2,394,20,50
"agent BacktrackAgent #20",BacktrackAgent,0.163,0,0.569,50,0,5,0,5,31,75,44,0,0,25,0,0,100,36,0,649,52,142,3,163,20,50
"agent BacktrackAgent #21",BacktrackAgent,0.159,0,0.569,50,0,4,0,4,60,75,28,0,0,25,0,0,100,36,0,2188,35,124,0,159,20,50
"agent BacktrackAgent #22",BacktrackAgent,0.472,0,0.569,50,0,13,0,13,140,75,112,0,0,25,0,0,100,104,0,1239,116,277,1,472,20,50
"agent BacktrackAgent #23",BacktrackAgent,0.212,0,0.569,50,0,4,0,4,45,75,47,0,0,25,0,0,100,54,0,840,66,158,2,212,20,50
"agent BacktrackAgent #24",BacktrackAgent,0.379,0,0.569,50,0,14,0,14,97,75,86,0,0,25,0,0,100,78,0,845,118,250,3,379,20,50
"agent BacktrackAgent #25",BacktrackAgent,0.159,0,0.569,50,0,4,0,4,60,75,28,0,0,25,0,0,100,36,0,2113,35,124,0,159,20,50
"agent BacktrackAgent #26",BacktrackAgent,0.106,0,0.569,50,0,3,0,3,39,75,30,0,0,25,0,0,100,22,0,393,15,94,1,106,20,50
"agent BacktrackAgent #27",BacktrackAgent,0.218,0,0.569,50,0,7,0,7,41,75,54,0,0,25,0,0,100,61,0,994,62,161,2,218,20,50
"agent BacktrackAgent #28",BacktrackAgent,0.183,0,0.569,50,0,6,0,6,33,75,52,0,0,25,0,0,100,44,0,461,54,152,3,183,20,50
"agent BacktrackAgent #29",BacktrackAgent,0.087,0,0.569,50,0,0,0,0,34,75,18,0,0,25,0,0,100,26,0,1899,9,88,0,87,20,50
"agent BacktrackAgent #30",BacktrackAgent,0.5,0,0.569,50,0,16,0,16,148,75,118,0,0,25,0,0,100,110,0,1242,124,291,1,500,20,50
"agent BacktrackAgent #31",BacktrackAgent,0.118,0,0.569,50,0,3,0,3,17,75,28,0,0,25,0,0,100,35,0,694,38,111,2,118,20,50
"agent BacktrackAgent #32",BacktrackAgent,0.159,0,0.569,50,0,4,0,4,25,75,48,0,0,25,0,0,100,40,0,359,46,140,3,159,20,50
"agent BacktrackAgent #33",BacktrackAgent,0.087,0,0.569,50,0,0,0,0,34,75,18,0,0,25,0,0,100,26,0,1812,9,88,0,87,20,50
"agent BacktrackAgent #34",BacktrackAgent,0.16,0,0.569,50,0,5,0,5,64,75,32,0,0,25,0,0,100,24,0,568,40,121,1,160,20,50
"agent BacktrackAgent #35",BacktrackAgent,0.312,0,0.569,50,0,11,0,11,65,75,77,0,0,25,0,0,100,84,0,1081,86,208,2,312,20,50
"agent BacktrackAgent #36",BacktrackAgent,0.263,0,0.569,50,0,8,0,8,49,75,76,0,0,25,0,0,100,68,0,851,70,192,3,263,20,50
"agent BacktrackAgent #37",BacktrackAgent,0.159,0,0.569,50,0,4,0,4,60,75,28,0,0,25,0,0,100,36,0,1820,35,124,0,159,20,50
"agent BacktrackAgent #38",BacktrackAgent,0.186,0,0.569,50,0,8,0,8,69,75,40,0,0,25,0,0,100,32,0,915,45,134,1,186,20,50
"agent BacktrackAgent #39",BacktrackAgent,0.396,0,0.569,50,0,13,0,13,103,75,81,0,0,25,0,0,100,88,0,1025,124,250,2,396,20,50
"agent BacktrackAgent #40",BacktrackAgent,0.467,0,0.569,50,0,15,0,15,117,75,110,0,0,25,0,0,100,102,0,899,138,294,3,467,20,50
"agent BacktrackAgent #41",BacktrackAgent,0.159,0,0.569,50,0,4,0,4,60,75,28,0,0,25,0,0,100,36,0,1720,35,124,0,159,20,50
"agent BacktrackAgent #42",BacktrackAgent,0.124,0,0.569,50,0,3,0,3,44,75,34,0,0,25,0,0,100,26,0,234,20,103,1,124,20,50
"agent BacktrackAgent #43",BacktrackAgent,0.406,0,0.569,50,0,17,0,17,101,75,88,0,0,25,0,0,100,95,0,1024,122,255,2,406,20,50
"agent BacktrackAgent #44",BacktrackAgent,0.263,0,0.569,50,0,8,0,8,55,75,70,0,0,25,0,0,100,62,0,510,76,192,3,263,20,50
"agent BacktrackAgent #45",BacktrackAgent,0.159,0,0.569,50,0,4,0,4,60,75,28,0,0,25,0,0,100,36,0,1629,35,124,0,159,20,50
"agent BacktrackAgent #46",BacktrackAgent,0.436,0,0.569,50,0,13,0,13,124,75,110,0,0,25,0,0,100,102,0,763,100,259,1,436,20,50
"agent BacktrackAgent #47",BacktrackAgent,0.308,0,0.569,50,0,10,0,10,63,75,77,0,0,25,0,0,100,84,0,749,84,206,2,308,20,50
"agent BacktrackAgent #48",BacktrackAgent,0.443,0,0.569,50,0,14,0,14,115,75,100,0,0,25,0,0,100,92,0,733,136,282,3,443,20,50
"agent BacktrackAgent #49",BacktrackAgent,0.159,0,0.569,50,0,4,0,4,60,75,28,0,0,25,0,0,100,36,0,1444,35,124,0,159,20,50
"agent BacktrackAgent #50",BacktrackAgent,0.424,0,0.569,50,0,12,0,12,118,75,110,0,0,25,0,0,100,102,0,764,94,253,1,424,20,50
"agent ForwardAgent #51",ForwardAgent,0.166,0,0.569,50,0,4,0,4,29,75,40,0,0,25,0,0,100,47,0,289,50,135,2,166,20,50
"agent ForwardAgent #52",ForwardAgent,0.391,0,0.569,50,0,18,0,18,95,75,94,0,0,25,0,0,100,86,0,898,116,190,3,391,20,50
"agent ForwardAgent #53",ForwardAgent,0.231,0,0.569,50,0,3,0,3,70,75,54,0,0,25,0,0,100,62,0,953,45,112,0,231,20,50
"agent ForwardAgent #54",ForwardAgent,0.446,0,0.569,50,0,17,0,17,153,75,86,0,0,25,0,0,100,78,0,934,129,130,1,446,20,50
"agent ForwardAgent #55",ForwardAgent,0.18,0,0.569,50,0,2,0,2,33,75,43,0,0,25,0,0,100,50,0,500,54,142,2,180,20,50
"agent ForwardAgent #56",ForwardAgent,2.735,0,0.569,50,0,94,0,94,723,75,638,0,0,25,0,0,100,630,0,2877,744,298,3,2735,20,50
"agent ForwardAgent #57",ForwardAgent,0.087,0,0.569,50,0,0,0,0,34,75,18,0,0,25,0,0,100,26,0,889,9,88,0,87,20,50
"agent ForwardAgent #58",ForwardAgent,2.888,0,0.569,50,0,91,0,91,756,75,704,0,0,25,0,0,100,696,0,3241,732,292,1,2888,20,50
"agent ForwardAgent #59",ForwardAgent,0.102,0,0.569,50,0,0,0,0,15,75,22,0,0,25,0,0,100,29,0,517,36,103,2,102,20,50
"agent ForwardAgent #60",ForwardAgent,2.295,0,0.569,50,0,72,0,72,617,75,524,0,0,25,0,0,100,516,0,2435,638,304,3,2295,20,50
"agent ForwardAgent #61",ForwardAgent,0.323,0,0.569,50,0,13,0,13,102,75,68,0,0,25,0,0,100,76,0,932,77,124,0,323,20,50
"agent ForwardAgent #62",ForwardAgent,0.638,0,0.569,50,0,27,0,27,211,75,124,0,0,25,0,0,100,116,0,958,187,166,1,638,20,50
"agent ForwardAgent #63",ForwardAgent,0.59,0,0.569,50,0,16,0,16,137,75,144,0,0,25,0,0,100,151,0,900,158,222,2,590,20,50
"agent ForwardAgent #64",ForwardAgent,2.131,0,0.569,50,0,78,0,78,619,75,440,0,0,25,0,0,100,432,0,2174,640,308,3,2131,20,50
"agent ForwardAgent #65",ForwardAgent,0.087,0,0.569,50,0,0,0,0,34,75,18,0,0,25,0,0,100,26,0,753,9,88,0,87,20,50
"agent ForwardAgent #66",ForwardAgent,0.166,0,0.569,50,0,7,0,7,63,75,36,0,0,25,0,0,100,28,0,524,39,122,1,166,20,50
"agent ForwardAgent #67",ForwardAgent,0.38,0,0.569,50,0,7,0,7,93,75,83,0,0,25,0,0,100,90,0,516,114,200,2,380,20,50
"agent ForwardAgent #68",ForwardAgent,0.763,0,0.569,50,0,35,0,35,171,75,204,0,0,25,0,0,100,196,0,1199,192,230,3,763,20,50
"agent ForwardAgent #69",ForwardAgent,0.087,0,0.569,50,0,0,0,0,34,75,18,0,0,25,0,0,100,26,0,666,9,88,0,87,20,50
"agent ForwardAgent #70",ForwardAgent,1.028,0,0.569,50,0,36,0,36,304,75,226,0,0,25,0,0,100,218,0,1468,280,302,1,1028,20,50
"agent ForwardAgent #71",ForwardAgent,1.54,0,0.569,50,0,49,0,49,397,75,359,0,0,25,0,0,100,366,0,1546,418,302,2,1540,20,50
"agent ForwardAgent #72",ForwardAgent,0.151,0,0.569,50,0,2,0,2,27,75,42,0,0,25,0,0,100,34,0,251,48,136,3,151,20,50
"agent ForwardAgent #73",ForwardAgent,0.187,0,0.569,50,0,6,0,6,72,75,30,0,0,25,0,0,100,38,0,551,47,118,0,187,20,50
"agent ForwardAgent #74",ForwardAgent,2.404,0,0.569,50,0,106,0,106,734,75,484,0,0,25,0,0,100,476,0,2934,710,284,1,2404,20,50
"agent ForwardAgent #75",ForwardAgent,0.386,0,0.569,50,0,9,0,9,85,75,94,0,0,25,0,0,100,101,0,644,106,188,2,386,20,50
"agent ForwardAgent #76",ForwardAgent,2.647,0,0.569,50,0,105,0,105,751,75,566,0,0,25,0,0,100,558,0,2000,772,308,3,2647,20,50
"agent ForwardAgent #77",ForwardAgent,0.087,0,0.569,50,0,0,0,0,34,75,18,0,0,25,0,0,100,26,0,530,9,88,0,87,20,50
"agent ForwardAgent #78",ForwardAgent,1.252,0,0.569,50,0,53,0,53,436,75,206,0,0,25,0,0,100,198,0,1618,412,224,1,1252,20,50
"agent ForwardAgent #79",ForwardAgent,1.802,0,0.569,50,0,65,0,65,511,75,376,0,0,25,0,0,100,383,0,2445,532,286,2,1802,20,50
"agent ForwardAgent #80",ForwardAgent,1.391,0,0.569,50,0,33,0,33,345,75,344,0,0,25,0,0,100,336,0,1692,366,250,3,1391,20,50
"agent ForwardAgent #81",ForwardAgent,0.087,0,0.569,50,0,0,0,0,34,75,18,0,0,25,0,0,100,26,0,443,9,88,0,87,20,50
"agent ForwardAgent #82",ForwardAgent,0.23,0,0.569,50,0,8,0,8,77,75,54,0,0,25,0,0,100,46,0,330,53,140,1,230,20,50
"agent ForwardAgent #83",ForwardAgent,1.608,0,0.569,50,0,67,0,67,453,75,337,0,0,25,0,0,100,344,0,1902,474,294,2,1608,20,50
"agent ForwardAgent #84",ForwardAgent,1.131,0,0.569,50,0,57,0,57,309,75,250,0,0,25,0,0,100,242,0,1302,330,260,3,1131,20,50
"agent ForwardAgent #85",ForwardAgent,0.623,0,0.569,50,0,14,0,14,188,75,132,0,0,25,0,0,100,140,0,996,163,124,0,623,20,50
"agent ForwardAgent #86",ForwardAgent,5.922,0,0.569,50,0,236,0,236,1833,75,1144,0,0,25,0,0,100,1136,0,4740,1809,308,1,5922,20,50
"agent ForwardAgent #87",ForwardAgent,0.582,0,0.569,50,0,14,0,14,139,75,138,0,0,25,0,0,100,145,0,540,160,204,2,582,20,50
"agent ForwardAgent #88",ForwardAgent,0.195,0,0.569,50,0,5,0,5,39,75,52,0,0,25,0,0,100,44,0,350,60,150,3,195,20,50
"agent ForwardAgent #89",ForwardAgent,0.583,0,0.569,50,0,21,0,21,190,75,110,0,0,25,0,0,100,118,0,712,165,124,0,583,20,50
"agent ForwardAgent #90",ForwardAgent,0.11,0,0.569,50,0,3,0,3,41,75,30,0,0,25,0,0,100,22,0,218,17,96,1,110,20,50
"agent ForwardAgent #91",ForwardAgent,0.31,0,0.569,50,0,5,0,5,69,75,72,0,0,25,0,0,100,79,0,375,90,154,2,310,20,50
"agent ForwardAgent #92",ForwardAgent,0.343,0,0.569,50,0,12,0,12,83,75,82,0,0,25,0,0,100,74,0,528,104,196,3,343,20,50
"agent ForwardAgent #93",ForwardAgent,0.127,0,0.569,50,0,1,0,1,50,75,22,0,0,25,0,0,100,30,0,223,25,108,0,127,20,50
"agent ForwardAgent #94",ForwardAgent,0.618,0,0.569,50,0,25,0,25,179,75,146,0,0,25,0,0,100,138,0,759,155,256,1,618,20,50
"agent ForwardAgent #95",ForwardAgent,0.414,0,0.569,50,0,16,0,16,85,75,108,0,0,25,0,0,100,115,0,371,106,177,2,414,20,50
"agent ForwardAgent #96",ForwardAgent,0.427,0,0.569,50,0,14,0,14,125,75,82,0,0,25,0,0,100,74,0,467,146,220,3,427,20,50
"agent ForwardAgent #97",ForwardAgent,0.087,0,0.569,50,0,0,0,0,34,75,18,0,0,25,0,0,100,26,0,209,9,88,0,87,20,50
"agent ForwardAgent #98",ForwardAgent,0.542,0,0.569,50,0,24,0,24,177,75,110,0,0,25,0,0,100,102,0,836,153,156,1,542,20,50
"agent ForwardAgent #99",ForwardAgent,0.378,0,0.569,50,0,11,0,11,107,75,68,0,0,25,0,0,100,75,0,488,128,203,2,378,20,50
"agent ForwardAgent #100",ForwardAgent,4.383,0,0.569,50,0,156,0,156,1097,75,1088,0,0,25,0,0,100,1080,0,5221,1118,308,3,4383,20,50
"agent ForwardAgent #101",ForwardAgent,0.087,0,0.569,50,0,0,0,0,34,75,18,0,0,25,0,0,100,26,0,1383,9,88,0,87,20,50
"agent ForwardAgent #102",ForwardAgent,0.178,0,0.569,50,0,9,0,9,57,75,48,0,0,25,0,0,100,40,0,423,33,116,1,178,20,50
"agent ForwardAgent #103",ForwardAgent,1.238,0,0.569,50,0,49,0,49,371,75,234,0,0,25,0,0,100,241,0,2202,392,263,2,1238,20,50
"agent ForwardAgent #104",ForwardAgent,0.647,0,0.569,50,0,21,0,21,171,75,146,0,0,25,0,0,100,138,0,810,192,298,3,647,20,50
"agent ForwardAgent #105",ForwardAgent,0.271,0,0.569,50,0,4,0,4,84,75,60,0,0,25,0,0,100,68,0,1491,59,116,0,271,20,50
"agent ForwardAgent #106",ForwardAgent,1.06,0,0.569,50,0,39,0,39,302,75,244,0,0,25,0,0,100,236,0,1880,278,288,1,1060,20,50
"agent ForwardAgent #107",ForwardAgent,1.446,0,0.569,50,0,74,0,74,431,75,278,0,0,25,0,0,100,285,0,2430,452,265,2,1446,20,50
"agent ForwardAgent #108",ForwardAgent,0.567,0,0.569,50,0,16,0,16,139,75,138,0,0,25,0,0,100,130,0,1176,160,198,3,567,20,50
"agent ForwardAgent #109",ForwardAgent,0.431,0,0.569,50,0,15,0,15,144,75,80,0,0,25,0,0,100,88,0,1309,119,124,0,431,20,50
"agent ForwardAgent #110",ForwardAgent,0.228,0,0.569,50,0,6,0,6,86,75,44,0,0,25,0,0,100,36,0,535,62,135,1,228,20,50
"agent ForwardAgent #111",ForwardAgent,0.294,0,0.569,50,0,9,0,9,59,75,74,0,0,25,0,0,100,81,0,509,80,173,2,294,20,50
"agent ForwardAgent #112",ForwardAgent,0.443,0,0.569,50,0,18,0,18,103,75,112,0,0,25,0,0,100,104,0,856,124,226,3,443,20,50
"agent ForwardAgent #113",ForwardAgent,0.271,0,0.569,50,0,4,0,4,88,75,56,0,0,25,0,0,100,64,0,1175,63,122,0,271,20,50
"agent ForwardAgent #114",ForwardAgent,2.162,0,0.569,50,0,94,0,94,667,75,430,0,0,25,0,0,100,422,0,3042,643,302,1,2162,20,50
"agent ForwardAgent #115",ForwardAgent,1.27,0,0.569,50,0,52,0,52,339,75,282,0,0,25,0,0,100,289,0,1660,360,239,2,1270,20,50
"agent ForwardAgent #116",ForwardAgent,2.319,0,0.569,50,0,67,0,67,571,75,582,0,0,25,0,0,100,574,0,2970,592,222,3,2319,20,50
"agent ForwardAgent #117",ForwardAgent,0.087,0,0.569,50,0,0,0,0,34,75,18,0,0,25,0,0,100,26,0,1149,9,88,0,87,20,50
"agent ForwardAgent #118",ForwardAgent,0.242,0,0.569,50,0,12,0,12,93,75,44,0,0,25,0,0,100,36,0,697,69,130,1,242,20,50
"agent ForwardAgent #119",ForwardAgent,1.04,0,0.569,50,0,37,0,37,293,75,213,0,0,25,0,0,100,220,0,1784,314,288,2,1040,20,50
"agent ForwardAgent #120",ForwardAgent,0.879,0,0.569,50,0,31,0,31,227,75,206,0,0,25,0,0,100,198,0,1191,248,232,3,879,20,50
"agent ForwardAgent #121",ForwardAgent,0.163,0,0.569,50,0,5,0,5,62,75,28,0,0,25,0,0,100,36,0,959,37,118,0,163,20,50
"agent ForwardAgent #122",ForwardAgent,0.268,0,0.569,50,0,5,0,5,94,75,56,0,0,25,0,0,100,48,0,326,70,139,1,268,20,50
"agent ForwardAgent #123",ForwardAgent,1.456,0,0.569,50,0,49,0,49,383,75,331,0,0,25,0,0,100,338,0,2127,404,308,2,1456,20,50
"agent ForwardAgent #124",ForwardAgent,0.583,0,0.569,50,0,19,0,19,131,75,154,0,0,25,0,0,100,146,0,956,152,246,3,583,20,50
"agent ForwardAgent #125",ForwardAgent,0.087,0,0.569,50,0,0,0,0,34,75,18,0,0,25,0,0,100,26,0,1013,9,88,0,87,20,50
"agent RandomAgent #126",RandomAgent,24.25,0,0.569,50,0,1146,0,12163,7791,75,4350,0,0,25,0,0,100,4342,0,12957,7767,206,1,24250,20,50
"agent RandomAgent #127",RandomAgent,11.584,0,0.569,50,0,421,0,5787,3112,75,2666,0,0,25,0,0,100,2673,0,7819,3133,239,2,11584,20,50
"agent RandomAgent #128",RandomAgent,77.877,0,0.569,50,0,2990,0,39177,20438,75,18494,0,0,25,0,0,100,18486,0,33369,20459,295,3,77877,20,50
"agent RandomAgent #129",RandomAgent,2.851,0,0.569,50,0,86,0,1432,452,75,982,0,0,25,0,0,100,990,0,5836,427,89,0,2851,20,50
"agent RandomAgent #130",RandomAgent,9.024,0,0.569,50,0,337,0,4495,2840,75,1688,0,0,25,0,0,100,1680,0,6374,2816,184,1,9024,20,50
"agent RandomAgent #131",RandomAgent,122.842,0,0.569,50,0,4393,0,61431,33173,75,28234,0,0,25,0,0,100,28241,0,34829,33194,308,2,122842,20,50
"agent RandomAgent #132",RandomAgent,4.645,0,0.569,50,0,72,0,2312,1039,75,1277,0,0,25,0,0,100,1269,0,4111,1060,171,3,4645,20,50
"agent RandomAgent #133",RandomAgent,4.047,0,0.569,50,0,73,0,2047,1173,75,859,0,0,25,0,0,100,867,0,5066,1148,124,0,4047,20,50
"agent RandomAgent #134",RandomAgent,43.19,0,0.569,50,0,1705,0,21740,12353,75,9258,0,0,25,0,0,100,9250,0,26023,12329,301,1,43190,20,50
"agent RandomAgent #135",RandomAgent,3.464,0,0.569,50,0,40,0,1746,861,75,857,0,0,25,0,0,100,864,0,1908,882,141,2,3464,20,50
"agent RandomAgent #136",RandomAgent,12.119,0,0.569,50,0,367,0,6084,2897,75,3156,0,0,25,0,0,100,3148,0,9763,2918,211,3,12119,20,50
"agent RandomAgent #137",RandomAgent,4.145,0,0.569,50,0,76,0,2092,1083,75,998,0,0,25,0,0,100,1006,0,5577,1058,116,0,4145,20,50
"agent RandomAgent #138",RandomAgent,63.236,0,0.569,50,0,1977,0,31785,17195,75,14439,0,0,25,0,0,100,14431,0,23763,17171,308,1,63236,20,50
"agent RandomAgent #139",RandomAgent,88.4,0,0.569,50,0,2965,0,44582,22882,75,21304,0,0,25,0,0,100,21311,0,37498,22903,298,2,88400,20,50
"agent RandomAgent #140",RandomAgent,56.825,0,0.569,50,0,1938,0,28721,13685,75,14721,0,0,25,0,0,100,14713,0,27444,13706,219,3,56825,20,50
"agent RandomAgent #141",RandomAgent,5.363,0,0.569,50,0,102,0,2700,953,75,1737,0,0,25,0,0,100,1745,0,7332,928,95,0,5363,20,50
"agent RandomAgent #142",RandomAgent,3.532,0,0.569,50,0,203,0,1774,1019,75,763,0,0,25,0,0,100,755,0,3460,995,126,1,3532,20,50
"agent RandomAgent #143",RandomAgent,6.384,0,0.569,50,0,162,0,3189,1703,75,1475,0,0,25,0,0,100,1482,0,3766,1724,217,2,6384,20,50
"agent RandomAgent #144",RandomAgent,97.421,0,0.569,50,0,3861,0,48737,24509,75,24195,0,0,25,0,0,100,24187,0,28916,24530,247,3,97421,20,50
"agent RandomAgent #145",RandomAgent,3.731,0,0.569,50,0,30,0,1868,888,75,986,0,0,25,0,0,100,994,0,4679,863,88,0,3731,20,50
"agent RandomAgent #146",RandomAgent,46.332,0,0.569,50,0,1639,0,23143,12254,75,10928,0,0,25,0,0,100,10920,0,20505,12230,277,1,46332,20,50
"agent RandomAgent #147",RandomAgent,31.046,0,0.569,50,0,996,0,15514,8848,75,6661,0,0,25,0,0,100,6668,0,15281,8869,295,2,31046,20,50
"agent RandomAgent #148",RandomAgent,22.727,0,0.569,50,0,584,0,11418,5484,75,5873,0,0,25,0,0,100,5865,0,15133,5505,214,3,22727,20,50
"agent RandomAgent #149",RandomAgent,29.935,0,0.569,50,0,610,0,15159,7771,75,7205,0,0,25,0,0,100,7213,0,8411,7746,124,0,29935,20,50
"agent RandomAgent #150",RandomAgent,25.548,0,0.569,50,0,803,0,12831,6348,75,6442,0,0,25,0,0,100,6434,0,17391,6324,269,1,25548,20,50
"agent RandomAgent #151",RandomAgent,118.288,0,0.569,50,0,3948,0,59345,30674,75,28456,0,0,25,0,0,100,28463,0,27951,30695,308,2,118288,20,50
"agent RandomAgent #152",RandomAgent,36.017,0,0.569,50,0,1416,0,18006,10399,75,7603,0,0,25,0,0,100,7595,0,11693,10420,270,3,36017,20,50
"agent RandomAgent #153",RandomAgent,5.337,0,0.569,50,0,78,0,2669,1770,75,907,0,0,25,0,0,100,915,0,3966,1745,124,0,5337,20,50
"agent RandomAgent #154",RandomAgent,1.7,0,0.569,50,0,88,0,875,397,75,469,0,0,25,0,0,100,461,0,845,373,123,1,1700,20,50
"agent RandomAgent #155",RandomAgent,45.998,0,0.569,50,0,1305,0,22938,11348,75,11637,0,0,25,0,0,100,11644,0,23582,11369,273,2,45998,20,50
"agent RandomAgent #156",RandomAgent,50.207,0,0.569,50,0,1573,0,25035,13878,75,11219,0,0,25,0,0,100,11211,0,14605,13899,303,3,50207,20,50
"agent RandomAgent #157",RandomAgent,46.275,0,0.569,50,0,1039,0,23184,12847,75,10299,0,0,25,0,0,100,10307,0,9247,12822,124,0,46275,20,50
"agent RandomAgent #158",RandomAgent,50.454,0,0.569,50,0,1679,0,25444,14270,75,10973,0,0,25,0,0,100,10965,0,14616,14246,298,1,50454,20,50
"agent RandomAgent #159",RandomAgent,56.178,0,0.569,50,0,1222,0,28189,13472,75,14603,0,0,25,0,0,100,14610,0,23296,13493,215,2,56178,20,50
"agent RandomAgent #160",RandomAgent,24.067,0,0.569,50,0,664,0,12077,6077,75,5950,0,0,25,0,0,100,5942,0,12945,6098,264,3,24067,20,50
"agent RandomAgent #161",RandomAgent,18.177,0,0.569,50,0,543,0,9209,4731,75,4366,0,0,25,0,0,100,4374,0,7070,4706,124,0,18177,20,50
"agent RandomAgent #162",RandomAgent,23.086,0,0.569,50,0,862,0,11508,5944,75,5615,0,0,25,0,0,100,5607,0,11999,5920,292,1,23086,20,50
"agent RandomAgent #163",RandomAgent,36.56,0,0.569,50,0,1089,0,18218,9290,75,8976,0,0,25,0,0,100,8983,0,15632,9311,308,2,36560,20,50
"agent RandomAgent #164",RandomAgent,17.283,0,0.569,50,0,654,0,8681,4938,75,3697,0,0,25,0,0,100,3689,0,6431,4959,272,3,17283,20,50
"agent RandomAgent #165",RandomAgent,4.457,0,0.569,50,0,60,0,2246,858,75,1379,0,0,25,0,0,100,1387,0,4354,833,93,0,4457,20,50
"agent RandomAgent #166",RandomAgent,26.454,0,0.569,50,0,730,0,13119,7151,75,6092,0,0,25,0,0,100,6084,0,10440,7127,292,1,26454,20,50
"agent RandomAgent #167",RandomAgent,44.262,0,0.569,50,0,1494,0,22367,10969,75,11148,0,0,25,0,0,100,11155,0,17661,10990,306,2,44262,20,50
"agent RandomAgent #168",RandomAgent,51.745,0,0.569,50,0,1871,0,26090,14422,75,11444,0,0,25,0,0,100,11436,0,14865,14443,298,3,51745,20,50
"agent RandomAgent #169",RandomAgent,6.341,0,0.569,50,0,60,0,3248,1366,75,1813,0,0,25,0,0,100,1821,0,4973,1341,107,0,6341,20,50
"agent RandomAgent #170",RandomAgent,15.204,0,0.569,50,0,591,0,7674,4681,75,2937,0,0,25,0,0,100,2929,0,5176,4657,169,1,15204,20,50
"agent RandomAgent #171",RandomAgent,4.074,0,0.569,50,0,112,0,2060,1016,75,1007,0,0,25,0,0,100,1014,0,1812,1037,169,2,4074,20,50
"agent RandomAgent #172",RandomAgent,6.561,0,0.569,50,0,246,0,3311,1543,75,1731,0,0,25,0,0,100,1723,0,2929,1564,164,3,6561,20,50
"agent RandomAgent #173",RandomAgent,3.717,0,0.569,50,0,42,0,1845,1170,75,697,0,0,25,0,0,100,705,0,1278,1145,124,0,3717,20,50
"agent RandomAgent #174",RandomAgent,3.122,0,0.569,50,0,117,0,1581,908,75,669,0,0,25,0,0,100,661,0,2016,884,138,1,3122,20,50
"agent RandomAgent #175",RandomAgent,45.278,0,0.569,50,0,1724,0,22833,10798,75,11827,0,0,25,0,0,100,11834,0,16967,10819,234,2,45278,20,50
"agent RandomAgent #176",RandomAgent,39.185,0,0.569,50,0,1071,0,19623,10033,75,9553,0,0,25,0,0,100,9545,0,11401,10054,261,3,39185,20,50
"agent RandomAgent #177",RandomAgent,8.623,0,0.569,50,0,136,0,4338,1940,75,2380,0,0,25,0,0,100,2388,0,5819,1915,122,0,8623,20,50
"agent RandomAgent #178",RandomAgent,10.704,0,0.569,50,0,505,0,5434,3274,75,2094,0,0,25,0,0,100,2086,0,3112,3250,173,1,10704,20,50
"agent RandomAgent #179",RandomAgent,4.246,0,0.569,50,0,90,0,2134,1057,75,1052,0,0,25,0,0,100,1059,0,1391,1078,153,2,4246,20,50
"agent RandomAgent #180",RandomAgent,24.971,0,0.569,50,0,1103,0,12728,7453,75,5026,0,0,25,0,0,100,5018,0,4831,7474,257,3,24971,20,50
"agent RandomAgent #181",RandomAgent,18.871,0,0.569,50,0,464,0,9633,5046,75,4398,0,0,25,0,0,100,4406,0,4739,5021,124,0,18871,20,50
"agent RandomAgent #182",RandomAgent,30.778,0,0.569,50,0,981,0,15638,8179,75,7226,0,0,25,0,0,100,7218,0,9696,8155,301,1,30778,20,50
"agent RandomAgent #183",RandomAgent,66.496,0,0.569,50,0,2052,0,33519,16868,75,16366,0,0,25,0,0,100,16373,0,15180,16889,308,2,66496,20,50
"agent RandomAgent #184",RandomAgent,39.233,0,0.569,50,0,1523,0,19799,11543,75,8067,0,0,25,0,0,100,8059,0,7588,11564,308,3,39233,20,50
"agent RandomAgent #185",RandomAgent,8.053,0,0.569,50,0,249,0,4084,2113,75,1922,0,0,25,0,0,100,1930,0,4504,2088,124,0,8053,20,50
"agent RandomAgent #186",RandomAgent,39.148,0,0.569,50,0,1482,0,19562,11903,75,7687,0,0,25,0,0,100,7679,0,6617,11879,259,1,39148,20,50
"agent RandomAgent #187",RandomAgent,17.576,0,0.569,50,0,705,0,8877,4437,75,4337,0,0,25,0,0,100,4344,0,6700,4458,250,2,17576,20,50
"agent RandomAgent #188",RandomAgent,40.343,0,0.569,50,0,1236,0,20381,10982,75,9183,0,0,25,0,0,100,9175,0,7919,11003,289,3,40343,20,50
"agent RandomAgent #189",RandomAgent,12.203,0,0.569,50,0,151,0,6127,3007,75,3103,0,0,25,0,0,100,3111,0,3309,2982,123,0,12203,20,50
"agent RandomAgent #190",RandomAgent,10.312,0,0.569,50,0,418,0,5110,3146,75,2026,0,0,25,0,0,100,2018,0,2841,3122,160,1,10312,20,50
"agent RandomAgent #191",RandomAgent,66.106,0,0.569,50,0,1937,0,33149,18089,75,14950,0,0,25,0,0,100,14957,0,11285,18110,308,2,66106,20,50
"agent RandomAgent #192",RandomAgent,15.331,0,0.569,50,0,311,0,7650,3983,75,3676,0,0,25,0,0,100,3668,0,3849,4004,217,3,15331,20,50
"agent RandomAgent #193",RandomAgent,23.325,0,0.569,50,0,579,0,11834,5496,75,6175,0,0,25,0,0,100,6183,0,3914,5471,124,0,23325,20,50
"agent RandomAgent #194",RandomAgent,3.618,0,0.569,50,0,136,0,1823,1089,75,736,0,0,25,0,0,100,728,0,1200,1065,155,1,3618,20,50
"agent RandomAgent #195",RandomAgent,76.514,0,0.569,50,0,2733,0,38590,18938,75,19305,0,0,25,0,0,100,19312,0,9847,18959,249,2,76514,20,50
"agent RandomAgent #196",RandomAgent,2.469,0,0.569,50,0,50,0,1210,671,75,557,0,0,25,0,0,100,549,0,396,692,171,3,2469,20,50
"agent RandomAgent #197",RandomAgent,1.307,0,0.569,50,0,20,0,684,307,75,355,0,0,25,0,0,100,363,0,772,282,88,0,1307,20,50
"agent RandomAgent #198",RandomAgent,27.262,0,0.569,50,0,791,0,13739,7306,75,6341,0,0,25,0,0,100,6333,0,5450,7282,277,1,27262,20,50
"agent RandomAgent #199",RandomAgent,42.11,0,0.569,50,0,1107,0,20929,12175,75,8866,0,0,25,0,0,100,8873,0,7030,12196,306,2,42110,20,50
"agent RandomAgent #200",RandomAgent,4.213,0,0.569,50,0,73,0,2144,1109,75,991,0,0,25,0,0,100,983,0,715,1130,178,3,4213,20,50
"agent RandomAgent #201",RandomAgent,19.429,0,0.569,50,0,684,0,9776,5687,75,4036,0,0,25,0,0,100,4044,0,3079,5662,124,0,19429,20,50
"agent RandomAgent #202",RandomAgent,9.508,0,0.569,50,0,347,0,4836,2788,75,1982,0,0,25,0,0,100,1974,0,1315,2764,175,1,9508,20,50
"agent RandomAgent #203",RandomAgent,37.226,0,0.569,50,0,779,0,18517,8380,75,10219,0,0,25,0,0,100,10226,0,6192,8401,203,2,37226,20,50
"agent RandomAgent #204",RandomAgent,35.541,0,0.569,50,0,1451,0,18018,8470,75,9294,0,0,25,0,0,100,9286,0,5866,8491,212,3,35541,20,50
"agent RandomAgent #205",RandomAgent,15.775,0,0.569,50,0,305,0,7986,4091,75,3805,0,0,25,0,0,100,3813,0,2087,4066,124,0,15775,20,50
"agent RandomAgent #206",RandomAgent,3.956,0,0.569,50,0,111,0,1981,1179,75,815,0,0,25,0,0,100,807,0,799,1155,146,1,3956,20,50
"agent RandomAgent #207",RandomAgent,19.592,0,0.569,50,0,597,0,9788,4885,75,4897,0,0,25,0,0,100,4904,0,3165,4906,271,2,19592,20,50
"agent RandomAgent #208",RandomAgent,91.011,0,0.569,50,0,3327,0,45629,21969,75,23530,0,0,25,0,0,100,23522,0,8189,21990,300,3,91011,20,50
"agent RandomAgent #209",RandomAgent,3.531,0,0.569,50,0,89,0,1822,642,75,1132,0,0,25,0,0,100,1140,0,889,617,90,0,3531,20,50
"agent RandomAgent #210",RandomAgent,8.228,0,0.569,50,0,253,0,4060,2651,75,1479,0,0,25,0,0,100,1471,0,511,2627,180,1,8228,20,50
"agent RandomAgent #211",RandomAgent,102.734,0,0.569,50,0,3991,0,51645,29167,75,22186,0,0,25,0,0,100,22193,0,5686,29188,308,2,102734,20,50
"agent RandomAgent #212",RandomAgent,8.869,0,0.569,50,0,328,0,4495,1964,75,2464,0,0,25,0,0,100,2456,0,535,1985,216,3,8869,20,50
"agent RandomAgent #213",RandomAgent,3.489,0,0.569,50,0,54,0,1773,884,75,869,0,0,25,0,0,100,877,0,621,859,107,0,3489,20,50
"agent RandomAgent #214",RandomAgent,6.43,0,0.569,50,0,248,0,3219,1909,75,1322,0,0,25,0,0,100,1314,0,241,1885,138,1,6430,20,50
"agent RandomAgent #215",RandomAgent,13.232,0,0.569,50,0,406,0,6656,3353,75,3249,0,0,25,0,0,100,3256,0,1158,3374,217,2,13232,20,50
"agent RandomAgent #216",RandomAgent,22.087,0,0.569,50,0,923,0,11097,5537,75,5500,0,0,25,0,0,100,5492,0,2240,5558,197,3,22087,20,50
"agent RandomAgent #217",RandomAgent,7.715,0,0.569,50,0,151,0,3875,2031,75,1835,0,0,25,0,0,100,1843,0,560,2006,124,0,7715,20,50
"agent RandomAgent #218",RandomAgent,30.768,0,0.569,50,0,1250,0,15473,9123,75,6277,0,0,25,0,0,100,6269,0,1638,9099,308,1,30768,20,50
"agent RandomAgent #219",RandomAgent,114.726,0,0.569,50,0,4074,0,57699,29114,75,28235,0,0,25,0,0,100,28242,0,1970,29135,308,2,114726,20,50
"agent RandomAgent #220",RandomAgent,100.569,0,0.569,50,0,3452,0,50541,24577,75,25701,0,0,25,0,0,100,25693,0,1160,24598,209,3,100569,20,50
"agent RandomAgent #221",RandomAgent,5.867,0,0.569,50,0,36,0,2942,1447,75,1495,0,0,25,0,0,100,1503,0,519,1422,101,0,5867,20,50
"agent RandomAgent #222",RandomAgent,39.37,0,0.569,50,0,1481,0,19700,11894,75,7807,0,0,25,0,0,100,7799,0,259,11870,200,1,39370,20,50
"agent RandomAgent #223",RandomAgent,12.232,0,0.569,50,0,258,0,6173,3017,75,3085,0,0,25,0,0,100,3092,0,73,3038,199,2,12232,20,50
"agent RandomAgent #224",RandomAgent,41.007,0,0.569,50,0,1169,0,20416,10346,75,10151,0,0,25,0,0,100,10143,0,0,10367,273,3,41007,20,50
"agent RandomAgent #225",RandomAgent,10.999,0,0.569,50,0,184,0,5507,3009,75,2499,0,0,25,0,0,100,2507,0,0,2984,124,0,10999,20,50
"agent NegotiatingAgent #226",NegotiatingAgent,0.41,4965,0.569,50,62,12,0,12,115,75,106,123,265,25,0,0,100,98,0,485,91,246,1,410,20,50
"agent NegotiatingAgent #227",NegotiatingAgent,0.22,3331,0.569,50,57,5,0,5,43,75,53,111,147,25,2,0,100,60,0,273,64,162,2,220,20,50
"agent NegotiatingAgent #228",NegotiatingAgent,0.367,1314,0.569,50,27,14,0,14,93,75,84,53,159,25,0,0,100,76,0,292,114,244,3,367,20,50
"agent NegotiatingAgent #229",NegotiatingAgent,0.159,108,0.569,50,27,4,0,4,60,75,28,48,53,25,0,0,100,36,0,147,35,124,0,159,20,50
"agent NegotiatingAgent #230",NegotiatingAgent,0.392,2402,0.569,50,41,13,0,14,121,75,91,84,196,25,3,0,100,83,0,439,97,237,1,392,20,50
"agent NegotiatingAgent #231",NegotiatingAgent,0.102,0,0.569,50,0,0,0,0,15,75,22,2,3,25,0,1,100,29,0,31,36,103,2,102,20,50
"agent NegotiatingAgent #232",NegotiatingAgent,0.251,1374,0.569,50,19,6,0,6,51,75,68,63,122,25,10,0,100,60,0,209,72,186,3,251,20,50
"agent NegotiatingAgent #233",NegotiatingAgent,0.087,0,0.569,50,13,0,0,0,34,75,18,38,27,25,0,5,100,26,0,80,9,88,0,87,20,50
"agent NegotiatingAgent #234",NegotiatingAgent,0.386,3955,0.569,50,47,9,0,9,121,75,88,174,240,25,23,7,100,80,0,346,97,234,1,386,20,50
"agent NegotiatingAgent #235",NegotiatingAgent,0.33,1150,0.569,50,22,7,0,8,78,75,73,79,145,25,8,10,100,80,0,234,99,217,2,330,20,50
"agent NegotiatingAgent #236",NegotiatingAgent,0.369,221,0.569,50,10,6,0,8,92,75,86,81,202,25,21,0,100,78,0,426,113,245,3,369,20,50
"agent NegotiatingAgent #237",NegotiatingAgent,0.087,0,0.569,50,5,0,0,0,34,75,18,26,23,25,0,6,100,26,0,97,9,88,0,87,20,50
"agent NegotiatingAgent #238",NegotiatingAgent,0.392,612,0.569,50,7,8,0,8,122,75,90,196,260,25,69,0,100,82,0,248,98,237,1,392,20,50
"agent NegotiatingAgent #239",NegotiatingAgent,0.29,905,0.569,50,16,4,0,5,66,75,65,54,115,25,6,3,100,72,0,179,87,197,2,290,20,50
"agent NegotiatingAgent #240",NegotiatingAgent,0.277,494,0.569,50,10,7,0,8,62,75,70,71,131,25,20,0,100,62,0,260,83,199,3,277,20,50
"agent NegotiatingAgent #241",NegotiatingAgent,0.087,0,0.569,50,4,0,0,0,34,75,18,29,26,25,0,8,100,26,0,110,9,88,0,87,20,50
"agent NegotiatingAgent #242",NegotiatingAgent,0.292,393,0.569,50,13,6,0,7,92,75,70,46,112,25,11,0,100,62,0,182,68,187,1,292,20,50
"agent NegotiatingAgent #243",NegotiatingAgent,0.382,427,0.569,50,10,7,0,9,90,75,87,50,167,25,10,4,100,94,0,372,111,243,2,382,20,50
"agent NegotiatingAgent #244",NegotiatingAgent,0.317,100,0.569,50,1,3,0,4,74,75,78,85,162,25,31,3,100,70,0,326,95,219,3,317,20,50
"agent NegotiatingAgent #245",NegotiatingAgent,0.159,0,0.569,50,4,4,0,4,60,75,28,45,39,25,8,8,100,36,0,77,35,124,0,159,20,50
"agent NegotiatingAgent #246",NegotiatingAgent,0.28,36,0.569,50,5,6,0,7,88,75,68,65,112,25,21,4,100,60,0,110,64,181,1,280,20,50
"agent NegotiatingAgent #247",NegotiatingAgent,0.272,0,0.569,50,0,6,0,6,57,75,65,47,140,25,13,8,100,72,0,270,78,188,2,272,20,50
"agent NegotiatingAgent #248",NegotiatingAgent,0.245,0,0.569,50,0,4,0,5,60,75,56,31,86,25,10,4,100,48,0,165,81,183,3,245,20,50
"agent NegotiatingAgent #249",NegotiatingAgent,0.087,0,0.569,50,0,0,0,0,34,75,18,30,16,25,0,14,100,26,0,50,9,88,0,87,20,50
"agent NegotiatingAgent #250",NegotiatingAgent,0.128,0,0.569,50,0,4,0,4,48,75,32,16,11,25,2,5,100,24,0,16,24,105,1,128,20,50
