agentName,agentType,averageSpeed,cumulatedUtilityReceived,freeWallRatio,numBacktrackAgents,numCFPAnswered,numDeadends,numDifferentEncounters,numDirectionChanges,numDownSteps,numForwardAgents,numLeftSteps,numMessagesReceived,numMessagesSent,numNegotiatingAgents,numProposalsAccepted,numProposalsRejected,numRandomAgents,numRightSteps,numSwarmAgents,numTotalEncounters,numUpSteps,numVisitedCells,startingPosition,stepsToExit,xsize,ysize
"agent BacktrackAgent #1",BacktrackAgent,0.347,0,0.569,50,0,5,0,5,100,75,82,0,0,25,0,0,100,90,0,2575,75,280,0,347,20,50
"agent BacktrackAgent #2",BacktrackAgent,0.09,0,0.569,50,0,3,0,3,39,75,22,0,0,25,0,0,100,14,0,436,15,77,1,90,20,50
"agent BacktrackAgent #3",BacktrackAgent,0.58,0,0.569,50,0,12,0,12,140,75,136,0,0,25,0,0,100,143,0,1380,161,357,2,580,20,50
"agent BacktrackAgent #4",BacktrackAgent,0.265,0,0.569,50,0,7,0,7,66,75,60,0,0,25,0,0,100,52,0,530,87,184,3,265,20,50
"agent BacktrackAgent #5",BacktrackAgent,0.407,0,0.569,50,0,9,0,9,126,75,86,0,0,25,0,0,100,94,0,1858,101,310,0,407,20,50
"agent BacktrackAgent #6",BacktrackAgent,0.09,0,0.569,50,0,3,0,3,39,75,22,0,0,25,0,0,100,14,0,260,15,77,1,90,20,50
"agent BacktrackAgent #7",BacktrackAgent,0.444,0,0.569,50,0,7,0,7,106,75,102,0,0,25,0,0,100,109,0,567,127,289,2,444,20,50
"agent BacktrackAgent #8",BacktrackAgent,0.549,0,0.569,50,0,12,0,12,134,75,134,0,0,25,0,0,100,126,0,1225,155,326,3,549,20,50
"agent BacktrackAgent #9",BacktrackAgent,0.547,0,0.569,50,0,15,0,15,162,75,120,0,0,25,0,0,100,128,0,1882,137,380,0,547,20,50
"agent BacktrackAgent #10",BacktrackAgent,0.136,0,0.569,50,0,3,0,3,48,75,36,0,0,25,0,0,100,28,0,1129,24,100,1,136,20,50
"agent BacktrackAgent #11",BacktrackAgent,0.324,0,0.569,50,0,9,0,9,84,75,64,0,0,25,0,0,100,71,0,1038,105,229,2,324,20,50
"agent BacktrackAgent #12",BacktrackAgent,0.245,0,0.569,50,0,5,0,5,60,75,56,0,0,25,0,0,100,48,0,1756,81,174,3,245,20,50
"agent BacktrackAgent #13",BacktrackAgent,0.379,0,0.569,50,0,7,0,7,112,75,86,0,0,25,0,0,100,94,0,2848,87,296,0,379,20,50
"agent BacktrackAgent #14",BacktrackAgent,0.634,0,0.569,50,0,13,0,13,183,75,150,0,0,25,0,0,100,142,0,1339,159,349,1,634,20,50
"agent BacktrackAgent #15",BacktrackAgent,0.14,0,0.569,50,0,2,0,2,30,75,26,0,0,25,0,0,100,33,0,570,51,137,2,140,20,50
"agent BacktrackAgent #16",BacktrackAgent,0.261,0,0.569,50,0,6,0,6,64,75,60,0,0,25,0,0,100,52,0,703,85,182,3,261,20,50
"agent BacktrackAgent #17",BacktrackAgent,0.503,0,0.569,50,0,10,0,10,146,75,114,0,0,25,0,0,100,122,0,2739,121,358,0,503,20,50
"agent BacktrackAgent #18",BacktrackAgent,0.634,0,0.569,50,0,13,0,13,183,75,150,0,0,25,0,0,100,142,0,1072,159,349,1,634,20,50
"agent BacktrackAgent #19",BacktrackAgent,0.32,0,0.569,50,0,8,0,8,84,75,62,0,0,25,0,0,100,69,0,833,105,227,2,320,20,50
"agent BacktrackAgent #20",BacktrackAgent,0.505,0,0.569,50,0,9,0,9,118,75,128,0,0,25,0,0,100,120,0,2445,139,304,3,505,20,50
"agent BacktrackAgent #21",BacktrackAgent,0.419,0,0.569,50,0,10,0,10,128,75,90,0,0,25,0,0,100,98,0,2448,103,316,0,419,20,50
"agent BacktrackAgent #22",BacktrackAgent,0.094,0,0.569,50,0,4,0,4,41,75,22,0,0,25,0,0,100,14,0,340,17,79,1,94,20,50
"agent BacktrackAgent #23",BacktrackAgent,0.136,0,0.569,50,0,1,0,1,28,75,26,0,0,25,0,0,100,33,0,416,49,135,2,136,20,50
"agent BacktrackAgent #24",BacktrackAgent,0.505,0,0.569,50,0,9,0,9,118,75,128,0,0,25,0,0,100,120,0,2196,139,304,3,505,20,50
"agent BacktrackAgent #25",BacktrackAgent,0.223,0,0.569,50,0,2,0,2,68,75,52,0,0,25,0,0,100,60,0,1974,43,218,0,223,20,50
"agent BacktrackAgent #26",BacktrackAgent,0.662,0,0.569,50,0,16,0,16,193,75,154,0,0,25,0,0,100,146,0,1015,169,363,1,662,20,50
"agent BacktrackAgent #27",BacktrackAgent,0.304,0,0.569,50,0,9,0,9,76,75,62,0,0,25,0,0,100,69,0,758,97,219,2,304,20,50
"agent BacktrackAgent #28",BacktrackAgent,0.245,0,0.569,50,0,5,0,5,60,75,56,0,0,25,0,0,100,48,0,1353,81,174,3,245,20,50
"agent BacktrackAgent #29",BacktrackAgent,0.415,0,0.569,50,0,10,0,10,128,75,88,0,0,25,0,0,100,96,0,2223,103,314,0,415,20,50
"agent BacktrackAgent #30",BacktrackAgent,0.066,0,0.569,50,0,1,0,1,31,75,18,0,0,25,0,0,100,10,0,323,7,65,1,66,20,50
"agent BacktrackAgent #31",BacktrackAgent,0.47,0,0.569,50,0,9,0,9,108,75,113,0,0,25,0,0,100,120,0,1374,129,302,2,470,20,50
"agent BacktrackAgent #32",BacktrackAgent,0.509,0,0.569,50,0,10,0,10,120,75,128,0,0,25,0,0,100,120,0,1651,141,306,3,509,20,50
"agent BacktrackAgent #33",BacktrackAgent,0.567,0,0.569,50,0,14,0,14,170,75,122,0,0,25,0,0,100,130,0,2321,145,390,0,567,20,50
"agent BacktrackAgent #34",BacktrackAgent,0.704,0,0.569,50,0,15,0,15,200,75,168,0,0,25,0,0,100,160,0,1868,176,384,1,704,20,50
"agent BacktrackAgent #35",BacktrackAgent,0.498,0,0.569,50,0,11,0,11,122,75,113,0,0,25,0,0,100,120,0,914,143,316,2,498,20,50
"agent BacktrackAgent #36",BacktrackAgent,0.385,0,0.569,50,0,5,0,5,86,75,100,0,0,25,0,0,100,92,0,1112,107,244,3,385,20,50
"agent BacktrackAgent #37",BacktrackAgent,0.407,0,0.569,50,0,10,0,10,126,75,86,0,0,25,0,0,100,94,0,2261,101,310,0,407,20,50
"agent BacktrackAgent #38",BacktrackAgent,0.704,0,0.569,50,0,15,0,15,200,75,168,0,0,25,0,0,100,160,0,1660,176,384,1,704,20,50
"agent BacktrackAgent #39",BacktrackAgent,0.168,0,0.569,50,0,4,0,4,40,75,30,0,0,25,0,0,100,37,0,481,61,151,2,168,20,50
"agent BacktrackAgent #40",BacktrackAgent,0.289,0,0.569,50,0,8,0,8,76,75,62,0,0,25,0,0,100,54,0,660,97,196,3,289,20,50
"agent BacktrackAgent #41",BacktrackAgent,0.215,0,0.569,50,0,1,0,1,68,75,48,0,0,25,0,0,100,56,0,1800,43,214,0,215,20,50
"agent BacktrackAgent #42",BacktrackAgent,0.164,0,0.569,50,0,6,0,6,58,75,40,0,0,25,0,0,100,32,0,816,34,114,1,164,20,50
"agent BacktrackAgent #43",BacktrackAgent,0.332,0,0.569,50,0,11,0,11,88,75,64,0,0,25,0,0,100,71,0,655,109,233,2,332,20,50
"agent BacktrackAgent #44",BacktrackAgent,0.217,0,0.569,50,0,3,0,3,48,75,54,0,0,25,0,0,100,46,0,1229,69,160,3,217,20,50
"agent BacktrackAgent #45",BacktrackAgent,0.259,0,0.569,50,0,4,0,4,82,75,56,0,0,25,0,0,100,64,0,1604,57,236,0,259,20,50
"agent BacktrackAgent #46",BacktrackAgent,0.09,0,0.569,50,0,3,0,3,39,75,22,0,0,25,0,0,100,14,0,383,15,77,1,90,20,50
"agent BacktrackAgent #47",BacktrackAgent,0.58,0,0.569,50,0,12,0,12,142,75,134,0,0,25,0,0,100,141,0,1154,163,357,2,580,20,50
"agent BacktrackAgent #48",BacktrackAgent,0.293,0,0.569,50,0,9,0,9,78,75,62,0,0,25,0,0,100,54,0,511,99,198,3,293,20,50
"agent BacktrackAgent #49",BacktrackAgent,0.291,0,0.569,50,0,7,0,7,94,75,60,0,0,25,0,0,100,68,0,1711,69,252,0,291,20,50
"agent BacktrackAgent #50",BacktrackAgent,0.658,0,0.569,50,0,15,0,15,191,75,154,0,0,25,0,0,100,146,0,1191,167,361,1,658,20,50
"agent ForwardAgent #51",ForwardAgent,3.552,0,0.569,50,0,101,0,101,924,75,838,0,0,25,0,0,100,845,0,5109,945,392,2,3552,20,50
"agent ForwardAgent #52",ForwardAgent,3.593,0,0.569,50,0,75,0,75,926,75,864,0,0,25,0,0,100,856,0,4492,947,390,3,3593,20,50
"agent ForwardAgent #53",ForwardAgent,1.151,0,0.569,50,0,22,0,22,320,75,264,0,0,25,0,0,100,272,0,1803,295,314,0,1151,20,50
"agent ForwardAgent #54",ForwardAgent,0.916,0,0.569,50,0,19,0,19,274,75,200,0,0,25,0,0,100,192,0,1054,250,312,1,916,20,50
"agent ForwardAgent #55",ForwardAgent,0.288,0,0.569,50,0,5,0,5,72,75,58,0,0,25,0,0,100,65,0,770,93,154,2,288,20,50
"agent ForwardAgent #56",ForwardAgent,1.489,0,0.569,50,0,45,0,45,394,75,344,0,0,25,0,0,100,336,0,1918,415,308,3,1489,20,50
"agent ForwardAgent #57",ForwardAgent,0.323,0,0.569,50,0,7,0,7,106,75,64,0,0,25,0,0,100,72,0,935,81,248,0,323,20,50
"agent ForwardAgent #58",ForwardAgent,0.778,0,0.569,50,0,20,0,20,229,75,176,0,0,25,0,0,100,168,0,1003,205,311,1,778,20,50
"agent ForwardAgent #59",ForwardAgent,0.238,0,0.569,50,0,6,0,6,58,75,47,0,0,25,0,0,100,54,0,536,79,186,2,238,20,50
"agent ForwardAgent #60",ForwardAgent,1.581,0,0.569,50,0,29,0,29,386,75,398,0,0,25,0,0,100,390,0,2575,407,312,3,1581,20,50
"agent ForwardAgent #61",ForwardAgent,1.823,0,0.569,50,0,30,0,30,482,75,438,0,0,25,0,0,100,446,0,2788,457,350,0,1823,20,50
"agent ForwardAgent #62",ForwardAgent,0.322,0,0.569,50,0,3,0,3,103,75,74,0,0,25,0,0,100,66,0,331,79,185,1,322,20,50
"agent ForwardAgent #63",ForwardAgent,0.524,0,0.569,50,0,11,0,11,122,75,126,0,0,25,0,0,100,133,0,880,143,310,2,524,20,50
"agent ForwardAgent #64",ForwardAgent,3.693,0,0.569,50,0,90,0,90,982,75,858,0,0,25,0,0,100,850,0,4373,1003,398,3,3693,20,50
"agent ForwardAgent #65",ForwardAgent,0.955,0,0.569,50,0,16,0,16,264,75,222,0,0,25,0,0,100,230,0,1504,239,366,0,955,20,50
"agent ForwardAgent #66",ForwardAgent,0.144,0,0.569,50,0,4,0,4,50,75,38,0,0,25,0,0,100,30,0,560,26,98,1,144,20,50
"agent ForwardAgent #67",ForwardAgent,0.33,0,0.569,50,0,8,0,8,86,75,65,0,0,25,0,0,100,72,0,444,107,196,2,330,20,50
"agent ForwardAgent #68",ForwardAgent,0.289,0,0.569,50,0,5,0,5,74,75,64,0,0,25,0,0,100,56,0,686,95,196,3,289,20,50
"agent ForwardAgent #69",ForwardAgent,2.099,0,0.569,50,0,50,0,50,580,75,478,0,0,25,0,0,100,486,0,2558,555,386,0,2099,20,50
"agent ForwardAgent #70",ForwardAgent,0.148,0,0.569,50,0,5,0,5,52,75,38,0,0,25,0,0,100,30,0,531,28,100,1,148,20,50
"agent ForwardAgent #71",ForwardAgent,4.18,0,0.569,50,0,87,0,87,1078,75,998,0,0,25,0,0,100,1005,0,3174,1099,398,2,4180,20,50
"agent ForwardAgent #72",ForwardAgent,0.469,0,0.569,50,0,10,0,10,118,75,110,0,0,25,0,0,100,102,0,572,139,216,3,469,20,50
"agent ForwardAgent #73",ForwardAgent,0.771,0,0.569,50,0,19,0,19,208,75,186,0,0,25,0,0,100,194,0,1489,183,314,0,771,20,50
"agent ForwardAgent #74",ForwardAgent,0.356,0,0.569,50,0,14,0,14,110,75,84,0,0,25,0,0,100,76,0,707,86,122,1,356,20,50
"agent ForwardAgent #75",ForwardAgent,0.264,0,0.569,50,0,7,0,7,66,75,52,0,0,25,0,0,100,59,0,573,87,190,2,264,20,50
"agent ForwardAgent #76",ForwardAgent,1.705,0,0.569,50,0,51,0,51,466,75,380,0,0,25,0,0,100,372,0,1614,487,290,3,1705,20,50
"agent ForwardAgent #77",ForwardAgent,2.883,0,0.569,50,0,65,0,65,762,75,688,0,0,25,0,0,100,696,0,3688,737,354,0,2883,20,50
"agent ForwardAgent #78",ForwardAgent,0.236,0,0.569,50,0,8,0,8,76,75,58,0,0,25,0,0,100,50,0,558,52,102,1,236,20,50
"agent ForwardAgent #79",ForwardAgent,0.73,0,0.569,50,0,30,0,30,196,75,155,0,0,25,0,0,100,162,0,1117,217,254,2,730,20,50
"agent ForwardAgent #80",ForwardAgent,0.657,0,0.569,50,0,11,0,11,156,75,166,0,0,25,0,0,100,158,0,921,177,306,3,657,20,50
"agent ForwardAgent #81",ForwardAgent,3.871,0,0.569,50,0,84,0,84,1000,75,944,0,0,25,0,0,100,952,0,4437,975,360,0,3871,20,50
"agent ForwardAgent #82",ForwardAgent,0.224,0,0.569,50,0,5,0,5,76,75,52,0,0,25,0,0,100,44,0,361,52,144,1,224,20,50
"agent ForwardAgent #83",ForwardAgent,0.946,0,0.569,50,0,19,0,19,236,75,223,0,0,25,0,0,100,230,0,1018,257,334,2,946,20,50
"agent ForwardAgent #84",ForwardAgent,0.229,0,0.569,50,0,3,0,3,58,75,50,0,0,25,0,0,100,42,0,466,79,166,3,229,20,50
"agent ForwardAgent #85",ForwardAgent,1.755,0,0.569,50,0,48,0,48,458,75,428,0,0,25,0,0,100,436,0,2128,433,380,0,1755,20,50
"agent ForwardAgent #86",ForwardAgent,0.066,0,0.569,50,0,1,0,1,31,75,18,0,0,25,0,0,100,10,0,136,7,65,1,66,20,50
"agent ForwardAgent #87",ForwardAgent,2.598,0,0.569,50,0,66,0,66,662,75,623,0,0,25,0,0,100,630,0,2483,683,392,2,2598,20,50
"agent ForwardAgent #88",ForwardAgent,1.093,0,0.569,50,0,26,0,26,272,75,268,0,0,25,0,0,100,260,0,1075,293,332,3,1093,20,50
"agent ForwardAgent #89",ForwardAgent,1.287,0,0.569,50,0,27,0,27,358,75,294,0,0,25,0,0,100,302,0,1276,333,378,0,1287,20,50
"agent ForwardAgent #90",ForwardAgent,1.81,0,0.569,50,0,37,0,37,493,75,428,0,0,25,0,0,100,420,0,1637,469,384,1,1810,20,50
"agent ForwardAgent #91",ForwardAgent,1.564,0,0.569,50,0,40,0,40,452,75,316,0,0,25,0,0,100,323,0,1757,473,304,2,1564,20,50
"agent ForwardAgent #92",ForwardAgent,1.177,0,0.569,50,0,31,0,31,304,75,278,0,0,25,0,0,100,270,0,1618,325,314,3,1177,20,50
"agent ForwardAgent #93",ForwardAgent,2.399,0,0.569,50,0,58,0,58,644,75,564,0,0,25,0,0,100,572,0,2448,619,342,0,2399,20,50
"agent ForwardAgent #94",ForwardAgent,0.216,0,0.569,50,0,5,0,5,70,75,54,0,0,25,0,0,100,46,0,293,46,138,1,216,20,50
"agent ForwardAgent #95",ForwardAgent,0.16,0,0.569,50,0,2,0,2,36,75,30,0,0,25,0,0,100,37,0,131,57,147,2,160,20,50
"agent ForwardAgent #96",ForwardAgent,2.625,0,0.569,50,0,51,0,51,654,75,652,0,0,25,0,0,100,644,0,2736,675,388,3,2625,20,50
"agent ForwardAgent #97",ForwardAgent,0.483,0,0.569,50,0,7,0,7,130,75,120,0,0,25,0,0,100,128,0,663,105,232,0,483,20,50
"agent ForwardAgent #98",ForwardAgent,0.664,0,0.569,50,0,23,0,23,208,75,140,0,0,25,0,0,100,132,0,999,184,250,1,664,20,50
"agent ForwardAgent #99",ForwardAgent,0.854,0,0.569,50,0,21,0,21,210,75,203,0,0,25,0,0,100,210,0,746,231,316,2,854,20,50
"agent ForwardAgent #100",ForwardAgent,1.765,0,0.569,50,0,46,0,46,478,75,398,0,0,25,0,0,100,390,0,2775,499,350,3,1765,20,50
"agent ForwardAgent #101",ForwardAgent,0.375,0,0.569,50,0,5,0,5,112,75,84,0,0,25,0,0,100,92,0,1408,87,250,0,375,20,50
"agent ForwardAgent #102",ForwardAgent,0.472,0,0.569,50,0,9,0,9,146,75,106,0,0,25,0,0,100,98,0,1051,122,204,1,472,20,50
"agent ForwardAgent #103",ForwardAgent,0.454,0,0.569,50,0,7,0,7,96,75,117,0,0,25,0,0,100,124,0,1083,117,274,2,454,20,50
"agent ForwardAgent #104",ForwardAgent,1.829,0,0.569,50,0,46,0,46,480,75,428,0,0,25,0,0,100,420,0,3555,501,318,3,1829,20,50
"agent ForwardAgent #105",ForwardAgent,1.355,0,0.569,50,0,30,0,30,364,75,322,0,0,25,0,0,100,330,0,2733,339,374,0,1355,20,50
"agent ForwardAgent #106",ForwardAgent,0.13,0,0.569,50,0,2,0,2,47,75,34,0,0,25,0,0,100,26,0,420,23,96,1,130,20,50
"agent ForwardAgent #107",ForwardAgent,1.968,0,0.569,50,0,38,0,38,510,75,460,0,0,25,0,0,100,467,0,2414,531,342,2,1968,20,50
"agent ForwardAgent #108",ForwardAgent,3.345,0,0.569,50,0,88,0,88,884,75,782,0,0,25,0,0,100,774,0,4106,905,394,3,3345,20,50
"agent ForwardAgent #109",ForwardAgent,0.227,0,0.569,50,0,3,0,3,72,75,50,0,0,25,0,0,100,58,0,1256,47,220,0,227,20,50
"agent ForwardAgent #110",ForwardAgent,1.518,0,0.569,50,0,27,0,27,415,75,360,0,0,25,0,0,100,352,0,1839,391,332,1,1518,20,50
"agent ForwardAgent #111",ForwardAgent,0.504,0,0.569,50,0,10,0,10,114,75,124,0,0,25,0,0,100,131,0,1089,135,278,2,504,20,50
"agent ForwardAgent #112",ForwardAgent,0.793,0,0.569,50,0,25,0,25,186,75,204,0,0,25,0,0,100,196,0,1939,207,214,3,793,20,50
"agent ForwardAgent #113",ForwardAgent,1.707,0,0.569,50,0,37,0,37,442,75,420,0,0,25,0,0,100,428,0,3200,417,338,0,1707,20,50
"agent ForwardAgent #114",ForwardAgent,0.176,0,0.569,50,0,3,0,3,60,75,44,0,0,25,0,0,100,36,0,614,36,120,1,176,20,50
"agent ForwardAgent #115",ForwardAgent,0.69,0,0.569,50,0,21,0,21,174,75,157,0,0,25,0,0,100,164,0,1308,195,224,2,690,20,50
"agent ForwardAgent #116",ForwardAgent,0.461,0,0.569,50,0,11,0,11,110,75,114,0,0,25,0,0,100,106,0,936,131,246,3,461,20,50
"agent ForwardAgent #117",ForwardAgent,1.315,0,0.569,50,0,29,0,29,358,75,308,0,0,25,0,0,100,316,0,2367,333,240,0,1315,20,50
"agent ForwardAgent #118",ForwardAgent,0.51,0,0.569,50,0,22,0,22,165,75,106,0,0,25,0,0,100,98,0,879,141,136,1,510,20,50
"agent ForwardAgent #119",ForwardAgent,3.204,0,0.569,50,0,63,0,63,834,75,754,0,0,25,0,0,100,761,0,3177,855,348,2,3204,20,50
"agent ForwardAgent #120",ForwardAgent,0.981,0,0.569,50,0,26,0,26,240,75,244,0,0,25,0,0,100,236,0,1890,261,226,3,981,20,50
"agent ForwardAgent #121",ForwardAgent,0.335,0,0.569,50,0,4,0,4,100,75,76,0,0,25,0,0,100,84,0,1371,75,274,0,335,20,50
"agent ForwardAgent #122",ForwardAgent,0.128,0,0.569,50,0,1,0,1,44,75,36,0,0,25,0,0,100,28,0,508,20,96,1,128,20,50
"agent ForwardAgent #123",ForwardAgent,1.41,0,0.569,50,0,35,0,35,350,75,341,0,0,25,0,0,100,348,0,1909,371,306,2,1410,20,50
"agent ForwardAgent #124",ForwardAgent,1.005,0,0.569,50,0,16,0,16,256,75,240,0,0,25,0,0,100,232,0,1695,277,314,3,1005,20,50
"agent ForwardAgent #125",ForwardAgent,4.331,0,0.569,50,0,90,0,90,1170,75,1004,0,0,25,0,0,100,1012,0,5279,1145,398,0,4331,20,50
"agent RandomAgent #126",RandomAgent,6.122,0,0.569,50,0,140,0,3055,1834,75,1243,0,0,25,0,0,100,1235,0,4370,1810,140,1,6122,20,50
"agent RandomAgent #127",RandomAgent,111.442,0,0.569,50,0,2197,0,55650,28113,75,27594,0,0,25,0,0,100,27601,0,56795,28134,319,2,111442,20,50
"agent RandomAgent #128",RandomAgent,15.995,0,0.569,50,0,513,0,7948,4665,75,3326,0,0,25,0,0,100,3318,0,10070,4686,285,3,15995,20,50
"agent RandomAgent #129",RandomAgent,242.453,0,0.569,50,0,5513,0,121732,65204,75,56031,0,0,25,0,0,100,56039,0,66300,65179,398,0,242453,20,50
"agent RandomAgent #130",RandomAgent,4.06,0,0.569,50,0,108,0,2069,1186,75,860,0,0,25,0,0,100,852,0,2313,1162,142,1,4060,20,50
"agent RandomAgent #131",RandomAgent,158.228,0,0.569,50,0,3512,0,79514,43396,75,35704,0,0,25,0,0,100,35711,0,53776,43417,369,2,158228,20,50
"agent RandomAgent #132",RandomAgent,2.937,0,0.569,50,0,14,0,1425,905,75,557,0,0,25,0,0,100,549,0,2859,926,177,3,2937,20,50
"agent RandomAgent #133",RandomAgent,111.475,0,0.569,50,0,2268,0,56187,29323,75,26423,0,0,25,0,0,100,26431,0,57261,29298,376,0,111475,20,50
"agent RandomAgent #134",RandomAgent,1.662,0,0.569,50,0,36,0,846,504,75,343,0,0,25,0,0,100,335,0,2315,480,95,1,1662,20,50
"agent RandomAgent #135",RandomAgent,35.286,0,0.569,50,0,942,0,17529,9901,75,7728,0,0,25,0,0,100,7735,0,17771,9922,330,2,35286,20,50
"agent RandomAgent #136",RandomAgent,14.547,0,0.569,50,0,514,0,7337,4161,75,3106,0,0,25,0,0,100,3098,0,9527,4182,302,3,14547,20,50
"agent RandomAgent #137",RandomAgent,123.461,0,0.569,50,0,2744,0,62051,32796,75,28943,0,0,25,0,0,100,28951,0,48960,32771,385,0,123461,20,50
"agent RandomAgent #138",RandomAgent,1.28,0,0.569,50,0,24,0,638,399,75,257,0,0,25,0,0,100,249,0,1260,375,84,1,1280,20,50
"agent RandomAgent #139",RandomAgent,49.692,0,0.569,50,0,1015,0,24893,13580,75,11252,0,0,25,0,0,100,11259,0,26866,13601,328,2,49692,20,50
"agent RandomAgent #140",RandomAgent,126.891,0,0.569,50,0,2785,0,63344,35523,75,27916,0,0,25,0,0,100,27908,0,46235,35544,388,3,126891,20,50
"agent RandomAgent #141",RandomAgent,61.593,0,0.569,50,0,1360,0,30871,16082,75,14723,0,0,25,0,0,100,14731,0,43900,16057,369,0,61593,20,50
"agent RandomAgent #142",RandomAgent,17.436,0,0.569,50,0,414,0,8719,5068,75,3666,0,0,25,0,0,100,3658,0,9220,5044,223,1,17436,20,50
"agent RandomAgent #143",RandomAgent,7.592,0,0.569,50,0,243,0,3896,2028,75,1754,0,0,25,0,0,100,1761,0,8897,2049,235,2,7592,20,50
"agent RandomAgent #144",RandomAgent,22.773,0,0.569,50,0,568,0,11347,6575,75,4805,0,0,25,0,0,100,4797,0,16880,6596,364,3,22773,20,50
"agent RandomAgent #145",RandomAgent,64.499,0,0.569,50,0,1307,0,32399,15825,75,16433,0,0,25,0,0,100,16441,0,41435,15800,320,0,64499,20,50
"agent RandomAgent #146",RandomAgent,13.232,0,0.569,50,0,190,0,6495,3678,75,2954,0,0,25,0,0,100,2946,0,8865,3654,263,1,13232,20,50
"agent RandomAgent #147",RandomAgent,125.564,0,0.569,50,0,2835,0,63172,31402,75,31366,0,0,25,0,0,100,31373,0,39181,31423,327,2,125564,20,50
"agent RandomAgent #148",RandomAgent,147.491,0,0.569,50,0,2920,0,73830,37941,75,35798,0,0,25,0,0,100,35790,0,53456,37962,321,3,147491,20,50
"agent RandomAgent #149",RandomAgent,86.761,0,0.569,50,0,1575,0,43387,22688,75,20701,0,0,25,0,0,100,20709,0,37912,22663,350,0,86761,20,50
"agent RandomAgent #150",RandomAgent,111.04,0,0.569,50,0,2334,0,55502,31111,75,24425,0,0,25,0,0,100,24417,0,26741,31087,398,1,111040,20,50
"agent RandomAgent #151",RandomAgent,48.624,0,0.569,50,0,1430,0,24266,14518,75,9780,0,0,25,0,0,100,9787,0,20322,14539,286,2,48624,20,50
"agent RandomAgent #152",RandomAgent,46.583,0,0.569,50,0,1075,0,23382,12973,75,10312,0,0,25,0,0,100,10304,0,20567,12994,389,3,46583,20,50
"agent RandomAgent #153",RandomAgent,21.463,0,0.569,50,0,268,0,10749,5645,75,5095,0,0,25,0,0,100,5103,0,16168,5620,274,0,21463,20,50
"agent RandomAgent #154",RandomAgent,4.102,0,0.569,50,0,125,0,2027,1214,75,853,0,0,25,0,0,100,845,0,3160,1190,127,1,4102,20,50
"agent RandomAgent #155",RandomAgent,8.514,0,0.569,50,0,218,0,4257,2448,75,1795,0,0,25,0,0,100,1802,0,7786,2469,193,2,8514,20,50
"agent RandomAgent #156",RandomAgent,35.257,0,0.569,50,0,995,0,17626,9830,75,7792,0,0,25,0,0,100,7784,0,20931,9851,369,3,35257,20,50
"agent RandomAgent #157",RandomAgent,52.981,0,0.569,50,0,1027,0,26526,14117,75,12382,0,0,25,0,0,100,12390,0,27252,14092,325,0,52981,20,50
"agent RandomAgent #158",RandomAgent,8.688,0,0.569,50,0,265,0,4385,2389,75,1971,0,0,25,0,0,100,1963,0,4178,2365,118,1,8688,20,50
"agent RandomAgent #159",RandomAgent,136.936,0,0.569,50,0,3353,0,68933,36761,75,31693,0,0,25,0,0,100,31700,0,32927,36782,329,2,136936,20,50
"agent RandomAgent #160",RandomAgent,19.355,0,0.569,50,0,357,0,9569,5486,75,4185,0,0,25,0,0,100,4177,0,8032,5507,353,3,19355,20,50
"agent RandomAgent #161",RandomAgent,56.949,0,0.569,50,0,1361,0,28753,15617,75,12866,0,0,25,0,0,100,12874,0,27239,15592,327,0,56949,20,50
"agent RandomAgent #162",RandomAgent,0.828,0,0.569,50,0,4,0,401,252,75,178,0,0,25,0,0,100,170,0,498,228,79,1,828,20,50
"agent RandomAgent #163",RandomAgent,69.376,0,0.569,50,0,1790,0,34576,17901,75,16773,0,0,25,0,0,100,16780,0,24867,17922,372,2,69376,20,50
"agent RandomAgent #164",RandomAgent,9.309,0,0.569,50,0,167,0,4549,2872,75,1776,0,0,25,0,0,100,1768,0,2845,2893,164,3,9309,20,50
"agent RandomAgent #165",RandomAgent,29.417,0,0.569,50,0,745,0,14649,7579,75,7138,0,0,25,0,0,100,7146,0,18081,7554,279,0,29417,20,50
"agent RandomAgent #166",RandomAgent,4.018,0,0.569,50,0,45,0,1988,1147,75,878,0,0,25,0,0,100,870,0,1835,1123,96,1,4018,20,50
"agent RandomAgent #167",RandomAgent,69.628,0,0.569,50,0,1543,0,35011,19026,75,15774,0,0,25,0,0,100,15781,0,20734,19047,378,2,69628,20,50
"agent RandomAgent #168",RandomAgent,25.313,0,0.569,50,0,371,0,12760,5987,75,6663,0,0,25,0,0,100,6655,0,11783,6008,290,3,25313,20,50
"agent RandomAgent #169",RandomAgent,44.293,0,0.569,50,0,986,0,22121,12075,75,10080,0,0,25,0,0,100,10088,0,16045,12050,398,0,44293,20,50
"agent RandomAgent #170",RandomAgent,3.524,0,0.569,50,0,71,0,1779,987,75,791,0,0,25,0,0,100,783,0,1354,963,95,1,3524,20,50
"agent RandomAgent #171",RandomAgent,13.334,0,0.569,50,0,361,0,6648,3667,75,2986,0,0,25,0,0,100,2993,0,7413,3688,217,2,13334,20,50
"agent RandomAgent #172",RandomAgent,39.139,0,0.569,50,0,886,0,19485,10595,75,8968,0,0,25,0,0,100,8960,0,14722,10616,357,3,39139,20,50
"agent RandomAgent #173",RandomAgent,35.335,0,0.569,50,0,560,0,17608,9486,75,8190,0,0,25,0,0,100,8198,0,14816,9461,376,0,35335,20,50
"agent RandomAgent #174",RandomAgent,2.258,0,0.569,50,0,79,0,1122,678,75,467,0,0,25,0,0,100,459,0,1522,654,104,1,2258,20,50
"agent RandomAgent #175",RandomAgent,8.338,0,0.569,50,0,146,0,4168,2291,75,1864,0,0,25,0,0,100,1871,0,4217,2312,207,2,8338,20,50
"agent RandomAgent #176",RandomAgent,63.041,0,0.569,50,0,1177,0,31339,15392,75,16122,0,0,25,0,0,100,16114,0,27062,15413,396,3,63041,20,50
"agent RandomAgent #177",RandomAgent,47.521,0,0.569,50,0,1205,0,24082,12060,75,11709,0,0,25,0,0,100,11717,0,17477,12035,371,0,47521,20,50
"agent RandomAgent #178",RandomAgent,73.402,0,0.569,50,0,1682,0,36880,21264,75,15453,0,0,25,0,0,100,15445,0,16450,21240,381,1,73402,20,50
"agent RandomAgent #179",RandomAgent,33.568,0,0.569,50,0,799,0,16847,9318,75,7452,0,0,25,0,0,100,7459,0,10441,9339,265,2,33568,20,50
"agent RandomAgent #180",RandomAgent,23.499,0,0.569,50,0,520,0,11652,6518,75,5225,0,0,25,0,0,100,5217,0,4521,6539,252,3,23499,20,50
"agent RandomAgent #181",RandomAgent,171.697,0,0.569,50,0,3211,0,85623,45373,75,40484,0,0,25,0,0,100,40492,0,32338,45348,398,0,171697,20,50
"agent RandomAgent #182",RandomAgent,3.8,0,0.569,50,0,100,0,1888,916,75,1000,0,0,25,0,0,100,992,0,1772,892,111,1,3800,20,50
"agent RandomAgent #183",RandomAgent,16.058,0,0.569,50,0,404,0,8006,4697,75,3318,0,0,25,0,0,100,3325,0,5387,4718,241,2,16058,20,50
"agent RandomAgent #184",RandomAgent,12.247,0,0.569,50,0,301,0,6164,3421,75,2696,0,0,25,0,0,100,2688,0,3512,3442,289,3,12247,20,50
"agent RandomAgent #185",RandomAgent,68.331,0,0.569,50,0,1433,0,34091,19138,75,15036,0,0,25,0,0,100,15044,0,20798,19113,359,0,68331,20,50
"agent RandomAgent #186",RandomAgent,167.198,0,0.569,50,0,3625,0,83949,43673,75,39942,0,0,25,0,0,100,39934,0,21226,43649,398,1,167198,20,50
"agent RandomAgent #187",RandomAgent,81.262,0,0.569,50,0,2014,0,40726,21858,75,18759,0,0,25,0,0,100,18766,0,15080,21879,398,2,81262,20,50
"agent RandomAgent #188",RandomAgent,42.491,0,0.569,50,0,940,0,21074,11765,75,9474,0,0,25,0,0,100,9466,0,7327,11786,333,3,42491,20,50
"agent RandomAgent #189",RandomAgent,119.697,0,0.569,50,0,2551,0,60142,31555,75,28302,0,0,25,0,0,100,28310,0,25172,31530,398,0,119697,20,50
"agent RandomAgent #190",RandomAgent,63.038,0,0.569,50,0,1664,0,31708,16466,75,15069,0,0,25,0,0,100,15061,0,12362,16442,398,1,63038,20,50
"agent RandomAgent #191",RandomAgent,101.996,0,0.569,50,0,2013,0,51186,24274,75,26710,0,0,25,0,0,100,26717,0,15921,24295,330,2,101996,20,50
"agent RandomAgent #192",RandomAgent,16.737,0,0.569,50,0,367,0,8347,4526,75,3836,0,0,25,0,0,100,3828,0,3861,4547,240,3,16737,20,50
"agent RandomAgent #193",RandomAgent,24.381,0,0.569,50,0,369,0,12073,6078,75,6121,0,0,25,0,0,100,6129,0,7586,6053,272,0,24381,20,50
"agent RandomAgent #194",RandomAgent,4.782,0,0.569,50,0,102,0,2409,1216,75,1191,0,0,25,0,0,100,1183,0,1465,1192,109,1,4782,20,50
"agent RandomAgent #195",RandomAgent,70.352,0,0.569,50,0,1383,0,35190,17857,75,17305,0,0,25,0,0,100,17312,0,10454,17878,371,2,70352,20,50
"agent RandomAgent #196",RandomAgent,13.573,0,0.569,50,0,347,0,6760,4179,75,2601,0,0,25,0,0,100,2593,0,2760,4200,245,3,13573,20,50
"agent RandomAgent #197",RandomAgent,42.585,0,0.569,50,0,820,0,21296,11128,75,10173,0,0,25,0,0,100,10181,0,10596,11103,319,0,42585,20,50
"agent RandomAgent #198",RandomAgent,49.28,0,0.569,50,0,1034,0,24708,13456,75,11200,0,0,25,0,0,100,11192,0,5982,13432,323,1,49280,20,50
"agent RandomAgent #199",RandomAgent,45.184,0,0.569,50,0,1422,0,22638,13147,75,9431,0,0,25,0,0,100,9438,0,5202,13168,290,2,45184,20,50
"agent RandomAgent #200",RandomAgent,153.083,0,0.569,50,0,3014,0,76910,39589,75,36946,0,0,25,0,0,100,36938,0,23852,39610,323,3,153083,20,50
"agent RandomAgent #201",RandomAgent,46.977,0,0.569,50,0,1136,0,23663,12408,75,11089,0,0,25,0,0,100,11097,0,7835,12383,373,0,46977,20,50
"agent RandomAgent #202",RandomAgent,11.29,0,0.569,50,0,486,0,5569,3222,75,2439,0,0,25,0,0,100,2431,0,1151,3198,123,1,11290,20,50
"agent RandomAgent #203",RandomAgent,158.474,0,0.569,50,0,3001,0,79422,40346,75,38877,0,0,25,0,0,100,38884,0,12504,40367,365,2,158474,20,50
"agent RandomAgent #204",RandomAgent,112.561,0,0.569,50,0,2597,0,56585,29061,75,27213,0,0,25,0,0,100,27205,0,14065,29082,398,3,112561,20,50
"agent RandomAgent #205",RandomAgent,144.339,0,0.569,50,0,3299,0,72532,36866,75,35312,0,0,25,0,0,100,35320,0,15683,36841,321,0,144339,20,50
"agent RandomAgent #206",RandomAgent,4.242,0,0.569,50,0,109,0,2071,1111,75,1026,0,0,25,0,0,100,1018,0,194,1087,124,1,4242,20,50
"agent RandomAgent #207",RandomAgent,24.292,0,0.569,50,0,484,0,12157,6405,75,5727,0,0,25,0,0,100,5734,0,3139,6426,329,2,24292,20,50
"agent RandomAgent #208",RandomAgent,249.783,0,0.569,50,0,5453,0,125699,63949,75,60936,0,0,25,0,0,100,60928,0,12492,63970,359,3,249783,20,50
"agent RandomAgent #209",RandomAgent,121.859,0,0.569,50,0,2426,0,60938,32722,75,28216,0,0,25,0,0,100,28224,0,10208,32697,398,0,121859,20,50
"agent RandomAgent #210",RandomAgent,21.454,0,0.569,50,0,771,0,10817,6432,75,4311,0,0,25,0,0,100,4303,0,1183,6408,219,1,21454,20,50
"agent RandomAgent #211",RandomAgent,14.872,0,0.569,50,0,342,0,7406,4236,75,3186,0,0,25,0,0,100,3193,0,1841,4257,214,2,14872,20,50
"agent RandomAgent #212",RandomAgent,80.347,0,0.569,50,0,1874,0,40335,21624,75,18543,0,0,25,0,0,100,18535,0,8606,21645,398,3,80347,20,50
"agent RandomAgent #213",RandomAgent,76.341,0,0.569,50,0,1942,0,38197,19903,75,18276,0,0,25,0,0,100,18284,0,5691,19878,398,0,76341,20,50
"agent RandomAgent #214",RandomAgent,13.398,0,0.569,50,0,284,0,6646,3882,75,2833,0,0,25,0,0,100,2825,0,760,3858,247,1,13398,20,50
"agent RandomAgent #215",RandomAgent,83.138,0,0.569,50,0,1501,0,41560,23116,75,18439,0,0,25,0,0,100,18446,0,3517,23137,383,2,83138,20,50
"agent RandomAgent #216",RandomAgent,61.649,0,0.569,50,0,1359,0,30841,17776,75,13042,0,0,25,0,0,100,13034,0,4619,17797,328,3,61649,20,50
"agent RandomAgent #217",RandomAgent,48.643,0,0.569,50,0,899,0,24288,12574,75,11756,0,0,25,0,0,100,11764,0,3362,12549,302,0,48643,20,50
"agent RandomAgent #218",RandomAgent,7.628,0,0.569,50,0,214,0,3758,2309,75,1521,0,0,25,0,0,100,1513,0,111,2285,133,1,7628,20,50
"agent RandomAgent #219",RandomAgent,14.838,0,0.569,50,0,288,0,7445,4397,75,3008,0,0,25,0,0,100,3015,0,714,4418,211,2,14838,20,50
"agent RandomAgent #220",RandomAgent,152.337,0,0.569,50,0,2912,0,76314,39449,75,36713,0,0,25,0,0,100,36705,0,5264,39470,366,3,152337,20,50
"agent RandomAgent #221",RandomAgent,167.615,0,0.569,50,0,3587,0,84053,43200,75,40616,0,0,25,0,0,100,40624,0,3060,43175,398,0,167615,20,50
"agent RandomAgent #222",RandomAgent,2.836,0,0.569,50,0,48,0,1353,814,75,620,0,0,25,0,0,100,612,0,0,790,120,1,2836,20,50
"agent RandomAgent #223",RandomAgent,8.116,0,0.569,50,0,241,0,4081,2195,75,1849,0,0,25,0,0,100,1856,0,109,2216,186,2,8116,20,50
"agent RandomAgent #224",RandomAgent,117.705,0,0.569,50,0,3033,0,59008,30970,75,27876,0,0,25,0,0,100,27868,0,690,30991,398,3,117705,20,50
"agent RandomAgent #225",RandomAgent,87.953,0,0.569,50,0,1598,0,43786,23579,75,20406,0,0,25,0,0,100,20414,0,0,23554,351,0,87953,20,50
"agent NegotiatingAgent #226",NegotiatingAgent,0.086,40,0.569,50,6,2,0,2,37,75,22,10,15,25,0,0,100,14,0,53,13,75,1,86,20,50
"agent NegotiatingAgent #227",NegotiatingAgent,0.296,1374,0.569,50,23,7,0,7,74,75,60,40,167,25,0,0,100,67,0,343,95,215,2,296,20,50
"agent NegotiatingAgent #228",NegotiatingAgent,0.285,1017,0.569,50,25,6,0,6,70,75,66,74,188,25,11,1,100,58,0,381,91,194,3,285,20,50
"agent NegotiatingAgent #229",NegotiatingAgent,0.247,1844,0.569,50,41,3,0,3,78,75,54,71,117,25,0,0,100,62,0,215,53,230,0,247,20,50
"agent NegotiatingAgent #230",NegotiatingAgent,0.09,324,0.569,50,12,3,0,3,39,75,22,33,34,25,1,3,100,14,0,62,15,77,1,90,20,50
"agent NegotiatingAgent #231",NegotiatingAgent,0.21,639,0.569,50,22,5,0,5,50,75,41,41,118,25,1,0,100,48,0,241,71,172,2,210,20,50
"agent NegotiatingAgent #232",NegotiatingAgent,0.417,4406,0.569,50,87,8,0,8,100,75,102,177,250,25,0,3,100,94,0,601,121,260,3,417,20,50
"agent NegotiatingAgent #233",NegotiatingAgent,0.403,731,0.569,50,23,9,0,9,126,75,84,71,157,25,0,11,100,92,0,382,101,308,0,403,20,50
"agent NegotiatingAgent #234",NegotiatingAgent,0.576,2574,0.569,50,42,10,0,11,164,75,140,88,286,25,5,0,100,132,0,457,140,320,1,576,20,50
"agent NegotiatingAgent #235",NegotiatingAgent,0.19,455,0.569,50,19,5,0,5,42,75,39,59,100,25,5,4,100,46,0,221,63,162,2,190,20,50
"agent NegotiatingAgent #236",NegotiatingAgent,0.385,699,0.569,50,18,5,0,5,86,75,100,39,118,25,4,0,100,92,0,226,107,244,3,385,20,50
"agent NegotiatingAgent #237",NegotiatingAgent,0.351,200,0.569,50,13,6,0,6,102,75,82,47,178,25,2,9,100,90,0,384,77,282,0,351,20,50
"agent NegotiatingAgent #238",NegotiatingAgent,0.07,0,0.569,50,2,2,0,2,33,75,18,4,12,25,1,0,100,10,0,60,9,67,1,70,20,50
"agent NegotiatingAgent #239",NegotiatingAgent,0.182,473,0.569,50,14,3,0,3,40,75,37,58,91,25,7,6,100,44,0,199,61,158,2,182,20,50
"agent NegotiatingAgent #240",NegotiatingAgent,0.549,2158,0.569,50,46,12,0,12,134,75,134,165,280,25,9,15,100,126,0,604,155,326,3,549,20,50
"agent NegotiatingAgent #241",NegotiatingAgent,0.307,751,0.569,50,23,3,0,3,96,75,66,116,167,25,26,7,100,74,0,259,71,260,0,307,20,50
"agent NegotiatingAgent #242",NegotiatingAgent,0.444,1250,0.569,50,18,5,0,7,132,75,106,84,156,25,15,2,100,98,0,266,108,254,1,444,20,50
"agent NegotiatingAgent #243",NegotiatingAgent,0.484,3686,0.569,50,40,6,0,7,115,75,113,166,280,25,20,7,100,120,0,508,136,309,2,484,20,50
"agent NegotiatingAgent #244",NegotiatingAgent,0.377,198,0.569,50,4,4,0,4,84,75,98,141,175,25,41,6,100,90,0,245,105,240,3,377,20,50
"agent NegotiatingAgent #245",NegotiatingAgent,0.495,384,0.569,50,10,7,0,7,146,75,110,78,242,25,16,5,100,118,0,460,121,354,0,495,20,50
"agent NegotiatingAgent #246",NegotiatingAgent,0.426,964,0.569,50,11,6,0,8,137,75,92,142,167,25,36,2,100,84,0,161,113,245,1,426,20,50
"agent NegotiatingAgent #247",NegotiatingAgent,0.4,84,0.569,50,4,3,0,4,90,75,96,203,239,25,63,5,100,103,0,287,111,267,2,400,20,50
"agent NegotiatingAgent #248",NegotiatingAgent,0.345,0,0.569,50,0,3,0,4,88,75,78,60,196,25,20,5,100,70,0,451,109,224,3,345,20,50
"agent NegotiatingAgent #249",NegotiatingAgent,0.247,76,0.569,50,1,2,0,2,78,75,54,68,66,25,15,14,100,62,0,97,53,230,0,247,20,50
"agent NegotiatingAgent #250",NegotiatingAgent,0.46,0,0.569,50,0,8,0,10,138,75,108,88,175,25,34,2,100,100,0,170,114,262,1,460,20,50
