agentName,agentType,averageSpeed,cumulatedUtilityReceived,freeWallRatio,numBacktrackAgents,numCFPAnswered,numDeadends,numDifferentEncounters,numDirectionChanges,numDownSteps,numForwardAgents,numLeftSteps,numMessagesReceived,numMessagesSent,numNegotiatingAgents,numProposalsAccepted,numProposalsRejected,numRandomAgents,numRightSteps,numSwarmAgents,numTotalEncounters,numUpSteps,numVisitedCells,startingPosition,stepsToExit,xsize,ysize
"agent BacktrackAgent #1",BacktrackAgent,0.437,0,0.569,100,0,13,0,13,121,0,106,0,0,0,0,0,0,114,0,1915,96,346,0,437,20,50
"agent BacktrackAgent #2",BacktrackAgent,0.45,0,0.569,100,0,16,0,16,131,0,110,0,0,0,0,0,0,102,0,774,107,326,1,450,20,50
"agent BacktrackAgent #3",BacktrackAgent,0.69,0,0.569,100,0,19,0,19,159,0,172,0,0,0,0,0,0,179,0,834,180,385,2,690,20,50
"agent BacktrackAgent #4",BacktrackAgent,0.063,0,0.569,100,0,0,0,0,7,0,18,0,0,0,0,0,0,10,0,101,28,64,3,63,20,50
"agent BacktrackAgent #5",BacktrackAgent,0.461,0,0.569,100,0,13,0,13,125,0,114,0,0,0,0,0,0,122,0,835,100,358,0,461,20,50
"agent BacktrackAgent #6",BacktrackAgent,0.452,0,0.569,100,0,10,0,10,116,0,126,0,0,0,0,0,0,118,0,221,92,327,1,452,20,50
"agent BacktrackAgent #7",BacktrackAgent,0.692,0,0.569,100,0,20,0,20,161,0,171,0,0,0,0,0,0,178,0,192,182,386,2,692,20,50
"agent BacktrackAgent #8",BacktrackAgent,0.127,0,0.569,100,0,5,0,5,21,0,36,0,0,0,0,0,0,28,0,40,42,96,3,127,20,50
"agent BacktrackAgent #9",BacktrackAgent,0.493,0,0.569,100,0,13,0,13,135,0,120,0,0,0,0,0,0,128,0,0,110,374,0,493,20,50
"agent BacktrackAgent #10",BacktrackAgent,0.282,0,0.569,100,0,5,0,5,85,0,72,0,0,0,0,0,0,64,0,574,61,242,1,282,20,50
"agent BacktrackAgent #11",BacktrackAgent,0.156,0,0.569,100,0,5,0,5,27,0,37,0,0,0,0,0,0,44,0,355,48,118,2,156,20,50
"agent BacktrackAgent #12",BacktrackAgent,0.163,0,0.569,100,0,6,0,6,23,0,52,0,0,0,0,0,0,44,0,721,44,114,3,163,20,50
"agent BacktrackAgent #13",BacktrackAgent,0.557,0,0.569,100,0,19,0,19,147,0,140,0,0,0,0,0,0,148,0,1977,122,406,0,557,20,50
"agent BacktrackAgent #14",BacktrackAgent,0.52,0,0.569,100,0,15,0,15,142,0,134,0,0,0,0,0,0,126,0,1070,118,361,1,520,20,50
"agent BacktrackAgent #15",BacktrackAgent,0.698,0,0.569,100,0,19,0,19,165,0,170,0,0,0,0,0,0,177,0,1126,186,389,2,698,20,50
"agent BacktrackAgent #16",BacktrackAgent,0.723,0,0.569,100,0,21,0,21,165,0,190,0,0,0,0,0,0,182,0,1823,186,394,3,723,20,50
"agent BacktrackAgent #17",BacktrackAgent,0.453,0,0.569,100,0,12,0,12,121,0,114,0,0,0,0,0,0,122,0,1855,96,354,0,453,20,50
"agent BacktrackAgent #18",BacktrackAgent,0.394,0,0.569,100,0,12,0,12,115,0,98,0,0,0,0,0,0,90,0,569,91,298,1,394,20,50
"agent BacktrackAgent #19",BacktrackAgent,0.13,0,0.569,100,0,2,0,2,17,0,34,0,0,0,0,0,0,41,0,520,38,105,2,130,20,50
"agent BacktrackAgent #20",BacktrackAgent,0.771,0,0.569,100,0,23,0,23,175,0,204,0,0,0,0,0,0,196,0,1488,196,418,3,771,20,50
"agent BacktrackAgent #21",BacktrackAgent,0.377,0,0.569,100,0,9,0,9,99,0,98,0,0,0,0,0,0,106,0,1390,74,316,0,377,20,50
"agent BacktrackAgent #22",BacktrackAgent,0.344,0,0.569,100,0,9,0,9,104,0,84,0,0,0,0,0,0,76,0,229,80,273,1,344,20,50
"agent BacktrackAgent #23",BacktrackAgent,0.666,0,0.569,100,0,18,0,18,157,0,162,0,0,0,0,0,0,169,0,716,178,373,2,666,20,50
"agent BacktrackAgent #24",BacktrackAgent,0.767,0,0.569,100,0,22,0,22,173,0,204,0,0,0,0,0,0,196,0,1318,194,416,3,767,20,50
"agent BacktrackAgent #25",BacktrackAgent,0.469,0,0.569,100,0,12,0,12,123,0,120,0,0,0,0,0,0,128,0,1561,98,362,0,469,20,50
"agent BacktrackAgent #26",BacktrackAgent,0.442,0,0.569,100,0,12,0,12,119,0,118,0,0,0,0,0,0,110,0,1273,95,322,1,442,20,50
"agent BacktrackAgent #27",BacktrackAgent,0.184,0,0.569,100,0,7,0,7,37,0,41,0,0,0,0,0,0,48,0,263,58,132,2,184,20,50
"agent BacktrackAgent #28",BacktrackAgent,0.687,0,0.569,100,0,18,0,18,161,0,176,0,0,0,0,0,0,168,0,433,182,376,3,687,20,50
"agent BacktrackAgent #29",BacktrackAgent,0.389,0,0.569,100,0,10,0,10,107,0,96,0,0,0,0,0,0,104,0,1317,82,322,0,389,20,50
"agent BacktrackAgent #30",BacktrackAgent,0.388,0,0.569,100,0,8,0,8,98,0,112,0,0,0,0,0,0,104,0,847,74,295,1,388,20,50
"agent BacktrackAgent #31",BacktrackAgent,0.142,0,0.569,100,0,3,0,3,21,0,36,0,0,0,0,0,0,43,0,181,42,111,2,142,20,50
"agent BacktrackAgent #32",BacktrackAgent,0.091,0,0.569,100,0,2,0,2,17,0,22,0,0,0,0,0,0,14,0,244,38,78,3,91,20,50
"agent BacktrackAgent #33",BacktrackAgent,0.413,0,0.569,100,0,10,0,10,113,0,102,0,0,0,0,0,0,110,0,1305,88,334,0,413,20,50
"agent BacktrackAgent #34",BacktrackAgent,0.366,0,0.569,100,0,10,0,10,105,0,94,0,0,0,0,0,0,86,0,846,81,284,1,366,20,50
"agent BacktrackAgent #35",BacktrackAgent,0.158,0,0.569,100,0,4,0,4,27,0,38,0,0,0,0,0,0,45,0,472,48,119,2,158,20,50
"agent BacktrackAgent #36",BacktrackAgent,0.079,0,0.569,100,0,1,0,1,9,0,24,0,0,0,0,0,0,16,0,139,30,72,3,79,20,50
"agent BacktrackAgent #37",BacktrackAgent,0.477,0,0.569,100,0,15,0,15,131,0,116,0,0,0,0,0,0,124,0,1428,106,366,0,477,20,50
"agent BacktrackAgent #38",BacktrackAgent,0.266,0,0.569,100,0,7,0,7,83,0,66,0,0,0,0,0,0,58,0,313,59,234,1,266,20,50
"agent BacktrackAgent #39",BacktrackAgent,0.15,0,0.569,100,0,4,0,4,21,0,40,0,0,0,0,0,0,47,0,302,42,115,2,150,20,50
"agent BacktrackAgent #40",BacktrackAgent,0.739,0,0.569,100,0,20,0,20,169,0,194,0,0,0,0,0,0,186,0,1069,190,402,3,739,20,50
"agent BacktrackAgent #41",BacktrackAgent,0.429,0,0.569,100,0,11,0,11,115,0,108,0,0,0,0,0,0,116,0,1109,90,342,0,429,20,50
"agent BacktrackAgent #42",BacktrackAgent,0.52,0,0.569,100,0,15,0,15,132,0,144,0,0,0,0,0,0,136,0,806,108,361,1,520,20,50
"agent BacktrackAgent #43",BacktrackAgent,0.712,0,0.569,100,0,21,0,21,171,0,171,0,0,0,0,0,0,178,0,1047,192,396,2,712,20,50
"agent BacktrackAgent #44",BacktrackAgent,0.143,0,0.569,100,0,6,0,6,23,0,42,0,0,0,0,0,0,34,0,509,44,104,3,143,20,50
"agent BacktrackAgent #45",BacktrackAgent,0.417,0,0.569,100,0,11,0,11,113,0,104,0,0,0,0,0,0,112,0,1424,88,336,0,417,20,50
"agent BacktrackAgent #46",BacktrackAgent,0.446,0,0.569,100,0,11,0,11,121,0,118,0,0,0,0,0,0,110,0,1108,97,324,1,446,20,50
"agent BacktrackAgent #47",BacktrackAgent,0.698,0,0.569,100,0,20,0,20,159,0,176,0,0,0,0,0,0,183,0,660,180,389,2,698,20,50
"agent BacktrackAgent #48",BacktrackAgent,0.187,0,0.569,100,0,7,0,7,31,0,56,0,0,0,0,0,0,48,0,396,52,126,3,187,20,50
"agent BacktrackAgent #49",BacktrackAgent,0.417,0,0.569,100,0,11,0,11,111,0,106,0,0,0,0,0,0,114,0,1057,86,336,0,417,20,50
"agent BacktrackAgent #50",BacktrackAgent,0.302,0,0.569,100,0,9,0,9,95,0,72,0,0,0,0,0,0,64,0,299,71,252,1,302,20,50
"agent BacktrackAgent #51",BacktrackAgent,0.16,0,0.569,100,0,5,0,5,25,0,41,0,0,0,0,0,0,48,0,259,46,120,2,160,20,50
"agent BacktrackAgent #52",BacktrackAgent,0.123,0,0.569,100,0,4,0,4,19,0,36,0,0,0,0,0,0,28,0,287,40,94,3,123,20,50
"agent BacktrackAgent #53",BacktrackAgent,0.425,0,0.569,100,0,12,0,12,117,0,104,0,0,0,0,0,0,112,0,1210,92,340,0,425,20,50
"agent BacktrackAgent #54",BacktrackAgent,0.422,0,0.569,100,0,11,0,11,113,0,114,0,0,0,0,0,0,106,0,789,89,312,1,422,20,50
"agent BacktrackAgent #55",BacktrackAgent,0.678,0,0.569,100,0,18,0,18,155,0,170,0,0,0,0,0,0,177,0,316,176,379,2,678,20,50
"agent BacktrackAgent #56",BacktrackAgent,0.143,0,0.569,100,0,5,0,5,29,0,36,0,0,0,0,0,0,28,0,154,50,104,3,143,20,50
"agent BacktrackAgent #57",BacktrackAgent,0.489,0,0.569,100,0,16,0,16,139,0,114,0,0,0,0,0,0,122,0,860,114,372,0,489,20,50
"agent BacktrackAgent #58",BacktrackAgent,0.356,0,0.569,100,0,9,0,9,104,0,90,0,0,0,0,0,0,82,0,124,80,279,1,356,20,50
"agent BacktrackAgent #59",BacktrackAgent,0.216,0,0.569,100,0,7,0,7,41,0,53,0,0,0,0,0,0,60,0,143,62,148,2,216,20,50
"agent BacktrackAgent #60",BacktrackAgent,0.087,0,0.569,100,0,1,0,1,15,0,22,0,0,0,0,0,0,14,0,57,36,76,3,87,20,50
"agent BacktrackAgent #61",BacktrackAgent,0.449,0,0.569,100,0,12,0,12,117,0,116,0,0,0,0,0,0,124,0,834,92,352,0,449,20,50
"agent BacktrackAgent #62",BacktrackAgent,0.484,0,0.569,100,0,13,0,13,126,0,132,0,0,0,0,0,0,124,0,676,102,343,1,484,20,50
"agent BacktrackAgent #63",BacktrackAgent,0.648,0,0.569,100,0,17,0,17,151,0,159,0,0,0,0,0,0,166,0,352,172,364,2,648,20,50
"agent BacktrackAgent #64",BacktrackAgent,0.791,0,0.569,100,0,23,0,23,181,0,208,0,0,0,0,0,0,200,0,678,202,428,3,791,20,50
"agent BacktrackAgent #65",BacktrackAgent,0.533,0,0.569,100,0,16,0,16,143,0,132,0,0,0,0,0,0,140,0,656,118,394,0,533,20,50
"agent BacktrackAgent #66",BacktrackAgent,0.428,0,0.569,100,0,9,0,9,114,0,116,0,0,0,0,0,0,108,0,420,90,315,1,428,20,50
"agent BacktrackAgent #67",BacktrackAgent,0.138,0,0.569,100,0,4,0,4,21,0,34,0,0,0,0,0,0,41,0,198,42,109,2,138,20,50
"agent BacktrackAgent #68",BacktrackAgent,0.163,0,0.569,100,0,6,0,6,23,0,52,0,0,0,0,0,0,44,0,248,44,114,3,163,20,50
"agent BacktrackAgent #69",BacktrackAgent,0.509,0,0.569,100,0,15,0,15,141,0,122,0,0,0,0,0,0,130,0,659,116,382,0,509,20,50
"agent BacktrackAgent #70",BacktrackAgent,0.47,0,0.569,100,0,12,0,12,127,0,124,0,0,0,0,0,0,116,0,297,103,336,1,470,20,50
"agent BacktrackAgent #71",BacktrackAgent,0.092,0,0.569,100,0,2,0,2,15,0,17,0,0,0,0,0,0,24,0,97,36,86,2,92,20,50
"agent BacktrackAgent #72",BacktrackAgent,0.771,0,0.569,100,0,23,0,23,175,0,204,0,0,0,0,0,0,196,0,385,196,418,3,771,20,50
"agent BacktrackAgent #73",BacktrackAgent,0.357,0,0.569,100,0,9,0,9,97,0,90,0,0,0,0,0,0,98,0,486,72,306,0,357,20,50
"agent BacktrackAgent #74",BacktrackAgent,0.626,0,0.569,100,0,20,0,20,163,0,166,0,0,0,0,0,0,158,0,330,139,414,1,626,20,50
"agent BacktrackAgent #75",BacktrackAgent,0.626,0,0.569,100,0,16,0,16,147,0,152,0,0,0,0,0,0,159,0,333,168,353,2,626,20,50
"agent BacktrackAgent #76",BacktrackAgent,0.703,0,0.569,100,0,19,0,19,161,0,184,0,0,0,0,0,0,176,0,217,182,384,3,703,20,50
"agent BacktrackAgent #77",BacktrackAgent,0.441,0,0.569,100,0,14,0,14,123,0,106,0,0,0,0,0,0,114,0,412,98,348,0,441,20,50
"agent BacktrackAgent #78",BacktrackAgent,0.448,0,0.569,100,0,10,0,10,120,0,120,0,0,0,0,0,0,112,0,41,96,325,1,448,20,50
"agent BacktrackAgent #79",BacktrackAgent,0.776,0,0.569,100,0,23,0,23,179,0,195,0,0,0,0,0,0,202,0,370,200,428,2,776,20,50
"agent BacktrackAgent #80",BacktrackAgent,0.067,0,0.569,100,0,1,0,1,9,0,18,0,0,0,0,0,0,10,0,42,30,66,3,67,20,50
"agent BacktrackAgent #81",BacktrackAgent,0.441,0,0.569,100,0,12,0,12,117,0,112,0,0,0,0,0,0,120,0,362,92,348,0,441,20,50
"agent BacktrackAgent #82",BacktrackAgent,0.276,0,0.569,100,0,8,0,8,90,0,64,0,0,0,0,0,0,56,0,60,66,239,1,276,20,50
"agent BacktrackAgent #83",BacktrackAgent,0.158,0,0.569,100,0,4,0,4,27,0,38,0,0,0,0,0,0,45,0,97,48,119,2,158,20,50
"agent BacktrackAgent #84",BacktrackAgent,0.743,0,0.569,100,0,21,0,21,171,0,194,0,0,0,0,0,0,186,0,88,192,404,3,743,20,50
"agent BacktrackAgent #85",BacktrackAgent,0.425,0,0.569,100,0,9,0,9,119,0,102,0,0,0,0,0,0,110,0,342,94,340,0,425,20,50
"agent BacktrackAgent #86",BacktrackAgent,0.306,0,0.569,100,0,8,0,8,93,0,76,0,0,0,0,0,0,68,0,83,69,254,1,306,20,50
"agent BacktrackAgent #87",BacktrackAgent,0.174,0,0.569,100,0,5,0,5,29,0,44,0,0,0,0,0,0,51,0,8,50,127,2,174,20,50
"agent BacktrackAgent #88",BacktrackAgent,0.159,0,0.569,100,0,6,0,6,31,0,42,0,0,0,0,0,0,34,0,13,52,112,3,159,20,50
"agent BacktrackAgent #89",BacktrackAgent,0.437,0,0.569,100,0,12,0,12,123,0,104,0,0,0,0,0,0,112,0,357,98,346,0,437,20,50
"agent BacktrackAgent #90",BacktrackAgent,0.438,0,0.569,100,0,16,0,16,127,0,108,0,0,0,0,0,0,100,0,30,103,320,1,438,20,50
"agent BacktrackAgent #91",BacktrackAgent,0.69,0,0.569,100,0,19,0,19,159,0,172,0,0,0,0,0,0,179,0,18,180,385,2,690,20,50
"agent BacktrackAgent #92",BacktrackAgent,0.095,0,0.569,100,0,2,0,2,9,0,32,0,0,0,0,0,0,24,0,1,30,80,3,95,20,50
"agent BacktrackAgent #93",BacktrackAgent,0.449,0,0.569,100,0,13,0,13,125,0,108,0,0,0,0,0,0,116,0,165,100,352,0,449,20,50
"agent BacktrackAgent #94",BacktrackAgent,0.384,0,0.569,100,0,10,0,10,118,0,90,0,0,0,0,0,0,82,0,10,94,293,1,384,20,50
"agent BacktrackAgent #95",BacktrackAgent,0.104,0,0.569,100,0,2,0,2,15,0,23,0,0,0,0,0,0,30,0,13,36,92,2,104,20,50
"agent BacktrackAgent #96",BacktrackAgent,0.715,0,0.569,100,0,18,0,18,167,0,184,0,0,0,0,0,0,176,0,6,188,390,3,715,20,50
"agent BacktrackAgent #97",BacktrackAgent,0.397,0,0.569,100,0,10,0,10,115,0,92,0,0,0,0,0,0,100,0,98,90,326,0,397,20,50
"agent BacktrackAgent #98",BacktrackAgent,0.55,0,0.569,100,0,17,0,17,143,0,148,0,0,0,0,0,0,140,0,8,119,376,1,550,20,50
"agent BacktrackAgent #99",BacktrackAgent,0.752,0,0.569,100,0,22,0,22,171,0,191,0,0,0,0,0,0,198,0,6,192,416,2,752,20,50
"agent BacktrackAgent #100",BacktrackAgent,0.115,0,0.569,100,0,3,0,3,19,0,32,0,0,0,0,0,0,24,0,244,40,90,3,115,20,50
