agentName,agentType,averageSpeed,cumulatedUtilityReceived,freeWallRatio,numBacktrackAgents,numCFPAnswered,numDeadends,numDifferentEncounters,numDirectionChanges,numDownSteps,numForwardAgents,numLeftSteps,numMessagesReceived,numMessagesSent,numNegotiatingAgents,numProposalsAccepted,numProposalsRejected,numRandomAgents,numRightSteps,numSwarmAgents,numTotalEncounters,numUpSteps,numVisitedCells,startingPosition,stepsToExit,xsize,ysize
"agent BacktrackAgent #1",BacktrackAgent,0.193,0,0.569,50,0,3,0,3,68,75,36,0,0,25,0,0,100,45,0,2277,44,188,0,193,20,50
"agent BacktrackAgent #2",BacktrackAgent,0.716,0,0.569,50,0,17,0,17,211,75,162,0,0,25,0,0,100,155,0,2118,188,408,1,716,20,50
"agent BacktrackAgent #3",BacktrackAgent,0.43,0,0.569,50,0,8,0,8,108,75,92,0,0,25,0,0,100,100,0,1154,130,312,2,430,20,50
"agent BacktrackAgent #4",BacktrackAgent,0.259,0,0.569,50,0,9,0,9,64,75,58,0,0,25,0,0,100,51,0,814,86,234,3,259,20,50
"agent BacktrackAgent #5",BacktrackAgent,0.217,0,0.569,50,0,6,0,6,72,75,44,0,0,25,0,0,100,53,0,1716,48,200,0,217,20,50
"agent BacktrackAgent #6",BacktrackAgent,0.114,0,0.569,50,0,4,0,4,44,75,28,0,0,25,0,0,100,21,0,268,21,107,1,114,20,50
"agent BacktrackAgent #7",BacktrackAgent,0.304,0,0.569,50,0,9,0,9,74,75,63,0,0,25,0,0,100,71,0,653,96,249,2,304,20,50
"agent BacktrackAgent #8",BacktrackAgent,0.259,0,0.569,50,0,7,0,7,64,75,58,0,0,25,0,0,100,51,0,871,86,234,3,259,20,50
"agent BacktrackAgent #9",BacktrackAgent,0.209,0,0.569,50,0,4,0,4,74,75,38,0,0,25,0,0,100,47,0,1605,50,196,0,209,20,50
"agent BacktrackAgent #10",BacktrackAgent,0.712,0,0.569,50,0,16,0,16,209,75,162,0,0,25,0,0,100,155,0,2335,186,406,1,712,20,50
"agent BacktrackAgent #11",BacktrackAgent,0.234,0,0.569,50,0,6,0,6,56,75,46,0,0,25,0,0,100,54,0,892,78,214,2,234,20,50
"agent BacktrackAgent #12",BacktrackAgent,0.467,0,0.569,50,0,14,0,14,114,75,112,0,0,25,0,0,100,105,0,943,136,338,3,467,20,50
"agent BacktrackAgent #13",BacktrackAgent,0.625,0,0.569,50,0,14,0,14,184,75,136,0,0,25,0,0,100,145,0,2177,160,404,0,625,20,50
"agent BacktrackAgent #14",BacktrackAgent,0.13,0,0.569,50,0,5,0,5,48,75,32,0,0,25,0,0,100,25,0,706,25,115,1,130,20,50
"agent BacktrackAgent #15",BacktrackAgent,0.63,0,0.569,50,0,16,0,16,164,75,136,0,0,25,0,0,100,144,0,1645,186,412,2,630,20,50
"agent BacktrackAgent #16",BacktrackAgent,0.591,0,0.569,50,0,14,0,14,150,75,138,0,0,25,0,0,100,131,0,2070,172,400,3,591,20,50
"agent BacktrackAgent #17",BacktrackAgent,0.193,0,0.569,50,0,3,0,3,70,75,34,0,0,25,0,0,100,43,0,1272,46,188,0,193,20,50
"agent BacktrackAgent #18",BacktrackAgent,0.114,0,0.569,50,0,4,0,4,44,75,28,0,0,25,0,0,100,21,0,646,21,107,1,114,20,50
"agent BacktrackAgent #19",BacktrackAgent,0.356,0,0.569,50,0,6,0,6,90,75,73,0,0,25,0,0,100,81,0,591,112,275,2,356,20,50
"agent BacktrackAgent #20",BacktrackAgent,0.447,0,0.569,50,0,11,0,11,112,75,104,0,0,25,0,0,100,97,0,702,134,328,3,447,20,50
"agent BacktrackAgent #21",BacktrackAgent,0.205,0,0.569,50,0,3,0,3,70,75,40,0,0,25,0,0,100,49,0,2163,46,194,0,205,20,50
"agent BacktrackAgent #22",BacktrackAgent,0.11,0,0.569,50,0,3,0,3,40,75,30,0,0,25,0,0,100,23,0,506,17,105,1,110,20,50
"agent BacktrackAgent #23",BacktrackAgent,0.3,0,0.569,50,0,8,0,8,74,75,61,0,0,25,0,0,100,69,0,1083,96,247,2,300,20,50
"agent BacktrackAgent #24",BacktrackAgent,0.611,0,0.569,50,0,16,0,16,156,75,142,0,0,25,0,0,100,135,0,1659,178,410,3,611,20,50
"agent BacktrackAgent #25",BacktrackAgent,0.197,0,0.569,50,0,4,0,4,70,75,36,0,0,25,0,0,100,45,0,2200,46,190,0,197,20,50
"agent BacktrackAgent #26",BacktrackAgent,0.712,0,0.569,50,0,16,0,16,211,75,160,0,0,25,0,0,100,153,0,2447,188,406,1,712,20,50
"agent BacktrackAgent #27",BacktrackAgent,0.612,0,0.569,50,0,15,0,15,160,75,131,0,0,25,0,0,100,139,0,1375,182,403,2,612,20,50
"agent BacktrackAgent #28",BacktrackAgent,0.599,0,0.569,50,0,14,0,14,150,75,142,0,0,25,0,0,100,135,0,955,172,404,3,599,20,50
"agent BacktrackAgent #29",BacktrackAgent,0.213,0,0.569,50,0,5,0,5,72,75,42,0,0,25,0,0,100,51,0,1227,48,198,0,213,20,50
"agent BacktrackAgent #30",BacktrackAgent,0.114,0,0.569,50,0,4,0,4,44,75,28,0,0,25,0,0,100,21,0,516,21,107,1,114,20,50
"agent BacktrackAgent #31",BacktrackAgent,0.21,0,0.569,50,0,4,0,4,46,75,44,0,0,25,0,0,100,52,0,1060,68,202,2,210,20,50
"agent BacktrackAgent #32",BacktrackAgent,0.383,0,0.569,50,0,9,0,9,96,75,88,0,0,25,0,0,100,81,0,1011,118,296,3,383,20,50
"agent BacktrackAgent #33",BacktrackAgent,0.209,0,0.569,50,0,4,0,4,74,75,38,0,0,25,0,0,100,47,0,2189,50,196,0,209,20,50
"agent BacktrackAgent #34",BacktrackAgent,0.13,0,0.569,50,0,5,0,5,48,75,32,0,0,25,0,0,100,25,0,461,25,115,1,130,20,50
"agent BacktrackAgent #35",BacktrackAgent,0.396,0,0.569,50,0,9,0,9,100,75,83,0,0,25,0,0,100,91,0,709,122,295,2,396,20,50
"agent BacktrackAgent #36",BacktrackAgent,0.595,0,0.569,50,0,15,0,15,150,75,140,0,0,25,0,0,100,133,0,1354,172,402,3,595,20,50
"agent BacktrackAgent #37",BacktrackAgent,0.205,0,0.569,50,0,6,0,6,72,75,38,0,0,25,0,0,100,47,0,860,48,194,0,205,20,50
"agent BacktrackAgent #38",BacktrackAgent,0.732,0,0.569,50,0,18,0,18,217,75,164,0,0,25,0,0,100,157,0,1866,194,416,1,732,20,50
"agent BacktrackAgent #39",BacktrackAgent,0.378,0,0.569,50,0,9,0,9,90,75,84,0,0,25,0,0,100,92,0,1026,112,286,2,378,20,50
"agent BacktrackAgent #40",BacktrackAgent,0.463,0,0.569,50,0,13,0,13,116,75,108,0,0,25,0,0,100,101,0,1306,138,336,3,463,20,50
"agent BacktrackAgent #41",BacktrackAgent,0.649,0,0.569,50,0,17,0,17,188,75,144,0,0,25,0,0,100,153,0,1516,164,416,0,649,20,50
"agent BacktrackAgent #42",BacktrackAgent,0.106,0,0.569,50,0,2,0,2,42,75,26,0,0,25,0,0,100,19,0,445,19,103,1,106,20,50
"agent BacktrackAgent #43",BacktrackAgent,0.462,0,0.569,50,0,12,0,12,116,75,100,0,0,25,0,0,100,108,0,1129,138,328,2,462,20,50
"agent BacktrackAgent #44",BacktrackAgent,0.239,0,0.569,50,0,5,0,5,58,75,54,0,0,25,0,0,100,47,0,750,80,224,3,239,20,50
"agent BacktrackAgent #45",BacktrackAgent,0.201,0,0.569,50,0,5,0,5,70,75,38,0,0,25,0,0,100,47,0,674,46,192,0,201,20,50
"agent BacktrackAgent #46",BacktrackAgent,0.732,0,0.569,50,0,18,0,18,215,75,166,0,0,25,0,0,100,159,0,1878,192,416,1,732,20,50
"agent BacktrackAgent #47",BacktrackAgent,0.284,0,0.569,50,0,7,0,7,70,75,57,0,0,25,0,0,100,65,0,869,92,239,2,284,20,50
"agent BacktrackAgent #48",BacktrackAgent,0.587,0,0.569,50,0,14,0,14,148,75,138,0,0,25,0,0,100,131,0,1340,170,398,3,587,20,50
"agent BacktrackAgent #49",BacktrackAgent,0.209,0,0.569,50,0,4,0,4,74,75,38,0,0,25,0,0,100,47,0,1961,50,196,0,209,20,50
"agent BacktrackAgent #50",BacktrackAgent,0.122,0,0.569,50,0,6,0,6,44,75,32,0,0,25,0,0,100,25,0,358,21,111,1,122,20,50
"agent ForwardAgent #51",ForwardAgent,1.184,0,0.569,50,0,28,0,28,312,75,265,0,0,25,0,0,100,273,0,1933,334,348,2,1184,20,50
"agent ForwardAgent #52",ForwardAgent,2.895,0,0.569,50,0,75,0,75,772,75,668,0,0,25,0,0,100,661,0,2956,794,418,3,2895,20,50
"agent ForwardAgent #53",ForwardAgent,0.817,0,0.569,50,0,20,0,20,234,75,182,0,0,25,0,0,100,191,0,692,210,388,0,817,20,50
"agent ForwardAgent #54",ForwardAgent,1.464,0,0.569,50,0,28,0,28,411,75,336,0,0,25,0,0,100,329,0,2095,388,390,1,1464,20,50
"agent ForwardAgent #55",ForwardAgent,1.754,0,0.569,50,0,47,0,47,460,75,402,0,0,25,0,0,100,410,0,2322,482,418,2,1754,20,50
"agent ForwardAgent #56",ForwardAgent,3.415,0,0.569,50,0,95,0,95,874,75,826,0,0,25,0,0,100,819,0,3592,896,422,3,3415,20,50
"agent ForwardAgent #57",ForwardAgent,0.353,0,0.569,50,0,12,0,12,112,75,72,0,0,25,0,0,100,81,0,1150,88,202,0,353,20,50
"agent ForwardAgent #58",ForwardAgent,1.008,0,0.569,50,0,16,0,16,281,75,238,0,0,25,0,0,100,231,0,1275,258,318,1,1008,20,50
"agent ForwardAgent #59",ForwardAgent,4.25,0,0.569,50,0,96,0,96,1166,75,944,0,0,25,0,0,100,952,0,4237,1188,408,2,4250,20,50
"agent ForwardAgent #60",ForwardAgent,4.235,0,0.569,50,0,127,0,127,1092,75,1018,0,0,25,0,0,100,1011,0,4487,1114,410,3,4235,20,50
"agent ForwardAgent #61",ForwardAgent,0.705,0,0.569,50,0,17,0,17,214,75,146,0,0,25,0,0,100,155,0,1771,190,248,0,705,20,50
"agent ForwardAgent #62",ForwardAgent,2.21,0,0.569,50,0,53,0,53,620,75,500,0,0,25,0,0,100,493,0,2431,597,418,1,2210,20,50
"agent ForwardAgent #63",ForwardAgent,3.364,0,0.569,50,0,76,0,76,962,75,705,0,0,25,0,0,100,713,0,3410,984,420,2,3364,20,50
"agent ForwardAgent #64",ForwardAgent,2.099,0,0.569,50,0,62,0,62,562,75,480,0,0,25,0,0,100,473,0,1879,584,406,3,2099,20,50
"agent ForwardAgent #65",ForwardAgent,2.105,0,0.569,50,0,48,0,48,584,75,476,0,0,25,0,0,100,485,0,2993,560,414,0,2105,20,50
"agent ForwardAgent #66",ForwardAgent,9.46,0,0.569,50,0,240,0,240,2685,75,2060,0,0,25,0,0,100,2053,0,7329,2662,422,1,9460,20,50
"agent ForwardAgent #67",ForwardAgent,1.87,0,0.569,50,0,61,0,61,468,75,452,0,0,25,0,0,100,460,0,1988,490,334,2,1870,20,50
"agent ForwardAgent #68",ForwardAgent,6.239,0,0.569,50,0,172,0,172,1702,75,1410,0,0,25,0,0,100,1403,0,6472,1724,416,3,6239,20,50
"agent ForwardAgent #69",ForwardAgent,1.401,0,0.569,50,0,46,0,46,414,75,294,0,0,25,0,0,100,303,0,1501,390,224,0,1401,20,50
"agent ForwardAgent #70",ForwardAgent,2.544,0,0.569,50,0,70,0,70,709,75,578,0,0,25,0,0,100,571,0,2612,686,422,1,2544,20,50
"agent ForwardAgent #71",ForwardAgent,0.36,0,0.569,50,0,7,0,7,86,75,79,0,0,25,0,0,100,87,0,322,108,206,2,360,20,50
"agent ForwardAgent #72",ForwardAgent,1.103,0,0.569,50,0,46,0,46,290,75,254,0,0,25,0,0,100,247,0,676,312,336,3,1103,20,50
"agent ForwardAgent #73",ForwardAgent,0.181,0,0.569,50,0,0,0,0,66,75,32,0,0,25,0,0,100,41,0,753,42,182,0,181,20,50
"agent ForwardAgent #74",ForwardAgent,1.452,0,0.569,50,0,27,0,27,435,75,306,0,0,25,0,0,100,299,0,1589,412,308,1,1452,20,50
"agent ForwardAgent #75",ForwardAgent,1.754,0,0.569,50,0,52,0,52,464,75,398,0,0,25,0,0,100,406,0,1859,486,382,2,1754,20,50
"agent ForwardAgent #76",ForwardAgent,0.867,0,0.569,50,0,30,0,30,202,75,224,0,0,25,0,0,100,217,0,1276,224,340,3,867,20,50
"agent ForwardAgent #77",ForwardAgent,10.589,0,0.569,50,0,245,0,245,2996,75,2306,0,0,25,0,0,100,2315,0,8932,2972,422,0,10589,20,50
"agent ForwardAgent #78",ForwardAgent,0.102,0,0.569,50,0,1,0,1,40,75,26,0,0,25,0,0,100,19,0,178,17,101,1,102,20,50
"agent ForwardAgent #79",ForwardAgent,0.676,0,0.569,50,0,26,0,26,180,75,143,0,0,25,0,0,100,151,0,343,202,305,2,676,20,50
"agent ForwardAgent #80",ForwardAgent,1.679,0,0.569,50,0,43,0,43,442,75,390,0,0,25,0,0,100,383,0,2346,464,408,3,1679,20,50
"agent ForwardAgent #81",ForwardAgent,1.905,0,0.569,50,0,52,0,52,526,75,434,0,0,25,0,0,100,443,0,2049,502,410,0,1905,20,50
"agent ForwardAgent #82",ForwardAgent,0.324,0,0.569,50,0,6,0,6,107,75,70,0,0,25,0,0,100,63,0,389,84,208,1,324,20,50
"agent ForwardAgent #83",ForwardAgent,0.314,0,0.569,50,0,7,0,7,74,75,68,0,0,25,0,0,100,76,0,492,96,228,2,314,20,50
"agent ForwardAgent #84",ForwardAgent,5.123,0,0.569,50,0,111,0,111,1394,75,1160,0,0,25,0,0,100,1153,0,4948,1416,422,3,5123,20,50
"agent ForwardAgent #85",ForwardAgent,0.261,0,0.569,50,0,8,0,8,90,75,48,0,0,25,0,0,100,57,0,557,66,194,0,261,20,50
"agent ForwardAgent #86",ForwardAgent,4.208,0,0.569,50,0,121,0,121,1157,75,962,0,0,25,0,0,100,955,0,3433,1134,412,1,4208,20,50
"agent ForwardAgent #87",ForwardAgent,0.898,0,0.569,50,0,19,0,19,226,75,208,0,0,25,0,0,100,216,0,1001,248,392,2,898,20,50
"agent ForwardAgent #88",ForwardAgent,0.531,0,0.569,50,0,11,0,11,140,75,118,0,0,25,0,0,100,111,0,758,162,326,3,531,20,50
"agent ForwardAgent #89",ForwardAgent,2.437,0,0.569,50,0,52,0,52,726,75,500,0,0,25,0,0,100,509,0,2073,702,344,0,2437,20,50
"agent ForwardAgent #90",ForwardAgent,1.176,0,0.569,50,0,29,0,29,319,75,284,0,0,25,0,0,100,277,0,1297,296,328,1,1176,20,50
"agent ForwardAgent #91",ForwardAgent,0.602,0,0.569,50,0,15,0,15,140,75,146,0,0,25,0,0,100,154,0,709,162,282,2,602,20,50
"agent ForwardAgent #92",ForwardAgent,1.655,0,0.569,50,0,30,0,30,434,75,386,0,0,25,0,0,100,379,0,2016,456,356,3,1655,20,50
"agent ForwardAgent #93",ForwardAgent,2.397,0,0.569,50,0,49,0,49,676,75,530,0,0,25,0,0,100,539,0,2593,652,386,0,2397,20,50
"agent ForwardAgent #94",ForwardAgent,1.516,0,0.569,50,0,40,0,40,445,75,328,0,0,25,0,0,100,321,0,1137,422,308,1,1516,20,50
"agent ForwardAgent #95",ForwardAgent,2.336,0,0.569,50,0,50,0,50,646,75,507,0,0,25,0,0,100,515,0,1896,668,412,2,2336,20,50
"agent ForwardAgent #96",ForwardAgent,0.555,0,0.569,50,0,9,0,9,150,75,120,0,0,25,0,0,100,113,0,487,172,320,3,555,20,50
"agent ForwardAgent #97",ForwardAgent,0.193,0,0.569,50,0,3,0,3,68,75,36,0,0,25,0,0,100,45,0,247,44,188,0,193,20,50
"agent ForwardAgent #98",ForwardAgent,0.122,0,0.569,50,0,5,0,5,42,75,34,0,0,25,0,0,100,27,0,148,19,105,1,122,20,50
"agent ForwardAgent #99",ForwardAgent,0.342,0,0.569,50,0,10,0,10,84,75,72,0,0,25,0,0,100,80,0,412,106,214,2,342,20,50
"agent ForwardAgent #100",ForwardAgent,14.179,0,0.569,50,0,353,0,353,3920,75,3162,0,0,25,0,0,100,3155,0,12951,3942,420,3,14179,20,50
"agent ForwardAgent #101",ForwardAgent,1.693,0,0.569,50,0,39,0,39,490,75,364,0,0,25,0,0,100,373,0,2226,466,414,0,1693,20,50
"agent ForwardAgent #102",ForwardAgent,0.274,0,0.569,50,0,9,0,9,94,75,58,0,0,25,0,0,100,51,0,515,71,117,1,274,20,50
"agent ForwardAgent #103",ForwardAgent,0.266,0,0.569,50,0,5,0,5,60,75,58,0,0,25,0,0,100,66,0,664,82,230,2,266,20,50
"agent ForwardAgent #104",ForwardAgent,5.071,0,0.569,50,0,143,0,143,1340,75,1188,0,0,25,0,0,100,1181,0,5629,1362,422,3,5071,20,50
"agent ForwardAgent #105",ForwardAgent,1.749,0,0.569,50,0,32,0,32,526,75,356,0,0,25,0,0,100,365,0,3473,502,398,0,1749,20,50
"agent ForwardAgent #106",ForwardAgent,0.702,0,0.569,50,0,13,0,13,206,75,160,0,0,25,0,0,100,153,0,965,183,356,1,702,20,50
"agent ForwardAgent #107",ForwardAgent,2.402,0,0.569,50,0,60,0,60,632,75,554,0,0,25,0,0,100,562,0,3497,654,406,2,2402,20,50
"agent ForwardAgent #108",ForwardAgent,8.715,0,0.569,50,0,199,0,199,2402,75,1948,0,0,25,0,0,100,1941,0,9326,2424,416,3,8715,20,50
"agent ForwardAgent #109",ForwardAgent,4.937,0,0.569,50,0,108,0,108,1378,75,1098,0,0,25,0,0,100,1107,0,6827,1354,416,0,4937,20,50
"agent ForwardAgent #110",ForwardAgent,1.258,0,0.569,50,0,32,0,32,364,75,280,0,0,25,0,0,100,273,0,1837,341,324,1,1258,20,50
"agent ForwardAgent #111",ForwardAgent,2.584,0,0.569,50,0,66,0,66,692,75,585,0,0,25,0,0,100,593,0,2812,714,418,2,2584,20,50
"agent ForwardAgent #112",ForwardAgent,1.671,0,0.569,50,0,38,0,38,474,75,354,0,0,25,0,0,100,347,0,3135,496,344,3,1671,20,50
"agent ForwardAgent #113",ForwardAgent,2.713,0,0.569,50,0,58,0,58,776,75,588,0,0,25,0,0,100,597,0,3713,752,406,0,2713,20,50
"agent ForwardAgent #114",ForwardAgent,8.736,0,0.569,50,0,214,0,214,2413,75,1970,0,0,25,0,0,100,1963,0,8490,2390,420,1,8736,20,50
"agent ForwardAgent #115",ForwardAgent,2.97,0,0.569,50,0,98,0,98,790,75,680,0,0,25,0,0,100,688,0,3866,812,418,2,2970,20,50
"agent ForwardAgent #116",ForwardAgent,5.047,0,0.569,50,0,133,0,133,1382,75,1134,0,0,25,0,0,100,1127,0,5483,1404,422,3,5047,20,50
"agent ForwardAgent #117",ForwardAgent,2.193,0,0.569,50,0,43,0,43,640,75,464,0,0,25,0,0,100,473,0,3260,616,348,0,2193,20,50
"agent ForwardAgent #118",ForwardAgent,2.056,0,0.569,50,0,47,0,47,591,75,452,0,0,25,0,0,100,445,0,2724,568,396,1,2056,20,50
"agent ForwardAgent #119",ForwardAgent,1.024,0,0.569,50,0,23,0,23,300,75,197,0,0,25,0,0,100,205,0,1264,322,287,2,1024,20,50
"agent ForwardAgent #120",ForwardAgent,0.231,0,0.569,50,0,5,0,5,56,75,52,0,0,25,0,0,100,45,0,532,78,220,3,231,20,50
"agent ForwardAgent #121",ForwardAgent,0.521,0,0.569,50,0,8,0,8,158,75,110,0,0,25,0,0,100,119,0,858,134,238,0,521,20,50
"agent ForwardAgent #122",ForwardAgent,1.528,0,0.569,50,0,35,0,35,443,75,336,0,0,25,0,0,100,329,0,2064,420,418,1,1528,20,50
"agent ForwardAgent #123",ForwardAgent,1.966,0,0.569,50,0,48,0,48,524,75,444,0,0,25,0,0,100,452,0,2625,546,370,2,1966,20,50
"agent ForwardAgent #124",ForwardAgent,1.415,0,0.569,50,0,37,0,37,384,75,316,0,0,25,0,0,100,309,0,1901,406,396,3,1415,20,50
"agent ForwardAgent #125",ForwardAgent,4.881,0,0.569,50,0,142,0,142,1312,75,1136,0,0,25,0,0,100,1145,0,5247,1288,410,0,4881,20,50
"agent RandomAgent #126",RandomAgent,100.47,0,0.569,50,0,2970,0,50576,26766,75,23484,0,0,25,0,0,100,23477,0,46695,26743,410,1,100470,20,50
"agent RandomAgent #127",RandomAgent,162.672,0,0.569,50,0,5257,0,81912,43598,75,37723,0,0,25,0,0,100,37731,0,53558,43620,390,2,162672,20,50
"agent RandomAgent #128",RandomAgent,105.701,0,0.569,50,0,2374,0,52645,27327,75,25516,0,0,25,0,0,100,25509,0,54013,27349,419,3,105701,20,50
"agent RandomAgent #129",RandomAgent,30.877,0,0.569,50,0,557,0,15418,9443,75,6003,0,0,25,0,0,100,6012,0,29623,9419,245,0,30877,20,50
"agent RandomAgent #130",RandomAgent,85.154,0,0.569,50,0,1674,0,42604,25191,75,17401,0,0,25,0,0,100,17394,0,37784,25168,422,1,85154,20,50
"agent RandomAgent #131",RandomAgent,96.542,0,0.569,50,0,2814,0,48397,25481,75,22775,0,0,25,0,0,100,22783,0,40080,25503,418,2,96542,20,50
"agent RandomAgent #132",RandomAgent,22.375,0,0.569,50,0,480,0,11240,5784,75,5396,0,0,25,0,0,100,5389,0,17766,5806,400,3,22375,20,50
"agent RandomAgent #133",RandomAgent,39.999,0,0.569,50,0,544,0,20004,12142,75,7865,0,0,25,0,0,100,7874,0,28118,12118,263,0,39999,20,50
"agent RandomAgent #134",RandomAgent,19.778,0,0.569,50,0,436,0,9895,6174,75,3730,0,0,25,0,0,100,3723,0,8617,6151,188,1,19778,20,50
"agent RandomAgent #135",RandomAgent,10.002,0,0.569,50,0,174,0,4984,2747,75,2239,0,0,25,0,0,100,2247,0,7262,2769,333,2,10002,20,50
"agent RandomAgent #136",RandomAgent,169.445,0,0.569,50,0,4933,0,84903,45843,75,38872,0,0,25,0,0,100,38865,0,61485,45865,420,3,169445,20,50
"agent RandomAgent #137",RandomAgent,34.325,0,0.569,50,0,602,0,17251,9735,75,7435,0,0,25,0,0,100,7444,0,30156,9711,329,0,34325,20,50
"agent RandomAgent #138",RandomAgent,3.532,0,0.569,50,0,140,0,1749,942,75,839,0,0,25,0,0,100,832,0,1572,919,119,1,3532,20,50
"agent RandomAgent #139",RandomAgent,45.526,0,0.569,50,0,1225,0,22919,13232,75,9516,0,0,25,0,0,100,9524,0,26782,13254,352,2,45526,20,50
"agent RandomAgent #140",RandomAgent,115.345,0,0.569,50,0,2346,0,57344,31761,75,25904,0,0,25,0,0,100,25897,0,43374,31783,422,3,115345,20,50
"agent RandomAgent #141",RandomAgent,39.367,0,0.569,50,0,604,0,19728,11624,75,8067,0,0,25,0,0,100,8076,0,24791,11600,248,0,39367,20,50
"agent RandomAgent #142",RandomAgent,19.424,0,0.569,50,0,381,0,9747,5852,75,3875,0,0,25,0,0,100,3868,0,8980,5829,260,1,19424,20,50
"agent RandomAgent #143",RandomAgent,91.356,0,0.569,50,0,2878,0,45757,22923,75,22740,0,0,25,0,0,100,22748,0,37438,22945,351,2,91356,20,50
"agent RandomAgent #144",RandomAgent,14.153,0,0.569,50,0,342,0,7027,3811,75,3258,0,0,25,0,0,100,3251,0,10229,3833,389,3,14153,20,50
"agent RandomAgent #145",RandomAgent,44.275,0,0.569,50,0,820,0,22132,13567,75,8578,0,0,25,0,0,100,8587,0,25732,13543,262,0,44275,20,50
"agent RandomAgent #146",RandomAgent,57.078,0,0.569,50,0,1335,0,28701,16474,75,12080,0,0,25,0,0,100,12073,0,26542,16451,365,1,57078,20,50
"agent RandomAgent #147",RandomAgent,218.51,0,0.569,50,0,5613,0,109153,58543,75,50697,0,0,25,0,0,100,50705,0,45145,58565,422,2,218510,20,50
"agent RandomAgent #148",RandomAgent,350.273,0,0.569,50,0,7675,0,175442,98902,75,76227,0,0,25,0,0,100,76220,0,57204,98924,422,3,350273,20,50
"agent RandomAgent #149",RandomAgent,155.751,0,0.569,50,0,3332,0,77686,41729,75,36154,0,0,25,0,0,100,36163,0,44254,41705,422,0,155751,20,50
"agent RandomAgent #150",RandomAgent,28.47,0,0.569,50,0,636,0,14168,8661,75,5589,0,0,25,0,0,100,5582,0,12662,8638,273,1,28470,20,50
"agent RandomAgent #151",RandomAgent,11.788,0,0.569,50,0,313,0,5931,2907,75,2972,0,0,25,0,0,100,2980,0,7561,2929,286,2,11788,20,50
"agent RandomAgent #152",RandomAgent,36.565,0,0.569,50,0,916,0,18148,9180,75,9095,0,0,25,0,0,100,9088,0,20176,9202,305,3,36565,20,50
"agent RandomAgent #153",RandomAgent,27.071,0,0.569,50,0,636,0,13711,8238,75,5305,0,0,25,0,0,100,5314,0,18280,8214,236,0,27071,20,50
"agent RandomAgent #154",RandomAgent,100.366,0,0.569,50,0,2700,0,50038,28426,75,21772,0,0,25,0,0,100,21765,0,31579,28403,422,1,100366,20,50
"agent RandomAgent #155",RandomAgent,19.058,0,0.569,50,0,505,0,9580,5253,75,4261,0,0,25,0,0,100,4269,0,8111,5275,317,2,19058,20,50
"agent RandomAgent #156",RandomAgent,46.043,0,0.569,50,0,879,0,23171,12806,75,10208,0,0,25,0,0,100,10201,0,22350,12828,422,3,46043,20,50
"agent RandomAgent #157",RandomAgent,135.769,0,0.569,50,0,3188,0,68102,37886,75,30006,0,0,25,0,0,100,30015,0,42182,37862,422,0,135769,20,50
"agent RandomAgent #158",RandomAgent,4.972,0,0.569,50,0,46,0,2494,1545,75,956,0,0,25,0,0,100,949,0,3181,1522,198,1,4972,20,50
"agent RandomAgent #159",RandomAgent,17.072,0,0.569,50,0,544,0,8529,4735,75,3786,0,0,25,0,0,100,3794,0,7262,4757,231,2,17072,20,50
"agent RandomAgent #160",RandomAgent,73.121,0,0.569,50,0,1610,0,36949,21704,75,14849,0,0,25,0,0,100,14842,0,22837,21726,419,3,73121,20,50
"agent RandomAgent #161",RandomAgent,111.537,0,0.569,50,0,2819,0,55704,30967,75,24809,0,0,25,0,0,100,24818,0,34142,30943,422,0,111537,20,50
"agent RandomAgent #162",RandomAgent,59.074,0,0.569,50,0,749,0,29352,17762,75,11790,0,0,25,0,0,100,11783,0,19985,17739,266,1,59074,20,50
"agent RandomAgent #163",RandomAgent,48.792,0,0.569,50,0,1336,0,24258,13402,75,10979,0,0,25,0,0,100,10987,0,17101,13424,418,2,48792,20,50
"agent RandomAgent #164",RandomAgent,135.709,0,0.569,50,0,4088,0,68256,36320,75,31527,0,0,25,0,0,100,31520,0,36992,36342,422,3,135709,20,50
"agent RandomAgent #165",RandomAgent,51.301,0,0.569,50,0,1281,0,25646,13895,75,11763,0,0,25,0,0,100,11772,0,20430,13871,422,0,51301,20,50
"agent RandomAgent #166",RandomAgent,89.13,0,0.569,50,0,1631,0,44609,26474,75,18106,0,0,25,0,0,100,18099,0,22547,26451,269,1,89130,20,50
"agent RandomAgent #167",RandomAgent,263.426,0,0.569,50,0,8001,0,132238,71464,75,60234,0,0,25,0,0,100,60242,0,31379,71486,422,2,263426,20,50
"agent RandomAgent #168",RandomAgent,86.201,0,0.569,50,0,2449,0,42954,22236,75,20857,0,0,25,0,0,100,20850,0,24432,22258,351,3,86201,20,50
"agent RandomAgent #169",RandomAgent,79.519,0,0.569,50,0,1376,0,39517,24092,75,15675,0,0,25,0,0,100,15684,0,21301,24068,422,0,79519,20,50
"agent RandomAgent #170",RandomAgent,32.514,0,0.569,50,0,552,0,16121,9148,75,7124,0,0,25,0,0,100,7117,0,11970,9125,365,1,32514,20,50
"agent RandomAgent #171",RandomAgent,62.222,0,0.569,50,0,2085,0,31299,16626,75,14470,0,0,25,0,0,100,14478,0,16858,16648,380,2,62222,20,50
"agent RandomAgent #172",RandomAgent,73.309,0,0.569,50,0,2155,0,36981,19075,75,17572,0,0,25,0,0,100,17565,0,20840,19097,368,3,73309,20,50
"agent RandomAgent #173",RandomAgent,258.535,0,0.569,50,0,6768,0,129418,68817,75,60458,0,0,25,0,0,100,60467,0,35959,68793,422,0,258535,20,50
"agent RandomAgent #174",RandomAgent,24.238,0,0.569,50,0,597,0,12142,6766,75,5368,0,0,25,0,0,100,5361,0,7372,6743,386,1,24238,20,50
"agent RandomAgent #175",RandomAgent,72.92,0,0.569,50,0,1614,0,36363,19012,75,17433,0,0,25,0,0,100,17441,0,19141,19034,411,2,72920,20,50
"agent RandomAgent #176",RandomAgent,38.953,0,0.569,50,0,1197,0,19513,10335,75,9134,0,0,25,0,0,100,9127,0,11544,10357,353,3,38953,20,50
"agent RandomAgent #177",RandomAgent,294.183,0,0.569,50,0,6099,0,147055,82912,75,64187,0,0,25,0,0,100,64196,0,27144,82888,422,0,294183,20,50
"agent RandomAgent #178",RandomAgent,3.106,0,0.569,50,0,49,0,1504,911,75,657,0,0,25,0,0,100,650,0,1367,888,155,1,3106,20,50
"agent RandomAgent #179",RandomAgent,126.864,0,0.569,50,0,3156,0,63624,35014,75,28403,0,0,25,0,0,100,28411,0,19734,35036,421,2,126864,20,50
"agent RandomAgent #180",RandomAgent,25.367,0,0.569,50,0,790,0,12717,6548,75,6128,0,0,25,0,0,100,6121,0,7650,6570,346,3,25367,20,50
"agent RandomAgent #181",RandomAgent,23.421,0,0.569,50,0,476,0,11691,7276,75,4442,0,0,25,0,0,100,4451,0,9620,7252,234,0,23421,20,50
"agent RandomAgent #182",RandomAgent,19.296,0,0.569,50,0,621,0,9859,5562,75,4101,0,0,25,0,0,100,4094,0,6075,5539,208,1,19296,20,50
"agent RandomAgent #183",RandomAgent,133.738,0,0.569,50,0,3219,0,66730,35156,75,31698,0,0,25,0,0,100,31706,0,17372,35178,422,2,133738,20,50
"agent RandomAgent #184",RandomAgent,104.713,0,0.569,50,0,2136,0,52357,29623,75,22726,0,0,25,0,0,100,22719,0,18465,29645,422,3,104713,20,50
"agent RandomAgent #185",RandomAgent,99.771,0,0.569,50,0,2339,0,49751,25844,75,24049,0,0,25,0,0,100,24058,0,20736,25820,422,0,99771,20,50
"agent RandomAgent #186",RandomAgent,2.982,0,0.569,50,0,44,0,1486,980,75,526,0,0,25,0,0,100,519,0,1543,957,157,1,2982,20,50
"agent RandomAgent #187",RandomAgent,94.482,0,0.569,50,0,1593,0,47099,26295,75,20931,0,0,25,0,0,100,20939,0,14828,26317,379,2,94482,20,50
"agent RandomAgent #188",RandomAgent,40.297,0,0.569,50,0,757,0,20229,10994,75,9147,0,0,25,0,0,100,9140,0,9099,11016,340,3,40297,20,50
"agent RandomAgent #189",RandomAgent,85.011,0,0.569,50,0,1837,0,42467,23731,75,18782,0,0,25,0,0,100,18791,0,14535,23707,418,0,85011,20,50
"agent RandomAgent #190",RandomAgent,27.552,0,0.569,50,0,443,0,13616,7651,75,6140,0,0,25,0,0,100,6133,0,6525,7628,296,1,27552,20,50
"agent RandomAgent #191",RandomAgent,75.706,0,0.569,50,0,2403,0,38143,20289,75,17549,0,0,25,0,0,100,17557,0,10206,20311,407,2,75706,20,50
"agent RandomAgent #192",RandomAgent,36.183,0,0.569,50,0,842,0,18161,9707,75,8377,0,0,25,0,0,100,8370,0,7609,9729,387,3,36183,20,50
"agent RandomAgent #193",RandomAgent,168.681,0,0.569,50,0,3487,0,83889,48178,75,36170,0,0,25,0,0,100,36179,0,14167,48154,422,0,168681,20,50
"agent RandomAgent #194",RandomAgent,3.672,0,0.569,50,0,62,0,1824,1269,75,582,0,0,25,0,0,100,575,0,1537,1246,142,1,3672,20,50
"agent RandomAgent #195",RandomAgent,54.474,0,0.569,50,0,1952,0,27470,14325,75,12897,0,0,25,0,0,100,12905,0,8276,14347,356,2,54474,20,50
"agent RandomAgent #196",RandomAgent,16.027,0,0.569,50,0,391,0,7939,4521,75,3485,0,0,25,0,0,100,3478,0,2610,4543,375,3,16027,20,50
"agent RandomAgent #197",RandomAgent,6.057,0,0.569,50,0,127,0,2969,1754,75,1282,0,0,25,0,0,100,1291,0,2246,1730,205,0,6057,20,50
"agent RandomAgent #198",RandomAgent,5.738,0,0.569,50,0,161,0,2972,1721,75,1163,0,0,25,0,0,100,1156,0,981,1698,118,1,5738,20,50
"agent RandomAgent #199",RandomAgent,23.698,0,0.569,50,0,405,0,11805,6802,75,5032,0,0,25,0,0,100,5040,0,3700,6824,302,2,23698,20,50
"agent RandomAgent #200",RandomAgent,5.651,0,0.569,50,0,138,0,2785,1566,75,1252,0,0,25,0,0,100,1245,0,1734,1588,294,3,5651,20,50
"agent RandomAgent #201",RandomAgent,20.221,0,0.569,50,0,191,0,10051,5713,75,4405,0,0,25,0,0,100,4414,0,4030,5689,267,0,20221,20,50
"agent RandomAgent #202",RandomAgent,7.286,0,0.569,50,0,290,0,3661,1978,75,1680,0,0,25,0,0,100,1673,0,1120,1955,135,1,7286,20,50
"agent RandomAgent #203",RandomAgent,57.746,0,0.569,50,0,1034,0,28623,16508,75,12350,0,0,25,0,0,100,12358,0,8895,16530,378,2,57746,20,50
"agent RandomAgent #204",RandomAgent,112.253,0,0.569,50,0,3512,0,56456,29728,75,26391,0,0,25,0,0,100,26384,0,10217,29750,366,3,112253,20,50
"agent RandomAgent #205",RandomAgent,12.481,0,0.569,50,0,218,0,6289,3396,75,2852,0,0,25,0,0,100,2861,0,2094,3372,296,0,12481,20,50
"agent RandomAgent #206",RandomAgent,40.43,0,0.569,50,0,1182,0,20246,11169,75,9061,0,0,25,0,0,100,9054,0,5609,11146,363,1,40430,20,50
"agent RandomAgent #207",RandomAgent,36.08,0,0.569,50,0,780,0,18218,10685,75,7340,0,0,25,0,0,100,7348,0,3564,10707,333,2,36080,20,50
"agent RandomAgent #208",RandomAgent,69.621,0,0.569,50,0,2353,0,34829,17937,75,16866,0,0,25,0,0,100,16859,0,7504,17959,350,3,69621,20,50
"agent RandomAgent #209",RandomAgent,55.271,0,0.569,50,0,1201,0,27345,15554,75,12089,0,0,25,0,0,100,12098,0,5883,15530,335,0,55271,20,50
"agent RandomAgent #210",RandomAgent,67.862,0,0.569,50,0,855,0,33548,19703,75,14243,0,0,25,0,0,100,14236,0,5730,19680,342,1,67862,20,50
"agent RandomAgent #211",RandomAgent,26.766,0,0.569,50,0,485,0,13296,7525,75,5843,0,0,25,0,0,100,5851,0,2168,7547,336,2,26766,20,50
"agent RandomAgent #212",RandomAgent,141.457,0,0.569,50,0,3020,0,70653,39528,75,31193,0,0,25,0,0,100,31186,0,8508,39550,422,3,141457,20,50
"agent RandomAgent #213",RandomAgent,43.063,0,0.569,50,0,1164,0,21599,11234,75,10305,0,0,25,0,0,100,10314,0,2972,11210,415,0,43063,20,50
"agent RandomAgent #214",RandomAgent,10.226,0,0.569,50,0,317,0,5189,2961,75,2167,0,0,25,0,0,100,2160,0,864,2938,146,1,10226,20,50
"agent RandomAgent #215",RandomAgent,50.466,0,0.569,50,0,1095,0,25217,14028,75,11190,0,0,25,0,0,100,11198,0,2737,14050,344,2,50466,20,50
"agent RandomAgent #216",RandomAgent,363.143,0,0.569,50,0,10623,0,182409,99887,75,81677,0,0,25,0,0,100,81670,0,7527,99909,422,3,363143,20,50
"agent RandomAgent #217",RandomAgent,125.855,0,0.569,50,0,3483,0,63309,35899,75,27036,0,0,25,0,0,100,27045,0,2996,35875,422,0,125855,20,50
"agent RandomAgent #218",RandomAgent,393.958,0,0.569,50,0,10259,0,197388,106192,75,90802,0,0,25,0,0,100,90795,0,6374,106169,422,1,393958,20,50
"agent RandomAgent #219",RandomAgent,252.46,0,0.569,50,0,5618,0,126249,69717,75,56498,0,0,25,0,0,100,56506,0,5612,69739,422,2,252460,20,50
"agent RandomAgent #220",RandomAgent,28.749,0,0.569,50,0,529,0,14196,7836,75,6531,0,0,25,0,0,100,6524,0,452,7858,375,3,28749,20,50
"agent RandomAgent #221",RandomAgent,47.017,0,0.569,50,0,1034,0,23460,13424,75,10092,0,0,25,0,0,100,10101,0,924,13400,421,0,47017,20,50
"agent RandomAgent #222",RandomAgent,14.928,0,0.569,50,0,255,0,7382,4372,75,3107,0,0,25,0,0,100,3100,0,177,4349,257,1,14928,20,50
"agent RandomAgent #223",RandomAgent,241.63,0,0.569,50,0,5722,0,120926,66292,75,54508,0,0,25,0,0,100,54516,0,77,66314,422,2,241630,20,50
"agent RandomAgent #224",RandomAgent,12.543,0,0.569,50,0,228,0,6183,3797,75,2467,0,0,25,0,0,100,2460,0,112,3819,270,3,12543,20,50
"agent RandomAgent #225",RandomAgent,81.535,0,0.569,50,0,1246,0,40860,25109,75,15666,0,0,25,0,0,100,15675,0,0,25085,277,0,81535,20,50
"agent NegotiatingAgent #226",NegotiatingAgent,0.13,4,0.569,50,15,5,0,5,48,75,32,20,36,25,0,0,100,25,0,99,25,115,1,130,20,50
"agent NegotiatingAgent #227",NegotiatingAgent,0.224,544,0.569,50,17,5,0,5,50,75,47,32,90,25,0,0,100,55,0,153,72,209,2,224,20,50
"agent NegotiatingAgent #228",NegotiatingAgent,0.231,1382,0.569,50,43,5,0,5,52,75,56,95,125,25,0,0,100,49,0,285,74,220,3,231,20,50
"agent NegotiatingAgent #229",NegotiatingAgent,0.637,5918,0.569,50,99,15,0,16,186,75,140,205,341,25,1,0,100,149,0,692,162,410,0,637,20,50
"agent NegotiatingAgent #230",NegotiatingAgent,0.106,116,0.569,50,17,2,0,2,42,75,26,56,47,25,2,8,100,19,0,101,19,103,1,106,20,50
"agent NegotiatingAgent #231",NegotiatingAgent,0.362,947,0.569,50,34,8,0,8,88,75,78,70,151,25,0,0,100,86,0,439,110,278,2,362,20,50
"agent NegotiatingAgent #232",NegotiatingAgent,0.371,3746,0.569,50,76,6,0,6,90,75,88,173,236,25,4,0,100,81,0,433,112,290,3,371,20,50
"agent NegotiatingAgent #233",NegotiatingAgent,0.577,2726,0.569,50,63,13,0,14,170,75,126,217,328,25,26,3,100,135,0,507,146,380,0,577,20,50
"agent NegotiatingAgent #234",NegotiatingAgent,0.114,0,0.569,50,5,4,0,4,44,75,28,23,24,25,3,5,100,21,0,107,21,107,1,114,20,50
"agent NegotiatingAgent #235",NegotiatingAgent,0.37,342,0.569,50,12,9,0,9,90,75,80,68,169,25,19,1,100,88,0,451,112,282,2,370,20,50
"agent NegotiatingAgent #236",NegotiatingAgent,0.247,848,0.569,50,21,8,0,8,62,75,54,104,130,25,21,2,100,47,0,200,84,228,3,247,20,50
"agent NegotiatingAgent #237",NegotiatingAgent,0.539,677,0.569,50,16,10,0,11,160,75,117,248,297,25,74,2,100,126,0,280,136,361,0,539,20,50
"agent NegotiatingAgent #238",NegotiatingAgent,0.114,0,0.569,50,1,4,0,4,42,75,30,28,20,25,3,9,100,23,0,64,19,107,1,114,20,50
"agent NegotiatingAgent #239",NegotiatingAgent,0.466,371,0.569,50,7,11,0,12,118,75,100,36,171,25,5,1,100,108,0,385,140,330,2,466,20,50
"agent NegotiatingAgent #240",NegotiatingAgent,0.383,2586,0.569,50,38,5,0,5,98,75,86,201,246,25,39,3,100,79,0,345,120,296,3,383,20,50
"agent NegotiatingAgent #241",NegotiatingAgent,0.197,54,0.569,50,9,4,0,4,70,75,36,33,75,25,0,6,100,45,0,178,46,190,0,197,20,50
"agent NegotiatingAgent #242",NegotiatingAgent,0.674,567,0.569,50,10,9,0,11,201,75,151,42,278,25,7,1,100,144,0,492,178,387,1,674,20,50
"agent NegotiatingAgent #243",NegotiatingAgent,0.368,0,0.569,50,0,7,0,7,90,75,79,10,103,25,3,2,100,87,0,211,112,281,2,368,20,50
"agent NegotiatingAgent #244",NegotiatingAgent,0.387,316,0.569,50,5,8,0,9,98,75,88,183,221,25,58,5,100,81,0,191,120,298,3,387,20,50
"agent NegotiatingAgent #245",NegotiatingAgent,0.209,310,0.569,50,5,7,0,7,72,75,40,130,152,25,34,5,100,49,0,168,48,196,0,209,20,50
"agent NegotiatingAgent #246",NegotiatingAgent,0.126,0,0.569,50,0,4,0,4,46,75,32,21,20,25,5,3,100,25,0,38,23,113,1,126,20,50
"agent NegotiatingAgent #247",NegotiatingAgent,0.218,0,0.569,50,1,5,0,5,50,75,44,50,89,25,15,4,100,52,0,180,72,206,2,218,20,50
"agent NegotiatingAgent #248",NegotiatingAgent,0.407,0,0.569,50,0,10,0,10,98,75,98,42,149,25,16,1,100,91,0,268,120,308,3,407,20,50
"agent NegotiatingAgent #249",NegotiatingAgent,0.437,0,0.569,50,0,7,0,7,128,75,98,79,186,25,20,17,100,107,0,323,104,310,0,437,20,50
"agent NegotiatingAgent #250",NegotiatingAgent,0.596,0,0.569,50,0,9,0,10,177,75,136,29,193,25,9,3,100,129,0,349,154,348,1,596,20,50
