agentName,agentType,averageSpeed,cumulatedUtilityReceived,freeWallRatio,numBacktrackAgents,numCFPAnswered,numDeadends,numDifferentEncounters,numDirectionChanges,numDownSteps,numForwardAgents,numLeftSteps,numMessagesReceived,numMessagesSent,numNegotiatingAgents,numProposalsAccepted,numProposalsRejected,numRandomAgents,numRightSteps,numSwarmAgents,numTotalEncounters,numUpSteps,numVisitedCells,startingPosition,stepsToExit,xsize,ysize
"agent NegotiatingAgent #1",NegotiatingAgent,0.053,0,0.569,0,26,0,0,0,26,0,8,53,44,100,0,0,0,17,0,93,2,54,0,53,20,50
"agent NegotiatingAgent #2",NegotiatingAgent,0.384,6417,0.569,0,97,13,0,14,114,0,93,272,238,100,21,2,0,86,0,288,91,267,1,384,20,50
"agent NegotiatingAgent #3",NegotiatingAgent,0.182,1410,0.569,0,35,8,0,8,38,0,38,127,107,100,10,3,0,46,0,282,60,160,2,182,20,50
"agent NegotiatingAgent #4",NegotiatingAgent,0.509,3056,0.569,0,42,7,0,10,130,0,117,279,250,100,58,2,0,110,0,215,152,308,3,509,20,50
"agent NegotiatingAgent #5",NegotiatingAgent,0.081,0,0.569,0,13,1,0,1,34,0,14,96,67,100,4,16,0,23,0,44,10,68,0,81,20,50
"agent NegotiatingAgent #6",NegotiatingAgent,0.198,2416,0.569,0,45,5,0,5,67,0,47,236,202,100,45,2,0,40,0,164,44,174,1,198,20,50
"agent NegotiatingAgent #7",NegotiatingAgent,0.454,1941,0.569,0,24,11,0,12,108,0,104,311,263,100,69,3,0,112,0,125,130,296,2,454,20,50
"agent NegotiatingAgent #8",NegotiatingAgent,0.257,48,0.569,0,1,8,0,8,54,0,67,172,137,100,41,15,0,60,0,8,76,182,3,257,20,50
"agent NegotiatingAgent #9",NegotiatingAgent,0.053,0,0.569,0,0,0,0,0,26,0,8,52,38,100,0,14,0,17,0,0,2,54,0,53,20,50
"agent NegotiatingAgent #10",NegotiatingAgent,0.554,5698,0.569,0,92,21,0,21,159,0,133,198,190,100,3,0,0,126,0,309,136,352,1,554,20,50
"agent NegotiatingAgent #11",NegotiatingAgent,0.2,4357,0.569,0,119,3,0,3,44,0,41,264,226,100,0,0,0,49,0,374,66,169,2,200,20,50
"agent NegotiatingAgent #12",NegotiatingAgent,0.261,3409,0.569,0,86,8,0,8,56,0,67,170,163,100,0,0,0,60,0,209,78,184,3,261,20,50
"agent NegotiatingAgent #13",NegotiatingAgent,0.081,84,0.569,0,70,1,0,1,34,0,14,134,100,100,0,0,0,23,0,301,10,68,0,81,20,50
"agent NegotiatingAgent #14",NegotiatingAgent,0.526,6433,0.569,0,102,15,0,15,149,0,129,284,245,100,19,0,0,122,0,348,126,338,1,526,20,50
"agent NegotiatingAgent #15",NegotiatingAgent,0.458,5832,0.569,0,105,10,0,10,112,0,102,255,234,100,10,0,0,110,0,296,134,298,2,458,20,50
"agent NegotiatingAgent #16",NegotiatingAgent,0.117,0,0.569,0,5,2,0,2,24,0,27,23,15,100,0,6,0,20,0,36,46,112,3,117,20,50
"agent NegotiatingAgent #17",NegotiatingAgent,0.081,98,0.569,0,55,1,0,1,34,0,14,113,82,100,0,2,0,23,0,200,10,68,0,81,20,50
"agent NegotiatingAgent #18",NegotiatingAgent,0.356,9329,0.569,0,135,11,0,11,110,0,83,286,254,100,0,0,0,76,0,364,87,253,1,356,20,50
"agent NegotiatingAgent #19",NegotiatingAgent,0.23,3249,0.569,0,87,8,0,8,52,0,48,227,189,100,5,2,0,56,0,334,74,184,2,230,20,50
"agent NegotiatingAgent #20",NegotiatingAgent,0.249,3130,0.569,0,73,6,0,6,56,0,61,196,185,100,20,0,0,54,0,212,78,178,3,249,20,50
"agent NegotiatingAgent #21",NegotiatingAgent,0.053,0,0.569,0,33,0,0,0,26,0,8,79,76,100,0,3,0,17,0,413,2,54,0,53,20,50
"agent NegotiatingAgent #22",NegotiatingAgent,0.494,5850,0.569,0,90,15,0,15,139,0,123,313,277,100,42,1,0,116,0,275,116,322,1,494,20,50
"agent NegotiatingAgent #23",NegotiatingAgent,0.488,5224,0.569,0,99,11,0,12,116,0,113,243,228,100,14,0,0,121,0,213,138,313,2,488,20,50
"agent NegotiatingAgent #24",NegotiatingAgent,0.133,224,0.569,0,22,4,0,4,26,0,33,66,51,100,3,1,0,26,0,164,48,120,3,133,20,50
"agent NegotiatingAgent #25",NegotiatingAgent,0.053,0,0.569,0,27,0,0,0,26,0,8,76,68,100,0,4,0,17,0,305,2,54,0,53,20,50
"agent NegotiatingAgent #26",NegotiatingAgent,0.374,6412,0.569,0,107,15,0,15,107,0,95,292,262,100,13,1,0,88,0,365,84,262,1,374,20,50
"agent NegotiatingAgent #27",NegotiatingAgent,0.484,3810,0.569,0,75,14,0,14,116,0,111,180,149,100,3,2,0,119,0,222,138,311,2,484,20,50
"agent NegotiatingAgent #28",NegotiatingAgent,0.429,7047,0.569,0,109,5,0,8,103,0,104,337,301,100,27,4,0,97,0,437,125,268,3,429,20,50
"agent NegotiatingAgent #29",NegotiatingAgent,0.081,84,0.569,0,33,1,0,1,34,0,14,101,91,100,2,3,0,23,0,358,10,68,0,81,20,50
"agent NegotiatingAgent #30",NegotiatingAgent,0.292,1843,0.569,0,46,5,0,5,92,0,69,155,141,100,16,1,0,62,0,180,69,221,1,292,20,50
"agent NegotiatingAgent #31",NegotiatingAgent,0.192,3836,0.569,0,93,2,0,2,42,0,39,292,229,100,18,4,0,47,0,297,64,165,2,192,20,50
"agent NegotiatingAgent #32",NegotiatingAgent,0.253,2981,0.569,0,62,6,0,6,52,0,67,264,220,100,37,3,0,60,0,346,74,180,3,253,20,50
"agent NegotiatingAgent #33",NegotiatingAgent,0.053,0,0.569,0,24,0,0,0,26,0,8,77,53,100,0,5,0,17,0,430,2,54,0,53,20,50
"agent NegotiatingAgent #34",NegotiatingAgent,0.152,605,0.569,0,25,1,0,1,52,0,39,106,90,100,18,2,0,32,0,74,29,151,1,152,20,50
"agent NegotiatingAgent #35",NegotiatingAgent,0.426,3465,0.569,0,58,10,0,11,98,0,100,214,193,100,27,2,0,108,0,235,120,282,2,426,20,50
"agent NegotiatingAgent #36",NegotiatingAgent,0.381,3596,0.569,0,51,10,0,10,92,0,91,282,257,100,57,2,0,84,0,237,114,244,3,381,20,50
"agent NegotiatingAgent #37",NegotiatingAgent,0.081,224,0.569,0,35,1,0,1,34,0,14,93,86,100,0,8,0,23,0,466,10,68,0,81,20,50
"agent NegotiatingAgent #38",NegotiatingAgent,0.27,3680,0.569,0,59,5,0,6,87,0,63,196,170,100,15,6,0,56,0,276,64,210,1,270,20,50
"agent NegotiatingAgent #39",NegotiatingAgent,0.202,5142,0.569,0,90,4,0,4,44,0,42,228,188,100,2,7,0,50,0,444,66,170,2,202,20,50
"agent NegotiatingAgent #40",NegotiatingAgent,0.473,3283,0.569,0,72,10,0,11,116,0,113,277,239,100,37,3,0,106,0,266,138,290,3,473,20,50
"agent NegotiatingAgent #41",NegotiatingAgent,0.081,56,0.569,0,36,1,0,1,34,0,14,115,86,100,0,5,0,23,0,326,10,68,0,81,20,50
"agent NegotiatingAgent #42",NegotiatingAgent,0.236,4585,0.569,0,69,3,0,4,80,0,53,234,221,100,21,5,0,46,0,300,57,193,1,236,20,50
"agent NegotiatingAgent #43",NegotiatingAgent,0.216,3553,0.569,0,58,6,0,6,48,0,45,225,191,100,19,5,0,53,0,301,70,177,2,216,20,50
"agent NegotiatingAgent #44",NegotiatingAgent,0.459,5902,0.569,0,93,7,0,9,105,0,117,342,286,100,31,14,0,110,0,396,127,283,3,459,20,50
"agent NegotiatingAgent #45",NegotiatingAgent,0.053,0,0.569,0,8,0,0,0,26,0,8,53,40,100,0,12,0,17,0,429,2,54,0,53,20,50
"agent NegotiatingAgent #46",NegotiatingAgent,0.196,1650,0.569,0,25,6,0,6,62,0,51,80,76,100,6,4,0,44,0,109,39,173,1,196,20,50
"agent NegotiatingAgent #47",NegotiatingAgent,0.464,5436,0.569,0,69,11,0,11,108,0,109,213,204,100,9,14,0,117,0,316,130,301,2,464,20,50
"agent NegotiatingAgent #48",NegotiatingAgent,0.465,3711,0.569,0,70,10,0,11,110,0,115,319,293,100,50,7,0,108,0,258,132,286,3,465,20,50
"agent NegotiatingAgent #49",NegotiatingAgent,0.053,0,0.569,0,11,0,0,0,26,0,8,57,51,100,0,9,0,17,0,398,2,54,0,53,20,50
"agent NegotiatingAgent #50",NegotiatingAgent,0.364,6392,0.569,0,93,11,0,12,108,0,89,315,283,100,28,3,0,82,0,355,85,257,1,364,20,50
"agent NegotiatingAgent #51",NegotiatingAgent,0.202,1315,0.569,0,21,5,0,5,42,0,44,180,152,100,35,4,0,52,0,238,64,170,2,202,20,50
"agent NegotiatingAgent #52",NegotiatingAgent,0.349,6292,0.569,0,77,7,0,8,84,0,83,228,214,100,15,6,0,76,0,324,106,228,3,349,20,50
"agent NegotiatingAgent #53",NegotiatingAgent,0.081,0,0.569,0,13,1,0,1,34,0,14,88,64,100,0,25,0,23,0,99,10,68,0,81,20,50
"agent NegotiatingAgent #54",NegotiatingAgent,0.268,1324,0.569,0,21,5,0,6,86,0,63,235,195,100,53,3,0,56,0,145,63,209,1,268,20,50
"agent NegotiatingAgent #55",NegotiatingAgent,0.428,1503,0.569,0,25,8,0,9,102,0,97,191,189,100,44,1,0,105,0,210,124,283,2,428,20,50
"agent NegotiatingAgent #56",NegotiatingAgent,0.441,3596,0.569,0,47,7,0,8,102,0,111,311,286,100,59,2,0,104,0,246,124,274,3,441,20,50
"agent NegotiatingAgent #57",NegotiatingAgent,0.081,28,0.569,0,22,1,0,1,34,0,14,97,75,100,4,12,0,23,0,396,10,68,0,81,20,50
"agent NegotiatingAgent #58",NegotiatingAgent,0.21,1272,0.569,0,29,7,0,7,71,0,49,124,106,100,14,4,0,42,0,199,48,180,1,210,20,50
"agent NegotiatingAgent #59",NegotiatingAgent,0.14,88,0.569,0,12,1,0,1,28,0,27,42,40,100,0,5,0,35,0,61,50,139,2,140,20,50
"agent NegotiatingAgent #60",NegotiatingAgent,0.137,412,0.569,0,15,4,0,4,30,0,31,72,66,100,9,4,0,24,0,96,52,122,3,137,20,50
"agent NegotiatingAgent #61",NegotiatingAgent,0.081,0,0.569,0,9,1,0,1,34,0,14,73,55,100,0,16,0,23,0,335,10,68,0,81,20,50
"agent NegotiatingAgent #62",NegotiatingAgent,0.364,3246,0.569,0,39,11,0,12,108,0,89,269,264,100,73,5,0,82,0,139,85,257,1,364,20,50
"agent NegotiatingAgent #63",NegotiatingAgent,0.222,3507,0.569,0,51,7,0,8,48,0,48,246,216,100,29,4,0,56,0,243,70,180,2,222,20,50
"agent NegotiatingAgent #64",NegotiatingAgent,0.241,1366,0.569,0,32,5,0,6,52,0,61,211,174,100,29,16,0,54,0,142,74,174,3,241,20,50
"agent NegotiatingAgent #65",NegotiatingAgent,0.081,168,0.569,0,12,1,0,1,34,0,14,87,66,100,0,20,0,23,0,376,10,68,0,81,20,50
"agent NegotiatingAgent #66",NegotiatingAgent,0.26,1115,0.569,0,19,3,0,4,86,0,59,221,186,100,52,4,0,52,0,95,63,205,1,260,20,50
"agent NegotiatingAgent #67",NegotiatingAgent,0.156,322,0.569,0,32,3,0,3,32,0,31,191,146,100,34,1,0,39,0,108,54,147,2,156,20,50
"agent NegotiatingAgent #68",NegotiatingAgent,0.241,1565,0.569,0,35,5,0,5,52,0,61,175,144,100,18,11,0,54,0,130,74,174,3,241,20,50
"agent NegotiatingAgent #69",NegotiatingAgent,0.053,0,0.569,0,3,0,0,0,26,0,8,51,40,100,0,13,0,17,0,297,2,54,0,53,20,50
"agent NegotiatingAgent #70",NegotiatingAgent,0.198,1247,0.569,0,23,5,0,5,67,0,47,111,96,100,12,5,0,40,0,212,44,174,1,198,20,50
"agent NegotiatingAgent #71",NegotiatingAgent,0.204,2203,0.569,0,38,4,0,4,44,0,43,283,236,100,46,6,0,51,0,197,66,171,2,204,20,50
"agent NegotiatingAgent #72",NegotiatingAgent,0.269,879,0.569,0,21,9,0,9,60,0,67,366,290,100,81,3,0,60,0,125,82,188,3,269,20,50
"agent NegotiatingAgent #73",NegotiatingAgent,0.081,0,0.569,0,5,1,0,1,34,0,14,93,67,100,7,20,0,23,0,243,10,68,0,81,20,50
"agent NegotiatingAgent #74",NegotiatingAgent,0.2,182,0.569,0,3,6,0,6,64,0,51,126,112,100,38,2,0,44,0,38,41,175,1,200,20,50
"agent NegotiatingAgent #75",NegotiatingAgent,0.158,281,0.569,0,7,4,0,4,32,0,32,78,67,100,12,5,0,40,0,114,54,148,2,158,20,50
"agent NegotiatingAgent #76",NegotiatingAgent,0.413,744,0.569,0,18,5,0,6,96,0,103,299,241,100,76,1,0,96,0,81,118,260,3,413,20,50
"agent NegotiatingAgent #77",NegotiatingAgent,0.081,140,0.569,0,4,1,0,1,34,0,14,83,59,100,2,22,0,23,0,264,10,68,0,81,20,50
"agent NegotiatingAgent #78",NegotiatingAgent,0.318,3243,0.569,0,43,8,0,8,93,0,81,322,272,100,60,8,0,74,0,248,70,234,1,318,20,50
"agent NegotiatingAgent #79",NegotiatingAgent,0.426,1749,0.569,0,29,6,0,8,99,0,99,190,169,100,30,20,0,107,0,100,121,282,2,426,20,50
"agent NegotiatingAgent #80",NegotiatingAgent,0.257,664,0.569,0,15,7,0,7,56,0,65,200,170,100,41,15,0,58,0,92,78,182,3,257,20,50
"agent NegotiatingAgent #81",NegotiatingAgent,0.081,0,0.569,0,0,1,0,1,34,0,14,83,59,100,4,22,0,23,0,188,10,68,0,81,20,50
"agent NegotiatingAgent #82",NegotiatingAgent,0.374,2212,0.569,0,30,11,0,12,117,0,85,313,255,100,66,8,0,78,0,119,94,262,1,374,20,50
"agent NegotiatingAgent #83",NegotiatingAgent,0.196,345,0.569,0,8,3,0,3,40,0,43,211,167,100,53,5,0,51,0,66,62,167,2,196,20,50
"agent NegotiatingAgent #84",NegotiatingAgent,0.113,0,0.569,0,0,1,0,1,22,0,27,57,45,100,13,5,0,20,0,34,44,110,3,113,20,50
"agent NegotiatingAgent #85",NegotiatingAgent,0.053,0,0.569,0,0,0,0,0,26,0,8,52,35,100,0,17,0,17,0,169,2,54,0,53,20,50
"agent NegotiatingAgent #86",NegotiatingAgent,0.374,1037,0.569,0,14,10,0,11,113,0,89,226,185,100,47,10,0,82,0,98,90,262,1,374,20,50
"agent NegotiatingAgent #87",NegotiatingAgent,0.148,21,0.569,0,4,2,0,2,28,0,31,100,81,100,24,3,0,39,0,18,50,143,2,148,20,50
"agent NegotiatingAgent #88",NegotiatingAgent,0.433,1174,0.569,0,14,3,0,5,102,0,107,181,151,100,30,21,0,100,0,61,124,270,3,433,20,50
"agent NegotiatingAgent #89",NegotiatingAgent,0.081,0,0.569,0,0,1,0,1,34,0,14,84,59,100,5,21,0,23,0,80,10,68,0,81,20,50
"agent NegotiatingAgent #90",NegotiatingAgent,0.346,457,0.569,0,6,8,0,9,103,0,85,258,219,100,75,5,0,78,0,65,80,248,1,346,20,50
"agent NegotiatingAgent #91",NegotiatingAgent,0.39,428,0.569,0,8,9,0,10,90,0,90,332,273,100,92,3,0,98,0,40,112,264,2,390,20,50
"agent NegotiatingAgent #92",NegotiatingAgent,0.433,1342,0.569,0,14,8,0,9,100,0,109,313,251,100,79,8,0,102,0,99,122,270,3,433,20,50
"agent NegotiatingAgent #93",NegotiatingAgent,0.053,0,0.569,0,6,0,0,0,26,0,8,58,45,100,0,10,0,17,0,76,2,54,0,53,20,50
"agent NegotiatingAgent #94",NegotiatingAgent,0.226,96,0.569,0,1,5,0,6,83,0,45,216,173,100,54,6,0,38,0,4,60,188,1,226,20,50
"agent NegotiatingAgent #95",NegotiatingAgent,0.414,348,0.569,0,4,5,0,7,97,0,95,219,177,100,58,15,0,103,0,7,119,276,2,414,20,50
"agent NegotiatingAgent #96",NegotiatingAgent,0.133,0,0.569,0,0,4,0,4,26,0,33,33,30,100,6,4,0,26,0,0,48,120,3,133,20,50
"agent NegotiatingAgent #97",NegotiatingAgent,0.053,0,0.569,0,0,0,0,0,26,0,8,52,38,100,0,14,0,17,0,52,2,54,0,53,20,50
"agent NegotiatingAgent #98",NegotiatingAgent,0.356,0,0.569,0,0,11,0,12,104,0,89,96,81,100,30,3,0,82,0,2,81,253,1,356,20,50
"agent NegotiatingAgent #99",NegotiatingAgent,0.424,0,0.569,0,0,8,0,9,96,0,101,356,286,100,102,4,0,109,0,0,118,281,2,424,20,50
"agent NegotiatingAgent #100",NegotiatingAgent,0.477,6787,0.569,0,101,17,0,17,114,0,117,199,201,100,0,0,0,110,0,198,136,292,3,477,20,50
