agentName,agentType,averageSpeed,cumulatedUtilityReceived,freeWallRatio,numBacktrackAgents,numCFPAnswered,numDeadends,numDifferentEncounters,numDirectionChanges,numDownSteps,numForwardAgents,numLeftSteps,numMessagesReceived,numMessagesSent,numNegotiatingAgents,numProposalsAccepted,numProposalsRejected,numRandomAgents,numRightSteps,numSwarmAgents,numTotalEncounters,numUpSteps,numVisitedCells,startingPosition,stepsToExit,xsize,ysize
"agent ForwardAgent #1",ForwardAgent,0.065,0,0.569,0,0,0,0,0,31,100,10,0,0,0,0,0,0,18,0,1014,6,66,0,65,20,50
"agent ForwardAgent #2",ForwardAgent,0.814,0,0.569,0,0,33,0,33,213,100,210,0,0,0,0,0,0,202,0,654,189,290,1,814,20,50
"agent ForwardAgent #3",ForwardAgent,1.018,0,0.569,0,0,33,0,33,284,100,211,0,0,0,0,0,0,218,0,793,305,224,2,1018,20,50
"agent ForwardAgent #4",ForwardAgent,0.669,0,0.569,0,0,23,0,23,168,100,160,0,0,0,0,0,0,152,0,188,189,240,3,669,20,50
"agent ForwardAgent #5",ForwardAgent,0.065,0,0.569,0,0,0,0,0,31,100,10,0,0,0,0,0,0,18,0,551,6,66,0,65,20,50
"agent ForwardAgent #6",ForwardAgent,1.728,0,0.569,0,0,56,0,56,474,100,406,0,0,0,0,0,0,398,0,127,450,330,1,1728,20,50
"agent ForwardAgent #7",ForwardAgent,1.53,0,0.569,0,0,55,0,55,374,100,377,0,0,0,0,0,0,384,0,185,395,320,2,1530,20,50
"agent ForwardAgent #8",ForwardAgent,0.561,0,0.569,0,0,14,0,14,130,100,144,0,0,0,0,0,0,136,0,19,151,226,3,561,20,50
"agent ForwardAgent #9",ForwardAgent,0.065,0,0.569,0,0,0,0,0,31,100,10,0,0,0,0,0,0,18,0,0,6,66,0,65,20,50
"agent ForwardAgent #10",ForwardAgent,0.164,0,0.569,0,0,3,0,3,50,100,48,0,0,0,0,0,0,40,0,259,26,134,1,164,20,50
"agent ForwardAgent #11",ForwardAgent,1.244,0,0.569,0,0,38,0,38,336,100,272,0,0,0,0,0,0,279,0,654,357,280,2,1244,20,50
"agent ForwardAgent #12",ForwardAgent,0.957,0,0.569,0,0,22,0,22,240,100,232,0,0,0,0,0,0,224,0,628,261,290,3,957,20,50
"agent ForwardAgent #13",ForwardAgent,0.073,0,0.569,0,0,1,0,1,31,100,14,0,0,0,0,0,0,22,0,1057,6,70,0,73,20,50
"agent ForwardAgent #14",ForwardAgent,0.526,0,0.569,0,0,18,0,18,147,100,132,0,0,0,0,0,0,124,0,423,123,160,1,526,20,50
"agent ForwardAgent #15",ForwardAgent,0.226,0,0.569,0,0,3,0,3,54,100,45,0,0,0,0,0,0,52,0,855,75,142,2,226,20,50
"agent ForwardAgent #16",ForwardAgent,1.153,0,0.569,0,0,57,0,57,282,100,288,0,0,0,0,0,0,280,0,961,303,292,3,1153,20,50
"agent ForwardAgent #17",ForwardAgent,0.121,0,0.569,0,0,3,0,3,51,100,18,0,0,0,0,0,0,26,0,1168,26,94,0,121,20,50
"agent ForwardAgent #18",ForwardAgent,1.606,0,0.569,0,0,57,0,57,461,100,358,0,0,0,0,0,0,350,0,589,437,230,1,1606,20,50
"agent ForwardAgent #19",ForwardAgent,0.618,0,0.569,0,0,19,0,19,162,100,133,0,0,0,0,0,0,140,0,794,183,182,2,618,20,50
"agent ForwardAgent #20",ForwardAgent,0.101,0,0.569,0,0,1,0,1,18,100,26,0,0,0,0,0,0,18,0,178,39,82,3,101,20,50
"agent ForwardAgent #21",ForwardAgent,0.737,0,0.569,0,0,18,0,18,235,100,142,0,0,0,0,0,0,150,0,1213,210,98,0,737,20,50
"agent ForwardAgent #22",ForwardAgent,1.022,0,0.569,0,0,35,0,35,283,100,244,0,0,0,0,0,0,236,0,852,259,174,1,1022,20,50
"agent ForwardAgent #23",ForwardAgent,0.28,0,0.569,0,0,6,0,6,70,100,56,0,0,0,0,0,0,63,0,358,91,150,2,280,20,50
"agent ForwardAgent #24",ForwardAgent,0.061,0,0.569,0,0,0,0,0,4,100,20,0,0,0,0,0,0,12,0,344,25,62,3,61,20,50
"agent ForwardAgent #25",ForwardAgent,0.137,0,0.569,0,0,3,0,3,53,100,24,0,0,0,0,0,0,32,0,984,28,94,0,137,20,50
"agent ForwardAgent #26",ForwardAgent,0.858,0,0.569,0,0,35,0,35,241,100,204,0,0,0,0,0,0,196,0,436,217,174,1,858,20,50
"agent ForwardAgent #27",ForwardAgent,0.22,0,0.569,0,0,3,0,3,46,100,50,0,0,0,0,0,0,57,0,299,67,134,2,220,20,50
"agent ForwardAgent #28",ForwardAgent,0.409,0,0.569,0,0,8,0,8,90,100,108,0,0,0,0,0,0,100,0,557,111,220,3,409,20,50
"agent ForwardAgent #29",ForwardAgent,0.113,0,0.569,0,0,1,0,1,47,100,18,0,0,0,0,0,0,26,0,894,22,90,0,113,20,50
"agent ForwardAgent #30",ForwardAgent,1.034,0,0.569,0,0,22,0,22,259,100,274,0,0,0,0,0,0,266,0,473,235,226,1,1034,20,50
"agent ForwardAgent #31",ForwardAgent,0.222,0,0.569,0,0,6,0,6,52,100,45,0,0,0,0,0,0,52,0,528,73,132,2,222,20,50
"agent ForwardAgent #32",ForwardAgent,0.605,0,0.569,0,0,18,0,18,142,100,154,0,0,0,0,0,0,146,0,615,163,168,3,605,20,50
"agent ForwardAgent #33",ForwardAgent,0.249,0,0.569,0,0,8,0,8,81,100,52,0,0,0,0,0,0,60,0,856,56,102,0,249,20,50
"agent ForwardAgent #34",ForwardAgent,1.516,0,0.569,0,0,51,0,51,412,100,362,0,0,0,0,0,0,354,0,527,388,232,1,1516,20,50
"agent ForwardAgent #35",ForwardAgent,0.056,0,0.569,0,0,0,0,0,4,100,10,0,0,0,0,0,0,17,0,213,25,57,2,56,20,50
"agent ForwardAgent #36",ForwardAgent,1.513,0,0.569,0,0,62,0,62,386,100,364,0,0,0,0,0,0,356,0,583,407,300,3,1513,20,50
"agent ForwardAgent #37",ForwardAgent,0.065,0,0.569,0,0,0,0,0,31,100,10,0,0,0,0,0,0,18,0,799,6,66,0,65,20,50
"agent ForwardAgent #38",ForwardAgent,1.736,0,0.569,0,0,60,0,60,428,100,456,0,0,0,0,0,0,448,0,517,404,174,1,1736,20,50
"agent ForwardAgent #39",ForwardAgent,1.196,0,0.569,0,0,47,0,47,348,100,236,0,0,0,0,0,0,243,0,524,369,176,2,1196,20,50
"agent ForwardAgent #40",ForwardAgent,0.741,0,0.569,0,0,19,0,19,186,100,178,0,0,0,0,0,0,170,0,537,207,284,3,741,20,50
"agent ForwardAgent #41",ForwardAgent,0.417,0,0.569,0,0,13,0,13,135,100,82,0,0,0,0,0,0,90,0,748,110,102,0,417,20,50
"agent ForwardAgent #42",ForwardAgent,2.296,0,0.569,0,0,80,0,80,626,100,538,0,0,0,0,0,0,530,0,644,602,294,1,2296,20,50
"agent ForwardAgent #43",ForwardAgent,0.156,0,0.569,0,0,5,0,5,26,100,38,0,0,0,0,0,0,45,0,188,47,97,2,156,20,50
"agent ForwardAgent #44",ForwardAgent,0.369,0,0.569,0,0,4,0,4,80,100,98,0,0,0,0,0,0,90,0,363,101,208,3,369,20,50
"agent ForwardAgent #45",ForwardAgent,0.289,0,0.569,0,0,6,0,6,99,100,54,0,0,0,0,0,0,62,0,655,74,98,0,289,20,50
"agent ForwardAgent #46",ForwardAgent,2.212,0,0.569,0,0,66,0,66,612,100,510,0,0,0,0,0,0,502,0,436,588,324,1,2212,20,50
"agent ForwardAgent #47",ForwardAgent,0.32,0,0.569,0,0,16,0,16,66,100,80,0,0,0,0,0,0,87,0,159,87,136,2,320,20,50
"agent ForwardAgent #48",ForwardAgent,0.129,0,0.569,0,0,3,0,3,26,100,32,0,0,0,0,0,0,24,0,335,47,90,3,129,20,50
"agent ForwardAgent #49",ForwardAgent,0.105,0,0.569,0,0,1,0,1,49,100,12,0,0,0,0,0,0,20,0,706,24,86,0,105,20,50
"agent ForwardAgent #50",ForwardAgent,0.81,0,0.569,0,0,29,0,29,223,100,198,0,0,0,0,0,0,190,0,434,199,230,1,810,20,50
"agent ForwardAgent #51",ForwardAgent,0.206,0,0.569,0,0,2,0,2,52,100,37,0,0,0,0,0,0,44,0,396,73,132,2,206,20,50
"agent ForwardAgent #52",ForwardAgent,0.761,0,0.569,0,0,19,0,19,202,100,172,0,0,0,0,0,0,164,0,371,223,182,3,761,20,50
"agent ForwardAgent #53",ForwardAgent,0.329,0,0.569,0,0,5,0,5,109,100,64,0,0,0,0,0,0,72,0,721,84,90,0,329,20,50
"agent ForwardAgent #54",ForwardAgent,0.146,0,0.569,0,0,3,0,3,53,100,36,0,0,0,0,0,0,28,0,81,29,125,1,146,20,50
"agent ForwardAgent #55",ForwardAgent,0.056,0,0.569,0,0,0,0,0,4,100,10,0,0,0,0,0,0,17,0,138,25,57,2,56,20,50
"agent ForwardAgent #56",ForwardAgent,0.061,0,0.569,0,0,0,0,0,4,100,20,0,0,0,0,0,0,12,0,232,25,62,3,61,20,50
"agent ForwardAgent #57",ForwardAgent,0.673,0,0.569,0,0,26,0,26,213,100,132,0,0,0,0,0,0,140,0,596,188,102,0,673,20,50
"agent ForwardAgent #58",ForwardAgent,0.17,0,0.569,0,0,5,0,5,55,100,46,0,0,0,0,0,0,38,0,224,31,119,1,170,20,50
"agent ForwardAgent #59",ForwardAgent,0.736,0,0.569,0,0,26,0,26,198,100,156,0,0,0,0,0,0,163,0,250,219,210,2,736,20,50
"agent ForwardAgent #60",ForwardAgent,0.549,0,0.569,0,0,13,0,13,128,100,140,0,0,0,0,0,0,132,0,279,149,168,3,549,20,50
"agent ForwardAgent #61",ForwardAgent,0.073,0,0.569,0,0,1,0,1,31,100,14,0,0,0,0,0,0,22,0,457,6,70,0,73,20,50
"agent ForwardAgent #62",ForwardAgent,1.144,0,0.569,0,0,52,0,52,326,100,262,0,0,0,0,0,0,254,0,342,302,168,1,1144,20,50
"agent ForwardAgent #63",ForwardAgent,0.128,0,0.569,0,0,1,0,1,22,100,28,0,0,0,0,0,0,35,0,65,43,93,2,128,20,50
"agent ForwardAgent #64",ForwardAgent,0.577,0,0.569,0,0,29,0,29,140,100,142,0,0,0,0,0,0,134,0,174,161,184,3,577,20,50
"agent ForwardAgent #65",ForwardAgent,0.065,0,0.569,0,0,0,0,0,31,100,10,0,0,0,0,0,0,18,0,432,6,66,0,65,20,50
"agent ForwardAgent #66",ForwardAgent,0.846,0,0.569,0,0,31,0,31,257,100,182,0,0,0,0,0,0,174,0,171,233,310,1,846,20,50
"agent ForwardAgent #67",ForwardAgent,0.45,0,0.569,0,0,18,0,18,130,100,81,0,0,0,0,0,0,88,0,307,151,142,2,450,20,50
"agent ForwardAgent #68",ForwardAgent,0.473,0,0.569,0,0,17,0,17,130,100,100,0,0,0,0,0,0,92,0,112,151,162,3,473,20,50
"agent ForwardAgent #69",ForwardAgent,0.169,0,0.569,0,0,5,0,5,65,100,28,0,0,0,0,0,0,36,0,425,40,102,0,169,20,50
"agent ForwardAgent #70",ForwardAgent,1.046,0,0.569,0,0,46,0,46,293,100,246,0,0,0,0,0,0,238,0,169,269,174,1,1046,20,50
"agent ForwardAgent #71",ForwardAgent,0.718,0,0.569,0,0,15,0,15,176,100,169,0,0,0,0,0,0,176,0,371,197,272,2,718,20,50
"agent ForwardAgent #72",ForwardAgent,1.141,0,0.569,0,0,36,0,36,320,100,244,0,0,0,0,0,0,236,0,160,341,210,3,1141,20,50
"agent ForwardAgent #73",ForwardAgent,0.065,0,0.569,0,0,0,0,0,31,100,10,0,0,0,0,0,0,18,0,330,6,66,0,65,20,50
"agent ForwardAgent #74",ForwardAgent,0.796,0,0.569,0,0,22,0,22,224,100,190,0,0,0,0,0,0,182,0,139,200,282,1,796,20,50
"agent ForwardAgent #75",ForwardAgent,0.438,0,0.569,0,0,17,0,17,104,100,101,0,0,0,0,0,0,108,0,404,125,202,2,438,20,50
"agent ForwardAgent #76",ForwardAgent,0.253,0,0.569,0,0,6,0,6,66,100,54,0,0,0,0,0,0,46,0,90,87,132,3,253,20,50
"agent ForwardAgent #77",ForwardAgent,0.225,0,0.569,0,0,6,0,6,75,100,46,0,0,0,0,0,0,54,0,265,50,98,0,225,20,50
"agent ForwardAgent #78",ForwardAgent,1.528,0,0.569,0,0,57,0,57,426,100,354,0,0,0,0,0,0,346,0,138,402,258,1,1528,20,50
"agent ForwardAgent #79",ForwardAgent,0.112,0,0.569,0,0,1,0,1,20,100,22,0,0,0,0,0,0,29,0,41,41,85,2,112,20,50
"agent ForwardAgent #80",ForwardAgent,0.113,0,0.569,0,0,1,0,1,22,100,28,0,0,0,0,0,0,20,0,27,43,88,3,113,20,50
"agent ForwardAgent #81",ForwardAgent,0.081,0,0.569,0,0,1,0,1,37,100,12,0,0,0,0,0,0,20,0,196,12,74,0,81,20,50
"agent ForwardAgent #82",ForwardAgent,1.308,0,0.569,0,0,39,0,39,350,100,320,0,0,0,0,0,0,312,0,64,326,276,1,1308,20,50
"agent ForwardAgent #83",ForwardAgent,0.274,0,0.569,0,0,7,0,7,78,100,45,0,0,0,0,0,0,52,0,148,99,132,2,274,20,50
"agent ForwardAgent #84",ForwardAgent,0.061,0,0.569,0,0,0,0,0,4,100,20,0,0,0,0,0,0,12,0,134,25,62,3,61,20,50
"agent ForwardAgent #85",ForwardAgent,0.265,0,0.569,0,0,5,0,5,101,100,40,0,0,0,0,0,0,48,0,225,76,98,0,265,20,50
"agent ForwardAgent #86",ForwardAgent,0.424,0,0.569,0,0,8,0,8,122,100,106,0,0,0,0,0,0,98,0,22,98,202,1,424,20,50
"agent ForwardAgent #87",ForwardAgent,0.548,0,0.569,0,0,20,0,20,134,100,126,0,0,0,0,0,0,133,0,32,155,200,2,548,20,50
"agent ForwardAgent #88",ForwardAgent,0.061,0,0.569,0,0,0,0,0,4,100,20,0,0,0,0,0,0,12,0,72,25,62,3,61,20,50
"agent ForwardAgent #89",ForwardAgent,0.145,0,0.569,0,0,4,0,4,57,100,24,0,0,0,0,0,0,32,0,142,32,94,0,145,20,50
"agent ForwardAgent #90",ForwardAgent,2.034,0,0.569,0,0,71,0,71,505,100,528,0,0,0,0,0,0,520,0,102,481,328,1,2034,20,50
"agent ForwardAgent #91",ForwardAgent,0.056,0,0.569,0,0,0,0,0,4,100,10,0,0,0,0,0,0,17,0,2,25,57,2,56,20,50
"agent ForwardAgent #92",ForwardAgent,0.061,0,0.569,0,0,0,0,0,4,100,20,0,0,0,0,0,0,12,0,1,25,62,3,61,20,50
"agent ForwardAgent #93",ForwardAgent,0.065,0,0.569,0,0,0,0,0,31,100,10,0,0,0,0,0,0,18,0,101,6,66,0,65,20,50
"agent ForwardAgent #94",ForwardAgent,0.386,0,0.569,0,0,13,0,13,107,100,102,0,0,0,0,0,0,94,0,75,83,203,1,386,20,50
"agent ForwardAgent #95",ForwardAgent,0.718,0,0.569,0,0,28,0,28,206,100,139,0,0,0,0,0,0,146,0,60,227,170,2,718,20,50
"agent ForwardAgent #96",ForwardAgent,0.369,0,0.569,0,0,8,0,8,84,100,94,0,0,0,0,0,0,86,0,2,105,208,3,369,20,50
"agent ForwardAgent #97",ForwardAgent,0.849,0,0.569,0,0,29,0,29,257,100,176,0,0,0,0,0,0,184,0,36,232,102,0,849,20,50
"agent ForwardAgent #98",ForwardAgent,0.798,0,0.569,0,0,32,0,32,205,100,210,0,0,0,0,0,0,202,0,4,181,245,1,798,20,50
"agent ForwardAgent #99",ForwardAgent,0.45,0,0.569,0,0,18,0,18,112,100,99,0,0,0,0,0,0,106,0,0,133,202,2,450,20,50
"agent ForwardAgent #100",ForwardAgent,0.333,0,0.569,0,0,7,0,7,72,100,88,0,0,0,0,0,0,80,0,543,93,198,3,333,20,50
