agentName,agentType,averageSpeed,cumulatedUtilityReceived,freeWallRatio,numBacktrackAgents,numCFPAnswered,numDeadends,numDifferentEncounters,numDirectionChanges,numDownSteps,numForwardAgents,numLeftSteps,numMessagesReceived,numMessagesSent,numNegotiatingAgents,numProposalsAccepted,numProposalsRejected,numRandomAgents,numRightSteps,numSwarmAgents,numTotalEncounters,numUpSteps,numVisitedCells,startingPosition,stepsToExit,xsize,ysize
"agent NegotiatingAgent #1",NegotiatingAgent,0.555,6693,0.569,0,123,6,0,7,174,0,112,289,281,100,12,2,0,120,0,336,149,340,0,555,20,50
"agent NegotiatingAgent #2",NegotiatingAgent,0.472,5319,0.569,0,100,5,0,5,136,0,116,266,273,100,18,3,0,108,0,306,112,323,1,472,20,50
"agent NegotiatingAgent #3",NegotiatingAgent,0.632,6023,0.569,0,90,8,0,9,168,0,134,391,357,100,66,1,0,141,0,367,189,336,2,632,20,50
"agent NegotiatingAgent #4",NegotiatingAgent,0.323,4592,0.569,0,62,3,0,4,87,0,68,283,236,100,35,11,0,60,0,279,108,213,3,323,20,50
"agent NegotiatingAgent #5",NegotiatingAgent,0.147,2182,0.569,0,42,3,0,3,52,0,30,182,156,100,8,9,0,38,0,558,27,136,0,147,20,50
"agent NegotiatingAgent #6",NegotiatingAgent,0.554,2584,0.569,0,41,8,0,9,165,0,128,421,346,100,98,6,0,120,0,240,141,364,1,554,20,50
"agent NegotiatingAgent #7",NegotiatingAgent,0.378,990,0.569,0,17,4,0,5,99,0,76,210,179,100,49,5,0,83,0,68,120,209,2,378,20,50
"agent NegotiatingAgent #8",NegotiatingAgent,0.321,290,0.569,0,7,3,0,4,72,0,82,172,140,100,42,12,0,74,0,35,93,212,3,321,20,50
"agent NegotiatingAgent #9",NegotiatingAgent,0.499,0,0.569,0,0,4,0,5,164,0,94,323,249,100,76,31,0,102,0,0,139,312,0,499,20,50
"agent NegotiatingAgent #10",NegotiatingAgent,0.252,4710,0.569,0,87,6,0,6,80,0,62,176,183,100,0,0,0,54,0,210,56,213,1,252,20,50
"agent NegotiatingAgent #11",NegotiatingAgent,0.042,4,0.569,0,19,1,0,1,2,0,5,33,38,100,0,0,0,12,0,67,23,41,2,42,20,50
"agent NegotiatingAgent #12",NegotiatingAgent,0.717,8407,0.569,0,120,19,0,19,190,0,162,248,238,100,0,0,0,154,0,368,211,410,3,717,20,50
"agent NegotiatingAgent #13",NegotiatingAgent,0.147,426,0.569,0,85,3,0,3,52,0,30,168,124,100,0,0,0,38,0,260,27,136,0,147,20,50
"agent NegotiatingAgent #14",NegotiatingAgent,0.354,8080,0.569,0,126,12,0,12,109,0,84,256,253,100,0,0,0,76,0,307,85,264,1,354,20,50
"agent NegotiatingAgent #15",NegotiatingAgent,0.038,0,0.569,0,35,0,0,0,0,0,5,72,58,100,0,0,0,12,0,153,21,39,2,38,20,50
"agent NegotiatingAgent #16",NegotiatingAgent,0.105,554,0.569,0,48,1,0,1,18,0,28,109,100,100,4,1,0,20,0,215,39,104,3,105,20,50
"agent NegotiatingAgent #17",NegotiatingAgent,0.407,6468,0.569,0,146,7,0,7,124,0,88,339,295,100,3,9,0,96,0,472,99,266,0,407,20,50
"agent NegotiatingAgent #18",NegotiatingAgent,0.342,6945,0.569,0,123,10,0,10,99,0,88,309,276,100,13,1,0,80,0,365,75,258,1,342,20,50
"agent NegotiatingAgent #19",NegotiatingAgent,0.644,10993,0.569,0,158,11,0,12,172,0,136,338,321,100,6,0,0,143,0,409,193,342,2,644,20,50
"agent NegotiatingAgent #20",NegotiatingAgent,0.673,7211,0.569,0,116,15,0,15,178,0,152,342,328,100,40,0,0,144,0,277,199,388,3,673,20,50
"agent NegotiatingAgent #21",NegotiatingAgent,0.147,1070,0.569,0,60,3,0,3,52,0,30,164,147,100,6,5,0,38,0,285,27,136,0,147,20,50
"agent NegotiatingAgent #22",NegotiatingAgent,0.192,774,0.569,0,41,3,0,3,72,0,40,87,90,100,2,2,0,32,0,119,48,183,1,192,20,50
"agent NegotiatingAgent #23",NegotiatingAgent,0.298,1820,0.569,0,51,5,0,5,72,0,63,126,127,100,2,11,0,70,0,208,93,169,2,298,20,50
"agent NegotiatingAgent #24",NegotiatingAgent,0.361,3128,0.569,0,65,6,0,6,88,0,86,159,167,100,5,5,0,78,0,275,109,232,3,361,20,50
"agent NegotiatingAgent #25",NegotiatingAgent,0.595,4972,0.569,0,105,8,0,8,182,0,124,318,268,100,30,7,0,132,0,575,157,360,0,595,20,50
"agent NegotiatingAgent #26",NegotiatingAgent,0.31,6205,0.569,0,91,11,0,11,99,0,72,248,241,100,21,3,0,64,0,274,75,242,1,310,20,50
"agent NegotiatingAgent #27",NegotiatingAgent,0.038,0,0.569,0,13,0,0,0,0,0,5,48,38,100,0,3,0,12,0,120,21,39,2,38,20,50
"agent NegotiatingAgent #28",NegotiatingAgent,0.617,9993,0.569,0,145,11,0,12,164,0,138,366,353,100,22,1,0,130,0,426,185,360,3,617,20,50
"agent NegotiatingAgent #29",NegotiatingAgent,0.459,7368,0.569,0,131,4,0,5,140,0,98,350,297,100,9,19,0,106,0,448,115,292,0,459,20,50
"agent NegotiatingAgent #30",NegotiatingAgent,0.304,4141,0.569,0,67,5,0,6,94,0,74,183,177,100,12,1,0,66,0,233,70,239,1,304,20,50
"agent NegotiatingAgent #31",NegotiatingAgent,0.626,4563,0.569,0,71,8,0,9,163,0,136,334,313,100,63,8,0,143,0,247,184,333,2,626,20,50
"agent NegotiatingAgent #32",NegotiatingAgent,0.577,5374,0.569,0,83,5,0,5,144,0,138,267,254,100,22,16,0,130,0,209,165,340,3,577,20,50
"agent NegotiatingAgent #33",NegotiatingAgent,0.507,4495,0.569,0,76,3,0,4,158,0,104,241,221,100,15,24,0,112,0,585,133,316,0,507,20,50
"agent NegotiatingAgent #34",NegotiatingAgent,0.578,8130,0.569,0,112,13,0,13,173,0,132,346,321,100,29,4,0,124,0,492,149,376,1,578,20,50
"agent NegotiatingAgent #35",NegotiatingAgent,0.37,3907,0.569,0,73,5,0,7,99,0,72,244,232,100,33,3,0,79,0,271,120,205,2,370,20,50
"agent NegotiatingAgent #36",NegotiatingAgent,0.627,6506,0.569,0,102,12,0,13,163,0,144,320,300,100,33,5,0,136,0,322,184,365,3,627,20,50
"agent NegotiatingAgent #37",NegotiatingAgent,0.575,5700,0.569,0,116,5,0,6,172,0,124,364,299,100,26,8,0,132,0,627,147,350,0,575,20,50
"agent NegotiatingAgent #38",NegotiatingAgent,0.562,7631,0.569,0,104,9,0,9,163,0,134,312,291,100,20,6,0,126,0,387,139,368,1,562,20,50
"agent NegotiatingAgent #39",NegotiatingAgent,0.274,1528,0.569,0,38,2,0,2,64,0,59,155,143,100,23,8,0,66,0,83,85,157,2,274,20,50
"agent NegotiatingAgent #40",NegotiatingAgent,0.133,1082,0.569,0,34,2,0,2,22,0,38,93,91,100,2,10,0,30,0,204,43,118,3,133,20,50
"agent NegotiatingAgent #41",NegotiatingAgent,0.585,2466,0.569,0,71,8,0,9,181,0,120,353,285,100,56,10,0,128,0,481,156,355,0,585,20,50
"agent NegotiatingAgent #42",NegotiatingAgent,0.536,6588,0.569,0,87,9,0,9,154,0,130,281,269,100,29,10,0,122,0,312,130,355,1,536,20,50
"agent NegotiatingAgent #43",NegotiatingAgent,0.286,1036,0.569,0,37,2,0,2,66,0,63,104,107,100,4,8,0,70,0,254,87,163,2,286,20,50
"agent NegotiatingAgent #44",NegotiatingAgent,0.299,5499,0.569,0,75,2,0,3,75,0,68,295,276,100,42,11,0,60,0,290,96,201,3,299,20,50
"agent NegotiatingAgent #45",NegotiatingAgent,0.123,280,0.569,0,33,0,0,0,44,0,26,122,79,100,0,21,0,34,0,180,19,124,0,123,20,50
"agent NegotiatingAgent #46",NegotiatingAgent,0.366,7342,0.569,0,108,9,0,9,107,0,92,411,338,100,41,4,0,84,0,487,83,270,1,366,20,50
"agent NegotiatingAgent #47",NegotiatingAgent,0.038,0,0.569,0,8,0,0,0,0,0,5,42,30,100,0,8,0,12,0,149,21,39,2,38,20,50
"agent NegotiatingAgent #48",NegotiatingAgent,0.553,5499,0.569,0,74,6,0,6,150,0,120,293,287,100,49,6,0,112,0,318,171,328,3,553,20,50
"agent NegotiatingAgent #49",NegotiatingAgent,0.447,2657,0.569,0,54,2,0,3,140,0,92,234,211,100,23,19,0,100,0,564,115,286,0,447,20,50
"agent NegotiatingAgent #50",NegotiatingAgent,0.222,1244,0.569,0,37,4,0,4,79,0,48,164,132,100,21,3,0,40,0,205,55,198,1,222,20,50
"agent NegotiatingAgent #51",NegotiatingAgent,0.32,2500,0.569,0,38,6,0,6,84,0,62,193,176,100,30,7,0,69,0,195,105,180,2,320,20,50
"agent NegotiatingAgent #52",NegotiatingAgent,0.359,1122,0.569,0,27,6,0,7,93,0,80,231,203,100,60,7,0,72,0,180,114,231,3,359,20,50
"agent NegotiatingAgent #53",NegotiatingAgent,0.123,0,0.569,0,25,0,0,0,44,0,26,105,89,100,0,21,0,34,0,442,19,124,0,123,20,50
"agent NegotiatingAgent #54",NegotiatingAgent,0.248,1920,0.569,0,33,2,0,3,78,0,62,143,131,100,14,11,0,54,0,105,54,211,1,248,20,50
"agent NegotiatingAgent #55",NegotiatingAgent,0.582,7783,0.569,0,107,4,0,6,159,0,118,454,407,100,69,4,0,125,0,320,180,311,2,582,20,50
"agent NegotiatingAgent #56",NegotiatingAgent,0.133,364,0.569,0,20,2,0,2,20,0,40,108,90,100,12,12,0,32,0,190,41,118,3,133,20,50
"agent NegotiatingAgent #57",NegotiatingAgent,0.147,54,0.569,0,22,3,0,3,52,0,30,192,149,100,21,20,0,38,0,165,27,136,0,147,20,50
"agent NegotiatingAgent #58",NegotiatingAgent,0.542,4133,0.569,0,62,8,0,8,161,0,126,381,335,100,69,3,0,118,0,359,137,358,1,542,20,50
"agent NegotiatingAgent #59",NegotiatingAgent,0.588,4525,0.569,0,69,7,0,9,158,0,122,415,354,100,70,7,0,129,0,314,179,314,2,588,20,50
"agent NegotiatingAgent #60",NegotiatingAgent,0.319,3078,0.569,0,41,3,0,4,87,0,66,163,144,100,17,9,0,58,0,222,108,211,3,319,20,50
"agent NegotiatingAgent #61",NegotiatingAgent,0.419,3116,0.569,0,43,3,0,4,138,0,80,303,261,100,44,12,0,88,0,426,113,272,0,419,20,50
"agent NegotiatingAgent #62",NegotiatingAgent,0.494,6252,0.569,0,78,6,0,6,147,0,116,400,359,100,74,5,0,108,0,297,123,334,1,494,20,50
"agent NegotiatingAgent #63",NegotiatingAgent,0.606,2410,0.569,0,36,6,0,7,163,0,126,351,313,100,83,14,0,133,0,174,184,323,2,606,20,50
"agent NegotiatingAgent #64",NegotiatingAgent,0.295,2110,0.569,0,33,2,0,3,79,0,62,241,222,100,51,10,0,54,0,237,100,199,3,295,20,50
"agent NegotiatingAgent #65",NegotiatingAgent,0.427,1162,0.569,0,20,4,0,5,140,0,82,424,343,100,101,10,0,90,0,394,115,276,0,427,20,50
"agent NegotiatingAgent #66",NegotiatingAgent,0.372,1568,0.569,0,22,3,0,4,116,0,86,119,108,100,14,19,0,78,0,119,92,273,1,372,20,50
"agent NegotiatingAgent #67",NegotiatingAgent,0.382,2200,0.569,0,31,5,0,6,99,0,78,372,313,100,85,11,0,85,0,183,120,211,2,382,20,50
"agent NegotiatingAgent #68",NegotiatingAgent,0.321,1954,0.569,0,27,3,0,4,72,0,82,186,161,100,29,15,0,74,0,166,93,212,3,321,20,50
"agent NegotiatingAgent #69",NegotiatingAgent,0.123,230,0.569,0,19,0,0,0,44,0,26,113,85,100,0,28,0,34,0,317,19,124,0,123,20,50
"agent NegotiatingAgent #70",NegotiatingAgent,0.432,1694,0.569,0,24,3,0,5,136,0,96,153,134,100,32,7,0,88,0,65,112,303,1,432,20,50
"agent NegotiatingAgent #71",NegotiatingAgent,0.038,2,0.569,0,10,0,0,0,0,0,5,45,37,100,0,9,0,12,0,131,21,39,2,38,20,50
"agent NegotiatingAgent #72",NegotiatingAgent,0.291,2468,0.569,0,34,1,0,2,73,0,66,209,180,100,34,8,0,58,0,147,94,197,3,291,20,50
"agent NegotiatingAgent #73",NegotiatingAgent,0.123,0,0.569,0,21,0,0,0,44,0,26,127,105,100,0,32,0,34,0,314,19,124,0,123,20,50
"agent NegotiatingAgent #74",NegotiatingAgent,0.526,3242,0.569,0,40,10,0,10,157,0,122,410,359,100,94,6,0,114,0,185,133,350,1,526,20,50
"agent NegotiatingAgent #75",NegotiatingAgent,0.618,1129,0.569,0,19,7,0,8,161,0,134,299,257,100,79,10,0,141,0,99,182,329,2,618,20,50
"agent NegotiatingAgent #76",NegotiatingAgent,0.113,746,0.569,0,17,2,0,2,20,0,30,116,107,100,20,4,0,22,0,97,41,108,3,113,20,50
"agent NegotiatingAgent #77",NegotiatingAgent,0.147,946,0.569,0,15,3,0,3,52,0,30,186,147,100,24,14,0,38,0,285,27,136,0,147,20,50
"agent NegotiatingAgent #78",NegotiatingAgent,0.228,769,0.569,0,11,2,0,2,72,0,58,140,116,100,27,12,0,50,0,58,48,201,1,228,20,50
"agent NegotiatingAgent #79",NegotiatingAgent,0.042,0,0.569,0,2,1,0,1,2,0,5,34,23,100,0,12,0,12,0,103,23,41,2,42,20,50
"agent NegotiatingAgent #80",NegotiatingAgent,0.271,2358,0.569,0,28,1,0,2,73,0,56,148,143,100,24,10,0,48,0,89,94,187,3,271,20,50
"agent NegotiatingAgent #81",NegotiatingAgent,0.147,362,0.569,0,14,3,0,3,52,0,30,165,145,100,25,12,0,38,0,220,27,136,0,147,20,50
"agent NegotiatingAgent #82",NegotiatingAgent,0.494,1026,0.569,0,12,6,0,6,147,0,116,310,253,100,86,7,0,108,0,106,123,334,1,494,20,50
"agent NegotiatingAgent #83",NegotiatingAgent,0.378,686,0.569,0,11,4,0,5,99,0,76,269,227,100,71,9,0,83,0,19,120,209,2,378,20,50
"agent NegotiatingAgent #84",NegotiatingAgent,0.301,1298,0.569,0,23,3,0,4,72,0,72,152,139,100,28,9,0,64,0,54,93,202,3,301,20,50
"agent NegotiatingAgent #85",NegotiatingAgent,0.123,0,0.569,0,7,0,0,0,44,0,26,126,85,100,0,42,0,34,0,171,19,124,0,123,20,50
"agent NegotiatingAgent #86",NegotiatingAgent,0.254,408,0.569,0,5,5,0,6,81,0,62,319,246,100,78,26,0,54,0,27,57,214,1,254,20,50
"agent NegotiatingAgent #87",NegotiatingAgent,0.274,246,0.569,0,14,2,0,2,64,0,59,124,109,100,23,8,0,66,0,86,85,157,2,274,20,50
"agent NegotiatingAgent #88",NegotiatingAgent,0.117,0,0.569,0,4,3,0,3,22,0,30,132,105,100,28,7,0,22,0,26,43,110,3,117,20,50
"agent NegotiatingAgent #89",NegotiatingAgent,0.399,1164,0.569,0,23,5,0,5,122,0,86,357,303,100,88,14,0,94,0,138,97,262,0,399,20,50
"agent NegotiatingAgent #90",NegotiatingAgent,0.228,250,0.569,0,4,2,0,2,72,0,58,138,106,100,30,13,0,50,0,10,48,201,1,228,20,50
"agent NegotiatingAgent #91",NegotiatingAgent,0.278,0,0.569,0,5,1,0,2,66,0,59,107,78,100,10,29,0,66,0,97,87,159,2,278,20,50
"agent NegotiatingAgent #92",NegotiatingAgent,0.113,0,0.569,0,1,2,0,2,22,0,28,58,41,100,6,17,0,20,0,3,43,108,3,113,20,50
"agent NegotiatingAgent #93",NegotiatingAgent,0.123,0,0.569,0,3,0,0,0,44,0,26,87,61,100,0,28,0,34,0,77,19,124,0,123,20,50
"agent NegotiatingAgent #94",NegotiatingAgent,0.188,4,0.569,0,2,3,0,3,66,0,44,67,44,100,3,23,0,36,0,4,42,181,1,188,20,50
"agent NegotiatingAgent #95",NegotiatingAgent,0.294,0,0.569,0,4,4,0,4,70,0,63,99,71,100,8,29,0,70,0,28,91,167,2,294,20,50
"agent NegotiatingAgent #96",NegotiatingAgent,0.531,858,0.569,0,11,3,0,4,137,0,122,352,299,100,103,16,0,114,0,63,158,317,3,531,20,50
"agent NegotiatingAgent #97",NegotiatingAgent,0.505,294,0.569,0,3,2,0,3,155,0,106,221,158,100,34,53,0,114,0,26,130,315,0,505,20,50
"agent NegotiatingAgent #98",NegotiatingAgent,0.55,98,0.569,0,1,9,0,9,161,0,130,357,287,100,100,24,0,122,0,1,137,362,1,550,20,50
"agent NegotiatingAgent #99",NegotiatingAgent,0.038,0,0.569,0,0,0,0,0,0,0,5,36,21,100,0,15,0,12,0,0,21,39,2,38,20,50
"agent NegotiatingAgent #100",NegotiatingAgent,0.101,974,0.569,0,46,0,0,0,18,0,26,93,88,100,0,0,0,18,0,146,39,102,3,101,20,50
