agentName,agentType,averageSpeed,cumulatedUtilityReceived,freeWallRatio,numBacktrackAgents,numCFPAnswered,numDeadends,numDifferentEncounters,numDirectionChanges,numDownSteps,numForwardAgents,numLeftSteps,numMessagesReceived,numMessagesSent,numNegotiatingAgents,numProposalsAccepted,numProposalsRejected,numRandomAgents,numRightSteps,numSwarmAgents,numTotalEncounters,numUpSteps,numVisitedCells,startingPosition,stepsToExit,xsize,ysize
"agent BacktrackAgent #1",BacktrackAgent,0.137,0,0.569,100,0,3,0,3,47,0,30,0,0,0,0,0,0,38,0,1920,22,112,0,137,20,50
"agent BacktrackAgent #2",BacktrackAgent,0.058,0,0.569,100,0,1,0,1,35,0,10,0,0,0,0,0,0,2,0,159,11,49,1,58,20,50
"agent BacktrackAgent #3",BacktrackAgent,0.165,0,0.569,100,0,4,0,4,32,0,36,0,0,0,0,0,0,44,0,537,53,130,2,165,20,50
"agent BacktrackAgent #4",BacktrackAgent,0.105,0,0.569,100,0,2,0,2,18,0,28,0,0,0,0,0,0,20,0,124,39,88,3,105,20,50
"agent BacktrackAgent #5",BacktrackAgent,0.137,0,0.569,100,0,3,0,3,47,0,30,0,0,0,0,0,0,38,0,797,22,112,0,137,20,50
"agent BacktrackAgent #6",BacktrackAgent,0.12,0,0.569,100,0,4,0,4,44,0,32,0,0,0,0,0,0,24,0,130,20,80,1,120,20,50
"agent BacktrackAgent #7",BacktrackAgent,0.385,0,0.569,100,0,13,0,13,90,0,88,0,0,0,0,0,0,96,0,608,111,240,2,385,20,50
"agent BacktrackAgent #8",BacktrackAgent,0.569,0,0.569,100,0,20,0,20,152,0,126,0,0,0,0,0,0,118,0,69,173,320,3,569,20,50
"agent BacktrackAgent #9",BacktrackAgent,0.085,0,0.569,100,0,0,0,0,33,0,18,0,0,0,0,0,0,26,0,0,8,86,0,85,20,50
"agent BacktrackAgent #10",BacktrackAgent,0.52,0,0.569,100,0,16,0,16,158,0,118,0,0,0,0,0,0,110,0,1065,134,280,1,520,20,50
"agent BacktrackAgent #11",BacktrackAgent,0.525,0,0.569,100,0,17,0,17,136,0,112,0,0,0,0,0,0,120,0,2298,157,310,2,525,20,50
"agent BacktrackAgent #12",BacktrackAgent,0.405,0,0.569,100,0,13,0,13,98,0,98,0,0,0,0,0,0,90,0,506,119,238,3,405,20,50
"agent BacktrackAgent #13",BacktrackAgent,0.137,0,0.569,100,0,3,0,3,47,0,30,0,0,0,0,0,0,38,0,2107,22,112,0,137,20,50
"agent BacktrackAgent #14",BacktrackAgent,0.58,0,0.569,100,0,19,0,19,172,0,134,0,0,0,0,0,0,126,0,1028,148,310,1,580,20,50
"agent BacktrackAgent #15",BacktrackAgent,0.461,0,0.569,100,0,14,0,14,124,0,92,0,0,0,0,0,0,100,0,2704,145,278,2,461,20,50
"agent BacktrackAgent #16",BacktrackAgent,0.369,0,0.569,100,0,11,0,11,90,0,88,0,0,0,0,0,0,80,0,318,111,220,3,369,20,50
"agent BacktrackAgent #17",BacktrackAgent,0.085,0,0.569,100,0,0,0,0,33,0,18,0,0,0,0,0,0,26,0,1593,8,86,0,85,20,50
"agent BacktrackAgent #18",BacktrackAgent,0.6,0,0.569,100,0,20,0,20,182,0,134,0,0,0,0,0,0,126,0,1271,158,320,1,600,20,50
"agent BacktrackAgent #19",BacktrackAgent,0.473,0,0.569,100,0,15,0,15,130,0,92,0,0,0,0,0,0,100,0,2169,151,284,2,473,20,50
"agent BacktrackAgent #20",BacktrackAgent,0.521,0,0.569,100,0,17,0,17,138,0,116,0,0,0,0,0,0,108,0,402,159,296,3,521,20,50
"agent BacktrackAgent #21",BacktrackAgent,0.137,0,0.569,100,0,3,0,3,47,0,30,0,0,0,0,0,0,38,0,1841,22,112,0,137,20,50
"agent BacktrackAgent #22",BacktrackAgent,0.14,0,0.569,100,0,5,0,5,54,0,32,0,0,0,0,0,0,24,0,785,30,90,1,140,20,50
"agent BacktrackAgent #23",BacktrackAgent,0.389,0,0.569,100,0,13,0,13,94,0,86,0,0,0,0,0,0,94,0,1816,115,242,2,389,20,50
"agent BacktrackAgent #24",BacktrackAgent,0.409,0,0.569,100,0,14,0,14,98,0,100,0,0,0,0,0,0,92,0,765,119,240,3,409,20,50
"agent BacktrackAgent #25",BacktrackAgent,0.137,0,0.569,100,0,3,0,3,47,0,30,0,0,0,0,0,0,38,0,1732,22,112,0,137,20,50
"agent BacktrackAgent #26",BacktrackAgent,0.518,0,0.569,100,0,16,0,16,163,0,112,0,0,0,0,0,0,104,0,419,139,279,1,518,20,50
"agent BacktrackAgent #27",BacktrackAgent,0.249,0,0.569,100,0,6,0,6,68,0,42,0,0,0,0,0,0,50,0,394,89,172,2,249,20,50
"agent BacktrackAgent #28",BacktrackAgent,0.553,0,0.569,100,0,18,0,18,146,0,124,0,0,0,0,0,0,116,0,692,167,312,3,553,20,50
"agent BacktrackAgent #29",BacktrackAgent,0.085,0,0.569,100,0,0,0,0,33,0,18,0,0,0,0,0,0,26,0,1344,8,86,0,85,20,50
"agent BacktrackAgent #30",BacktrackAgent,0.578,0,0.569,100,0,19,0,19,177,0,128,0,0,0,0,0,0,120,0,642,153,309,1,578,20,50
"agent BacktrackAgent #31",BacktrackAgent,0.533,0,0.569,100,0,18,0,18,138,0,114,0,0,0,0,0,0,122,0,2789,159,314,2,533,20,50
"agent BacktrackAgent #32",BacktrackAgent,0.105,0,0.569,100,0,2,0,2,18,0,28,0,0,0,0,0,0,20,0,327,39,88,3,105,20,50
"agent BacktrackAgent #33",BacktrackAgent,0.137,0,0.569,100,0,3,0,3,47,0,30,0,0,0,0,0,0,38,0,1540,22,112,0,137,20,50
"agent BacktrackAgent #34",BacktrackAgent,0.58,0,0.569,100,0,19,0,19,172,0,134,0,0,0,0,0,0,126,0,594,148,310,1,580,20,50
"agent BacktrackAgent #35",BacktrackAgent,0.469,0,0.569,100,0,15,0,15,126,0,94,0,0,0,0,0,0,102,0,1973,147,282,2,469,20,50
"agent BacktrackAgent #36",BacktrackAgent,0.105,0,0.569,100,0,2,0,2,18,0,28,0,0,0,0,0,0,20,0,222,39,88,3,105,20,50
"agent BacktrackAgent #37",BacktrackAgent,0.085,0,0.569,100,0,0,0,0,33,0,18,0,0,0,0,0,0,26,0,1204,8,86,0,85,20,50
"agent BacktrackAgent #38",BacktrackAgent,0.52,0,0.569,100,0,16,0,16,158,0,118,0,0,0,0,0,0,110,0,766,134,280,1,520,20,50
"agent BacktrackAgent #39",BacktrackAgent,0.313,0,0.569,100,0,9,0,9,76,0,66,0,0,0,0,0,0,74,0,1134,97,204,2,313,20,50
"agent BacktrackAgent #40",BacktrackAgent,0.221,0,0.569,100,0,6,0,6,58,0,46,0,0,0,0,0,0,38,0,183,79,146,3,221,20,50
"agent BacktrackAgent #41",BacktrackAgent,0.137,0,0.569,100,0,3,0,3,47,0,30,0,0,0,0,0,0,38,0,1348,22,112,0,137,20,50
"agent BacktrackAgent #42",BacktrackAgent,0.06,0,0.569,100,0,1,0,1,30,0,16,0,0,0,0,0,0,8,0,292,6,50,1,60,20,50
"agent BacktrackAgent #43",BacktrackAgent,0.533,0,0.569,100,0,18,0,18,138,0,114,0,0,0,0,0,0,122,0,2110,159,314,2,533,20,50
"agent BacktrackAgent #44",BacktrackAgent,0.385,0,0.569,100,0,13,0,13,96,0,90,0,0,0,0,0,0,82,0,237,117,228,3,385,20,50
"agent BacktrackAgent #45",BacktrackAgent,0.137,0,0.569,100,0,3,0,3,47,0,30,0,0,0,0,0,0,38,0,1190,22,112,0,137,20,50
"agent BacktrackAgent #46",BacktrackAgent,0.14,0,0.569,100,0,5,0,5,54,0,32,0,0,0,0,0,0,24,0,562,30,90,1,140,20,50
"agent BacktrackAgent #47",BacktrackAgent,0.389,0,0.569,100,0,13,0,13,94,0,86,0,0,0,0,0,0,94,0,1519,115,242,2,389,20,50
"agent BacktrackAgent #48",BacktrackAgent,0.081,0,0.569,100,0,1,0,1,16,0,18,0,0,0,0,0,0,10,0,219,37,76,3,81,20,50
"agent BacktrackAgent #49",BacktrackAgent,0.085,0,0.569,100,0,0,0,0,33,0,18,0,0,0,0,0,0,26,0,1009,8,86,0,85,20,50
"agent BacktrackAgent #50",BacktrackAgent,0.038,0,0.569,100,0,0,0,0,25,0,10,0,0,0,0,0,0,2,0,72,1,39,1,38,20,50
"agent BacktrackAgent #51",BacktrackAgent,0.305,0,0.569,100,0,8,0,8,78,0,60,0,0,0,0,0,0,68,0,264,99,200,2,305,20,50
"agent BacktrackAgent #52",BacktrackAgent,0.257,0,0.569,100,0,8,0,8,66,0,56,0,0,0,0,0,0,48,0,424,87,164,3,257,20,50
"agent BacktrackAgent #53",BacktrackAgent,0.137,0,0.569,100,0,3,0,3,47,0,30,0,0,0,0,0,0,38,0,1055,22,112,0,137,20,50
"agent BacktrackAgent #54",BacktrackAgent,0.578,0,0.569,100,0,19,0,19,177,0,128,0,0,0,0,0,0,120,0,364,153,309,1,578,20,50
"agent BacktrackAgent #55",BacktrackAgent,0.533,0,0.569,100,0,18,0,18,138,0,114,0,0,0,0,0,0,122,0,1398,159,314,2,533,20,50
"agent BacktrackAgent #56",BacktrackAgent,0.569,0,0.569,100,0,20,0,20,152,0,126,0,0,0,0,0,0,118,0,761,173,320,3,569,20,50
"agent BacktrackAgent #57",BacktrackAgent,0.137,0,0.569,100,0,3,0,3,47,0,30,0,0,0,0,0,0,38,0,918,22,112,0,137,20,50
"agent BacktrackAgent #58",BacktrackAgent,0.578,0,0.569,100,0,19,0,19,177,0,128,0,0,0,0,0,0,120,0,153,153,309,1,578,20,50
"agent BacktrackAgent #59",BacktrackAgent,0.469,0,0.569,100,0,15,0,15,126,0,94,0,0,0,0,0,0,102,0,1145,147,282,2,469,20,50
"agent BacktrackAgent #60",BacktrackAgent,0.085,0,0.569,100,0,2,0,2,16,0,20,0,0,0,0,0,0,12,0,118,37,78,3,85,20,50
"agent BacktrackAgent #61",BacktrackAgent,0.085,0,0.569,100,0,0,0,0,33,0,18,0,0,0,0,0,0,26,0,759,8,86,0,85,20,50
"agent BacktrackAgent #62",BacktrackAgent,0.6,0,0.569,100,0,20,0,20,182,0,134,0,0,0,0,0,0,126,0,951,158,320,1,600,20,50
"agent BacktrackAgent #63",BacktrackAgent,0.253,0,0.569,100,0,6,0,6,72,0,40,0,0,0,0,0,0,48,0,419,93,174,2,253,20,50
"agent BacktrackAgent #64",BacktrackAgent,0.229,0,0.569,100,0,6,0,6,64,0,44,0,0,0,0,0,0,36,0,185,85,150,3,229,20,50
"agent BacktrackAgent #65",BacktrackAgent,0.085,0,0.569,100,0,0,0,0,33,0,18,0,0,0,0,0,0,26,0,674,8,86,0,85,20,50
"agent BacktrackAgent #66",BacktrackAgent,0.14,0,0.569,100,0,5,0,5,54,0,32,0,0,0,0,0,0,24,0,318,30,90,1,140,20,50
"agent BacktrackAgent #67",BacktrackAgent,0.461,0,0.569,100,0,14,0,14,124,0,92,0,0,0,0,0,0,100,0,560,145,278,2,461,20,50
"agent BacktrackAgent #68",BacktrackAgent,0.529,0,0.569,100,0,17,0,17,144,0,114,0,0,0,0,0,0,106,0,84,165,300,3,529,20,50
"agent BacktrackAgent #69",BacktrackAgent,0.085,0,0.569,100,0,0,0,0,33,0,18,0,0,0,0,0,0,26,0,589,8,86,0,85,20,50
"agent BacktrackAgent #70",BacktrackAgent,0.54,0,0.569,100,0,17,0,17,168,0,118,0,0,0,0,0,0,110,0,173,144,290,1,540,20,50
"agent BacktrackAgent #71",BacktrackAgent,0.177,0,0.569,100,0,5,0,5,38,0,36,0,0,0,0,0,0,44,0,375,59,136,2,177,20,50
"agent BacktrackAgent #72",BacktrackAgent,0.233,0,0.569,100,0,7,0,7,64,0,46,0,0,0,0,0,0,38,0,66,85,152,3,233,20,50
"agent BacktrackAgent #73",BacktrackAgent,0.085,0,0.569,100,0,0,0,0,33,0,18,0,0,0,0,0,0,26,0,504,8,86,0,85,20,50
"agent BacktrackAgent #74",BacktrackAgent,0.6,0,0.569,100,0,20,0,20,182,0,134,0,0,0,0,0,0,126,0,242,158,320,1,600,20,50
"agent BacktrackAgent #75",BacktrackAgent,0.253,0,0.569,100,0,6,0,6,72,0,40,0,0,0,0,0,0,48,0,95,93,174,2,253,20,50
"agent BacktrackAgent #76",BacktrackAgent,0.557,0,0.569,100,0,19,0,19,146,0,126,0,0,0,0,0,0,118,0,384,167,314,3,557,20,50
"agent BacktrackAgent #77",BacktrackAgent,0.137,0,0.569,100,0,3,0,3,47,0,30,0,0,0,0,0,0,38,0,439,22,112,0,137,20,50
"agent BacktrackAgent #78",BacktrackAgent,0.498,0,0.569,100,0,15,0,15,153,0,112,0,0,0,0,0,0,104,0,115,129,269,1,498,20,50
"agent BacktrackAgent #79",BacktrackAgent,0.537,0,0.569,100,0,18,0,18,142,0,112,0,0,0,0,0,0,120,0,609,163,316,2,537,20,50
"agent BacktrackAgent #80",BacktrackAgent,0.069,0,0.569,100,0,0,0,0,10,0,18,0,0,0,0,0,0,10,0,46,31,70,3,69,20,50
"agent BacktrackAgent #81",BacktrackAgent,0.085,0,0.569,100,0,0,0,0,33,0,18,0,0,0,0,0,0,26,0,364,8,86,0,85,20,50
"agent BacktrackAgent #82",BacktrackAgent,0.6,0,0.569,100,0,20,0,20,182,0,134,0,0,0,0,0,0,126,0,49,158,320,1,600,20,50
"agent BacktrackAgent #83",BacktrackAgent,0.321,0,0.569,100,0,10,0,10,78,0,68,0,0,0,0,0,0,76,0,377,99,208,2,321,20,50
"agent BacktrackAgent #84",BacktrackAgent,0.409,0,0.569,100,0,14,0,14,98,0,100,0,0,0,0,0,0,92,0,164,119,240,3,409,20,50
"agent BacktrackAgent #85",BacktrackAgent,0.085,0,0.569,100,0,0,0,0,33,0,18,0,0,0,0,0,0,26,0,279,8,86,0,85,20,50
"agent BacktrackAgent #86",BacktrackAgent,0.558,0,0.569,100,0,18,0,18,167,0,128,0,0,0,0,0,0,120,0,26,143,299,1,558,20,50
"agent BacktrackAgent #87",BacktrackAgent,0.325,0,0.569,100,0,10,0,10,86,0,62,0,0,0,0,0,0,70,0,149,107,210,2,325,20,50
"agent BacktrackAgent #88",BacktrackAgent,0.553,0,0.569,100,0,18,0,18,146,0,124,0,0,0,0,0,0,116,0,90,167,312,3,553,20,50
"agent BacktrackAgent #89",BacktrackAgent,0.137,0,0.569,100,0,3,0,3,47,0,30,0,0,0,0,0,0,38,0,234,22,112,0,137,20,50
"agent BacktrackAgent #90",BacktrackAgent,0.518,0,0.569,100,0,16,0,16,163,0,112,0,0,0,0,0,0,104,0,14,139,279,1,518,20,50
"agent BacktrackAgent #91",BacktrackAgent,0.321,0,0.569,100,0,10,0,10,78,0,68,0,0,0,0,0,0,76,0,114,99,208,2,321,20,50
"agent BacktrackAgent #92",BacktrackAgent,0.081,0,0.569,100,0,1,0,1,16,0,18,0,0,0,0,0,0,10,0,2,37,76,3,81,20,50
"agent BacktrackAgent #93",BacktrackAgent,0.137,0,0.569,100,0,3,0,3,47,0,30,0,0,0,0,0,0,38,0,109,22,112,0,137,20,50
"agent BacktrackAgent #94",BacktrackAgent,0.06,0,0.569,100,0,1,0,1,30,0,16,0,0,0,0,0,0,8,0,1,6,50,1,60,20,50
"agent BacktrackAgent #95",BacktrackAgent,0.533,0,0.569,100,0,18,0,18,138,0,114,0,0,0,0,0,0,122,0,10,159,314,2,533,20,50
"agent BacktrackAgent #96",BacktrackAgent,0.109,0,0.569,100,0,3,0,3,18,0,30,0,0,0,0,0,0,22,0,3,39,90,3,109,20,50
"agent BacktrackAgent #97",BacktrackAgent,0.085,0,0.569,100,0,0,0,0,33,0,18,0,0,0,0,0,0,26,0,84,8,86,0,85,20,50
"agent BacktrackAgent #98",BacktrackAgent,0.498,0,0.569,100,0,15,0,15,153,0,112,0,0,0,0,0,0,104,0,0,129,269,1,498,20,50
"agent BacktrackAgent #99",BacktrackAgent,0.177,0,0.569,100,0,5,0,5,38,0,36,0,0,0,0,0,0,44,0,0,59,136,2,177,20,50
"agent BacktrackAgent #100",BacktrackAgent,0.569,0,0.569,100,0,20,0,20,152,0,126,0,0,0,0,0,0,118,0,1217,173,320,3,569,20,50
