agentName,agentType,averageSpeed,cumulatedUtilityReceived,freeWallRatio,numBacktrackAgents,numCFPAnswered,numDeadends,numDifferentEncounters,numDirectionChanges,numDownSteps,numForwardAgents,numLeftSteps,numMessagesReceived,numMessagesSent,numNegotiatingAgents,numProposalsAccepted,numProposalsRejected,numRandomAgents,numRightSteps,numSwarmAgents,numTotalEncounters,numUpSteps,numVisitedCells,startingPosition,stepsToExit,xsize,ysize
"agent BacktrackAgent #1",BacktrackAgent,0.475,0,0.569,75,0,12,0,12,144,50,101,0,0,100,0,0,25,110,0,1600,120,322,0,475,20,50
"agent BacktrackAgent #2",BacktrackAgent,0.666,0,0.569,75,0,15,0,15,207,50,141,0,0,100,0,0,25,134,0,1535,184,366,1,666,20,50
"agent BacktrackAgent #3",BacktrackAgent,0.412,0,0.569,75,0,12,0,12,98,50,93,0,0,100,0,0,25,101,0,625,120,265,2,412,20,50
"agent BacktrackAgent #4",BacktrackAgent,0.449,0,0.569,75,0,10,0,10,120,50,97,0,0,100,0,0,25,90,0,1614,142,272,3,449,20,50
"agent BacktrackAgent #5",BacktrackAgent,0.459,0,0.569,75,0,10,0,10,140,50,97,0,0,100,0,0,25,106,0,1500,116,314,0,459,20,50
"agent BacktrackAgent #6",BacktrackAgent,0.746,0,0.569,75,0,18,0,18,227,50,161,0,0,100,0,0,25,154,0,1196,204,406,1,746,20,50
"agent BacktrackAgent #7",BacktrackAgent,0.282,0,0.569,75,0,7,0,7,70,50,56,0,0,100,0,0,25,64,0,970,92,200,2,282,20,50
"agent BacktrackAgent #8",BacktrackAgent,0.445,0,0.569,75,0,9,0,9,118,50,97,0,0,100,0,0,25,90,0,1099,140,270,3,445,20,50
"agent BacktrackAgent #9",BacktrackAgent,0.467,0,0.569,75,0,11,0,11,140,50,101,0,0,100,0,0,25,110,0,1083,116,318,0,467,20,50
"agent BacktrackAgent #10",BacktrackAgent,0.624,0,0.569,75,0,13,0,13,190,50,137,0,0,100,0,0,25,130,0,1352,167,345,1,624,20,50
"agent BacktrackAgent #11",BacktrackAgent,0.698,0,0.569,75,0,17,0,17,192,50,142,0,0,100,0,0,25,150,0,2479,214,408,2,698,20,50
"agent BacktrackAgent #12",BacktrackAgent,0.481,0,0.569,75,0,12,0,12,128,50,105,0,0,100,0,0,25,98,0,2208,150,288,3,481,20,50
"agent BacktrackAgent #13",BacktrackAgent,0.435,0,0.569,75,0,9,0,9,136,50,89,0,0,100,0,0,25,98,0,1864,112,302,0,435,20,50
"agent BacktrackAgent #14",BacktrackAgent,0.678,0,0.569,75,0,16,0,16,209,50,145,0,0,100,0,0,25,138,0,2186,186,372,1,678,20,50
"agent BacktrackAgent #15",BacktrackAgent,0.538,0,0.569,75,0,15,0,15,138,50,116,0,0,100,0,0,25,124,0,2014,160,328,2,538,20,50
"agent BacktrackAgent #16",BacktrackAgent,0.129,0,0.569,75,0,3,0,3,24,50,33,0,0,100,0,0,25,26,0,1053,46,112,3,129,20,50
"agent BacktrackAgent #17",BacktrackAgent,0.483,0,0.569,75,0,13,0,13,148,50,101,0,0,100,0,0,25,110,0,2466,124,326,0,483,20,50
"agent BacktrackAgent #18",BacktrackAgent,0.658,0,0.569,75,0,14,0,14,207,50,137,0,0,100,0,0,25,130,0,1895,184,362,1,658,20,50
"agent BacktrackAgent #19",BacktrackAgent,0.446,0,0.569,75,0,10,0,10,124,50,84,0,0,100,0,0,25,92,0,1810,146,282,2,446,20,50
"agent BacktrackAgent #20",BacktrackAgent,0.701,0,0.569,75,0,17,0,17,188,50,155,0,0,100,0,0,25,148,0,2485,210,398,3,701,20,50
"agent BacktrackAgent #21",BacktrackAgent,0.347,0,0.569,75,0,6,0,6,110,50,71,0,0,100,0,0,25,80,0,1915,86,258,0,347,20,50
"agent BacktrackAgent #22",BacktrackAgent,0.164,0,0.569,75,0,5,0,5,50,50,47,0,0,100,0,0,25,40,0,519,27,115,1,164,20,50
"agent BacktrackAgent #23",BacktrackAgent,0.412,0,0.569,75,0,12,0,12,98,50,93,0,0,100,0,0,25,101,0,1091,120,265,2,412,20,50
"agent BacktrackAgent #24",BacktrackAgent,0.437,0,0.569,75,0,8,0,8,118,50,93,0,0,100,0,0,25,86,0,1596,140,266,3,437,20,50
"agent BacktrackAgent #25",BacktrackAgent,0.227,0,0.569,75,0,5,0,5,78,50,43,0,0,100,0,0,25,52,0,1983,54,198,0,227,20,50
"agent BacktrackAgent #26",BacktrackAgent,0.754,0,0.569,75,0,19,0,19,227,50,165,0,0,100,0,0,25,158,0,2155,204,410,1,754,20,50
"agent BacktrackAgent #27",BacktrackAgent,0.502,0,0.569,75,0,12,0,12,130,50,106,0,0,100,0,0,25,114,0,1626,152,310,2,502,20,50
"agent BacktrackAgent #28",BacktrackAgent,0.481,0,0.569,75,0,12,0,12,128,50,105,0,0,100,0,0,25,98,0,1627,150,288,3,481,20,50
"agent BacktrackAgent #29",BacktrackAgent,0.227,0,0.569,75,0,6,0,6,82,50,39,0,0,100,0,0,25,48,0,1870,58,198,0,227,20,50
"agent BacktrackAgent #30",BacktrackAgent,0.758,0,0.569,75,0,19,0,19,229,50,165,0,0,100,0,0,25,158,0,1914,206,412,1,758,20,50
"agent BacktrackAgent #31",BacktrackAgent,0.292,0,0.569,75,0,5,0,5,76,50,55,0,0,100,0,0,25,63,0,966,98,205,2,292,20,50
"agent BacktrackAgent #32",BacktrackAgent,0.349,0,0.569,75,0,8,0,8,84,50,83,0,0,100,0,0,25,76,0,898,106,222,3,349,20,50
"agent BacktrackAgent #33",BacktrackAgent,0.651,0,0.569,75,0,17,0,17,196,50,137,0,0,100,0,0,25,146,0,2995,172,410,0,651,20,50
"agent BacktrackAgent #34",BacktrackAgent,0.7,0,0.569,75,0,16,0,16,208,50,157,0,0,100,0,0,25,150,0,955,185,383,1,700,20,50
"agent BacktrackAgent #35",BacktrackAgent,0.548,0,0.569,75,0,13,0,13,144,50,115,0,0,100,0,0,25,123,0,1827,166,333,2,548,20,50
"agent BacktrackAgent #36",BacktrackAgent,0.377,0,0.569,75,0,9,0,9,90,50,91,0,0,100,0,0,25,84,0,1254,112,236,3,377,20,50
"agent BacktrackAgent #37",BacktrackAgent,0.355,0,0.569,75,0,7,0,7,114,50,71,0,0,100,0,0,25,80,0,1970,90,262,0,355,20,50
"agent BacktrackAgent #38",BacktrackAgent,0.11,0,0.569,75,0,2,0,2,47,50,23,0,0,100,0,0,25,16,0,989,24,88,1,110,20,50
"agent BacktrackAgent #39",BacktrackAgent,0.168,0,0.569,75,0,6,0,6,30,50,39,0,0,100,0,0,25,47,0,538,52,143,2,168,20,50
"agent BacktrackAgent #40",BacktrackAgent,0.473,0,0.569,75,0,11,0,11,128,50,101,0,0,100,0,0,25,94,0,1912,150,284,3,473,20,50
"agent BacktrackAgent #41",BacktrackAgent,0.235,0,0.569,75,0,7,0,7,82,50,43,0,0,100,0,0,25,52,0,1520,58,202,0,235,20,50
"agent BacktrackAgent #42",BacktrackAgent,0.678,0,0.569,75,0,16,0,16,209,50,145,0,0,100,0,0,25,138,0,1463,186,372,1,678,20,50
"agent BacktrackAgent #43",BacktrackAgent,0.376,0,0.569,75,0,9,0,9,90,50,83,0,0,100,0,0,25,91,0,516,112,247,2,376,20,50
"agent BacktrackAgent #44",BacktrackAgent,0.385,0,0.569,75,0,11,0,11,94,50,91,0,0,100,0,0,25,84,0,959,116,240,3,385,20,50
"agent BacktrackAgent #45",BacktrackAgent,0.223,0,0.569,75,0,6,0,6,76,50,43,0,0,100,0,0,25,52,0,1517,52,196,0,223,20,50
"agent BacktrackAgent #46",BacktrackAgent,0.758,0,0.569,75,0,19,0,19,229,50,165,0,0,100,0,0,25,158,0,1525,206,412,1,758,20,50
"agent BacktrackAgent #47",BacktrackAgent,0.454,0,0.569,75,0,12,0,12,126,50,86,0,0,100,0,0,25,94,0,1427,148,286,2,454,20,50
"agent BacktrackAgent #48",BacktrackAgent,0.473,0,0.569,75,0,11,0,11,128,50,101,0,0,100,0,0,25,94,0,1059,150,284,3,473,20,50
"agent BacktrackAgent #49",BacktrackAgent,0.399,0,0.569,75,0,10,0,10,128,50,79,0,0,100,0,0,25,88,0,2354,104,284,0,399,20,50
"agent BacktrackAgent #50",BacktrackAgent,0.076,0,0.569,75,0,1,0,1,30,50,23,0,0,100,0,0,25,16,0,361,7,71,1,76,20,50
"agent BacktrackAgent #51",BacktrackAgent,0.548,0,0.569,75,0,13,0,13,144,50,115,0,0,100,0,0,25,123,0,1513,166,333,2,548,20,50
"agent BacktrackAgent #52",BacktrackAgent,0.389,0,0.569,75,0,11,0,11,92,50,95,0,0,100,0,0,25,88,0,1212,114,242,3,389,20,50
"agent BacktrackAgent #53",BacktrackAgent,0.651,0,0.569,75,0,17,0,17,196,50,137,0,0,100,0,0,25,146,0,2182,172,410,0,651,20,50
"agent BacktrackAgent #54",BacktrackAgent,0.678,0,0.569,75,0,16,0,16,209,50,145,0,0,100,0,0,25,138,0,1311,186,372,1,678,20,50
"agent BacktrackAgent #55",BacktrackAgent,0.292,0,0.569,75,0,5,0,5,76,50,55,0,0,100,0,0,25,63,0,752,98,205,2,292,20,50
"agent BacktrackAgent #56",BacktrackAgent,0.473,0,0.569,75,0,11,0,11,128,50,101,0,0,100,0,0,25,94,0,1199,150,284,3,473,20,50
"agent BacktrackAgent #57",BacktrackAgent,0.371,0,0.569,75,0,8,0,8,118,50,75,0,0,100,0,0,25,84,0,1568,94,270,0,371,20,50
"agent BacktrackAgent #58",BacktrackAgent,0.11,0,0.569,75,0,2,0,2,47,50,23,0,0,100,0,0,25,16,0,757,24,88,1,110,20,50
"agent BacktrackAgent #59",BacktrackAgent,0.584,0,0.569,75,0,16,0,16,152,50,125,0,0,100,0,0,25,133,0,657,174,351,2,584,20,50
"agent BacktrackAgent #60",BacktrackAgent,0.381,0,0.569,75,0,10,0,10,92,50,91,0,0,100,0,0,25,84,0,925,114,238,3,381,20,50
"agent BacktrackAgent #61",BacktrackAgent,0.403,0,0.569,75,0,11,0,11,130,50,79,0,0,100,0,0,25,88,0,1527,106,286,0,403,20,50
"agent BacktrackAgent #62",BacktrackAgent,0.064,0,0.569,75,0,0,0,0,28,50,19,0,0,100,0,0,25,12,0,324,5,65,1,64,20,50
"agent BacktrackAgent #63",BacktrackAgent,0.278,0,0.569,75,0,6,0,6,66,50,58,0,0,100,0,0,25,66,0,1218,88,198,2,278,20,50
"agent BacktrackAgent #64",BacktrackAgent,0.105,0,0.569,75,0,2,0,2,16,50,29,0,0,100,0,0,25,22,0,526,38,100,3,105,20,50
"agent BacktrackAgent #65",BacktrackAgent,0.607,0,0.569,75,0,14,0,14,178,50,133,0,0,100,0,0,25,142,0,1708,154,388,0,607,20,50
"agent BacktrackAgent #66",BacktrackAgent,0.064,0,0.569,75,0,0,0,0,28,50,19,0,0,100,0,0,25,12,0,260,5,65,1,64,20,50
"agent BacktrackAgent #67",BacktrackAgent,0.296,0,0.569,75,0,6,0,6,76,50,57,0,0,100,0,0,25,65,0,998,98,207,2,296,20,50
"agent BacktrackAgent #68",BacktrackAgent,0.389,0,0.569,75,0,11,0,11,92,50,95,0,0,100,0,0,25,88,0,714,114,242,3,389,20,50
"agent BacktrackAgent #69",BacktrackAgent,0.399,0,0.569,75,0,11,0,11,124,50,83,0,0,100,0,0,25,92,0,1442,100,284,0,399,20,50
"agent BacktrackAgent #70",BacktrackAgent,0.218,0,0.569,75,0,8,0,8,69,50,55,0,0,100,0,0,25,48,0,798,46,142,1,218,20,50
"agent BacktrackAgent #71",BacktrackAgent,0.296,0,0.569,75,0,6,0,6,76,50,57,0,0,100,0,0,25,65,0,719,98,207,2,296,20,50
"agent BacktrackAgent #72",BacktrackAgent,0.137,0,0.569,75,0,4,0,4,24,50,37,0,0,100,0,0,25,30,0,449,46,116,3,137,20,50
"agent BacktrackAgent #73",BacktrackAgent,0.647,0,0.569,75,0,17,0,17,194,50,137,0,0,100,0,0,25,146,0,1511,170,408,0,647,20,50
"agent BacktrackAgent #74",BacktrackAgent,0.084,0,0.569,75,0,2,0,2,30,50,27,0,0,100,0,0,25,20,0,222,7,75,1,84,20,50
"agent BacktrackAgent #75",BacktrackAgent,0.25,0,0.569,75,0,5,0,5,58,50,52,0,0,100,0,0,25,60,0,1027,80,184,2,250,20,50
"agent ForwardAgent #76",ForwardAgent,1.325,0,0.569,75,0,25,0,25,348,50,307,0,0,100,0,0,25,300,0,1223,370,370,3,1325,20,50
"agent ForwardAgent #77",ForwardAgent,1.091,0,0.569,75,0,23,0,23,322,50,231,0,0,100,0,0,25,240,0,1303,298,312,0,1091,20,50
"agent ForwardAgent #78",ForwardAgent,0.342,0,0.569,75,0,9,0,9,101,50,85,0,0,100,0,0,25,78,0,614,78,172,1,342,20,50
"agent ForwardAgent #79",ForwardAgent,1.448,0,0.569,75,0,33,0,33,418,50,291,0,0,100,0,0,25,299,0,834,440,286,2,1448,20,50
"agent ForwardAgent #80",ForwardAgent,2.289,0,0.569,75,0,58,0,58,668,50,469,0,0,100,0,0,25,462,0,1418,690,372,3,2289,20,50
"agent ForwardAgent #81",ForwardAgent,0.171,0,0.569,75,0,1,0,1,62,50,31,0,0,100,0,0,25,40,0,617,38,170,0,171,20,50
"agent ForwardAgent #82",ForwardAgent,2.102,0,0.569,75,0,55,0,55,635,50,431,0,0,100,0,0,25,424,0,1130,612,412,1,2102,20,50
"agent ForwardAgent #83",ForwardAgent,0.308,0,0.569,75,0,5,0,5,78,50,61,0,0,100,0,0,25,69,0,537,100,199,2,308,20,50
"agent ForwardAgent #84",ForwardAgent,0.097,0,0.569,75,0,1,0,1,16,50,25,0,0,100,0,0,25,18,0,298,38,96,3,97,20,50
"agent ForwardAgent #85",ForwardAgent,3.223,0,0.569,75,0,79,0,79,960,50,659,0,0,100,0,0,25,668,0,1703,936,390,0,3223,20,50
"agent ForwardAgent #86",ForwardAgent,1.608,0,0.569,75,0,40,0,40,418,50,401,0,0,100,0,0,25,394,0,881,395,326,1,1608,20,50
"agent ForwardAgent #87",ForwardAgent,0.776,0,0.569,75,0,20,0,20,196,50,177,0,0,100,0,0,25,185,0,658,218,301,2,776,20,50
"agent ForwardAgent #88",ForwardAgent,5.565,0,0.569,75,0,161,0,161,1552,50,1223,0,0,100,0,0,25,1216,0,1302,1574,404,3,5565,20,50
"agent ForwardAgent #89",ForwardAgent,2.831,0,0.569,75,0,69,0,69,818,50,605,0,0,100,0,0,25,614,0,1527,794,412,0,2831,20,50
"agent ForwardAgent #90",ForwardAgent,0.228,0,0.569,75,0,7,0,7,62,50,67,0,0,100,0,0,25,60,0,256,39,109,1,228,20,50
"agent ForwardAgent #91",ForwardAgent,0.632,0,0.569,75,0,14,0,14,154,50,147,0,0,100,0,0,25,155,0,694,176,190,2,632,20,50
"agent ForwardAgent #92",ForwardAgent,1.889,0,0.569,75,0,39,0,39,508,50,429,0,0,100,0,0,25,422,0,917,530,344,3,1889,20,50
"agent ForwardAgent #93",ForwardAgent,0.183,0,0.569,75,0,2,0,2,64,50,35,0,0,100,0,0,25,44,0,684,40,176,0,183,20,50
"agent ForwardAgent #94",ForwardAgent,0.092,0,0.569,75,0,2,0,2,28,50,33,0,0,100,0,0,25,26,0,174,5,79,1,92,20,50
"agent ForwardAgent #95",ForwardAgent,2.986,0,0.569,75,0,72,0,72,752,50,726,0,0,100,0,0,25,734,0,1242,774,390,2,2986,20,50
"agent ForwardAgent #96",ForwardAgent,10.689,0,0.569,75,0,286,0,286,3152,50,2185,0,0,100,0,0,25,2178,0,2352,3174,416,3,10689,20,50
"agent ForwardAgent #97",ForwardAgent,0.179,0,0.569,75,0,1,0,1,66,50,31,0,0,100,0,0,25,40,0,522,42,174,0,179,20,50
"agent ForwardAgent #98",ForwardAgent,0.366,0,0.569,75,0,8,0,8,113,50,85,0,0,100,0,0,25,78,0,435,90,130,1,366,20,50
"agent ForwardAgent #99",ForwardAgent,0.656,0,0.569,75,0,14,0,14,186,50,127,0,0,100,0,0,25,135,0,580,208,274,2,656,20,50
"agent ForwardAgent #100",ForwardAgent,1.037,0,0.569,75,0,23,0,23,302,50,209,0,0,100,0,0,25,202,0,1275,324,268,3,1037,20,50
"agent ForwardAgent #101",ForwardAgent,0.667,0,0.569,75,0,18,0,18,206,50,135,0,0,100,0,0,25,144,0,1259,182,300,0,667,20,50
"agent ForwardAgent #102",ForwardAgent,1.68,0,0.569,75,0,42,0,42,482,50,373,0,0,100,0,0,25,366,0,887,459,404,1,1680,20,50
"agent ForwardAgent #103",ForwardAgent,1.184,0,0.569,75,0,23,0,23,354,50,223,0,0,100,0,0,25,231,0,1090,376,364,2,1184,20,50
"agent ForwardAgent #104",ForwardAgent,1.069,0,0.569,75,0,17,0,17,308,50,219,0,0,100,0,0,25,212,0,990,330,278,3,1069,20,50
"agent ForwardAgent #105",ForwardAgent,0.747,0,0.569,75,0,17,0,17,240,50,141,0,0,100,0,0,25,150,0,1366,216,266,0,747,20,50
"agent ForwardAgent #106",ForwardAgent,0.434,0,0.569,75,0,16,0,16,131,50,101,0,0,100,0,0,25,94,0,721,108,142,1,434,20,50
"agent ForwardAgent #107",ForwardAgent,0.33,0,0.569,75,0,4,0,4,76,50,74,0,0,100,0,0,25,82,0,1050,98,182,2,330,20,50
"agent ForwardAgent #108",ForwardAgent,4.241,0,0.569,75,0,116,0,116,1200,50,913,0,0,100,0,0,25,906,0,1800,1222,416,3,4241,20,50
"agent ForwardAgent #109",ForwardAgent,1.543,0,0.569,75,0,32,0,32,454,50,325,0,0,100,0,0,25,334,0,1761,430,384,0,1543,20,50
"agent ForwardAgent #110",ForwardAgent,0.378,0,0.569,75,0,10,0,10,111,50,93,0,0,100,0,0,25,86,0,706,88,142,1,378,20,50
"agent ForwardAgent #111",ForwardAgent,3.03,0,0.569,75,0,84,0,84,864,50,636,0,0,100,0,0,25,644,0,1985,886,412,2,3030,20,50
"agent ForwardAgent #112",ForwardAgent,0.445,0,0.569,75,0,6,0,6,104,50,111,0,0,100,0,0,25,104,0,647,126,224,3,445,20,50
"agent ForwardAgent #113",ForwardAgent,0.999,0,0.569,75,0,17,0,17,308,50,199,0,0,100,0,0,25,208,0,1466,284,290,0,999,20,50
"agent ForwardAgent #114",ForwardAgent,2.342,0,0.569,75,0,53,0,53,681,50,505,0,0,100,0,0,25,498,0,1540,658,402,1,2342,20,50
"agent ForwardAgent #115",ForwardAgent,1.666,0,0.569,75,0,29,0,29,452,50,366,0,0,100,0,0,25,374,0,1344,474,352,2,1666,20,50
"agent ForwardAgent #116",ForwardAgent,0.353,0,0.569,75,0,9,0,9,80,50,89,0,0,100,0,0,25,82,0,741,102,192,3,353,20,50
"agent ForwardAgent #117",ForwardAgent,0.247,0,0.569,75,0,6,0,6,84,50,47,0,0,100,0,0,25,56,0,1011,60,180,0,247,20,50
"agent ForwardAgent #118",ForwardAgent,0.256,0,0.569,75,0,7,0,7,78,50,65,0,0,100,0,0,25,58,0,425,55,146,1,256,20,50
"agent ForwardAgent #119",ForwardAgent,3.366,0,0.569,75,0,72,0,72,1006,50,662,0,0,100,0,0,25,670,0,2117,1028,364,2,3366,20,50
"agent ForwardAgent #120",ForwardAgent,1.417,0,0.569,75,0,32,0,32,388,50,313,0,0,100,0,0,25,306,0,1058,410,338,3,1417,20,50
"agent ForwardAgent #121",ForwardAgent,5.027,0,0.569,75,0,124,0,124,1492,50,1029,0,0,100,0,0,25,1038,0,2313,1468,410,0,5027,20,50
"agent ForwardAgent #122",ForwardAgent,0.11,0,0.569,75,0,2,0,2,43,50,27,0,0,100,0,0,25,20,0,330,20,88,1,110,20,50
"agent ForwardAgent #123",ForwardAgent,3.26,0,0.569,75,0,78,0,78,912,50,703,0,0,100,0,0,25,711,0,1337,934,416,2,3260,20,50
"agent ForwardAgent #124",ForwardAgent,1.885,0,0.569,75,0,54,0,54,544,50,391,0,0,100,0,0,25,384,0,840,566,204,3,1885,20,50
"agent ForwardAgent #125",ForwardAgent,0.347,0,0.569,75,0,5,0,5,116,50,65,0,0,100,0,0,25,74,0,928,92,258,0,347,20,50
"agent RandomAgent #126",RandomAgent,1.81,0,0.569,75,0,19,0,860,630,50,290,0,0,100,0,0,25,283,0,690,607,103,1,1810,20,50
"agent RandomAgent #127",RandomAgent,41.454,0,0.569,75,0,1074,0,20989,12004,50,8708,0,0,100,0,0,25,8716,0,4395,12026,379,2,41454,20,50
"agent RandomAgent #128",RandomAgent,230.161,0,0.569,75,0,5800,0,115246,69086,50,45987,0,0,100,0,0,25,45980,0,10992,69108,416,3,230161,20,50
"agent RandomAgent #129",RandomAgent,89.509,0,0.569,75,0,2244,0,45168,28135,50,16627,0,0,100,0,0,25,16636,0,8668,28111,416,0,89509,20,50
"agent RandomAgent #130",RandomAgent,6.466,0,0.569,75,0,80,0,3222,1870,50,1378,0,0,100,0,0,25,1371,0,1261,1847,174,1,6466,20,50
"agent RandomAgent #131",RandomAgent,68.998,0,0.569,75,0,1569,0,34411,20014,50,14470,0,0,100,0,0,25,14478,0,3986,20036,290,2,68998,20,50
"agent RandomAgent #132",RandomAgent,10.691,0,0.569,75,0,111,0,5236,2521,50,2817,0,0,100,0,0,25,2810,0,1654,2543,257,3,10691,20,50
"agent RandomAgent #133",RandomAgent,17.131,0,0.569,75,0,476,0,8556,4833,50,3740,0,0,100,0,0,25,3749,0,2195,4809,315,0,17131,20,50
"agent RandomAgent #134",RandomAgent,17.298,0,0.569,75,0,508,0,8628,4310,50,4354,0,0,100,0,0,25,4347,0,1702,4287,157,1,17298,20,50
"agent RandomAgent #135",RandomAgent,24.364,0,0.569,75,0,393,0,12202,7251,50,4916,0,0,100,0,0,25,4924,0,1887,7273,240,2,24364,20,50
"agent RandomAgent #136",RandomAgent,104.759,0,0.569,75,0,2464,0,52136,31013,50,21359,0,0,100,0,0,25,21352,0,4962,31035,406,3,104759,20,50
"agent RandomAgent #137",RandomAgent,47.169,0,0.569,75,0,1175,0,23695,14785,50,8807,0,0,100,0,0,25,8816,0,4459,14761,258,0,47169,20,50
"agent RandomAgent #138",RandomAgent,20.488,0,0.569,75,0,738,0,10181,5814,50,4445,0,0,100,0,0,25,4438,0,969,5791,138,1,20488,20,50
"agent RandomAgent #139",RandomAgent,47.404,0,0.569,75,0,1518,0,23832,13791,50,9896,0,0,100,0,0,25,9904,0,1016,13813,246,2,47404,20,50
"agent RandomAgent #140",RandomAgent,1.737,0,0.569,75,0,18,0,855,459,50,402,0,0,100,0,0,25,395,0,63,481,111,3,1737,20,50
"agent RandomAgent #141",RandomAgent,42.713,0,0.569,75,0,1214,0,21339,13805,50,7559,0,0,100,0,0,25,7568,0,2487,13781,359,0,42713,20,50
"agent RandomAgent #142",RandomAgent,2.326,0,0.569,75,0,37,0,1137,537,50,641,0,0,100,0,0,25,634,0,321,514,134,1,2326,20,50
"agent RandomAgent #143",RandomAgent,8.744,0,0.569,75,0,228,0,4363,2296,50,2061,0,0,100,0,0,25,2069,0,410,2318,170,2,8744,20,50
"agent RandomAgent #144",RandomAgent,72.569,0,0.569,75,0,2247,0,36501,21012,50,15265,0,0,100,0,0,25,15258,0,2049,21034,414,3,72569,20,50
"agent RandomAgent #145",RandomAgent,29.249,0,0.569,75,0,634,0,14671,8503,50,6129,0,0,100,0,0,25,6138,0,1290,8479,282,0,29249,20,50
"agent RandomAgent #146",RandomAgent,14.164,0,0.569,75,0,533,0,7079,3839,50,3258,0,0,100,0,0,25,3251,0,208,3816,143,1,14164,20,50
"agent RandomAgent #147",RandomAgent,6.322,0,0.569,75,0,164,0,3117,1405,50,1741,0,0,100,0,0,25,1749,0,58,1427,249,2,6322,20,50
"agent RandomAgent #148",RandomAgent,100.859,0,0.569,75,0,2429,0,50794,29752,50,20670,0,0,100,0,0,25,20663,0,576,29774,305,3,100859,20,50
"agent RandomAgent #149",RandomAgent,42.895,0,0.569,75,0,956,0,21409,12386,50,9069,0,0,100,0,0,25,9078,0,0,12362,370,0,42895,20,50
"agent RandomAgent #150",RandomAgent,2.66,0,0.569,75,0,26,0,1258,795,50,550,0,0,100,0,0,25,543,0,0,772,101,1,2660,20,50
"agent NegotiatingAgent #151",NegotiatingAgent,0.294,6966,0.569,75,140,9,0,9,70,50,62,315,285,100,0,0,25,70,0,458,92,206,2,294,20,50
"agent NegotiatingAgent #152",NegotiatingAgent,0.345,5153,0.569,75,92,7,0,7,82,50,83,190,206,100,0,0,25,76,0,279,104,220,3,345,20,50
"agent NegotiatingAgent #153",NegotiatingAgent,0.191,1685,0.569,75,78,3,0,3,68,50,35,162,144,100,0,0,25,44,0,259,44,180,0,191,20,50
"agent NegotiatingAgent #154",NegotiatingAgent,0.666,6071,0.569,75,103,15,0,15,203,50,145,222,327,100,1,0,25,138,0,523,180,366,1,666,20,50
"agent NegotiatingAgent #155",NegotiatingAgent,0.434,5819,0.569,75,135,9,0,9,120,50,82,289,315,100,3,1,25,90,0,580,142,276,2,434,20,50
"agent NegotiatingAgent #156",NegotiatingAgent,0.453,6380,0.569,75,121,11,0,11,122,50,97,257,318,100,3,0,25,90,0,467,144,274,3,453,20,50
"agent NegotiatingAgent #157",NegotiatingAgent,0.599,9254,0.569,75,190,13,0,13,178,50,129,435,419,100,1,4,25,138,0,699,154,384,0,599,20,50
"agent NegotiatingAgent #158",NegotiatingAgent,0.53,5980,0.569,75,117,9,0,10,163,50,117,275,296,100,5,0,25,110,0,479,140,298,1,530,20,50
"agent NegotiatingAgent #159",NegotiatingAgent,0.482,10212,0.569,75,160,10,0,10,122,50,104,399,387,100,10,7,25,112,0,583,144,300,2,482,20,50
"agent NegotiatingAgent #160",NegotiatingAgent,0.137,817,0.569,75,40,4,0,4,24,50,37,92,91,100,1,5,25,30,0,237,46,116,3,137,20,50
"agent NegotiatingAgent #161",NegotiatingAgent,0.619,5357,0.569,75,140,13,0,13,186,50,131,394,381,100,24,4,25,140,0,670,162,394,0,619,20,50
"agent NegotiatingAgent #162",NegotiatingAgent,0.13,1156,0.569,75,39,4,0,4,49,50,31,108,107,100,5,5,25,24,0,221,26,98,1,130,20,50
"agent NegotiatingAgent #163",NegotiatingAgent,0.318,3551,0.569,75,75,6,0,7,67,50,77,159,182,100,3,0,25,85,0,246,89,218,2,318,20,50
"agent NegotiatingAgent #164",NegotiatingAgent,0.433,6400,0.569,75,117,10,0,11,110,50,99,341,369,100,24,8,25,92,0,421,132,264,3,433,20,50
"agent NegotiatingAgent #165",NegotiatingAgent,0.367,7834,0.569,75,127,7,0,7,118,50,73,333,326,100,10,2,25,82,0,647,94,268,0,367,20,50
"agent NegotiatingAgent #166",NegotiatingAgent,0.13,1552,0.569,75,50,4,0,4,49,50,31,163,143,100,17,2,25,24,0,196,26,98,1,130,20,50
"agent NegotiatingAgent #167",NegotiatingAgent,0.41,5950,0.569,75,123,8,0,8,110,50,80,345,339,100,13,9,25,88,0,534,132,264,2,410,20,50
"agent NegotiatingAgent #168",NegotiatingAgent,0.133,372,0.569,75,32,4,0,4,26,50,33,103,83,100,10,5,25,26,0,137,48,114,3,133,20,50
"agent NegotiatingAgent #169",NegotiatingAgent,0.293,2964,0.569,75,67,3,0,4,93,50,61,222,204,100,18,4,25,70,0,343,69,231,0,293,20,50
"agent NegotiatingAgent #170",NegotiatingAgent,0.58,4756,0.569,75,87,7,0,7,170,50,135,203,266,100,7,0,25,128,0,415,147,323,1,580,20,50
"agent NegotiatingAgent #171",NegotiatingAgent,0.132,570,0.569,75,31,3,0,3,20,50,31,103,108,100,9,0,25,39,0,132,42,125,2,132,20,50
"agent NegotiatingAgent #172",NegotiatingAgent,0.317,4372,0.569,75,92,9,0,9,72,50,79,282,286,100,27,2,25,72,0,396,94,206,3,317,20,50
"agent NegotiatingAgent #173",NegotiatingAgent,0.359,4942,0.569,75,93,6,0,6,118,50,69,315,312,100,28,0,25,78,0,352,94,264,0,359,20,50
"agent NegotiatingAgent #174",NegotiatingAgent,0.54,3339,0.569,75,72,5,0,6,160,50,125,209,273,100,18,3,25,118,0,296,137,303,1,540,20,50
"agent NegotiatingAgent #175",NegotiatingAgent,0.124,80,0.569,75,16,2,0,2,20,50,27,105,95,100,24,1,25,35,0,91,42,121,2,124,20,50
"agent NegotiatingAgent #176",NegotiatingAgent,0.475,6055,0.569,75,94,7,0,8,120,50,110,286,322,100,26,13,25,103,0,453,142,285,3,475,20,50
"agent NegotiatingAgent #177",NegotiatingAgent,0.479,7803,0.569,75,122,5,0,6,152,50,95,396,379,100,31,7,25,104,0,661,128,324,0,479,20,50
"agent NegotiatingAgent #178",NegotiatingAgent,0.382,4669,0.569,75,85,8,0,9,115,50,91,297,273,100,36,2,25,84,0,401,92,224,1,382,20,50
"agent NegotiatingAgent #179",NegotiatingAgent,0.368,7417,0.569,75,105,6,0,8,92,50,77,308,302,100,23,0,25,85,0,351,114,243,2,368,20,50
"agent NegotiatingAgent #180",NegotiatingAgent,0.283,1504,0.569,75,40,5,0,6,57,50,77,132,142,100,11,11,25,70,0,229,79,189,3,283,20,50
"agent NegotiatingAgent #181",NegotiatingAgent,0.337,5024,0.569,75,100,5,0,7,99,50,77,251,246,100,13,4,25,86,0,466,75,253,0,337,20,50
"agent NegotiatingAgent #182",NegotiatingAgent,0.072,0,0.569,75,15,1,0,1,28,50,23,51,34,100,0,7,25,16,0,70,5,69,1,72,20,50
"agent NegotiatingAgent #183",NegotiatingAgent,0.588,7655,0.569,75,115,9,0,11,149,50,130,442,429,100,47,15,25,138,0,690,171,353,2,588,20,50
"agent NegotiatingAgent #184",NegotiatingAgent,0.263,1194,0.569,75,27,3,0,5,53,50,71,148,153,100,31,7,25,64,0,200,75,179,3,263,20,50
"agent NegotiatingAgent #185",NegotiatingAgent,0.351,4530,0.569,75,91,5,0,5,110,50,73,427,365,100,53,7,25,82,0,638,86,260,0,351,20,50
"agent NegotiatingAgent #186",NegotiatingAgent,0.474,4676,0.569,75,66,6,0,7,146,50,106,251,294,100,22,19,25,99,0,358,123,270,1,474,20,50
"agent NegotiatingAgent #187",NegotiatingAgent,0.286,3244,0.569,75,88,7,0,7,68,50,60,293,264,100,27,4,25,68,0,439,90,202,2,286,20,50
"agent NegotiatingAgent #188",NegotiatingAgent,0.529,3460,0.569,75,61,5,0,7,138,50,119,311,343,100,59,4,25,112,0,292,160,312,3,529,20,50
"agent NegotiatingAgent #189",NegotiatingAgent,0.353,5515,0.569,75,73,6,0,8,107,50,77,290,268,100,33,8,25,86,0,481,83,261,0,353,20,50
"agent NegotiatingAgent #190",NegotiatingAgent,0.412,6474,0.569,75,96,2,0,4,127,50,94,331,347,100,30,8,25,87,0,498,104,239,1,412,20,50
"agent NegotiatingAgent #191",NegotiatingAgent,0.48,7484,0.569,75,117,4,0,7,123,50,102,381,355,100,31,10,25,110,0,551,145,299,2,480,20,50
"agent NegotiatingAgent #192",NegotiatingAgent,0.305,2566,0.569,75,39,7,0,7,70,50,75,240,226,100,47,7,25,68,0,189,92,200,3,305,20,50
"agent NegotiatingAgent #193",NegotiatingAgent,0.323,3622,0.569,75,61,4,0,5,102,50,67,308,268,100,40,7,25,76,0,556,78,246,0,323,20,50
"agent NegotiatingAgent #194",NegotiatingAgent,0.072,0,0.569,75,6,1,0,1,28,50,23,39,24,100,0,12,25,16,0,72,5,69,1,72,20,50
"agent NegotiatingAgent #195",NegotiatingAgent,0.418,4417,0.569,75,77,6,0,6,110,50,84,421,385,100,72,12,25,92,0,508,132,268,2,418,20,50
"agent NegotiatingAgent #196",NegotiatingAgent,0.373,3574,0.569,75,59,4,0,5,90,50,89,344,326,100,53,7,25,82,0,424,112,234,3,373,20,50
"agent NegotiatingAgent #197",NegotiatingAgent,0.343,7766,0.569,75,108,5,0,6,104,50,75,379,341,100,28,6,25,84,0,599,80,256,0,343,20,50
"agent NegotiatingAgent #198",NegotiatingAgent,0.39,4736,0.569,75,63,4,0,5,121,50,89,416,376,100,77,16,25,82,0,412,98,228,1,390,20,50
"agent NegotiatingAgent #199",NegotiatingAgent,0.286,4720,0.569,75,77,7,0,7,68,50,60,308,258,100,26,16,25,68,0,551,90,202,2,286,20,50
"agent NegotiatingAgent #200",NegotiatingAgent,0.373,7366,0.569,75,92,3,0,4,84,50,95,362,328,100,40,8,25,88,0,389,106,234,3,373,20,50
"agent NegotiatingAgent #201",NegotiatingAgent,0.355,2075,0.569,75,40,4,0,4,110,50,75,272,258,100,48,6,25,84,0,236,86,262,0,355,20,50
"agent NegotiatingAgent #202",NegotiatingAgent,0.13,502,0.569,75,22,4,0,4,49,50,31,99,85,100,7,7,25,24,0,173,26,98,1,130,20,50
"agent NegotiatingAgent #203",NegotiatingAgent,0.272,2745,0.569,75,48,3,0,3,64,50,57,264,260,100,52,3,25,65,0,267,86,195,2,272,20,50
"agent NegotiatingAgent #204",NegotiatingAgent,0.521,6302,0.569,75,87,6,0,9,124,50,129,392,367,100,59,6,25,122,0,356,146,308,3,521,20,50
"agent NegotiatingAgent #205",NegotiatingAgent,0.227,3966,0.569,75,60,5,0,5,78,50,43,303,245,100,33,10,25,52,0,451,54,198,0,227,20,50
"agent NegotiatingAgent #206",NegotiatingAgent,0.374,5051,0.569,75,77,5,0,6,102,50,100,252,255,100,26,4,25,93,0,273,79,220,1,374,20,50
"agent NegotiatingAgent #207",NegotiatingAgent,0.244,2726,0.569,75,37,2,0,3,58,50,49,161,170,100,27,2,25,57,0,205,80,181,2,244,20,50
"agent NegotiatingAgent #208",NegotiatingAgent,0.385,916,0.569,75,23,3,0,4,100,50,85,181,226,100,32,12,25,78,0,236,122,240,3,385,20,50
"agent NegotiatingAgent #209",NegotiatingAgent,0.379,3685,0.569,75,55,6,0,6,124,50,73,359,310,100,52,10,25,82,0,477,100,274,0,379,20,50
"agent NegotiatingAgent #210",NegotiatingAgent,0.206,1143,0.569,75,26,7,0,7,67,50,51,199,173,100,41,6,25,44,0,175,44,136,1,206,20,50
"agent NegotiatingAgent #211",NegotiatingAgent,0.426,3400,0.569,75,54,6,0,8,106,50,92,327,311,100,49,14,25,100,0,442,128,272,2,426,20,50
"agent NegotiatingAgent #212",NegotiatingAgent,0.505,2639,0.569,75,41,5,0,6,130,50,115,331,337,100,67,21,25,108,0,290,152,300,3,505,20,50
"agent NegotiatingAgent #213",NegotiatingAgent,0.447,2987,0.569,75,56,3,0,4,136,50,95,338,315,100,52,7,25,104,0,495,112,308,0,447,20,50
"agent NegotiatingAgent #214",NegotiatingAgent,0.388,2587,0.569,75,35,4,0,5,115,50,94,266,264,100,53,10,25,87,0,291,92,227,1,388,20,50
"agent NegotiatingAgent #215",NegotiatingAgent,0.478,2986,0.569,75,44,5,0,7,120,50,104,438,376,100,82,33,25,112,0,337,142,298,2,478,20,50
"agent NegotiatingAgent #216",NegotiatingAgent,0.401,1393,0.569,75,27,4,0,5,94,50,99,315,279,100,73,10,25,92,0,138,116,248,3,401,20,50
"agent NegotiatingAgent #217",NegotiatingAgent,0.415,2083,0.569,75,32,2,0,5,130,50,85,387,360,100,83,7,25,94,0,392,106,292,0,415,20,50
"agent NegotiatingAgent #218",NegotiatingAgent,0.16,927,0.569,75,25,4,0,4,50,50,45,99,93,100,13,5,25,38,0,151,27,113,1,160,20,50
"agent NegotiatingAgent #219",NegotiatingAgent,0.36,2769,0.569,75,41,5,0,6,87,50,78,326,294,100,59,22,25,86,0,422,109,239,2,360,20,50
"agent NegotiatingAgent #220",NegotiatingAgent,0.203,1580,0.569,75,31,1,0,2,43,50,51,139,142,100,19,10,25,44,0,225,65,149,3,203,20,50
"agent NegotiatingAgent #221",NegotiatingAgent,0.179,1286,0.569,75,38,1,0,1,66,50,31,203,164,100,22,10,25,40,0,260,42,174,0,179,20,50
"agent NegotiatingAgent #222",NegotiatingAgent,0.47,2142,0.569,75,29,5,0,6,131,50,119,302,303,100,69,10,25,112,0,267,108,268,1,470,20,50
"agent NegotiatingAgent #223",NegotiatingAgent,0.364,2030,0.569,75,27,4,0,5,87,50,80,267,237,100,56,16,25,88,0,263,109,241,2,364,20,50
"agent NegotiatingAgent #224",NegotiatingAgent,0.203,447,0.569,75,12,1,0,2,43,50,51,114,99,100,22,16,25,44,0,124,65,149,3,203,20,50
"agent NegotiatingAgent #225",NegotiatingAgent,0.303,580,0.569,75,17,2,0,3,90,50,69,276,240,100,53,32,25,78,0,246,66,236,0,303,20,50
"agent NegotiatingAgent #226",NegotiatingAgent,0.16,604,0.569,75,18,5,0,5,48,50,47,77,83,100,9,3,25,40,0,99,25,113,1,160,20,50
"agent NegotiatingAgent #227",NegotiatingAgent,0.25,2929,0.569,75,45,4,0,4,58,50,52,266,237,100,28,16,25,60,0,349,80,184,2,250,20,50
"agent NegotiatingAgent #228",NegotiatingAgent,0.239,2028,0.569,75,26,4,0,5,53,50,59,161,144,100,30,7,25,52,0,151,75,167,3,239,20,50
"agent NegotiatingAgent #229",NegotiatingAgent,0.307,1334,0.569,75,36,2,0,3,98,50,63,261,238,100,47,9,25,72,0,257,74,238,0,307,20,50
"agent NegotiatingAgent #230",NegotiatingAgent,0.13,26,0.569,75,1,4,0,4,49,50,31,124,92,100,23,18,25,24,0,80,26,98,1,130,20,50
"agent NegotiatingAgent #231",NegotiatingAgent,0.33,846,0.569,75,19,3,0,4,82,50,68,230,213,100,46,11,25,76,0,172,104,224,2,330,20,50
"agent NegotiatingAgent #232",NegotiatingAgent,0.493,594,0.569,75,7,3,0,5,122,50,117,434,368,100,111,32,25,110,0,166,144,294,3,493,20,50
"agent NegotiatingAgent #233",NegotiatingAgent,0.403,1490,0.569,75,20,5,0,5,126,50,83,198,178,100,21,35,25,92,0,206,102,286,0,403,20,50
"agent NegotiatingAgent #234",NegotiatingAgent,0.328,144,0.569,75,5,1,0,2,102,50,77,170,161,100,42,19,25,70,0,65,79,197,1,328,20,50
"agent NegotiatingAgent #235",NegotiatingAgent,0.378,524,0.569,75,9,3,0,4,91,50,83,257,250,100,73,1,25,91,0,110,113,248,2,378,20,50
"agent NegotiatingAgent #236",NegotiatingAgent,0.403,1774,0.569,75,23,2,0,4,98,50,96,283,276,100,58,18,25,89,0,138,120,249,3,403,20,50
"agent NegotiatingAgent #237",NegotiatingAgent,0.467,518,0.569,75,10,5,0,7,144,50,97,415,372,100,105,7,25,106,0,196,120,318,0,467,20,50
"agent NegotiatingAgent #238",NegotiatingAgent,0.182,284,0.569,75,4,5,0,5,61,50,45,125,111,100,31,9,25,38,0,38,38,124,1,182,20,50
"agent NegotiatingAgent #239",NegotiatingAgent,0.282,50,0.569,75,3,6,0,6,66,50,60,229,188,100,49,19,25,68,0,89,88,200,2,282,20,50
"agent NegotiatingAgent #240",NegotiatingAgent,0.235,3013,0.569,75,39,3,0,4,51,50,59,205,181,100,26,11,25,52,0,203,73,165,3,235,20,50
"agent NegotiatingAgent #241",NegotiatingAgent,0.285,186,0.569,75,2,2,0,3,89,50,61,128,115,100,24,26,25,70,0,91,65,227,0,285,20,50
"agent NegotiatingAgent #242",NegotiatingAgent,0.432,1083,0.569,75,18,2,0,3,120,50,111,337,302,100,83,8,25,104,0,187,97,249,1,432,20,50
"agent NegotiatingAgent #243",NegotiatingAgent,0.28,104,0.569,75,2,3,0,3,74,50,51,301,254,100,79,16,25,59,0,73,96,199,2,280,20,50
"agent NegotiatingAgent #244",NegotiatingAgent,0.101,0,0.569,75,0,1,0,1,14,50,29,48,26,100,0,22,25,22,0,26,36,98,3,101,20,50
"agent NegotiatingAgent #245",NegotiatingAgent,0.195,100,0.569,75,2,3,0,3,70,50,35,229,175,100,50,12,25,44,0,50,46,182,0,195,20,50
"agent NegotiatingAgent #246",NegotiatingAgent,0.412,1200,0.569,75,14,4,0,5,118,50,103,302,272,100,79,8,25,96,0,107,95,239,1,412,20,50
"agent NegotiatingAgent #247",NegotiatingAgent,0.494,210,0.569,75,3,3,0,5,134,50,98,270,255,100,68,16,25,106,0,78,156,306,2,494,20,50
"agent NegotiatingAgent #248",NegotiatingAgent,0.243,81,0.569,75,1,4,0,5,51,50,63,202,162,100,58,7,25,56,0,15,73,169,3,243,20,50
"agent NegotiatingAgent #249",NegotiatingAgent,0.459,168,0.569,75,3,4,0,6,138,50,99,236,233,100,63,15,25,108,0,83,114,314,0,459,20,50
"agent NegotiatingAgent #250",NegotiatingAgent,0.444,0,0.569,75,0,4,0,5,120,50,117,275,246,100,84,14,25,110,0,51,97,255,1,444,20,50
