agentName,agentType,averageSpeed,cumulatedUtilityReceived,freeWallRatio,numBacktrackAgents,numCFPAnswered,numDeadends,numDifferentEncounters,numDirectionChanges,numDownSteps,numForwardAgents,numLeftSteps,numMessagesReceived,numMessagesSent,numNegotiatingAgents,numProposalsAccepted,numProposalsRejected,numRandomAgents,numRightSteps,numSwarmAgents,numTotalEncounters,numUpSteps,numVisitedCells,startingPosition,stepsToExit,xsize,ysize
"agent BacktrackAgent #1",BacktrackAgent,0.331,0,0.569,100,0,7,0,7,102,100,72,0,0,100,0,0,100,80,0,3879,77,270,0,331,20,50
"agent BacktrackAgent #2",BacktrackAgent,0.368,0,0.569,100,0,9,0,9,112,100,88,0,0,100,0,0,100,80,0,2533,88,268,1,368,20,50
"agent BacktrackAgent #3",BacktrackAgent,0.038,0,0.569,100,0,1,0,1,2,100,3,0,0,100,0,0,100,10,0,1397,23,38,2,38,20,50
"agent BacktrackAgent #4",BacktrackAgent,0.673,0,0.569,100,0,19,0,19,176,100,154,0,0,100,0,0,100,146,0,2480,197,366,3,673,20,50
"agent BacktrackAgent #5",BacktrackAgent,0.439,0,0.569,100,0,14,0,14,132,100,96,0,0,100,0,0,100,104,0,4523,107,324,0,439,20,50
"agent BacktrackAgent #6",BacktrackAgent,0.406,0,0.569,100,0,14,0,14,127,100,92,0,0,100,0,0,100,84,0,1839,103,287,1,406,20,50
"agent BacktrackAgent #7",BacktrackAgent,0.084,0,0.569,100,0,2,0,2,16,100,12,0,0,100,0,0,100,19,0,741,37,61,2,84,20,50
"agent BacktrackAgent #8",BacktrackAgent,0.105,0,0.569,100,0,2,0,2,20,100,26,0,0,100,0,0,100,18,0,673,41,82,3,105,20,50
"agent BacktrackAgent #9",BacktrackAgent,0.327,0,0.569,100,0,7,0,7,108,100,64,0,0,100,0,0,100,72,0,2518,83,268,0,327,20,50
"agent BacktrackAgent #10",BacktrackAgent,0.448,0,0.569,100,0,14,0,14,134,100,106,0,0,100,0,0,100,98,0,4062,110,308,1,448,20,50
"agent BacktrackAgent #11",BacktrackAgent,0.038,0,0.569,100,0,1,0,1,2,100,3,0,0,100,0,0,100,10,0,1553,23,38,2,38,20,50
"agent BacktrackAgent #12",BacktrackAgent,0.057,0,0.569,100,0,0,0,0,6,100,16,0,0,100,0,0,100,8,0,986,27,58,3,57,20,50
"agent BacktrackAgent #13",BacktrackAgent,0.447,0,0.569,100,0,15,0,15,134,100,98,0,0,100,0,0,100,106,0,4537,109,328,0,447,20,50
"agent BacktrackAgent #14",BacktrackAgent,0.446,0,0.569,100,0,16,0,16,139,100,100,0,0,100,0,0,100,92,0,1549,115,307,1,446,20,50
"agent BacktrackAgent #15",BacktrackAgent,0.694,0,0.569,100,0,20,0,20,180,100,153,0,0,100,0,0,100,160,0,5498,201,366,2,694,20,50
"agent BacktrackAgent #16",BacktrackAgent,0.597,0,0.569,100,0,15,0,15,154,100,138,0,0,100,0,0,100,130,0,3089,175,328,3,597,20,50
"agent BacktrackAgent #17",BacktrackAgent,0.479,0,0.569,100,0,16,0,16,148,100,100,0,0,100,0,0,100,108,0,4430,123,344,0,479,20,50
"agent BacktrackAgent #18",BacktrackAgent,0.27,0,0.569,100,0,5,0,5,91,100,60,0,0,100,0,0,100,52,0,1057,67,219,1,270,20,50
"agent BacktrackAgent #19",BacktrackAgent,0.086,0,0.569,100,0,3,0,3,16,100,13,0,0,100,0,0,100,20,0,1965,37,62,2,86,20,50
"agent BacktrackAgent #20",BacktrackAgent,0.485,0,0.569,100,0,8,0,8,122,100,114,0,0,100,0,0,100,106,0,2916,143,272,3,485,20,50
"agent BacktrackAgent #21",BacktrackAgent,0.447,0,0.569,100,0,14,0,14,134,100,98,0,0,100,0,0,100,106,0,4612,109,328,0,447,20,50
"agent BacktrackAgent #22",BacktrackAgent,0.412,0,0.569,100,0,11,0,11,126,100,96,0,0,100,0,0,100,88,0,3416,102,290,1,412,20,50
"agent BacktrackAgent #23",BacktrackAgent,0.644,0,0.569,100,0,17,0,17,166,100,142,0,0,100,0,0,100,149,0,2895,187,341,2,644,20,50
"agent BacktrackAgent #24",BacktrackAgent,0.673,0,0.569,100,0,19,0,19,176,100,154,0,0,100,0,0,100,146,0,3390,197,366,3,673,20,50
"agent BacktrackAgent #25",BacktrackAgent,0.467,0,0.569,100,0,15,0,15,142,100,100,0,0,100,0,0,100,108,0,4204,117,338,0,467,20,50
"agent BacktrackAgent #26",BacktrackAgent,0.34,0,0.569,100,0,8,0,8,104,100,82,0,0,100,0,0,100,74,0,2753,80,254,1,340,20,50
"agent BacktrackAgent #27",BacktrackAgent,0.086,0,0.569,100,0,3,0,3,16,100,13,0,0,100,0,0,100,20,0,1866,37,62,2,86,20,50
"agent BacktrackAgent #28",BacktrackAgent,0.197,0,0.569,100,0,9,0,9,46,100,46,0,0,100,0,0,100,38,0,2004,67,128,3,197,20,50
"agent BacktrackAgent #29",BacktrackAgent,0.419,0,0.569,100,0,13,0,13,128,100,90,0,0,100,0,0,100,98,0,5047,103,314,0,419,20,50
"agent BacktrackAgent #30",BacktrackAgent,0.496,0,0.569,100,0,16,0,16,144,100,120,0,0,100,0,0,100,112,0,3017,120,332,1,496,20,50
"agent BacktrackAgent #31",BacktrackAgent,0.692,0,0.569,100,0,19,0,19,180,100,152,0,0,100,0,0,100,159,0,3103,201,365,2,692,20,50
"agent BacktrackAgent #32",BacktrackAgent,0.557,0,0.569,100,0,11,0,11,144,100,128,0,0,100,0,0,100,120,0,2538,165,308,3,557,20,50
"agent BacktrackAgent #33",BacktrackAgent,0.279,0,0.569,100,0,5,0,5,94,100,54,0,0,100,0,0,100,62,0,3439,69,244,0,279,20,50
"agent BacktrackAgent #34",BacktrackAgent,0.378,0,0.569,100,0,12,0,12,119,100,86,0,0,100,0,0,100,78,0,1372,95,273,1,378,20,50
"agent BacktrackAgent #35",BacktrackAgent,0.086,0,0.569,100,0,3,0,3,16,100,13,0,0,100,0,0,100,20,0,1767,37,62,2,86,20,50
"agent BacktrackAgent #36",BacktrackAgent,0.673,0,0.569,100,0,19,0,19,176,100,154,0,0,100,0,0,100,146,0,3179,197,366,3,673,20,50
"agent BacktrackAgent #37",BacktrackAgent,0.315,0,0.569,100,0,6,0,6,102,100,64,0,0,100,0,0,100,72,0,3643,77,262,0,315,20,50
"agent BacktrackAgent #38",BacktrackAgent,0.304,0,0.569,100,0,5,0,5,94,100,74,0,0,100,0,0,100,66,0,2723,70,236,1,304,20,50
"agent BacktrackAgent #39",BacktrackAgent,0.694,0,0.569,100,0,20,0,20,180,100,153,0,0,100,0,0,100,160,0,4406,201,366,2,694,20,50
"agent BacktrackAgent #40",BacktrackAgent,0.625,0,0.569,100,0,17,0,17,162,100,144,0,0,100,0,0,100,136,0,2927,183,342,3,625,20,50
"agent BacktrackAgent #41",BacktrackAgent,0.391,0,0.569,100,0,11,0,11,118,100,86,0,0,100,0,0,100,94,0,3843,93,300,0,391,20,50
"agent BacktrackAgent #42",BacktrackAgent,0.342,0,0.569,100,0,11,0,11,109,100,78,0,0,100,0,0,100,70,0,1077,85,255,1,342,20,50
"agent BacktrackAgent #43",BacktrackAgent,0.692,0,0.569,100,0,19,0,19,180,100,152,0,0,100,0,0,100,159,0,3125,201,365,2,692,20,50
"agent BacktrackAgent #44",BacktrackAgent,0.057,0,0.569,100,0,0,0,0,6,100,16,0,0,100,0,0,100,8,0,871,27,58,3,57,20,50
"agent BacktrackAgent #45",BacktrackAgent,0.371,0,0.569,100,0,11,0,11,112,100,82,0,0,100,0,0,100,90,0,4409,87,290,0,371,20,50
"agent BacktrackAgent #46",BacktrackAgent,0.336,0,0.569,100,0,6,0,6,102,100,82,0,0,100,0,0,100,74,0,2071,78,252,1,336,20,50
"agent BacktrackAgent #47",BacktrackAgent,0.694,0,0.569,100,0,20,0,20,180,100,153,0,0,100,0,0,100,160,0,4201,201,366,2,694,20,50
"agent BacktrackAgent #48",BacktrackAgent,0.537,0,0.569,100,0,11,0,11,136,100,126,0,0,100,0,0,100,118,0,1671,157,298,3,537,20,50
"agent BacktrackAgent #49",BacktrackAgent,0.403,0,0.569,100,0,12,0,12,120,100,90,0,0,100,0,0,100,98,0,3651,95,306,0,403,20,50
"agent BacktrackAgent #50",BacktrackAgent,0.3,0,0.569,100,0,5,0,5,92,100,74,0,0,100,0,0,100,66,0,2363,68,234,1,300,20,50
"agent BacktrackAgent #51",BacktrackAgent,0.038,0,0.569,100,0,1,0,1,2,100,3,0,0,100,0,0,100,10,0,1301,23,38,2,38,20,50
"agent BacktrackAgent #52",BacktrackAgent,0.597,0,0.569,100,0,15,0,15,154,100,138,0,0,100,0,0,100,130,0,2474,175,328,3,597,20,50
"agent BacktrackAgent #53",BacktrackAgent,0.295,0,0.569,100,0,5,0,5,94,100,62,0,0,100,0,0,100,70,0,3173,69,252,0,295,20,50
"agent BacktrackAgent #54",BacktrackAgent,0.424,0,0.569,100,0,13,0,13,126,100,102,0,0,100,0,0,100,94,0,2377,102,296,1,424,20,50
"agent BacktrackAgent #55",BacktrackAgent,0.038,0,0.569,100,0,1,0,1,2,100,3,0,0,100,0,0,100,10,0,1263,23,38,2,38,20,50
"agent BacktrackAgent #56",BacktrackAgent,0.081,0,0.569,100,0,1,0,1,14,100,20,0,0,100,0,0,100,12,0,971,35,70,3,81,20,50
"agent BacktrackAgent #57",BacktrackAgent,0.411,0,0.569,100,0,13,0,13,128,100,86,0,0,100,0,0,100,94,0,3546,103,310,0,411,20,50
"agent BacktrackAgent #58",BacktrackAgent,0.206,0,0.569,100,0,3,0,3,73,100,46,0,0,100,0,0,100,38,0,1098,49,187,1,206,20,50
"agent BacktrackAgent #59",BacktrackAgent,0.694,0,0.569,100,0,20,0,20,180,100,153,0,0,100,0,0,100,160,0,3824,201,366,2,694,20,50
"agent BacktrackAgent #60",BacktrackAgent,0.105,0,0.569,100,0,2,0,2,20,100,26,0,0,100,0,0,100,18,0,885,41,82,3,105,20,50
"agent BacktrackAgent #61",BacktrackAgent,0.467,0,0.569,100,0,16,0,16,138,100,104,0,0,100,0,0,100,112,0,3949,113,338,0,467,20,50
"agent BacktrackAgent #62",BacktrackAgent,0.304,0,0.569,100,0,5,0,5,94,100,74,0,0,100,0,0,100,66,0,2272,70,236,1,304,20,50
"agent BacktrackAgent #63",BacktrackAgent,0.646,0,0.569,100,0,18,0,18,166,100,143,0,0,100,0,0,100,150,0,3758,187,342,2,646,20,50
"agent BacktrackAgent #64",BacktrackAgent,0.485,0,0.569,100,0,8,0,8,122,100,114,0,0,100,0,0,100,106,0,2512,143,272,3,485,20,50
"agent BacktrackAgent #65",BacktrackAgent,0.311,0,0.569,100,0,7,0,7,102,100,62,0,0,100,0,0,100,70,0,3754,77,260,0,311,20,50
"agent BacktrackAgent #66",BacktrackAgent,0.352,0,0.569,100,0,7,0,7,108,100,84,0,0,100,0,0,100,76,0,1719,84,260,1,352,20,50
"agent BacktrackAgent #67",BacktrackAgent,0.692,0,0.569,100,0,19,0,19,180,100,152,0,0,100,0,0,100,159,0,2584,201,365,2,692,20,50
"agent BacktrackAgent #68",BacktrackAgent,0.173,0,0.569,100,0,8,0,8,38,100,42,0,0,100,0,0,100,34,0,1476,59,116,3,173,20,50
"agent BacktrackAgent #69",BacktrackAgent,0.443,0,0.569,100,0,15,0,15,134,100,96,0,0,100,0,0,100,104,0,3599,109,326,0,443,20,50
"agent BacktrackAgent #70",BacktrackAgent,0.516,0,0.569,100,0,17,0,17,150,100,124,0,0,100,0,0,100,116,0,2432,126,342,1,516,20,50
"agent BacktrackAgent #71",BacktrackAgent,0.644,0,0.569,100,0,17,0,17,166,100,142,0,0,100,0,0,100,149,0,2353,187,341,2,644,20,50
"agent BacktrackAgent #72",BacktrackAgent,0.485,0,0.569,100,0,8,0,8,122,100,114,0,0,100,0,0,100,106,0,1833,143,272,3,485,20,50
"agent BacktrackAgent #73",BacktrackAgent,0.491,0,0.569,100,0,17,0,17,150,100,104,0,0,100,0,0,100,112,0,4107,125,350,0,491,20,50
"agent BacktrackAgent #74",BacktrackAgent,0.552,0,0.569,100,0,19,0,19,160,100,132,0,0,100,0,0,100,124,0,2118,136,360,1,552,20,50
"agent BacktrackAgent #75",BacktrackAgent,0.692,0,0.569,100,0,19,0,19,180,100,152,0,0,100,0,0,100,159,0,1966,201,365,2,692,20,50
"agent BacktrackAgent #76",BacktrackAgent,0.221,0,0.569,100,0,10,0,10,52,100,52,0,0,100,0,0,100,44,0,1290,73,140,3,221,20,50
"agent BacktrackAgent #77",BacktrackAgent,0.239,0,0.569,100,0,3,0,3,78,100,50,0,0,100,0,0,100,58,0,2844,53,224,0,239,20,50
"agent BacktrackAgent #78",BacktrackAgent,0.304,0,0.569,100,0,5,0,5,94,100,74,0,0,100,0,0,100,66,0,1589,70,236,1,304,20,50
"agent BacktrackAgent #79",BacktrackAgent,0.694,0,0.569,100,0,20,0,20,180,100,153,0,0,100,0,0,100,160,0,3306,201,366,2,694,20,50
"agent BacktrackAgent #80",BacktrackAgent,0.533,0,0.569,100,0,10,0,10,136,100,124,0,0,100,0,0,100,116,0,1721,157,296,3,533,20,50
"agent BacktrackAgent #81",BacktrackAgent,0.391,0,0.569,100,0,11,0,11,118,100,86,0,0,100,0,0,100,94,0,3489,93,300,0,391,20,50
"agent BacktrackAgent #82",BacktrackAgent,0.214,0,0.569,100,0,3,0,3,73,100,50,0,0,100,0,0,100,42,0,644,49,191,1,214,20,50
"agent BacktrackAgent #83",BacktrackAgent,0.038,0,0.569,100,0,1,0,1,2,100,3,0,0,100,0,0,100,10,0,1144,23,38,2,38,20,50
"agent BacktrackAgent #84",BacktrackAgent,0.109,0,0.569,100,0,3,0,3,20,100,28,0,0,100,0,0,100,20,0,567,41,84,3,109,20,50
"agent BacktrackAgent #85",BacktrackAgent,0.443,0,0.569,100,0,15,0,15,136,100,94,0,0,100,0,0,100,102,0,3521,111,326,0,443,20,50
"agent BacktrackAgent #86",BacktrackAgent,0.342,0,0.569,100,0,10,0,10,109,100,78,0,0,100,0,0,100,70,0,1182,85,255,1,342,20,50
"agent BacktrackAgent #87",BacktrackAgent,0.644,0,0.569,100,0,17,0,17,166,100,142,0,0,100,0,0,100,149,0,1821,187,341,2,644,20,50
"agent BacktrackAgent #88",BacktrackAgent,0.081,0,0.569,100,0,1,0,1,14,100,20,0,0,100,0,0,100,12,0,774,35,70,3,81,20,50
"agent BacktrackAgent #89",BacktrackAgent,0.323,0,0.569,100,0,7,0,7,106,100,64,0,0,100,0,0,100,72,0,2904,81,266,0,323,20,50
"agent BacktrackAgent #90",BacktrackAgent,0.394,0,0.569,100,0,13,0,13,125,100,88,0,0,100,0,0,100,80,0,1348,101,281,1,394,20,50
"agent BacktrackAgent #91",BacktrackAgent,0.084,0,0.569,100,0,2,0,2,16,100,12,0,0,100,0,0,100,19,0,642,37,61,2,84,20,50
"agent BacktrackAgent #92",BacktrackAgent,0.557,0,0.569,100,0,11,0,11,144,100,128,0,0,100,0,0,100,120,0,1578,165,308,3,557,20,50
"agent BacktrackAgent #93",BacktrackAgent,0.335,0,0.569,100,0,8,0,8,108,100,68,0,0,100,0,0,100,76,0,2799,83,272,0,335,20,50
"agent BacktrackAgent #94",BacktrackAgent,0.334,0,0.569,100,0,11,0,11,109,100,74,0,0,100,0,0,100,66,0,1416,85,251,1,334,20,50
"agent BacktrackAgent #95",BacktrackAgent,0.036,0,0.569,100,0,0,0,0,2,100,2,0,0,100,0,0,100,9,0,428,23,37,2,36,20,50
"agent BacktrackAgent #96",BacktrackAgent,0.245,0,0.569,100,0,11,0,11,60,100,56,0,0,100,0,0,100,48,0,1188,81,152,3,245,20,50
"agent BacktrackAgent #97",BacktrackAgent,0.307,0,0.569,100,0,6,0,6,98,100,64,0,0,100,0,0,100,72,0,2512,73,258,0,307,20,50
"agent BacktrackAgent #98",BacktrackAgent,0.406,0,0.569,100,0,14,0,14,131,100,88,0,0,100,0,0,100,80,0,1362,107,287,1,406,20,50
"agent BacktrackAgent #99",BacktrackAgent,0.644,0,0.569,100,0,17,0,17,166,100,142,0,0,100,0,0,100,149,0,1780,187,341,2,644,20,50
"agent BacktrackAgent #100",BacktrackAgent,0.669,0,0.569,100,0,18,0,18,176,100,152,0,0,100,0,0,100,144,0,3224,197,364,3,669,20,50
"agent ForwardAgent #101",ForwardAgent,0.343,0,0.569,100,0,5,0,5,104,100,76,0,0,100,0,0,100,84,0,3078,79,242,0,343,20,50
"agent ForwardAgent #102",ForwardAgent,0.23,0,0.569,100,0,6,0,6,83,100,48,0,0,100,0,0,100,40,0,724,59,193,1,230,20,50
"agent ForwardAgent #103",ForwardAgent,0.272,0,0.569,100,0,10,0,10,62,100,60,0,0,100,0,0,100,67,0,939,83,101,2,272,20,50
"agent ForwardAgent #104",ForwardAgent,2.185,0,0.569,100,0,81,0,81,584,100,502,0,0,100,0,0,100,494,0,3666,605,354,3,2185,20,50
"agent ForwardAgent #105",ForwardAgent,0.707,0,0.569,100,0,22,0,22,182,100,180,0,0,100,0,0,100,188,0,3295,157,296,0,707,20,50
"agent ForwardAgent #106",ForwardAgent,0.542,0,0.569,100,0,11,0,11,179,100,108,0,0,100,0,0,100,100,0,1476,155,227,1,542,20,50
"agent ForwardAgent #107",ForwardAgent,0.242,0,0.569,100,0,10,0,10,66,100,41,0,0,100,0,0,100,48,0,1380,87,62,2,242,20,50
"agent ForwardAgent #108",ForwardAgent,1.145,0,0.569,100,0,24,0,24,300,100,266,0,0,100,0,0,100,258,0,2439,321,306,3,1145,20,50
"agent ForwardAgent #109",ForwardAgent,0.771,0,0.569,100,0,16,0,16,210,100,184,0,0,100,0,0,100,192,0,3291,185,290,0,771,20,50
"agent ForwardAgent #110",ForwardAgent,0.552,0,0.569,100,0,10,0,10,152,100,140,0,0,100,0,0,100,132,0,1512,128,248,1,552,20,50
"agent ForwardAgent #111",ForwardAgent,1.476,0,0.569,100,0,47,0,47,406,100,318,0,0,100,0,0,100,325,0,2368,427,356,2,1476,20,50
"agent ForwardAgent #112",ForwardAgent,1.445,0,0.569,100,0,43,0,43,388,100,328,0,0,100,0,0,100,320,0,3135,409,342,3,1445,20,50
"agent ForwardAgent #113",ForwardAgent,0.415,0,0.569,100,0,6,0,6,120,100,96,0,0,100,0,0,100,104,0,2647,95,242,0,415,20,50
"agent ForwardAgent #114",ForwardAgent,1.652,0,0.569,100,0,36,0,36,424,100,418,0,0,100,0,0,100,410,0,3861,400,332,1,1652,20,50
"agent ForwardAgent #115",ForwardAgent,0.036,0,0.569,100,0,0,0,0,2,100,2,0,0,100,0,0,100,9,0,355,23,37,2,36,20,50
"agent ForwardAgent #116",ForwardAgent,0.785,0,0.569,100,0,19,0,19,200,100,186,0,0,100,0,0,100,178,0,1505,221,302,3,785,20,50
"agent ForwardAgent #117",ForwardAgent,2.751,0,0.569,100,0,56,0,56,674,100,710,0,0,100,0,0,100,718,0,6458,649,282,0,2751,20,50
"agent ForwardAgent #118",ForwardAgent,0.468,0,0.569,100,0,7,0,7,132,100,118,0,0,100,0,0,100,110,0,1703,108,222,1,468,20,50
"agent ForwardAgent #119",ForwardAgent,0.07,0,0.569,100,0,2,0,2,10,100,11,0,0,100,0,0,100,18,0,1076,31,54,2,70,20,50
"agent ForwardAgent #120",ForwardAgent,0.685,0,0.569,100,0,28,0,28,204,100,132,0,0,100,0,0,100,124,0,1813,225,202,3,685,20,50
"agent ForwardAgent #121",ForwardAgent,0.771,0,0.569,100,0,9,0,9,212,100,182,0,0,100,0,0,100,190,0,3280,187,252,0,771,20,50
"agent ForwardAgent #122",ForwardAgent,0.26,0,0.569,100,0,6,0,6,86,100,60,0,0,100,0,0,100,52,0,886,62,214,1,260,20,50
"agent ForwardAgent #123",ForwardAgent,0.632,0,0.569,100,0,13,0,13,150,100,152,0,0,100,0,0,100,159,0,1926,171,265,2,632,20,50
"agent ForwardAgent #124",ForwardAgent,1.633,0,0.569,100,0,58,0,58,486,100,324,0,0,100,0,0,100,316,0,3067,507,312,3,1633,20,50
"agent ForwardAgent #125",ForwardAgent,1.039,0,0.569,100,0,42,0,42,306,100,222,0,0,100,0,0,100,230,0,3930,281,320,0,1039,20,50
"agent ForwardAgent #126",ForwardAgent,1.352,0,0.569,100,0,35,0,35,344,100,348,0,0,100,0,0,100,340,0,2942,320,274,1,1352,20,50
"agent ForwardAgent #127",ForwardAgent,1.94,0,0.569,100,0,36,0,36,488,100,468,0,0,100,0,0,100,475,0,3663,509,274,2,1940,20,50
"agent ForwardAgent #128",ForwardAgent,0.649,0,0.569,100,0,23,0,23,190,100,128,0,0,100,0,0,100,120,0,1905,211,196,3,649,20,50
"agent ForwardAgent #129",ForwardAgent,1.379,0,0.569,100,0,27,0,27,382,100,316,0,0,100,0,0,100,324,0,3878,357,328,0,1379,20,50
"agent ForwardAgent #130",ForwardAgent,0.836,0,0.569,100,0,24,0,24,226,100,208,0,0,100,0,0,100,200,0,1573,202,332,1,836,20,50
"agent ForwardAgent #131",ForwardAgent,1.376,0,0.569,100,0,39,0,39,386,100,288,0,0,100,0,0,100,295,0,2017,407,336,2,1376,20,50
"agent ForwardAgent #132",ForwardAgent,1.509,0,0.569,100,0,35,0,35,402,100,346,0,0,100,0,0,100,338,0,2641,423,304,3,1509,20,50
"agent ForwardAgent #133",ForwardAgent,1.283,0,0.569,100,0,21,0,21,370,100,280,0,0,100,0,0,100,288,0,3117,345,290,0,1283,20,50
"agent ForwardAgent #134",ForwardAgent,0.966,0,0.569,100,0,18,0,18,235,100,264,0,0,100,0,0,100,256,0,2071,211,244,1,966,20,50
"agent ForwardAgent #135",ForwardAgent,0.086,0,0.569,100,0,3,0,3,16,100,13,0,0,100,0,0,100,20,0,1104,37,62,2,86,20,50
"agent ForwardAgent #136",ForwardAgent,0.197,0,0.569,100,0,2,0,2,52,100,40,0,0,100,0,0,100,32,0,628,73,114,3,197,20,50
"agent ForwardAgent #137",ForwardAgent,1.307,0,0.569,100,0,42,0,42,346,100,316,0,0,100,0,0,100,324,0,3523,321,344,0,1307,20,50
"agent ForwardAgent #138",ForwardAgent,2.6,0,0.569,100,0,86,0,86,720,100,596,0,0,100,0,0,100,588,0,3882,696,366,1,2600,20,50
"agent ForwardAgent #139",ForwardAgent,1.852,0,0.569,100,0,48,0,48,438,100,474,0,0,100,0,0,100,481,0,3303,459,308,2,1852,20,50
"agent ForwardAgent #140",ForwardAgent,1.221,0,0.569,100,0,28,0,28,296,100,308,0,0,100,0,0,100,300,0,1859,317,296,3,1221,20,50
"agent ForwardAgent #141",ForwardAgent,0.251,0,0.569,100,0,2,0,2,82,100,52,0,0,100,0,0,100,60,0,1989,57,230,0,251,20,50
"agent ForwardAgent #142",ForwardAgent,1.952,0,0.569,100,0,44,0,44,488,100,504,0,0,100,0,0,100,496,0,3435,464,286,1,1952,20,50
"agent ForwardAgent #143",ForwardAgent,0.67,0,0.569,100,0,24,0,24,190,100,131,0,0,100,0,0,100,138,0,2018,211,264,2,670,20,50
"agent ForwardAgent #144",ForwardAgent,0.057,0,0.569,100,0,0,0,0,6,100,16,0,0,100,0,0,100,8,0,404,27,58,3,57,20,50
"agent ForwardAgent #145",ForwardAgent,0.303,0,0.569,100,0,7,0,7,94,100,66,0,0,100,0,0,100,74,0,1796,69,254,0,303,20,50
"agent ForwardAgent #146",ForwardAgent,0.458,0,0.569,100,0,9,0,9,143,100,102,0,0,100,0,0,100,94,0,1768,119,274,1,458,20,50
"agent ForwardAgent #147",ForwardAgent,0.07,0,0.569,100,0,2,0,2,10,100,11,0,0,100,0,0,100,18,0,856,31,54,2,70,20,50
"agent ForwardAgent #148",ForwardAgent,0.185,0,0.569,100,0,2,0,2,46,100,40,0,0,100,0,0,100,32,0,927,67,122,3,185,20,50
"agent ForwardAgent #149",ForwardAgent,0.407,0,0.569,100,0,6,0,6,126,100,86,0,0,100,0,0,100,94,0,2348,101,240,0,407,20,50
"agent ForwardAgent #150",ForwardAgent,1.346,0,0.569,100,0,23,0,23,397,100,292,0,0,100,0,0,100,284,0,1939,373,274,1,1346,20,50
"agent ForwardAgent #151",ForwardAgent,1.032,0,0.569,100,0,30,0,30,312,100,190,0,0,100,0,0,100,197,0,1223,333,244,2,1032,20,50
"agent ForwardAgent #152",ForwardAgent,0.493,0,0.569,100,0,11,0,11,126,100,114,0,0,100,0,0,100,106,0,1713,147,218,3,493,20,50
"agent ForwardAgent #153",ForwardAgent,0.387,0,0.569,100,0,7,0,7,116,100,86,0,0,100,0,0,100,94,0,2097,91,298,0,387,20,50
"agent ForwardAgent #154",ForwardAgent,0.444,0,0.569,100,0,14,0,14,128,100,110,0,0,100,0,0,100,102,0,1594,104,298,1,444,20,50
"agent ForwardAgent #155",ForwardAgent,0.038,0,0.569,100,0,1,0,1,2,100,3,0,0,100,0,0,100,10,0,726,23,38,2,38,20,50
"agent ForwardAgent #156",ForwardAgent,0.369,0,0.569,100,0,20,0,20,100,100,78,0,0,100,0,0,100,70,0,1387,121,136,3,369,20,50
"agent ForwardAgent #157",ForwardAgent,1.295,0,0.569,100,0,30,0,30,376,100,280,0,0,100,0,0,100,288,0,2556,351,266,0,1295,20,50
"agent ForwardAgent #158",ForwardAgent,1.596,0,0.569,100,0,30,0,30,428,100,386,0,0,100,0,0,100,378,0,2872,404,314,1,1596,20,50
"agent ForwardAgent #159",ForwardAgent,0.87,0,0.569,100,0,45,0,45,238,100,183,0,0,100,0,0,100,190,0,1883,259,152,2,870,20,50
"agent ForwardAgent #160",ForwardAgent,0.937,0,0.569,100,0,53,0,53,272,100,190,0,0,100,0,0,100,182,0,1594,293,182,3,937,20,50
"agent ForwardAgent #161",ForwardAgent,2.323,0,0.569,100,0,92,0,92,644,100,526,0,0,100,0,0,100,534,0,3949,619,358,0,2323,20,50
"agent ForwardAgent #162",ForwardAgent,0.496,0,0.569,100,0,12,0,12,152,100,112,0,0,100,0,0,100,104,0,1095,128,274,1,496,20,50
"agent ForwardAgent #163",ForwardAgent,3.138,0,0.569,100,0,73,0,73,816,100,739,0,0,100,0,0,100,746,0,4025,837,352,2,3138,20,50
"agent ForwardAgent #164",ForwardAgent,0.665,0,0.569,100,0,18,0,18,198,100,128,0,0,100,0,0,100,120,0,1554,219,202,3,665,20,50
"agent ForwardAgent #165",ForwardAgent,0.411,0,0.569,100,0,9,0,9,132,100,82,0,0,100,0,0,100,90,0,1685,107,260,0,411,20,50
"agent ForwardAgent #166",ForwardAgent,1.474,0,0.569,100,0,43,0,43,393,100,360,0,0,100,0,0,100,352,0,2308,369,346,1,1474,20,50
"agent ForwardAgent #167",ForwardAgent,0.084,0,0.569,100,0,2,0,2,16,100,12,0,0,100,0,0,100,19,0,380,37,61,2,84,20,50
"agent ForwardAgent #168",ForwardAgent,0.289,0,0.569,100,0,16,0,16,76,100,62,0,0,100,0,0,100,54,0,1025,97,114,3,289,20,50
"agent ForwardAgent #169",ForwardAgent,1.215,0,0.569,100,0,27,0,27,322,100,294,0,0,100,0,0,100,302,0,2464,297,322,0,1215,20,50
"agent ForwardAgent #170",ForwardAgent,2.586,0,0.569,100,0,51,0,51,747,100,562,0,0,100,0,0,100,554,0,2645,723,308,1,2586,20,50
"agent ForwardAgent #171",ForwardAgent,0.646,0,0.569,100,0,9,0,9,172,100,137,0,0,100,0,0,100,144,0,1516,193,276,2,646,20,50
"agent ForwardAgent #172",ForwardAgent,0.169,0,0.569,100,0,2,0,2,36,100,42,0,0,100,0,0,100,34,0,446,57,76,3,169,20,50
"agent ForwardAgent #173",ForwardAgent,4.235,0,0.569,100,0,88,0,88,1144,100,982,0,0,100,0,0,100,990,0,5528,1119,350,0,4235,20,50
"agent ForwardAgent #174",ForwardAgent,1.278,0,0.569,100,0,30,0,30,377,100,278,0,0,100,0,0,100,270,0,1430,353,346,1,1278,20,50
"agent ForwardAgent #175",ForwardAgent,0.318,0,0.569,100,0,7,0,7,84,100,61,0,0,100,0,0,100,68,0,1074,105,166,2,318,20,50
"agent ForwardAgent #176",ForwardAgent,0.285,0,0.569,100,0,14,0,14,70,100,66,0,0,100,0,0,100,58,0,1248,91,106,3,285,20,50
"agent ForwardAgent #177",ForwardAgent,0.535,0,0.569,100,0,9,0,9,150,100,126,0,0,100,0,0,100,134,0,1740,125,238,0,535,20,50
"agent ForwardAgent #178",ForwardAgent,1.4,0,0.569,100,0,34,0,34,344,100,372,0,0,100,0,0,100,364,0,2834,320,266,1,1400,20,50
"agent ForwardAgent #179",ForwardAgent,0.568,0,0.569,100,0,30,0,30,152,100,118,0,0,100,0,0,100,125,0,932,173,144,2,568,20,50
"agent ForwardAgent #180",ForwardAgent,1.397,0,0.569,100,0,64,0,64,390,100,302,0,0,100,0,0,100,294,0,2044,411,262,3,1397,20,50
"agent ForwardAgent #181",ForwardAgent,2.055,0,0.569,100,0,41,0,41,580,100,456,0,0,100,0,0,100,464,0,2918,555,348,0,2055,20,50
"agent ForwardAgent #182",ForwardAgent,0.57,0,0.569,100,0,20,0,20,167,100,134,0,0,100,0,0,100,126,0,889,143,261,1,570,20,50
"agent ForwardAgent #183",ForwardAgent,0.038,0,0.569,100,0,1,0,1,2,100,3,0,0,100,0,0,100,10,0,552,23,38,2,38,20,50
"agent ForwardAgent #184",ForwardAgent,1.641,0,0.569,100,0,90,0,90,464,100,350,0,0,100,0,0,100,342,0,2196,485,320,3,1641,20,50
"agent ForwardAgent #185",ForwardAgent,1.227,0,0.569,100,0,51,0,51,360,100,262,0,0,100,0,0,100,270,0,2888,335,338,0,1227,20,50
"agent ForwardAgent #186",ForwardAgent,0.652,0,0.569,100,0,16,0,16,164,100,178,0,0,100,0,0,100,170,0,1635,140,236,1,652,20,50
"agent ForwardAgent #187",ForwardAgent,1.326,0,0.569,100,0,23,0,23,358,100,291,0,0,100,0,0,100,298,0,2200,379,306,2,1326,20,50
"agent ForwardAgent #188",ForwardAgent,0.437,0,0.569,100,0,8,0,8,114,100,98,0,0,100,0,0,100,90,0,1147,135,230,3,437,20,50
"agent ForwardAgent #189",ForwardAgent,3.047,0,0.569,100,0,75,0,75,798,100,734,0,0,100,0,0,100,742,0,4304,773,350,0,3047,20,50
"agent ForwardAgent #190",ForwardAgent,2.622,0,0.569,100,0,47,0,47,691,100,636,0,0,100,0,0,100,628,0,3127,667,266,1,2622,20,50
"agent ForwardAgent #191",ForwardAgent,1.02,0,0.569,100,0,39,0,39,286,100,210,0,0,100,0,0,100,217,0,1201,307,358,2,1020,20,50
"agent ForwardAgent #192",ForwardAgent,0.601,0,0.569,100,0,26,0,26,164,100,130,0,0,100,0,0,100,122,0,1171,185,160,3,601,20,50
"agent ForwardAgent #193",ForwardAgent,1.855,0,0.569,100,0,40,0,40,486,100,450,0,0,100,0,0,100,458,0,3172,461,298,0,1855,20,50
"agent ForwardAgent #194",ForwardAgent,0.69,0,0.569,100,0,14,0,14,189,100,172,0,0,100,0,0,100,164,0,1473,165,276,1,690,20,50
"agent ForwardAgent #195",ForwardAgent,0.532,0,0.569,100,0,18,0,18,154,100,98,0,0,100,0,0,100,105,0,617,175,219,2,532,20,50
"agent ForwardAgent #196",ForwardAgent,0.113,0,0.569,100,0,2,0,2,22,100,28,0,0,100,0,0,100,20,0,435,43,86,3,113,20,50
"agent ForwardAgent #197",ForwardAgent,2.147,0,0.569,100,0,43,0,43,600,100,482,0,0,100,0,0,100,490,0,2856,575,352,0,2147,20,50
"agent ForwardAgent #198",ForwardAgent,3.818,0,0.569,100,0,124,0,124,1051,100,874,0,0,100,0,0,100,866,0,3103,1027,366,1,3818,20,50
"agent ForwardAgent #199",ForwardAgent,0.422,0,0.569,100,0,24,0,24,110,100,87,0,0,100,0,0,100,94,0,949,131,144,2,422,20,50
"agent ForwardAgent #200",ForwardAgent,2.981,0,0.569,100,0,89,0,89,776,100,708,0,0,100,0,0,100,700,0,3677,797,342,3,2981,20,50
"agent RandomAgent #201",RandomAgent,120.765,0,0.569,100,0,2513,0,60848,30627,100,29764,0,0,100,0,0,100,29772,0,49428,30602,273,0,120765,20,50
"agent RandomAgent #202",RandomAgent,52.16,0,0.569,100,0,1515,0,26220,13153,100,12943,0,0,100,0,0,100,12935,0,32805,13129,366,1,52160,20,50
"agent RandomAgent #203",RandomAgent,0.514,0,0.569,100,0,10,0,263,102,100,141,0,0,100,0,0,100,148,0,1374,123,51,2,514,20,50
"agent RandomAgent #204",RandomAgent,52.339,0,0.569,100,0,1810,0,26387,14029,100,12134,0,0,100,0,0,100,12126,0,27662,14050,364,3,52339,20,50
"agent RandomAgent #205",RandomAgent,15.037,0,0.569,100,0,189,0,7420,4717,100,2810,0,0,100,0,0,100,2818,0,10315,4692,336,0,15037,20,50
"agent RandomAgent #206",RandomAgent,36.01,0,0.569,100,0,827,0,18074,9195,100,8826,0,0,100,0,0,100,8818,0,25555,9171,273,1,36010,20,50
"agent RandomAgent #207",RandomAgent,0.84,0,0.569,100,0,18,0,423,275,100,131,0,0,100,0,0,100,138,0,1360,296,46,2,840,20,50
"agent RandomAgent #208",RandomAgent,6.995,0,0.569,100,0,332,0,3523,1950,100,1541,0,0,100,0,0,100,1533,0,5548,1971,176,3,6995,20,50
"agent RandomAgent #209",RandomAgent,43.955,0,0.569,100,0,962,0,22210,10988,100,10998,0,0,100,0,0,100,11006,0,30252,10963,332,0,43955,20,50
"agent RandomAgent #210",RandomAgent,76.164,0,0.569,100,0,1864,0,38245,20098,100,18000,0,0,100,0,0,100,17992,0,35642,20074,361,1,76164,20,50
"agent RandomAgent #211",RandomAgent,2.01,0,0.569,100,0,8,0,977,699,100,292,0,0,100,0,0,100,299,0,2781,720,69,2,2010,20,50
"agent RandomAgent #212",RandomAgent,23.735,0,0.569,100,0,487,0,11830,6900,100,4961,0,0,100,0,0,100,4953,0,12326,6921,271,3,23735,20,50
"agent RandomAgent #213",RandomAgent,20.787,0,0.569,100,0,406,0,10254,5305,100,5097,0,0,100,0,0,100,5105,0,17246,5280,350,0,20787,20,50
"agent RandomAgent #214",RandomAgent,13.538,0,0.569,100,0,207,0,6826,3717,100,3068,0,0,100,0,0,100,3060,0,12112,3693,275,1,13538,20,50
"agent RandomAgent #215",RandomAgent,97.474,0,0.569,100,0,2490,0,48815,25651,100,23072,0,0,100,0,0,100,23079,0,33063,25672,366,2,97474,20,50
"agent RandomAgent #216",RandomAgent,19.345,0,0.569,100,0,380,0,9710,4909,100,4757,0,0,100,0,0,100,4749,0,13273,4930,339,3,19345,20,50
"agent RandomAgent #217",RandomAgent,121.587,0,0.569,100,0,2735,0,61344,30075,100,30727,0,0,100,0,0,100,30735,0,48622,30050,344,0,121587,20,50
"agent RandomAgent #218",RandomAgent,19.126,0,0.569,100,0,548,0,9699,4629,100,4950,0,0,100,0,0,100,4942,0,12958,4605,325,1,19126,20,50
"agent RandomAgent #219",RandomAgent,1.278,0,0.569,100,0,7,0,626,402,100,223,0,0,100,0,0,100,230,0,1762,423,75,2,1278,20,50
"agent RandomAgent #220",RandomAgent,9.661,0,0.569,100,0,562,0,4784,2663,100,2161,0,0,100,0,0,100,2153,0,5638,2684,149,3,9661,20,50
"agent RandomAgent #221",RandomAgent,36.377,0,0.569,100,0,880,0,18437,8434,100,9763,0,0,100,0,0,100,9771,0,27357,8409,337,0,36377,20,50
"agent RandomAgent #222",RandomAgent,119.038,0,0.569,100,0,1993,0,59589,29142,100,30393,0,0,100,0,0,100,30385,0,35367,29118,305,1,119038,20,50
"agent RandomAgent #223",RandomAgent,57.538,0,0.569,100,0,1290,0,28741,14791,100,13964,0,0,100,0,0,100,13971,0,23791,14812,354,2,57538,20,50
"agent RandomAgent #224",RandomAgent,12.141,0,0.569,100,0,269,0,5945,3526,100,2538,0,0,100,0,0,100,2530,0,6877,3547,224,3,12141,20,50
"agent RandomAgent #225",RandomAgent,39.025,0,0.569,100,0,1332,0,19474,9887,100,9634,0,0,100,0,0,100,9642,0,20398,9862,345,0,39025,20,50
"agent RandomAgent #226",RandomAgent,31.318,0,0.569,100,0,760,0,15619,9109,100,6566,0,0,100,0,0,100,6558,0,14825,9085,345,1,31318,20,50
"agent RandomAgent #227",RandomAgent,2.154,0,0.569,100,0,62,0,1135,704,100,359,0,0,100,0,0,100,366,0,2386,725,61,2,2154,20,50
"agent RandomAgent #228",RandomAgent,1.373,0,0.569,100,0,42,0,661,370,100,310,0,0,100,0,0,100,302,0,2145,391,74,3,1373,20,50
"agent RandomAgent #229",RandomAgent,46.757,0,0.569,100,0,974,0,23520,11304,100,12083,0,0,100,0,0,100,12091,0,25265,11279,320,0,46757,20,50
"agent RandomAgent #230",RandomAgent,39.64,0,0.569,100,0,822,0,19802,10221,100,9615,0,0,100,0,0,100,9607,0,18218,10197,339,1,39640,20,50
"agent RandomAgent #231",RandomAgent,4.952,0,0.569,100,0,232,0,2446,1572,100,890,0,0,100,0,0,100,897,0,2322,1593,144,2,4952,20,50
"agent RandomAgent #232",RandomAgent,85.591,0,0.569,100,0,2064,0,42975,24474,100,18315,0,0,100,0,0,100,18307,0,27008,24495,364,3,85591,20,50
"agent RandomAgent #233",RandomAgent,53.085,0,0.569,100,0,1048,0,26575,13199,100,13352,0,0,100,0,0,100,13360,0,25153,13174,289,0,53085,20,50
"agent RandomAgent #234",RandomAgent,62.368,0,0.569,100,0,1286,0,31411,16959,100,14241,0,0,100,0,0,100,14233,0,21001,16935,300,1,62368,20,50
"agent RandomAgent #235",RandomAgent,0.424,0,0.569,100,0,1,0,216,129,100,69,0,0,100,0,0,100,76,0,860,150,43,2,424,20,50
"agent RandomAgent #236",RandomAgent,150.059,0,0.569,100,0,3523,0,75456,39009,100,36014,0,0,100,0,0,100,36006,0,27868,39030,366,3,150059,20,50
"agent RandomAgent #237",RandomAgent,21.137,0,0.569,100,0,725,0,10574,5971,100,4606,0,0,100,0,0,100,4614,0,13737,5946,341,0,21137,20,50
"agent RandomAgent #238",RandomAgent,19.556,0,0.569,100,0,455,0,9817,4737,100,5057,0,0,100,0,0,100,5049,0,11075,4713,286,1,19556,20,50
"agent RandomAgent #239",RandomAgent,11.816,0,0.569,100,0,186,0,5857,3525,100,2369,0,0,100,0,0,100,2376,0,4917,3546,252,2,11816,20,50
"agent RandomAgent #240",RandomAgent,28.237,0,0.569,100,0,1373,0,14056,8060,100,6052,0,0,100,0,0,100,6044,0,10828,8081,160,3,28237,20,50
"agent RandomAgent #241",RandomAgent,68.255,0,0.569,100,0,1398,0,34123,18441,100,15695,0,0,100,0,0,100,15703,0,25849,18416,351,0,68255,20,50
"agent RandomAgent #242",RandomAgent,40.784,0,0.569,100,0,932,0,20385,10819,100,9589,0,0,100,0,0,100,9581,0,14415,10795,330,1,40784,20,50
"agent RandomAgent #243",RandomAgent,171.874,0,0.569,100,0,4073,0,86040,44295,100,41628,0,0,100,0,0,100,41635,0,22093,44316,342,2,171874,20,50
"agent RandomAgent #244",RandomAgent,21.737,0,0.569,100,0,663,0,10766,6313,100,4549,0,0,100,0,0,100,4541,0,9008,6334,266,3,21737,20,50
"agent RandomAgent #245",RandomAgent,16.441,0,0.569,100,0,283,0,8199,4566,100,3663,0,0,100,0,0,100,3671,0,9681,4541,295,0,16441,20,50
"agent RandomAgent #246",RandomAgent,214.462,0,0.569,100,0,5584,0,107468,55225,100,52022,0,0,100,0,0,100,52014,0,17708,55201,344,1,214462,20,50
"agent RandomAgent #247",RandomAgent,0.61,0,0.569,100,0,3,0,308,199,100,92,0,0,100,0,0,100,99,0,699,220,63,2,610,20,50
"agent RandomAgent #248",RandomAgent,2.541,0,0.569,100,0,29,0,1232,765,100,499,0,0,100,0,0,100,491,0,1344,786,113,3,2541,20,50
"agent RandomAgent #249",RandomAgent,39.567,0,0.569,100,0,1736,0,19658,11495,100,8297,0,0,100,0,0,100,8305,0,13336,11470,341,0,39567,20,50
"agent RandomAgent #250",RandomAgent,35.044,0,0.569,100,0,696,0,17498,8668,100,8870,0,0,100,0,0,100,8862,0,13224,8644,272,1,35044,20,50
"agent RandomAgent #251",RandomAgent,6.456,0,0.569,100,0,130,0,3203,1899,100,1315,0,0,100,0,0,100,1322,0,2749,1920,152,2,6456,20,50
"agent RandomAgent #252",RandomAgent,76.153,0,0.569,100,0,1672,0,37942,20903,100,17167,0,0,100,0,0,100,17159,0,14419,20924,360,3,76153,20,50
"agent RandomAgent #253",RandomAgent,117.761,0,0.569,100,0,2089,0,58703,30577,100,28312,0,0,100,0,0,100,28320,0,20326,30552,324,0,117761,20,50
"agent RandomAgent #254",RandomAgent,34.688,0,0.569,100,0,884,0,17407,8692,100,8668,0,0,100,0,0,100,8660,0,11180,8668,343,1,34688,20,50
"agent RandomAgent #255",RandomAgent,11.89,0,0.569,100,0,541,0,5994,3276,100,2655,0,0,100,0,0,100,2662,0,4206,3297,146,2,11890,20,50
"agent RandomAgent #256",RandomAgent,14.553,0,0.569,100,0,663,0,7233,4192,100,3078,0,0,100,0,0,100,3070,0,5333,4213,155,3,14553,20,50
"agent RandomAgent #257",RandomAgent,19.463,0,0.569,100,0,605,0,9783,5042,100,4698,0,0,100,0,0,100,4706,0,9606,5017,255,0,19463,20,50
"agent RandomAgent #258",RandomAgent,51.102,0,0.569,100,0,1098,0,25838,12198,100,13369,0,0,100,0,0,100,13361,0,12296,12174,294,1,51102,20,50
"agent RandomAgent #259",RandomAgent,20.082,0,0.569,100,0,685,0,10061,5598,100,4429,0,0,100,0,0,100,4436,0,5076,5619,249,2,20082,20,50
"agent RandomAgent #260",RandomAgent,18.167,0,0.569,100,0,775,0,9134,5320,100,3757,0,0,100,0,0,100,3749,0,4945,5341,190,3,18167,20,50
"agent RandomAgent #261",RandomAgent,25.487,0,0.569,100,0,611,0,12821,6307,100,6445,0,0,100,0,0,100,6453,0,9514,6282,263,0,25487,20,50
"agent RandomAgent #262",RandomAgent,33.332,0,0.569,100,0,1109,0,16683,9538,100,7144,0,0,100,0,0,100,7136,0,7349,9514,345,1,33332,20,50
"agent RandomAgent #263",RandomAgent,7.95,0,0.569,100,0,180,0,3940,2411,100,1550,0,0,100,0,0,100,1557,0,2136,2432,144,2,7950,20,50
"agent RandomAgent #264",RandomAgent,23.095,0,0.569,100,0,1290,0,11710,6481,100,5060,0,0,100,0,0,100,5052,0,5033,6502,167,3,23095,20,50
"agent RandomAgent #265",RandomAgent,108.391,0,0.569,100,0,3705,0,54451,30160,100,24044,0,0,100,0,0,100,24052,0,17285,30135,366,0,108391,20,50
"agent RandomAgent #266",RandomAgent,27.698,0,0.569,100,0,1287,0,13840,7397,100,6468,0,0,100,0,0,100,6460,0,6133,7373,347,1,27698,20,50
"agent RandomAgent #267",RandomAgent,2.868,0,0.569,100,0,46,0,1446,922,100,498,0,0,100,0,0,100,505,0,773,943,112,2,2868,20,50
"agent RandomAgent #268",RandomAgent,23.695,0,0.569,100,0,653,0,11916,7114,100,4727,0,0,100,0,0,100,4719,0,3914,7135,266,3,23695,20,50
"agent RandomAgent #269",RandomAgent,93.605,0,0.569,100,0,1908,0,46914,23346,100,23465,0,0,100,0,0,100,23473,0,15085,23321,307,0,93605,20,50
"agent RandomAgent #270",RandomAgent,99.672,0,0.569,100,0,1865,0,49900,25919,100,23933,0,0,100,0,0,100,23925,0,10321,25895,343,1,99672,20,50
"agent RandomAgent #271",RandomAgent,0.474,0,0.569,100,0,10,0,255,150,100,73,0,0,100,0,0,100,80,0,413,171,48,2,474,20,50
"agent RandomAgent #272",RandomAgent,3.395,0,0.569,100,0,177,0,1664,1118,100,573,0,0,100,0,0,100,565,0,795,1139,125,3,3395,20,50
"agent RandomAgent #273",RandomAgent,93.063,0,0.569,100,0,2007,0,46520,25322,100,21218,0,0,100,0,0,100,21226,0,11852,25297,306,0,93063,20,50
"agent RandomAgent #274",RandomAgent,23.036,0,0.569,100,0,412,0,11572,5735,100,5799,0,0,100,0,0,100,5791,0,4340,5711,287,1,23036,20,50
"agent RandomAgent #275",RandomAgent,8.404,0,0.569,100,0,209,0,4162,2636,100,1552,0,0,100,0,0,100,1559,0,1769,2657,155,2,8404,20,50
"agent RandomAgent #276",RandomAgent,111.505,0,0.569,100,0,2981,0,56127,28756,100,26990,0,0,100,0,0,100,26982,0,9489,28777,352,3,111505,20,50
"agent RandomAgent #277",RandomAgent,62.933,0,0.569,100,0,1520,0,31605,15656,100,15819,0,0,100,0,0,100,15827,0,7546,15631,340,0,62933,20,50
"agent RandomAgent #278",RandomAgent,7.772,0,0.569,100,0,173,0,3883,2128,100,1774,0,0,100,0,0,100,1766,0,1381,2104,265,1,7772,20,50
"agent RandomAgent #279",RandomAgent,1.438,0,0.569,100,0,20,0,686,368,100,337,0,0,100,0,0,100,344,0,695,389,87,2,1438,20,50
"agent RandomAgent #280",RandomAgent,29.337,0,0.569,100,0,836,0,14852,8088,100,6574,0,0,100,0,0,100,6566,0,3831,8109,311,3,29337,20,50
"agent RandomAgent #281",RandomAgent,16.939,0,0.569,100,0,317,0,8504,4738,100,3740,0,0,100,0,0,100,3748,0,1690,4713,311,0,16939,20,50
"agent RandomAgent #282",RandomAgent,48.924,0,0.569,100,0,1036,0,24610,12514,100,11964,0,0,100,0,0,100,11956,0,5772,12490,282,1,48924,20,50
"agent RandomAgent #283",RandomAgent,1.41,0,0.569,100,0,12,0,722,487,100,204,0,0,100,0,0,100,211,0,349,508,56,2,1410,20,50
"agent RandomAgent #284",RandomAgent,6.619,0,0.569,100,0,113,0,3286,2079,100,1224,0,0,100,0,0,100,1216,0,601,2100,148,3,6619,20,50
"agent RandomAgent #285",RandomAgent,103.771,0,0.569,100,0,2429,0,51761,27824,100,24070,0,0,100,0,0,100,24078,0,6327,27799,348,0,103771,20,50
"agent RandomAgent #286",RandomAgent,19.322,0,0.569,100,0,721,0,9695,5434,100,4243,0,0,100,0,0,100,4235,0,1849,5410,348,1,19322,20,50
"agent RandomAgent #287",RandomAgent,27.668,0,0.569,100,0,1219,0,14039,7968,100,5852,0,0,100,0,0,100,5859,0,2306,7989,230,2,27668,20,50
"agent RandomAgent #288",RandomAgent,18.669,0,0.569,100,0,1314,0,9471,5373,100,3955,0,0,100,0,0,100,3947,0,1221,5394,132,3,18669,20,50
"agent RandomAgent #289",RandomAgent,41.977,0,0.569,100,0,828,0,20862,11638,100,9359,0,0,100,0,0,100,9367,0,3190,11613,294,0,41977,20,50
"agent RandomAgent #290",RandomAgent,34.826,0,0.569,100,0,860,0,17376,8984,100,8445,0,0,100,0,0,100,8437,0,2745,8960,366,1,34826,20,50
"agent RandomAgent #291",RandomAgent,1.172,0,0.569,100,0,37,0,576,389,100,183,0,0,100,0,0,100,190,0,167,410,46,2,1172,20,50
"agent RandomAgent #292",RandomAgent,22.965,0,0.569,100,0,1220,0,11458,6435,100,5041,0,0,100,0,0,100,5033,0,883,6456,174,3,22965,20,50
"agent RandomAgent #293",RandomAgent,106.813,0,0.569,100,0,3050,0,53559,28835,100,24580,0,0,100,0,0,100,24588,0,3350,28810,332,0,106813,20,50
"agent RandomAgent #294",RandomAgent,12.016,0,0.569,100,0,221,0,5911,3646,100,2378,0,0,100,0,0,100,2370,0,330,3622,230,1,12016,20,50
"agent RandomAgent #295",RandomAgent,28.684,0,0.569,100,0,769,0,14302,8051,100,6277,0,0,100,0,0,100,6284,0,163,8072,295,2,28684,20,50
"agent RandomAgent #296",RandomAgent,10.565,0,0.569,100,0,410,0,5198,2873,100,2403,0,0,100,0,0,100,2395,0,567,2894,216,3,10565,20,50
"agent RandomAgent #297",RandomAgent,124.455,0,0.569,100,0,2728,0,62366,32645,100,29591,0,0,100,0,0,100,29599,0,719,32620,299,0,124455,20,50
"agent RandomAgent #298",RandomAgent,61.344,0,0.569,100,0,1357,0,30763,14826,100,15862,0,0,100,0,0,100,15854,0,40,14802,334,1,61344,20,50
"agent RandomAgent #299",RandomAgent,0.532,0,0.569,100,0,15,0,282,176,100,76,0,0,100,0,0,100,83,0,0,197,42,2,532,20,50
"agent RandomAgent #300",RandomAgent,49.489,0,0.569,100,0,1556,0,24762,14415,100,10323,0,0,100,0,0,100,10315,0,0,14436,289,3,49489,20,50
"agent NegotiatingAgent #301",NegotiatingAgent,0.443,5466,0.569,100,142,15,0,15,136,100,94,297,386,100,0,0,100,102,0,842,111,326,0,443,20,50
"agent NegotiatingAgent #302",NegotiatingAgent,0.358,4282,0.569,100,93,11,0,11,113,100,82,189,256,100,1,0,100,74,0,521,89,263,1,358,20,50
"agent NegotiatingAgent #303",NegotiatingAgent,0.038,16,0.569,100,18,1,0,1,2,100,3,32,42,100,0,0,100,10,0,190,23,38,2,38,20,50
"agent NegotiatingAgent #304",NegotiatingAgent,0.597,6380,0.569,100,116,15,0,15,154,100,138,237,414,100,0,0,100,130,0,898,175,328,3,597,20,50
"agent NegotiatingAgent #305",NegotiatingAgent,0.307,6484,0.569,100,147,6,0,6,96,100,66,381,370,100,16,1,100,74,0,861,71,258,0,307,20,50
"agent NegotiatingAgent #306",NegotiatingAgent,0.328,3268,0.569,100,85,6,0,6,98,100,82,170,273,100,3,0,100,74,0,651,74,248,1,328,20,50
"agent NegotiatingAgent #307",NegotiatingAgent,0.036,28,0.569,100,37,0,0,0,2,100,2,68,57,100,0,0,100,9,0,117,23,37,2,36,20,50
"agent NegotiatingAgent #308",NegotiatingAgent,0.585,6725,0.569,100,114,14,0,14,150,100,136,261,427,100,6,3,100,128,0,871,171,322,3,585,20,50
"agent NegotiatingAgent #309",NegotiatingAgent,0.279,4989,0.569,100,117,5,0,5,94,100,54,272,274,100,7,3,100,62,0,632,69,244,0,279,20,50
"agent NegotiatingAgent #310",NegotiatingAgent,0.364,5555,0.569,100,109,8,0,8,110,100,88,282,313,100,15,4,100,80,0,822,86,266,1,364,20,50
"agent NegotiatingAgent #311",NegotiatingAgent,0.038,23,0.569,100,24,1,0,1,2,100,3,56,42,100,0,3,100,10,0,294,23,38,2,38,20,50
"agent NegotiatingAgent #312",NegotiatingAgent,0.553,9954,0.569,100,164,10,0,10,142,100,128,394,449,100,11,2,100,120,0,1027,163,306,3,553,20,50
"agent NegotiatingAgent #313",NegotiatingAgent,0.355,3797,0.569,100,78,8,0,8,110,100,76,281,308,100,31,12,100,84,0,513,85,282,0,355,20,50
"agent NegotiatingAgent #314",NegotiatingAgent,0.25,6259,0.569,100,98,4,0,4,81,100,60,232,215,100,3,3,100,52,0,430,57,209,1,250,20,50
"agent NegotiatingAgent #315",NegotiatingAgent,0.536,6380,0.569,100,110,7,0,7,138,100,116,271,400,100,15,2,100,123,0,725,159,287,2,536,20,50
"agent NegotiatingAgent #316",NegotiatingAgent,0.473,5431,0.569,100,111,6,0,6,118,100,112,246,353,100,7,0,100,104,0,780,139,266,3,473,20,50
"agent NegotiatingAgent #317",NegotiatingAgent,0.391,7231,0.569,100,137,8,0,9,124,100,80,384,393,100,21,3,100,88,0,941,99,300,0,391,20,50
"agent NegotiatingAgent #318",NegotiatingAgent,0.348,4817,0.569,100,104,6,0,6,102,100,88,328,353,100,25,9,100,80,0,806,78,258,1,348,20,50
"agent NegotiatingAgent #319",NegotiatingAgent,0.574,5480,0.569,100,102,9,0,9,148,100,125,331,427,100,34,4,100,132,0,967,169,306,2,574,20,50
"agent NegotiatingAgent #320",NegotiatingAgent,0.489,5518,0.569,100,105,9,0,10,126,100,112,316,380,100,23,3,100,104,0,799,147,274,3,489,20,50
"agent NegotiatingAgent #321",NegotiatingAgent,0.269,4862,0.569,100,112,3,0,4,90,100,53,323,304,100,16,5,100,61,0,842,65,239,0,269,20,50
"agent NegotiatingAgent #322",NegotiatingAgent,0.242,1909,0.569,100,36,5,0,5,87,100,50,104,140,100,8,3,100,42,0,310,63,205,1,242,20,50
"agent NegotiatingAgent #323",NegotiatingAgent,0.038,8,0.569,100,12,1,0,1,2,100,3,46,45,100,0,2,100,10,0,172,23,38,2,38,20,50
"agent NegotiatingAgent #324",NegotiatingAgent,0.217,2120,0.569,100,51,9,0,9,52,100,50,188,189,100,18,2,100,42,0,427,73,138,3,217,20,50
"agent NegotiatingAgent #325",NegotiatingAgent,0.315,4476,0.569,100,87,5,0,6,100,100,66,271,326,100,20,10,100,74,0,810,75,262,0,315,20,50
"agent NegotiatingAgent #326",NegotiatingAgent,0.374,4757,0.569,100,67,9,0,10,117,100,86,202,268,100,9,17,100,78,0,490,93,271,1,374,20,50
"agent NegotiatingAgent #327",NegotiatingAgent,0.086,266,0.569,100,35,3,0,3,16,100,13,87,72,100,0,6,100,20,0,423,37,62,2,86,20,50
"agent NegotiatingAgent #328",NegotiatingAgent,0.225,3781,0.569,100,85,8,0,8,58,100,48,219,227,100,8,5,100,40,0,580,79,142,3,225,20,50
"agent NegotiatingAgent #329",NegotiatingAgent,0.355,6091,0.569,100,106,7,0,8,112,100,74,317,363,100,18,8,100,82,0,903,87,282,0,355,20,50
"agent NegotiatingAgent #330",NegotiatingAgent,0.238,3120,0.569,100,50,5,0,5,85,100,50,132,146,100,7,4,100,42,0,314,61,203,1,238,20,50
"agent NegotiatingAgent #331",NegotiatingAgent,0.086,238,0.569,100,27,3,0,3,16,100,13,84,73,100,0,11,100,20,0,416,37,62,2,86,20,50
"agent NegotiatingAgent #332",NegotiatingAgent,0.241,1500,0.569,100,52,10,0,10,60,100,54,310,277,100,61,4,100,46,0,469,81,150,3,241,20,50
"agent NegotiatingAgent #333",NegotiatingAgent,0.255,1593,0.569,100,47,3,0,3,84,100,52,192,204,100,23,16,100,60,0,742,59,232,0,255,20,50
"agent NegotiatingAgent #334",NegotiatingAgent,0.306,4561,0.569,100,65,7,0,7,101,100,68,187,215,100,13,4,100,60,0,397,77,237,1,306,20,50
"agent NegotiatingAgent #335",NegotiatingAgent,0.47,3185,0.569,100,65,6,0,7,125,100,96,309,343,100,44,13,100,103,0,508,146,254,2,470,20,50
"agent NegotiatingAgent #336",NegotiatingAgent,0.061,6,0.569,100,13,1,0,1,6,100,18,38,42,100,2,1,100,10,0,159,27,60,3,61,20,50
"agent NegotiatingAgent #337",NegotiatingAgent,0.363,7673,0.569,100,123,6,0,7,114,100,76,432,409,100,44,12,100,84,0,1142,89,286,0,363,20,50
"agent NegotiatingAgent #338",NegotiatingAgent,0.38,4279,0.569,100,93,6,0,7,110,100,96,445,421,100,64,16,100,88,0,677,86,274,1,380,20,50
"agent NegotiatingAgent #339",NegotiatingAgent,0.086,280,0.569,100,14,3,0,3,16,100,13,72,66,100,4,14,100,20,0,358,37,62,2,86,20,50
"agent NegotiatingAgent #340",NegotiatingAgent,0.437,5961,0.569,100,85,6,0,8,117,100,95,317,316,100,42,5,100,87,0,446,138,248,3,437,20,50
"agent NegotiatingAgent #341",NegotiatingAgent,0.263,2864,0.569,100,84,3,0,3,86,100,54,293,266,100,16,16,100,62,0,673,61,236,0,263,20,50
"agent NegotiatingAgent #342",NegotiatingAgent,0.268,4218,0.569,100,70,3,0,3,80,100,70,361,340,100,58,4,100,62,0,655,56,218,1,268,20,50
"agent NegotiatingAgent #343",NegotiatingAgent,0.084,246,0.569,100,24,2,0,2,16,100,12,84,72,100,2,10,100,19,0,196,37,61,2,84,20,50
"agent NegotiatingAgent #344",NegotiatingAgent,0.153,2700,0.569,100,39,5,0,5,36,100,34,144,144,100,7,14,100,26,0,505,57,106,3,153,20,50
"agent NegotiatingAgent #345",NegotiatingAgent,0.407,4354,0.569,100,71,12,0,12,128,100,84,280,320,100,23,13,100,92,0,1025,103,308,0,407,20,50
"agent NegotiatingAgent #346",NegotiatingAgent,0.316,4647,0.569,100,80,5,0,5,98,100,76,383,356,100,56,5,100,68,0,812,74,242,1,316,20,50
"agent NegotiatingAgent #347",NegotiatingAgent,0.364,2072,0.569,100,43,2,0,3,96,100,72,225,254,100,41,11,100,79,0,279,117,201,2,364,20,50
"agent NegotiatingAgent #348",NegotiatingAgent,0.443,5447,0.569,100,64,7,0,8,119,100,96,265,340,100,34,7,100,88,0,699,140,251,3,443,20,50
"agent NegotiatingAgent #349",NegotiatingAgent,0.359,2122,0.569,100,65,6,0,6,116,100,72,317,305,100,18,46,100,80,0,839,91,284,0,359,20,50
"agent NegotiatingAgent #350",NegotiatingAgent,0.256,1425,0.569,100,24,3,0,5,87,100,57,129,153,100,19,9,100,49,0,240,63,212,1,256,20,50
"agent NegotiatingAgent #351",NegotiatingAgent,0.036,2,0.569,100,13,0,0,0,2,100,2,48,38,100,0,5,100,9,0,119,23,37,2,36,20,50
"agent NegotiatingAgent #352",NegotiatingAgent,0.509,4613,0.569,100,72,8,0,8,126,100,122,449,487,100,82,7,100,114,0,892,147,284,3,509,20,50
"agent NegotiatingAgent #353",NegotiatingAgent,0.243,2460,0.569,100,65,2,0,2,80,100,50,282,250,100,26,11,100,58,0,856,55,226,0,243,20,50
"agent NegotiatingAgent #354",NegotiatingAgent,0.3,4226,0.569,100,85,4,0,4,92,100,74,337,345,100,40,7,100,66,0,731,68,234,1,300,20,50
"agent NegotiatingAgent #355",NegotiatingAgent,0.464,2756,0.569,100,42,6,0,8,117,100,101,296,366,100,51,10,100,108,0,682,138,251,2,464,20,50
"agent NegotiatingAgent #356",NegotiatingAgent,0.425,4333,0.569,100,59,4,0,6,115,100,91,306,317,100,46,12,100,83,0,540,136,242,3,425,20,50
"agent NegotiatingAgent #357",NegotiatingAgent,0.227,1746,0.569,100,45,2,0,2,76,100,46,260,236,100,32,14,100,54,0,762,51,218,0,227,20,50
"agent NegotiatingAgent #358",NegotiatingAgent,0.308,5146,0.569,100,83,5,0,5,94,100,76,328,324,100,40,11,100,68,0,670,70,238,1,308,20,50
"agent NegotiatingAgent #359",NegotiatingAgent,0.084,94,0.569,100,26,2,0,2,16,100,12,88,80,100,4,7,100,19,0,142,37,61,2,84,20,50
"agent NegotiatingAgent #360",NegotiatingAgent,0.183,1284,0.569,100,18,6,0,7,44,100,41,169,190,100,30,11,100,33,0,429,65,121,3,183,20,50
"agent NegotiatingAgent #361",NegotiatingAgent,0.263,1845,0.569,100,34,4,0,4,82,100,58,329,280,100,62,12,100,66,0,466,57,236,0,263,20,50
"agent NegotiatingAgent #362",NegotiatingAgent,0.202,856,0.569,100,13,2,0,2,71,100,46,95,103,100,17,9,100,38,0,99,47,185,1,202,20,50
"agent NegotiatingAgent #363",NegotiatingAgent,0.038,0,0.569,100,0,1,0,1,2,100,3,37,31,100,0,6,100,10,0,214,23,38,2,38,20,50
"agent NegotiatingAgent #364",NegotiatingAgent,0.205,2436,0.569,100,28,7,0,7,48,100,48,157,149,100,17,13,100,40,0,364,69,132,3,205,20,50
"agent NegotiatingAgent #365",NegotiatingAgent,0.307,3693,0.569,100,55,5,0,5,96,100,66,320,294,100,39,17,100,74,0,850,71,258,0,307,20,50
"agent NegotiatingAgent #366",NegotiatingAgent,0.268,546,0.569,100,6,3,0,5,89,100,61,134,167,100,36,4,100,53,0,236,65,218,1,268,20,50
"agent NegotiatingAgent #367",NegotiatingAgent,0.084,14,0.569,100,8,2,0,2,16,100,12,99,75,100,6,21,100,19,0,109,37,61,2,84,20,50
"agent NegotiatingAgent #368",NegotiatingAgent,0.081,9,0.569,100,15,1,0,1,14,100,20,59,63,100,0,10,100,12,0,240,35,70,3,81,20,50
"agent NegotiatingAgent #369",NegotiatingAgent,0.281,2213,0.569,100,35,3,0,4,90,100,59,320,294,100,50,25,100,67,0,703,65,245,0,281,20,50
"agent NegotiatingAgent #370",NegotiatingAgent,0.178,203,0.569,100,3,1,0,1,67,100,38,38,48,100,1,12,100,30,0,88,43,173,1,178,20,50
"agent NegotiatingAgent #371",NegotiatingAgent,0.428,4561,0.569,100,57,4,0,6,113,100,87,268,315,100,28,14,100,94,0,639,134,233,2,428,20,50
"agent NegotiatingAgent #372",NegotiatingAgent,0.081,0,0.569,100,2,1,0,1,14,100,20,23,42,100,0,9,100,12,0,257,35,70,3,81,20,50
"agent NegotiatingAgent #373",NegotiatingAgent,0.275,1039,0.569,100,18,2,0,3,88,100,58,201,231,100,36,20,100,66,0,718,63,242,0,275,20,50
"agent NegotiatingAgent #374",NegotiatingAgent,0.312,1542,0.569,100,50,5,0,5,94,100,78,347,327,100,53,25,100,70,0,567,70,240,1,312,20,50
"agent NegotiatingAgent #375",NegotiatingAgent,0.464,1050,0.569,100,13,6,0,8,119,100,99,299,358,100,75,18,100,106,0,552,140,251,2,464,20,50
"agent NegotiatingAgent #376",NegotiatingAgent,0.575,2963,0.569,100,35,8,0,9,152,100,129,328,417,100,65,10,100,121,0,683,173,317,3,575,20,50
"agent NegotiatingAgent #377",NegotiatingAgent,0.283,1470,0.569,100,18,4,0,4,90,100,60,283,280,100,51,23,100,68,0,553,65,246,0,283,20,50
"agent NegotiatingAgent #378",NegotiatingAgent,0.28,2334,0.569,100,40,4,0,4,86,100,70,211,224,100,26,17,100,62,0,583,62,224,1,280,20,50
"agent NegotiatingAgent #379",NegotiatingAgent,0.084,90,0.569,100,14,2,0,2,16,100,12,66,60,100,5,11,100,19,0,57,37,61,2,84,20,50
"agent NegotiatingAgent #380",NegotiatingAgent,0.109,2,0.569,100,2,3,0,3,20,100,28,48,52,100,13,5,100,20,0,93,41,84,3,109,20,50
"agent NegotiatingAgent #381",NegotiatingAgent,0.273,344,0.569,100,14,3,0,4,90,100,55,252,234,100,49,18,100,63,0,550,65,241,0,273,20,50
"agent NegotiatingAgent #382",NegotiatingAgent,0.354,1727,0.569,100,32,5,0,6,106,100,87,325,321,100,56,27,100,79,0,582,82,261,1,354,20,50
"agent NegotiatingAgent #383",NegotiatingAgent,0.086,7,0.569,100,8,3,0,3,16,100,13,92,63,100,0,24,100,20,0,123,37,62,2,86,20,50
"agent NegotiatingAgent #384",NegotiatingAgent,0.193,198,0.569,100,11,6,0,6,46,100,44,115,123,100,17,12,100,36,0,241,67,126,3,193,20,50
"agent NegotiatingAgent #385",NegotiatingAgent,0.301,1038,0.569,100,13,5,0,6,96,100,63,248,266,100,54,16,100,71,0,528,71,255,0,301,20,50
"agent NegotiatingAgent #386",NegotiatingAgent,0.328,674,0.569,100,16,5,0,5,96,100,84,456,396,100,110,8,100,76,0,507,72,248,1,328,20,50
"agent NegotiatingAgent #387",NegotiatingAgent,0.352,4122,0.569,100,57,3,0,4,95,100,67,251,264,100,22,26,100,74,0,492,116,195,2,352,20,50
"agent NegotiatingAgent #388",NegotiatingAgent,0.411,379,0.569,100,8,5,0,6,109,100,90,252,289,100,68,7,100,82,0,304,130,235,3,411,20,50
"agent NegotiatingAgent #389",NegotiatingAgent,0.353,1113,0.569,100,13,6,0,7,108,100,77,334,346,100,70,14,100,85,0,489,83,281,0,353,20,50
"agent NegotiatingAgent #390",NegotiatingAgent,0.32,196,0.569,100,6,4,0,4,94,100,82,323,307,100,85,23,100,74,0,436,70,244,1,320,20,50
"agent NegotiatingAgent #391",NegotiatingAgent,0.452,704,0.569,100,11,5,0,7,119,100,93,300,340,100,73,16,100,100,0,461,140,245,2,452,20,50
"agent NegotiatingAgent #392",NegotiatingAgent,0.153,386,0.569,100,7,5,0,5,36,100,34,135,149,100,31,9,100,26,0,203,57,106,3,153,20,50
"agent NegotiatingAgent #393",NegotiatingAgent,0.301,0,0.569,100,0,1,0,3,94,100,65,222,240,100,47,26,100,73,0,380,69,255,0,301,20,50
"agent NegotiatingAgent #394",NegotiatingAgent,0.294,0,0.569,100,0,4,0,5,90,100,73,339,316,100,96,7,100,65,0,316,66,231,1,294,20,50
"agent NegotiatingAgent #395",NegotiatingAgent,0.416,70,0.569,100,2,4,0,6,109,100,85,324,324,100,86,31,100,92,0,263,130,227,2,416,20,50
"agent NegotiatingAgent #396",NegotiatingAgent,0.543,178,0.569,100,2,8,0,9,146,100,119,457,485,100,135,10,100,111,0,448,167,301,3,543,20,50
"agent NegotiatingAgent #397",NegotiatingAgent,0.311,1071,0.569,100,12,6,0,6,96,100,68,342,288,100,71,18,100,76,0,284,71,260,0,311,20,50
"agent NegotiatingAgent #398",NegotiatingAgent,0.344,0,0.569,100,0,5,0,5,100,100,88,323,323,100,83,24,100,80,0,431,76,256,1,344,20,50
"agent NegotiatingAgent #399",NegotiatingAgent,0.084,0,0.569,100,0,2,0,2,16,100,12,36,24,100,2,12,100,19,0,18,37,61,2,84,20,50
"agent NegotiatingAgent #400",NegotiatingAgent,0.081,0,0.569,100,0,1,0,1,14,100,20,26,45,100,0,8,100,12,0,220,35,70,3,81,20,50
