agentName,agentType,averageSpeed,cumulatedUtilityReceived,freeWallRatio,numBacktrackAgents,numCFPAnswered,numDeadends,numDifferentEncounters,numDirectionChanges,numDownSteps,numForwardAgents,numLeftSteps,numMessagesReceived,numMessagesSent,numNegotiatingAgents,numProposalsAccepted,numProposalsRejected,numRandomAgents,numRightSteps,numSwarmAgents,numTotalEncounters,numUpSteps,numVisitedCells,startingPosition,stepsToExit,xsize,ysize
"agent NegotiatingAgent #1",NegotiatingAgent,0.22,2897,0.54125,0,76,14,0,13,144,0,126,235,213,100,26,1,0,144,0,255,114,451,0,528,40,60
"agent NegotiatingAgent #2",NegotiatingAgent,0.48041666666666666,7340,0.54125,0,104,14,0,15,298,0,302,306,310,100,32,4,0,284,0,270,269,691,1,1153,40,60
"agent NegotiatingAgent #3",NegotiatingAgent,0.6329166666666667,11983,0.54125,0,151,14,0,16,356,0,382,544,493,100,73,2,0,399,0,539,382,846,2,1519,40,60
"agent NegotiatingAgent #4",NegotiatingAgent,0.2633333333333333,3138,0.54125,0,60,13,0,13,136,0,176,208,190,100,19,6,0,158,0,290,162,429,3,632,40,60
"agent NegotiatingAgent #5",NegotiatingAgent,0.47,6422,0.54125,0,97,10,0,12,280,0,290,480,430,100,66,31,0,308,0,557,250,751,0,1128,40,60
"agent NegotiatingAgent #6",NegotiatingAgent,0.50625,3277,0.54125,0,42,11,0,12,303,0,328,372,331,100,90,10,0,310,0,160,274,722,1,1215,40,60
"agent NegotiatingAgent #7",NegotiatingAgent,0.28208333333333335,5273,0.54125,0,57,14,0,14,148,0,169,528,449,100,116,12,0,186,0,330,174,425,2,677,40,60
"agent NegotiatingAgent #8",NegotiatingAgent,0.3283333333333333,499,0.54125,0,5,8,0,8,196,0,194,239,198,100,72,17,0,176,0,12,222,507,3,788,40,60
"agent NegotiatingAgent #9",NegotiatingAgent,0.17416666666666666,0,0.54125,0,0,5,0,6,117,0,98,384,303,100,109,9,0,116,0,0,87,396,0,418,40,60
"agent NegotiatingAgent #10",NegotiatingAgent,0.11291666666666667,2260,0.54125,0,63,6,0,5,87,0,72,134,137,100,4,0,0,54,0,201,58,250,1,271,40,60
"agent NegotiatingAgent #11",NegotiatingAgent,0.47458333333333336,15610,0.54125,0,214,31,0,30,262,0,286,446,441,100,2,0,0,303,0,568,288,656,2,1139,40,60
"agent NegotiatingAgent #12",NegotiatingAgent,0.5766666666666667,6802,0.54125,0,101,35,0,34,332,0,356,246,224,100,7,7,0,338,0,329,358,805,3,1384,40,60
"agent NegotiatingAgent #13",NegotiatingAgent,0.19333333333333333,11273,0.54125,0,198,9,0,8,132,0,106,424,409,100,1,0,0,124,0,580,102,419,0,464,40,60
"agent NegotiatingAgent #14",NegotiatingAgent,0.78625,8116,0.54125,0,135,53,0,52,469,0,498,283,273,100,1,0,0,480,0,299,440,1058,1,1887,40,60
"agent NegotiatingAgent #15",NegotiatingAgent,0.37875,8799,0.54125,0,124,21,0,20,228,0,205,255,242,100,1,0,0,222,0,286,254,541,2,909,40,60
"agent NegotiatingAgent #16",NegotiatingAgent,0.36833333333333335,6461,0.54125,0,91,19,0,18,222,0,216,227,211,100,5,10,0,198,0,215,248,555,3,884,40,60
"agent NegotiatingAgent #17",NegotiatingAgent,0.19333333333333333,6904,0.54125,0,148,10,0,9,124,0,114,404,354,100,31,1,0,132,0,544,94,419,0,464,40,60
"agent NegotiatingAgent #18",NegotiatingAgent,0.11208333333333333,3777,0.54125,0,87,4,0,3,84,0,74,206,178,100,9,1,0,56,0,297,55,249,1,269,40,60
"agent NegotiatingAgent #19",NegotiatingAgent,0.7629166666666667,9960,0.54125,0,168,47,0,46,446,0,448,523,472,100,61,0,0,465,0,383,472,1002,2,1831,40,60
"agent NegotiatingAgent #20",NegotiatingAgent,0.6933333333333334,17507,0.54125,0,239,44,0,43,402,0,426,505,497,100,3,0,0,408,0,707,428,945,3,1664,40,60
"agent NegotiatingAgent #21",NegotiatingAgent,0.43333333333333335,13818,0.54125,0,200,15,0,16,270,0,256,494,454,100,19,7,0,274,0,783,240,707,0,1040,40,60
"agent NegotiatingAgent #22",NegotiatingAgent,0.26625,3811,0.54125,0,81,11,0,10,167,0,176,231,226,100,26,0,0,158,0,212,138,434,1,639,40,60
"agent NegotiatingAgent #23",NegotiatingAgent,0.38458333333333333,8618,0.54125,0,125,28,0,28,210,0,230,351,326,100,24,2,0,247,0,447,236,548,2,923,40,60
"agent NegotiatingAgent #24",NegotiatingAgent,0.13333333333333333,2660,0.54125,0,48,10,0,9,60,0,96,140,128,100,5,10,0,78,0,158,86,273,3,320,40,60
"agent NegotiatingAgent #25",NegotiatingAgent,0.17833333333333334,5982,0.54125,0,107,7,0,6,126,0,94,336,312,100,34,5,0,112,0,552,96,401,0,428,40,60
"agent NegotiatingAgent #26",NegotiatingAgent,0.12375,924,0.54125,0,35,8,0,7,92,0,80,84,63,100,0,6,0,62,0,225,63,263,1,297,40,60
"agent NegotiatingAgent #27",NegotiatingAgent,0.46041666666666664,15566,0.54125,0,210,28,0,28,266,0,265,542,506,100,32,1,0,282,0,676,292,639,2,1105,40,60
"agent NegotiatingAgent #28",NegotiatingAgent,0.31,10091,0.54125,0,136,23,0,22,172,0,196,343,336,100,16,3,0,178,0,386,198,485,3,744,40,60
"agent NegotiatingAgent #29",NegotiatingAgent,0.5975,10259,0.54125,0,157,30,0,30,364,0,359,497,475,100,44,6,0,377,0,776,334,904,0,1434,40,60
"agent NegotiatingAgent #30",NegotiatingAgent,0.62375,10840,0.54125,0,161,28,0,28,368,0,404,402,387,100,23,3,0,386,0,581,339,863,1,1497,40,60
"agent NegotiatingAgent #31",NegotiatingAgent,0.19375,3170,0.54125,0,53,17,0,16,100,0,111,147,136,100,18,1,0,128,0,145,126,319,2,465,40,60
"agent NegotiatingAgent #32",NegotiatingAgent,0.6016666666666667,19290,0.54125,0,252,22,0,22,354,0,364,614,574,100,17,7,0,346,0,842,380,835,3,1444,40,60
"agent NegotiatingAgent #33",NegotiatingAgent,0.18,3006,0.54125,0,85,8,0,7,124,0,98,408,348,100,48,18,0,116,0,508,94,403,0,432,40,60
"agent NegotiatingAgent #34",NegotiatingAgent,0.40625,6035,0.54125,0,81,11,0,11,253,0,258,275,263,100,43,4,0,240,0,244,224,602,1,975,40,60
"agent NegotiatingAgent #35",NegotiatingAgent,0.28791666666666665,9352,0.54125,0,136,17,0,16,146,0,178,477,418,100,52,2,0,195,0,407,172,432,2,691,40,60
"agent NegotiatingAgent #36",NegotiatingAgent,0.19,1445,0.54125,0,19,13,0,12,100,0,124,143,122,100,27,16,0,106,0,88,126,341,3,456,40,60
"agent NegotiatingAgent #37",NegotiatingAgent,0.4166666666666667,5803,0.54125,0,107,15,0,15,270,0,236,597,504,100,100,15,0,254,0,683,240,687,0,1000,40,60
"agent NegotiatingAgent #38",NegotiatingAgent,0.26208333333333333,2626,0.54125,0,61,14,0,13,168,0,170,260,216,100,41,3,0,152,0,222,139,429,1,629,40,60
"agent NegotiatingAgent #39",NegotiatingAgent,0.30375,14972,0.54125,0,180,21,0,22,154,0,189,537,478,100,41,8,0,206,0,650,180,451,2,729,40,60
"agent NegotiatingAgent #40",NegotiatingAgent,0.3075,5084,0.54125,0,83,20,0,20,174,0,191,291,261,100,42,4,0,173,0,233,200,482,3,738,40,60
"agent NegotiatingAgent #41",NegotiatingAgent,0.17833333333333334,9648,0.54125,0,148,7,0,6,124,0,96,408,338,100,2,28,0,114,0,628,94,401,0,428,40,60
"agent NegotiatingAgent #42",NegotiatingAgent,0.2579166666666667,3724,0.54125,0,72,10,0,10,169,0,164,347,309,100,65,8,0,146,0,284,140,424,1,619,40,60
"agent NegotiatingAgent #43",NegotiatingAgent,0.5704166666666667,21092,0.54125,0,229,15,0,16,330,0,333,777,688,100,85,6,0,350,0,884,356,771,2,1369,40,60
"agent NegotiatingAgent #44",NegotiatingAgent,0.6516666666666666,18188,0.54125,0,225,27,0,31,376,0,402,780,659,100,81,7,0,384,0,801,402,895,3,1564,40,60
"agent NegotiatingAgent #45",NegotiatingAgent,0.37083333333333335,14957,0.54125,0,190,10,0,12,234,0,217,592,551,100,60,7,0,235,0,857,204,632,0,890,40,60
"agent NegotiatingAgent #46",NegotiatingAgent,0.4454166666666667,5706,0.54125,0,80,15,0,15,274,0,284,295,275,100,34,10,0,266,0,418,245,649,1,1069,40,60
"agent NegotiatingAgent #47",NegotiatingAgent,0.6520833333333333,11102,0.54125,0,132,19,0,21,382,0,379,540,488,100,84,8,0,396,0,627,408,869,2,1565,40,60
"agent NegotiatingAgent #48",NegotiatingAgent,0.26166666666666666,12607,0.54125,0,156,14,0,13,138,0,172,601,527,100,72,4,0,154,0,649,164,427,3,628,40,60
"agent NegotiatingAgent #49",NegotiatingAgent,0.35333333333333333,7643,0.54125,0,121,8,0,9,224,0,206,452,386,100,40,41,0,224,0,628,194,611,0,848,40,60
"agent NegotiatingAgent #50",NegotiatingAgent,0.4404166666666667,3496,0.54125,0,39,11,0,13,270,0,282,206,195,100,38,10,0,264,0,247,241,643,1,1057,40,60
"agent NegotiatingAgent #51",NegotiatingAgent,0.4479166666666667,7081,0.54125,0,94,15,0,15,247,0,269,366,336,100,54,11,0,286,0,414,273,624,2,1075,40,60
"agent NegotiatingAgent #52",NegotiatingAgent,0.24916666666666668,8282,0.54125,0,120,9,0,9,130,0,165,386,360,100,43,8,0,147,0,403,156,412,3,598,40,60
"agent NegotiatingAgent #53",NegotiatingAgent,0.44166666666666665,9284,0.54125,0,116,19,0,19,274,0,262,463,431,100,61,5,0,280,0,606,244,717,0,1060,40,60
"agent NegotiatingAgent #54",NegotiatingAgent,0.24958333333333332,1926,0.54125,0,46,10,0,9,165,0,158,144,144,100,17,6,0,140,0,252,136,414,1,599,40,60
"agent NegotiatingAgent #55",NegotiatingAgent,0.09708333333333333,714,0.54125,0,16,7,0,6,42,0,53,42,41,100,0,3,0,70,0,105,68,203,2,233,40,60
"agent NegotiatingAgent #56",NegotiatingAgent,0.33,3643,0.54125,0,44,9,0,10,192,0,200,217,203,100,44,9,0,182,0,101,218,509,3,792,40,60
"agent NegotiatingAgent #57",NegotiatingAgent,0.36,7283,0.54125,0,108,8,0,13,229,0,209,552,502,100,94,9,0,227,0,567,199,619,0,864,40,60
"agent NegotiatingAgent #58",NegotiatingAgent,0.25375,1056,0.54125,0,28,11,0,11,162,0,166,161,148,100,24,15,0,148,0,221,133,419,1,609,40,60
"agent NegotiatingAgent #59",NegotiatingAgent,0.27541666666666664,1839,0.54125,0,30,9,0,9,162,0,147,183,168,100,44,6,0,164,0,94,188,417,2,661,40,60
"agent NegotiatingAgent #60",NegotiatingAgent,0.4633333333333333,9163,0.54125,0,112,16,0,16,270,0,282,516,456,100,90,6,0,264,0,367,296,669,3,1112,40,60
"agent NegotiatingAgent #61",NegotiatingAgent,0.1875,3320,0.54125,0,66,8,0,8,133,0,98,325,292,100,46,18,0,116,0,454,103,412,0,450,40,60
"agent NegotiatingAgent #62",NegotiatingAgent,0.23625,4886,0.54125,0,79,7,0,6,159,0,148,337,307,100,55,7,0,130,0,261,130,398,1,567,40,60
"agent NegotiatingAgent #63",NegotiatingAgent,0.28375,4598,0.54125,0,56,14,0,13,144,0,175,549,473,100,126,11,0,192,0,306,170,427,2,681,40,60
"agent NegotiatingAgent #64",NegotiatingAgent,0.625,12136,0.54125,0,139,19,0,21,364,0,382,588,534,100,90,6,0,364,0,520,390,863,3,1500,40,60
"agent NegotiatingAgent #65",NegotiatingAgent,0.5358333333333334,4073,0.54125,0,57,18,0,19,309,0,340,452,396,100,92,11,0,358,0,384,279,830,0,1286,40,60
"agent NegotiatingAgent #66",NegotiatingAgent,0.10875,1690,0.54125,0,35,6,0,5,86,0,68,208,170,100,35,9,0,50,0,183,57,245,1,261,40,60
"agent NegotiatingAgent #67",NegotiatingAgent,0.5920833333333333,13823,0.54125,0,148,16,0,15,344,0,345,749,682,100,120,17,0,362,0,504,370,797,2,1421,40,60
"agent NegotiatingAgent #68",NegotiatingAgent,0.17333333333333334,833,0.54125,0,23,9,0,9,88,0,116,133,126,100,30,8,0,98,0,69,114,321,3,416,40,60
"agent NegotiatingAgent #69",NegotiatingAgent,0.1825,1447,0.54125,0,29,8,0,8,129,0,96,414,333,100,98,6,0,114,0,227,99,406,0,438,40,60
"agent NegotiatingAgent #70",NegotiatingAgent,0.4270833333333333,2943,0.54125,0,30,9,0,11,258,0,278,197,185,100,49,9,0,260,0,137,229,627,1,1025,40,60
"agent NegotiatingAgent #71",NegotiatingAgent,0.12041666666666667,71,0.54125,0,2,11,0,10,58,0,65,30,26,100,4,5,0,82,0,32,84,231,2,289,40,60
"agent NegotiatingAgent #72",NegotiatingAgent,0.6016666666666667,7842,0.54125,0,101,17,0,18,356,0,362,710,619,100,156,19,0,344,0,283,382,835,3,1444,40,60
"agent NegotiatingAgent #73",NegotiatingAgent,0.2966666666666667,2858,0.54125,0,46,3,0,3,196,0,166,503,423,100,124,6,0,184,0,159,166,543,0,712,40,60
"agent NegotiatingAgent #74",NegotiatingAgent,0.23791666666666667,866,0.54125,0,23,7,0,6,157,0,152,218,192,100,48,7,0,134,0,80,128,400,1,571,40,60
"agent NegotiatingAgent #75",NegotiatingAgent,0.29875,2892,0.54125,0,33,8,0,8,178,0,159,214,201,100,55,5,0,176,0,100,204,445,2,717,40,60
"agent NegotiatingAgent #76",NegotiatingAgent,0.2875,3604,0.54125,0,64,11,0,12,148,0,193,342,307,100,59,9,0,175,0,162,174,458,3,690,40,60
"agent NegotiatingAgent #77",NegotiatingAgent,0.18166666666666667,1700,0.54125,0,41,7,0,6,128,0,96,300,273,100,55,19,0,114,0,331,98,405,0,436,40,60
"agent NegotiatingAgent #78",NegotiatingAgent,0.40958333333333335,1392,0.54125,0,23,8,0,11,249,0,266,388,338,100,124,3,0,248,0,91,220,606,1,983,40,60
"agent NegotiatingAgent #79",NegotiatingAgent,0.59125,10602,0.54125,0,122,20,0,21,334,0,354,750,677,100,145,10,0,371,0,455,360,796,2,1419,40,60
"agent NegotiatingAgent #80",NegotiatingAgent,0.6325,5504,0.54125,0,60,15,0,19,368,0,387,750,659,100,207,5,0,369,0,372,394,872,3,1518,40,60
"agent NegotiatingAgent #81",NegotiatingAgent,0.37416666666666665,1980,0.54125,0,34,10,0,13,231,0,224,495,425,100,123,34,0,242,0,292,201,636,0,898,40,60
"agent NegotiatingAgent #82",NegotiatingAgent,0.29875,1625,0.54125,0,21,8,0,9,192,0,190,364,304,100,91,16,0,172,0,90,163,473,1,717,40,60
"agent NegotiatingAgent #83",NegotiatingAgent,0.5845833333333333,3741,0.54125,0,51,17,0,17,326,0,354,746,628,100,191,4,0,371,0,205,352,788,2,1403,40,60
"agent NegotiatingAgent #84",NegotiatingAgent,0.16083333333333333,0,0.54125,0,3,12,0,12,86,0,103,142,121,100,45,9,0,85,0,25,112,306,3,386,40,60
"agent NegotiatingAgent #85",NegotiatingAgent,0.19166666666666668,419,0.54125,0,15,9,0,8,130,0,106,268,213,100,58,30,0,124,0,172,100,417,0,460,40,60
"agent NegotiatingAgent #86",NegotiatingAgent,0.41625,946,0.54125,0,13,8,0,11,264,0,259,375,319,100,115,23,0,241,0,83,235,614,1,999,40,60
"agent NegotiatingAgent #87",NegotiatingAgent,0.6345833333333334,582,0.54125,0,8,13,0,15,368,0,372,572,476,100,178,7,0,389,0,32,394,848,2,1523,40,60
"agent NegotiatingAgent #88",NegotiatingAgent,0.2675,778,0.54125,0,9,10,0,11,142,0,175,466,394,100,144,7,0,157,0,82,168,434,3,642,40,60
"agent NegotiatingAgent #89",NegotiatingAgent,0.17333333333333334,193,0.54125,0,7,5,0,4,120,0,94,110,77,100,4,34,0,112,0,102,90,395,0,416,40,60
"agent NegotiatingAgent #90",NegotiatingAgent,0.5429166666666667,419,0.54125,0,5,18,0,19,328,0,347,268,233,100,79,14,0,329,0,74,299,766,1,1303,40,60
"agent NegotiatingAgent #91",NegotiatingAgent,0.29791666666666666,566,0.54125,0,11,13,0,13,150,0,186,426,356,100,125,5,0,203,0,48,176,444,2,715,40,60
"agent NegotiatingAgent #92",NegotiatingAgent,0.5958333333333333,3646,0.54125,0,37,19,0,20,356,0,355,378,345,100,106,5,0,337,0,144,382,828,3,1430,40,60
"agent NegotiatingAgent #93",NegotiatingAgent,0.37083333333333335,520,0.54125,0,8,12,0,13,235,0,216,323,268,100,89,11,0,234,0,70,205,632,0,890,40,60
"agent NegotiatingAgent #94",NegotiatingAgent,0.24625,46,0.54125,0,3,7,0,7,163,0,156,120,103,100,33,12,0,138,0,3,134,410,1,591,40,60
"agent NegotiatingAgent #95",NegotiatingAgent,0.30041666666666667,793,0.54125,0,9,13,0,13,158,0,181,421,355,100,125,4,0,198,0,61,184,447,2,721,40,60
"agent NegotiatingAgent #96",NegotiatingAgent,0.2916666666666667,0,0.54125,0,0,11,0,11,154,0,192,172,135,100,53,16,0,174,0,1,180,463,3,700,40,60
"agent NegotiatingAgent #97",NegotiatingAgent,0.185,0,0.54125,0,0,6,0,5,122,0,106,107,73,100,11,35,0,124,0,18,92,409,0,444,40,60
"agent NegotiatingAgent #98",NegotiatingAgent,0.13041666666666665,0,0.54125,0,0,10,0,9,96,0,84,219,177,100,64,12,0,66,0,0,67,271,1,313,40,60
"agent NegotiatingAgent #99",NegotiatingAgent,0.47541666666666665,0,0.54125,0,0,15,0,16,270,0,279,406,352,100,136,9,0,296,0,0,296,657,2,1141,40,60
"agent NegotiatingAgent #100",NegotiatingAgent,0.49333333333333335,8012,0.54125,0,124,26,0,25,280,0,308,256,245,100,0,0,0,290,0,271,306,705,3,1184,40,60
