agentName,agentType,averageSpeed,cumulatedUtilityReceived,freeWallRatio,numBacktrackAgents,numCFPAnswered,numDeadends,numDifferentEncounters,numDirectionChanges,numDownSteps,numForwardAgents,numLeftSteps,numMessagesReceived,numMessagesSent,numNegotiatingAgents,numProposalsAccepted,numProposalsRejected,numRandomAgents,numRightSteps,numSwarmAgents,numTotalEncounters,numUpSteps,numVisitedCells,startingPosition,stepsToExit,xsize,ysize
"agent NegotiatingAgent #1",NegotiatingAgent,0.341,6289,0.569,0,131,7,0,7,96,0,68,322,298,100,11,5,0,91,0,410,86,274,0,341,50,20
"agent NegotiatingAgent #2",NegotiatingAgent,0.46,7212,0.569,0,116,5,0,6,119,0,127,462,394,100,58,4,0,104,0,507,110,261,1,460,50,20
"agent NegotiatingAgent #3",NegotiatingAgent,0.44,5381,0.569,0,93,8,0,9,105,0,101,368,334,100,47,11,0,123,0,487,111,307,2,440,50,20
"agent NegotiatingAgent #4",NegotiatingAgent,0.631,5535,0.569,0,87,8,0,9,152,0,172,552,434,100,88,12,0,149,0,386,158,354,3,631,50,20
"agent NegotiatingAgent #5",NegotiatingAgent,0.343,4253,0.569,0,91,3,0,4,87,0,78,386,329,100,37,11,0,101,0,525,77,275,0,343,50,20
"agent NegotiatingAgent #6",NegotiatingAgent,0.118,323,0.569,0,6,5,0,5,37,0,38,133,111,100,14,12,0,15,0,279,28,90,1,118,50,20
"agent NegotiatingAgent #7",NegotiatingAgent,0.41,1374,0.569,0,17,7,0,8,96,0,95,311,266,100,81,11,0,117,0,128,102,292,2,410,50,20
"agent NegotiatingAgent #8",NegotiatingAgent,0.419,528,0.569,0,9,3,0,4,98,0,120,388,315,100,108,2,0,97,0,92,104,248,3,419,50,20
"agent NegotiatingAgent #9",NegotiatingAgent,0.291,0,0.569,0,0,3,0,4,75,0,64,388,296,100,100,12,0,87,0,0,65,249,0,291,50,20
"agent NegotiatingAgent #10",NegotiatingAgent,0.508,2876,0.569,0,79,8,0,8,126,0,144,158,166,100,0,0,0,121,0,180,117,285,1,508,50,20
"agent NegotiatingAgent #11",NegotiatingAgent,0.184,1030,0.569,0,68,2,0,2,40,0,38,143,140,100,4,0,0,60,0,234,46,179,2,184,50,20
"agent NegotiatingAgent #12",NegotiatingAgent,0.083,1149,0.569,0,60,2,0,2,18,0,32,140,113,100,0,0,0,9,0,181,24,80,3,83,50,20
"agent NegotiatingAgent #13",NegotiatingAgent,0.349,7416,0.569,0,152,8,0,8,94,0,74,312,291,100,0,0,0,97,0,435,84,278,0,349,50,20
"agent NegotiatingAgent #14",NegotiatingAgent,0.672,15160,0.569,0,206,15,0,15,162,0,190,442,427,100,5,1,0,167,0,593,153,367,1,672,50,20
"agent NegotiatingAgent #15",NegotiatingAgent,0.578,6887,0.569,0,126,14,0,14,138,0,137,266,261,100,4,3,0,159,0,293,144,376,2,578,50,20
"agent NegotiatingAgent #16",NegotiatingAgent,0.695,8250,0.569,0,134,16,0,16,164,0,192,440,396,100,58,0,0,169,0,372,170,386,3,695,50,20
"agent NegotiatingAgent #17",NegotiatingAgent,0.285,4075,0.569,0,126,5,0,5,70,0,66,287,263,100,14,0,0,89,0,463,60,246,0,285,50,20
"agent NegotiatingAgent #18",NegotiatingAgent,0.664,3276,0.569,0,72,14,0,14,164,0,184,165,167,100,5,3,0,161,0,229,155,363,1,664,50,20
"agent NegotiatingAgent #19",NegotiatingAgent,0.474,6956,0.569,0,133,12,0,12,108,0,115,290,278,100,7,0,0,137,0,442,114,324,2,474,50,20
"agent NegotiatingAgent #20",NegotiatingAgent,0.235,1852,0.569,0,76,9,0,9,54,0,72,215,151,100,14,1,0,49,0,203,60,156,3,235,50,20
"agent NegotiatingAgent #21",NegotiatingAgent,0.213,4357,0.569,0,98,2,0,2,56,0,44,266,232,100,9,6,0,67,0,442,46,210,0,213,50,20
"agent NegotiatingAgent #22",NegotiatingAgent,0.606,10326,0.569,0,155,12,0,13,153,0,166,416,356,100,22,0,0,143,0,490,144,334,1,606,50,20
"agent NegotiatingAgent #23",NegotiatingAgent,0.51,7905,0.569,0,134,10,0,11,128,0,113,416,359,100,35,5,0,135,0,409,134,342,2,510,50,20
"agent NegotiatingAgent #24",NegotiatingAgent,0.083,909,0.569,0,43,2,0,2,18,0,32,124,101,100,4,1,0,9,0,272,24,80,3,83,50,20
"agent NegotiatingAgent #25",NegotiatingAgent,0.257,8488,0.569,0,151,4,0,4,66,0,56,350,299,100,6,1,0,79,0,557,56,232,0,257,50,20
"agent NegotiatingAgent #26",NegotiatingAgent,0.472,7555,0.569,0,146,6,0,7,121,0,131,391,352,100,16,1,0,108,0,438,112,267,1,472,50,20
"agent NegotiatingAgent #27",NegotiatingAgent,0.25,2068,0.569,0,63,4,0,4,58,0,53,246,194,100,32,1,0,75,0,238,64,212,2,250,50,20
"agent NegotiatingAgent #28",NegotiatingAgent,0.079,693,0.569,0,54,1,0,1,18,0,30,130,105,100,0,3,0,7,0,312,24,78,3,79,50,20
"agent NegotiatingAgent #29",NegotiatingAgent,0.477,9126,0.569,0,178,9,0,10,128,0,104,476,408,100,11,12,0,127,0,490,118,342,0,477,50,20
"agent NegotiatingAgent #30",NegotiatingAgent,0.43,3119,0.569,0,64,4,0,5,104,0,127,186,169,100,10,11,0,104,0,215,95,246,1,430,50,20
"agent NegotiatingAgent #31",NegotiatingAgent,0.272,4340,0.569,0,102,3,0,3,60,0,62,320,280,100,31,8,0,84,0,321,66,223,2,272,50,20
"agent NegotiatingAgent #32",NegotiatingAgent,0.099,517,0.569,0,47,4,0,4,22,0,36,151,130,100,5,2,0,13,0,286,28,88,3,99,50,20
"agent NegotiatingAgent #33",NegotiatingAgent,0.377,5747,0.569,0,111,9,0,9,96,0,86,352,297,100,20,11,0,109,0,651,86,292,0,377,50,20
"agent NegotiatingAgent #34",NegotiatingAgent,0.224,2716,0.569,0,45,7,0,7,56,0,72,116,110,100,3,4,0,49,0,176,47,143,1,224,50,20
"agent NegotiatingAgent #35",NegotiatingAgent,0.47,8371,0.569,0,128,7,0,8,120,0,101,437,381,100,44,5,0,123,0,566,126,322,2,470,50,20
"agent NegotiatingAgent #36",NegotiatingAgent,0.095,285,0.569,0,50,3,0,3,22,0,34,143,133,100,2,0,0,11,0,272,28,86,3,95,50,20
"agent NegotiatingAgent #37",NegotiatingAgent,0.457,6771,0.569,0,127,5,0,6,118,0,104,389,343,100,30,6,0,127,0,728,108,332,0,457,50,20
"agent NegotiatingAgent #38",NegotiatingAgent,0.55,7552,0.569,0,109,7,0,8,134,0,157,354,333,100,38,0,0,134,0,314,125,306,1,550,50,20
"agent NegotiatingAgent #39",NegotiatingAgent,0.35,4003,0.569,0,74,4,0,5,85,0,76,231,217,100,22,4,0,98,0,294,91,262,2,350,50,20
"agent NegotiatingAgent #40",NegotiatingAgent,0.199,2703,0.569,0,53,6,0,6,50,0,58,176,144,100,12,3,0,35,0,371,56,138,3,199,50,20
"agent NegotiatingAgent #41",NegotiatingAgent,0.313,4126,0.569,0,96,2,0,2,88,0,62,290,262,100,13,12,0,85,0,559,78,260,0,313,50,20
"agent NegotiatingAgent #42",NegotiatingAgent,0.622,6733,0.569,0,116,8,0,9,161,0,166,398,350,100,39,2,0,143,0,389,152,342,1,622,50,20
"agent NegotiatingAgent #43",NegotiatingAgent,0.306,4581,0.569,0,71,4,0,4,68,0,71,261,249,100,19,17,0,93,0,395,74,240,2,306,50,20
"agent NegotiatingAgent #44",NegotiatingAgent,0.437,6079,0.569,0,110,3,0,4,104,0,123,363,300,100,26,1,0,100,0,367,110,257,3,437,50,20
"agent NegotiatingAgent #45",NegotiatingAgent,0.453,4250,0.569,0,80,5,0,6,126,0,94,481,395,100,80,7,0,117,0,513,116,330,0,453,50,20
"agent NegotiatingAgent #46",NegotiatingAgent,0.06,0,0.569,0,0,0,0,0,18,0,28,26,16,100,0,10,0,5,0,67,9,61,1,60,50,20
"agent NegotiatingAgent #47",NegotiatingAgent,0.306,4759,0.569,0,72,4,0,4,68,0,71,336,289,100,41,9,0,93,0,401,74,240,2,306,50,20
"agent NegotiatingAgent #48",NegotiatingAgent,0.651,6395,0.569,0,101,9,0,9,152,0,182,452,396,100,62,1,0,159,0,504,158,364,3,651,50,20
"agent NegotiatingAgent #49",NegotiatingAgent,0.329,5509,0.569,0,112,4,0,4,90,0,68,385,313,100,15,20,0,91,0,627,80,268,0,329,50,20
"agent NegotiatingAgent #50",NegotiatingAgent,0.118,99,0.569,0,35,5,0,5,37,0,38,140,93,100,15,5,0,15,0,122,28,90,1,118,50,20
"agent NegotiatingAgent #51",NegotiatingAgent,0.354,2787,0.569,0,42,5,0,5,90,0,73,355,298,100,66,20,0,95,0,361,96,264,2,354,50,20
"agent NegotiatingAgent #52",NegotiatingAgent,0.377,3218,0.569,0,58,2,0,3,90,0,107,249,229,100,29,5,0,84,0,387,96,227,3,377,50,20
"agent NegotiatingAgent #53",NegotiatingAgent,0.397,5607,0.569,0,105,7,0,7,102,0,90,400,351,100,40,12,0,113,0,576,92,302,0,397,50,20
"agent NegotiatingAgent #54",NegotiatingAgent,0.192,2643,0.569,0,48,6,0,6,54,0,58,188,167,100,23,9,0,35,0,142,45,127,1,192,50,20
"agent NegotiatingAgent #55",NegotiatingAgent,0.24,1356,0.569,0,42,3,0,3,54,0,52,219,184,100,32,13,0,74,0,176,60,207,2,240,50,20
"agent NegotiatingAgent #56",NegotiatingAgent,0.079,484,0.569,0,32,1,0,1,18,0,30,108,93,100,4,4,0,7,0,142,24,78,3,79,50,20
"agent NegotiatingAgent #57",NegotiatingAgent,0.209,3561,0.569,0,84,1,0,1,56,0,42,282,229,100,12,11,0,65,0,541,46,208,0,209,50,20
"agent NegotiatingAgent #58",NegotiatingAgent,0.076,578,0.569,0,18,2,0,2,22,0,32,81,79,100,5,8,0,9,0,113,13,69,1,76,50,20
"agent NegotiatingAgent #59",NegotiatingAgent,0.424,5272,0.569,0,74,8,0,9,106,0,92,294,283,100,42,7,0,114,0,258,112,299,2,424,50,20
"agent NegotiatingAgent #60",NegotiatingAgent,0.449,3131,0.569,0,45,5,0,6,102,0,131,331,283,100,67,3,0,108,0,260,108,263,3,449,50,20
"agent NegotiatingAgent #61",NegotiatingAgent,0.333,2659,0.569,0,46,5,0,6,92,0,68,461,371,100,94,5,0,91,0,234,82,270,0,333,50,20
"agent NegotiatingAgent #62",NegotiatingAgent,0.462,3104,0.569,0,42,7,0,8,115,0,132,354,291,100,59,10,0,109,0,522,106,262,1,462,50,20
"agent NegotiatingAgent #63",NegotiatingAgent,0.346,1373,0.569,0,21,3,0,4,88,0,71,299,249,100,63,21,0,93,0,276,94,260,2,346,50,20
"agent NegotiatingAgent #64",NegotiatingAgent,0.393,2872,0.569,0,39,4,0,5,94,0,111,358,308,100,78,4,0,88,0,311,100,235,3,393,50,20
"agent NegotiatingAgent #65",NegotiatingAgent,0.273,1266,0.569,0,40,3,0,3,70,0,60,269,224,100,39,10,0,83,0,432,60,240,0,273,50,20
"agent NegotiatingAgent #66",NegotiatingAgent,0.484,2610,0.569,0,39,8,0,9,123,0,135,536,418,100,109,9,0,112,0,416,114,273,1,484,50,20
"agent NegotiatingAgent #67",NegotiatingAgent,0.506,1443,0.569,0,31,10,0,10,128,0,111,390,326,100,102,6,0,133,0,102,134,340,2,506,50,20
"agent NegotiatingAgent #68",NegotiatingAgent,0.507,1680,0.569,0,28,6,0,7,120,0,142,445,356,100,99,1,0,119,0,168,126,292,3,507,50,20
"agent NegotiatingAgent #69",NegotiatingAgent,0.405,897,0.569,0,24,9,0,9,106,0,90,471,373,100,116,7,0,113,0,265,96,306,0,405,50,20
"agent NegotiatingAgent #70",NegotiatingAgent,0.434,1323,0.569,0,24,3,0,4,117,0,116,418,333,100,103,8,0,93,0,132,108,248,1,434,50,20
"agent NegotiatingAgent #71",NegotiatingAgent,0.288,1981,0.569,0,29,3,0,4,72,0,58,241,220,100,57,6,0,80,0,159,78,231,2,288,50,20
"agent NegotiatingAgent #72",NegotiatingAgent,0.381,1808,0.569,0,31,3,0,4,90,0,109,274,232,100,61,1,0,86,0,154,96,229,3,381,50,20
"agent NegotiatingAgent #73",NegotiatingAgent,0.313,1656,0.569,0,34,2,0,2,86,0,64,233,198,100,29,16,0,87,0,329,76,260,0,313,50,20
"agent NegotiatingAgent #74",NegotiatingAgent,0.118,92,0.569,0,4,5,0,5,37,0,38,143,119,100,23,5,0,15,0,180,28,90,1,118,50,20
"agent NegotiatingAgent #75",NegotiatingAgent,0.392,2625,0.569,0,43,8,0,8,86,0,96,244,223,100,40,6,0,118,0,133,92,283,2,392,50,20
"agent NegotiatingAgent #76",NegotiatingAgent,0.539,2740,0.569,0,53,7,0,8,126,0,152,374,321,100,70,8,0,129,0,174,132,308,3,539,50,20
"agent NegotiatingAgent #77",NegotiatingAgent,0.313,1048,0.569,0,29,5,0,5,78,0,72,245,209,100,44,17,0,95,0,246,68,260,0,313,50,20
"agent NegotiatingAgent #78",NegotiatingAgent,0.218,850,0.569,0,13,5,0,5,63,0,62,187,156,100,30,11,0,39,0,168,54,140,1,218,50,20
"agent NegotiatingAgent #79",NegotiatingAgent,0.304,1334,0.569,0,26,5,0,6,68,0,70,180,162,100,38,3,0,92,0,83,74,239,2,304,50,20
"agent NegotiatingAgent #80",NegotiatingAgent,0.195,289,0.569,0,4,6,0,6,48,0,58,163,136,100,42,4,0,35,0,116,54,136,3,195,50,20
"agent NegotiatingAgent #81",NegotiatingAgent,0.387,1273,0.569,0,21,4,0,6,99,0,88,269,246,100,59,9,0,111,0,240,89,297,0,387,50,20
"agent NegotiatingAgent #82",NegotiatingAgent,0.476,305,0.569,0,5,6,0,7,121,0,133,403,318,100,92,15,0,110,0,111,112,269,1,476,50,20
"agent NegotiatingAgent #83",NegotiatingAgent,0.254,526,0.569,0,11,2,0,3,57,0,56,94,86,100,17,8,0,78,0,89,63,214,2,254,50,20
"agent NegotiatingAgent #84",NegotiatingAgent,0.195,639,0.569,0,13,5,0,5,50,0,56,134,107,100,16,21,0,33,0,66,56,136,3,195,50,20
"agent NegotiatingAgent #85",NegotiatingAgent,0.283,1273,0.569,0,22,2,0,3,75,0,60,205,177,100,32,25,0,83,0,156,65,245,0,283,50,20
"agent NegotiatingAgent #86",NegotiatingAgent,0.102,37,0.569,0,1,3,0,3,33,0,34,118,100,100,15,6,0,11,0,41,24,82,1,102,50,20
"agent NegotiatingAgent #87",NegotiatingAgent,0.18,294,0.569,0,5,1,0,1,38,0,38,76,58,100,8,15,0,60,0,16,44,177,2,180,50,20
"agent NegotiatingAgent #88",NegotiatingAgent,0.079,60,0.569,0,5,1,0,1,18,0,30,98,93,100,15,0,0,7,0,126,24,78,3,79,50,20
"agent NegotiatingAgent #89",NegotiatingAgent,0.369,129,0.569,0,4,4,0,4,96,0,82,258,185,100,40,53,0,105,0,82,86,288,0,369,50,20
"agent NegotiatingAgent #90",NegotiatingAgent,0.462,630,0.569,0,7,3,0,5,116,0,131,227,193,100,66,4,0,108,0,25,107,262,1,462,50,20
"agent NegotiatingAgent #91",NegotiatingAgent,0.354,196,0.569,0,2,4,0,5,83,0,80,251,207,100,80,6,0,102,0,12,89,264,2,354,50,20
"agent NegotiatingAgent #92",NegotiatingAgent,0.187,66,0.569,0,3,4,0,4,50,0,52,148,125,100,33,3,0,29,0,49,56,132,3,187,50,20
"agent NegotiatingAgent #93",NegotiatingAgent,0.427,393,0.569,0,9,6,0,7,107,0,100,294,240,100,74,9,0,123,0,80,97,317,0,427,50,20
"agent NegotiatingAgent #94",NegotiatingAgent,0.118,0,0.569,0,0,5,0,5,37,0,38,130,109,100,13,11,0,15,0,1,28,90,1,118,50,20
"agent NegotiatingAgent #95",NegotiatingAgent,0.35,80,0.569,0,1,4,0,5,90,0,71,318,248,100,82,22,0,93,0,78,96,262,2,350,50,20
"agent NegotiatingAgent #96",NegotiatingAgent,0.545,164,0.569,0,2,6,0,7,128,0,153,375,316,100,118,7,0,130,0,5,134,311,3,545,50,20
"agent NegotiatingAgent #97",NegotiatingAgent,0.327,513,0.569,0,6,2,0,3,85,0,72,207,162,100,38,29,0,95,0,34,75,267,0,327,50,20
"agent NegotiatingAgent #98",NegotiatingAgent,0.22,0,0.569,0,0,7,0,7,58,0,68,134,105,100,35,14,0,45,0,0,49,141,1,220,50,20
"agent NegotiatingAgent #99",NegotiatingAgent,0.306,0,0.569,0,0,4,0,4,70,0,69,293,224,100,67,23,0,91,0,2,76,240,2,306,50,20
"agent NegotiatingAgent #100",NegotiatingAgent,0.259,3359,0.569,0,114,10,0,10,60,0,78,245,185,100,0,0,0,55,0,286,66,168,3,259,50,20
