agentName,agentType,averageSpeed,cumulatedUtilityReceived,freeWallRatio,numBacktrackAgents,numCFPAnswered,numDeadends,numDifferentEncounters,numDirectionChanges,numDownSteps,numForwardAgents,numLeftSteps,numMessagesReceived,numMessagesSent,numNegotiatingAgents,numProposalsAccepted,numProposalsRejected,numRandomAgents,numRightSteps,numSwarmAgents,numTotalEncounters,numUpSteps,numVisitedCells,startingPosition,stepsToExit,xsize,ysize
"agent ForwardAgent #1",ForwardAgent,0.089,0,0.569,0,0,2,0,2,25,100,12,0,0,0,0,0,0,36,0,984,16,86,0,89,50,20
"agent ForwardAgent #2",ForwardAgent,0.498,0,0.569,0,0,18,0,18,150,100,114,0,0,0,0,0,0,92,0,392,142,254,1,498,50,20
"agent ForwardAgent #3",ForwardAgent,1.53,0,0.569,0,0,53,0,53,350,100,400,0,0,0,0,0,0,423,0,731,357,336,2,1530,50,20
"agent ForwardAgent #4",ForwardAgent,0.421,0,0.569,0,0,13,0,13,100,100,118,0,0,0,0,0,0,96,0,354,107,244,3,421,50,20
"agent ForwardAgent #5",ForwardAgent,0.261,0,0.569,0,0,7,0,7,65,100,58,0,0,0,0,0,0,82,0,595,56,90,0,261,50,20
"agent ForwardAgent #6",ForwardAgent,2.936,0,0.569,0,0,82,0,82,693,100,790,0,0,0,0,0,0,768,0,333,685,338,1,2936,50,20
"agent ForwardAgent #7",ForwardAgent,0.326,0,0.569,0,0,11,0,11,80,100,68,0,0,0,0,0,0,91,0,33,87,102,2,326,50,20
"agent ForwardAgent #8",ForwardAgent,0.321,0,0.569,0,0,8,0,8,76,100,92,0,0,0,0,0,0,70,0,112,83,166,3,321,50,20
"agent ForwardAgent #9",ForwardAgent,0.205,0,0.569,0,0,4,0,4,53,100,42,0,0,0,0,0,0,66,0,0,44,86,0,205,50,20
"agent ForwardAgent #10",ForwardAgent,0.416,0,0.569,0,0,10,0,10,105,100,118,0,0,0,0,0,0,96,0,660,97,259,1,416,50,20
"agent ForwardAgent #11",ForwardAgent,5.532,0,0.569,0,0,169,0,169,1220,100,1531,0,0,0,0,0,0,1554,0,1688,1227,342,2,5532,50,20
"agent ForwardAgent #12",ForwardAgent,2.261,0,0.569,0,0,58,0,58,510,100,628,0,0,0,0,0,0,606,0,855,517,340,3,2261,50,20
"agent ForwardAgent #13",ForwardAgent,0.085,0,0.569,0,0,1,0,1,25,100,10,0,0,0,0,0,0,34,0,1098,16,84,0,85,50,20
"agent ForwardAgent #14",ForwardAgent,0.782,0,0.569,0,0,23,0,23,196,100,210,0,0,0,0,0,0,188,0,664,188,274,1,782,50,20
"agent ForwardAgent #15",ForwardAgent,0.058,0,0.569,0,0,0,0,0,12,100,2,0,0,0,0,0,0,25,0,147,19,59,2,58,50,20
"agent ForwardAgent #16",ForwardAgent,0.177,0,0.569,0,0,7,0,7,36,100,60,0,0,0,0,0,0,38,0,349,43,152,3,177,50,20
"agent ForwardAgent #17",ForwardAgent,0.117,0,0.569,0,0,4,0,4,29,100,22,0,0,0,0,0,0,46,0,967,20,88,0,117,50,20
"agent ForwardAgent #18",ForwardAgent,0.784,0,0.569,0,0,18,0,18,179,100,228,0,0,0,0,0,0,206,0,594,171,316,1,784,50,20
"agent ForwardAgent #19",ForwardAgent,0.142,0,0.569,0,0,4,0,4,38,100,18,0,0,0,0,0,0,41,0,199,45,86,2,142,50,20
"agent ForwardAgent #20",ForwardAgent,0.257,0,0.569,0,0,7,0,7,56,100,80,0,0,0,0,0,0,58,0,292,63,140,3,257,50,20
"agent ForwardAgent #21",ForwardAgent,0.085,0,0.569,0,0,1,0,1,25,100,10,0,0,0,0,0,0,34,0,914,16,84,0,85,50,20
"agent ForwardAgent #22",ForwardAgent,2.616,0,0.569,0,0,76,0,76,621,100,702,0,0,0,0,0,0,680,0,1085,613,340,1,2616,50,20
"agent ForwardAgent #23",ForwardAgent,3.744,0,0.569,0,0,114,0,114,846,100,1011,0,0,0,0,0,0,1034,0,1274,853,342,2,3744,50,20
"agent ForwardAgent #24",ForwardAgent,4.149,0,0.569,0,0,118,0,118,928,100,1154,0,0,0,0,0,0,1132,0,1166,935,342,3,4149,50,20
"agent ForwardAgent #25",ForwardAgent,0.085,0,0.569,0,0,1,0,1,27,100,8,0,0,0,0,0,0,32,0,852,18,84,0,85,50,20
"agent ForwardAgent #26",ForwardAgent,0.272,0,0.569,0,0,8,0,8,63,100,88,0,0,0,0,0,0,66,0,411,55,235,1,272,50,20
"agent ForwardAgent #27",ForwardAgent,0.108,0,0.569,0,0,2,0,2,24,100,15,0,0,0,0,0,0,38,0,316,31,84,2,108,50,20
"agent ForwardAgent #28",ForwardAgent,5.181,0,0.569,0,0,179,0,179,1120,100,1478,0,0,0,0,0,0,1456,0,844,1127,338,3,5181,50,20
"agent ForwardAgent #29",ForwardAgent,0.313,0,0.569,0,0,10,0,10,75,100,74,0,0,0,0,0,0,98,0,967,66,90,0,313,50,20
"agent ForwardAgent #30",ForwardAgent,1.722,0,0.569,0,0,50,0,50,422,100,454,0,0,0,0,0,0,432,0,1009,414,326,1,1722,50,20
"agent ForwardAgent #31",ForwardAgent,0.222,0,0.569,0,0,7,0,7,52,100,44,0,0,0,0,0,0,67,0,180,59,89,2,222,50,20
"agent ForwardAgent #32",ForwardAgent,0.733,0,0.569,0,0,23,0,23,158,100,216,0,0,0,0,0,0,194,0,341,165,308,3,733,50,20
"agent ForwardAgent #33",ForwardAgent,0.085,0,0.569,0,0,1,0,1,25,100,10,0,0,0,0,0,0,34,0,714,16,84,0,85,50,20
"agent ForwardAgent #34",ForwardAgent,1.916,0,0.569,0,0,53,0,53,437,100,536,0,0,0,0,0,0,514,0,764,429,330,1,1916,50,20
"agent ForwardAgent #35",ForwardAgent,0.118,0,0.569,0,0,10,0,10,32,100,12,0,0,0,0,0,0,35,0,150,39,75,2,118,50,20
"agent ForwardAgent #36",ForwardAgent,10.125,0,0.569,0,0,263,0,263,2270,100,2800,0,0,0,0,0,0,2778,0,935,2277,340,3,10125,50,20
"agent ForwardAgent #37",ForwardAgent,0.449,0,0.569,0,0,12,0,12,105,100,112,0,0,0,0,0,0,136,0,824,96,88,0,449,50,20
"agent ForwardAgent #38",ForwardAgent,2.144,0,0.569,0,0,53,0,53,479,100,608,0,0,0,0,0,0,586,0,792,471,284,1,2144,50,20
"agent ForwardAgent #39",ForwardAgent,1.422,0,0.569,0,0,44,0,44,342,100,354,0,0,0,0,0,0,377,0,599,349,324,2,1422,50,20
"agent ForwardAgent #40",ForwardAgent,1.025,0,0.569,0,0,35,0,35,232,100,288,0,0,0,0,0,0,266,0,880,239,322,3,1025,50,20
"agent ForwardAgent #41",ForwardAgent,0.085,0,0.569,0,0,1,0,1,25,100,10,0,0,0,0,0,0,34,0,604,16,84,0,85,50,20
"agent ForwardAgent #42",ForwardAgent,4.712,0,0.569,0,0,139,0,139,1079,100,1292,0,0,0,0,0,0,1270,0,795,1071,342,1,4712,50,20
"agent ForwardAgent #43",ForwardAgent,0.236,0,0.569,0,0,10,0,10,54,100,49,0,0,0,0,0,0,72,0,344,61,116,2,236,50,20
"agent ForwardAgent #44",ForwardAgent,0.633,0,0.569,0,0,16,0,16,122,100,202,0,0,0,0,0,0,180,0,198,129,286,3,633,50,20
"agent ForwardAgent #45",ForwardAgent,0.501,0,0.569,0,0,13,0,13,121,100,122,0,0,0,0,0,0,146,0,792,112,86,0,501,50,20
"agent ForwardAgent #46",ForwardAgent,2.894,0,0.569,0,0,77,0,77,656,100,806,0,0,0,0,0,0,784,0,978,648,338,1,2894,50,20
"agent ForwardAgent #47",ForwardAgent,0.092,0,0.569,0,0,1,0,1,22,100,9,0,0,0,0,0,0,32,0,217,29,76,2,92,50,20
"agent ForwardAgent #48",ForwardAgent,0.317,0,0.569,0,0,8,0,8,72,100,94,0,0,0,0,0,0,72,0,476,79,208,3,317,50,20
"agent ForwardAgent #49",ForwardAgent,0.081,0,0.569,0,0,0,0,0,25,100,8,0,0,0,0,0,0,32,0,508,16,82,0,81,50,20
"agent ForwardAgent #50",ForwardAgent,2.734,0,0.569,0,0,69,0,69,662,100,720,0,0,0,0,0,0,698,0,695,654,340,1,2734,50,20
"agent ForwardAgent #51",ForwardAgent,1.984,0,0.569,0,0,48,0,48,438,100,539,0,0,0,0,0,0,562,0,576,445,318,2,1984,50,20
"agent ForwardAgent #52",ForwardAgent,0.389,0,0.569,0,0,8,0,8,82,100,120,0,0,0,0,0,0,98,0,340,89,232,3,389,50,20
"agent ForwardAgent #53",ForwardAgent,0.473,0,0.569,0,0,12,0,12,113,100,116,0,0,0,0,0,0,140,0,688,104,90,0,473,50,20
"agent ForwardAgent #54",ForwardAgent,3.972,0,0.569,0,0,119,0,119,899,100,1102,0,0,0,0,0,0,1080,0,630,891,342,1,3972,50,20
"agent ForwardAgent #55",ForwardAgent,1.622,0,0.569,0,0,41,0,41,376,100,420,0,0,0,0,0,0,443,0,630,383,332,2,1622,50,20
"agent ForwardAgent #56",ForwardAgent,0.717,0,0.569,0,0,17,0,17,168,100,198,0,0,0,0,0,0,176,0,485,175,324,3,717,50,20
"agent ForwardAgent #57",ForwardAgent,0.453,0,0.569,0,0,11,0,11,113,100,106,0,0,0,0,0,0,130,0,657,104,90,0,453,50,20
"agent ForwardAgent #58",ForwardAgent,3.44,0,0.569,0,0,91,0,91,801,100,934,0,0,0,0,0,0,912,0,587,793,332,1,3440,50,20
"agent ForwardAgent #59",ForwardAgent,1.322,0,0.569,0,0,31,0,31,306,100,340,0,0,0,0,0,0,363,0,310,313,314,2,1322,50,20
"agent ForwardAgent #60",ForwardAgent,2.037,0,0.569,0,0,77,0,77,470,100,556,0,0,0,0,0,0,534,0,510,477,342,3,2037,50,20
"agent ForwardAgent #61",ForwardAgent,0.225,0,0.569,0,0,4,0,4,57,100,48,0,0,0,0,0,0,72,0,489,48,88,0,225,50,20
"agent ForwardAgent #62",ForwardAgent,1.55,0,0.569,0,0,51,0,51,394,100,396,0,0,0,0,0,0,374,0,473,386,340,1,1550,50,20
"agent ForwardAgent #63",ForwardAgent,0.272,0,0.569,0,0,12,0,12,64,100,57,0,0,0,0,0,0,80,0,261,71,138,2,272,50,20
"agent ForwardAgent #64",ForwardAgent,0.309,0,0.569,0,0,5,0,5,72,100,90,0,0,0,0,0,0,68,0,224,79,220,3,309,50,20
"agent ForwardAgent #65",ForwardAgent,0.145,0,0.569,0,0,5,0,5,37,100,28,0,0,0,0,0,0,52,0,386,28,90,0,145,50,20
"agent ForwardAgent #66",ForwardAgent,0.55,0,0.569,0,0,18,0,18,134,100,156,0,0,0,0,0,0,134,0,152,126,306,1,550,50,20
"agent ForwardAgent #67",ForwardAgent,0.928,0,0.569,0,0,28,0,28,190,100,259,0,0,0,0,0,0,282,0,224,197,304,2,928,50,20
"agent ForwardAgent #68",ForwardAgent,0.305,0,0.569,0,0,4,0,4,72,100,88,0,0,0,0,0,0,66,0,159,79,220,3,305,50,20
"agent ForwardAgent #69",ForwardAgent,0.137,0,0.569,0,0,3,0,3,37,100,24,0,0,0,0,0,0,48,0,348,28,84,0,137,50,20
"agent ForwardAgent #70",ForwardAgent,2.056,0,0.569,0,0,63,0,63,471,100,572,0,0,0,0,0,0,550,0,567,463,316,1,2056,50,20
"agent ForwardAgent #71",ForwardAgent,0.206,0,0.569,0,0,7,0,7,44,100,44,0,0,0,0,0,0,67,0,80,51,77,2,206,50,20
"agent ForwardAgent #72",ForwardAgent,2.093,0,0.569,0,0,65,0,65,450,100,604,0,0,0,0,0,0,582,0,351,457,264,3,2093,50,20
"agent ForwardAgent #73",ForwardAgent,0.225,0,0.569,0,0,4,0,4,57,100,48,0,0,0,0,0,0,72,0,265,48,88,0,225,50,20
"agent ForwardAgent #74",ForwardAgent,0.5,0,0.569,0,0,19,0,19,121,100,144,0,0,0,0,0,0,122,0,143,113,302,1,500,50,20
"agent ForwardAgent #75",ForwardAgent,1.55,0,0.569,0,0,58,0,58,352,100,408,0,0,0,0,0,0,431,0,199,359,308,2,1550,50,20
"agent ForwardAgent #76",ForwardAgent,0.797,0,0.569,0,0,24,0,24,168,100,238,0,0,0,0,0,0,216,0,164,175,272,3,797,50,20
"agent ForwardAgent #77",ForwardAgent,0.377,0,0.569,0,0,9,0,9,93,100,88,0,0,0,0,0,0,112,0,367,84,86,0,377,50,20
"agent ForwardAgent #78",ForwardAgent,0.834,0,0.569,0,0,36,0,36,192,100,240,0,0,0,0,0,0,218,0,213,184,298,1,834,50,20
"agent ForwardAgent #79",ForwardAgent,1.122,0,0.569,0,0,30,0,30,254,100,292,0,0,0,0,0,0,315,0,362,261,247,2,1122,50,20
"agent ForwardAgent #80",ForwardAgent,0.237,0,0.569,0,0,5,0,5,42,100,84,0,0,0,0,0,0,62,0,98,49,170,3,237,50,20
"agent ForwardAgent #81",ForwardAgent,0.417,0,0.569,0,0,8,0,8,105,100,96,0,0,0,0,0,0,120,0,228,96,90,0,417,50,20
"agent ForwardAgent #82",ForwardAgent,1.584,0,0.569,0,0,63,0,63,381,100,426,0,0,0,0,0,0,404,0,346,373,295,1,1584,50,20
"agent ForwardAgent #83",ForwardAgent,2.022,0,0.569,0,0,60,0,60,438,100,558,0,0,0,0,0,0,581,0,244,445,342,2,2022,50,20
"agent ForwardAgent #84",ForwardAgent,0.841,0,0.569,0,0,24,0,24,174,100,254,0,0,0,0,0,0,232,0,70,181,272,3,841,50,20
"agent ForwardAgent #85",ForwardAgent,0.093,0,0.569,0,0,3,0,3,27,100,12,0,0,0,0,0,0,36,0,148,18,88,0,93,50,20
"agent ForwardAgent #86",ForwardAgent,1.384,0,0.569,0,0,49,0,49,327,100,380,0,0,0,0,0,0,358,0,280,319,336,1,1384,50,20
"agent ForwardAgent #87",ForwardAgent,0.074,0,0.569,0,0,1,0,1,14,100,8,0,0,0,0,0,0,31,0,4,21,67,2,74,50,20
"agent ForwardAgent #88",ForwardAgent,1.397,0,0.569,0,0,39,0,39,326,100,380,0,0,0,0,0,0,358,0,54,333,330,3,1397,50,20
"agent ForwardAgent #89",ForwardAgent,0.085,0,0.569,0,0,1,0,1,27,100,8,0,0,0,0,0,0,32,0,74,18,84,0,85,50,20
"agent ForwardAgent #90",ForwardAgent,1.536,0,0.569,0,0,46,0,46,369,100,414,0,0,0,0,0,0,392,0,96,361,328,1,1536,50,20
"agent ForwardAgent #91",ForwardAgent,5.12,0,0.569,0,0,151,0,151,1122,100,1423,0,0,0,0,0,0,1446,0,139,1129,338,2,5120,50,20
"agent ForwardAgent #92",ForwardAgent,1.297,0,0.569,0,0,34,0,34,262,100,394,0,0,0,0,0,0,372,0,40,269,326,3,1297,50,20
"agent ForwardAgent #93",ForwardAgent,0.141,0,0.569,0,0,4,0,4,39,100,24,0,0,0,0,0,0,48,0,60,30,88,0,141,50,20
"agent ForwardAgent #94",ForwardAgent,5.404,0,0.569,0,0,188,0,188,1363,100,1354,0,0,0,0,0,0,1332,0,103,1355,328,1,5404,50,20
"agent ForwardAgent #95",ForwardAgent,0.79,0,0.569,0,0,17,0,17,166,100,214,0,0,0,0,0,0,237,0,61,173,282,2,790,50,20
"agent ForwardAgent #96",ForwardAgent,1.093,0,0.569,0,0,26,0,26,248,100,306,0,0,0,0,0,0,284,0,36,255,302,3,1093,50,20
"agent ForwardAgent #97",ForwardAgent,0.317,0,0.569,0,0,11,0,11,73,100,78,0,0,0,0,0,0,102,0,61,64,90,0,317,50,20
"agent ForwardAgent #98",ForwardAgent,2.052,0,0.569,0,0,52,0,52,515,100,526,0,0,0,0,0,0,504,0,0,507,296,1,2052,50,20
"agent ForwardAgent #99",ForwardAgent,0.412,0,0.569,0,0,13,0,13,92,100,99,0,0,0,0,0,0,122,0,0,99,162,2,412,50,20
"agent ForwardAgent #100",ForwardAgent,1.013,0,0.569,0,0,33,0,33,212,100,302,0,0,0,0,0,0,280,0,1234,219,304,3,1013,50,20
