agentName,agentType,averageSpeed,cumulatedUtilityReceived,freeWallRatio,numBacktrackAgents,numCFPAnswered,numDeadends,numDifferentEncounters,numDirectionChanges,numDownSteps,numForwardAgents,numLeftSteps,numMessagesReceived,numMessagesSent,numNegotiatingAgents,numProposalsAccepted,numProposalsRejected,numRandomAgents,numRightSteps,numSwarmAgents,numTotalEncounters,numUpSteps,numVisitedCells,startingPosition,stepsToExit,xsize,ysize
"agent BacktrackAgent #1",BacktrackAgent,0.091,0,0.569,75,0,1,0,1,26,50,12,0,0,100,0,0,25,36,0,2104,17,86,0,91,50,20
"agent BacktrackAgent #2",BacktrackAgent,0.4,0,0.569,75,0,9,0,9,89,50,126,0,0,100,0,0,25,104,0,1656,81,252,1,400,50,20
"agent BacktrackAgent #3",BacktrackAgent,0.046,0,0.569,75,0,0,0,0,8,50,0,0,0,100,0,0,25,23,0,699,15,47,2,46,50,20
"agent BacktrackAgent #4",BacktrackAgent,0.515,0,0.569,75,0,13,0,13,109,50,156,0,0,100,0,0,25,134,0,1129,116,282,3,515,50,20
"agent BacktrackAgent #5",BacktrackAgent,0.079,0,0.569,75,0,0,0,0,26,50,6,0,0,100,0,0,25,30,0,1587,17,80,0,79,50,20
"agent BacktrackAgent #6",BacktrackAgent,0.288,0,0.569,75,0,8,0,8,69,50,90,0,0,100,0,0,25,68,0,774,61,196,1,288,50,20
"agent BacktrackAgent #7",BacktrackAgent,0.046,0,0.569,75,0,0,0,0,8,50,0,0,0,100,0,0,25,23,0,439,15,47,2,46,50,20
"agent BacktrackAgent #8",BacktrackAgent,0.515,0,0.569,75,0,13,0,13,109,50,156,0,0,100,0,0,25,134,0,649,116,282,3,515,50,20
"agent BacktrackAgent #9",BacktrackAgent,0.115,0,0.569,75,0,2,0,2,34,50,16,0,0,100,0,0,25,40,0,1492,25,98,0,115,50,20
"agent BacktrackAgent #10",BacktrackAgent,0.452,0,0.569,75,0,11,0,11,103,50,138,0,0,100,0,0,25,116,0,2165,95,278,1,452,50,20
"agent BacktrackAgent #11",BacktrackAgent,0.058,0,0.569,75,0,1,0,1,8,50,6,0,0,100,0,0,25,29,0,876,15,53,2,58,50,20
"agent BacktrackAgent #12",BacktrackAgent,0.515,0,0.569,75,0,13,0,13,109,50,156,0,0,100,0,0,25,134,0,2156,116,282,3,515,50,20
"agent BacktrackAgent #13",BacktrackAgent,0.103,0,0.569,75,0,1,0,1,34,50,10,0,0,100,0,0,25,34,0,2494,25,92,0,103,50,20
"agent BacktrackAgent #14",BacktrackAgent,0.284,0,0.569,75,0,7,0,7,69,50,88,0,0,100,0,0,25,66,0,1844,61,194,1,284,50,20
"agent BacktrackAgent #15",BacktrackAgent,0.148,0,0.569,75,0,3,0,3,36,50,23,0,0,100,0,0,25,46,0,1208,43,98,2,148,50,20
"agent BacktrackAgent #16",BacktrackAgent,0.515,0,0.569,75,0,13,0,13,109,50,156,0,0,100,0,0,25,134,0,2254,116,282,3,515,50,20
"agent BacktrackAgent #17",BacktrackAgent,0.079,0,0.569,75,0,0,0,0,26,50,6,0,0,100,0,0,25,30,0,2182,17,80,0,79,50,20
"agent BacktrackAgent #18",BacktrackAgent,0.284,0,0.569,75,0,7,0,7,67,50,90,0,0,100,0,0,25,68,0,1580,59,194,1,284,50,20
"agent BacktrackAgent #19",BacktrackAgent,0.136,0,0.569,75,0,2,0,2,36,50,17,0,0,100,0,0,25,40,0,1177,43,92,2,136,50,20
"agent BacktrackAgent #20",BacktrackAgent,0.151,0,0.569,75,0,3,0,3,33,50,50,0,0,100,0,0,25,28,0,655,40,100,3,151,50,20
"agent BacktrackAgent #21",BacktrackAgent,0.115,0,0.569,75,0,2,0,2,34,50,16,0,0,100,0,0,25,40,0,2421,25,98,0,115,50,20
"agent BacktrackAgent #22",BacktrackAgent,0.288,0,0.569,75,0,8,0,8,67,50,92,0,0,100,0,0,25,70,0,1551,59,196,1,288,50,20
"agent BacktrackAgent #23",BacktrackAgent,0.058,0,0.569,75,0,1,0,1,8,50,6,0,0,100,0,0,25,29,0,816,15,53,2,58,50,20
"agent BacktrackAgent #24",BacktrackAgent,0.515,0,0.569,75,0,13,0,13,109,50,156,0,0,100,0,0,25,134,0,1790,116,282,3,515,50,20
"agent BacktrackAgent #25",BacktrackAgent,0.079,0,0.569,75,0,0,0,0,26,50,6,0,0,100,0,0,25,30,0,2017,17,80,0,79,50,20
"agent BacktrackAgent #26",BacktrackAgent,0.504,0,0.569,75,0,12,0,12,115,50,152,0,0,100,0,0,25,130,0,2250,107,304,1,504,50,20
"agent BacktrackAgent #27",BacktrackAgent,0.058,0,0.569,75,0,1,0,1,8,50,6,0,0,100,0,0,25,29,0,758,15,53,2,58,50,20
"agent BacktrackAgent #28",BacktrackAgent,0.515,0,0.569,75,0,13,0,13,109,50,156,0,0,100,0,0,25,134,0,1785,116,282,3,515,50,20
"agent BacktrackAgent #29",BacktrackAgent,0.103,0,0.569,75,0,1,0,1,34,50,10,0,0,100,0,0,25,34,0,2226,25,92,0,103,50,20
"agent BacktrackAgent #30",BacktrackAgent,0.386,0,0.569,75,0,10,0,10,90,50,118,0,0,100,0,0,25,96,0,491,82,245,1,386,50,20
"agent BacktrackAgent #31",BacktrackAgent,0.136,0,0.569,75,0,2,0,2,36,50,17,0,0,100,0,0,25,40,0,1333,43,92,2,136,50,20
"agent BacktrackAgent #32",BacktrackAgent,0.515,0,0.569,75,0,13,0,13,109,50,156,0,0,100,0,0,25,134,0,1385,116,282,3,515,50,20
"agent BacktrackAgent #33",BacktrackAgent,0.115,0,0.569,75,0,2,0,2,34,50,16,0,0,100,0,0,25,40,0,2195,25,98,0,115,50,20
"agent BacktrackAgent #34",BacktrackAgent,0.232,0,0.569,75,0,5,0,5,55,50,76,0,0,100,0,0,25,54,0,1145,47,168,1,232,50,20
"agent BacktrackAgent #35",BacktrackAgent,0.058,0,0.569,75,0,1,0,1,8,50,6,0,0,100,0,0,25,29,0,699,15,53,2,58,50,20
"agent BacktrackAgent #36",BacktrackAgent,0.047,0,0.569,75,0,0,0,0,7,50,24,0,0,100,0,0,25,2,0,425,14,48,3,47,50,20
"agent BacktrackAgent #37",BacktrackAgent,0.079,0,0.569,75,0,0,0,0,26,50,6,0,0,100,0,0,25,30,0,1884,17,80,0,79,50,20
"agent BacktrackAgent #38",BacktrackAgent,0.552,0,0.569,75,0,13,0,13,129,50,162,0,0,100,0,0,25,140,0,1682,121,328,1,552,50,20
"agent BacktrackAgent #39",BacktrackAgent,0.136,0,0.569,75,0,2,0,2,36,50,17,0,0,100,0,0,25,40,0,1195,43,92,2,136,50,20
"agent BacktrackAgent #40",BacktrackAgent,0.515,0,0.569,75,0,13,0,13,109,50,156,0,0,100,0,0,25,134,0,1554,116,282,3,515,50,20
"agent BacktrackAgent #41",BacktrackAgent,0.091,0,0.569,75,0,1,0,1,26,50,12,0,0,100,0,0,25,36,0,1812,17,86,0,91,50,20
"agent BacktrackAgent #42",BacktrackAgent,0.232,0,0.569,75,0,5,0,5,55,50,76,0,0,100,0,0,25,54,0,975,47,168,1,232,50,20
"agent BacktrackAgent #43",BacktrackAgent,0.046,0,0.569,75,0,0,0,0,8,50,0,0,0,100,0,0,25,23,0,652,15,47,2,46,50,20
"agent BacktrackAgent #44",BacktrackAgent,0.619,0,0.569,75,0,16,0,16,135,50,182,0,0,100,0,0,25,160,0,1755,142,334,3,619,50,20
"agent BacktrackAgent #45",BacktrackAgent,0.103,0,0.569,75,0,1,0,1,34,50,10,0,0,100,0,0,25,34,0,1984,25,92,0,103,50,20
"agent BacktrackAgent #46",BacktrackAgent,0.136,0,0.569,75,0,4,0,4,29,50,54,0,0,100,0,0,25,32,0,841,21,120,1,136,50,20
"agent BacktrackAgent #47",BacktrackAgent,0.136,0,0.569,75,0,2,0,2,36,50,17,0,0,100,0,0,25,40,0,899,43,92,2,136,50,20
"agent BacktrackAgent #48",BacktrackAgent,0.619,0,0.569,75,0,16,0,16,135,50,182,0,0,100,0,0,25,160,0,1581,142,334,3,619,50,20
"agent BacktrackAgent #49",BacktrackAgent,0.115,0,0.569,75,0,2,0,2,34,50,16,0,0,100,0,0,25,40,0,1941,25,98,0,115,50,20
"agent BacktrackAgent #50",BacktrackAgent,0.452,0,0.569,75,0,11,0,11,103,50,138,0,0,100,0,0,25,116,0,1482,95,278,1,452,50,20
"agent BacktrackAgent #51",BacktrackAgent,0.136,0,0.569,75,0,2,0,2,36,50,17,0,0,100,0,0,25,40,0,991,43,92,2,136,50,20
"agent BacktrackAgent #52",BacktrackAgent,0.619,0,0.569,75,0,16,0,16,135,50,182,0,0,100,0,0,25,160,0,1281,142,334,3,619,50,20
"agent BacktrackAgent #53",BacktrackAgent,0.103,0,0.569,75,0,1,0,1,34,50,10,0,0,100,0,0,25,34,0,1796,25,92,0,103,50,20
"agent BacktrackAgent #54",BacktrackAgent,0.46,0,0.569,75,0,13,0,13,105,50,140,0,0,100,0,0,25,118,0,1235,97,282,1,460,50,20
"agent BacktrackAgent #55",BacktrackAgent,0.046,0,0.569,75,0,0,0,0,8,50,0,0,0,100,0,0,25,23,0,604,15,47,2,46,50,20
"agent BacktrackAgent #56",BacktrackAgent,0.619,0,0.569,75,0,16,0,16,135,50,182,0,0,100,0,0,25,160,0,1092,142,334,3,619,50,20
"agent BacktrackAgent #57",BacktrackAgent,0.079,0,0.569,75,0,0,0,0,26,50,6,0,0,100,0,0,25,30,0,1664,17,80,0,79,50,20
"agent BacktrackAgent #58",BacktrackAgent,0.28,0,0.569,75,0,6,0,6,67,50,88,0,0,100,0,0,25,66,0,1147,59,192,1,280,50,20
"agent BacktrackAgent #59",BacktrackAgent,0.046,0,0.569,75,0,0,0,0,8,50,0,0,0,100,0,0,25,23,0,558,15,47,2,46,50,20
"agent BacktrackAgent #60",BacktrackAgent,0.515,0,0.569,75,0,13,0,13,109,50,156,0,0,100,0,0,25,134,0,843,116,282,3,515,50,20
"agent BacktrackAgent #61",BacktrackAgent,0.079,0,0.569,75,0,0,0,0,26,50,6,0,0,100,0,0,25,30,0,1507,17,80,0,79,50,20
"agent BacktrackAgent #62",BacktrackAgent,0.28,0,0.569,75,0,6,0,6,67,50,88,0,0,100,0,0,25,66,0,953,59,192,1,280,50,20
"agent BacktrackAgent #63",BacktrackAgent,0.136,0,0.569,75,0,2,0,2,36,50,17,0,0,100,0,0,25,40,0,852,43,92,2,136,50,20
"agent BacktrackAgent #64",BacktrackAgent,0.151,0,0.569,75,0,3,0,3,33,50,50,0,0,100,0,0,25,28,0,686,40,100,3,151,50,20
"agent BacktrackAgent #65",BacktrackAgent,0.115,0,0.569,75,0,2,0,2,34,50,16,0,0,100,0,0,25,40,0,1661,25,98,0,115,50,20
"agent BacktrackAgent #66",BacktrackAgent,0.396,0,0.569,75,0,8,0,8,89,50,124,0,0,100,0,0,25,102,0,1095,81,250,1,396,50,20
"agent BacktrackAgent #67",BacktrackAgent,0.046,0,0.569,75,0,0,0,0,8,50,0,0,0,100,0,0,25,23,0,511,15,47,2,46,50,20
"agent BacktrackAgent #68",BacktrackAgent,0.619,0,0.569,75,0,16,0,16,135,50,182,0,0,100,0,0,25,160,0,711,142,334,3,619,50,20
"agent BacktrackAgent #69",BacktrackAgent,0.079,0,0.569,75,0,0,0,0,26,50,6,0,0,100,0,0,25,30,0,1401,17,80,0,79,50,20
"agent BacktrackAgent #70",BacktrackAgent,0.508,0,0.569,75,0,13,0,13,117,50,152,0,0,100,0,0,25,130,0,1047,109,306,1,508,50,20
"agent BacktrackAgent #71",BacktrackAgent,0.058,0,0.569,75,0,1,0,1,8,50,6,0,0,100,0,0,25,29,0,508,15,53,2,58,50,20
"agent BacktrackAgent #72",BacktrackAgent,0.151,0,0.569,75,0,3,0,3,33,50,50,0,0,100,0,0,25,28,0,534,40,100,3,151,50,20
"agent BacktrackAgent #73",BacktrackAgent,0.079,0,0.569,75,0,0,0,0,26,50,6,0,0,100,0,0,25,30,0,1322,17,80,0,79,50,20
"agent BacktrackAgent #74",BacktrackAgent,0.504,0,0.569,75,0,12,0,12,115,50,152,0,0,100,0,0,25,130,0,881,107,304,1,504,50,20
"agent BacktrackAgent #75",BacktrackAgent,0.136,0,0.569,75,0,2,0,2,36,50,17,0,0,100,0,0,25,40,0,713,43,92,2,136,50,20
"agent ForwardAgent #76",ForwardAgent,0.075,0,0.569,75,0,1,0,1,15,50,30,0,0,100,0,0,25,8,0,300,22,62,3,75,50,20
"agent ForwardAgent #77",ForwardAgent,0.079,0,0.569,75,0,0,0,0,26,50,6,0,0,100,0,0,25,30,0,859,17,80,0,79,50,20
"agent ForwardAgent #78",ForwardAgent,0.938,0,0.569,75,0,26,0,26,214,50,270,0,0,100,0,0,25,248,0,390,206,280,1,938,50,20
"agent ForwardAgent #79",ForwardAgent,0.286,0,0.569,75,0,5,0,5,66,50,62,0,0,100,0,0,25,85,0,538,73,98,2,286,50,20
"agent ForwardAgent #80",ForwardAgent,0.063,0,0.569,75,0,1,0,1,9,50,30,0,0,100,0,0,25,8,0,393,16,56,3,63,50,20
"agent ForwardAgent #81",ForwardAgent,0.103,0,0.569,75,0,1,0,1,34,50,10,0,0,100,0,0,25,34,0,1013,25,92,0,103,50,20
"agent ForwardAgent #82",ForwardAgent,2.638,0,0.569,75,0,80,0,80,594,50,740,0,0,100,0,0,25,718,0,582,586,290,1,2638,50,20
"agent ForwardAgent #83",ForwardAgent,0.124,0,0.569,75,0,2,0,2,28,50,19,0,0,100,0,0,25,42,0,609,35,86,2,124,50,20
"agent ForwardAgent #84",ForwardAgent,0.075,0,0.569,75,0,1,0,1,15,50,30,0,0,100,0,0,25,8,0,224,22,62,3,75,50,20
"agent ForwardAgent #85",ForwardAgent,0.219,0,0.569,75,0,3,0,3,58,50,44,0,0,100,0,0,25,68,0,929,49,86,0,219,50,20
"agent ForwardAgent #86",ForwardAgent,1.072,0,0.569,75,0,28,0,28,221,50,330,0,0,100,0,0,25,308,0,755,213,262,1,1072,50,20
"agent ForwardAgent #87",ForwardAgent,0.112,0,0.569,75,0,1,0,1,28,50,13,0,0,100,0,0,25,36,0,480,35,80,2,112,50,20
"agent ForwardAgent #88",ForwardAgent,0.171,0,0.569,75,0,4,0,4,37,50,56,0,0,100,0,0,25,34,0,286,44,78,3,171,50,20
"agent ForwardAgent #89",ForwardAgent,0.319,0,0.569,75,0,6,0,6,88,50,64,0,0,100,0,0,25,88,0,1131,79,98,0,319,50,20
"agent ForwardAgent #90",ForwardAgent,0.776,0,0.569,75,0,22,0,22,161,50,242,0,0,100,0,0,25,220,0,737,153,274,1,776,50,20
"agent ForwardAgent #91",ForwardAgent,0.058,0,0.569,75,0,1,0,1,8,50,6,0,0,100,0,0,25,29,0,271,15,53,2,58,50,20
"agent ForwardAgent #92",ForwardAgent,0.047,0,0.569,75,0,0,0,0,7,50,24,0,0,100,0,0,25,2,0,286,14,48,3,47,50,20
"agent ForwardAgent #93",ForwardAgent,0.167,0,0.569,75,0,3,0,3,48,50,28,0,0,100,0,0,25,52,0,964,39,98,0,167,50,20
"agent ForwardAgent #94",ForwardAgent,5.962,0,0.569,75,0,169,0,169,1318,50,1678,0,0,100,0,0,25,1656,0,959,1310,334,1,5962,50,20
"agent ForwardAgent #95",ForwardAgent,0.124,0,0.569,75,0,2,0,2,28,50,19,0,0,100,0,0,25,42,0,386,35,86,2,124,50,20
"agent ForwardAgent #96",ForwardAgent,3.043,0,0.569,75,0,76,0,76,697,50,832,0,0,100,0,0,25,810,0,505,704,326,3,3043,50,20
"agent ForwardAgent #97",ForwardAgent,0.091,0,0.569,75,0,1,0,1,26,50,12,0,0,100,0,0,25,36,0,713,17,86,0,91,50,20
"agent ForwardAgent #98",ForwardAgent,0.302,0,0.569,75,0,2,0,2,70,50,96,0,0,100,0,0,25,74,0,214,62,203,1,302,50,20
"agent ForwardAgent #99",ForwardAgent,0.148,0,0.569,75,0,3,0,3,36,50,23,0,0,100,0,0,25,46,0,421,43,98,2,148,50,20
"agent ForwardAgent #100",ForwardAgent,0.603,0,0.569,75,0,16,0,16,135,50,174,0,0,100,0,0,25,152,0,647,142,216,3,603,50,20
"agent ForwardAgent #101",ForwardAgent,0.079,0,0.569,75,0,0,0,0,26,50,6,0,0,100,0,0,25,30,0,1215,17,80,0,79,50,20
"agent ForwardAgent #102",ForwardAgent,0.128,0,0.569,75,0,2,0,2,29,50,50,0,0,100,0,0,25,28,0,520,21,116,1,128,50,20
"agent ForwardAgent #103",ForwardAgent,0.26,0,0.569,75,0,5,0,5,70,50,45,0,0,100,0,0,25,68,0,714,77,98,2,260,50,20
"agent ForwardAgent #104",ForwardAgent,0.143,0,0.569,75,0,2,0,2,33,50,46,0,0,100,0,0,25,24,0,491,40,96,3,143,50,20
"agent ForwardAgent #105",ForwardAgent,0.091,0,0.569,75,0,1,0,1,26,50,12,0,0,100,0,0,25,36,0,1231,17,86,0,91,50,20
"agent ForwardAgent #106",ForwardAgent,2.404,0,0.569,75,0,60,0,60,493,50,724,0,0,100,0,0,25,702,0,1092,485,280,1,2404,50,20
"agent ForwardAgent #107",ForwardAgent,0.046,0,0.569,75,0,0,0,0,8,50,0,0,0,100,0,0,25,23,0,387,15,47,2,46,50,20
"agent ForwardAgent #108",ForwardAgent,1.259,0,0.569,75,0,29,0,29,285,50,352,0,0,100,0,0,25,330,0,617,292,310,3,1259,50,20
"agent ForwardAgent #109",ForwardAgent,0.203,0,0.569,75,0,3,0,3,60,50,34,0,0,100,0,0,25,58,0,1423,51,98,0,203,50,20
"agent ForwardAgent #110",ForwardAgent,2.536,0,0.569,75,0,76,0,76,457,50,826,0,0,100,0,0,25,804,0,1150,449,280,1,2536,50,20
"agent ForwardAgent #111",ForwardAgent,0.124,0,0.569,75,0,2,0,2,28,50,19,0,0,100,0,0,25,42,0,757,35,86,2,124,50,20
"agent ForwardAgent #112",ForwardAgent,0.075,0,0.569,75,0,1,0,1,15,50,30,0,0,100,0,0,25,8,0,434,22,62,3,75,50,20
"agent ForwardAgent #113",ForwardAgent,0.231,0,0.569,75,0,3,0,3,66,50,42,0,0,100,0,0,25,66,0,1265,57,98,0,231,50,20
"agent ForwardAgent #114",ForwardAgent,0.174,0,0.569,75,0,3,0,3,42,50,60,0,0,100,0,0,25,38,0,294,34,138,1,174,50,20
"agent ForwardAgent #115",ForwardAgent,0.224,0,0.569,75,0,4,0,4,54,50,43,0,0,100,0,0,25,66,0,487,61,98,2,224,50,20
"agent ForwardAgent #116",ForwardAgent,0.651,0,0.569,75,0,16,0,16,155,50,178,0,0,100,0,0,25,156,0,493,162,246,3,651,50,20
"agent ForwardAgent #117",ForwardAgent,0.179,0,0.569,75,0,3,0,3,56,50,26,0,0,100,0,0,25,50,0,1299,47,92,0,179,50,20
"agent ForwardAgent #118",ForwardAgent,0.638,0,0.569,75,0,16,0,16,148,50,186,0,0,100,0,0,25,164,0,474,140,277,1,638,50,20
"agent ForwardAgent #119",ForwardAgent,0.046,0,0.569,75,0,0,0,0,8,50,0,0,0,100,0,0,25,23,0,339,15,47,2,46,50,20
"agent ForwardAgent #120",ForwardAgent,0.787,0,0.569,75,0,20,0,20,175,50,226,0,0,100,0,0,25,204,0,670,182,198,3,787,50,20
"agent ForwardAgent #121",ForwardAgent,0.079,0,0.569,75,0,0,0,0,26,50,6,0,0,100,0,0,25,30,0,963,17,80,0,79,50,20
"agent ForwardAgent #122",ForwardAgent,0.716,0,0.569,75,0,18,0,18,169,50,204,0,0,100,0,0,25,182,0,723,161,258,1,716,50,20
"agent ForwardAgent #123",ForwardAgent,0.058,0,0.569,75,0,1,0,1,8,50,6,0,0,100,0,0,25,29,0,363,15,53,2,58,50,20
"agent ForwardAgent #124",ForwardAgent,0.091,0,0.569,75,0,2,0,2,19,50,34,0,0,100,0,0,25,12,0,258,26,70,3,91,50,20
"agent ForwardAgent #125",ForwardAgent,0.103,0,0.569,75,0,1,0,1,34,50,10,0,0,100,0,0,25,34,0,1142,25,92,0,103,50,20
"agent RandomAgent #126",RandomAgent,2.424,0,0.569,75,0,25,0,1231,663,50,564,0,0,100,0,0,25,542,0,579,655,139,1,2424,50,20
"agent RandomAgent #127",RandomAgent,0.666,0,0.569,75,0,4,0,315,137,50,181,0,0,100,0,0,25,204,0,123,144,55,2,666,50,20
"agent RandomAgent #128",RandomAgent,101.081,0,0.569,75,0,2589,0,50440,23137,50,27411,0,0,100,0,0,25,27389,0,2645,23144,334,3,101081,50,20
"agent RandomAgent #129",RandomAgent,6.051,0,0.569,75,0,76,0,2993,1973,50,1045,0,0,100,0,0,25,1069,0,2789,1964,98,0,6051,50,20
"agent RandomAgent #130",RandomAgent,79.614,0,0.569,75,0,1662,0,39509,18123,50,21699,0,0,100,0,0,25,21677,0,1629,18115,276,1,79614,50,20
"agent RandomAgent #131",RandomAgent,4.61,0,0.569,75,0,151,0,2401,1167,50,1123,0,0,100,0,0,25,1146,0,1178,1174,98,2,4610,50,20
"agent RandomAgent #132",RandomAgent,46.085,0,0.569,75,0,961,0,22968,10299,50,12751,0,0,100,0,0,25,12729,0,1366,10306,334,3,46085,50,20
"agent RandomAgent #133",RandomAgent,2.785,0,0.569,75,0,93,0,1369,782,50,603,0,0,100,0,0,25,627,0,936,773,94,0,2785,50,20
"agent RandomAgent #134",RandomAgent,14.564,0,0.569,75,0,333,0,7220,3080,50,4217,0,0,100,0,0,25,4195,0,1249,3072,241,1,14564,50,20
"agent RandomAgent #135",RandomAgent,1.142,0,0.569,75,0,0,0,568,251,50,305,0,0,100,0,0,25,328,0,82,258,58,2,1142,50,20
"agent RandomAgent #136",RandomAgent,0.683,0,0.569,75,0,0,0,339,137,50,212,0,0,100,0,0,25,190,0,73,144,52,3,683,50,20
"agent RandomAgent #137",RandomAgent,4.563,0,0.569,75,0,45,0,2317,1339,50,935,0,0,100,0,0,25,959,0,1402,1330,98,0,4563,50,20
"agent RandomAgent #138",RandomAgent,13.508,0,0.569,75,0,276,0,6700,2627,50,4142,0,0,100,0,0,25,4120,0,932,2619,204,1,13508,50,20
"agent RandomAgent #139",RandomAgent,34.128,0,0.569,75,0,730,0,17362,9616,50,7433,0,0,100,0,0,25,7456,0,1694,9623,98,2,34128,50,20
"agent RandomAgent #140",RandomAgent,2.765,0,0.569,75,0,40,0,1400,700,50,690,0,0,100,0,0,25,668,0,418,707,79,3,2765,50,20
"agent RandomAgent #141",RandomAgent,29.035,0,0.569,75,0,386,0,14486,8417,50,6093,0,0,100,0,0,25,6117,0,1327,8408,98,0,29035,50,20
"agent RandomAgent #142",RandomAgent,15.078,0,0.569,75,0,371,0,7657,3292,50,4262,0,0,100,0,0,25,4240,0,612,3284,207,1,15078,50,20
"agent RandomAgent #143",RandomAgent,0.726,0,0.569,75,0,0,0,355,166,50,182,0,0,100,0,0,25,205,0,44,173,60,2,726,50,20
"agent RandomAgent #144",RandomAgent,15.235,0,0.569,75,0,289,0,7556,3686,50,3939,0,0,100,0,0,25,3917,0,247,3693,208,3,15235,50,20
"agent RandomAgent #145",RandomAgent,11.005,0,0.569,75,0,205,0,5579,3013,50,2482,0,0,100,0,0,25,2506,0,555,3004,98,0,11005,50,20
"agent RandomAgent #146",RandomAgent,2.158,0,0.569,75,0,21,0,1085,467,50,627,0,0,100,0,0,25,605,0,89,459,132,1,2158,50,20
"agent RandomAgent #147",RandomAgent,3.772,0,0.569,75,0,37,0,1853,1169,50,702,0,0,100,0,0,25,725,0,80,1176,98,2,3772,50,20
"agent RandomAgent #148",RandomAgent,3.187,0,0.569,75,0,65,0,1549,842,50,759,0,0,100,0,0,25,737,0,0,849,112,3,3187,50,20
"agent RandomAgent #149",RandomAgent,10.331,0,0.569,75,0,133,0,5117,3076,50,2082,0,0,100,0,0,25,2106,0,0,3067,98,0,10331,50,20
"agent RandomAgent #150",RandomAgent,49.068,0,0.569,75,0,1024,0,24510,10741,50,13808,0,0,100,0,0,25,13786,0,0,10733,291,1,49068,50,20
"agent NegotiatingAgent #151",NegotiatingAgent,0.046,42,0.569,75,28,0,0,0,8,50,0,54,55,100,0,0,25,23,0,116,15,47,2,46,50,20
"agent NegotiatingAgent #152",NegotiatingAgent,0.047,0,0.569,75,19,0,0,0,7,50,24,31,48,100,0,0,25,2,0,95,14,48,3,47,50,20
"agent NegotiatingAgent #153",NegotiatingAgent,0.103,1430,0.569,75,69,1,0,1,34,50,10,147,134,100,0,0,25,34,0,239,25,92,0,103,50,20
"agent NegotiatingAgent #154",NegotiatingAgent,0.11,263,0.569,75,27,2,0,2,26,50,44,51,70,100,0,0,25,22,0,104,18,107,1,110,50,20
"agent NegotiatingAgent #155",NegotiatingAgent,0.148,928,0.569,75,58,3,0,3,36,50,23,118,134,100,0,0,25,46,0,189,43,98,2,148,50,20
"agent NegotiatingAgent #156",NegotiatingAgent,0.515,6530,0.569,75,124,13,0,13,109,50,156,260,304,100,0,0,25,134,0,396,116,282,3,515,50,20
"agent NegotiatingAgent #157",NegotiatingAgent,0.115,882,0.569,75,95,2,0,2,34,50,16,208,179,100,5,1,25,40,0,353,25,98,0,115,50,20
"agent NegotiatingAgent #158",NegotiatingAgent,0.18,1173,0.569,75,44,4,0,4,43,50,62,81,114,100,0,0,25,40,0,184,35,142,1,180,50,20
"agent NegotiatingAgent #159",NegotiatingAgent,0.058,132,0.569,75,41,1,0,1,8,50,6,82,77,100,0,1,25,29,0,121,15,53,2,58,50,20
"agent NegotiatingAgent #160",NegotiatingAgent,0.047,0,0.569,75,34,0,0,0,7,50,24,70,58,100,0,2,25,2,0,184,14,48,3,47,50,20
"agent NegotiatingAgent #161",NegotiatingAgent,0.091,633,0.569,75,70,1,0,1,26,50,12,166,138,100,0,5,25,36,0,339,17,86,0,91,50,20
"agent NegotiatingAgent #162",NegotiatingAgent,0.556,7048,0.569,75,123,14,0,14,129,50,164,275,273,100,4,2,25,142,0,442,121,330,1,556,50,20
"agent NegotiatingAgent #163",NegotiatingAgent,0.148,633,0.569,75,47,3,0,3,36,50,23,100,124,100,3,2,25,46,0,254,43,98,2,148,50,20
"agent NegotiatingAgent #164",NegotiatingAgent,0.047,0,0.569,75,24,0,0,0,7,50,24,59,54,100,0,0,25,2,0,172,14,48,3,47,50,20
"agent NegotiatingAgent #165",NegotiatingAgent,0.103,404,0.569,75,44,1,0,1,34,50,10,120,104,100,1,13,25,34,0,243,25,92,0,103,50,20
"agent NegotiatingAgent #166",NegotiatingAgent,0.106,14,0.569,75,16,1,0,1,26,50,42,64,61,100,8,3,25,20,0,109,18,105,1,106,50,20
"agent NegotiatingAgent #167",NegotiatingAgent,0.148,216,0.569,75,47,3,0,3,36,50,23,127,143,100,11,0,25,46,0,209,43,98,2,148,50,20
"agent NegotiatingAgent #168",NegotiatingAgent,0.529,7236,0.569,75,104,9,0,10,116,50,156,361,370,100,59,6,25,134,0,389,123,289,3,529,50,20
"agent NegotiatingAgent #169",NegotiatingAgent,0.091,422,0.569,75,56,1,0,1,26,50,12,142,120,100,7,3,25,36,0,306,17,86,0,91,50,20
"agent NegotiatingAgent #170",NegotiatingAgent,0.548,5061,0.569,75,84,12,0,12,127,50,162,287,291,100,42,3,25,140,0,346,119,326,1,548,50,20
"agent NegotiatingAgent #171",NegotiatingAgent,0.148,582,0.569,75,35,3,0,3,36,50,23,131,133,100,10,11,25,46,0,248,43,98,2,148,50,20
"agent NegotiatingAgent #172",NegotiatingAgent,0.533,5316,0.569,75,92,10,0,11,120,50,154,269,277,100,28,1,25,132,0,331,127,291,3,533,50,20
"agent NegotiatingAgent #173",NegotiatingAgent,0.115,410,0.569,75,39,2,0,2,34,50,16,132,124,100,9,6,25,40,0,441,25,98,0,115,50,20
"agent NegotiatingAgent #174",NegotiatingAgent,0.466,9910,0.569,75,160,7,0,7,112,50,136,462,431,100,34,5,25,114,0,461,104,285,1,466,50,20
"agent NegotiatingAgent #175",NegotiatingAgent,0.136,708,0.569,75,37,2,0,2,36,50,17,137,141,100,10,13,25,40,0,260,43,92,2,136,50,20
"agent NegotiatingAgent #176",NegotiatingAgent,0.151,1430,0.569,75,57,3,0,3,33,50,50,122,127,100,0,4,25,28,0,291,40,100,3,151,50,20
"agent NegotiatingAgent #177",NegotiatingAgent,0.103,474,0.569,75,32,1,0,1,34,50,10,103,90,100,0,11,25,34,0,472,25,92,0,103,50,20
"agent NegotiatingAgent #178",NegotiatingAgent,0.466,3323,0.569,75,50,10,0,10,112,50,136,198,200,100,30,3,25,114,0,230,104,285,1,466,50,20
"agent NegotiatingAgent #179",NegotiatingAgent,0.046,36,0.569,75,22,0,0,0,8,50,0,47,62,100,0,2,25,23,0,160,15,47,2,46,50,20
"agent NegotiatingAgent #180",NegotiatingAgent,0.047,0,0.569,75,14,0,0,0,7,50,24,61,50,100,0,3,25,2,0,137,14,48,3,47,50,20
"agent NegotiatingAgent #181",NegotiatingAgent,0.115,327,0.569,75,52,2,0,2,34,50,16,175,148,100,5,10,25,40,0,263,25,98,0,115,50,20
"agent NegotiatingAgent #182",NegotiatingAgent,0.438,6724,0.569,75,98,9,0,9,104,50,130,235,231,100,9,2,25,108,0,302,96,271,1,438,50,20
"agent NegotiatingAgent #183",NegotiatingAgent,0.136,147,0.569,75,21,2,0,2,36,50,17,129,125,100,14,17,25,40,0,242,43,92,2,136,50,20
"agent NegotiatingAgent #184",NegotiatingAgent,0.151,348,0.569,75,36,3,0,3,33,50,50,137,114,100,9,14,25,28,0,235,40,100,3,151,50,20
"agent NegotiatingAgent #185",NegotiatingAgent,0.115,105,0.569,75,42,2,0,2,34,50,16,155,128,100,7,9,25,40,0,524,25,98,0,115,50,20
"agent NegotiatingAgent #186",NegotiatingAgent,0.174,2396,0.569,75,52,4,0,4,42,50,60,112,127,100,1,0,25,38,0,187,34,139,1,174,50,20
"agent NegotiatingAgent #187",NegotiatingAgent,0.046,12,0.569,75,22,0,0,0,8,50,0,61,53,100,0,5,25,23,0,159,15,47,2,46,50,20
"agent NegotiatingAgent #188",NegotiatingAgent,0.519,2945,0.569,75,61,8,0,9,115,50,152,387,378,100,79,1,25,130,0,336,122,284,3,519,50,20
"agent NegotiatingAgent #189",NegotiatingAgent,0.103,132,0.569,75,20,1,0,1,34,50,10,125,102,100,13,17,25,34,0,450,25,92,0,103,50,20
"agent NegotiatingAgent #190",NegotiatingAgent,0.228,775,0.569,75,31,4,0,4,53,50,76,89,94,100,3,3,25,54,0,225,45,166,1,228,50,20
"agent NegotiatingAgent #191",NegotiatingAgent,0.058,0,0.569,75,11,1,0,1,8,50,6,70,47,100,1,15,25,29,0,131,15,53,2,58,50,20
"agent NegotiatingAgent #192",NegotiatingAgent,0.491,4102,0.569,75,57,10,0,10,107,50,146,204,261,100,24,6,25,124,0,402,114,270,3,491,50,20
"agent NegotiatingAgent #193",NegotiatingAgent,0.103,372,0.569,75,18,1,0,1,34,50,10,101,77,100,1,22,25,34,0,600,25,92,0,103,50,20
"agent NegotiatingAgent #194",NegotiatingAgent,0.372,4817,0.569,75,73,5,0,6,83,50,118,224,218,100,22,5,25,96,0,359,75,238,1,372,50,20
"agent NegotiatingAgent #195",NegotiatingAgent,0.136,96,0.569,75,17,2,0,2,36,50,17,117,111,100,13,12,25,40,0,159,43,92,2,136,50,20
"agent NegotiatingAgent #196",NegotiatingAgent,0.151,1188,0.569,75,26,3,0,3,33,50,50,109,99,100,11,8,25,28,0,192,40,100,3,151,50,20
"agent NegotiatingAgent #197",NegotiatingAgent,0.115,84,0.569,75,9,2,0,2,34,50,16,115,85,100,10,18,25,40,0,532,25,98,0,115,50,20
"agent NegotiatingAgent #198",NegotiatingAgent,0.362,2557,0.569,75,40,6,0,6,86,50,110,142,155,100,26,3,25,88,0,136,78,233,1,362,50,20
"agent NegotiatingAgent #199",NegotiatingAgent,0.148,450,0.569,75,13,3,0,3,36,50,23,125,119,100,20,14,25,46,0,184,43,98,2,148,50,20
"agent NegotiatingAgent #200",NegotiatingAgent,0.151,762,0.569,75,26,3,0,3,33,50,50,92,98,100,6,10,25,28,0,243,40,100,3,151,50,20
"agent NegotiatingAgent #201",NegotiatingAgent,0.091,120,0.569,75,30,1,0,1,26,50,12,98,95,100,4,11,25,36,0,389,17,86,0,91,50,20
"agent NegotiatingAgent #202",NegotiatingAgent,0.176,1660,0.569,75,27,3,0,3,39,50,64,128,125,100,19,10,25,42,0,311,31,140,1,176,50,20
"agent NegotiatingAgent #203",NegotiatingAgent,0.058,36,0.569,75,19,1,0,1,8,50,6,63,61,100,1,8,25,29,0,133,15,53,2,58,50,20
"agent NegotiatingAgent #204",NegotiatingAgent,0.147,845,0.569,75,23,2,0,2,33,50,48,115,93,100,9,20,25,26,0,182,40,98,3,147,50,20
"agent NegotiatingAgent #205",NegotiatingAgent,0.103,0,0.569,75,6,1,0,1,34,50,10,104,81,100,9,24,25,34,0,335,25,92,0,103,50,20
"agent NegotiatingAgent #206",NegotiatingAgent,0.128,32,0.569,75,13,2,0,2,27,50,52,80,91,100,13,1,25,30,0,184,19,116,1,128,50,20
"agent NegotiatingAgent #207",NegotiatingAgent,0.046,0,0.569,75,6,0,0,0,8,50,0,33,25,100,0,8,25,23,0,142,15,47,2,46,50,20
"agent NegotiatingAgent #208",NegotiatingAgent,0.147,220,0.569,75,18,2,0,2,33,50,48,127,114,100,23,12,25,26,0,153,40,98,3,147,50,20
"agent NegotiatingAgent #209",NegotiatingAgent,0.079,6,0.569,75,21,0,0,0,26,50,6,97,78,100,0,13,25,30,0,165,17,80,0,79,50,20
"agent NegotiatingAgent #210",NegotiatingAgent,0.158,1143,0.569,75,21,3,0,3,40,50,54,74,94,100,7,7,25,32,0,111,32,131,1,158,50,20
"agent NegotiatingAgent #211",NegotiatingAgent,0.058,6,0.569,75,17,1,0,1,8,50,6,70,50,100,0,10,25,29,0,103,15,53,2,58,50,20
"agent NegotiatingAgent #212",NegotiatingAgent,0.369,906,0.569,75,23,5,0,6,76,50,116,154,160,100,36,6,25,94,0,135,83,209,3,369,50,20
"agent NegotiatingAgent #213",NegotiatingAgent,0.103,240,0.569,75,13,1,0,1,34,50,10,110,88,100,4,21,25,34,0,437,25,92,0,103,50,20
"agent NegotiatingAgent #214",NegotiatingAgent,0.128,935,0.569,75,15,2,0,2,27,50,52,80,75,100,6,12,25,30,0,214,19,116,1,128,50,20
"agent NegotiatingAgent #215",NegotiatingAgent,0.058,12,0.569,75,8,1,0,1,8,50,6,67,52,100,3,12,25,29,0,122,15,53,2,58,50,20
"agent NegotiatingAgent #216",NegotiatingAgent,0.147,752,0.569,75,15,2,0,2,33,50,48,107,90,100,15,14,25,26,0,140,40,98,3,147,50,20
"agent NegotiatingAgent #217",NegotiatingAgent,0.079,30,0.569,75,15,0,0,0,26,50,6,68,62,100,0,11,25,30,0,296,17,80,0,79,50,20
"agent NegotiatingAgent #218",NegotiatingAgent,0.372,4279,0.569,75,63,5,0,5,83,50,118,211,211,100,16,6,25,96,0,338,75,238,1,372,50,20
"agent NegotiatingAgent #219",NegotiatingAgent,0.046,0,0.569,75,2,0,0,0,8,50,0,38,27,100,0,15,25,23,0,98,15,47,2,46,50,20
"agent NegotiatingAgent #220",NegotiatingAgent,0.393,2053,0.569,75,26,4,0,6,84,50,120,210,221,100,54,8,25,98,0,195,91,221,3,393,50,20
"agent NegotiatingAgent #221",NegotiatingAgent,0.079,0,0.569,75,6,0,0,0,26,50,6,74,49,100,0,23,25,30,0,260,17,80,0,79,50,20
"agent NegotiatingAgent #222",NegotiatingAgent,0.186,298,0.569,75,10,3,0,3,46,50,62,75,86,100,11,11,25,40,0,85,38,145,1,186,50,20
"agent NegotiatingAgent #223",NegotiatingAgent,0.136,12,0.569,75,9,2,0,2,36,50,17,119,108,100,17,15,25,40,0,139,43,92,2,136,50,20
"agent NegotiatingAgent #224",NegotiatingAgent,0.437,3168,0.569,75,43,6,0,7,98,50,128,250,264,100,55,5,25,106,0,207,105,243,3,437,50,20
"agent NegotiatingAgent #225",NegotiatingAgent,0.091,12,0.569,75,8,1,0,1,26,50,12,94,63,100,1,28,25,36,0,269,17,86,0,91,50,20
"agent NegotiatingAgent #226",NegotiatingAgent,0.176,715,0.569,75,16,4,0,4,43,50,60,139,135,100,28,8,25,38,0,188,35,140,1,176,50,20
"agent NegotiatingAgent #227",NegotiatingAgent,0.136,12,0.569,75,1,2,0,2,36,50,17,73,83,100,5,16,25,40,0,114,43,92,2,136,50,20
"agent NegotiatingAgent #228",NegotiatingAgent,0.047,0,0.569,75,0,0,0,0,7,50,24,29,19,100,0,11,25,2,0,48,14,48,3,47,50,20
"agent NegotiatingAgent #229",NegotiatingAgent,0.091,0,0.569,75,10,1,0,1,26,50,12,79,63,100,3,17,25,36,0,261,17,86,0,91,50,20
"agent NegotiatingAgent #230",NegotiatingAgent,0.2,0,0.569,75,0,6,0,6,45,50,70,114,112,100,31,12,25,48,0,116,37,152,1,200,50,20
"agent NegotiatingAgent #231",NegotiatingAgent,0.058,6,0.569,75,6,1,0,1,8,50,6,62,45,100,1,13,25,29,0,63,15,53,2,58,50,20
"agent NegotiatingAgent #232",NegotiatingAgent,0.495,1331,0.569,75,21,10,0,10,115,50,140,430,383,100,123,3,25,118,0,105,122,272,3,495,50,20
"agent NegotiatingAgent #233",NegotiatingAgent,0.091,72,0.569,75,5,1,0,1,26,50,12,84,63,100,1,24,25,36,0,192,17,86,0,91,50,20
"agent NegotiatingAgent #234",NegotiatingAgent,0.176,35,0.569,75,3,3,0,4,39,50,64,109,109,100,31,8,25,42,0,87,31,140,1,176,50,20
"agent NegotiatingAgent #235",NegotiatingAgent,0.046,0,0.569,75,0,0,0,0,8,50,0,42,26,100,0,16,25,23,0,34,15,47,2,46,50,20
"agent NegotiatingAgent #236",NegotiatingAgent,0.147,160,0.569,75,5,2,0,2,33,50,48,80,64,100,10,17,25,26,0,65,40,98,3,147,50,20
"agent NegotiatingAgent #237",NegotiatingAgent,0.103,12,0.569,75,1,1,0,1,34,50,10,110,80,100,10,22,25,34,0,230,25,92,0,103,50,20
"agent NegotiatingAgent #238",NegotiatingAgent,0.37,282,0.569,75,7,6,0,6,88,50,112,156,141,100,39,4,25,90,0,55,80,237,1,370,50,20
"agent NegotiatingAgent #239",NegotiatingAgent,0.136,129,0.569,75,5,2,0,2,36,50,17,133,120,100,23,16,25,40,0,113,43,92,2,136,50,20
"agent NegotiatingAgent #240",NegotiatingAgent,0.497,732,0.569,75,9,8,0,9,110,50,146,226,221,100,56,19,25,124,0,108,117,273,3,497,50,20
"agent NegotiatingAgent #241",NegotiatingAgent,0.103,336,0.569,75,6,1,0,1,34,50,10,110,83,100,5,25,25,34,0,155,25,92,0,103,50,20
"agent NegotiatingAgent #242",NegotiatingAgent,0.44,208,0.569,75,4,8,0,8,105,50,130,167,143,100,41,15,25,108,0,59,97,272,1,440,50,20
"agent NegotiatingAgent #243",NegotiatingAgent,0.148,0,0.569,75,0,3,0,3,36,50,23,107,105,100,20,18,25,46,0,69,43,98,2,148,50,20
"agent NegotiatingAgent #244",NegotiatingAgent,0.477,278,0.569,75,4,6,0,7,106,50,140,203,193,100,57,17,25,118,0,45,113,263,3,477,50,20
"agent NegotiatingAgent #245",NegotiatingAgent,0.091,0,0.569,75,0,1,0,1,26,50,12,91,61,100,7,26,25,36,0,60,17,86,0,91,50,20
"agent NegotiatingAgent #246",NegotiatingAgent,0.398,0,0.569,75,0,5,0,5,98,50,116,293,274,100,98,10,25,94,0,51,90,251,1,398,50,20
"agent NegotiatingAgent #247",NegotiatingAgent,0.058,0,0.569,75,0,1,0,1,8,50,6,49,32,100,1,17,25,29,0,6,15,53,2,58,50,20
"agent NegotiatingAgent #248",NegotiatingAgent,0.147,0,0.569,75,0,2,0,2,33,50,48,120,93,100,24,17,25,26,0,8,40,98,3,147,50,20
"agent NegotiatingAgent #249",NegotiatingAgent,0.103,0,0.569,75,0,1,0,1,34,50,10,112,78,100,10,27,25,34,0,28,25,92,0,103,50,20
"agent NegotiatingAgent #250",NegotiatingAgent,0.346,0,0.569,75,0,3,0,3,84,50,104,94,81,100,25,11,25,82,0,11,76,225,1,346,50,20
