agentName,agentType,averageSpeed,cumulatedUtilityReceived,freeWallRatio,numBacktrackAgents,numCFPAnswered,numDeadends,numDifferentEncounters,numDirectionChanges,numDownSteps,numForwardAgents,numLeftSteps,numMessagesReceived,numMessagesSent,numNegotiatingAgents,numProposalsAccepted,numProposalsRejected,numRandomAgents,numRightSteps,numSwarmAgents,numTotalEncounters,numUpSteps,numVisitedCells,startingPosition,stepsToExit,xsize,ysize
"agent BacktrackAgent #1",BacktrackAgent,0.483,0,0.569,100,0,11,0,11,100,100,134,0,0,100,0,0,100,158,0,5038,91,316,0,483,50,20
"agent BacktrackAgent #2",BacktrackAgent,0.552,0,0.569,100,0,12,0,12,123,100,168,0,0,100,0,0,100,146,0,3415,115,342,1,552,50,20
"agent BacktrackAgent #3",BacktrackAgent,0.192,0,0.569,100,0,6,0,6,44,100,37,0,0,100,0,0,100,60,0,1587,51,118,2,192,50,20
"agent BacktrackAgent #4",BacktrackAgent,0.549,0,0.569,100,0,15,0,15,122,100,160,0,0,100,0,0,100,138,0,2871,129,312,3,549,50,20
"agent BacktrackAgent #5",BacktrackAgent,0.163,0,0.569,100,0,1,0,1,32,100,42,0,0,100,0,0,100,66,0,2834,23,156,0,163,50,20
"agent BacktrackAgent #6",BacktrackAgent,0.348,0,0.569,100,0,5,0,5,71,100,118,0,0,100,0,0,100,96,0,2275,63,240,1,348,50,20
"agent BacktrackAgent #7",BacktrackAgent,0.674,0,0.569,100,0,15,0,15,130,100,192,0,0,100,0,0,100,215,0,1657,137,359,2,674,50,20
"agent BacktrackAgent #8",BacktrackAgent,0.269,0,0.569,100,0,4,0,4,42,100,100,0,0,100,0,0,100,78,0,2117,49,172,3,269,50,20
"agent BacktrackAgent #9",BacktrackAgent,0.467,0,0.569,100,0,11,0,11,96,100,130,0,0,100,0,0,100,154,0,3124,87,308,0,467,50,20
"agent BacktrackAgent #10",BacktrackAgent,0.368,0,0.569,100,0,9,0,9,89,100,110,0,0,100,0,0,100,88,0,2742,81,250,1,368,50,20
"agent BacktrackAgent #11",BacktrackAgent,0.784,0,0.569,100,0,19,0,19,160,100,217,0,0,100,0,0,100,240,0,3329,167,414,2,784,50,20
"agent BacktrackAgent #12",BacktrackAgent,0.549,0,0.569,100,0,15,0,15,122,100,160,0,0,100,0,0,100,138,0,3947,129,312,3,549,50,20
"agent BacktrackAgent #13",BacktrackAgent,0.475,0,0.569,100,0,11,0,11,98,100,132,0,0,100,0,0,100,156,0,5829,89,312,0,475,50,20
"agent BacktrackAgent #14",BacktrackAgent,0.338,0,0.569,100,0,5,0,5,66,100,118,0,0,100,0,0,100,96,0,2352,58,235,1,338,50,20
"agent BacktrackAgent #15",BacktrackAgent,0.78,0,0.569,100,0,18,0,18,160,100,215,0,0,100,0,0,100,238,0,3608,167,412,2,780,50,20
"agent BacktrackAgent #16",BacktrackAgent,0.557,0,0.569,100,0,15,0,15,124,100,162,0,0,100,0,0,100,140,0,3893,131,316,3,557,50,20
"agent BacktrackAgent #17",BacktrackAgent,0.387,0,0.569,100,0,9,0,9,88,100,98,0,0,100,0,0,100,122,0,4850,79,268,0,387,50,20
"agent BacktrackAgent #18",BacktrackAgent,0.712,0,0.569,100,0,19,0,19,157,100,214,0,0,100,0,0,100,192,0,4381,149,422,1,712,50,20
"agent BacktrackAgent #19",BacktrackAgent,0.804,0,0.569,100,0,20,0,20,164,100,223,0,0,100,0,0,100,246,0,2996,171,424,2,804,50,20
"agent BacktrackAgent #20",BacktrackAgent,0.281,0,0.569,100,0,5,0,5,44,100,104,0,0,100,0,0,100,82,0,3251,51,178,3,281,50,20
"agent BacktrackAgent #21",BacktrackAgent,0.479,0,0.569,100,0,10,0,10,100,100,132,0,0,100,0,0,100,156,0,4984,91,314,0,479,50,20
"agent BacktrackAgent #22",BacktrackAgent,0.326,0,0.569,100,0,4,0,4,64,100,114,0,0,100,0,0,100,92,0,2095,56,229,1,326,50,20
"agent BacktrackAgent #23",BacktrackAgent,0.062,0,0.569,100,0,1,0,1,10,100,6,0,0,100,0,0,100,29,0,780,17,53,2,62,50,20
"agent BacktrackAgent #24",BacktrackAgent,0.557,0,0.569,100,0,12,0,12,110,100,176,0,0,100,0,0,100,154,0,4277,117,316,3,557,50,20
"agent BacktrackAgent #25",BacktrackAgent,0.683,0,0.569,100,0,18,0,18,154,100,180,0,0,100,0,0,100,204,0,4671,145,416,0,683,50,20
"agent BacktrackAgent #26",BacktrackAgent,0.696,0,0.569,100,0,19,0,19,153,100,210,0,0,100,0,0,100,188,0,3574,145,414,1,696,50,20
"agent BacktrackAgent #27",BacktrackAgent,0.67,0,0.569,100,0,14,0,14,130,100,190,0,0,100,0,0,100,213,0,2161,137,357,2,670,50,20
"agent BacktrackAgent #28",BacktrackAgent,0.109,0,0.569,100,0,3,0,3,12,100,50,0,0,100,0,0,100,28,0,1073,19,92,3,109,50,20
"agent BacktrackAgent #29",BacktrackAgent,0.683,0,0.569,100,0,17,0,17,152,100,182,0,0,100,0,0,100,206,0,5231,143,416,0,683,50,20
"agent BacktrackAgent #30",BacktrackAgent,0.674,0,0.569,100,0,16,0,16,148,100,204,0,0,100,0,0,100,182,0,2714,140,403,1,674,50,20
"agent BacktrackAgent #31",BacktrackAgent,0.176,0,0.569,100,0,6,0,6,40,100,33,0,0,100,0,0,100,56,0,1541,47,110,2,176,50,20
"agent BacktrackAgent #32",BacktrackAgent,0.465,0,0.569,100,0,9,0,9,94,100,146,0,0,100,0,0,100,124,0,2547,101,270,3,465,50,20
"agent BacktrackAgent #33",BacktrackAgent,0.367,0,0.569,100,0,8,0,8,84,100,92,0,0,100,0,0,100,116,0,4233,75,258,0,367,50,20
"agent BacktrackAgent #34",BacktrackAgent,0.35,0,0.569,100,0,7,0,7,84,100,106,0,0,100,0,0,100,84,0,1885,76,241,1,350,50,20
"agent BacktrackAgent #35",BacktrackAgent,0.674,0,0.569,100,0,15,0,15,130,100,192,0,0,100,0,0,100,215,0,2511,137,359,2,674,50,20
"agent BacktrackAgent #36",BacktrackAgent,0.365,0,0.569,100,0,9,0,9,74,100,116,0,0,100,0,0,100,94,0,2811,81,220,3,365,50,20
"agent BacktrackAgent #37",BacktrackAgent,0.675,0,0.569,100,0,17,0,17,150,100,180,0,0,100,0,0,100,204,0,5261,141,412,0,675,50,20
"agent BacktrackAgent #38",BacktrackAgent,0.532,0,0.569,100,0,11,0,11,119,100,162,0,0,100,0,0,100,140,0,3564,111,332,1,532,50,20
"agent BacktrackAgent #39",BacktrackAgent,0.042,0,0.569,100,0,0,0,0,6,100,0,0,0,100,0,0,100,23,0,643,13,43,2,42,50,20
"agent BacktrackAgent #40",BacktrackAgent,0.537,0,0.569,100,0,11,0,11,106,100,170,0,0,100,0,0,100,148,0,4033,113,306,3,537,50,20
"agent BacktrackAgent #41",BacktrackAgent,0.363,0,0.569,100,0,8,0,8,86,100,88,0,0,100,0,0,100,112,0,3710,77,256,0,363,50,20
"agent BacktrackAgent #42",BacktrackAgent,0.346,0,0.569,100,0,5,0,5,68,100,120,0,0,100,0,0,100,98,0,1912,60,239,1,346,50,20
"agent BacktrackAgent #43",BacktrackAgent,0.046,0,0.569,100,0,1,0,1,6,100,2,0,0,100,0,0,100,25,0,485,13,45,2,46,50,20
"agent BacktrackAgent #44",BacktrackAgent,0.357,0,0.569,100,0,9,0,9,72,100,114,0,0,100,0,0,100,92,0,2923,79,216,3,357,50,20
"agent BacktrackAgent #45",BacktrackAgent,0.479,0,0.569,100,0,10,0,10,100,100,132,0,0,100,0,0,100,156,0,4427,91,314,0,479,50,20
"agent BacktrackAgent #46",BacktrackAgent,0.346,0,0.569,100,0,5,0,5,68,100,120,0,0,100,0,0,100,98,0,1564,60,239,1,346,50,20
"agent BacktrackAgent #47",BacktrackAgent,0.78,0,0.569,100,0,18,0,18,160,100,215,0,0,100,0,0,100,238,0,2990,167,412,2,780,50,20
"agent BacktrackAgent #48",BacktrackAgent,0.281,0,0.569,100,0,5,0,5,44,100,104,0,0,100,0,0,100,82,0,2165,51,178,3,281,50,20
"agent BacktrackAgent #49",BacktrackAgent,0.455,0,0.569,100,0,9,0,9,98,100,122,0,0,100,0,0,100,146,0,4184,89,302,0,455,50,20
"agent BacktrackAgent #50",BacktrackAgent,0.512,0,0.569,100,0,13,0,13,105,100,166,0,0,100,0,0,100,144,0,2956,97,322,1,512,50,20
"agent BacktrackAgent #51",BacktrackAgent,0.67,0,0.569,100,0,14,0,14,130,100,190,0,0,100,0,0,100,213,0,2284,137,357,2,670,50,20
"agent BacktrackAgent #52",BacktrackAgent,0.109,0,0.569,100,0,3,0,3,12,100,50,0,0,100,0,0,100,28,0,934,19,92,3,109,50,20
"agent BacktrackAgent #53",BacktrackAgent,0.363,0,0.569,100,0,7,0,7,84,100,90,0,0,100,0,0,100,114,0,3525,75,256,0,363,50,20
"agent BacktrackAgent #54",BacktrackAgent,0.498,0,0.569,100,0,12,0,12,100,100,164,0,0,100,0,0,100,142,0,1916,92,315,1,498,50,20
"agent BacktrackAgent #55",BacktrackAgent,0.804,0,0.569,100,0,20,0,20,164,100,223,0,0,100,0,0,100,246,0,2504,171,424,2,804,50,20
"agent BacktrackAgent #56",BacktrackAgent,0.077,0,0.569,100,0,1,0,1,6,100,40,0,0,100,0,0,100,18,0,822,13,76,3,77,50,20
"agent BacktrackAgent #57",BacktrackAgent,0.367,0,0.569,100,0,9,0,9,86,100,90,0,0,100,0,0,100,114,0,2982,77,258,0,367,50,20
"agent BacktrackAgent #58",BacktrackAgent,0.698,0,0.569,100,0,18,0,18,152,100,212,0,0,100,0,0,100,190,0,1943,144,415,1,698,50,20
"agent BacktrackAgent #59",BacktrackAgent,0.654,0,0.569,100,0,14,0,14,126,100,186,0,0,100,0,0,100,209,0,1733,133,349,2,654,50,20
"agent BacktrackAgent #60",BacktrackAgent,0.289,0,0.569,100,0,8,0,8,60,100,92,0,0,100,0,0,100,70,0,1088,67,182,3,289,50,20
"agent BacktrackAgent #61",BacktrackAgent,0.675,0,0.569,100,0,17,0,17,150,100,180,0,0,100,0,0,100,204,0,4106,141,412,0,675,50,20
"agent BacktrackAgent #62",BacktrackAgent,0.528,0,0.569,100,0,10,0,10,119,100,160,0,0,100,0,0,100,138,0,3027,111,330,1,528,50,20
"agent BacktrackAgent #63",BacktrackAgent,0.192,0,0.569,100,0,6,0,6,44,100,37,0,0,100,0,0,100,60,0,1214,51,118,2,192,50,20
"agent BacktrackAgent #64",BacktrackAgent,0.285,0,0.569,100,0,4,0,4,46,100,104,0,0,100,0,0,100,82,0,2482,53,180,3,285,50,20
"agent BacktrackAgent #65",BacktrackAgent,0.151,0,0.569,100,0,1,0,1,32,100,36,0,0,100,0,0,100,60,0,2555,23,150,0,151,50,20
"agent BacktrackAgent #66",BacktrackAgent,0.14,0,0.569,100,0,2,0,2,31,100,54,0,0,100,0,0,100,32,0,1584,23,136,1,140,50,20
"agent BacktrackAgent #67",BacktrackAgent,0.654,0,0.569,100,0,14,0,14,126,100,186,0,0,100,0,0,100,209,0,1639,133,349,2,654,50,20
"agent BacktrackAgent #68",BacktrackAgent,0.481,0,0.569,100,0,11,0,11,96,100,152,0,0,100,0,0,100,130,0,2091,103,278,3,481,50,20
"agent BacktrackAgent #69",BacktrackAgent,0.679,0,0.569,100,0,18,0,18,150,100,182,0,0,100,0,0,100,206,0,4290,141,414,0,679,50,20
"agent BacktrackAgent #70",BacktrackAgent,0.49,0,0.569,100,0,12,0,12,98,100,162,0,0,100,0,0,100,140,0,1194,90,311,1,490,50,20
"agent BacktrackAgent #71",BacktrackAgent,0.042,0,0.569,100,0,0,0,0,6,100,0,0,0,100,0,0,100,23,0,558,13,43,2,42,50,20
"agent BacktrackAgent #72",BacktrackAgent,0.305,0,0.569,100,0,8,0,8,64,100,96,0,0,100,0,0,100,74,0,927,71,190,3,305,50,20
"agent BacktrackAgent #73",BacktrackAgent,0.663,0,0.569,100,0,15,0,15,152,100,172,0,0,100,0,0,100,196,0,3998,143,406,0,663,50,20
"agent BacktrackAgent #74",BacktrackAgent,0.716,0,0.569,100,0,20,0,20,157,100,216,0,0,100,0,0,100,194,0,2500,149,424,1,716,50,20
"agent BacktrackAgent #75",BacktrackAgent,0.192,0,0.569,100,0,6,0,6,44,100,37,0,0,100,0,0,100,60,0,1137,51,118,2,192,50,20
"agent BacktrackAgent #76",BacktrackAgent,0.769,0,0.569,100,0,19,0,19,164,100,228,0,0,100,0,0,100,206,0,3511,171,422,3,769,50,20
"agent BacktrackAgent #77",BacktrackAgent,0.363,0,0.569,100,0,8,0,8,86,100,88,0,0,100,0,0,100,112,0,2663,77,256,0,363,50,20
"agent BacktrackAgent #78",BacktrackAgent,0.524,0,0.569,100,0,17,0,17,121,100,156,0,0,100,0,0,100,134,0,1968,113,328,1,524,50,20
"agent BacktrackAgent #79",BacktrackAgent,0.046,0,0.569,100,0,1,0,1,6,100,2,0,0,100,0,0,100,25,0,355,13,45,2,46,50,20
"agent BacktrackAgent #80",BacktrackAgent,0.289,0,0.569,100,0,5,0,5,46,100,106,0,0,100,0,0,100,84,0,1611,53,182,3,289,50,20
"agent BacktrackAgent #81",BacktrackAgent,0.187,0,0.569,100,0,3,0,3,36,100,50,0,0,100,0,0,100,74,0,2816,27,168,0,187,50,20
"agent BacktrackAgent #82",BacktrackAgent,0.312,0,0.569,100,0,10,0,10,67,100,104,0,0,100,0,0,100,82,0,1371,59,222,1,312,50,20
"agent BacktrackAgent #83",BacktrackAgent,0.196,0,0.569,100,0,7,0,7,44,100,39,0,0,100,0,0,100,62,0,978,51,120,2,196,50,20
"agent BacktrackAgent #84",BacktrackAgent,0.309,0,0.569,100,0,9,0,9,64,100,98,0,0,100,0,0,100,76,0,925,71,192,3,309,50,20
"agent BacktrackAgent #85",BacktrackAgent,0.443,0,0.569,100,0,8,0,8,96,100,118,0,0,100,0,0,100,142,0,3158,87,296,0,443,50,20
"agent BacktrackAgent #86",BacktrackAgent,0.5,0,0.569,100,0,12,0,12,103,100,162,0,0,100,0,0,100,140,0,1646,95,316,1,500,50,20
"agent BacktrackAgent #87",BacktrackAgent,0.654,0,0.569,100,0,14,0,14,126,100,186,0,0,100,0,0,100,209,0,1468,133,349,2,654,50,20
"agent BacktrackAgent #88",BacktrackAgent,0.077,0,0.569,100,0,1,0,1,6,100,40,0,0,100,0,0,100,18,0,571,13,76,3,77,50,20
"agent BacktrackAgent #89",BacktrackAgent,0.655,0,0.569,100,0,15,0,15,150,100,170,0,0,100,0,0,100,194,0,3367,141,402,0,655,50,20
"agent BacktrackAgent #90",BacktrackAgent,0.692,0,0.569,100,0,18,0,18,153,100,208,0,0,100,0,0,100,186,0,1566,145,412,1,692,50,20
"agent BacktrackAgent #91",BacktrackAgent,0.062,0,0.569,100,0,1,0,1,10,100,6,0,0,100,0,0,100,29,0,555,17,53,2,62,50,20
"agent BacktrackAgent #92",BacktrackAgent,0.561,0,0.569,100,0,13,0,13,110,100,178,0,0,100,0,0,100,156,0,2741,117,318,3,561,50,20
"agent BacktrackAgent #93",BacktrackAgent,0.363,0,0.569,100,0,8,0,8,86,100,88,0,0,100,0,0,100,112,0,2354,77,256,0,363,50,20
"agent BacktrackAgent #94",BacktrackAgent,0.532,0,0.569,100,0,11,0,11,119,100,162,0,0,100,0,0,100,140,0,2175,111,332,1,532,50,20
"agent BacktrackAgent #95",BacktrackAgent,0.65,0,0.569,100,0,13,0,13,126,100,184,0,0,100,0,0,100,207,0,1677,133,347,2,650,50,20
"agent BacktrackAgent #96",BacktrackAgent,0.573,0,0.569,100,0,14,0,14,112,100,182,0,0,100,0,0,100,160,0,2278,119,324,3,573,50,20
"agent BacktrackAgent #97",BacktrackAgent,0.347,0,0.569,100,0,6,0,6,84,100,82,0,0,100,0,0,100,106,0,2149,75,248,0,347,50,20
"agent BacktrackAgent #98",BacktrackAgent,0.514,0,0.569,100,0,15,0,15,118,100,154,0,0,100,0,0,100,132,0,1288,110,323,1,514,50,20
"agent BacktrackAgent #99",BacktrackAgent,0.784,0,0.569,100,0,19,0,19,160,100,217,0,0,100,0,0,100,240,0,1757,167,414,2,784,50,20
"agent BacktrackAgent #100",BacktrackAgent,0.561,0,0.569,100,0,16,0,16,124,100,164,0,0,100,0,0,100,142,0,3996,131,318,3,561,50,20
"agent ForwardAgent #101",ForwardAgent,0.743,0,0.569,100,0,11,0,11,150,100,214,0,0,100,0,0,100,238,0,3444,141,250,0,743,50,20
"agent ForwardAgent #102",ForwardAgent,1.1,0,0.569,100,0,31,0,31,249,100,316,0,0,100,0,0,100,294,0,2653,241,406,1,1100,50,20
"agent ForwardAgent #103",ForwardAgent,1.182,0,0.569,100,0,18,0,18,258,100,318,0,0,100,0,0,100,341,0,2783,265,318,2,1182,50,20
"agent ForwardAgent #104",ForwardAgent,0.957,0,0.569,100,0,28,0,28,218,100,268,0,0,100,0,0,100,246,0,3179,225,328,3,957,50,20
"agent ForwardAgent #105",ForwardAgent,0.859,0,0.569,100,0,19,0,19,178,100,244,0,0,100,0,0,100,268,0,3741,169,334,0,859,50,20
"agent ForwardAgent #106",ForwardAgent,0.148,0,0.569,100,0,2,0,2,33,100,56,0,0,100,0,0,100,34,0,1259,25,140,1,148,50,20
"agent ForwardAgent #107",ForwardAgent,0.578,0,0.569,100,0,25,0,25,126,100,148,0,0,100,0,0,100,171,0,1388,133,144,2,578,50,20
"agent ForwardAgent #108",ForwardAgent,1.629,0,0.569,100,0,33,0,33,308,100,514,0,0,100,0,0,100,492,0,3864,315,348,3,1629,50,20
"agent ForwardAgent #109",ForwardAgent,0.471,0,0.569,100,0,8,0,8,94,100,134,0,0,100,0,0,100,158,0,3357,85,258,0,471,50,20
"agent ForwardAgent #110",ForwardAgent,0.336,0,0.569,100,0,6,0,6,79,100,104,0,0,100,0,0,100,82,0,1392,71,220,1,336,50,20
"agent ForwardAgent #111",ForwardAgent,0.062,0,0.569,100,0,1,0,1,10,100,6,0,0,100,0,0,100,29,0,422,17,53,2,62,50,20
"agent ForwardAgent #112",ForwardAgent,0.389,0,0.569,100,0,3,0,3,68,100,134,0,0,100,0,0,100,112,0,2047,75,186,3,389,50,20
"agent ForwardAgent #113",ForwardAgent,1.231,0,0.569,100,0,43,0,43,250,100,358,0,0,100,0,0,100,382,0,3267,241,316,0,1231,50,20
"agent ForwardAgent #114",ForwardAgent,1.912,0,0.569,100,0,41,0,41,367,100,604,0,0,100,0,0,100,582,0,2864,359,310,1,1912,50,20
"agent ForwardAgent #115",ForwardAgent,0.238,0,0.569,100,0,4,0,4,50,100,54,0,0,100,0,0,100,77,0,697,57,104,2,238,50,20
"agent ForwardAgent #116",ForwardAgent,3.269,0,0.569,100,0,101,0,101,640,100,1002,0,0,100,0,0,100,980,0,4688,647,424,3,3269,50,20
"agent ForwardAgent #117",ForwardAgent,5.123,0,0.569,100,0,145,0,145,1030,100,1524,0,0,100,0,0,100,1548,0,6938,1021,424,0,5123,50,20
"agent ForwardAgent #118",ForwardAgent,2.55,0,0.569,100,0,63,0,63,528,100,762,0,0,100,0,0,100,740,0,3195,520,348,1,2550,50,20
"agent ForwardAgent #119",ForwardAgent,0.272,0,0.569,100,0,11,0,11,74,100,47,0,0,100,0,0,100,70,0,1245,81,88,2,272,50,20
"agent ForwardAgent #120",ForwardAgent,0.409,0,0.569,100,0,6,0,6,70,100,142,0,0,100,0,0,100,120,0,1731,77,188,3,409,50,20
"agent ForwardAgent #121",ForwardAgent,1.259,0,0.569,100,0,32,0,32,290,100,332,0,0,100,0,0,100,356,0,3519,281,402,0,1259,50,20
"agent ForwardAgent #122",ForwardAgent,0.35,0,0.569,100,0,5,0,5,92,100,98,0,0,100,0,0,100,76,0,1392,84,223,1,350,50,20
"agent ForwardAgent #123",ForwardAgent,0.046,0,0.569,100,0,1,0,1,6,100,2,0,0,100,0,0,100,25,0,215,13,45,2,46,50,20
"agent ForwardAgent #124",ForwardAgent,1.705,0,0.569,100,0,34,0,34,342,100,518,0,0,100,0,0,100,496,0,3757,349,420,3,1705,50,20
"agent ForwardAgent #125",ForwardAgent,1.211,0,0.569,100,0,20,0,20,238,100,360,0,0,100,0,0,100,384,0,3698,229,326,0,1211,50,20
"agent ForwardAgent #126",ForwardAgent,0.298,0,0.569,100,0,4,0,4,72,100,92,0,0,100,0,0,100,70,0,1276,64,215,1,298,50,20
"agent ForwardAgent #127",ForwardAgent,0.688,0,0.569,100,0,18,0,18,164,100,165,0,0,100,0,0,100,188,0,1822,171,144,2,688,50,20
"agent ForwardAgent #128",ForwardAgent,3.893,0,0.569,100,0,81,0,81,778,100,1176,0,0,100,0,0,100,1154,0,4927,785,358,3,3893,50,20
"agent ForwardAgent #129",ForwardAgent,0.571,0,0.569,100,0,12,0,12,132,100,146,0,0,100,0,0,100,170,0,2577,123,264,0,571,50,20
"agent ForwardAgent #130",ForwardAgent,0.142,0,0.569,100,0,1,0,1,30,100,56,0,0,100,0,0,100,34,0,810,22,137,1,142,50,20
"agent ForwardAgent #131",ForwardAgent,0.584,0,0.569,100,0,27,0,27,146,100,131,0,0,100,0,0,100,154,0,1229,153,110,2,584,50,20
"agent ForwardAgent #132",ForwardAgent,1.537,0,0.569,100,0,23,0,23,302,100,474,0,0,100,0,0,100,452,0,3291,309,294,3,1537,50,20
"agent ForwardAgent #133",ForwardAgent,0.955,0,0.569,100,0,28,0,28,222,100,248,0,0,100,0,0,100,272,0,2598,213,276,0,955,50,20
"agent ForwardAgent #134",ForwardAgent,0.958,0,0.569,100,0,10,0,10,210,100,284,0,0,100,0,0,100,262,0,2107,202,334,1,958,50,20
"agent ForwardAgent #135",ForwardAgent,1.282,0,0.569,100,0,26,0,26,250,100,376,0,0,100,0,0,100,399,0,2053,257,328,2,1282,50,20
"agent ForwardAgent #136",ForwardAgent,6.769,0,0.569,100,0,175,0,175,1350,100,2042,0,0,100,0,0,100,2020,0,6798,1357,384,3,6769,50,20
"agent ForwardAgent #137",ForwardAgent,1.055,0,0.569,100,0,22,0,22,214,100,306,0,0,100,0,0,100,330,0,2864,205,306,0,1055,50,20
"agent ForwardAgent #138",ForwardAgent,0.322,0,0.569,100,0,4,0,4,74,100,102,0,0,100,0,0,100,80,0,950,66,223,1,322,50,20
"agent ForwardAgent #139",ForwardAgent,2.12,0,0.569,100,0,53,0,53,438,100,607,0,0,100,0,0,100,630,0,2619,445,410,2,2120,50,20
"agent ForwardAgent #140",ForwardAgent,0.489,0,0.569,100,0,11,0,11,82,100,170,0,0,100,0,0,100,148,0,1430,89,234,3,489,50,20
"agent ForwardAgent #141",ForwardAgent,0.479,0,0.569,100,0,8,0,8,90,100,142,0,0,100,0,0,100,166,0,2407,81,160,0,479,50,20
"agent ForwardAgent #142",ForwardAgent,0.404,0,0.569,100,0,14,0,14,87,100,130,0,0,100,0,0,100,108,0,1256,79,210,1,404,50,20
"agent ForwardAgent #143",ForwardAgent,0.444,0,0.569,100,0,22,0,22,114,100,93,0,0,100,0,0,100,116,0,1017,121,110,2,444,50,20
"agent ForwardAgent #144",ForwardAgent,0.673,0,0.569,100,0,24,0,24,134,100,210,0,0,100,0,0,100,188,0,1533,141,226,3,673,50,20
"agent ForwardAgent #145",ForwardAgent,0.795,0,0.569,100,0,21,0,21,162,100,228,0,0,100,0,0,100,252,0,2637,153,270,0,795,50,20
"agent ForwardAgent #146",ForwardAgent,0.654,0,0.569,100,0,8,0,8,142,100,200,0,0,100,0,0,100,178,0,1560,134,329,1,654,50,20
"agent ForwardAgent #147",ForwardAgent,0.32,0,0.569,100,0,10,0,10,74,100,71,0,0,100,0,0,100,94,0,745,81,140,2,320,50,20
"agent ForwardAgent #148",ForwardAgent,2.989,0,0.569,100,0,71,0,71,608,100,894,0,0,100,0,0,100,872,0,3860,615,424,3,2989,50,20
"agent ForwardAgent #149",ForwardAgent,1.359,0,0.569,100,0,21,0,21,254,100,418,0,0,100,0,0,100,442,0,3577,245,166,0,1359,50,20
"agent ForwardAgent #150",ForwardAgent,2.902,0,0.569,100,0,65,0,65,646,100,820,0,0,100,0,0,100,798,0,3331,638,422,1,2902,50,20
"agent ForwardAgent #151",ForwardAgent,3.33,0,0.569,100,0,76,0,76,694,100,956,0,0,100,0,0,100,979,0,3369,701,424,2,3330,50,20
"agent ForwardAgent #152",ForwardAgent,0.077,0,0.569,100,0,1,0,1,6,100,40,0,0,100,0,0,100,18,0,354,13,76,3,77,50,20
"agent ForwardAgent #153",ForwardAgent,1.791,0,0.569,100,0,41,0,41,352,100,536,0,0,100,0,0,100,560,0,4149,343,308,0,1791,50,20
"agent ForwardAgent #154",ForwardAgent,0.79,0,0.569,100,0,26,0,26,190,100,220,0,0,100,0,0,100,198,0,1089,182,247,1,790,50,20
"agent ForwardAgent #155",ForwardAgent,1.008,0,0.569,100,0,24,0,24,222,100,267,0,0,100,0,0,100,290,0,1734,229,322,2,1008,50,20
"agent ForwardAgent #156",ForwardAgent,2.229,0,0.569,100,0,57,0,57,464,100,658,0,0,100,0,0,100,636,0,3450,471,400,3,2229,50,20
"agent ForwardAgent #157",ForwardAgent,1.571,0,0.569,100,0,25,0,25,332,100,446,0,0,100,0,0,100,470,0,2766,323,348,0,1571,50,20
"agent ForwardAgent #158",ForwardAgent,2.564,0,0.569,100,0,57,0,57,575,100,722,0,0,100,0,0,100,700,0,2765,567,422,1,2564,50,20
"agent ForwardAgent #159",ForwardAgent,0.498,0,0.569,100,0,6,0,6,104,100,130,0,0,100,0,0,100,153,0,844,111,230,2,498,50,20
"agent ForwardAgent #160",ForwardAgent,1.133,0,0.569,100,0,25,0,25,264,100,310,0,0,100,0,0,100,288,0,1793,271,252,3,1133,50,20
"agent ForwardAgent #161",ForwardAgent,0.527,0,0.569,100,0,12,0,12,116,100,140,0,0,100,0,0,100,164,0,2215,107,250,0,527,50,20
"agent ForwardAgent #162",ForwardAgent,0.808,0,0.569,100,0,12,0,12,161,100,258,0,0,100,0,0,100,236,0,1911,153,308,1,808,50,20
"agent ForwardAgent #163",ForwardAgent,1.976,0,0.569,100,0,42,0,42,422,100,551,0,0,100,0,0,100,574,0,2566,429,370,2,1976,50,20
"agent ForwardAgent #164",ForwardAgent,0.189,0,0.569,100,0,3,0,3,26,100,76,0,0,100,0,0,100,54,0,774,33,132,3,189,50,20
"agent ForwardAgent #165",ForwardAgent,1.103,0,0.569,100,0,19,0,19,230,100,314,0,0,100,0,0,100,338,0,2600,221,356,0,1103,50,20
"agent ForwardAgent #166",ForwardAgent,0.94,0,0.569,100,0,15,0,15,195,100,290,0,0,100,0,0,100,268,0,1837,187,292,1,940,50,20
"agent ForwardAgent #167",ForwardAgent,0.418,0,0.569,100,0,13,0,13,98,100,96,0,0,100,0,0,100,119,0,771,105,144,2,418,50,20
"agent ForwardAgent #168",ForwardAgent,0.197,0,0.569,100,0,3,0,3,28,100,78,0,0,100,0,0,100,56,0,618,35,136,3,197,50,20
"agent ForwardAgent #169",ForwardAgent,0.263,0,0.569,100,0,6,0,6,54,100,70,0,0,100,0,0,100,94,0,1381,45,176,0,263,50,20
"agent ForwardAgent #170",ForwardAgent,1.436,0,0.569,100,0,38,0,38,293,100,440,0,0,100,0,0,100,418,0,2141,285,368,1,1436,50,20
"agent ForwardAgent #171",ForwardAgent,0.24,0,0.569,100,0,5,0,5,50,100,55,0,0,100,0,0,100,78,0,569,57,142,2,240,50,20
"agent ForwardAgent #172",ForwardAgent,0.661,0,0.569,100,0,17,0,17,110,100,228,0,0,100,0,0,100,206,0,1972,117,280,3,661,50,20
"agent ForwardAgent #173",ForwardAgent,0.359,0,0.569,100,0,6,0,6,74,100,98,0,0,100,0,0,100,122,0,1333,65,234,0,359,50,20
"agent ForwardAgent #174",ForwardAgent,0.69,0,0.569,100,0,12,0,12,140,100,220,0,0,100,0,0,100,198,0,1090,132,264,1,690,50,20
"agent ForwardAgent #175",ForwardAgent,1.418,0,0.569,100,0,44,0,44,292,100,402,0,0,100,0,0,100,425,0,1454,299,299,2,1418,50,20
"agent ForwardAgent #176",ForwardAgent,0.089,0,0.569,100,0,2,0,2,8,100,44,0,0,100,0,0,100,22,0,276,15,82,3,89,50,20
"agent ForwardAgent #177",ForwardAgent,0.251,0,0.569,100,0,5,0,5,52,100,66,0,0,100,0,0,100,90,0,1169,43,166,0,251,50,20
"agent ForwardAgent #178",ForwardAgent,0.654,0,0.569,100,0,13,0,13,126,100,216,0,0,100,0,0,100,194,0,924,118,301,1,654,50,20
"agent ForwardAgent #179",ForwardAgent,0.164,0,0.569,100,0,3,0,3,38,100,29,0,0,100,0,0,100,52,0,617,45,104,2,164,50,20
"agent ForwardAgent #180",ForwardAgent,2.149,0,0.569,100,0,65,0,65,450,100,632,0,0,100,0,0,100,610,0,2706,457,308,3,2149,50,20
"agent ForwardAgent #181",ForwardAgent,1.755,0,0.569,100,0,28,0,28,344,100,526,0,0,100,0,0,100,550,0,3708,335,272,0,1755,50,20
"agent ForwardAgent #182",ForwardAgent,1.036,0,0.569,100,0,24,0,24,245,100,288,0,0,100,0,0,100,266,0,1581,237,374,1,1036,50,20
"agent ForwardAgent #183",ForwardAgent,1.44,0,0.569,100,0,37,0,37,308,100,397,0,0,100,0,0,100,420,0,1543,315,266,2,1440,50,20
"agent ForwardAgent #184",ForwardAgent,3.261,0,0.569,100,0,65,0,65,672,100,966,0,0,100,0,0,100,944,0,3590,679,366,3,3261,50,20
"agent ForwardAgent #185",ForwardAgent,0.583,0,0.569,100,0,7,0,7,114,100,170,0,0,100,0,0,100,194,0,2146,105,230,0,583,50,20
"agent ForwardAgent #186",ForwardAgent,2.328,0,0.569,100,0,55,0,55,473,100,706,0,0,100,0,0,100,684,0,2820,465,314,1,2328,50,20
"agent ForwardAgent #187",ForwardAgent,0.222,0,0.569,100,0,8,0,8,46,100,50,0,0,100,0,0,100,73,0,578,53,110,2,222,50,20
"agent ForwardAgent #188",ForwardAgent,0.789,0,0.569,100,0,16,0,16,178,100,224,0,0,100,0,0,100,202,0,1395,185,298,3,789,50,20
"agent ForwardAgent #189",ForwardAgent,0.531,0,0.569,100,0,7,0,7,98,100,160,0,0,100,0,0,100,184,0,1431,89,232,0,531,50,20
"agent ForwardAgent #190",ForwardAgent,3.68,0,0.569,100,0,92,0,92,745,100,1110,0,0,100,0,0,100,1088,0,3139,737,400,1,3680,50,20
"agent ForwardAgent #191",ForwardAgent,1.126,0,0.569,100,0,20,0,20,236,100,312,0,0,100,0,0,100,335,0,1262,243,360,2,1126,50,20
"agent ForwardAgent #192",ForwardAgent,0.285,0,0.569,100,0,2,0,2,54,100,96,0,0,100,0,0,100,74,0,736,61,180,3,285,50,20
"agent ForwardAgent #193",ForwardAgent,0.527,0,0.569,100,0,6,0,6,110,100,146,0,0,100,0,0,100,170,0,1910,101,256,0,527,50,20
"agent ForwardAgent #194",ForwardAgent,0.136,0,0.569,100,0,1,0,1,31,100,52,0,0,100,0,0,100,30,0,432,23,134,1,136,50,20
"agent ForwardAgent #195",ForwardAgent,1.006,0,0.569,100,0,14,0,14,206,100,282,0,0,100,0,0,100,305,0,936,213,314,2,1006,50,20
"agent ForwardAgent #196",ForwardAgent,0.929,0,0.569,100,0,15,0,15,164,100,308,0,0,100,0,0,100,286,0,1268,171,262,3,929,50,20
"agent ForwardAgent #197",ForwardAgent,0.331,0,0.569,100,0,6,0,6,62,100,96,0,0,100,0,0,100,120,0,1156,53,158,0,331,50,20
"agent ForwardAgent #198",ForwardAgent,2.144,0,0.569,100,0,55,0,55,433,100,654,0,0,100,0,0,100,632,0,2011,425,358,1,2144,50,20
"agent ForwardAgent #199",ForwardAgent,0.586,0,0.569,100,0,14,0,14,136,100,142,0,0,100,0,0,100,165,0,1192,143,156,2,586,50,20
"agent ForwardAgent #200",ForwardAgent,1.913,0,0.569,100,0,39,0,39,392,100,572,0,0,100,0,0,100,550,0,2236,399,392,3,1913,50,20
"agent RandomAgent #201",RandomAgent,7.423,0,0.569,100,0,128,0,3816,1330,100,2374,0,0,100,0,0,100,2398,0,9716,1321,175,0,7423,50,20
"agent RandomAgent #202",RandomAgent,7.552,0,0.569,100,0,33,0,3698,1473,100,2318,0,0,100,0,0,100,2296,0,5289,1465,178,1,7552,50,20
"agent RandomAgent #203",RandomAgent,55.76,0,0.569,100,0,1786,0,27985,12143,100,15722,0,0,100,0,0,100,15745,0,23862,12150,411,2,55760,50,20
"agent RandomAgent #204",RandomAgent,111.577,0,0.569,100,0,2662,0,55942,21854,100,33942,0,0,100,0,0,100,33920,0,37345,21861,346,3,111577,50,20
"agent RandomAgent #205",RandomAgent,22.637,0,0.569,100,0,339,0,11318,3998,100,7313,0,0,100,0,0,100,7337,0,18652,3989,182,0,22637,50,20
"agent RandomAgent #206",RandomAgent,75.672,0,0.569,100,0,2058,0,37905,14794,100,23057,0,0,100,0,0,100,23035,0,31691,14786,319,1,75672,50,20
"agent RandomAgent #207",RandomAgent,5.94,0,0.569,100,0,131,0,2958,1703,100,1252,0,0,100,0,0,100,1275,0,4094,1710,129,2,5940,50,20
"agent RandomAgent #208",RandomAgent,2.715,0,0.569,100,0,52,0,1317,514,100,851,0,0,100,0,0,100,829,0,2479,521,150,3,2715,50,20
"agent RandomAgent #209",RandomAgent,24.403,0,0.569,100,0,305,0,12219,4404,100,7790,0,0,100,0,0,100,7814,0,17442,4395,245,0,24403,50,20
"agent RandomAgent #210",RandomAgent,30.032,0,0.569,100,0,997,0,14965,6717,100,8314,0,0,100,0,0,100,8292,0,16522,6709,259,1,30032,50,20
"agent RandomAgent #211",RandomAgent,2.342,0,0.569,100,0,34,0,1148,698,100,458,0,0,100,0,0,100,481,0,2449,705,64,2,2342,50,20
"agent RandomAgent #212",RandomAgent,13.203,0,0.569,100,0,205,0,6551,1985,100,4624,0,0,100,0,0,100,4602,0,8399,1992,156,3,13203,50,20
"agent RandomAgent #213",RandomAgent,70.999,0,0.569,100,0,1062,0,35807,13456,100,22036,0,0,100,0,0,100,22060,0,31338,13447,300,0,70999,50,20
"agent RandomAgent #214",RandomAgent,79.43,0,0.569,100,0,1601,0,40078,13823,100,25907,0,0,100,0,0,100,25885,0,21489,13815,348,1,79430,50,20
"agent RandomAgent #215",RandomAgent,8.686,0,0.569,100,0,296,0,4359,2199,100,2129,0,0,100,0,0,100,2152,0,5265,2206,139,2,8686,50,20
"agent RandomAgent #216",RandomAgent,10.411,0,0.569,100,0,205,0,5133,2159,100,3054,0,0,100,0,0,100,3032,0,4932,2166,255,3,10411,50,20
"agent RandomAgent #217",RandomAgent,6.345,0,0.569,100,0,131,0,3203,1257,100,1908,0,0,100,0,0,100,1932,0,7545,1248,175,0,6345,50,20
"agent RandomAgent #218",RandomAgent,9.508,0,0.569,100,0,154,0,4759,2132,100,2637,0,0,100,0,0,100,2615,0,5211,2124,262,1,9508,50,20
"agent RandomAgent #219",RandomAgent,0.74,0,0.569,100,0,13,0,373,217,100,138,0,0,100,0,0,100,161,0,1256,224,52,2,740,50,20
"agent RandomAgent #220",RandomAgent,25.987,0,0.569,100,0,315,0,13043,4685,100,8316,0,0,100,0,0,100,8294,0,14268,4692,217,3,25987,50,20
"agent RandomAgent #221",RandomAgent,110.223,0,0.569,100,0,1837,0,55143,20063,100,35041,0,0,100,0,0,100,35065,0,29431,20054,318,0,110223,50,20
"agent RandomAgent #222",RandomAgent,6.074,0,0.569,100,0,98,0,3016,1259,100,1793,0,0,100,0,0,100,1771,0,4138,1251,222,1,6074,50,20
"agent RandomAgent #223",RandomAgent,8.884,0,0.569,100,0,337,0,4551,2221,100,2206,0,0,100,0,0,100,2229,0,5818,2228,111,2,8884,50,20
"agent RandomAgent #224",RandomAgent,43.435,0,0.569,100,0,777,0,21995,7468,100,14257,0,0,100,0,0,100,14235,0,18022,7475,247,3,43435,50,20
"agent RandomAgent #225",RandomAgent,33.613,0,0.569,100,0,559,0,16816,5637,100,11162,0,0,100,0,0,100,11186,0,16332,5628,254,0,33613,50,20
"agent RandomAgent #226",RandomAgent,112.816,0,0.569,100,0,3439,0,56607,24700,100,31723,0,0,100,0,0,100,31701,0,33200,24692,322,1,112816,50,20
"agent RandomAgent #227",RandomAgent,8.206,0,0.569,100,0,133,0,4028,1690,100,2398,0,0,100,0,0,100,2421,0,2980,1697,222,2,8206,50,20
"agent RandomAgent #228",RandomAgent,92.227,0,0.569,100,0,3105,0,46429,19733,100,26388,0,0,100,0,0,100,26366,0,32311,19740,329,3,92227,50,20
"agent RandomAgent #229",RandomAgent,47.993,0,0.569,100,0,867,0,24137,8608,100,15381,0,0,100,0,0,100,15405,0,17096,8599,409,0,47993,50,20
"agent RandomAgent #230",RandomAgent,55.452,0,0.569,100,0,1748,0,27764,11885,100,15856,0,0,100,0,0,100,15834,0,23828,11877,282,1,55452,50,20
"agent RandomAgent #231",RandomAgent,1.802,0,0.569,100,0,80,0,885,526,100,360,0,0,100,0,0,100,383,0,1215,533,112,2,1802,50,20
"agent RandomAgent #232",RandomAgent,35.189,0,0.569,100,0,464,0,17753,6586,100,11016,0,0,100,0,0,100,10994,0,11294,6593,277,3,35189,50,20
"agent RandomAgent #233",RandomAgent,3.181,0,0.569,100,0,74,0,1645,579,100,1004,0,0,100,0,0,100,1028,0,3280,570,176,0,3181,50,20
"agent RandomAgent #234",RandomAgent,6.094,0,0.569,100,0,62,0,3073,1121,100,1941,0,0,100,0,0,100,1919,0,3009,1113,182,1,6094,50,20
"agent RandomAgent #235",RandomAgent,76.928,0,0.569,100,0,1192,0,38521,15175,100,23274,0,0,100,0,0,100,23297,0,15350,15182,352,2,76928,50,20
"agent RandomAgent #236",RandomAgent,5.363,0,0.569,100,0,38,0,2673,892,100,1797,0,0,100,0,0,100,1775,0,3077,899,138,3,5363,50,20
"agent RandomAgent #237",RandomAgent,97.101,0,0.569,100,0,2322,0,48554,19142,100,29401,0,0,100,0,0,100,29425,0,22157,19133,338,0,97101,50,20
"agent RandomAgent #238",RandomAgent,12.402,0,0.569,100,0,441,0,6182,2645,100,3571,0,0,100,0,0,100,3549,0,7775,2637,222,1,12402,50,20
"agent RandomAgent #239",RandomAgent,10.596,0,0.569,100,0,446,0,5318,2564,100,2719,0,0,100,0,0,100,2742,0,3902,2571,127,2,10596,50,20
"agent RandomAgent #240",RandomAgent,42.201,0,0.569,100,0,1442,0,21198,9931,100,11177,0,0,100,0,0,100,11155,0,16109,9938,229,3,42201,50,20
"agent RandomAgent #241",RandomAgent,5.311,0,0.569,100,0,125,0,2599,886,100,1762,0,0,100,0,0,100,1786,0,3269,877,180,0,5311,50,20
"agent RandomAgent #242",RandomAgent,53.516,0,0.569,100,0,2057,0,26570,12012,100,14761,0,0,100,0,0,100,14739,0,21216,12004,237,1,53516,50,20
"agent RandomAgent #243",RandomAgent,17.386,0,0.569,100,0,519,0,8716,4927,100,3751,0,0,100,0,0,100,3774,0,4177,4934,133,2,17386,50,20
"agent RandomAgent #244",RandomAgent,122.253,0,0.569,100,0,3447,0,61124,25307,100,35827,0,0,100,0,0,100,35805,0,19551,25314,338,3,122253,50,20
"agent RandomAgent #245",RandomAgent,53.141,0,0.569,100,0,984,0,26595,10358,100,16205,0,0,100,0,0,100,16229,0,14232,10349,334,0,53141,50,20
"agent RandomAgent #246",RandomAgent,66.254,0,0.569,100,0,2005,0,33170,14829,100,18313,0,0,100,0,0,100,18291,0,13451,14821,414,1,66254,50,20
"agent RandomAgent #247",RandomAgent,19.096,0,0.569,100,0,349,0,9556,4126,100,5407,0,0,100,0,0,100,5430,0,5980,4133,318,2,19096,50,20
"agent RandomAgent #248",RandomAgent,89.025,0,0.569,100,0,3136,0,44884,18239,100,26281,0,0,100,0,0,100,26259,0,15611,18246,318,3,89025,50,20
"agent RandomAgent #249",RandomAgent,25.889,0,0.569,100,0,385,0,12793,4652,100,8285,0,0,100,0,0,100,8309,0,10602,4643,224,0,25889,50,20
"agent RandomAgent #250",RandomAgent,18.194,0,0.569,100,0,763,0,9164,4175,100,4937,0,0,100,0,0,100,4915,0,7444,4167,229,1,18194,50,20
"agent RandomAgent #251",RandomAgent,2.87,0,0.569,100,0,35,0,1445,781,100,639,0,0,100,0,0,100,662,0,919,788,88,2,2870,50,20
"agent RandomAgent #252",RandomAgent,4.261,0,0.569,100,0,44,0,2142,846,100,1292,0,0,100,0,0,100,1270,0,1827,853,147,3,4261,50,20
"agent RandomAgent #253",RandomAgent,34.027,0,0.569,100,0,660,0,17306,5652,100,11354,0,0,100,0,0,100,11378,0,10212,5643,197,0,34027,50,20
"agent RandomAgent #254",RandomAgent,99.372,0,0.569,100,0,3392,0,50433,20533,100,29168,0,0,100,0,0,100,29146,0,15079,20525,328,1,99372,50,20
"agent RandomAgent #255",RandomAgent,21.824,0,0.569,100,0,566,0,10989,4611,100,6286,0,0,100,0,0,100,6309,0,3490,4618,267,2,21824,50,20
"agent RandomAgent #256",RandomAgent,25.449,0,0.569,100,0,427,0,12694,5165,100,7567,0,0,100,0,0,100,7545,0,5052,5172,290,3,25449,50,20
"agent RandomAgent #257",RandomAgent,14.469,0,0.569,100,0,199,0,7260,2317,100,4910,0,0,100,0,0,100,4934,0,5478,2308,187,0,14469,50,20
"agent RandomAgent #258",RandomAgent,58.07,0,0.569,100,0,2360,0,29098,14073,100,14977,0,0,100,0,0,100,14955,0,8541,14065,361,1,58070,50,20
"agent RandomAgent #259",RandomAgent,1.758,0,0.569,100,0,20,0,854,525,100,339,0,0,100,0,0,100,362,0,798,532,67,2,1758,50,20
"agent RandomAgent #260",RandomAgent,1.385,0,0.569,100,0,10,0,632,214,100,486,0,0,100,0,0,100,464,0,1061,221,113,3,1385,50,20
"agent RandomAgent #261",RandomAgent,5.259,0,0.569,100,0,54,0,2656,917,100,1705,0,0,100,0,0,100,1729,0,3262,908,192,0,5259,50,20
"agent RandomAgent #262",RandomAgent,24.26,0,0.569,100,0,740,0,12319,6051,100,6094,0,0,100,0,0,100,6072,0,4167,6043,330,1,24260,50,20
"agent RandomAgent #263",RandomAgent,31.446,0,0.569,100,0,1414,0,15862,7864,100,7844,0,0,100,0,0,100,7867,0,2532,7871,114,2,31446,50,20
"agent RandomAgent #264",RandomAgent,42.505,0,0.569,100,0,627,0,21172,8332,100,12928,0,0,100,0,0,100,12906,0,9758,8339,322,3,42505,50,20
"agent RandomAgent #265",RandomAgent,5.311,0,0.569,100,0,105,0,2723,841,100,1807,0,0,100,0,0,100,1831,0,2662,832,171,0,5311,50,20
"agent RandomAgent #266",RandomAgent,60.868,0,0.569,100,0,1993,0,30598,12798,100,17651,0,0,100,0,0,100,17629,0,10623,12790,344,1,60868,50,20
"agent RandomAgent #267",RandomAgent,7.086,0,0.569,100,0,232,0,3538,1733,100,1795,0,0,100,0,0,100,1818,0,1299,1740,151,2,7086,50,20
"agent RandomAgent #268",RandomAgent,128.771,0,0.569,100,0,3430,0,64343,26828,100,37565,0,0,100,0,0,100,37543,0,13509,26835,330,3,128771,50,20
"agent RandomAgent #269",RandomAgent,8.613,0,0.569,100,0,100,0,4267,1365,100,2934,0,0,100,0,0,100,2958,0,1984,1356,214,0,8613,50,20
"agent RandomAgent #270",RandomAgent,61.874,0,0.569,100,0,2261,0,31147,13781,100,17171,0,0,100,0,0,100,17149,0,10562,13773,223,1,61874,50,20
"agent RandomAgent #271",RandomAgent,9.178,0,0.569,100,0,265,0,4540,2291,100,2283,0,0,100,0,0,100,2306,0,1403,2298,122,2,9178,50,20
"agent RandomAgent #272",RandomAgent,20.317,0,0.569,100,0,181,0,10109,3936,100,6230,0,0,100,0,0,100,6208,0,3935,3943,203,3,20317,50,20
"agent RandomAgent #273",RandomAgent,39.559,0,0.569,100,0,757,0,19873,6941,100,12831,0,0,100,0,0,100,12855,0,7856,6932,173,0,39559,50,20
"agent RandomAgent #274",RandomAgent,89.516,0,0.569,100,0,2568,0,44971,19910,100,24863,0,0,100,0,0,100,24841,0,8419,19902,423,1,89516,50,20
"agent RandomAgent #275",RandomAgent,4.676,0,0.569,100,0,115,0,2316,1357,100,966,0,0,100,0,0,100,989,0,1250,1364,96,2,4676,50,20
"agent RandomAgent #276",RandomAgent,4.199,0,0.569,100,0,27,0,2123,780,100,1327,0,0,100,0,0,100,1305,0,692,787,153,3,4199,50,20
"agent RandomAgent #277",RandomAgent,30.585,0,0.569,100,0,397,0,15380,5498,100,9787,0,0,100,0,0,100,9811,0,4361,5489,244,0,30585,50,20
"agent RandomAgent #278",RandomAgent,16.856,0,0.569,100,0,391,0,8368,3714,100,4729,0,0,100,0,0,100,4707,0,2592,3706,234,1,16856,50,20
"agent RandomAgent #279",RandomAgent,4.094,0,0.569,100,0,77,0,2109,1302,100,730,0,0,100,0,0,100,753,0,565,1309,97,2,4094,50,20
"agent RandomAgent #280",RandomAgent,10.077,0,0.569,100,0,79,0,5041,1927,100,3119,0,0,100,0,0,100,3097,0,1458,1934,195,3,10077,50,20
"agent RandomAgent #281",RandomAgent,20.343,0,0.569,100,0,533,0,10252,4716,100,5448,0,0,100,0,0,100,5472,0,1789,4707,299,0,20343,50,20
"agent RandomAgent #282",RandomAgent,21.47,0,0.569,100,0,520,0,10721,4737,100,6013,0,0,100,0,0,100,5991,0,3056,4729,268,1,21470,50,20
"agent RandomAgent #283",RandomAgent,12.788,0,0.569,100,0,440,0,6465,3080,100,3299,0,0,100,0,0,100,3322,0,495,3087,158,2,12788,50,20
"agent RandomAgent #284",RandomAgent,38.533,0,0.569,100,0,1073,0,19457,8257,100,11017,0,0,100,0,0,100,10995,0,2968,8264,386,3,38533,50,20
"agent RandomAgent #285",RandomAgent,38.517,0,0.569,100,0,1063,0,19364,9095,100,10156,0,0,100,0,0,100,10180,0,1386,9086,312,0,38517,50,20
"agent RandomAgent #286",RandomAgent,58.11,0,0.569,100,0,1792,0,28991,12832,100,16238,0,0,100,0,0,100,16216,0,5363,12824,243,1,58110,50,20
"agent RandomAgent #287",RandomAgent,2.77,0,0.569,100,0,69,0,1342,542,100,828,0,0,100,0,0,100,851,0,261,549,112,2,2770,50,20
"agent RandomAgent #288",RandomAgent,43.537,0,0.569,100,0,431,0,21707,8316,100,13460,0,0,100,0,0,100,13438,0,4701,8323,288,3,43537,50,20
"agent RandomAgent #289",RandomAgent,98.989,0,0.569,100,0,2542,0,49716,20848,100,28639,0,0,100,0,0,100,28663,0,4554,20839,316,0,98989,50,20
"agent RandomAgent #290",RandomAgent,33.626,0,0.569,100,0,423,0,16747,6453,100,10375,0,0,100,0,0,100,10353,0,751,6445,315,1,33626,50,20
"agent RandomAgent #291",RandomAgent,0.666,0,0.569,100,0,1,0,318,199,100,119,0,0,100,0,0,100,142,0,122,206,57,2,666,50,20
"agent RandomAgent #292",RandomAgent,6.157,0,0.569,100,0,74,0,3105,1240,100,1846,0,0,100,0,0,100,1824,0,465,1247,177,3,6157,50,20
"agent RandomAgent #293",RandomAgent,102.847,0,0.569,100,0,1910,0,51349,20169,100,31247,0,0,100,0,0,100,31271,0,1997,20160,326,0,102847,50,20
"agent RandomAgent #294",RandomAgent,73.994,0,0.569,100,0,2817,0,37273,15889,100,21123,0,0,100,0,0,100,21101,0,1648,15881,342,1,73994,50,20
"agent RandomAgent #295",RandomAgent,8.012,0,0.569,100,0,244,0,3987,2222,100,1769,0,0,100,0,0,100,1792,0,32,2229,141,2,8012,50,20
"agent RandomAgent #296",RandomAgent,5.655,0,0.569,100,0,34,0,2832,956,100,1879,0,0,100,0,0,100,1857,0,226,963,155,3,5655,50,20
"agent RandomAgent #297",RandomAgent,25.399,0,0.569,100,0,425,0,12550,4527,100,8165,0,0,100,0,0,100,8189,0,11,4518,232,0,25399,50,20
"agent RandomAgent #298",RandomAgent,99.734,0,0.569,100,0,3433,0,49993,23690,100,26192,0,0,100,0,0,100,26170,0,6,23682,339,1,99734,50,20
"agent RandomAgent #299",RandomAgent,0.56,0,0.569,100,0,1,0,260,132,100,133,0,0,100,0,0,100,156,0,0,139,56,2,560,50,20
"agent RandomAgent #300",RandomAgent,4.449,0,0.569,100,0,9,0,2195,906,100,1326,0,0,100,0,0,100,1304,0,0,913,170,3,4449,50,20
"agent NegotiatingAgent #301",NegotiatingAgent,0.475,2516,0.569,100,102,11,0,11,98,100,132,212,310,100,0,0,100,156,0,632,89,312,0,475,50,20
"agent NegotiatingAgent #302",NegotiatingAgent,0.48,11484,0.569,100,171,11,0,11,99,100,156,374,416,100,0,0,100,134,0,904,91,306,1,480,50,20
"agent NegotiatingAgent #303",NegotiatingAgent,0.172,1857,0.569,100,63,5,0,5,40,100,31,128,156,100,0,0,100,54,0,331,47,108,2,172,50,20
"agent NegotiatingAgent #304",NegotiatingAgent,0.297,876,0.569,100,60,5,0,5,48,100,108,104,166,100,0,0,100,86,0,317,55,186,3,297,50,20
"agent NegotiatingAgent #305",NegotiatingAgent,0.521,6722,0.569,100,130,10,0,11,115,100,138,346,467,100,22,6,100,162,0,789,106,335,0,521,50,20
"agent NegotiatingAgent #306",NegotiatingAgent,0.332,3796,0.569,100,100,4,0,4,71,100,110,210,277,100,4,0,100,88,0,677,63,232,1,332,50,20
"agent NegotiatingAgent #307",NegotiatingAgent,0.148,2219,0.569,100,64,4,0,4,32,100,27,152,164,100,5,1,100,50,0,412,39,96,2,148,50,20
"agent NegotiatingAgent #308",NegotiatingAgent,0.489,4735,0.569,100,95,11,0,11,98,100,154,204,332,100,1,11,100,132,0,758,105,282,3,489,50,20
"agent NegotiatingAgent #309",NegotiatingAgent,0.179,1542,0.569,100,59,3,0,3,34,100,48,171,153,100,9,6,100,72,0,294,25,164,0,179,50,20
"agent NegotiatingAgent #310",NegotiatingAgent,0.692,11123,0.569,100,170,18,0,18,153,100,208,438,491,100,15,3,100,186,0,1116,145,412,1,692,50,20
"agent NegotiatingAgent #311",NegotiatingAgent,0.496,5826,0.569,100,113,8,0,8,106,100,127,262,383,100,5,3,100,150,0,791,113,270,2,496,50,20
"agent NegotiatingAgent #312",NegotiatingAgent,0.089,134,0.569,100,39,2,0,2,8,100,44,81,69,100,0,0,100,22,0,206,15,82,3,89,50,20
"agent NegotiatingAgent #313",NegotiatingAgent,0.449,6885,0.569,100,124,3,0,5,97,100,120,357,432,100,25,4,100,144,0,918,88,299,0,449,50,20
"agent NegotiatingAgent #314",NegotiatingAgent,0.578,8876,0.569,100,149,10,0,11,126,100,178,379,447,100,13,0,100,156,0,912,118,355,1,578,50,20
"agent NegotiatingAgent #315",NegotiatingAgent,0.066,28,0.569,100,10,2,0,2,10,100,8,18,28,100,0,0,100,31,0,111,17,55,2,66,50,20
"agent NegotiatingAgent #316",NegotiatingAgent,0.345,4351,0.569,100,94,8,0,8,70,100,110,200,291,100,2,0,100,88,0,669,77,210,3,345,50,20
"agent NegotiatingAgent #317",NegotiatingAgent,0.461,3414,0.569,100,91,9,0,10,97,100,126,220,298,100,3,8,100,150,0,826,88,305,0,461,50,20
"agent NegotiatingAgent #318",NegotiatingAgent,0.56,6035,0.569,100,82,9,0,10,125,100,170,466,512,100,86,1,100,148,0,775,117,346,1,560,50,20
"agent NegotiatingAgent #319",NegotiatingAgent,0.444,5820,0.569,100,93,6,0,7,86,100,121,242,328,100,12,5,100,144,0,734,93,244,2,444,50,20
"agent NegotiatingAgent #320",NegotiatingAgent,0.273,2480,0.569,100,54,6,0,6,54,100,90,136,201,100,6,3,100,68,0,373,61,174,3,273,50,20
"agent NegotiatingAgent #321",NegotiatingAgent,0.309,4356,0.569,100,110,3,0,4,61,100,86,331,346,100,29,5,100,110,0,852,52,229,0,309,50,20
"agent NegotiatingAgent #322",NegotiatingAgent,0.498,8544,0.569,100,151,7,0,8,108,100,156,457,459,100,22,23,100,134,0,843,100,315,1,498,50,20
"agent NegotiatingAgent #323",NegotiatingAgent,0.176,1139,0.569,100,51,6,0,6,40,100,33,196,185,100,23,3,100,56,0,329,47,110,2,176,50,20
"agent NegotiatingAgent #324",NegotiatingAgent,0.159,886,0.569,100,34,3,0,4,26,100,61,140,140,100,21,2,100,39,0,294,33,117,3,159,50,20
"agent NegotiatingAgent #325",NegotiatingAgent,0.245,613,0.569,100,48,3,0,4,52,100,63,184,185,100,20,6,100,87,0,382,43,197,0,245,50,20
"agent NegotiatingAgent #326",NegotiatingAgent,0.268,1042,0.569,100,35,4,0,5,57,100,92,191,184,100,37,0,100,70,0,391,49,200,1,268,50,20
"agent NegotiatingAgent #327",NegotiatingAgent,0.41,7185,0.569,100,118,5,0,6,83,100,107,320,381,100,17,4,100,130,0,788,90,227,2,410,50,20
"agent NegotiatingAgent #328",NegotiatingAgent,0.085,148,0.569,100,22,1,0,1,8,100,42,67,62,100,0,8,100,20,0,161,15,80,3,85,50,20
"agent NegotiatingAgent #329",NegotiatingAgent,0.547,6266,0.569,100,108,5,0,7,122,100,144,350,460,100,31,8,100,168,0,1018,113,348,0,547,50,20
"agent NegotiatingAgent #330",NegotiatingAgent,0.452,5600,0.569,100,85,9,0,9,99,100,142,242,346,100,15,2,100,120,0,723,91,292,1,452,50,20
"agent NegotiatingAgent #331",NegotiatingAgent,0.176,610,0.569,100,50,6,0,6,40,100,33,257,205,100,37,4,100,56,0,329,47,110,2,176,50,20
"agent NegotiatingAgent #332",NegotiatingAgent,0.453,7404,0.569,100,127,4,0,4,94,100,140,418,465,100,36,3,100,118,0,941,101,264,3,453,50,20
"agent NegotiatingAgent #333",NegotiatingAgent,0.539,4677,0.569,100,85,6,0,7,120,100,142,323,434,100,35,18,100,166,0,765,111,344,0,539,50,20
"agent NegotiatingAgent #334",NegotiatingAgent,0.358,2798,0.569,100,90,6,0,6,70,100,124,226,306,100,12,11,100,102,0,587,62,245,1,358,50,20
"agent NegotiatingAgent #335",NegotiatingAgent,0.47,2725,0.569,100,56,3,0,4,92,100,128,219,350,100,35,0,100,151,0,599,99,257,2,470,50,20
"agent NegotiatingAgent #336",NegotiatingAgent,0.089,0,0.569,100,10,2,0,2,8,100,44,104,81,100,20,12,100,22,0,114,15,82,3,89,50,20
"agent NegotiatingAgent #337",NegotiatingAgent,0.233,1397,0.569,100,51,3,0,4,52,100,57,169,171,100,9,8,100,81,0,546,43,191,0,233,50,20
"agent NegotiatingAgent #338",NegotiatingAgent,0.47,10722,0.569,100,147,9,0,9,106,100,144,553,506,100,55,4,100,122,0,825,98,301,1,470,50,20
"agent NegotiatingAgent #339",NegotiatingAgent,0.156,2137,0.569,100,43,4,0,4,32,100,31,147,147,100,9,9,100,54,0,354,39,100,2,156,50,20
"agent NegotiatingAgent #340",NegotiatingAgent,0.213,1722,0.569,100,24,2,0,3,42,100,72,120,136,100,15,12,100,50,0,343,49,144,3,213,50,20
"agent NegotiatingAgent #341",NegotiatingAgent,0.253,1776,0.569,100,59,3,0,4,54,100,65,172,203,100,12,11,100,89,0,635,45,201,0,253,50,20
"agent NegotiatingAgent #342",NegotiatingAgent,0.142,16,0.569,100,28,1,0,1,30,100,56,85,75,100,0,12,100,34,0,198,22,137,1,142,50,20
"agent NegotiatingAgent #343",NegotiatingAgent,0.172,1114,0.569,100,18,6,0,6,40,100,31,182,153,100,34,12,100,54,0,351,47,108,2,172,50,20
"agent NegotiatingAgent #344",NegotiatingAgent,0.269,1400,0.569,100,37,3,0,3,46,100,96,117,140,100,4,14,100,74,0,277,53,172,3,269,50,20
"agent NegotiatingAgent #345",NegotiatingAgent,0.163,1597,0.569,100,50,2,0,2,34,100,40,161,148,100,5,13,100,64,0,530,25,156,0,163,50,20
"agent NegotiatingAgent #346",NegotiatingAgent,0.388,11695,0.569,100,149,6,0,7,89,100,120,496,460,100,36,2,100,98,0,913,81,260,1,388,50,20
"agent NegotiatingAgent #347",NegotiatingAgent,0.192,2004,0.569,100,34,6,0,6,44,100,37,184,165,100,20,14,100,60,0,387,51,118,2,192,50,20
"agent NegotiatingAgent #348",NegotiatingAgent,0.265,386,0.569,100,18,3,0,3,42,100,98,124,157,100,20,14,100,76,0,345,49,170,3,265,50,20
"agent NegotiatingAgent #349",NegotiatingAgent,0.217,1812,0.569,100,49,1,0,2,50,100,51,167,164,100,10,13,100,75,0,571,41,183,0,217,50,20
"agent NegotiatingAgent #350",NegotiatingAgent,0.334,3555,0.569,100,92,4,0,4,66,100,116,308,315,100,22,29,100,94,0,574,58,233,1,334,50,20
"agent NegotiatingAgent #351",NegotiatingAgent,0.144,987,0.569,100,23,3,0,3,32,100,25,115,131,100,9,8,100,48,0,297,39,94,2,144,50,20
"agent NegotiatingAgent #352",NegotiatingAgent,0.493,5072,0.569,100,88,3,0,5,108,100,146,482,482,100,78,18,100,124,0,798,115,284,3,493,50,20
"agent NegotiatingAgent #353",NegotiatingAgent,0.331,3109,0.569,100,57,4,0,4,68,100,90,311,333,100,51,10,100,114,0,613,59,240,0,331,50,20
"agent NegotiatingAgent #354",NegotiatingAgent,0.284,5245,0.569,100,78,7,0,7,61,100,96,365,342,100,45,3,100,74,0,626,53,208,1,284,50,20
"agent NegotiatingAgent #355",NegotiatingAgent,0.042,20,0.569,100,20,0,0,0,6,100,0,47,46,100,0,1,100,23,0,105,13,43,2,42,50,20
"agent NegotiatingAgent #356",NegotiatingAgent,0.479,7625,0.569,100,118,5,0,6,93,100,154,359,372,100,12,29,100,132,0,878,100,277,3,479,50,20
"agent NegotiatingAgent #357",NegotiatingAgent,0.335,1183,0.569,100,35,4,0,4,72,100,88,212,217,100,16,31,100,112,0,556,63,242,0,335,50,20
"agent NegotiatingAgent #358",NegotiatingAgent,0.206,1146,0.569,100,37,2,0,3,49,100,69,172,206,100,34,3,100,47,0,364,41,169,1,206,50,20
"agent NegotiatingAgent #359",NegotiatingAgent,0.496,2167,0.569,100,56,4,0,5,93,100,140,280,331,100,21,35,100,163,0,600,100,270,2,496,50,20
"agent NegotiatingAgent #360",NegotiatingAgent,0.331,558,0.569,100,15,3,0,4,60,100,113,145,189,100,24,25,100,91,0,359,67,203,3,331,50,20
"agent NegotiatingAgent #361",NegotiatingAgent,0.523,4788,0.569,100,84,5,0,7,118,100,136,264,414,100,9,23,100,160,0,998,109,336,0,523,50,20
"agent NegotiatingAgent #362",NegotiatingAgent,0.304,1950,0.569,100,52,4,0,5,70,100,97,191,259,100,26,3,100,75,0,408,62,218,1,304,50,20
"agent NegotiatingAgent #363",NegotiatingAgent,0.148,960,0.569,100,24,4,0,4,36,100,23,133,122,100,19,5,100,46,0,256,43,96,2,148,50,20
"agent NegotiatingAgent #364",NegotiatingAgent,0.319,4249,0.569,100,82,6,0,7,63,100,104,434,378,100,55,9,100,82,0,671,70,197,3,319,50,20
"agent NegotiatingAgent #365",NegotiatingAgent,0.229,142,0.569,100,18,2,0,3,52,100,55,181,174,100,22,32,100,79,0,456,43,189,0,229,50,20
"agent NegotiatingAgent #366",NegotiatingAgent,0.35,1012,0.569,100,24,4,0,4,70,100,120,205,192,100,25,37,100,98,0,320,62,241,1,350,50,20
"agent NegotiatingAgent #367",NegotiatingAgent,0.046,0,0.569,100,0,1,0,1,6,100,2,47,39,100,12,2,100,25,0,62,13,45,2,46,50,20
"agent NegotiatingAgent #368",NegotiatingAgent,0.597,3813,0.569,100,60,7,0,8,126,100,180,398,424,100,62,26,100,158,0,671,133,336,3,597,50,20
"agent NegotiatingAgent #369",NegotiatingAgent,0.365,1159,0.569,100,21,3,0,5,71,100,104,330,349,100,66,25,100,128,0,449,62,257,0,365,50,20
"agent NegotiatingAgent #370",NegotiatingAgent,0.478,5962,0.569,100,89,6,0,8,108,100,146,331,394,100,44,9,100,124,0,527,100,305,1,478,50,20
"agent NegotiatingAgent #371",NegotiatingAgent,0.476,899,0.569,100,25,3,0,4,89,100,134,213,328,100,42,19,100,157,0,506,96,260,2,476,50,20
"agent NegotiatingAgent #372",NegotiatingAgent,0.381,2128,0.569,100,39,4,0,5,80,100,118,418,381,100,80,17,100,96,0,549,87,228,3,381,50,20
"agent NegotiatingAgent #373",NegotiatingAgent,0.471,3390,0.569,100,48,2,0,3,110,100,118,464,392,100,50,75,100,142,0,673,101,310,0,471,50,20
"agent NegotiatingAgent #374",NegotiatingAgent,0.388,4536,0.569,100,57,6,0,7,91,100,118,279,344,100,45,1,100,96,0,584,83,260,1,388,50,20
"agent NegotiatingAgent #375",NegotiatingAgent,0.42,1406,0.569,100,19,5,0,6,90,100,105,346,360,100,87,13,100,128,0,457,97,232,2,420,50,20
"agent NegotiatingAgent #376",NegotiatingAgent,0.201,472,0.569,100,7,3,0,4,38,100,70,118,143,100,25,12,100,48,0,193,45,138,3,201,50,20
"agent NegotiatingAgent #377",NegotiatingAgent,0.447,5218,0.569,100,76,2,0,4,100,100,116,430,444,100,55,17,100,140,0,891,91,298,0,447,50,20
"agent NegotiatingAgent #378",NegotiatingAgent,0.388,5351,0.569,100,70,5,0,6,93,100,116,354,391,100,58,3,100,94,0,601,85,260,1,388,50,20
"agent NegotiatingAgent #379",NegotiatingAgent,0.416,1669,0.569,100,34,2,0,5,77,100,116,282,329,100,60,9,100,139,0,497,84,230,2,416,50,20
"agent NegotiatingAgent #380",NegotiatingAgent,0.405,4760,0.569,100,80,3,0,4,88,100,122,415,390,100,55,21,100,100,0,643,95,240,3,405,50,20
"agent NegotiatingAgent #381",NegotiatingAgent,0.167,91,0.569,100,6,1,0,1,36,100,40,97,70,100,0,34,100,64,0,266,27,158,0,167,50,20
"agent NegotiatingAgent #382",NegotiatingAgent,0.34,3780,0.569,100,51,5,0,6,77,100,108,348,313,100,68,2,100,86,0,426,69,236,1,340,50,20
"agent NegotiatingAgent #383",NegotiatingAgent,0.042,0,0.569,100,0,0,0,0,6,100,0,22,12,100,0,10,100,23,0,20,13,43,2,42,50,20
"agent NegotiatingAgent #384",NegotiatingAgent,0.429,1939,0.569,100,36,6,0,7,100,100,122,357,388,100,73,16,100,100,0,708,107,252,3,429,50,20
"agent NegotiatingAgent #385",NegotiatingAgent,0.447,1766,0.569,100,20,3,0,5,96,100,120,517,488,100,115,19,100,144,0,671,87,298,0,447,50,20
"agent NegotiatingAgent #386",NegotiatingAgent,0.374,382,0.569,100,15,7,0,8,78,100,124,277,290,100,77,6,100,102,0,308,70,253,1,374,50,20
"agent NegotiatingAgent #387",NegotiatingAgent,0.168,690,0.569,100,9,5,0,5,36,100,33,133,138,100,27,10,100,56,0,192,43,106,2,168,50,20
"agent NegotiatingAgent #388",NegotiatingAgent,0.305,1320,0.569,100,24,4,0,5,66,100,94,308,288,100,65,19,100,72,0,332,73,190,3,305,50,20
"agent NegotiatingAgent #389",NegotiatingAgent,0.175,0,0.569,100,0,2,0,2,34,100,46,171,137,100,34,19,100,70,0,158,25,162,0,175,50,20
"agent NegotiatingAgent #390",NegotiatingAgent,0.462,2388,0.569,100,51,6,0,8,102,100,144,378,396,100,76,12,100,122,0,465,94,297,1,462,50,20
"agent NegotiatingAgent #391",NegotiatingAgent,0.424,270,0.569,100,7,3,0,4,84,100,113,250,320,100,67,15,100,136,0,361,91,234,2,424,50,20
"agent NegotiatingAgent #392",NegotiatingAgent,0.345,1234,0.569,100,20,3,0,4,72,100,108,253,284,100,56,26,100,86,0,371,79,210,3,345,50,20
"agent NegotiatingAgent #393",NegotiatingAgent,0.487,360,0.569,100,7,3,0,6,112,100,124,498,463,100,107,41,100,148,0,447,103,318,0,487,50,20
"agent NegotiatingAgent #394",NegotiatingAgent,0.13,0,0.569,100,0,0,0,0,28,100,52,50,50,100,0,21,100,30,0,120,20,131,1,130,50,20
"agent NegotiatingAgent #395",NegotiatingAgent,0.152,86,0.569,100,2,4,0,4,32,100,29,74,83,100,10,18,100,52,0,149,39,98,2,152,50,20
"agent NegotiatingAgent #396",NegotiatingAgent,0.445,794,0.569,100,12,6,0,8,104,100,126,396,402,100,87,25,100,104,0,423,111,260,3,445,50,20
"agent NegotiatingAgent #397",NegotiatingAgent,0.469,0,0.569,100,0,3,0,6,103,100,124,499,485,100,124,20,100,148,0,471,94,309,0,469,50,20
"agent NegotiatingAgent #398",NegotiatingAgent,0.442,0,0.569,100,0,5,0,5,92,100,144,315,305,100,64,45,100,122,0,346,84,287,1,442,50,20
"agent NegotiatingAgent #399",NegotiatingAgent,0.4,0,0.569,100,0,4,0,5,86,100,99,284,319,100,79,10,100,122,0,313,93,222,2,400,50,20
"agent NegotiatingAgent #400",NegotiatingAgent,0.437,0,0.569,100,0,6,0,7,100,100,126,315,328,100,72,33,100,104,0,319,107,256,3,437,50,20
