agentName,agentType,averageSpeed,cumulatedUtilityReceived,freeWallRatio,numBacktrackAgents,numCFPAnswered,numDeadends,numDifferentEncounters,numDirectionChanges,numDownSteps,numForwardAgents,numLeftSteps,numMessagesReceived,numMessagesSent,numNegotiatingAgents,numProposalsAccepted,numProposalsRejected,numRandomAgents,numRightSteps,numSwarmAgents,numTotalEncounters,numUpSteps,numVisitedCells,startingPosition,stepsToExit,xsize,ysize
"agent BacktrackAgent #1",BacktrackAgent,0.167,0,0.569,50,0,0,0,0,44,75,32,0,0,25,0,0,100,56,0,1469,35,168,0,167,50,20
"agent BacktrackAgent #2",BacktrackAgent,0.62,0,0.569,50,0,13,0,13,153,75,172,0,0,25,0,0,100,150,0,2595,145,334,1,620,50,20
"agent BacktrackAgent #3",BacktrackAgent,0.384,0,0.569,50,0,5,0,5,88,75,89,0,0,25,0,0,100,112,0,776,95,267,2,384,50,20
"agent BacktrackAgent #4",BacktrackAgent,0.377,0,0.569,50,0,11,0,11,88,75,108,0,0,25,0,0,100,86,0,1253,95,220,3,377,50,20
"agent BacktrackAgent #5",BacktrackAgent,0.255,0,0.569,50,0,5,0,5,64,75,56,0,0,25,0,0,100,80,0,1717,55,212,0,255,50,20
"agent BacktrackAgent #6",BacktrackAgent,0.772,0,0.569,50,0,19,0,19,187,75,214,0,0,25,0,0,100,192,0,1560,179,410,1,772,50,20
"agent BacktrackAgent #7",BacktrackAgent,0.256,0,0.569,50,0,4,0,4,60,75,53,0,0,25,0,0,100,76,0,1310,67,203,2,256,50,20
"agent BacktrackAgent #8",BacktrackAgent,0.225,0,0.569,50,0,5,0,5,54,75,66,0,0,25,0,0,100,44,0,1000,61,144,3,225,50,20
"agent BacktrackAgent #9",BacktrackAgent,0.491,0,0.569,50,0,10,0,10,122,75,116,0,0,25,0,0,100,140,0,1900,113,330,0,491,50,20
"agent BacktrackAgent #10",BacktrackAgent,0.772,0,0.569,50,0,19,0,19,187,75,214,0,0,25,0,0,100,192,0,3190,179,410,1,772,50,20
"agent BacktrackAgent #11",BacktrackAgent,0.41,0,0.569,50,0,11,0,11,94,75,96,0,0,25,0,0,100,119,0,1827,101,280,2,410,50,20
"agent BacktrackAgent #12",BacktrackAgent,0.757,0,0.569,50,0,19,0,19,172,75,214,0,0,25,0,0,100,192,0,3623,179,410,3,757,50,20
"agent BacktrackAgent #13",BacktrackAgent,0.179,0,0.569,50,0,2,0,2,46,75,36,0,0,25,0,0,100,60,0,1725,37,174,0,179,50,20
"agent BacktrackAgent #14",BacktrackAgent,0.578,0,0.569,50,0,14,0,14,130,75,174,0,0,25,0,0,100,152,0,2119,122,313,1,578,50,20
"agent BacktrackAgent #15",BacktrackAgent,0.508,0,0.569,50,0,10,0,10,120,75,119,0,0,25,0,0,100,142,0,1684,127,329,2,508,50,20
"agent BacktrackAgent #16",BacktrackAgent,0.593,0,0.569,50,0,14,0,14,130,75,174,0,0,25,0,0,100,152,0,2231,137,328,3,593,50,20
"agent BacktrackAgent #17",BacktrackAgent,0.247,0,0.569,50,0,5,0,5,64,75,52,0,0,25,0,0,100,76,0,2031,55,208,0,247,50,20
"agent BacktrackAgent #18",BacktrackAgent,0.392,0,0.569,50,0,11,0,11,103,75,108,0,0,25,0,0,100,86,0,1868,95,220,1,392,50,20
"agent BacktrackAgent #19",BacktrackAgent,0.646,0,0.569,50,0,16,0,16,152,75,156,0,0,25,0,0,100,179,0,1668,159,398,2,646,50,20
"agent BacktrackAgent #20",BacktrackAgent,0.757,0,0.569,50,0,19,0,19,172,75,214,0,0,25,0,0,100,192,0,2945,179,410,3,757,50,20
"agent BacktrackAgent #21",BacktrackAgent,0.183,0,0.569,50,0,2,0,2,44,75,40,0,0,25,0,0,100,64,0,1621,35,176,0,183,50,20
"agent BacktrackAgent #22",BacktrackAgent,0.426,0,0.569,50,0,8,0,8,96,75,132,0,0,25,0,0,100,110,0,2048,88,237,1,426,50,20
"agent BacktrackAgent #23",BacktrackAgent,0.654,0,0.569,50,0,17,0,17,154,75,158,0,0,25,0,0,100,181,0,1647,161,402,2,654,50,20
"agent BacktrackAgent #24",BacktrackAgent,0.377,0,0.569,50,0,11,0,11,88,75,108,0,0,25,0,0,100,86,0,1769,95,220,3,377,50,20
"agent BacktrackAgent #25",BacktrackAgent,0.403,0,0.569,50,0,12,0,12,98,75,96,0,0,25,0,0,100,120,0,2156,89,286,0,403,50,20
"agent BacktrackAgent #26",BacktrackAgent,0.046,0,0.569,50,0,0,0,0,12,75,26,0,0,25,0,0,100,4,0,427,4,47,1,46,50,20
"agent BacktrackAgent #27",BacktrackAgent,0.37,0,0.569,50,0,10,0,10,80,75,90,0,0,25,0,0,100,113,0,1020,87,260,2,370,50,20
"agent BacktrackAgent #28",BacktrackAgent,0.441,0,0.569,50,0,8,0,8,96,75,132,0,0,25,0,0,100,110,0,1459,103,252,3,441,50,20
"agent BacktrackAgent #29",BacktrackAgent,0.651,0,0.569,50,0,18,0,18,156,75,162,0,0,25,0,0,100,186,0,2199,147,410,0,651,50,20
"agent BacktrackAgent #30",BacktrackAgent,0.198,0,0.569,50,0,6,0,6,46,75,68,0,0,25,0,0,100,46,0,483,38,123,1,198,50,20
"agent BacktrackAgent #31",BacktrackAgent,0.214,0,0.569,50,0,3,0,3,46,75,46,0,0,25,0,0,100,69,0,830,53,182,2,214,50,20
"agent BacktrackAgent #32",BacktrackAgent,0.593,0,0.569,50,0,14,0,14,130,75,174,0,0,25,0,0,100,152,0,1421,137,328,3,593,50,20
"agent BacktrackAgent #33",BacktrackAgent,0.183,0,0.569,50,0,2,0,2,44,75,40,0,0,25,0,0,100,64,0,1369,35,176,0,183,50,20
"agent BacktrackAgent #34",BacktrackAgent,0.392,0,0.569,50,0,11,0,11,103,75,108,0,0,25,0,0,100,86,0,1604,95,220,1,392,50,20
"agent BacktrackAgent #35",BacktrackAgent,0.556,0,0.569,50,0,14,0,14,122,75,141,0,0,25,0,0,100,164,0,892,129,353,2,556,50,20
"agent BacktrackAgent #36",BacktrackAgent,0.757,0,0.569,50,0,19,0,19,172,75,214,0,0,25,0,0,100,192,0,2374,179,410,3,757,50,20
"agent BacktrackAgent #37",BacktrackAgent,0.427,0,0.569,50,0,8,0,8,104,75,102,0,0,25,0,0,100,126,0,1875,95,298,0,427,50,20
"agent BacktrackAgent #38",BacktrackAgent,0.772,0,0.569,50,0,19,0,19,187,75,214,0,0,25,0,0,100,192,0,2112,179,410,1,772,50,20
"agent BacktrackAgent #39",BacktrackAgent,0.536,0,0.569,50,0,11,0,11,122,75,131,0,0,25,0,0,100,154,0,1152,129,343,2,536,50,20
"agent BacktrackAgent #40",BacktrackAgent,0.757,0,0.569,50,0,19,0,19,172,75,214,0,0,25,0,0,100,192,0,2011,179,410,3,757,50,20
"agent BacktrackAgent #41",BacktrackAgent,0.335,0,0.569,50,0,8,0,8,78,75,82,0,0,25,0,0,100,106,0,1290,69,252,0,335,50,20
"agent BacktrackAgent #42",BacktrackAgent,0.578,0,0.569,50,0,14,0,14,130,75,174,0,0,25,0,0,100,152,0,1476,122,313,1,578,50,20
"agent BacktrackAgent #43",BacktrackAgent,0.546,0,0.569,50,0,14,0,14,122,75,136,0,0,25,0,0,100,159,0,989,129,348,2,546,50,20
"agent BacktrackAgent #44",BacktrackAgent,0.605,0,0.569,50,0,13,0,13,138,75,172,0,0,25,0,0,100,150,0,1805,145,334,3,605,50,20
"agent BacktrackAgent #45",BacktrackAgent,0.391,0,0.569,50,0,10,0,10,96,75,92,0,0,25,0,0,100,116,0,1420,87,280,0,391,50,20
"agent BacktrackAgent #46",BacktrackAgent,0.578,0,0.569,50,0,14,0,14,130,75,174,0,0,25,0,0,100,152,0,1415,122,313,1,578,50,20
"agent BacktrackAgent #47",BacktrackAgent,0.588,0,0.569,50,0,14,0,14,138,75,141,0,0,25,0,0,100,164,0,1215,145,369,2,588,50,20
"agent BacktrackAgent #48",BacktrackAgent,0.213,0,0.569,50,0,6,0,6,46,75,68,0,0,25,0,0,100,46,0,462,53,138,3,213,50,20
"agent BacktrackAgent #49",BacktrackAgent,0.495,0,0.569,50,0,11,0,11,122,75,118,0,0,25,0,0,100,142,0,1876,113,332,0,495,50,20
"agent BacktrackAgent #50",BacktrackAgent,0.24,0,0.569,50,0,5,0,5,69,75,66,0,0,25,0,0,100,44,0,1088,61,144,1,240,50,20
"agent ForwardAgent #51",ForwardAgent,1.894,0,0.569,50,0,43,0,43,414,75,518,0,0,25,0,0,100,541,0,3210,421,312,2,1894,50,20
"agent ForwardAgent #52",ForwardAgent,0.185,0,0.569,50,0,2,0,2,42,75,58,0,0,25,0,0,100,36,0,718,49,124,3,185,50,20
"agent ForwardAgent #53",ForwardAgent,0.407,0,0.569,50,0,10,0,10,104,75,92,0,0,25,0,0,100,116,0,1310,95,210,0,407,50,20
"agent ForwardAgent #54",ForwardAgent,1.874,0,0.569,50,0,53,0,53,420,75,532,0,0,25,0,0,100,510,0,2021,412,406,1,1874,50,20
"agent ForwardAgent #55",ForwardAgent,0.508,0,0.569,50,0,13,0,13,120,75,119,0,0,25,0,0,100,142,0,729,127,249,2,508,50,20
"agent ForwardAgent #56",ForwardAgent,0.729,0,0.569,50,0,17,0,17,150,75,222,0,0,25,0,0,100,200,0,1215,157,294,3,729,50,20
"agent ForwardAgent #57",ForwardAgent,0.871,0,0.569,50,0,19,0,19,220,75,208,0,0,25,0,0,100,232,0,1795,211,324,0,871,50,20
"agent ForwardAgent #58",ForwardAgent,0.598,0,0.569,50,0,12,0,12,126,75,188,0,0,25,0,0,100,166,0,941,118,259,1,598,50,20
"agent ForwardAgent #59",ForwardAgent,0.728,0,0.569,50,0,20,0,20,168,75,181,0,0,25,0,0,100,204,0,1411,175,214,2,728,50,20
"agent ForwardAgent #60",ForwardAgent,0.297,0,0.569,50,0,8,0,8,68,75,88,0,0,25,0,0,100,66,0,302,75,172,3,297,50,20
"agent ForwardAgent #61",ForwardAgent,0.243,0,0.569,50,0,2,0,2,62,75,52,0,0,25,0,0,100,76,0,644,53,206,0,243,50,20
"agent ForwardAgent #62",ForwardAgent,2.104,0,0.569,50,0,60,0,60,479,75,588,0,0,25,0,0,100,566,0,2946,471,386,1,2104,50,20
"agent ForwardAgent #63",ForwardAgent,0.388,0,0.569,50,0,10,0,10,80,75,99,0,0,25,0,0,100,122,0,218,87,225,2,388,50,20
"agent ForwardAgent #64",ForwardAgent,0.353,0,0.569,50,0,6,0,6,70,75,114,0,0,25,0,0,100,92,0,349,77,172,3,353,50,20
"agent ForwardAgent #65",ForwardAgent,0.283,0,0.569,50,0,7,0,7,60,75,74,0,0,25,0,0,100,98,0,770,51,180,0,283,50,20
"agent ForwardAgent #66",ForwardAgent,0.678,0,0.569,50,0,13,0,13,158,75,196,0,0,25,0,0,100,174,0,1033,150,246,1,678,50,20
"agent ForwardAgent #67",ForwardAgent,0.702,0,0.569,50,0,25,0,25,154,75,182,0,0,25,0,0,100,205,0,944,161,254,2,702,50,20
"agent ForwardAgent #68",ForwardAgent,1.377,0,0.569,50,0,28,0,28,308,75,388,0,0,25,0,0,100,366,0,2134,315,286,3,1377,50,20
"agent ForwardAgent #69",ForwardAgent,2.735,0,0.569,50,0,80,0,80,628,75,732,0,0,25,0,0,100,756,0,2875,619,410,0,2735,50,20
"agent ForwardAgent #70",ForwardAgent,0.25,0,0.569,50,0,11,0,11,56,75,84,0,0,25,0,0,100,62,0,174,48,117,1,250,50,20
"agent ForwardAgent #71",ForwardAgent,0.21,0,0.569,50,0,4,0,4,40,75,50,0,0,25,0,0,100,73,0,275,47,162,2,210,50,20
"agent ForwardAgent #72",ForwardAgent,2.273,0,0.569,50,0,50,0,50,532,75,612,0,0,25,0,0,100,590,0,2843,539,356,3,2273,50,20
"agent ForwardAgent #73",ForwardAgent,3.919,0,0.569,50,0,117,0,117,858,75,1094,0,0,25,0,0,100,1118,0,4581,849,396,0,3919,50,20
"agent ForwardAgent #74",ForwardAgent,4.506,0,0.569,50,0,101,0,101,990,75,1278,0,0,25,0,0,100,1256,0,4492,982,334,1,4506,50,20
"agent ForwardAgent #75",ForwardAgent,0.28,0,0.569,50,0,6,0,6,56,75,69,0,0,25,0,0,100,92,0,580,63,192,2,280,50,20
"agent ForwardAgent #76",ForwardAgent,0.889,0,0.569,50,0,19,0,19,204,75,248,0,0,25,0,0,100,226,0,1069,211,288,3,889,50,20
"agent ForwardAgent #77",ForwardAgent,0.903,0,0.569,50,0,22,0,22,202,75,242,0,0,25,0,0,100,266,0,1039,193,360,0,903,50,20
"agent ForwardAgent #78",ForwardAgent,2.656,0,0.569,50,0,67,0,67,631,75,712,0,0,25,0,0,100,690,0,1934,623,352,1,2656,50,20
"agent ForwardAgent #79",ForwardAgent,3.062,0,0.569,50,0,59,0,59,682,75,834,0,0,25,0,0,100,857,0,3474,689,334,2,3062,50,20
"agent ForwardAgent #80",ForwardAgent,0.753,0,0.569,50,0,12,0,12,162,75,222,0,0,25,0,0,100,200,0,1366,169,272,3,753,50,20
"agent ForwardAgent #81",ForwardAgent,0.591,0,0.569,50,0,10,0,10,142,75,146,0,0,25,0,0,100,170,0,1202,133,300,0,591,50,20
"agent ForwardAgent #82",ForwardAgent,1.614,0,0.569,50,0,39,0,39,350,75,472,0,0,25,0,0,100,450,0,2067,342,299,1,1614,50,20
"agent ForwardAgent #83",ForwardAgent,1.338,0,0.569,50,0,32,0,32,324,75,330,0,0,25,0,0,100,353,0,1710,331,318,2,1338,50,20
"agent ForwardAgent #84",ForwardAgent,0.281,0,0.569,50,0,9,0,9,66,75,82,0,0,25,0,0,100,60,0,356,73,144,3,281,50,20
"agent ForwardAgent #85",ForwardAgent,0.255,0,0.569,50,0,4,0,4,60,75,60,0,0,25,0,0,100,84,0,602,51,192,0,255,50,20
"agent ForwardAgent #86",ForwardAgent,1.088,0,0.569,50,0,32,0,32,271,75,288,0,0,25,0,0,100,266,0,1437,263,378,1,1088,50,20
"agent ForwardAgent #87",ForwardAgent,1.41,0,0.569,50,0,39,0,39,320,75,370,0,0,25,0,0,100,393,0,2270,327,332,2,1410,50,20
"agent ForwardAgent #88",ForwardAgent,0.777,0,0.569,50,0,20,0,20,186,75,210,0,0,25,0,0,100,188,0,948,193,320,3,777,50,20
"agent ForwardAgent #89",ForwardAgent,0.851,0,0.569,50,0,24,0,24,216,75,202,0,0,25,0,0,100,226,0,1156,207,384,0,851,50,20
"agent ForwardAgent #90",ForwardAgent,0.476,0,0.569,50,0,6,0,6,111,75,142,0,0,25,0,0,100,120,0,642,103,262,1,476,50,20
"agent ForwardAgent #91",ForwardAgent,1.964,0,0.569,50,0,50,0,50,448,75,519,0,0,25,0,0,100,542,0,1976,455,334,2,1964,50,20
"agent ForwardAgent #92",ForwardAgent,1.205,0,0.569,50,0,28,0,28,264,75,346,0,0,25,0,0,100,324,0,812,271,358,3,1205,50,20
"agent ForwardAgent #93",ForwardAgent,2.739,0,0.569,50,0,70,0,70,670,75,692,0,0,25,0,0,100,716,0,2281,661,354,0,2739,50,20
"agent ForwardAgent #94",ForwardAgent,3.01,0,0.569,50,0,81,0,81,738,75,782,0,0,25,0,0,100,760,0,3754,730,342,1,3010,50,20
"agent ForwardAgent #95",ForwardAgent,0.852,0,0.569,50,0,12,0,12,176,75,235,0,0,25,0,0,100,258,0,851,183,276,2,852,50,20
"agent ForwardAgent #96",ForwardAgent,0.805,0,0.569,50,0,29,0,29,188,75,222,0,0,25,0,0,100,200,0,698,195,290,3,805,50,20
"agent ForwardAgent #97",ForwardAgent,0.347,0,0.569,50,0,7,0,7,86,75,80,0,0,25,0,0,100,104,0,514,77,208,0,347,50,20
"agent ForwardAgent #98",ForwardAgent,1.228,0,0.569,50,0,36,0,36,305,75,324,0,0,25,0,0,100,302,0,770,297,296,1,1228,50,20
"agent ForwardAgent #99",ForwardAgent,2.67,0,0.569,50,0,49,0,49,602,75,718,0,0,25,0,0,100,741,0,1907,609,386,2,2670,50,20
"agent ForwardAgent #100",ForwardAgent,2.449,0,0.569,50,0,70,0,70,544,75,688,0,0,25,0,0,100,666,0,3029,551,392,3,2449,50,20
"agent ForwardAgent #101",ForwardAgent,1.399,0,0.569,50,0,47,0,47,352,75,340,0,0,25,0,0,100,364,0,2345,343,330,0,1399,50,20
"agent ForwardAgent #102",ForwardAgent,0.324,0,0.569,50,0,8,0,8,85,75,92,0,0,25,0,0,100,70,0,952,77,138,1,324,50,20
"agent ForwardAgent #103",ForwardAgent,0.408,0,0.569,50,0,8,0,8,92,75,97,0,0,25,0,0,100,120,0,802,99,268,2,408,50,20
"agent ForwardAgent #104",ForwardAgent,0.277,0,0.569,50,0,6,0,6,62,75,84,0,0,25,0,0,100,62,0,1026,69,164,3,277,50,20
"agent ForwardAgent #105",ForwardAgent,1.075,0,0.569,50,0,27,0,27,232,75,298,0,0,25,0,0,100,322,0,2048,223,362,0,1075,50,20
"agent ForwardAgent #106",ForwardAgent,0.368,0,0.569,50,0,7,0,7,101,75,98,0,0,25,0,0,100,76,0,1062,93,190,1,368,50,20
"agent ForwardAgent #107",ForwardAgent,0.252,0,0.569,50,0,3,0,3,60,75,51,0,0,25,0,0,100,74,0,905,67,201,2,252,50,20
"agent ForwardAgent #108",ForwardAgent,0.153,0,0.569,50,0,2,0,2,36,75,48,0,0,25,0,0,100,26,0,744,43,108,3,153,50,20
"agent ForwardAgent #109",ForwardAgent,0.547,0,0.569,50,0,10,0,10,132,75,134,0,0,25,0,0,100,158,0,1536,123,322,0,547,50,20
"agent ForwardAgent #110",ForwardAgent,0.22,0,0.569,50,0,3,0,3,63,75,62,0,0,25,0,0,100,40,0,802,55,134,1,220,50,20
"agent ForwardAgent #111",ForwardAgent,0.866,0,0.569,50,0,17,0,17,190,75,228,0,0,25,0,0,100,251,0,1019,197,278,2,866,50,20
"agent ForwardAgent #112",ForwardAgent,1.045,0,0.569,50,0,27,0,27,250,75,280,0,0,25,0,0,100,258,0,2250,257,248,3,1045,50,20
"agent ForwardAgent #113",ForwardAgent,0.967,0,0.569,50,0,18,0,18,226,75,250,0,0,25,0,0,100,274,0,1805,217,328,0,967,50,20
"agent ForwardAgent #114",ForwardAgent,0.046,0,0.569,50,0,0,0,0,12,75,26,0,0,25,0,0,100,4,0,285,4,47,1,46,50,20
"agent ForwardAgent #115",ForwardAgent,0.846,0,0.569,50,0,22,0,22,184,75,224,0,0,25,0,0,100,247,0,1068,191,288,2,846,50,20
"agent ForwardAgent #116",ForwardAgent,3.001,0,0.569,50,0,81,0,81,722,75,786,0,0,25,0,0,100,764,0,4075,729,334,3,3001,50,20
"agent ForwardAgent #117",ForwardAgent,0.611,0,0.569,50,0,10,0,10,138,75,160,0,0,25,0,0,100,184,0,1359,129,216,0,611,50,20
"agent ForwardAgent #118",ForwardAgent,0.252,0,0.569,50,0,2,0,2,69,75,72,0,0,25,0,0,100,50,0,687,61,150,1,252,50,20
"agent ForwardAgent #119",ForwardAgent,0.396,0,0.569,50,0,5,0,5,92,75,91,0,0,25,0,0,100,114,0,579,99,267,2,396,50,20
"agent ForwardAgent #120",ForwardAgent,0.105,0,0.569,50,0,1,0,1,24,75,36,0,0,25,0,0,100,14,0,260,31,84,3,105,50,20
"agent ForwardAgent #121",ForwardAgent,1.587,0,0.569,50,0,52,0,52,402,75,384,0,0,25,0,0,100,408,0,2885,393,348,0,1587,50,20
"agent ForwardAgent #122",ForwardAgent,1.954,0,0.569,50,0,47,0,47,446,75,546,0,0,25,0,0,100,524,0,2025,438,332,1,1954,50,20
"agent ForwardAgent #123",ForwardAgent,0.362,0,0.569,50,0,10,0,10,80,75,86,0,0,25,0,0,100,109,0,936,87,214,2,362,50,20
"agent ForwardAgent #124",ForwardAgent,0.277,0,0.569,50,0,8,0,8,70,75,76,0,0,25,0,0,100,54,0,731,77,128,3,277,50,20
"agent ForwardAgent #125",ForwardAgent,0.255,0,0.569,50,0,3,0,3,64,75,56,0,0,25,0,0,100,80,0,1232,55,182,0,255,50,20
"agent RandomAgent #126",RandomAgent,2.664,0,0.569,50,0,76,0,1360,571,75,776,0,0,25,0,0,100,754,0,2022,563,113,1,2664,50,20
"agent RandomAgent #127",RandomAgent,27.328,0,0.569,50,0,830,0,13727,6000,75,7649,0,0,25,0,0,100,7672,0,14055,6007,284,2,27328,50,20
"agent RandomAgent #128",RandomAgent,2.101,0,0.569,50,0,0,0,1014,540,75,518,0,0,25,0,0,100,496,0,3182,547,95,3,2101,50,20
"agent RandomAgent #129",RandomAgent,86.867,0,0.569,50,0,2499,0,43693,20591,75,22835,0,0,25,0,0,100,22859,0,34984,20582,335,0,86867,50,20
"agent RandomAgent #130",RandomAgent,50.15,0,0.569,50,0,850,0,24968,10786,75,14304,0,0,25,0,0,100,14282,0,24013,10778,336,1,50150,50,20
"agent RandomAgent #131",RandomAgent,77.152,0,0.569,50,0,2053,0,38806,17057,75,21504,0,0,25,0,0,100,21527,0,31315,17064,258,2,77152,50,20
"agent RandomAgent #132",RandomAgent,32.739,0,0.569,50,0,274,0,16352,7818,75,8559,0,0,25,0,0,100,8537,0,11520,7825,243,3,32739,50,20
"agent RandomAgent #133",RandomAgent,75.847,0,0.569,50,0,1843,0,38159,17202,75,20714,0,0,25,0,0,100,20738,0,31518,17193,345,0,75847,50,20
"agent RandomAgent #134",RandomAgent,53.32,0,0.569,50,0,1268,0,26656,13935,75,12740,0,0,25,0,0,100,12718,0,16183,13927,164,1,53320,50,20
"agent RandomAgent #135",RandomAgent,61.076,0,0.569,50,0,1566,0,30607,15159,75,15364,0,0,25,0,0,100,15387,0,18770,15166,400,2,61076,50,20
"agent RandomAgent #136",RandomAgent,13.757,0,0.569,50,0,274,0,6914,3459,75,3427,0,0,25,0,0,100,3405,0,4719,3466,246,3,13757,50,20
"agent RandomAgent #137",RandomAgent,91.865,0,0.569,50,0,2597,0,46159,20455,75,25470,0,0,25,0,0,100,25494,0,29484,20446,241,0,91865,50,20
"agent RandomAgent #138",RandomAgent,9.772,0,0.569,50,0,117,0,4825,1988,75,2913,0,0,25,0,0,100,2891,0,4441,1980,196,1,9772,50,20
"agent RandomAgent #139",RandomAgent,21.706,0,0.569,50,0,562,0,10900,5010,75,5828,0,0,25,0,0,100,5851,0,13905,5017,336,2,21706,50,20
"agent RandomAgent #140",RandomAgent,14.895,0,0.569,50,0,152,0,7403,3833,75,3622,0,0,25,0,0,100,3600,0,7577,3840,165,3,14895,50,20
"agent RandomAgent #141",RandomAgent,23.773,0,0.569,50,0,431,0,11895,5831,75,6048,0,0,25,0,0,100,6072,0,18688,5822,250,0,23773,50,20
"agent RandomAgent #142",RandomAgent,11.318,0,0.569,50,0,52,0,5463,2856,75,2818,0,0,25,0,0,100,2796,0,5303,2848,170,1,11318,50,20
"agent RandomAgent #143",RandomAgent,17.532,0,0.569,50,0,279,0,8617,3375,75,5376,0,0,25,0,0,100,5399,0,9928,3382,297,2,17532,50,20
"agent RandomAgent #144",RandomAgent,6.449,0,0.569,50,0,161,0,3143,1827,75,1405,0,0,25,0,0,100,1383,0,3929,1834,186,3,6449,50,20
"agent RandomAgent #145",RandomAgent,28.217,0,0.569,50,0,751,0,14262,6567,75,7534,0,0,25,0,0,100,7558,0,17225,6558,230,0,28217,50,20
"agent RandomAgent #146",RandomAgent,22.002,0,0.569,50,0,161,0,10956,6173,75,4843,0,0,25,0,0,100,4821,0,8487,6165,253,1,22002,50,20
"agent RandomAgent #147",RandomAgent,113.634,0,0.569,50,0,2717,0,56947,24684,75,32118,0,0,25,0,0,100,32141,0,27723,24691,325,2,113634,50,20
"agent RandomAgent #148",RandomAgent,2.359,0,0.569,50,0,10,0,1171,515,75,672,0,0,25,0,0,100,650,0,1862,522,99,3,2359,50,20
"agent RandomAgent #149",RandomAgent,19.101,0,0.569,50,0,239,0,9561,4121,75,5422,0,0,25,0,0,100,5446,0,14281,4112,292,0,19101,50,20
"agent RandomAgent #150",RandomAgent,1.122,0,0.569,50,0,0,0,537,283,75,293,0,0,25,0,0,100,271,0,535,275,87,1,1122,50,20
"agent RandomAgent #151",RandomAgent,20.9,0,0.569,50,0,521,0,10550,4697,75,5738,0,0,25,0,0,100,5761,0,11915,4704,302,2,20900,50,20
"agent RandomAgent #152",RandomAgent,17.277,0,0.569,50,0,265,0,8591,4878,75,3768,0,0,25,0,0,100,3746,0,7690,4885,170,3,17277,50,20
"agent RandomAgent #153",RandomAgent,29.633,0,0.569,50,0,903,0,14890,6647,75,8162,0,0,25,0,0,100,8186,0,14304,6638,301,0,29633,50,20
"agent RandomAgent #154",RandomAgent,51.85,0,0.569,50,0,1396,0,25933,13091,75,12849,0,0,25,0,0,100,12827,0,13967,13083,316,1,51850,50,20
"agent RandomAgent #155",RandomAgent,20.82,0,0.569,50,0,329,0,10364,3778,75,6617,0,0,25,0,0,100,6640,0,11649,3785,257,2,20820,50,20
"agent RandomAgent #156",RandomAgent,16.745,0,0.569,50,0,461,0,8396,4311,75,4069,0,0,25,0,0,100,4047,0,7554,4318,155,3,16745,50,20
"agent RandomAgent #157",RandomAgent,10.695,0,0.569,50,0,251,0,5291,2421,75,2919,0,0,25,0,0,100,2943,0,9520,2412,243,0,10695,50,20
"agent RandomAgent #158",RandomAgent,11.684,0,0.569,50,0,350,0,5798,2790,75,3067,0,0,25,0,0,100,3045,0,4066,2782,237,1,11684,50,20
"agent RandomAgent #159",RandomAgent,67.878,0,0.569,50,0,1756,0,34107,14700,75,19224,0,0,25,0,0,100,19247,0,22807,14707,260,2,67878,50,20
"agent RandomAgent #160",RandomAgent,4.351,0,0.569,50,0,49,0,2137,1104,75,1079,0,0,25,0,0,100,1057,0,2192,1111,150,3,4351,50,20
"agent RandomAgent #161",RandomAgent,40.745,0,0.569,50,0,848,0,20490,8762,75,11603,0,0,25,0,0,100,11627,0,16842,8753,318,0,40745,50,20
"agent RandomAgent #162",RandomAgent,7.486,0,0.569,50,0,113,0,3692,1790,75,1968,0,0,25,0,0,100,1946,0,2142,1782,135,1,7486,50,20
"agent RandomAgent #163",RandomAgent,78.064,0,0.569,50,0,2176,0,39349,16629,75,22388,0,0,25,0,0,100,22411,0,16818,16636,235,2,78064,50,20
"agent RandomAgent #164",RandomAgent,0.841,0,0.569,50,0,0,0,397,130,75,298,0,0,25,0,0,100,276,0,767,137,75,3,841,50,20
"agent RandomAgent #165",RandomAgent,7.285,0,0.569,50,0,154,0,3602,1681,75,1954,0,0,25,0,0,100,1978,0,4436,1672,215,0,7285,50,20
"agent RandomAgent #166",RandomAgent,6.42,0,0.569,50,0,51,0,3127,1555,75,1670,0,0,25,0,0,100,1648,0,3179,1547,165,1,6420,50,20
"agent RandomAgent #167",RandomAgent,50.162,0,0.569,50,0,1032,0,24952,11454,75,13612,0,0,25,0,0,100,13635,0,21234,11461,234,2,50162,50,20
"agent RandomAgent #168",RandomAgent,4.863,0,0.569,50,0,115,0,2431,1277,75,1162,0,0,25,0,0,100,1140,0,2272,1284,154,3,4863,50,20
"agent RandomAgent #169",RandomAgent,61.003,0,0.569,50,0,1642,0,30569,14329,75,16165,0,0,25,0,0,100,16189,0,18413,14320,291,0,61003,50,20
"agent RandomAgent #170",RandomAgent,3.852,0,0.569,50,0,0,0,1959,745,75,1196,0,0,25,0,0,100,1174,0,1386,737,104,1,3852,50,20
"agent RandomAgent #171",RandomAgent,62.602,0,0.569,50,0,1390,0,31256,13690,75,17596,0,0,25,0,0,100,17619,0,16808,13697,331,2,62602,50,20
"agent RandomAgent #172",RandomAgent,28.667,0,0.569,50,0,815,0,14408,7262,75,7079,0,0,25,0,0,100,7057,0,7365,7269,165,3,28667,50,20
"agent RandomAgent #173",RandomAgent,32.959,0,0.569,50,0,824,0,16590,7259,75,9213,0,0,25,0,0,100,9237,0,15392,7250,227,0,32959,50,20
"agent RandomAgent #174",RandomAgent,29.894,0,0.569,50,0,872,0,15083,7984,75,6978,0,0,25,0,0,100,6956,0,7001,7976,191,1,29894,50,20
"agent RandomAgent #175",RandomAgent,23.092,0,0.569,50,0,429,0,11520,4755,75,6776,0,0,25,0,0,100,6799,0,9512,4762,248,2,23092,50,20
"agent RandomAgent #176",RandomAgent,8.889,0,0.569,50,0,0,0,4489,2344,75,2108,0,0,25,0,0,100,2086,0,3468,2351,107,3,8889,50,20
"agent RandomAgent #177",RandomAgent,38.569,0,0.569,50,0,1001,0,19306,8611,75,10666,0,0,25,0,0,100,10690,0,13598,8602,307,0,38569,50,20
"agent RandomAgent #178",RandomAgent,46.754,0,0.569,50,0,1476,0,23528,10781,75,12611,0,0,25,0,0,100,12589,0,7596,10773,336,1,46754,50,20
"agent RandomAgent #179",RandomAgent,50.13,0,0.569,50,0,1010,0,25044,11668,75,13382,0,0,25,0,0,100,13405,0,12562,11675,345,2,50130,50,20
"agent RandomAgent #180",RandomAgent,30.095,0,0.569,50,0,1136,0,15182,6521,75,8534,0,0,25,0,0,100,8512,0,3958,6528,234,3,30095,50,20
"agent RandomAgent #181",RandomAgent,48.831,0,0.569,50,0,1511,0,24533,12169,75,12239,0,0,25,0,0,100,12263,0,11925,12160,341,0,48831,50,20
"agent RandomAgent #182",RandomAgent,11.574,0,0.569,50,0,234,0,5810,2979,75,2823,0,0,25,0,0,100,2801,0,2711,2971,191,1,11574,50,20
"agent RandomAgent #183",RandomAgent,41.928,0,0.569,50,0,1003,0,21048,9455,75,11494,0,0,25,0,0,100,11517,0,12642,9462,219,2,41928,50,20
"agent RandomAgent #184",RandomAgent,29.245,0,0.569,50,0,620,0,14809,8144,75,6486,0,0,25,0,0,100,6464,0,4060,8151,259,3,29245,50,20
"agent RandomAgent #185",RandomAgent,30.073,0,0.569,50,0,692,0,14987,6645,75,8384,0,0,25,0,0,100,8408,0,8969,6636,275,0,30073,50,20
"agent RandomAgent #186",RandomAgent,0.626,0,0.569,50,0,0,0,287,111,75,217,0,0,25,0,0,100,195,0,261,103,66,1,626,50,20
"agent RandomAgent #187",RandomAgent,36.254,0,0.569,50,0,859,0,18286,8127,75,9985,0,0,25,0,0,100,10008,0,9074,8134,220,2,36254,50,20
"agent RandomAgent #188",RandomAgent,9.171,0,0.569,50,0,0,0,4604,1519,75,3074,0,0,25,0,0,100,3052,0,1578,1526,119,3,9171,50,20
"agent RandomAgent #189",RandomAgent,13.153,0,0.569,50,0,287,0,6529,2616,75,3953,0,0,25,0,0,100,3977,0,4669,2607,218,0,13153,50,20
"agent RandomAgent #190",RandomAgent,2.13,0,0.569,50,0,4,0,1068,431,75,649,0,0,25,0,0,100,627,0,444,423,80,1,2130,50,20
"agent RandomAgent #191",RandomAgent,56.98,0,0.569,50,0,1291,0,28501,13231,75,15244,0,0,25,0,0,100,15267,0,7693,13238,301,2,56980,50,20
"agent RandomAgent #192",RandomAgent,31.987,0,0.569,50,0,848,0,16218,8822,75,7179,0,0,25,0,0,100,7157,0,3704,8829,180,3,31987,50,20
"agent RandomAgent #193",RandomAgent,17.449,0,0.569,50,0,485,0,8719,4046,75,4671,0,0,25,0,0,100,4695,0,3968,4037,291,0,17449,50,20
"agent RandomAgent #194",RandomAgent,3.37,0,0.569,50,0,5,0,1665,962,75,738,0,0,25,0,0,100,716,0,1318,954,123,1,3370,50,20
"agent RandomAgent #195",RandomAgent,28.778,0,0.569,50,0,540,0,14216,5990,75,8384,0,0,25,0,0,100,8407,0,4917,5997,249,2,28778,50,20
"agent RandomAgent #196",RandomAgent,16.273,0,0.569,50,0,222,0,7973,4555,75,3589,0,0,25,0,0,100,3567,0,2895,4562,182,3,16273,50,20
"agent RandomAgent #197",RandomAgent,7.071,0,0.569,50,0,150,0,3560,1393,75,2135,0,0,25,0,0,100,2159,0,2591,1384,211,0,7071,50,20
"agent RandomAgent #198",RandomAgent,17.94,0,0.569,50,0,571,0,9054,4368,75,4617,0,0,25,0,0,100,4595,0,1501,4360,150,1,17940,50,20
"agent RandomAgent #199",RandomAgent,51.136,0,0.569,50,0,1146,0,25756,10849,75,14704,0,0,25,0,0,100,14727,0,6636,10856,263,2,51136,50,20
"agent RandomAgent #200",RandomAgent,4.707,0,0.569,50,0,139,0,2324,1025,75,1336,0,0,25,0,0,100,1314,0,856,1032,188,3,4707,50,20
"agent RandomAgent #201",RandomAgent,44.661,0,0.569,50,0,1206,0,22606,9342,75,12981,0,0,25,0,0,100,13005,0,5904,9333,296,0,44661,50,20
"agent RandomAgent #202",RandomAgent,3.522,0,0.569,50,0,0,0,1750,764,75,1012,0,0,25,0,0,100,990,0,258,756,81,1,3522,50,20
"agent RandomAgent #203",RandomAgent,25.77,0,0.569,50,0,476,0,12978,5412,75,7458,0,0,25,0,0,100,7481,0,3742,5419,386,2,25770,50,20
"agent RandomAgent #204",RandomAgent,1.105,0,0.569,50,0,0,0,524,282,75,278,0,0,25,0,0,100,256,0,326,289,102,3,1105,50,20
"agent RandomAgent #205",RandomAgent,9.145,0,0.569,50,0,183,0,4619,2075,75,2490,0,0,25,0,0,100,2514,0,2297,2066,225,0,9145,50,20
"agent RandomAgent #206",RandomAgent,11.112,0,0.569,50,0,351,0,5552,2676,75,2895,0,0,25,0,0,100,2873,0,534,2668,143,1,11112,50,20
"agent RandomAgent #207",RandomAgent,8.088,0,0.569,50,0,75,0,3928,1921,75,2108,0,0,25,0,0,100,2131,0,694,1928,203,2,8088,50,20
"agent RandomAgent #208",RandomAgent,16.511,0,0.569,50,0,303,0,8299,4495,75,3768,0,0,25,0,0,100,3746,0,1923,4502,186,3,16511,50,20
"agent RandomAgent #209",RandomAgent,32.839,0,0.569,50,0,708,0,16365,6970,75,9442,0,0,25,0,0,100,9466,0,4140,6961,271,0,32839,50,20
"agent RandomAgent #210",RandomAgent,46.99,0,0.569,50,0,1783,0,23728,12238,75,11272,0,0,25,0,0,100,11250,0,2021,12230,160,1,46990,50,20
"agent RandomAgent #211",RandomAgent,49.962,0,0.569,50,0,964,0,25033,11889,75,13077,0,0,25,0,0,100,13100,0,2731,11896,336,2,49962,50,20
"agent RandomAgent #212",RandomAgent,14.069,0,0.569,50,0,296,0,7022,3741,75,3301,0,0,25,0,0,100,3279,0,860,3748,181,3,14069,50,20
"agent RandomAgent #213",RandomAgent,21.759,0,0.569,50,0,532,0,11065,5010,75,5862,0,0,25,0,0,100,5886,0,1402,5001,410,0,21759,50,20
"agent RandomAgent #214",RandomAgent,77.22,0,0.569,50,0,1671,0,38665,16556,75,22069,0,0,25,0,0,100,22047,0,2738,16548,394,1,77220,50,20
"agent RandomAgent #215",RandomAgent,49.416,0,0.569,50,0,1235,0,24657,11104,75,13589,0,0,25,0,0,100,13612,0,1555,11111,347,2,49416,50,20
"agent RandomAgent #216",RandomAgent,3.371,0,0.569,50,0,0,0,1722,1182,75,511,0,0,25,0,0,100,489,0,202,1189,95,3,3371,50,20
"agent RandomAgent #217",RandomAgent,22.675,0,0.569,50,0,521,0,11380,4914,75,6416,0,0,25,0,0,100,6440,0,2000,4905,279,0,22675,50,20
"agent RandomAgent #218",RandomAgent,2.604,0,0.569,50,0,38,0,1294,524,75,793,0,0,25,0,0,100,771,0,1,516,125,1,2604,50,20
"agent RandomAgent #219",RandomAgent,27.634,0,0.569,50,0,595,0,13844,6589,75,7213,0,0,25,0,0,100,7236,0,903,6596,322,2,27634,50,20
"agent RandomAgent #220",RandomAgent,11.995,0,0.569,50,0,239,0,6050,2942,75,3063,0,0,25,0,0,100,3041,0,310,2949,176,3,11995,50,20
"agent RandomAgent #221",RandomAgent,23.579,0,0.569,50,0,576,0,11832,5084,75,6698,0,0,25,0,0,100,6722,0,675,5075,286,0,23579,50,20
"agent RandomAgent #222",RandomAgent,21.19,0,0.569,50,0,337,0,10665,5140,75,5470,0,0,25,0,0,100,5448,0,212,5132,228,1,21190,50,20
"agent RandomAgent #223",RandomAgent,9.078,0,0.569,50,0,146,0,4583,2062,75,2462,0,0,25,0,0,100,2485,0,23,2069,259,2,9078,50,20
"agent RandomAgent #224",RandomAgent,91.621,0,0.569,50,0,2182,0,45701,18831,75,26987,0,0,25,0,0,100,26965,0,133,18838,279,3,91621,50,20
"agent RandomAgent #225",RandomAgent,17.969,0,0.569,50,0,208,0,8841,4052,75,4925,0,0,25,0,0,100,4949,0,0,4043,317,0,17969,50,20
"agent NegotiatingAgent #226",NegotiatingAgent,0.046,0,0.569,50,9,0,0,0,12,75,26,11,22,25,0,0,100,4,0,55,4,47,1,46,50,20
"agent NegotiatingAgent #227",NegotiatingAgent,0.514,1679,0.569,50,39,12,0,12,120,75,122,70,306,25,0,0,100,145,0,683,127,332,2,514,50,20
"agent NegotiatingAgent #228",NegotiatingAgent,0.487,2000,0.569,50,27,10,0,11,100,75,151,59,137,25,2,0,100,129,0,192,107,275,3,487,50,20
"agent NegotiatingAgent #229",NegotiatingAgent,0.259,1029,0.569,50,28,6,0,6,64,75,58,50,136,25,0,0,100,82,0,442,55,214,0,259,50,20
"agent NegotiatingAgent #230",NegotiatingAgent,0.432,1773,0.569,50,38,5,0,6,113,75,118,81,178,25,3,1,100,96,0,371,105,240,1,432,50,20
"agent NegotiatingAgent #231",NegotiatingAgent,0.476,1197,0.569,50,27,7,0,7,110,75,113,89,265,25,14,4,100,136,0,590,117,313,2,476,50,20
"agent NegotiatingAgent #232",NegotiatingAgent,0.413,1464,0.569,50,47,4,0,5,98,75,116,122,212,25,16,0,100,94,0,312,105,238,3,413,50,20
"agent NegotiatingAgent #233",NegotiatingAgent,0.327,730,0.569,50,19,7,0,7,80,75,76,47,67,25,1,5,100,100,0,141,71,248,0,327,50,20
"agent NegotiatingAgent #234",NegotiatingAgent,0.198,10,0.569,50,5,6,0,6,46,75,68,26,20,25,1,7,100,46,0,37,38,123,1,198,50,20
"agent NegotiatingAgent #235",NegotiatingAgent,0.368,4595,0.569,50,68,6,0,7,73,75,96,169,222,25,8,3,100,119,0,363,80,259,2,368,50,20
"agent NegotiatingAgent #236",NegotiatingAgent,0.377,2199,0.569,50,40,11,0,11,88,75,108,118,173,25,9,8,100,86,0,312,95,220,3,377,50,20
"agent NegotiatingAgent #237",NegotiatingAgent,0.427,1002,0.569,50,23,2,0,3,104,75,102,77,178,25,10,6,100,126,0,400,95,298,0,427,50,20
"agent NegotiatingAgent #238",NegotiatingAgent,0.398,923,0.569,50,15,3,0,4,88,75,126,77,114,25,17,4,100,104,0,203,80,223,1,398,50,20
"agent NegotiatingAgent #239",NegotiatingAgent,0.208,1385,0.569,50,22,1,0,1,46,75,43,76,109,25,8,1,100,66,0,187,53,179,2,208,50,20
"agent NegotiatingAgent #240",NegotiatingAgent,0.545,1013,0.569,50,22,8,0,9,124,75,156,112,200,25,19,12,100,134,0,257,131,304,3,545,50,20
"agent NegotiatingAgent #241",NegotiatingAgent,0.227,132,0.569,50,15,3,0,3,56,75,50,48,59,25,2,4,100,74,0,117,47,198,0,227,50,20
"agent NegotiatingAgent #242",NegotiatingAgent,0.404,930,0.569,50,18,4,0,5,105,75,112,83,169,25,14,6,100,90,0,263,97,226,1,404,50,20
"agent NegotiatingAgent #243",NegotiatingAgent,0.294,375,0.569,50,7,3,0,4,61,75,71,67,168,25,23,2,100,94,0,429,68,222,2,294,50,20
"agent NegotiatingAgent #244",NegotiatingAgent,0.353,1237,0.569,50,25,8,0,8,80,75,104,104,154,25,14,8,100,82,0,250,87,208,3,353,50,20
"agent NegotiatingAgent #245",NegotiatingAgent,0.235,77,0.569,50,4,3,0,3,62,75,48,101,127,25,25,16,100,72,0,249,53,202,0,235,50,20
"agent NegotiatingAgent #246",NegotiatingAgent,0.402,428,0.569,50,6,4,0,5,88,75,128,109,142,25,36,5,100,106,0,92,80,225,1,402,50,20
"agent NegotiatingAgent #247",NegotiatingAgent,0.382,250,0.569,50,4,5,0,6,88,75,88,77,156,25,18,13,100,111,0,282,95,266,2,382,50,20
"agent NegotiatingAgent #248",NegotiatingAgent,0.257,100,0.569,50,1,5,0,5,60,75,76,82,136,25,23,8,100,54,0,200,67,160,3,257,50,20
"agent NegotiatingAgent #249",NegotiatingAgent,0.361,0,0.569,50,0,2,0,4,79,75,94,134,187,25,38,16,100,118,0,316,70,265,0,361,50,20
"agent NegotiatingAgent #250",NegotiatingAgent,0.536,0,0.569,50,0,5,0,6,137,75,146,101,220,25,36,8,100,124,0,335,129,292,1,536,50,20
