agentName,agentType,averageSpeed,cumulatedUtilityReceived,freeWallRatio,numBacktrackAgents,numCFPAnswered,numDeadends,numDifferentEncounters,numDirectionChanges,numDownSteps,numForwardAgents,numLeftSteps,numMessagesReceived,numMessagesSent,numNegotiatingAgents,numProposalsAccepted,numProposalsRejected,numRandomAgents,numRightSteps,numSwarmAgents,numTotalEncounters,numUpSteps,numVisitedCells,startingPosition,stepsToExit,xsize,ysize
"agent BacktrackAgent #1",BacktrackAgent,0.059,0,0.569,100,0,0,0,0,20,0,2,0,0,0,0,0,0,26,0,1190,11,60,0,59,50,20
"agent BacktrackAgent #2",BacktrackAgent,0.364,0,0.569,100,0,10,0,10,67,0,130,0,0,0,0,0,0,108,0,1025,59,239,1,364,50,20
"agent BacktrackAgent #3",BacktrackAgent,0.192,0,0.569,100,0,5,0,5,42,0,39,0,0,0,0,0,0,62,0,448,49,129,2,192,50,20
"agent BacktrackAgent #4",BacktrackAgent,0.055,0,0.569,100,0,0,0,0,11,0,24,0,0,0,0,0,0,2,0,209,18,56,3,55,50,20
"agent BacktrackAgent #5",BacktrackAgent,0.059,0,0.569,100,0,0,0,0,20,0,2,0,0,0,0,0,0,26,0,601,11,60,0,59,50,20
"agent BacktrackAgent #6",BacktrackAgent,0.15,0,0.569,100,0,4,0,4,38,0,52,0,0,0,0,0,0,30,0,86,30,132,1,150,50,20
"agent BacktrackAgent #7",BacktrackAgent,0.158,0,0.569,100,0,6,0,6,32,0,32,0,0,0,0,0,0,55,0,124,39,112,2,158,50,20
"agent BacktrackAgent #8",BacktrackAgent,0.055,0,0.569,100,0,0,0,0,11,0,24,0,0,0,0,0,0,2,0,56,18,56,3,55,50,20
"agent BacktrackAgent #9",BacktrackAgent,0.263,0,0.569,100,0,7,0,7,66,0,58,0,0,0,0,0,0,82,0,0,57,162,0,263,50,20
"agent BacktrackAgent #10",BacktrackAgent,0.362,0,0.569,100,0,11,0,11,64,0,132,0,0,0,0,0,0,110,0,1124,56,238,1,362,50,20
"agent BacktrackAgent #11",BacktrackAgent,0.16,0,0.569,100,0,2,0,2,38,0,27,0,0,0,0,0,0,50,0,661,45,113,2,160,50,20
"agent BacktrackAgent #12",BacktrackAgent,0.055,0,0.569,100,0,0,0,0,11,0,24,0,0,0,0,0,0,2,0,313,18,56,3,55,50,20
"agent BacktrackAgent #13",BacktrackAgent,0.263,0,0.569,100,0,7,0,7,66,0,58,0,0,0,0,0,0,82,0,1877,57,162,0,263,50,20
"agent BacktrackAgent #14",BacktrackAgent,0.356,0,0.569,100,0,10,0,10,65,0,128,0,0,0,0,0,0,106,0,1438,57,235,1,356,50,20
"agent BacktrackAgent #15",BacktrackAgent,0.064,0,0.569,100,0,0,0,0,12,0,5,0,0,0,0,0,0,28,0,251,19,65,2,64,50,20
"agent BacktrackAgent #16",BacktrackAgent,0.467,0,0.569,100,0,14,0,14,83,0,158,0,0,0,0,0,0,136,0,954,90,262,3,467,50,20
"agent BacktrackAgent #17",BacktrackAgent,0.263,0,0.569,100,0,7,0,7,66,0,58,0,0,0,0,0,0,82,0,1897,57,162,0,263,50,20
"agent BacktrackAgent #18",BacktrackAgent,0.34,0,0.569,100,0,9,0,9,61,0,124,0,0,0,0,0,0,102,0,599,53,227,1,340,50,20
"agent BacktrackAgent #19",BacktrackAgent,0.2,0,0.569,100,0,6,0,6,44,0,41,0,0,0,0,0,0,64,0,399,51,133,2,200,50,20
"agent BacktrackAgent #20",BacktrackAgent,0.071,0,0.569,100,0,1,0,1,13,0,30,0,0,0,0,0,0,8,0,309,20,64,3,71,50,20
"agent BacktrackAgent #21",BacktrackAgent,0.059,0,0.569,100,0,0,0,0,20,0,2,0,0,0,0,0,0,26,0,1129,11,60,0,59,50,20
"agent BacktrackAgent #22",BacktrackAgent,0.16,0,0.569,100,0,3,0,3,39,0,56,0,0,0,0,0,0,34,0,327,31,137,1,160,50,20
"agent BacktrackAgent #23",BacktrackAgent,0.222,0,0.569,100,0,4,0,4,52,0,44,0,0,0,0,0,0,67,0,614,59,144,2,222,50,20
"agent BacktrackAgent #24",BacktrackAgent,0.467,0,0.569,100,0,14,0,14,83,0,158,0,0,0,0,0,0,136,0,1245,90,262,3,467,50,20
"agent BacktrackAgent #25",BacktrackAgent,0.059,0,0.569,100,0,0,0,0,20,0,2,0,0,0,0,0,0,26,0,1070,11,60,0,59,50,20
"agent BacktrackAgent #26",BacktrackAgent,0.402,0,0.569,100,0,14,0,14,76,0,140,0,0,0,0,0,0,118,0,925,68,258,1,402,50,20
"agent BacktrackAgent #27",BacktrackAgent,0.214,0,0.569,100,0,3,0,3,50,0,42,0,0,0,0,0,0,65,0,724,57,140,2,214,50,20
"agent BacktrackAgent #28",BacktrackAgent,0.467,0,0.569,100,0,14,0,14,83,0,158,0,0,0,0,0,0,136,0,1220,90,262,3,467,50,20
"agent BacktrackAgent #29",BacktrackAgent,0.059,0,0.569,100,0,0,0,0,20,0,2,0,0,0,0,0,0,26,0,1011,11,60,0,59,50,20
"agent BacktrackAgent #30",BacktrackAgent,0.386,0,0.569,100,0,12,0,12,70,0,138,0,0,0,0,0,0,116,0,1054,62,250,1,386,50,20
"agent BacktrackAgent #31",BacktrackAgent,0.076,0,0.569,100,0,2,0,2,16,0,7,0,0,0,0,0,0,30,0,286,23,71,2,76,50,20
"agent BacktrackAgent #32",BacktrackAgent,0.467,0,0.569,100,0,14,0,14,83,0,158,0,0,0,0,0,0,136,0,946,90,262,3,467,50,20
"agent BacktrackAgent #33",BacktrackAgent,0.263,0,0.569,100,0,7,0,7,66,0,58,0,0,0,0,0,0,82,0,1484,57,162,0,263,50,20
"agent BacktrackAgent #34",BacktrackAgent,0.37,0,0.569,100,0,12,0,12,70,0,130,0,0,0,0,0,0,108,0,1038,62,242,1,370,50,20
"agent BacktrackAgent #35",BacktrackAgent,0.108,0,0.569,100,0,5,0,5,20,0,19,0,0,0,0,0,0,42,0,243,27,87,2,108,50,20
"agent BacktrackAgent #36",BacktrackAgent,0.071,0,0.569,100,0,1,0,1,13,0,30,0,0,0,0,0,0,8,0,327,20,64,3,71,50,20
"agent BacktrackAgent #37",BacktrackAgent,0.263,0,0.569,100,0,7,0,7,66,0,58,0,0,0,0,0,0,82,0,1323,57,162,0,263,50,20
"agent BacktrackAgent #38",BacktrackAgent,0.394,0,0.569,100,0,12,0,12,74,0,138,0,0,0,0,0,0,116,0,789,66,254,1,394,50,20
"agent BacktrackAgent #39",BacktrackAgent,0.122,0,0.569,100,0,2,0,2,26,0,20,0,0,0,0,0,0,43,0,506,33,94,2,122,50,20
"agent BacktrackAgent #40",BacktrackAgent,0.483,0,0.569,100,0,15,0,15,85,0,164,0,0,0,0,0,0,142,0,686,92,270,3,483,50,20
"agent BacktrackAgent #41",BacktrackAgent,0.263,0,0.569,100,0,7,0,7,66,0,58,0,0,0,0,0,0,82,0,1641,57,162,0,263,50,20
"agent BacktrackAgent #42",BacktrackAgent,0.16,0,0.569,100,0,3,0,3,41,0,54,0,0,0,0,0,0,32,0,180,33,137,1,160,50,20
"agent BacktrackAgent #43",BacktrackAgent,0.16,0,0.569,100,0,2,0,2,38,0,27,0,0,0,0,0,0,50,0,349,45,113,2,160,50,20
"agent BacktrackAgent #44",BacktrackAgent,0.451,0,0.569,100,0,13,0,13,81,0,152,0,0,0,0,0,0,130,0,799,88,254,3,451,50,20
"agent BacktrackAgent #45",BacktrackAgent,0.263,0,0.569,100,0,7,0,7,66,0,58,0,0,0,0,0,0,82,0,1401,57,162,0,263,50,20
"agent BacktrackAgent #46",BacktrackAgent,0.378,0,0.569,100,0,12,0,12,70,0,134,0,0,0,0,0,0,112,0,694,62,246,1,378,50,20
"agent BacktrackAgent #47",BacktrackAgent,0.134,0,0.569,100,0,4,0,4,30,0,22,0,0,0,0,0,0,45,0,383,37,100,2,134,50,20
"agent BacktrackAgent #48",BacktrackAgent,0.483,0,0.569,100,0,15,0,15,85,0,164,0,0,0,0,0,0,142,0,927,92,270,3,483,50,20
"agent BacktrackAgent #49",BacktrackAgent,0.059,0,0.569,100,0,0,0,0,20,0,2,0,0,0,0,0,0,26,0,764,11,60,0,59,50,20
"agent BacktrackAgent #50",BacktrackAgent,0.142,0,0.569,100,0,3,0,3,36,0,50,0,0,0,0,0,0,28,0,233,28,128,1,142,50,20
"agent BacktrackAgent #51",BacktrackAgent,0.226,0,0.569,100,0,5,0,5,54,0,44,0,0,0,0,0,0,67,0,269,61,146,2,226,50,20
"agent BacktrackAgent #52",BacktrackAgent,0.483,0,0.569,100,0,15,0,15,85,0,164,0,0,0,0,0,0,142,0,654,92,270,3,483,50,20
"agent BacktrackAgent #53",BacktrackAgent,0.263,0,0.569,100,0,7,0,7,66,0,58,0,0,0,0,0,0,82,0,903,57,162,0,263,50,20
"agent BacktrackAgent #54",BacktrackAgent,0.378,0,0.569,100,0,11,0,11,72,0,132,0,0,0,0,0,0,110,0,447,64,246,1,378,50,20
"agent BacktrackAgent #55",BacktrackAgent,0.214,0,0.569,100,0,3,0,3,50,0,42,0,0,0,0,0,0,65,0,338,57,140,2,214,50,20
"agent BacktrackAgent #56",BacktrackAgent,0.071,0,0.569,100,0,1,0,1,13,0,30,0,0,0,0,0,0,8,0,192,20,64,3,71,50,20
"agent BacktrackAgent #57",BacktrackAgent,0.059,0,0.569,100,0,0,0,0,20,0,2,0,0,0,0,0,0,26,0,658,11,60,0,59,50,20
"agent BacktrackAgent #58",BacktrackAgent,0.174,0,0.569,100,0,5,0,5,44,0,58,0,0,0,0,0,0,36,0,128,36,144,1,174,50,20
"agent BacktrackAgent #59",BacktrackAgent,0.122,0,0.569,100,0,2,0,2,26,0,20,0,0,0,0,0,0,43,0,222,33,94,2,122,50,20
"agent BacktrackAgent #60",BacktrackAgent,0.451,0,0.569,100,0,13,0,13,81,0,152,0,0,0,0,0,0,130,0,362,88,254,3,451,50,20
"agent BacktrackAgent #61",BacktrackAgent,0.263,0,0.569,100,0,7,0,7,66,0,58,0,0,0,0,0,0,82,0,645,57,162,0,263,50,20
"agent BacktrackAgent #62",BacktrackAgent,0.388,0,0.569,100,0,12,0,12,71,0,138,0,0,0,0,0,0,116,0,391,63,251,1,388,50,20
"agent BacktrackAgent #63",BacktrackAgent,0.068,0,0.569,100,0,1,0,1,14,0,5,0,0,0,0,0,0,28,0,174,21,67,2,68,50,20
"agent BacktrackAgent #64",BacktrackAgent,0.055,0,0.569,100,0,0,0,0,11,0,24,0,0,0,0,0,0,2,0,146,18,56,3,55,50,20
"agent BacktrackAgent #65",BacktrackAgent,0.059,0,0.569,100,0,0,0,0,20,0,2,0,0,0,0,0,0,26,0,494,11,60,0,59,50,20
"agent BacktrackAgent #66",BacktrackAgent,0.144,0,0.569,100,0,2,0,2,37,0,50,0,0,0,0,0,0,28,0,55,29,129,1,144,50,20
"agent BacktrackAgent #67",BacktrackAgent,0.192,0,0.569,100,0,5,0,5,42,0,39,0,0,0,0,0,0,62,0,170,49,129,2,192,50,20
"agent BacktrackAgent #68",BacktrackAgent,0.467,0,0.569,100,0,14,0,14,83,0,158,0,0,0,0,0,0,136,0,287,90,262,3,467,50,20
"agent BacktrackAgent #69",BacktrackAgent,0.263,0,0.569,100,0,7,0,7,66,0,58,0,0,0,0,0,0,82,0,771,57,162,0,263,50,20
"agent BacktrackAgent #70",BacktrackAgent,0.378,0,0.569,100,0,12,0,12,72,0,132,0,0,0,0,0,0,110,0,176,64,246,1,378,50,20
"agent BacktrackAgent #71",BacktrackAgent,0.072,0,0.569,100,0,1,0,1,14,0,7,0,0,0,0,0,0,30,0,183,21,69,2,72,50,20
"agent BacktrackAgent #72",BacktrackAgent,0.451,0,0.569,100,0,13,0,13,81,0,152,0,0,0,0,0,0,130,0,179,88,254,3,451,50,20
"agent BacktrackAgent #73",BacktrackAgent,0.059,0,0.569,100,0,0,0,0,20,0,2,0,0,0,0,0,0,26,0,388,11,60,0,59,50,20
"agent BacktrackAgent #74",BacktrackAgent,0.158,0,0.569,100,0,4,0,4,40,0,54,0,0,0,0,0,0,32,0,46,32,136,1,158,50,20
"agent BacktrackAgent #75",BacktrackAgent,0.072,0,0.569,100,0,1,0,1,14,0,7,0,0,0,0,0,0,30,0,111,21,69,2,72,50,20
"agent BacktrackAgent #76",BacktrackAgent,0.071,0,0.569,100,0,1,0,1,13,0,30,0,0,0,0,0,0,8,0,89,20,64,3,71,50,20
"agent BacktrackAgent #77",BacktrackAgent,0.263,0,0.569,100,0,7,0,7,66,0,58,0,0,0,0,0,0,82,0,458,57,162,0,263,50,20
"agent BacktrackAgent #78",BacktrackAgent,0.37,0,0.569,100,0,12,0,12,68,0,132,0,0,0,0,0,0,110,0,204,60,242,1,370,50,20
"agent BacktrackAgent #79",BacktrackAgent,0.064,0,0.569,100,0,0,0,0,12,0,5,0,0,0,0,0,0,28,0,50,19,65,2,64,50,20
"agent BacktrackAgent #80",BacktrackAgent,0.087,0,0.569,100,0,2,0,2,15,0,36,0,0,0,0,0,0,14,0,62,22,72,3,87,50,20
"agent BacktrackAgent #81",BacktrackAgent,0.059,0,0.569,100,0,0,0,0,20,0,2,0,0,0,0,0,0,26,0,282,11,60,0,59,50,20
"agent BacktrackAgent #82",BacktrackAgent,0.356,0,0.569,100,0,10,0,10,65,0,128,0,0,0,0,0,0,106,0,211,57,235,1,356,50,20
"agent BacktrackAgent #83",BacktrackAgent,0.16,0,0.569,100,0,2,0,2,38,0,27,0,0,0,0,0,0,50,0,52,45,113,2,160,50,20
"agent BacktrackAgent #84",BacktrackAgent,0.467,0,0.569,100,0,14,0,14,83,0,158,0,0,0,0,0,0,136,0,45,90,262,3,467,50,20
"agent BacktrackAgent #85",BacktrackAgent,0.059,0,0.569,100,0,0,0,0,20,0,2,0,0,0,0,0,0,26,0,223,11,60,0,59,50,20
"agent BacktrackAgent #86",BacktrackAgent,0.38,0,0.569,100,0,11,0,11,71,0,134,0,0,0,0,0,0,112,0,144,63,247,1,380,50,20
"agent BacktrackAgent #87",BacktrackAgent,0.1,0,0.569,100,0,4,0,4,18,0,17,0,0,0,0,0,0,40,0,14,25,83,2,100,50,20
"agent BacktrackAgent #88",BacktrackAgent,0.483,0,0.569,100,0,15,0,15,85,0,164,0,0,0,0,0,0,142,0,24,92,270,3,483,50,20
"agent BacktrackAgent #89",BacktrackAgent,0.059,0,0.569,100,0,0,0,0,20,0,2,0,0,0,0,0,0,26,0,164,11,60,0,59,50,20
"agent BacktrackAgent #90",BacktrackAgent,0.152,0,0.569,100,0,3,0,3,39,0,52,0,0,0,0,0,0,30,0,2,31,133,1,152,50,20
"agent BacktrackAgent #91",BacktrackAgent,0.154,0,0.569,100,0,5,0,5,30,0,32,0,0,0,0,0,0,55,0,61,37,110,2,154,50,20
"agent BacktrackAgent #92",BacktrackAgent,0.071,0,0.569,100,0,1,0,1,13,0,30,0,0,0,0,0,0,8,0,1,20,64,3,71,50,20
"agent BacktrackAgent #93",BacktrackAgent,0.059,0,0.569,100,0,0,0,0,20,0,2,0,0,0,0,0,0,26,0,105,11,60,0,59,50,20
"agent BacktrackAgent #94",BacktrackAgent,0.354,0,0.569,100,0,10,0,10,62,0,130,0,0,0,0,0,0,108,0,82,54,234,1,354,50,20
"agent BacktrackAgent #95",BacktrackAgent,0.164,0,0.569,100,0,2,0,2,38,0,29,0,0,0,0,0,0,52,0,16,45,115,2,164,50,20
"agent BacktrackAgent #96",BacktrackAgent,0.055,0,0.569,100,0,0,0,0,11,0,24,0,0,0,0,0,0,2,0,0,18,56,3,55,50,20
"agent BacktrackAgent #97",BacktrackAgent,0.059,0,0.569,100,0,0,0,0,20,0,2,0,0,0,0,0,0,26,0,46,11,60,0,59,50,20
"agent BacktrackAgent #98",BacktrackAgent,0.37,0,0.569,100,0,12,0,12,66,0,134,0,0,0,0,0,0,112,0,0,58,242,1,370,50,20
"agent BacktrackAgent #99",BacktrackAgent,0.162,0,0.569,100,0,6,0,6,32,0,34,0,0,0,0,0,0,57,0,2,39,114,2,162,50,20
"agent BacktrackAgent #100",BacktrackAgent,0.483,0,0.569,100,0,15,0,15,85,0,164,0,0,0,0,0,0,142,0,1048,92,270,3,483,50,20
