agentName,agentType,averageSpeed,cumulatedUtilityReceived,freeWallRatio,numBacktrackAgents,numCFPAnswered,numDeadends,numDifferentEncounters,numDirectionChanges,numDownSteps,numForwardAgents,numLeftSteps,numMessagesReceived,numMessagesSent,numNegotiatingAgents,numProposalsAccepted,numProposalsRejected,numRandomAgents,numRightSteps,numSwarmAgents,numTotalEncounters,numUpSteps,numVisitedCells,startingPosition,stepsToExit,xsize,ysize
"agent BacktrackAgent #1",BacktrackAgent,0.469,0,0.569,50,0,14,0,14,107,75,120,0,0,25,0,0,100,144,0,1841,98,376,0,469,50,20
"agent BacktrackAgent #2",BacktrackAgent,0.643,0,0.569,50,0,13,0,13,157,75,180,0,0,25,0,0,100,158,0,2036,148,352,1,643,50,20
"agent BacktrackAgent #3",BacktrackAgent,0.434,0,0.569,50,0,11,0,11,93,75,109,0,0,25,0,0,100,132,0,1068,100,350,2,434,50,20
"agent BacktrackAgent #4",BacktrackAgent,0.151,0,0.569,50,0,4,0,4,37,75,46,0,0,25,0,0,100,24,0,525,44,118,3,151,50,20
"agent BacktrackAgent #5",BacktrackAgent,0.409,0,0.569,50,0,11,0,11,95,75,102,0,0,25,0,0,100,126,0,1505,86,346,0,409,50,20
"agent BacktrackAgent #6",BacktrackAgent,0.067,0,0.569,50,0,2,0,2,21,75,28,0,0,25,0,0,100,6,0,633,12,64,1,67,50,20
"agent BacktrackAgent #7",BacktrackAgent,0.3,0,0.569,50,0,6,0,6,63,75,72,0,0,25,0,0,100,95,0,466,70,283,2,300,50,20
"agent BacktrackAgent #8",BacktrackAgent,0.243,0,0.569,50,0,11,0,11,51,75,78,0,0,25,0,0,100,56,0,581,58,164,3,243,50,20
"agent BacktrackAgent #9",BacktrackAgent,0.541,0,0.569,50,0,17,0,17,125,75,138,0,0,25,0,0,100,162,0,1352,116,412,0,541,50,20
"agent BacktrackAgent #10",BacktrackAgent,0.723,0,0.569,50,0,18,0,18,167,75,210,0,0,25,0,0,100,188,0,3070,158,392,1,723,50,20
"agent BacktrackAgent #11",BacktrackAgent,0.434,0,0.569,50,0,13,0,13,89,75,113,0,0,25,0,0,100,136,0,1501,96,350,2,434,50,20
"agent BacktrackAgent #12",BacktrackAgent,0.239,0,0.569,50,0,10,0,10,51,75,76,0,0,25,0,0,100,54,0,1058,58,162,3,239,50,20
"agent BacktrackAgent #13",BacktrackAgent,0.445,0,0.569,50,0,11,0,11,107,75,108,0,0,25,0,0,100,132,0,2332,98,364,0,445,50,20
"agent BacktrackAgent #14",BacktrackAgent,0.639,0,0.569,50,0,12,0,12,155,75,180,0,0,25,0,0,100,158,0,2254,146,350,1,639,50,20
"agent BacktrackAgent #15",BacktrackAgent,0.376,0,0.569,50,0,9,0,9,81,75,92,0,0,25,0,0,100,115,0,1130,88,321,2,376,50,20
"agent BacktrackAgent #16",BacktrackAgent,0.163,0,0.569,50,0,6,0,6,41,75,48,0,0,25,0,0,100,26,0,832,48,124,3,163,50,20
"agent BacktrackAgent #17",BacktrackAgent,0.545,0,0.569,50,0,18,0,18,129,75,136,0,0,25,0,0,100,160,0,2897,120,414,0,545,50,20
"agent BacktrackAgent #18",BacktrackAgent,0.203,0,0.569,50,0,8,0,8,47,75,70,0,0,25,0,0,100,48,0,798,38,132,1,203,50,20
"agent BacktrackAgent #19",BacktrackAgent,0.38,0,0.569,50,0,6,0,6,91,75,84,0,0,25,0,0,100,107,0,1212,98,323,2,380,50,20
"agent BacktrackAgent #20",BacktrackAgent,0.231,0,0.569,50,0,9,0,9,49,75,74,0,0,25,0,0,100,52,0,931,56,158,3,231,50,20
"agent BacktrackAgent #21",BacktrackAgent,0.333,0,0.569,50,0,7,0,7,83,75,76,0,0,25,0,0,100,100,0,1583,74,308,0,333,50,20
"agent BacktrackAgent #22",BacktrackAgent,0.147,0,0.569,50,0,7,0,7,33,75,56,0,0,25,0,0,100,34,0,998,24,104,1,147,50,20
"agent BacktrackAgent #23",BacktrackAgent,0.508,0,0.569,50,0,16,0,16,113,75,126,0,0,25,0,0,100,149,0,1086,120,387,2,508,50,20
"agent BacktrackAgent #24",BacktrackAgent,0.235,0,0.569,50,0,10,0,10,49,75,76,0,0,25,0,0,100,54,0,768,56,160,3,235,50,20
"agent BacktrackAgent #25",BacktrackAgent,0.449,0,0.569,50,0,12,0,12,113,75,104,0,0,25,0,0,100,128,0,2045,104,366,0,449,50,20
"agent BacktrackAgent #26",BacktrackAgent,0.727,0,0.569,50,0,19,0,19,169,75,210,0,0,25,0,0,100,188,0,2123,160,394,1,727,50,20
"agent BacktrackAgent #27",BacktrackAgent,0.394,0,0.569,50,0,10,0,10,97,75,85,0,0,25,0,0,100,108,0,1499,104,330,2,394,50,20
"agent BacktrackAgent #28",BacktrackAgent,0.243,0,0.569,50,0,11,0,11,53,75,76,0,0,25,0,0,100,54,0,809,60,164,3,243,50,20
"agent BacktrackAgent #29",BacktrackAgent,0.385,0,0.569,50,0,7,0,7,93,75,92,0,0,25,0,0,100,116,0,2155,84,334,0,385,50,20
"agent BacktrackAgent #30",BacktrackAgent,0.727,0,0.569,50,0,19,0,19,169,75,210,0,0,25,0,0,100,188,0,2111,160,394,1,727,50,20
"agent BacktrackAgent #31",BacktrackAgent,0.354,0,0.569,50,0,7,0,7,75,75,87,0,0,25,0,0,100,110,0,1349,82,310,2,354,50,20
"agent BacktrackAgent #32",BacktrackAgent,0.603,0,0.569,50,0,11,0,11,135,75,174,0,0,25,0,0,100,152,0,2303,142,344,3,603,50,20
"agent BacktrackAgent #33",BacktrackAgent,0.473,0,0.569,50,0,15,0,15,109,75,120,0,0,25,0,0,100,144,0,2195,100,378,0,473,50,20
"agent BacktrackAgent #34",BacktrackAgent,0.143,0,0.569,50,0,6,0,6,31,75,56,0,0,25,0,0,100,34,0,906,22,102,1,143,50,20
"agent BacktrackAgent #35",BacktrackAgent,0.514,0,0.569,50,0,17,0,17,105,75,137,0,0,25,0,0,100,160,0,1371,112,390,2,514,50,20
"agent BacktrackAgent #36",BacktrackAgent,0.755,0,0.569,50,0,21,0,21,165,75,220,0,0,25,0,0,100,198,0,2372,172,420,3,755,50,20
"agent BacktrackAgent #37",BacktrackAgent,0.457,0,0.569,50,0,13,0,13,113,75,108,0,0,25,0,0,100,132,0,1962,104,370,0,457,50,20
"agent BacktrackAgent #38",BacktrackAgent,0.059,0,0.569,50,0,0,0,0,19,75,26,0,0,25,0,0,100,4,0,740,10,60,1,59,50,20
"agent BacktrackAgent #39",BacktrackAgent,0.314,0,0.569,50,0,7,0,7,65,75,77,0,0,25,0,0,100,100,0,1137,72,290,2,314,50,20
"agent BacktrackAgent #40",BacktrackAgent,0.683,0,0.569,50,0,17,0,17,157,75,192,0,0,25,0,0,100,170,0,2071,164,384,3,683,50,20
"agent BacktrackAgent #41",BacktrackAgent,0.309,0,0.569,50,0,3,0,3,77,75,70,0,0,25,0,0,100,94,0,1849,68,296,0,309,50,20
"agent BacktrackAgent #42",BacktrackAgent,0.139,0,0.569,50,0,5,0,5,31,75,54,0,0,25,0,0,100,32,0,770,22,100,1,139,50,20
"agent BacktrackAgent #43",BacktrackAgent,0.304,0,0.569,50,0,6,0,6,63,75,74,0,0,25,0,0,100,97,0,592,70,285,2,304,50,20
"agent BacktrackAgent #44",BacktrackAgent,0.235,0,0.569,50,0,10,0,10,49,75,76,0,0,25,0,0,100,54,0,610,56,160,3,235,50,20
"agent BacktrackAgent #45",BacktrackAgent,0.545,0,0.569,50,0,18,0,18,123,75,142,0,0,25,0,0,100,166,0,1792,114,414,0,545,50,20
"agent BacktrackAgent #46",BacktrackAgent,0.707,0,0.569,50,0,16,0,16,171,75,198,0,0,25,0,0,100,176,0,1459,162,384,1,707,50,20
"agent BacktrackAgent #47",BacktrackAgent,0.36,0,0.569,50,0,7,0,7,71,75,94,0,0,25,0,0,100,117,0,665,78,313,2,360,50,20
"agent BacktrackAgent #48",BacktrackAgent,0.607,0,0.569,50,0,12,0,12,135,75,176,0,0,25,0,0,100,154,0,1923,142,346,3,607,50,20
"agent BacktrackAgent #49",BacktrackAgent,0.537,0,0.569,50,0,16,0,16,123,75,138,0,0,25,0,0,100,162,0,1629,114,410,0,537,50,20
"agent BacktrackAgent #50",BacktrackAgent,0.703,0,0.569,50,0,15,0,15,171,75,196,0,0,25,0,0,100,174,0,1252,162,382,1,703,50,20
"agent ForwardAgent #51",ForwardAgent,0.502,0,0.569,50,0,15,0,15,115,75,121,0,0,25,0,0,100,144,0,1193,122,362,2,502,50,20
"agent ForwardAgent #52",ForwardAgent,0.455,0,0.569,50,0,8,0,8,109,75,126,0,0,25,0,0,100,104,0,1016,116,186,3,455,50,20
"agent ForwardAgent #53",ForwardAgent,1.029,0,0.569,50,0,16,0,16,235,75,272,0,0,25,0,0,100,296,0,1418,226,354,0,1029,50,20
"agent ForwardAgent #54",ForwardAgent,0.195,0,0.569,50,0,5,0,5,55,75,58,0,0,25,0,0,100,36,0,564,46,102,1,195,50,20
"agent ForwardAgent #55",ForwardAgent,2.19,0,0.569,50,0,50,0,50,503,75,577,0,0,25,0,0,100,600,0,2291,510,414,2,2190,50,20
"agent ForwardAgent #56",ForwardAgent,0.635,0,0.569,50,0,8,0,8,133,75,192,0,0,25,0,0,100,170,0,1091,140,226,3,635,50,20
"agent ForwardAgent #57",ForwardAgent,1.825,0,0.569,50,0,34,0,34,441,75,464,0,0,25,0,0,100,488,0,2694,432,352,0,1825,50,20
"agent ForwardAgent #58",ForwardAgent,0.319,0,0.569,50,0,15,0,15,89,75,86,0,0,25,0,0,100,64,0,545,80,104,1,319,50,20
"agent ForwardAgent #59",ForwardAgent,2.45,0,0.569,50,0,63,0,63,567,75,643,0,0,25,0,0,100,666,0,3206,574,390,2,2450,50,20
"agent ForwardAgent #60",ForwardAgent,0.979,0,0.569,50,0,16,0,16,225,75,272,0,0,25,0,0,100,250,0,1581,232,308,3,979,50,20
"agent ForwardAgent #61",ForwardAgent,1.233,0,0.569,50,0,33,0,33,297,75,312,0,0,25,0,0,100,336,0,1850,288,376,0,1233,50,20
"agent ForwardAgent #62",ForwardAgent,0.131,0,0.569,50,0,5,0,5,29,75,52,0,0,25,0,0,100,30,0,402,20,94,1,131,50,20
"agent ForwardAgent #63",ForwardAgent,2.478,0,0.569,50,0,57,0,57,571,75,653,0,0,25,0,0,100,676,0,1965,578,392,2,2478,50,20
"agent ForwardAgent #64",ForwardAgent,2.491,0,0.569,50,0,59,0,59,545,75,708,0,0,25,0,0,100,686,0,2320,552,408,3,2491,50,20
"agent ForwardAgent #65",ForwardAgent,1.117,0,0.569,50,0,36,0,36,275,75,276,0,0,25,0,0,100,300,0,1808,266,406,0,1117,50,20
"agent ForwardAgent #66",ForwardAgent,0.319,0,0.569,50,0,18,0,18,59,75,116,0,0,25,0,0,100,94,0,412,50,102,1,319,50,20
"agent ForwardAgent #67",ForwardAgent,4.344,0,0.569,50,0,109,0,109,1061,75,1096,0,0,25,0,0,100,1119,0,3686,1068,418,2,4344,50,20
"agent ForwardAgent #68",ForwardAgent,3.335,0,0.569,50,0,56,0,56,797,75,878,0,0,25,0,0,100,856,0,4154,804,384,3,3335,50,20
"agent ForwardAgent #69",ForwardAgent,2.685,0,0.569,50,0,58,0,58,611,75,724,0,0,25,0,0,100,748,0,2950,602,422,0,2685,50,20
"agent ForwardAgent #70",ForwardAgent,1.183,0,0.569,50,0,23,0,23,271,75,336,0,0,25,0,0,100,314,0,1547,262,378,1,1183,50,20
"agent ForwardAgent #71",ForwardAgent,1.122,0,0.569,50,0,31,0,31,265,75,281,0,0,25,0,0,100,304,0,1537,272,390,2,1122,50,20
"agent ForwardAgent #72",ForwardAgent,3.059,0,0.569,50,0,96,0,96,639,75,898,0,0,25,0,0,100,876,0,2240,646,390,3,3059,50,20
"agent ForwardAgent #73",ForwardAgent,2.605,0,0.569,50,0,65,0,65,595,75,700,0,0,25,0,0,100,724,0,3197,586,386,0,2605,50,20
"agent ForwardAgent #74",ForwardAgent,1.735,0,0.569,50,0,35,0,35,393,75,490,0,0,25,0,0,100,468,0,1940,384,230,1,1735,50,20
"agent ForwardAgent #75",ForwardAgent,0.346,0,0.569,50,0,7,0,7,85,75,73,0,0,25,0,0,100,96,0,798,92,304,2,346,50,20
"agent ForwardAgent #76",ForwardAgent,0.215,0,0.569,50,0,7,0,7,47,75,68,0,0,25,0,0,100,46,0,391,54,148,3,215,50,20
"agent ForwardAgent #77",ForwardAgent,4.861,0,0.569,50,0,128,0,128,1149,75,1274,0,0,25,0,0,100,1298,0,5112,1140,426,0,4861,50,20
"agent ForwardAgent #78",ForwardAgent,0.139,0,0.569,50,0,6,0,6,41,75,44,0,0,25,0,0,100,22,0,293,32,92,1,139,50,20
"agent ForwardAgent #79",ForwardAgent,1.318,0,0.569,50,0,42,0,42,319,75,325,0,0,25,0,0,100,348,0,1674,326,376,2,1318,50,20
"agent ForwardAgent #80",ForwardAgent,0.091,0,0.569,50,0,1,0,1,23,75,30,0,0,25,0,0,100,8,0,352,30,88,3,91,50,20
"agent ForwardAgent #81",ForwardAgent,1.689,0,0.569,50,0,37,0,37,445,75,392,0,0,25,0,0,100,416,0,2478,436,366,0,1689,50,20
"agent ForwardAgent #82",ForwardAgent,0.079,0,0.569,50,0,2,0,2,23,75,32,0,0,25,0,0,100,10,0,213,14,70,1,79,50,20
"agent ForwardAgent #83",ForwardAgent,1.632,0,0.569,50,0,44,0,44,351,75,450,0,0,25,0,0,100,473,0,1397,358,390,2,1632,50,20
"agent ForwardAgent #84",ForwardAgent,0.287,0,0.569,50,0,4,0,4,65,75,86,0,0,25,0,0,100,64,0,537,72,166,3,287,50,20
"agent ForwardAgent #85",ForwardAgent,2.509,0,0.569,50,0,52,0,52,597,75,650,0,0,25,0,0,100,674,0,2716,588,384,0,2509,50,20
"agent ForwardAgent #86",ForwardAgent,2.603,0,0.569,50,0,40,0,40,585,75,732,0,0,25,0,0,100,710,0,2943,576,350,1,2603,50,20
"agent ForwardAgent #87",ForwardAgent,10.15,0,0.569,50,0,218,0,218,2291,75,2769,0,0,25,0,0,100,2792,0,6174,2298,426,2,10150,50,20
"agent ForwardAgent #88",ForwardAgent,8.163,0,0.569,50,0,214,0,214,1845,75,2244,0,0,25,0,0,100,2222,0,7408,1852,426,3,8163,50,20
"agent ForwardAgent #89",ForwardAgent,2.469,0,0.569,50,0,64,0,64,571,75,656,0,0,25,0,0,100,680,0,2655,562,394,0,2469,50,20
"agent ForwardAgent #90",ForwardAgent,1.255,0,0.569,50,0,34,0,34,303,75,340,0,0,25,0,0,100,318,0,1663,294,236,1,1255,50,20
"agent ForwardAgent #91",ForwardAgent,0.95,0,0.569,50,0,22,0,22,257,75,203,0,0,25,0,0,100,226,0,1966,264,316,2,950,50,20
"agent ForwardAgent #92",ForwardAgent,0.087,0,0.569,50,0,1,0,1,21,75,30,0,0,25,0,0,100,8,0,208,28,86,3,87,50,20
"agent ForwardAgent #93",ForwardAgent,1.389,0,0.569,50,0,36,0,36,347,75,340,0,0,25,0,0,100,364,0,1834,338,414,0,1389,50,20
"agent ForwardAgent #94",ForwardAgent,2.227,0,0.569,50,0,77,0,77,549,75,580,0,0,25,0,0,100,558,0,2337,540,412,1,2227,50,20
"agent ForwardAgent #95",ForwardAgent,0.854,0,0.569,50,0,24,0,24,205,75,207,0,0,25,0,0,100,230,0,885,212,336,2,854,50,20
"agent ForwardAgent #96",ForwardAgent,0.263,0,0.569,50,0,5,0,5,61,75,78,0,0,25,0,0,100,56,0,329,68,174,3,263,50,20
"agent ForwardAgent #97",ForwardAgent,0.929,0,0.569,50,0,21,0,21,209,75,248,0,0,25,0,0,100,272,0,860,200,374,0,929,50,20
"agent ForwardAgent #98",ForwardAgent,1.243,0,0.569,50,0,25,0,25,311,75,326,0,0,25,0,0,100,304,0,1667,302,348,1,1243,50,20
"agent ForwardAgent #99",ForwardAgent,0.422,0,0.569,50,0,9,0,9,87,75,109,0,0,25,0,0,100,132,0,396,94,328,2,422,50,20
"agent ForwardAgent #100",ForwardAgent,4.355,0,0.569,50,0,112,0,112,985,75,1200,0,0,25,0,0,100,1178,0,5813,992,352,3,4355,50,20
"agent ForwardAgent #101",ForwardAgent,3.325,0,0.569,50,0,87,0,87,821,75,834,0,0,25,0,0,100,858,0,5957,812,342,0,3325,50,20
"agent ForwardAgent #102",ForwardAgent,0.059,0,0.569,50,0,0,0,0,19,75,26,0,0,25,0,0,100,4,0,562,10,60,1,59,50,20
"agent ForwardAgent #103",ForwardAgent,6.536,0,0.569,50,0,149,0,149,1485,75,1768,0,0,25,0,0,100,1791,0,6099,1492,422,2,6536,50,20
"agent ForwardAgent #104",ForwardAgent,1.295,0,0.569,50,0,26,0,26,321,75,334,0,0,25,0,0,100,312,0,2726,328,344,3,1295,50,20
"agent ForwardAgent #105",ForwardAgent,1.801,0,0.569,50,0,41,0,41,405,75,488,0,0,25,0,0,100,512,0,2908,396,384,0,1801,50,20
"agent ForwardAgent #106",ForwardAgent,1.231,0,0.569,50,0,33,0,33,293,75,338,0,0,25,0,0,100,316,0,1852,284,382,1,1231,50,20
"agent ForwardAgent #107",ForwardAgent,11.852,0,0.569,50,0,304,0,304,2681,75,3230,0,0,25,0,0,100,3253,0,10947,2688,418,2,11852,50,20
"agent ForwardAgent #108",ForwardAgent,5.291,0,0.569,50,0,136,0,136,1199,75,1454,0,0,25,0,0,100,1432,0,5485,1206,426,3,5291,50,20
"agent ForwardAgent #109",ForwardAgent,1.637,0,0.569,50,0,29,0,29,405,75,406,0,0,25,0,0,100,430,0,3160,396,350,0,1637,50,20
"agent ForwardAgent #110",ForwardAgent,1.083,0,0.569,50,0,45,0,45,243,75,314,0,0,25,0,0,100,292,0,1093,234,296,1,1083,50,20
"agent ForwardAgent #111",ForwardAgent,1.95,0,0.569,50,0,49,0,49,455,75,505,0,0,25,0,0,100,528,0,2427,462,352,2,1950,50,20
"agent ForwardAgent #112",ForwardAgent,1.979,0,0.569,50,0,46,0,46,473,75,524,0,0,25,0,0,100,502,0,2810,480,420,3,1979,50,20
"agent ForwardAgent #113",ForwardAgent,0.969,0,0.569,50,0,25,0,25,213,75,264,0,0,25,0,0,100,288,0,1944,204,370,0,969,50,20
"agent ForwardAgent #114",ForwardAgent,0.187,0,0.569,50,0,4,0,4,49,75,60,0,0,25,0,0,100,38,0,640,40,64,1,187,50,20
"agent ForwardAgent #115",ForwardAgent,2.206,0,0.569,50,0,51,0,51,489,75,599,0,0,25,0,0,100,622,0,2812,496,376,2,2206,50,20
"agent ForwardAgent #116",ForwardAgent,0.463,0,0.569,50,0,17,0,17,107,75,132,0,0,25,0,0,100,110,0,880,114,156,3,463,50,20
"agent ForwardAgent #117",ForwardAgent,4.921,0,0.569,50,0,123,0,123,1155,75,1298,0,0,25,0,0,100,1322,0,6163,1146,408,0,4921,50,20
"agent ForwardAgent #118",ForwardAgent,0.555,0,0.569,50,0,8,0,8,133,75,160,0,0,25,0,0,100,138,0,1188,124,300,1,555,50,20
"agent ForwardAgent #119",ForwardAgent,2.168,0,0.569,50,0,51,0,51,463,75,606,0,0,25,0,0,100,629,0,2232,470,390,2,2168,50,20
"agent ForwardAgent #120",ForwardAgent,2.399,0,0.569,50,0,52,0,52,581,75,626,0,0,25,0,0,100,604,0,3983,588,370,3,2399,50,20
"agent ForwardAgent #121",ForwardAgent,1.509,0,0.569,50,0,39,0,39,349,75,398,0,0,25,0,0,100,422,0,2044,340,348,0,1509,50,20
"agent ForwardAgent #122",ForwardAgent,0.179,0,0.569,50,0,7,0,7,51,75,54,0,0,25,0,0,100,32,0,323,42,104,1,179,50,20
"agent ForwardAgent #123",ForwardAgent,0.552,0,0.569,50,0,11,0,11,123,75,138,0,0,25,0,0,100,161,0,706,130,329,2,552,50,20
"agent ForwardAgent #124",ForwardAgent,2.071,0,0.569,50,0,62,0,62,443,75,600,0,0,25,0,0,100,578,0,2522,450,422,3,2071,50,20
"agent ForwardAgent #125",ForwardAgent,2.429,0,0.569,50,0,65,0,65,557,75,650,0,0,25,0,0,100,674,0,3100,548,352,0,2429,50,20
"agent RandomAgent #126",RandomAgent,22.889,0,0.569,50,0,535,0,11615,5901,75,5559,0,0,25,0,0,100,5537,0,15905,5892,166,1,22889,50,20
"agent RandomAgent #127",RandomAgent,90.376,0,0.569,50,0,2251,0,45270,22627,75,22546,0,0,25,0,0,100,22569,0,46797,22634,382,2,90376,50,20
"agent RandomAgent #128",RandomAgent,98.717,0,0.569,50,0,2095,0,49595,23825,75,25541,0,0,25,0,0,100,25519,0,55053,23832,394,3,98717,50,20
"agent RandomAgent #129",RandomAgent,179.665,0,0.569,50,0,4764,0,90674,42579,75,47246,0,0,25,0,0,100,47270,0,73900,42570,353,0,179665,50,20
"agent RandomAgent #130",RandomAgent,14.487,0,0.569,50,0,252,0,7270,3355,75,3904,0,0,25,0,0,100,3882,0,13198,3346,224,1,14487,50,20
"agent RandomAgent #131",RandomAgent,117.258,0,0.569,50,0,3403,0,58771,26274,75,32340,0,0,25,0,0,100,32363,0,58543,26281,370,2,117258,50,20
"agent RandomAgent #132",RandomAgent,45.723,0,0.569,50,0,576,0,22828,10461,75,12408,0,0,25,0,0,100,12386,0,25647,10468,286,3,45723,50,20
"agent RandomAgent #133",RandomAgent,117.207,0,0.569,50,0,2540,0,58497,25465,75,33131,0,0,25,0,0,100,33155,0,51648,25456,385,0,117207,50,20
"agent RandomAgent #134",RandomAgent,9.757,0,0.569,50,0,191,0,4843,2614,75,2280,0,0,25,0,0,100,2258,0,7605,2605,150,1,9757,50,20
"agent RandomAgent #135",RandomAgent,91.392,0,0.569,50,0,2159,0,45593,21602,75,24079,0,0,25,0,0,100,24102,0,46821,21609,383,2,91392,50,20
"agent RandomAgent #136",RandomAgent,1.467,0,0.569,50,0,21,0,705,394,75,347,0,0,25,0,0,100,325,0,2430,401,105,3,1467,50,20
"agent RandomAgent #137",RandomAgent,97.515,0,0.569,50,0,2606,0,49223,24031,75,24719,0,0,25,0,0,100,24743,0,49437,24022,396,0,97515,50,20
"agent RandomAgent #138",RandomAgent,12.199,0,0.569,50,0,246,0,5952,3160,75,2955,0,0,25,0,0,100,2933,0,8390,3151,152,1,12199,50,20
"agent RandomAgent #139",RandomAgent,49.934,0,0.569,50,0,1294,0,24779,10248,75,14704,0,0,25,0,0,100,14727,0,29883,10255,399,2,49934,50,20
"agent RandomAgent #140",RandomAgent,82.551,0,0.569,50,0,2008,0,41448,18887,75,22396,0,0,25,0,0,100,22374,0,31601,18894,385,3,82551,50,20
"agent RandomAgent #141",RandomAgent,52.077,0,0.569,50,0,1239,0,26253,11683,75,14348,0,0,25,0,0,100,14372,0,32507,11674,353,0,52077,50,20
"agent RandomAgent #142",RandomAgent,27.585,0,0.569,50,0,684,0,13853,6768,75,7040,0,0,25,0,0,100,7018,0,11044,6759,243,1,27585,50,20
"agent RandomAgent #143",RandomAgent,90.77,0,0.569,50,0,1837,0,45250,19835,75,25535,0,0,25,0,0,100,25558,0,41447,19842,400,2,90770,50,20
"agent RandomAgent #144",RandomAgent,18.177,0,0.569,50,0,411,0,9132,4118,75,4978,0,0,25,0,0,100,4956,0,11489,4125,188,3,18177,50,20
"agent RandomAgent #145",RandomAgent,486.645,0,0.569,50,0,11430,0,243764,120379,75,122936,0,0,25,0,0,100,122960,0,71568,120370,392,0,486645,50,20
"agent RandomAgent #146",RandomAgent,0.731,0,0.569,50,0,6,0,356,208,75,173,0,0,25,0,0,100,151,0,964,199,84,1,731,50,20
"agent RandomAgent #147",RandomAgent,86.096,0,0.569,50,0,2045,0,43149,20774,75,22259,0,0,25,0,0,100,22282,0,38928,20781,409,2,86096,50,20
"agent RandomAgent #148",RandomAgent,21.133,0,0.569,50,0,431,0,10463,5265,75,5309,0,0,25,0,0,100,5287,0,10793,5272,240,3,21133,50,20
"agent RandomAgent #149",RandomAgent,44.559,0,0.569,50,0,910,0,22157,9268,75,13004,0,0,25,0,0,100,13028,0,24752,9259,382,0,44559,50,20
"agent RandomAgent #150",RandomAgent,1.195,0,0.569,50,0,27,0,616,316,75,297,0,0,25,0,0,100,275,0,1106,307,69,1,1195,50,20
"agent RandomAgent #151",RandomAgent,118.146,0,0.569,50,0,2269,0,59260,27996,75,31062,0,0,25,0,0,100,31085,0,43259,28003,396,2,118146,50,20
"agent RandomAgent #152",RandomAgent,5.173,0,0.569,50,0,32,0,2598,1134,75,1460,0,0,25,0,0,100,1438,0,3468,1141,176,3,5173,50,20
"agent RandomAgent #153",RandomAgent,120.737,0,0.569,50,0,2593,0,60477,30249,75,30112,0,0,25,0,0,100,30136,0,47512,30240,400,0,120737,50,20
"agent RandomAgent #154",RandomAgent,131.445,0,0.569,50,0,2903,0,65862,32300,75,33438,0,0,25,0,0,100,33416,0,43106,32291,382,1,131445,50,20
"agent RandomAgent #155",RandomAgent,44.026,0,0.569,50,0,1058,0,22080,11105,75,10893,0,0,25,0,0,100,10916,0,15873,11112,398,2,44026,50,20
"agent RandomAgent #156",RandomAgent,2.601,0,0.569,50,0,48,0,1310,658,75,650,0,0,25,0,0,100,628,0,2920,665,107,3,2601,50,20
"agent RandomAgent #157",RandomAgent,24.105,0,0.569,50,0,705,0,12142,5242,75,6803,0,0,25,0,0,100,6827,0,11060,5233,418,0,24105,50,20
"agent RandomAgent #158",RandomAgent,9.829,0,0.569,50,0,254,0,4919,2622,75,2308,0,0,25,0,0,100,2286,0,7094,2613,175,1,9829,50,20
"agent RandomAgent #159",RandomAgent,45.956,0,0.569,50,0,1188,0,23178,10079,75,12884,0,0,25,0,0,100,12907,0,20338,10086,412,2,45956,50,20
"agent RandomAgent #160",RandomAgent,46.445,0,0.569,50,0,992,0,23183,11768,75,11462,0,0,25,0,0,100,11440,0,13041,11775,205,3,46445,50,20
"agent RandomAgent #161",RandomAgent,103.079,0,0.569,50,0,2959,0,51792,24011,75,27521,0,0,25,0,0,100,27545,0,37621,24002,402,0,103079,50,20
"agent RandomAgent #162",RandomAgent,27.859,0,0.569,50,0,314,0,13839,6538,75,7407,0,0,25,0,0,100,7385,0,11244,6529,218,1,27859,50,20
"agent RandomAgent #163",RandomAgent,155.922,0,0.569,50,0,3948,0,78285,36168,75,41778,0,0,25,0,0,100,41801,0,38807,36175,424,2,155922,50,20
"agent RandomAgent #164",RandomAgent,9.413,0,0.569,50,0,152,0,4718,2348,75,2366,0,0,25,0,0,100,2344,0,5411,2355,188,3,9413,50,20
"agent RandomAgent #165",RandomAgent,94.629,0,0.569,50,0,2506,0,47671,22421,75,24886,0,0,25,0,0,100,24910,0,33618,22412,385,0,94629,50,20
"agent RandomAgent #166",RandomAgent,12.873,0,0.569,50,0,516,0,6501,3118,75,3334,0,0,25,0,0,100,3312,0,5657,3109,155,1,12873,50,20
"agent RandomAgent #167",RandomAgent,40.474,0,0.569,50,0,1018,0,20356,10430,75,9792,0,0,25,0,0,100,9815,0,20675,10437,368,2,40474,50,20
"agent RandomAgent #168",RandomAgent,89.837,0,0.569,50,0,1779,0,45115,20256,75,24670,0,0,25,0,0,100,24648,0,24121,20263,353,3,89837,50,20
"agent RandomAgent #169",RandomAgent,45.525,0,0.569,50,0,893,0,22711,11142,75,11613,0,0,25,0,0,100,11637,0,22977,11133,373,0,45525,50,20
"agent RandomAgent #170",RandomAgent,14.121,0,0.569,50,0,278,0,6989,3468,75,3608,0,0,25,0,0,100,3586,0,4532,3459,144,1,14121,50,20
"agent RandomAgent #171",RandomAgent,168.946,0,0.569,50,0,3874,0,84952,39942,75,44516,0,0,25,0,0,100,44539,0,31927,39949,394,2,168946,50,20
"agent RandomAgent #172",RandomAgent,58.709,0,0.569,50,0,1177,0,29298,12627,75,16735,0,0,25,0,0,100,16713,0,16406,12634,372,3,58709,50,20
"agent RandomAgent #173",RandomAgent,36.333,0,0.569,50,0,675,0,18231,8448,75,9711,0,0,25,0,0,100,9735,0,17914,8439,369,0,36333,50,20
"agent RandomAgent #174",RandomAgent,3.561,0,0.569,50,0,75,0,1801,791,75,1005,0,0,25,0,0,100,983,0,2019,782,135,1,3561,50,20
"agent RandomAgent #175",RandomAgent,35.858,0,0.569,50,0,731,0,17941,9189,75,8725,0,0,25,0,0,100,8748,0,18100,9196,366,2,35858,50,20
"agent RandomAgent #176",RandomAgent,14.775,0,0.569,50,0,187,0,7346,3618,75,3777,0,0,25,0,0,100,3755,0,4771,3625,230,3,14775,50,20
"agent RandomAgent #177",RandomAgent,17.575,0,0.569,50,0,274,0,8813,4209,75,4571,0,0,25,0,0,100,4595,0,10171,4200,322,0,17575,50,20
"agent RandomAgent #178",RandomAgent,0.911,0,0.569,50,0,7,0,446,231,75,240,0,0,25,0,0,100,218,0,495,222,76,1,911,50,20
"agent RandomAgent #179",RandomAgent,198.992,0,0.569,50,0,4464,0,99251,46599,75,52882,0,0,25,0,0,100,52905,0,32422,46606,379,2,198992,50,20
"agent RandomAgent #180",RandomAgent,8.221,0,0.569,50,0,513,0,4185,1166,75,2952,0,0,25,0,0,100,2930,0,1087,1173,135,3,8221,50,20
"agent RandomAgent #181",RandomAgent,69.749,0,0.569,50,0,1762,0,35029,18252,75,16615,0,0,25,0,0,100,16639,0,19859,18243,388,0,69749,50,20
"agent RandomAgent #182",RandomAgent,23.777,0,0.569,50,0,470,0,11844,4977,75,6927,0,0,25,0,0,100,6905,0,7782,4968,246,1,23777,50,20
"agent RandomAgent #183",RandomAgent,70.49,0,0.569,50,0,1899,0,35178,15275,75,19955,0,0,25,0,0,100,19978,0,18077,15282,382,2,70490,50,20
"agent RandomAgent #184",RandomAgent,2.099,0,0.569,50,0,25,0,1056,554,75,503,0,0,25,0,0,100,481,0,1460,561,109,3,2099,50,20
"agent RandomAgent #185",RandomAgent,21.171,0,0.569,50,0,628,0,10838,4776,75,5802,0,0,25,0,0,100,5826,0,6737,4767,380,0,21171,50,20
"agent RandomAgent #186",RandomAgent,5.333,0,0.569,50,0,127,0,2688,1396,75,1286,0,0,25,0,0,100,1264,0,1883,1387,156,1,5333,50,20
"agent RandomAgent #187",RandomAgent,119.76,0,0.569,50,0,2979,0,59777,26290,75,33575,0,0,25,0,0,100,33598,0,24087,26297,401,2,119760,50,20
"agent RandomAgent #188",RandomAgent,91.223,0,0.569,50,0,1889,0,45666,20242,75,25377,0,0,25,0,0,100,25355,0,16105,20249,358,3,91223,50,20
"agent RandomAgent #189",RandomAgent,62.427,0,0.569,50,0,1322,0,31427,16927,75,14279,0,0,25,0,0,100,14303,0,20352,16918,358,0,62427,50,20
"agent RandomAgent #190",RandomAgent,10.409,0,0.569,50,0,197,0,5133,2636,75,2584,0,0,25,0,0,100,2562,0,3668,2627,142,1,10409,50,20
"agent RandomAgent #191",RandomAgent,38.908,0,0.569,50,0,1105,0,19493,8558,75,10881,0,0,25,0,0,100,10904,0,7452,8565,363,2,38908,50,20
"agent RandomAgent #192",RandomAgent,478.021,0,0.569,50,0,11905,0,239358,99941,75,139077,0,0,25,0,0,100,139055,0,27117,99948,424,3,478021,50,20
"agent RandomAgent #193",RandomAgent,39.625,0,0.569,50,0,902,0,19775,9496,75,10309,0,0,25,0,0,100,10333,0,11916,9487,366,0,39625,50,20
"agent RandomAgent #194",RandomAgent,0.945,0,0.569,50,0,19,0,467,205,75,283,0,0,25,0,0,100,261,0,302,196,85,1,945,50,20
"agent RandomAgent #195",RandomAgent,102.09,0,0.569,50,0,2363,0,50982,23087,75,27943,0,0,25,0,0,100,27966,0,15476,23094,393,2,102090,50,20
"agent RandomAgent #196",RandomAgent,83.067,0,0.569,50,0,1712,0,41669,19267,75,22274,0,0,25,0,0,100,22252,0,13221,19274,401,3,83067,50,20
"agent RandomAgent #197",RandomAgent,20.819,0,0.569,50,0,527,0,10474,6042,75,4360,0,0,25,0,0,100,4384,0,6579,6033,353,0,20819,50,20
"agent RandomAgent #198",RandomAgent,201.825,0,0.569,50,0,4513,0,101251,50218,75,50710,0,0,25,0,0,100,50688,0,20772,50209,407,1,201825,50,20
"agent RandomAgent #199",RandomAgent,55.852,0,0.569,50,0,1173,0,28193,13061,75,14850,0,0,25,0,0,100,14873,0,7328,13068,386,2,55852,50,20
"agent RandomAgent #200",RandomAgent,81.187,0,0.569,50,0,1580,0,40800,19898,75,20703,0,0,25,0,0,100,20681,0,10722,19905,382,3,81187,50,20
"agent RandomAgent #201",RandomAgent,99.799,0,0.569,50,0,2679,0,50283,24076,75,25816,0,0,25,0,0,100,25840,0,16080,24067,396,0,99799,50,20
"agent RandomAgent #202",RandomAgent,2.861,0,0.569,50,0,122,0,1397,723,75,723,0,0,25,0,0,100,701,0,351,714,100,1,2861,50,20
"agent RandomAgent #203",RandomAgent,78.028,0,0.569,50,0,1291,0,39018,17636,75,21363,0,0,25,0,0,100,21386,0,8983,17643,399,2,78028,50,20
"agent RandomAgent #204",RandomAgent,34.257,0,0.569,50,0,685,0,17172,7567,75,9569,0,0,25,0,0,100,9547,0,3853,7574,301,3,34257,50,20
"agent RandomAgent #205",RandomAgent,18.405,0,0.569,50,0,365,0,9255,5206,75,3989,0,0,25,0,0,100,4013,0,4179,5197,347,0,18405,50,20
"agent RandomAgent #206",RandomAgent,121.815,0,0.569,50,0,2886,0,61308,30416,75,30507,0,0,25,0,0,100,30485,0,12387,30407,389,1,121815,50,20
"agent RandomAgent #207",RandomAgent,229.13,0,0.569,50,0,4744,0,114383,52651,75,61899,0,0,25,0,0,100,61922,0,13235,52658,395,2,229130,50,20
"agent RandomAgent #208",RandomAgent,113.663,0,0.569,50,0,2383,0,56794,23363,75,33476,0,0,25,0,0,100,33454,0,7819,23370,354,3,113663,50,20
"agent RandomAgent #209",RandomAgent,226.855,0,0.569,50,0,5110,0,113434,51014,75,62406,0,0,25,0,0,100,62430,0,11384,51005,424,0,226855,50,20
"agent RandomAgent #210",RandomAgent,20.569,0,0.569,50,0,358,0,10183,5043,75,5257,0,0,25,0,0,100,5235,0,1797,5034,251,1,20569,50,20
"agent RandomAgent #211",RandomAgent,135.142,0,0.569,50,0,3213,0,67760,33858,75,33698,0,0,25,0,0,100,33721,0,6658,33865,387,2,135142,50,20
"agent RandomAgent #212",RandomAgent,7.509,0,0.569,50,0,211,0,3692,2055,75,1707,0,0,25,0,0,100,1685,0,1210,2062,155,3,7509,50,20
"agent RandomAgent #213",RandomAgent,19.501,0,0.569,50,0,429,0,9743,4830,75,4913,0,0,25,0,0,100,4937,0,2063,4821,382,0,19501,50,20
"agent RandomAgent #214",RandomAgent,7.965,0,0.569,50,0,204,0,3984,1869,75,2129,0,0,25,0,0,100,2107,0,621,1860,211,1,7965,50,20
"agent RandomAgent #215",RandomAgent,119.22,0,0.569,50,0,2118,0,59410,29028,75,30567,0,0,25,0,0,100,30590,0,5153,29035,397,2,119220,50,20
"agent RandomAgent #216",RandomAgent,7.837,0,0.569,50,0,190,0,3927,1914,75,2012,0,0,25,0,0,100,1990,0,605,1921,137,3,7837,50,20
"agent RandomAgent #217",RandomAgent,170.689,0,0.569,50,0,3741,0,85515,40258,75,45079,0,0,25,0,0,100,45103,0,4269,40249,426,0,170689,50,20
"agent RandomAgent #218",RandomAgent,19.151,0,0.569,50,0,313,0,9655,4768,75,4823,0,0,25,0,0,100,4801,0,1071,4759,201,1,19151,50,20
"agent RandomAgent #219",RandomAgent,199.636,0,0.569,50,0,4307,0,100002,44187,75,55616,0,0,25,0,0,100,55639,0,2313,44194,418,2,199636,50,20
"agent RandomAgent #220",RandomAgent,8.039,0,0.569,50,0,124,0,3993,1962,75,2065,0,0,25,0,0,100,2043,0,198,1969,173,3,8039,50,20
"agent RandomAgent #221",RandomAgent,15.501,0,0.569,50,0,439,0,7707,4183,75,3560,0,0,25,0,0,100,3584,0,475,4174,380,0,15501,50,20
"agent RandomAgent #222",RandomAgent,10.841,0,0.569,50,0,243,0,5362,2668,75,2768,0,0,25,0,0,100,2746,0,29,2659,254,1,10841,50,20
"agent RandomAgent #223",RandomAgent,36.15,0,0.569,50,0,1013,0,18069,8604,75,9456,0,0,25,0,0,100,9479,0,650,8611,363,2,36150,50,20
"agent RandomAgent #224",RandomAgent,42.803,0,0.569,50,0,798,0,21355,9064,75,12345,0,0,25,0,0,100,12323,0,778,9071,390,3,42803,50,20
"agent RandomAgent #225",RandomAgent,268.745,0,0.569,50,0,6355,0,134533,63310,75,71055,0,0,25,0,0,100,71079,0,0,63301,387,0,268745,50,20
"agent NegotiatingAgent #226",NegotiatingAgent,0.723,2150,0.569,50,40,18,0,18,167,75,210,78,267,25,0,0,100,188,0,679,158,392,1,723,50,20
"agent NegotiatingAgent #227",NegotiatingAgent,0.37,2028,0.569,50,37,9,0,9,79,75,91,69,177,25,0,0,100,114,0,460,86,318,2,370,50,20
"agent NegotiatingAgent #228",NegotiatingAgent,0.663,604,0.569,50,16,14,0,14,151,75,188,36,181,25,2,0,100,166,0,427,158,374,3,663,50,20
"agent NegotiatingAgent #229",NegotiatingAgent,0.361,891,0.569,50,41,5,0,5,89,75,84,84,181,25,3,0,100,108,0,433,80,322,0,361,50,20
"agent NegotiatingAgent #230",NegotiatingAgent,0.131,44,0.569,50,14,5,0,5,37,75,44,27,27,25,0,1,100,22,0,150,28,96,1,131,50,20
"agent NegotiatingAgent #231",NegotiatingAgent,0.482,1361,0.569,50,35,15,0,15,109,75,117,77,190,25,2,0,100,140,0,604,116,374,2,482,50,20
"agent NegotiatingAgent #232",NegotiatingAgent,0.139,74,0.569,50,12,2,0,2,33,75,44,28,59,25,1,1,100,22,0,197,40,112,3,139,50,20
"agent NegotiatingAgent #233",NegotiatingAgent,0.361,1587,0.569,50,32,6,0,6,93,75,80,119,212,25,14,11,100,104,0,484,84,322,0,361,50,20
"agent NegotiatingAgent #234",NegotiatingAgent,0.147,44,0.569,50,7,7,0,7,33,75,56,23,21,25,0,5,100,34,0,83,24,104,1,147,50,20
"agent NegotiatingAgent #235",NegotiatingAgent,0.366,535,0.569,50,17,6,0,6,87,75,81,118,186,25,23,7,100,104,0,422,94,316,2,366,50,20
"agent NegotiatingAgent #236",NegotiatingAgent,0.103,32,0.569,50,14,4,0,4,25,75,34,37,59,25,0,3,100,12,0,220,32,94,3,103,50,20
"agent NegotiatingAgent #237",NegotiatingAgent,0.429,988,0.569,50,25,9,0,9,99,75,108,94,201,25,21,2,100,132,0,354,90,356,0,429,50,20
"agent NegotiatingAgent #238",NegotiatingAgent,0.131,14,0.569,50,7,5,0,5,37,75,44,35,35,25,3,6,100,22,0,69,28,96,1,131,50,20
"agent NegotiatingAgent #239",NegotiatingAgent,0.348,140,0.569,50,6,6,0,6,75,75,84,33,102,25,11,0,100,107,0,132,82,307,2,348,50,20
"agent NegotiatingAgent #240",NegotiatingAgent,0.099,0,0.569,50,5,3,0,3,23,75,34,28,52,25,3,4,100,12,0,187,30,92,3,99,50,20
"agent NegotiatingAgent #241",NegotiatingAgent,0.357,52,0.569,50,2,4,0,4,89,75,82,52,106,25,10,10,100,106,0,266,80,320,0,357,50,20
"agent NegotiatingAgent #242",NegotiatingAgent,0.183,0,0.569,50,0,5,0,5,43,75,64,36,26,25,6,10,100,42,0,51,34,122,1,183,50,20
"agent NegotiatingAgent #243",NegotiatingAgent,0.432,390,0.569,50,9,10,0,10,95,75,106,92,191,25,21,7,100,129,0,478,102,349,2,432,50,20
"agent NegotiatingAgent #244",NegotiatingAgent,0.091,0,0.569,50,2,2,0,2,21,75,32,15,29,25,0,2,100,10,0,105,28,88,3,91,50,20
"agent NegotiatingAgent #245",NegotiatingAgent,0.377,630,0.569,50,17,8,0,8,91,75,90,96,145,25,13,8,100,114,0,250,82,330,0,377,50,20
"agent NegotiatingAgent #246",NegotiatingAgent,0.555,346,0.569,50,8,3,0,4,141,75,152,87,226,25,25,6,100,130,0,528,132,308,1,555,50,20
"agent NegotiatingAgent #247",NegotiatingAgent,0.404,106,0.569,50,2,9,0,9,85,75,102,43,135,25,11,3,100,125,0,245,92,335,2,404,50,20
"agent NegotiatingAgent #248",NegotiatingAgent,0.095,0,0.569,50,0,2,0,2,23,75,32,29,31,25,1,13,100,10,0,90,30,90,3,95,50,20
"agent NegotiatingAgent #249",NegotiatingAgent,0.377,20,0.569,50,1,9,0,9,87,75,94,78,121,25,21,12,100,118,0,295,78,330,0,377,50,20
"agent NegotiatingAgent #250",NegotiatingAgent,0.595,0,0.569,50,0,7,0,7,149,75,164,36,193,25,8,4,100,142,0,456,140,328,1,595,50,20
