agentName,agentType,averageSpeed,cumulatedUtilityReceived,freeWallRatio,numBacktrackAgents,numCFPAnswered,numDeadends,numDifferentEncounters,numDirectionChanges,numDownSteps,numForwardAgents,numLeftSteps,numMessagesReceived,numMessagesSent,numNegotiatingAgents,numProposalsAccepted,numProposalsRejected,numRandomAgents,numRightSteps,numSwarmAgents,numTotalEncounters,numUpSteps,numVisitedCells,startingPosition,stepsToExit,xsize,ysize
"agent BacktrackAgent #1",BacktrackAgent,0.487,0,0.569,100,0,18,0,18,112,100,124,0,0,100,0,0,100,148,0,4120,103,354,0,487,50,20
"agent BacktrackAgent #2",BacktrackAgent,0.61,0,0.569,100,0,18,0,18,140,100,180,0,0,100,0,0,100,158,0,1925,132,363,1,610,50,20
"agent BacktrackAgent #3",BacktrackAgent,0.338,0,0.569,100,0,9,0,9,72,100,82,0,0,100,0,0,100,105,0,1809,79,263,2,338,50,20
"agent BacktrackAgent #4",BacktrackAgent,0.101,0,0.569,100,0,3,0,3,16,100,42,0,0,100,0,0,100,20,0,1256,23,94,3,101,50,20
"agent BacktrackAgent #5",BacktrackAgent,0.479,0,0.569,100,0,14,0,14,114,100,118,0,0,100,0,0,100,142,0,3232,105,350,0,479,50,20
"agent BacktrackAgent #6",BacktrackAgent,0.178,0,0.569,100,0,5,0,5,44,100,60,0,0,100,0,0,100,38,0,437,36,147,1,178,50,20
"agent BacktrackAgent #7",BacktrackAgent,0.364,0,0.569,100,0,11,0,11,78,100,89,0,0,100,0,0,100,112,0,1465,85,276,2,364,50,20
"agent BacktrackAgent #8",BacktrackAgent,0.125,0,0.569,100,0,5,0,5,22,100,48,0,0,100,0,0,100,26,0,956,29,106,3,125,50,20
"agent BacktrackAgent #9",BacktrackAgent,0.383,0,0.569,100,0,17,0,17,86,100,98,0,0,100,0,0,100,122,0,2301,77,302,0,383,50,20
"agent BacktrackAgent #10",BacktrackAgent,0.7,0,0.569,100,0,24,0,24,159,100,206,0,0,100,0,0,100,184,0,2617,151,408,1,700,50,20
"agent BacktrackAgent #11",BacktrackAgent,0.352,0,0.569,100,0,10,0,10,76,100,85,0,0,100,0,0,100,108,0,3042,83,270,2,352,50,20
"agent BacktrackAgent #12",BacktrackAgent,0.121,0,0.569,100,0,3,0,3,22,100,46,0,0,100,0,0,100,24,0,1765,29,104,3,121,50,20
"agent BacktrackAgent #13",BacktrackAgent,0.283,0,0.569,100,0,8,0,8,66,100,68,0,0,100,0,0,100,92,0,3590,57,252,0,283,50,20
"agent BacktrackAgent #14",BacktrackAgent,0.198,0,0.569,100,0,9,0,9,50,100,64,0,0,100,0,0,100,42,0,774,42,157,1,198,50,20
"agent BacktrackAgent #15",BacktrackAgent,0.53,0,0.569,100,0,20,0,20,110,100,140,0,0,100,0,0,100,163,0,1575,117,359,2,530,50,20
"agent BacktrackAgent #16",BacktrackAgent,0.585,0,0.569,100,0,17,0,17,124,100,176,0,0,100,0,0,100,154,0,3606,131,336,3,585,50,20
"agent BacktrackAgent #17",BacktrackAgent,0.291,0,0.569,100,0,6,0,6,66,100,72,0,0,100,0,0,100,96,0,3506,57,256,0,291,50,20
"agent BacktrackAgent #18",BacktrackAgent,0.632,0,0.569,100,0,21,0,21,139,100,192,0,0,100,0,0,100,170,0,2312,131,374,1,632,50,20
"agent BacktrackAgent #19",BacktrackAgent,0.47,0,0.569,100,0,17,0,17,100,100,120,0,0,100,0,0,100,143,0,1555,107,329,2,470,50,20
"agent BacktrackAgent #20",BacktrackAgent,0.129,0,0.569,100,0,5,0,5,20,100,52,0,0,100,0,0,100,30,0,1451,27,108,3,129,50,20
"agent BacktrackAgent #21",BacktrackAgent,0.291,0,0.569,100,0,6,0,6,66,100,72,0,0,100,0,0,100,96,0,3236,57,256,0,291,50,20
"agent BacktrackAgent #22",BacktrackAgent,0.222,0,0.569,100,0,8,0,8,58,100,68,0,0,100,0,0,100,46,0,897,50,169,1,222,50,20
"agent BacktrackAgent #23",BacktrackAgent,0.248,0,0.569,100,0,7,0,7,48,100,61,0,0,100,0,0,100,84,0,1386,55,218,2,248,50,20
"agent BacktrackAgent #24",BacktrackAgent,0.113,0,0.569,100,0,2,0,2,24,100,40,0,0,100,0,0,100,18,0,1541,31,100,3,113,50,20
"agent BacktrackAgent #25",BacktrackAgent,0.503,0,0.569,100,0,16,0,16,114,100,130,0,0,100,0,0,100,154,0,3482,105,362,0,503,50,20
"agent BacktrackAgent #26",BacktrackAgent,0.148,0,0.569,100,0,6,0,6,37,100,52,0,0,100,0,0,100,30,0,1017,29,132,1,148,50,20
"agent BacktrackAgent #27",BacktrackAgent,0.26,0,0.569,100,0,8,0,8,54,100,61,0,0,100,0,0,100,84,0,1827,61,224,2,260,50,20
"agent BacktrackAgent #28",BacktrackAgent,0.541,0,0.569,100,0,15,0,15,108,100,170,0,0,100,0,0,100,148,0,3229,115,314,3,541,50,20
"agent BacktrackAgent #29",BacktrackAgent,0.511,0,0.569,100,0,19,0,19,118,100,130,0,0,100,0,0,100,154,0,3606,109,366,0,511,50,20
"agent BacktrackAgent #30",BacktrackAgent,0.624,0,0.569,100,0,20,0,20,133,100,194,0,0,100,0,0,100,172,0,2851,125,370,1,624,50,20
"agent BacktrackAgent #31",BacktrackAgent,0.24,0,0.569,100,0,5,0,5,46,100,59,0,0,100,0,0,100,82,0,1530,53,214,2,240,50,20
"agent BacktrackAgent #32",BacktrackAgent,0.589,0,0.569,100,0,17,0,17,122,100,180,0,0,100,0,0,100,158,0,3945,129,338,3,589,50,20
"agent BacktrackAgent #33",BacktrackAgent,0.463,0,0.569,100,0,12,0,12,110,100,114,0,0,100,0,0,100,138,0,3468,101,342,0,463,50,20
"agent BacktrackAgent #34",BacktrackAgent,0.174,0,0.569,100,0,5,0,5,38,100,64,0,0,100,0,0,100,42,0,973,30,145,1,174,50,20
"agent BacktrackAgent #35",BacktrackAgent,0.332,0,0.569,100,0,11,0,11,72,100,79,0,0,100,0,0,100,102,0,2061,79,260,2,332,50,20
"agent BacktrackAgent #36",BacktrackAgent,0.573,0,0.569,100,0,18,0,18,118,100,176,0,0,100,0,0,100,154,0,3296,125,330,3,573,50,20
"agent BacktrackAgent #37",BacktrackAgent,0.375,0,0.569,100,0,16,0,16,88,100,92,0,0,100,0,0,100,116,0,3642,79,298,0,375,50,20
"agent BacktrackAgent #38",BacktrackAgent,0.69,0,0.569,100,0,23,0,23,158,100,202,0,0,100,0,0,100,180,0,2312,150,403,1,690,50,20
"agent BacktrackAgent #39",BacktrackAgent,0.26,0,0.569,100,0,9,0,9,50,100,65,0,0,100,0,0,100,88,0,1371,57,224,2,260,50,20
"agent BacktrackAgent #40",BacktrackAgent,0.685,0,0.569,100,0,23,0,23,148,100,202,0,0,100,0,0,100,180,0,3583,155,386,3,685,50,20
"agent BacktrackAgent #41",BacktrackAgent,0.319,0,0.569,100,0,9,0,9,74,100,78,0,0,100,0,0,100,102,0,3113,65,270,0,319,50,20
"agent BacktrackAgent #42",BacktrackAgent,0.204,0,0.569,100,0,8,0,8,51,100,66,0,0,100,0,0,100,44,0,1349,43,160,1,204,50,20
"agent BacktrackAgent #43",BacktrackAgent,0.364,0,0.569,100,0,13,0,13,78,100,89,0,0,100,0,0,100,112,0,2772,85,276,2,364,50,20
"agent BacktrackAgent #44",BacktrackAgent,0.717,0,0.569,100,0,25,0,25,154,100,212,0,0,100,0,0,100,190,0,3329,161,402,3,717,50,20
"agent BacktrackAgent #45",BacktrackAgent,0.479,0,0.569,100,0,15,0,15,108,100,124,0,0,100,0,0,100,148,0,3183,99,350,0,479,50,20
"agent BacktrackAgent #46",BacktrackAgent,0.676,0,0.569,100,0,25,0,25,151,100,202,0,0,100,0,0,100,180,0,2329,143,396,1,676,50,20
"agent BacktrackAgent #47",BacktrackAgent,0.322,0,0.569,100,0,13,0,13,66,100,80,0,0,100,0,0,100,103,0,1164,73,255,2,322,50,20
"agent BacktrackAgent #48",BacktrackAgent,0.673,0,0.569,100,0,20,0,20,146,100,198,0,0,100,0,0,100,176,0,2969,153,380,3,673,50,20
"agent BacktrackAgent #49",BacktrackAgent,0.259,0,0.569,100,0,5,0,5,62,100,60,0,0,100,0,0,100,84,0,2901,53,240,0,259,50,20
"agent BacktrackAgent #50",BacktrackAgent,0.61,0,0.569,100,0,17,0,17,132,100,188,0,0,100,0,0,100,166,0,2226,124,363,1,610,50,20
"agent BacktrackAgent #51",BacktrackAgent,0.292,0,0.569,100,0,10,0,10,56,100,75,0,0,100,0,0,100,98,0,1477,63,240,2,292,50,20
"agent BacktrackAgent #52",BacktrackAgent,0.557,0,0.569,100,0,15,0,15,118,100,168,0,0,100,0,0,100,146,0,2393,125,322,3,557,50,20
"agent BacktrackAgent #53",BacktrackAgent,0.279,0,0.569,100,0,6,0,6,68,100,64,0,0,100,0,0,100,88,0,3141,59,250,0,279,50,20
"agent BacktrackAgent #54",BacktrackAgent,0.178,0,0.569,100,0,6,0,6,40,100,64,0,0,100,0,0,100,42,0,869,32,147,1,178,50,20
"agent BacktrackAgent #55",BacktrackAgent,0.542,0,0.569,100,0,17,0,17,112,100,144,0,0,100,0,0,100,167,0,2201,119,365,2,542,50,20
"agent BacktrackAgent #56",BacktrackAgent,0.261,0,0.569,100,0,10,0,10,60,100,78,0,0,100,0,0,100,56,0,1727,67,174,3,261,50,20
"agent BacktrackAgent #57",BacktrackAgent,0.315,0,0.569,100,0,11,0,11,68,100,82,0,0,100,0,0,100,106,0,2965,59,268,0,315,50,20
"agent BacktrackAgent #58",BacktrackAgent,0.224,0,0.569,100,0,9,0,9,57,100,70,0,0,100,0,0,100,48,0,1208,49,170,1,224,50,20
"agent BacktrackAgent #59",BacktrackAgent,0.556,0,0.569,100,0,20,0,20,122,100,141,0,0,100,0,0,100,164,0,2567,129,372,2,556,50,20
"agent BacktrackAgent #60",BacktrackAgent,0.545,0,0.569,100,0,16,0,16,110,100,170,0,0,100,0,0,100,148,0,2759,117,316,3,545,50,20
"agent BacktrackAgent #61",BacktrackAgent,0.283,0,0.569,100,0,5,0,5,66,100,68,0,0,100,0,0,100,92,0,2468,57,252,0,283,50,20
"agent BacktrackAgent #62",BacktrackAgent,0.566,0,0.569,100,0,14,0,14,122,100,176,0,0,100,0,0,100,154,0,1503,114,341,1,566,50,20
"agent BacktrackAgent #63",BacktrackAgent,0.596,0,0.569,100,0,25,0,25,128,100,155,0,0,100,0,0,100,178,0,2661,135,392,2,596,50,20
"agent BacktrackAgent #64",BacktrackAgent,0.261,0,0.569,100,0,10,0,10,56,100,82,0,0,100,0,0,100,60,0,1656,63,174,3,261,50,20
"agent BacktrackAgent #65",BacktrackAgent,0.295,0,0.569,100,0,7,0,7,70,100,70,0,0,100,0,0,100,94,0,2543,61,258,0,295,50,20
"agent BacktrackAgent #66",BacktrackAgent,0.638,0,0.569,100,0,21,0,21,144,100,190,0,0,100,0,0,100,168,0,1644,136,377,1,638,50,20
"agent BacktrackAgent #67",BacktrackAgent,0.282,0,0.569,100,0,9,0,9,52,100,74,0,0,100,0,0,100,97,0,719,59,235,2,282,50,20
"agent BacktrackAgent #68",BacktrackAgent,0.153,0,0.569,100,0,6,0,6,30,100,54,0,0,100,0,0,100,32,0,1352,37,120,3,153,50,20
"agent BacktrackAgent #69",BacktrackAgent,0.535,0,0.569,100,0,18,0,18,124,100,136,0,0,100,0,0,100,160,0,3409,115,378,0,535,50,20
"agent BacktrackAgent #70",BacktrackAgent,0.172,0,0.569,100,0,6,0,6,45,100,56,0,0,100,0,0,100,34,0,912,37,144,1,172,50,20
"agent BacktrackAgent #71",BacktrackAgent,0.518,0,0.569,100,0,15,0,15,110,100,134,0,0,100,0,0,100,157,0,1679,117,353,2,518,50,20
"agent BacktrackAgent #72",BacktrackAgent,0.681,0,0.569,100,0,22,0,22,146,100,202,0,0,100,0,0,100,180,0,2825,153,384,3,681,50,20
"agent BacktrackAgent #73",BacktrackAgent,0.291,0,0.569,100,0,9,0,9,68,100,70,0,0,100,0,0,100,94,0,2403,59,256,0,291,50,20
"agent BacktrackAgent #74",BacktrackAgent,0.626,0,0.569,100,0,20,0,20,132,100,196,0,0,100,0,0,100,174,0,1655,124,371,1,626,50,20
"agent BacktrackAgent #75",BacktrackAgent,0.34,0,0.569,100,0,11,0,11,74,100,81,0,0,100,0,0,100,104,0,1995,81,264,2,340,50,20
"agent BacktrackAgent #76",BacktrackAgent,0.713,0,0.569,100,0,24,0,24,152,100,212,0,0,100,0,0,100,190,0,2549,159,400,3,713,50,20
"agent BacktrackAgent #77",BacktrackAgent,0.523,0,0.569,100,0,18,0,18,124,100,130,0,0,100,0,0,100,154,0,3488,115,372,0,523,50,20
"agent BacktrackAgent #78",BacktrackAgent,0.59,0,0.569,100,0,17,0,17,128,100,182,0,0,100,0,0,100,160,0,1621,120,353,1,590,50,20
"agent BacktrackAgent #79",BacktrackAgent,0.268,0,0.569,100,0,10,0,10,50,100,69,0,0,100,0,0,100,92,0,1549,57,228,2,268,50,20
"agent BacktrackAgent #80",BacktrackAgent,0.145,0,0.569,100,0,4,0,4,28,100,52,0,0,100,0,0,100,30,0,1210,35,116,3,145,50,20
"agent BacktrackAgent #81",BacktrackAgent,0.311,0,0.569,100,0,10,0,10,78,100,70,0,0,100,0,0,100,94,0,2482,69,266,0,311,50,20
"agent BacktrackAgent #82",BacktrackAgent,0.64,0,0.569,100,0,21,0,21,141,100,194,0,0,100,0,0,100,172,0,2056,133,378,1,640,50,20
"agent BacktrackAgent #83",BacktrackAgent,0.326,0,0.569,100,0,8,0,8,70,100,78,0,0,100,0,0,100,101,0,1069,77,257,2,326,50,20
"agent BacktrackAgent #84",BacktrackAgent,0.565,0,0.569,100,0,17,0,17,116,100,174,0,0,100,0,0,100,152,0,2198,123,326,3,565,50,20
"agent BacktrackAgent #85",BacktrackAgent,0.551,0,0.569,100,0,21,0,21,128,100,140,0,0,100,0,0,100,164,0,3060,119,386,0,551,50,20
"agent BacktrackAgent #86",BacktrackAgent,0.164,0,0.569,100,0,6,0,6,45,100,52,0,0,100,0,0,100,30,0,846,37,140,1,164,50,20
"agent BacktrackAgent #87",BacktrackAgent,0.24,0,0.569,100,0,6,0,6,46,100,59,0,0,100,0,0,100,82,0,1081,53,214,2,240,50,20
"agent BacktrackAgent #88",BacktrackAgent,0.589,0,0.569,100,0,18,0,18,124,100,178,0,0,100,0,0,100,156,0,2250,131,338,3,589,50,20
"agent BacktrackAgent #89",BacktrackAgent,0.295,0,0.569,100,0,6,0,6,70,100,70,0,0,100,0,0,100,94,0,2205,61,258,0,295,50,20
"agent BacktrackAgent #90",BacktrackAgent,0.632,0,0.569,100,0,20,0,20,141,100,190,0,0,100,0,0,100,168,0,1775,133,374,1,632,50,20
"agent BacktrackAgent #91",BacktrackAgent,0.228,0,0.569,100,0,5,0,5,46,100,53,0,0,100,0,0,100,76,0,1120,53,208,2,228,50,20
"agent BacktrackAgent #92",BacktrackAgent,0.541,0,0.569,100,0,16,0,16,112,100,166,0,0,100,0,0,100,144,0,1841,119,314,3,541,50,20
"agent BacktrackAgent #93",BacktrackAgent,0.283,0,0.569,100,0,7,0,7,70,100,64,0,0,100,0,0,100,88,0,2308,61,252,0,283,50,20
"agent BacktrackAgent #94",BacktrackAgent,0.19,0,0.569,100,0,7,0,7,50,100,60,0,0,100,0,0,100,38,0,534,42,153,1,190,50,20
"agent BacktrackAgent #95",BacktrackAgent,0.374,0,0.569,100,0,14,0,14,76,100,96,0,0,100,0,0,100,119,0,1327,83,281,2,374,50,20
"agent BacktrackAgent #96",BacktrackAgent,0.097,0,0.569,100,0,2,0,2,14,100,42,0,0,100,0,0,100,20,0,857,21,92,3,97,50,20
"agent BacktrackAgent #97",BacktrackAgent,0.531,0,0.569,100,0,18,0,18,124,100,134,0,0,100,0,0,100,158,0,2734,115,376,0,531,50,20
"agent BacktrackAgent #98",BacktrackAgent,0.162,0,0.569,100,0,5,0,5,42,100,54,0,0,100,0,0,100,32,0,442,34,139,1,162,50,20
"agent BacktrackAgent #99",BacktrackAgent,0.472,0,0.569,100,0,17,0,17,102,100,119,0,0,100,0,0,100,142,0,1649,109,330,2,472,50,20
"agent BacktrackAgent #100",BacktrackAgent,0.713,0,0.569,100,0,24,0,24,152,100,212,0,0,100,0,0,100,190,0,4384,159,400,3,713,50,20
"agent ForwardAgent #101",ForwardAgent,0.959,0,0.569,100,0,31,0,31,220,100,252,0,0,100,0,0,100,276,0,3536,211,376,0,959,50,20
"agent ForwardAgent #102",ForwardAgent,0.26,0,0.569,100,0,13,0,13,73,100,72,0,0,100,0,0,100,50,0,1020,65,164,1,260,50,20
"agent ForwardAgent #103",ForwardAgent,0.684,0,0.569,100,0,23,0,23,148,100,179,0,0,100,0,0,100,202,0,2321,155,300,2,684,50,20
"agent ForwardAgent #104",ForwardAgent,0.393,0,0.569,100,0,11,0,11,82,100,122,0,0,100,0,0,100,100,0,1588,89,182,3,393,50,20
"agent ForwardAgent #105",ForwardAgent,1.223,0,0.569,100,0,46,0,46,260,100,344,0,0,100,0,0,100,368,0,3876,251,290,0,1223,50,20
"agent ForwardAgent #106",ForwardAgent,0.996,0,0.569,100,0,34,0,34,231,100,282,0,0,100,0,0,100,260,0,1871,223,298,1,996,50,20
"agent ForwardAgent #107",ForwardAgent,2.056,0,0.569,100,0,51,0,51,440,100,573,0,0,100,0,0,100,596,0,4033,447,360,2,2056,50,20
"agent ForwardAgent #108",ForwardAgent,0.517,0,0.569,100,0,18,0,18,114,100,152,0,0,100,0,0,100,130,0,1620,121,192,3,517,50,20
"agent ForwardAgent #109",ForwardAgent,2.143,0,0.569,100,0,76,0,76,508,100,556,0,0,100,0,0,100,580,0,5143,499,370,0,2143,50,20
"agent ForwardAgent #110",ForwardAgent,6.982,0,0.569,100,0,198,0,198,1520,100,1986,0,0,100,0,0,100,1964,0,8173,1512,408,1,6982,50,20
"agent ForwardAgent #111",ForwardAgent,0.934,0,0.569,100,0,39,0,39,200,100,252,0,0,100,0,0,100,275,0,2485,207,292,2,934,50,20
"agent ForwardAgent #112",ForwardAgent,2.077,0,0.569,100,0,85,0,85,456,100,590,0,0,100,0,0,100,568,0,4697,463,392,3,2077,50,20
"agent ForwardAgent #113",ForwardAgent,2.575,0,0.569,100,0,94,0,94,574,100,706,0,0,100,0,0,100,730,0,4818,565,402,0,2575,50,20
"agent ForwardAgent #114",ForwardAgent,7.146,0,0.569,100,0,228,0,228,1556,100,2032,0,0,100,0,0,100,2010,0,7829,1548,412,1,7146,50,20
"agent ForwardAgent #115",ForwardAgent,1.724,0,0.569,100,0,58,0,58,388,100,459,0,0,100,0,0,100,482,0,3547,395,402,2,1724,50,20
"agent ForwardAgent #116",ForwardAgent,0.753,0,0.569,100,0,28,0,28,150,100,234,0,0,100,0,0,100,212,0,1996,157,280,3,753,50,20
"agent ForwardAgent #117",ForwardAgent,2.247,0,0.569,100,0,70,0,70,516,100,600,0,0,100,0,0,100,624,0,4138,507,412,0,2247,50,20
"agent ForwardAgent #118",ForwardAgent,0.228,0,0.569,100,0,10,0,10,57,100,72,0,0,100,0,0,100,50,0,716,49,152,1,228,50,20
"agent ForwardAgent #119",ForwardAgent,0.414,0,0.569,100,0,12,0,12,84,100,108,0,0,100,0,0,100,131,0,1077,91,253,2,414,50,20
"agent ForwardAgent #120",ForwardAgent,1.073,0,0.569,100,0,49,0,49,260,100,284,0,0,100,0,0,100,262,0,2198,267,244,3,1073,50,20
"agent ForwardAgent #121",ForwardAgent,0.339,0,0.569,100,0,13,0,13,84,100,78,0,0,100,0,0,100,102,0,1793,75,252,0,339,50,20
"agent ForwardAgent #122",ForwardAgent,1.82,0,0.569,100,0,55,0,55,367,100,558,0,0,100,0,0,100,536,0,2775,359,368,1,1820,50,20
"agent ForwardAgent #123",ForwardAgent,1.96,0,0.569,100,0,89,0,89,412,100,553,0,0,100,0,0,100,576,0,4528,419,306,2,1960,50,20
"agent ForwardAgent #124",ForwardAgent,5.173,0,0.569,100,0,177,0,177,1156,100,1438,0,0,100,0,0,100,1416,0,7239,1163,402,3,5173,50,20
"agent ForwardAgent #125",ForwardAgent,0.819,0,0.569,100,0,29,0,29,178,100,224,0,0,100,0,0,100,248,0,2751,169,358,0,819,50,20
"agent ForwardAgent #126",ForwardAgent,1.876,0,0.569,100,0,50,0,50,411,100,542,0,0,100,0,0,100,520,0,2848,403,396,1,1876,50,20
"agent ForwardAgent #127",ForwardAgent,9.656,0,0.569,100,0,318,0,318,2088,100,2725,0,0,100,0,0,100,2748,0,11644,2095,400,2,9656,50,20
"agent ForwardAgent #128",ForwardAgent,16.749,0,0.569,100,0,567,0,567,3626,100,4756,0,0,100,0,0,100,4734,0,16746,3633,414,3,16749,50,20
"agent ForwardAgent #129",ForwardAgent,2.783,0,0.569,100,0,105,0,105,624,100,760,0,0,100,0,0,100,784,0,5966,615,394,0,2783,50,20
"agent ForwardAgent #130",ForwardAgent,2.8,0,0.569,100,0,72,0,72,605,100,810,0,0,100,0,0,100,788,0,3881,597,392,1,2800,50,20
"agent ForwardAgent #131",ForwardAgent,1.174,0,0.569,100,0,38,0,38,236,100,336,0,0,100,0,0,100,359,0,2830,243,274,2,1174,50,20
"agent ForwardAgent #132",ForwardAgent,0.965,0,0.569,100,0,28,0,28,230,100,260,0,0,100,0,0,100,238,0,2335,237,226,3,965,50,20
"agent ForwardAgent #133",ForwardAgent,3.187,0,0.569,100,0,102,0,102,732,100,854,0,0,100,0,0,100,878,0,5366,723,398,0,3187,50,20
"agent ForwardAgent #134",ForwardAgent,0.162,0,0.569,100,0,5,0,5,38,100,58,0,0,100,0,0,100,36,0,604,30,126,1,162,50,20
"agent ForwardAgent #135",ForwardAgent,7.504,0,0.569,100,0,206,0,206,1592,100,2145,0,0,100,0,0,100,2168,0,8406,1599,410,2,7504,50,20
"agent ForwardAgent #136",ForwardAgent,1.773,0,0.569,100,0,48,0,48,386,100,508,0,0,100,0,0,100,486,0,3254,393,230,3,1773,50,20
"agent ForwardAgent #137",ForwardAgent,3.323,0,0.569,100,0,131,0,131,778,100,876,0,0,100,0,0,100,900,0,6440,769,400,0,3323,50,20
"agent ForwardAgent #138",ForwardAgent,1.266,0,0.569,100,0,33,0,33,294,100,354,0,0,100,0,0,100,332,0,1591,286,333,1,1266,50,20
"agent ForwardAgent #139",ForwardAgent,3.844,0,0.569,100,0,105,0,105,826,100,1081,0,0,100,0,0,100,1104,0,5448,833,402,2,3844,50,20
"agent ForwardAgent #140",ForwardAgent,5.297,0,0.569,100,0,177,0,177,1194,100,1462,0,0,100,0,0,100,1440,0,6522,1201,402,3,5297,50,20
"agent ForwardAgent #141",ForwardAgent,2.111,0,0.569,100,0,57,0,57,452,100,596,0,0,100,0,0,100,620,0,3767,443,404,0,2111,50,20
"agent ForwardAgent #142",ForwardAgent,1.334,0,0.569,100,0,45,0,45,306,100,376,0,0,100,0,0,100,354,0,2782,298,272,1,1334,50,20
"agent ForwardAgent #143",ForwardAgent,2.954,0,0.569,100,0,91,0,91,642,100,820,0,0,100,0,0,100,843,0,4892,649,404,2,2954,50,20
"agent ForwardAgent #144",ForwardAgent,0.313,0,0.569,100,0,12,0,12,70,100,94,0,0,100,0,0,100,72,0,1218,77,176,3,313,50,20
"agent ForwardAgent #145",ForwardAgent,4.047,0,0.569,100,0,146,0,146,928,100,1088,0,0,100,0,0,100,1112,0,6835,919,414,0,4047,50,20
"agent ForwardAgent #146",ForwardAgent,1.216,0,0.569,100,0,37,0,37,261,100,362,0,0,100,0,0,100,340,0,1870,253,362,1,1216,50,20
"agent ForwardAgent #147",ForwardAgent,0.448,0,0.569,100,0,11,0,11,90,100,119,0,0,100,0,0,100,142,0,1338,97,246,2,448,50,20
"agent ForwardAgent #148",ForwardAgent,2.633,0,0.569,100,0,85,0,85,594,100,730,0,0,100,0,0,100,708,0,4248,601,390,3,2633,50,20
"agent ForwardAgent #149",ForwardAgent,1.267,0,0.569,100,0,41,0,41,294,100,332,0,0,100,0,0,100,356,0,2998,285,376,0,1267,50,20
"agent ForwardAgent #150",ForwardAgent,0.262,0,0.569,100,0,7,0,7,66,100,80,0,0,100,0,0,100,58,0,1001,58,172,1,262,50,20
"agent ForwardAgent #151",ForwardAgent,2.692,0,0.569,100,0,76,0,76,574,100,757,0,0,100,0,0,100,780,0,3676,581,390,2,2692,50,20
"agent ForwardAgent #152",ForwardAgent,0.773,0,0.569,100,0,25,0,25,178,100,216,0,0,100,0,0,100,194,0,1908,185,358,3,773,50,20
"agent ForwardAgent #153",ForwardAgent,1.403,0,0.569,100,0,46,0,46,310,100,384,0,0,100,0,0,100,408,0,3366,301,312,0,1403,50,20
"agent ForwardAgent #154",ForwardAgent,1.06,0,0.569,100,0,25,0,25,229,100,316,0,0,100,0,0,100,294,0,1679,221,360,1,1060,50,20
"agent ForwardAgent #155",ForwardAgent,9.414,0,0.569,100,0,353,0,353,2076,100,2616,0,0,100,0,0,100,2639,0,8975,2083,416,2,9414,50,20
"agent ForwardAgent #156",ForwardAgent,0.261,0,0.569,100,0,6,0,6,60,100,78,0,0,100,0,0,100,56,0,694,67,160,3,261,50,20
"agent ForwardAgent #157",ForwardAgent,12.559,0,0.569,100,0,379,0,379,2696,100,3576,0,0,100,0,0,100,3600,0,11961,2687,410,0,12559,50,20
"agent ForwardAgent #158",ForwardAgent,3.456,0,0.569,100,0,106,0,106,743,100,1000,0,0,100,0,0,100,978,0,4039,735,404,1,3456,50,20
"agent ForwardAgent #159",ForwardAgent,1.622,0,0.569,100,0,46,0,46,368,100,428,0,0,100,0,0,100,451,0,2196,375,358,2,1622,50,20
"agent ForwardAgent #160",ForwardAgent,5.657,0,0.569,100,0,180,0,180,1240,100,1596,0,0,100,0,0,100,1574,0,7293,1247,408,3,5657,50,20
"agent ForwardAgent #161",ForwardAgent,1.767,0,0.569,100,0,55,0,55,382,100,494,0,0,100,0,0,100,518,0,3376,373,350,0,1767,50,20
"agent ForwardAgent #162",ForwardAgent,0.436,0,0.569,100,0,22,0,22,99,100,134,0,0,100,0,0,100,112,0,1633,91,184,1,436,50,20
"agent ForwardAgent #163",ForwardAgent,2.848,0,0.569,100,0,104,0,104,618,100,791,0,0,100,0,0,100,814,0,3907,625,406,2,2848,50,20
"agent ForwardAgent #164",ForwardAgent,0.457,0,0.569,100,0,8,0,8,94,100,142,0,0,100,0,0,100,120,0,1283,101,228,3,457,50,20
"agent ForwardAgent #165",ForwardAgent,8.559,0,0.569,100,0,246,0,246,1814,100,2458,0,0,100,0,0,100,2482,0,9662,1805,416,0,8559,50,20
"agent ForwardAgent #166",ForwardAgent,2.144,0,0.569,100,0,71,0,71,451,100,636,0,0,100,0,0,100,614,0,3131,443,408,1,2144,50,20
"agent ForwardAgent #167",ForwardAgent,6.246,0,0.569,100,0,217,0,217,1278,100,1830,0,0,100,0,0,100,1853,0,6427,1285,410,2,6246,50,20
"agent ForwardAgent #168",ForwardAgent,0.149,0,0.569,100,0,2,0,2,32,100,50,0,0,100,0,0,100,28,0,553,39,118,3,149,50,20
"agent ForwardAgent #169",ForwardAgent,4.055,0,0.569,100,0,119,0,119,970,100,1050,0,0,100,0,0,100,1074,0,5101,961,396,0,4055,50,20
"agent ForwardAgent #170",ForwardAgent,1.264,0,0.569,100,0,44,0,44,281,100,366,0,0,100,0,0,100,344,0,2516,273,382,1,1264,50,20
"agent ForwardAgent #171",ForwardAgent,2.638,0,0.569,100,0,78,0,78,534,100,770,0,0,100,0,0,100,793,0,3449,541,344,2,2638,50,20
"agent ForwardAgent #172",ForwardAgent,0.841,0,0.569,100,0,37,0,37,186,100,242,0,0,100,0,0,100,220,0,2033,193,198,3,841,50,20
"agent ForwardAgent #173",ForwardAgent,4.555,0,0.569,100,0,139,0,139,996,100,1274,0,0,100,0,0,100,1298,0,5870,987,410,0,4555,50,20
"agent ForwardAgent #174",ForwardAgent,0.19,0,0.569,100,0,6,0,6,46,100,64,0,0,100,0,0,100,42,0,850,38,146,1,190,50,20
"agent ForwardAgent #175",ForwardAgent,4.442,0,0.569,100,0,150,0,150,990,100,1216,0,0,100,0,0,100,1239,0,5915,997,414,2,4442,50,20
"agent ForwardAgent #176",ForwardAgent,0.405,0,0.569,100,0,11,0,11,96,100,114,0,0,100,0,0,100,92,0,1334,103,198,3,405,50,20
"agent ForwardAgent #177",ForwardAgent,3.375,0,0.569,100,0,99,0,99,720,100,960,0,0,100,0,0,100,984,0,3660,711,410,0,3375,50,20
"agent ForwardAgent #178",ForwardAgent,0.422,0,0.569,100,0,11,0,11,100,100,126,0,0,100,0,0,100,104,0,1132,92,262,1,422,50,20
"agent ForwardAgent #179",ForwardAgent,2.96,0,0.569,100,0,104,0,104,600,100,865,0,0,100,0,0,100,888,0,4455,607,312,2,2960,50,20
"agent ForwardAgent #180",ForwardAgent,0.969,0,0.569,100,0,44,0,44,226,100,266,0,0,100,0,0,100,244,0,1281,233,190,3,969,50,20
"agent ForwardAgent #181",ForwardAgent,2.959,0,0.569,100,0,90,0,90,658,100,814,0,0,100,0,0,100,838,0,3243,649,402,0,2959,50,20
"agent ForwardAgent #182",ForwardAgent,0.802,0,0.569,100,0,17,0,17,176,100,240,0,0,100,0,0,100,218,0,1549,168,329,1,802,50,20
"agent ForwardAgent #183",ForwardAgent,4.044,0,0.569,100,0,129,0,129,894,100,1113,0,0,100,0,0,100,1136,0,3905,901,414,2,4044,50,20
"agent ForwardAgent #184",ForwardAgent,0.417,0,0.569,100,0,20,0,20,88,100,128,0,0,100,0,0,100,106,0,1302,95,170,3,417,50,20
"agent ForwardAgent #185",ForwardAgent,10.211,0,0.569,100,0,322,0,322,2270,100,2828,0,0,100,0,0,100,2852,0,9531,2261,416,0,10211,50,20
"agent ForwardAgent #186",ForwardAgent,1.738,0,0.569,100,0,55,0,55,378,100,506,0,0,100,0,0,100,484,0,3264,370,280,1,1738,50,20
"agent ForwardAgent #187",ForwardAgent,3.812,0,0.569,100,0,119,0,119,826,100,1065,0,0,100,0,0,100,1088,0,4476,833,406,2,3812,50,20
"agent ForwardAgent #188",ForwardAgent,3.257,0,0.569,100,0,81,0,81,740,100,896,0,0,100,0,0,100,874,0,3560,747,400,3,3257,50,20
"agent ForwardAgent #189",ForwardAgent,0.443,0,0.569,100,0,8,0,8,100,100,114,0,0,100,0,0,100,138,0,1483,91,272,0,443,50,20
"agent ForwardAgent #190",ForwardAgent,0.288,0,0.569,100,0,13,0,13,63,100,96,0,0,100,0,0,100,74,0,689,55,164,1,288,50,20
"agent ForwardAgent #191",ForwardAgent,8.782,0,0.569,100,0,280,0,280,1958,100,2418,0,0,100,0,0,100,2441,0,6905,1965,414,2,8782,50,20
"agent ForwardAgent #192",ForwardAgent,1.965,0,0.569,100,0,60,0,60,422,100,568,0,0,100,0,0,100,546,0,2790,429,358,3,1965,50,20
"agent ForwardAgent #193",ForwardAgent,0.759,0,0.569,100,0,20,0,20,182,100,190,0,0,100,0,0,100,214,0,1758,173,276,0,759,50,20
"agent ForwardAgent #194",ForwardAgent,0.382,0,0.569,100,0,17,0,17,98,100,108,0,0,100,0,0,100,86,0,1062,90,164,1,382,50,20
"agent ForwardAgent #195",ForwardAgent,2.942,0,0.569,100,0,73,0,73,618,100,838,0,0,100,0,0,100,861,0,2967,625,406,2,2942,50,20
"agent ForwardAgent #196",ForwardAgent,1.661,0,0.569,100,0,51,0,51,392,100,446,0,0,100,0,0,100,424,0,2309,399,246,3,1661,50,20
"agent ForwardAgent #197",ForwardAgent,6.763,0,0.569,100,0,196,0,196,1504,100,1870,0,0,100,0,0,100,1894,0,6556,1495,410,0,6763,50,20
"agent ForwardAgent #198",ForwardAgent,7.068,0,0.569,100,0,220,0,220,1567,100,1982,0,0,100,0,0,100,1960,0,6755,1559,416,1,7068,50,20
"agent ForwardAgent #199",ForwardAgent,1.028,0,0.569,100,0,41,0,41,262,100,237,0,0,100,0,0,100,260,0,1788,269,306,2,1028,50,20
"agent ForwardAgent #200",ForwardAgent,1.217,0,0.569,100,0,42,0,42,276,100,340,0,0,100,0,0,100,318,0,1657,283,312,3,1217,50,20
"agent RandomAgent #201",RandomAgent,135.679,0,0.569,100,0,3735,0,67501,31446,100,36386,0,0,100,0,0,100,36410,0,41105,31437,404,0,135679,50,20
"agent RandomAgent #202",RandomAgent,256.658,0,0.569,100,0,8100,0,128861,53978,100,74366,0,0,100,0,0,100,74344,0,54429,53970,405,1,256658,50,20
"agent RandomAgent #203",RandomAgent,56.73,0,0.569,100,0,2213,0,28442,12152,100,16198,0,0,100,0,0,100,16221,0,30512,12159,401,2,56730,50,20
"agent RandomAgent #204",RandomAgent,51.261,0,0.569,100,0,1624,0,25723,11834,100,13804,0,0,100,0,0,100,13782,0,30498,11841,398,3,51261,50,20
"agent RandomAgent #205",RandomAgent,19.107,0,0.569,100,0,562,0,9479,4010,100,5536,0,0,100,0,0,100,5560,0,16008,4001,387,0,19107,50,20
"agent RandomAgent #206",RandomAgent,44.854,0,0.569,100,0,1842,0,22550,9512,100,12930,0,0,100,0,0,100,12908,0,30880,9504,395,1,44854,50,20
"agent RandomAgent #207",RandomAgent,84.656,0,0.569,100,0,2953,0,42602,18113,100,24200,0,0,100,0,0,100,24223,0,48106,18120,416,2,84656,50,20
"agent RandomAgent #208",RandomAgent,64.275,0,0.569,100,0,2025,0,32263,13520,100,18625,0,0,100,0,0,100,18603,0,39980,13527,397,3,64275,50,20
"agent RandomAgent #209",RandomAgent,8.467,0,0.569,100,0,273,0,4235,1652,100,2574,0,0,100,0,0,100,2598,0,11906,1643,298,0,8467,50,20
"agent RandomAgent #210",RandomAgent,59.184,0,0.569,100,0,2032,0,29617,14389,100,15218,0,0,100,0,0,100,15196,0,26628,14381,311,1,59184,50,20
"agent RandomAgent #211",RandomAgent,45.196,0,0.569,100,0,1530,0,22771,9485,100,13098,0,0,100,0,0,100,13121,0,32068,9492,365,2,45196,50,20
"agent RandomAgent #212",RandomAgent,18.681,0,0.569,100,0,786,0,9375,4575,100,4773,0,0,100,0,0,100,4751,0,14870,4582,243,3,18681,50,20
"agent RandomAgent #213",RandomAgent,18.975,0,0.569,100,0,746,0,9604,3947,100,5533,0,0,100,0,0,100,5557,0,19368,3938,285,0,18975,50,20
"agent RandomAgent #214",RandomAgent,108.764,0,0.569,100,0,3481,0,54436,24610,100,29787,0,0,100,0,0,100,29765,0,34498,24602,415,1,108764,50,20
"agent RandomAgent #215",RandomAgent,3.216,0,0.569,100,0,137,0,1643,700,100,893,0,0,100,0,0,100,916,0,597,707,247,2,3216,50,20
"agent RandomAgent #216",RandomAgent,20.207,0,0.569,100,0,438,0,10008,4176,100,5935,0,0,100,0,0,100,5913,0,13441,4183,310,3,20207,50,20
"agent RandomAgent #217",RandomAgent,45.381,0,0.569,100,0,1627,0,22864,9485,100,13198,0,0,100,0,0,100,13222,0,33900,9476,307,0,45381,50,20
"agent RandomAgent #218",RandomAgent,121.974,0,0.569,100,0,4583,0,61336,26880,100,34122,0,0,100,0,0,100,34100,0,45290,26872,404,1,121974,50,20
"agent RandomAgent #219",RandomAgent,133.684,0,0.569,100,0,4124,0,67083,30689,100,36138,0,0,100,0,0,100,36161,0,42918,30696,403,2,133684,50,20
"agent RandomAgent #220",RandomAgent,95.607,0,0.569,100,0,3507,0,48033,19775,100,28036,0,0,100,0,0,100,28014,0,38415,19782,416,3,95607,50,20
"agent RandomAgent #221",RandomAgent,87.321,0,0.569,100,0,2672,0,43511,18319,100,25334,0,0,100,0,0,100,25358,0,38215,18310,392,0,87321,50,20
"agent RandomAgent #222",RandomAgent,31.532,0,0.569,100,0,1060,0,15890,7707,100,8074,0,0,100,0,0,100,8052,0,15057,7699,213,1,31532,50,20
"agent RandomAgent #223",RandomAgent,20.042,0,0.569,100,0,613,0,9941,4228,100,5778,0,0,100,0,0,100,5801,0,12703,4235,324,2,20042,50,20
"agent RandomAgent #224",RandomAgent,11.353,0,0.569,100,0,409,0,5703,3195,100,2489,0,0,100,0,0,100,2467,0,8274,3202,190,3,11353,50,20
"agent RandomAgent #225",RandomAgent,56.245,0,0.569,100,0,1597,0,28186,12219,100,15896,0,0,100,0,0,100,15920,0,25989,12210,406,0,56245,50,20
"agent RandomAgent #226",RandomAgent,9.628,0,0.569,100,0,248,0,4833,2340,100,2489,0,0,100,0,0,100,2467,0,5651,2332,248,1,9628,50,20
"agent RandomAgent #227",RandomAgent,11.478,0,0.569,100,0,341,0,5709,2568,100,3156,0,0,100,0,0,100,3179,0,5958,2575,268,2,11478,50,20
"agent RandomAgent #228",RandomAgent,14.939,0,0.569,100,0,762,0,7532,3723,100,3754,0,0,100,0,0,100,3732,0,9309,3730,200,3,14939,50,20
"agent RandomAgent #229",RandomAgent,135.207,0,0.569,100,0,4367,0,67698,29879,100,37717,0,0,100,0,0,100,37741,0,39923,29870,400,0,135207,50,20
"agent RandomAgent #230",RandomAgent,27.558,0,0.569,100,0,508,0,13882,5700,100,8094,0,0,100,0,0,100,8072,0,14021,5692,320,1,27558,50,20
"agent RandomAgent #231",RandomAgent,43.14,0,0.569,100,0,1379,0,21561,8899,100,12656,0,0,100,0,0,100,12679,0,25731,8906,322,2,43140,50,20
"agent RandomAgent #232",RandomAgent,7.913,0,0.569,100,0,254,0,3883,1746,100,2218,0,0,100,0,0,100,2196,0,5020,1753,186,3,7913,50,20
"agent RandomAgent #233",RandomAgent,71.145,0,0.569,100,0,2334,0,35870,15110,100,20455,0,0,100,0,0,100,20479,0,29909,15101,414,0,71145,50,20
"agent RandomAgent #234",RandomAgent,17.85,0,0.569,100,0,463,0,8953,4221,100,4719,0,0,100,0,0,100,4697,0,8412,4213,278,1,17850,50,20
"agent RandomAgent #235",RandomAgent,69.002,0,0.569,100,0,1979,0,34407,15293,100,19193,0,0,100,0,0,100,19216,0,26992,15300,397,2,69002,50,20
"agent RandomAgent #236",RandomAgent,18.565,0,0.569,100,0,272,0,9186,3880,100,5410,0,0,100,0,0,100,5388,0,8855,3887,287,3,18565,50,20
"agent RandomAgent #237",RandomAgent,27.103,0,0.569,100,0,820,0,13493,5712,100,7832,0,0,100,0,0,100,7856,0,17062,5703,387,0,27103,50,20
"agent RandomAgent #238",RandomAgent,37.254,0,0.569,100,0,1353,0,18736,9033,100,9609,0,0,100,0,0,100,9587,0,12954,9025,224,1,37254,50,20
"agent RandomAgent #239",RandomAgent,99.07,0,0.569,100,0,2834,0,49413,20573,100,28947,0,0,100,0,0,100,28970,0,27412,20580,407,2,99070,50,20
"agent RandomAgent #240",RandomAgent,242.795,0,0.569,100,0,7629,0,121095,50948,100,70457,0,0,100,0,0,100,70435,0,34846,50955,416,3,242795,50,20
"agent RandomAgent #241",RandomAgent,41.457,0,0.569,100,0,1201,0,20816,8852,100,11869,0,0,100,0,0,100,11893,0,19289,8843,302,0,41457,50,20
"agent RandomAgent #242",RandomAgent,26.946,0,0.569,100,0,986,0,13545,6782,100,6706,0,0,100,0,0,100,6684,0,8808,6774,201,1,26946,50,20
"agent RandomAgent #243",RandomAgent,148.494,0,0.569,100,0,4254,0,74124,30299,100,43933,0,0,100,0,0,100,43956,0,28542,30306,413,2,148494,50,20
"agent RandomAgent #244",RandomAgent,5.363,0,0.569,100,0,273,0,2759,1259,100,1430,0,0,100,0,0,100,1408,0,3913,1266,163,3,5363,50,20
"agent RandomAgent #245",RandomAgent,36.567,0,0.569,100,0,1308,0,18484,7712,100,10564,0,0,100,0,0,100,10588,0,16435,7703,316,0,36567,50,20
"agent RandomAgent #246",RandomAgent,4.004,0,0.569,100,0,194,0,2034,865,100,1152,0,0,100,0,0,100,1130,0,2298,857,182,1,4004,50,20
"agent RandomAgent #247",RandomAgent,124.456,0,0.569,100,0,3666,0,62058,25571,100,36642,0,0,100,0,0,100,36665,0,34474,25578,349,2,124456,50,20
"agent RandomAgent #248",RandomAgent,53.699,0,0.569,100,0,2052,0,26878,12636,100,14221,0,0,100,0,0,100,14199,0,14756,12643,302,3,53699,50,20
"agent RandomAgent #249",RandomAgent,113.419,0,0.569,100,0,3600,0,57049,24181,100,32521,0,0,100,0,0,100,32545,0,27637,24172,415,0,113419,50,20
"agent RandomAgent #250",RandomAgent,74.8,0,0.569,100,0,2167,0,37041,17636,100,19779,0,0,100,0,0,100,19757,0,16469,17628,260,1,74800,50,20
"agent RandomAgent #251",RandomAgent,103.556,0,0.569,100,0,3495,0,52248,20190,100,31573,0,0,100,0,0,100,31596,0,26025,20197,359,2,103556,50,20
"agent RandomAgent #252",RandomAgent,6.385,0,0.569,100,0,82,0,3113,1403,100,1797,0,0,100,0,0,100,1775,0,2163,1410,154,3,6385,50,20
"agent RandomAgent #253",RandomAgent,89.569,0,0.569,100,0,3201,0,45125,18324,100,26453,0,0,100,0,0,100,26477,0,24942,18315,336,0,89569,50,20
"agent RandomAgent #254",RandomAgent,98.81,0,0.569,100,0,2363,0,49504,20763,100,28657,0,0,100,0,0,100,28635,0,25602,20755,402,1,98810,50,20
"agent RandomAgent #255",RandomAgent,209.062,0,0.569,100,0,6903,0,104928,41975,100,62541,0,0,100,0,0,100,62564,0,20936,41982,356,2,209062,50,20
"agent RandomAgent #256",RandomAgent,16.987,0,0.569,100,0,833,0,8567,3969,100,4532,0,0,100,0,0,100,4510,0,6288,3976,193,3,16987,50,20
"agent RandomAgent #257",RandomAgent,33.893,0,0.569,100,0,970,0,17091,7542,100,9397,0,0,100,0,0,100,9421,0,8987,7533,405,0,33893,50,20
"agent RandomAgent #258",RandomAgent,18.904,0,0.569,100,0,533,0,9509,3851,100,5616,0,0,100,0,0,100,5594,0,6283,3843,338,1,18904,50,20
"agent RandomAgent #259",RandomAgent,169.766,0,0.569,100,0,5949,0,85133,37506,100,47362,0,0,100,0,0,100,47385,0,20408,37513,415,2,169766,50,20
"agent RandomAgent #260",RandomAgent,5.855,0,0.569,100,0,68,0,2893,1155,100,1780,0,0,100,0,0,100,1758,0,1730,1162,140,3,5855,50,20
"agent RandomAgent #261",RandomAgent,32.577,0,0.569,100,0,1321,0,16419,6985,100,9296,0,0,100,0,0,100,9320,0,10874,6976,405,0,32577,50,20
"agent RandomAgent #262",RandomAgent,6.042,0,0.569,100,0,228,0,2946,1585,100,1451,0,0,100,0,0,100,1429,0,2811,1577,177,1,6042,50,20
"agent RandomAgent #263",RandomAgent,110.374,0,0.569,100,0,3714,0,55289,24158,100,31014,0,0,100,0,0,100,31037,0,19009,24165,414,2,110374,50,20
"agent RandomAgent #264",RandomAgent,22.949,0,0.569,100,0,718,0,11533,5437,100,6045,0,0,100,0,0,100,6023,0,6555,5444,297,3,22949,50,20
"agent RandomAgent #265",RandomAgent,92.349,0,0.569,100,0,3133,0,46495,19256,100,26911,0,0,100,0,0,100,26935,0,18064,19247,396,0,92349,50,20
"agent RandomAgent #266",RandomAgent,78.132,0,0.569,100,0,2892,0,39160,17478,100,21603,0,0,100,0,0,100,21581,0,11642,17470,403,1,78132,50,20
"agent RandomAgent #267",RandomAgent,79.474,0,0.569,100,0,2592,0,39884,17394,100,22328,0,0,100,0,0,100,22351,0,14024,17401,406,2,79474,50,20
"agent RandomAgent #268",RandomAgent,12.247,0,0.569,100,0,151,0,6116,2283,100,3848,0,0,100,0,0,100,3826,0,2269,2290,259,3,12247,50,20
"agent RandomAgent #269",RandomAgent,145.329,0,0.569,100,0,4118,0,72341,30305,100,42352,0,0,100,0,0,100,42376,0,15500,30296,413,0,145329,50,20
"agent RandomAgent #270",RandomAgent,1.996,0,0.569,100,0,38,0,1020,334,100,679,0,0,100,0,0,100,657,0,492,326,163,1,1996,50,20
"agent RandomAgent #271",RandomAgent,32.488,0,0.569,100,0,1176,0,16419,6746,100,9483,0,0,100,0,0,100,9506,0,9851,6753,319,2,32488,50,20
"agent RandomAgent #272",RandomAgent,28.461,0,0.569,100,0,1328,0,14234,6944,100,7294,0,0,100,0,0,100,7272,0,7894,6951,184,3,28461,50,20
"agent RandomAgent #273",RandomAgent,65.393,0,0.569,100,0,2046,0,32882,14041,100,18648,0,0,100,0,0,100,18672,0,12195,14032,334,0,65393,50,20
"agent RandomAgent #274",RandomAgent,143.148,0,0.569,100,0,5105,0,71926,30248,100,41341,0,0,100,0,0,100,41319,0,12168,30240,401,1,143148,50,20
"agent RandomAgent #275",RandomAgent,52.936,0,0.569,100,0,1985,0,26645,11305,100,15148,0,0,100,0,0,100,15171,0,10516,11312,407,2,52936,50,20
"agent RandomAgent #276",RandomAgent,126.427,0,0.569,100,0,4407,0,63690,26606,100,36615,0,0,100,0,0,100,36593,0,10042,26613,394,3,126427,50,20
"agent RandomAgent #277",RandomAgent,24.095,0,0.569,100,0,740,0,12078,5568,100,6472,0,0,100,0,0,100,6496,0,6125,5559,392,0,24095,50,20
"agent RandomAgent #278",RandomAgent,5.46,0,0.569,100,0,165,0,2738,1159,100,1586,0,0,100,0,0,100,1564,0,1744,1151,167,1,5460,50,20
"agent RandomAgent #279",RandomAgent,41.944,0,0.569,100,0,1170,0,20903,9149,100,11808,0,0,100,0,0,100,11831,0,4889,9156,401,2,41944,50,20
"agent RandomAgent #280",RandomAgent,31.287,0,0.569,100,0,1283,0,15755,8017,100,7634,0,0,100,0,0,100,7612,0,4070,8024,210,3,31287,50,20
"agent RandomAgent #281",RandomAgent,133.111,0,0.569,100,0,3919,0,66572,28270,100,38278,0,0,100,0,0,100,38302,0,8713,28261,416,0,133111,50,20
"agent RandomAgent #282",RandomAgent,30.302,0,0.569,100,0,1064,0,15222,6346,100,8820,0,0,100,0,0,100,8798,0,3030,6338,297,1,30302,50,20
"agent RandomAgent #283",RandomAgent,124.206,0,0.569,100,0,4123,0,62012,26884,100,35204,0,0,100,0,0,100,35227,0,6710,26891,416,2,124206,50,20
"agent RandomAgent #284",RandomAgent,16.459,0,0.569,100,0,460,0,8162,3656,100,4581,0,0,100,0,0,100,4559,0,1409,3663,215,3,16459,50,20
"agent RandomAgent #285",RandomAgent,96.533,0,0.569,100,0,3230,0,48510,19858,100,28401,0,0,100,0,0,100,28425,0,5498,19849,337,0,96533,50,20
"agent RandomAgent #286",RandomAgent,13.888,0,0.569,100,0,518,0,6960,3383,100,3576,0,0,100,0,0,100,3554,0,2566,3375,182,1,13888,50,20
"agent RandomAgent #287",RandomAgent,19.108,0,0.569,100,0,737,0,9731,3891,100,5648,0,0,100,0,0,100,5671,0,2732,3898,324,2,19108,50,20
"agent RandomAgent #288",RandomAgent,15.895,0,0.569,100,0,581,0,7916,3759,100,4196,0,0,100,0,0,100,4174,0,2149,3766,204,3,15895,50,20
"agent RandomAgent #289",RandomAgent,92.423,0,0.569,100,0,2472,0,45878,19223,100,26981,0,0,100,0,0,100,27005,0,3556,19214,404,0,92423,50,20
"agent RandomAgent #290",RandomAgent,3.764,0,0.569,100,0,175,0,1919,964,100,933,0,0,100,0,0,100,911,0,157,956,187,1,3764,50,20
"agent RandomAgent #291",RandomAgent,47.208,0,0.569,100,0,1301,0,23534,9491,100,14098,0,0,100,0,0,100,14121,0,2922,9498,339,2,47208,50,20
"agent RandomAgent #292",RandomAgent,101.737,0,0.569,100,0,3715,0,51175,23679,100,27197,0,0,100,0,0,100,27175,0,2246,23686,397,3,101737,50,20
"agent RandomAgent #293",RandomAgent,23.539,0,0.569,100,0,687,0,11717,4683,100,7079,0,0,100,0,0,100,7103,0,1390,4674,304,0,23539,50,20
"agent RandomAgent #294",RandomAgent,177.31,0,0.569,100,0,5113,0,88541,37847,100,50823,0,0,100,0,0,100,50801,0,995,37839,412,1,177310,50,20
"agent RandomAgent #295",RandomAgent,33.46,0,0.569,100,0,1155,0,16871,7159,100,9556,0,0,100,0,0,100,9579,0,830,7166,375,2,33460,50,20
"agent RandomAgent #296",RandomAgent,6.041,0,0.569,100,0,222,0,3081,1480,100,1548,0,0,100,0,0,100,1526,0,173,1487,197,3,6041,50,20
"agent RandomAgent #297",RandomAgent,16.773,0,0.569,100,0,542,0,8424,4016,100,4363,0,0,100,0,0,100,4387,0,379,4007,383,0,16773,50,20
"agent RandomAgent #298",RandomAgent,64.896,0,0.569,100,0,1751,0,32464,15694,100,16769,0,0,100,0,0,100,16747,0,88,15686,290,1,64896,50,20
"agent RandomAgent #299",RandomAgent,40.502,0,0.569,100,0,1393,0,20242,8677,100,11559,0,0,100,0,0,100,11582,0,0,8684,323,2,40502,50,20
"agent RandomAgent #300",RandomAgent,26.173,0,0.569,100,0,965,0,13205,5718,100,7376,0,0,100,0,0,100,7354,0,0,5725,231,3,26173,50,20
"agent NegotiatingAgent #301",NegotiatingAgent,0.275,12275,0.569,100,194,6,0,6,66,100,64,422,371,100,0,0,100,88,0,776,57,248,0,275,50,20
"agent NegotiatingAgent #302",NegotiatingAgent,0.632,10519,0.569,100,157,21,0,21,141,100,190,341,447,100,0,0,100,168,0,973,133,374,1,632,50,20
"agent NegotiatingAgent #303",NegotiatingAgent,0.266,4667,0.569,100,83,10,0,10,52,100,66,168,192,100,1,0,100,89,0,268,59,227,2,266,50,20
"agent NegotiatingAgent #304",NegotiatingAgent,0.657,8273,0.569,100,135,17,0,17,136,100,200,291,422,100,4,1,100,178,0,891,143,372,3,657,50,20
"agent NegotiatingAgent #305",NegotiatingAgent,0.505,7039,0.569,100,160,16,0,17,117,100,128,372,452,100,8,0,100,152,0,911,108,363,0,505,50,20
"agent NegotiatingAgent #306",NegotiatingAgent,0.158,521,0.569,100,45,5,0,5,36,100,58,99,85,100,0,0,100,36,0,193,28,137,1,158,50,20
"agent NegotiatingAgent #307",NegotiatingAgent,0.476,7100,0.569,100,114,18,0,18,102,100,121,266,370,100,1,2,100,144,0,736,109,332,2,476,50,20
"agent NegotiatingAgent #308",NegotiatingAgent,0.693,6467,0.569,100,102,21,0,21,152,100,202,259,427,100,9,6,100,180,0,974,159,390,3,693,50,20
"agent NegotiatingAgent #309",NegotiatingAgent,0.367,6693,0.569,100,150,10,0,10,86,100,90,374,362,100,16,3,100,114,0,876,77,294,0,367,50,20
"agent NegotiatingAgent #310",NegotiatingAgent,0.192,6228,0.569,100,112,10,0,10,49,100,62,252,239,100,2,0,100,40,0,464,41,154,1,192,50,20
"agent NegotiatingAgent #311",NegotiatingAgent,0.478,6075,0.569,100,106,12,0,13,103,100,121,234,401,100,8,2,100,144,0,912,110,333,2,478,50,20
"agent NegotiatingAgent #312",NegotiatingAgent,0.257,3659,0.569,100,88,11,0,11,56,100,80,224,215,100,11,1,100,58,0,561,63,172,3,257,50,20
"agent NegotiatingAgent #313",NegotiatingAgent,0.351,11602,0.569,100,161,9,0,10,78,100,90,370,373,100,5,9,100,114,0,617,69,286,0,351,50,20
"agent NegotiatingAgent #314",NegotiatingAgent,0.498,8192,0.569,100,113,11,0,12,107,100,157,320,320,100,18,2,100,135,0,715,99,307,1,498,50,20
"agent NegotiatingAgent #315",NegotiatingAgent,0.39,5930,0.569,100,109,11,0,11,82,100,98,324,344,100,27,3,100,121,0,564,89,289,2,390,50,20
"agent NegotiatingAgent #316",NegotiatingAgent,0.125,38,0.569,100,29,5,0,5,22,100,48,64,51,100,0,2,100,26,0,224,29,106,3,125,50,20
"agent NegotiatingAgent #317",NegotiatingAgent,0.291,8344,0.569,100,145,8,0,8,68,100,70,435,369,100,29,2,100,94,0,742,59,256,0,291,50,20
"agent NegotiatingAgent #318",NegotiatingAgent,0.484,9931,0.569,100,131,9,0,10,111,100,146,380,375,100,23,3,100,124,0,735,103,300,1,484,50,20
"agent NegotiatingAgent #319",NegotiatingAgent,0.386,6361,0.569,100,105,12,0,12,80,100,98,273,322,100,14,0,100,121,0,562,87,287,2,386,50,20
"agent NegotiatingAgent #320",NegotiatingAgent,0.601,12095,0.569,100,158,13,0,13,134,100,174,445,501,100,35,5,100,152,0,996,141,344,3,601,50,20
"agent NegotiatingAgent #321",NegotiatingAgent,0.319,9628,0.569,100,163,10,0,10,70,100,82,415,351,100,5,14,100,106,0,768,61,270,0,319,50,20
"agent NegotiatingAgent #322",NegotiatingAgent,0.534,8002,0.569,100,116,11,0,12,115,100,167,295,363,100,12,4,100,145,0,923,107,325,1,534,50,20
"agent NegotiatingAgent #323",NegotiatingAgent,0.358,7099,0.569,100,105,10,0,10,78,100,86,356,339,100,28,15,100,109,0,576,85,273,2,358,50,20
"agent NegotiatingAgent #324",NegotiatingAgent,0.621,6940,0.569,100,100,11,0,14,137,100,181,408,494,100,54,6,100,159,0,941,144,354,3,621,50,20
"agent NegotiatingAgent #325",NegotiatingAgent,0.419,9213,0.569,100,132,13,0,14,92,100,110,463,450,100,43,7,100,134,0,941,83,320,0,419,50,20
"agent NegotiatingAgent #326",NegotiatingAgent,0.456,8703,0.569,100,117,8,0,9,106,100,137,301,319,100,14,1,100,115,0,487,98,286,1,456,50,20
"agent NegotiatingAgent #327",NegotiatingAgent,0.258,7454,0.569,100,121,7,0,7,48,100,66,327,293,100,14,0,100,89,0,475,55,223,2,258,50,20
"agent NegotiatingAgent #328",NegotiatingAgent,0.405,6841,0.569,100,106,6,0,7,82,100,128,308,347,100,28,4,100,106,0,624,89,246,3,405,50,20
"agent NegotiatingAgent #329",NegotiatingAgent,0.275,4501,0.569,100,90,7,0,7,66,100,64,357,304,100,30,5,100,88,0,747,57,248,0,275,50,20
"agent NegotiatingAgent #330",NegotiatingAgent,0.588,7477,0.569,100,106,15,0,16,139,100,170,405,449,100,44,1,100,148,0,785,131,352,1,588,50,20
"agent NegotiatingAgent #331",NegotiatingAgent,0.326,4797,0.569,100,88,9,0,10,60,100,88,250,263,100,20,2,100,111,0,388,67,257,2,326,50,20
"agent NegotiatingAgent #332",NegotiatingAgent,0.397,7481,0.569,100,107,5,0,6,72,100,134,359,350,100,30,13,100,112,0,616,79,242,3,397,50,20
"agent NegotiatingAgent #333",NegotiatingAgent,0.367,7040,0.569,100,101,11,0,12,74,100,102,345,332,100,30,11,100,126,0,827,65,294,0,367,50,20
"agent NegotiatingAgent #334",NegotiatingAgent,0.444,5972,0.569,100,75,9,0,10,102,100,135,339,323,100,55,2,100,113,0,505,94,280,1,444,50,20
"agent NegotiatingAgent #335",NegotiatingAgent,0.384,7843,0.569,100,95,11,0,12,72,100,105,361,380,100,44,7,100,128,0,855,79,286,2,384,50,20
"agent NegotiatingAgent #336",NegotiatingAgent,0.203,4201,0.569,100,71,5,0,6,47,100,62,228,223,100,18,9,100,40,0,530,54,145,3,203,50,20
"agent NegotiatingAgent #337",NegotiatingAgent,0.379,5456,0.569,100,78,11,0,12,80,100,102,386,350,100,51,15,100,126,0,937,71,300,0,379,50,20
"agent NegotiatingAgent #338",NegotiatingAgent,0.588,6106,0.569,100,89,13,0,13,131,100,178,372,427,100,48,2,100,156,0,963,123,352,1,588,50,20
"agent NegotiatingAgent #339",NegotiatingAgent,0.322,7043,0.569,100,105,9,0,9,58,100,88,349,322,100,31,5,100,111,0,431,65,255,2,322,50,20
"agent NegotiatingAgent #340",NegotiatingAgent,0.381,6694,0.569,100,102,4,0,5,76,100,122,426,400,100,54,20,100,100,0,581,83,234,3,381,50,20
"agent NegotiatingAgent #341",NegotiatingAgent,0.271,4142,0.569,100,73,5,0,5,66,100,62,394,330,100,53,7,100,86,0,734,57,246,0,271,50,20
"agent NegotiatingAgent #342",NegotiatingAgent,0.45,4906,0.569,100,86,7,0,8,102,100,138,374,381,100,62,2,100,116,0,531,94,283,1,450,50,20
"agent NegotiatingAgent #343",NegotiatingAgent,0.358,7477,0.569,100,92,9,0,10,72,100,92,406,381,100,53,10,100,115,0,534,79,273,2,358,50,20
"agent NegotiatingAgent #344",NegotiatingAgent,0.405,6059,0.569,100,88,4,0,6,74,100,136,404,376,100,51,9,100,114,0,504,81,246,3,405,50,20
"agent NegotiatingAgent #345",NegotiatingAgent,0.343,4639,0.569,100,52,10,0,11,76,100,88,384,362,100,61,17,100,112,0,888,67,282,0,343,50,20
"agent NegotiatingAgent #346",NegotiatingAgent,0.188,1432,0.569,100,32,7,0,7,45,100,64,137,113,100,14,2,100,42,0,425,37,152,1,188,50,20
"agent NegotiatingAgent #347",NegotiatingAgent,0.28,4904,0.569,100,62,5,0,5,58,100,67,297,287,100,35,17,100,90,0,582,65,234,2,280,50,20
"agent NegotiatingAgent #348",NegotiatingAgent,0.573,7119,0.569,100,99,10,0,10,124,100,170,408,442,100,45,11,100,148,0,1098,131,330,3,573,50,20
"agent NegotiatingAgent #349",NegotiatingAgent,0.347,4934,0.569,100,77,7,0,8,74,100,92,329,305,100,36,12,100,116,0,762,65,284,0,347,50,20
"agent NegotiatingAgent #350",NegotiatingAgent,0.568,3957,0.569,100,64,12,0,12,127,100,172,386,417,100,65,3,100,150,0,773,119,342,1,568,50,20
"agent NegotiatingAgent #351",NegotiatingAgent,0.288,7911,0.569,100,104,10,0,10,56,100,73,367,295,100,25,6,100,96,0,565,63,238,2,288,50,20
"agent NegotiatingAgent #352",NegotiatingAgent,0.413,2205,0.569,100,39,7,0,8,84,100,130,415,376,100,100,9,100,108,0,338,91,250,3,413,50,20
"agent NegotiatingAgent #353",NegotiatingAgent,0.283,3091,0.569,100,40,7,0,7,64,100,70,258,220,100,37,14,100,94,0,643,55,252,0,283,50,20
"agent NegotiatingAgent #354",NegotiatingAgent,0.522,2024,0.569,100,26,9,0,10,121,100,155,279,359,100,61,8,100,133,0,629,113,319,1,522,50,20
"agent NegotiatingAgent #355",NegotiatingAgent,0.37,5891,0.569,100,81,9,0,10,74,100,96,335,342,100,40,4,100,119,0,668,81,279,2,370,50,20
"agent NegotiatingAgent #356",NegotiatingAgent,0.567,4443,0.569,100,70,10,0,11,127,100,164,388,405,100,62,6,100,142,0,823,134,327,3,567,50,20
"agent NegotiatingAgent #357",NegotiatingAgent,0.331,4923,0.569,100,65,11,0,11,78,100,80,393,328,100,51,12,100,104,0,715,69,276,0,331,50,20
"agent NegotiatingAgent #358",NegotiatingAgent,0.226,3026,0.569,100,46,10,0,10,62,100,66,286,245,100,45,11,100,44,0,381,54,171,1,226,50,20
"agent NegotiatingAgent #359",NegotiatingAgent,0.244,2667,0.569,100,42,6,0,6,44,100,63,243,209,100,45,11,100,86,0,322,51,216,2,244,50,20
"agent NegotiatingAgent #360",NegotiatingAgent,0.213,1790,0.569,100,45,7,0,7,50,100,64,203,208,100,23,11,100,42,0,449,57,150,3,213,50,20
"agent NegotiatingAgent #361",NegotiatingAgent,0.383,1817,0.569,100,36,12,0,14,80,100,104,345,316,100,82,8,100,128,0,467,71,302,0,383,50,20
"agent NegotiatingAgent #362",NegotiatingAgent,0.146,208,0.569,100,11,6,0,6,38,100,50,68,66,100,9,6,100,28,0,159,30,131,1,146,50,20
"agent NegotiatingAgent #363",NegotiatingAgent,0.226,1081,0.569,100,28,6,0,6,44,100,54,216,187,100,46,4,100,77,0,112,51,207,2,226,50,20
"agent NegotiatingAgent #364",NegotiatingAgent,0.393,1358,0.569,100,24,6,0,7,74,100,130,301,287,100,70,9,100,108,0,309,81,240,3,393,50,20
"agent NegotiatingAgent #365",NegotiatingAgent,0.319,3263,0.569,100,42,9,0,10,68,100,84,383,314,100,59,14,100,108,0,587,59,270,0,319,50,20
"agent NegotiatingAgent #366",NegotiatingAgent,0.49,4091,0.569,100,56,13,0,14,116,100,144,457,413,100,89,6,100,122,0,461,108,303,1,490,50,20
"agent NegotiatingAgent #367",NegotiatingAgent,0.338,2214,0.569,100,31,10,0,10,76,100,78,381,347,100,77,4,100,101,0,511,83,263,2,338,50,20
"agent NegotiatingAgent #368",NegotiatingAgent,0.245,1169,0.569,100,31,10,0,10,56,100,74,238,229,100,34,16,100,52,0,444,63,166,3,245,50,20
"agent NegotiatingAgent #369",NegotiatingAgent,0.279,1994,0.569,100,25,4,0,4,60,100,72,275,237,100,52,21,100,96,0,461,51,250,0,279,50,20
"agent NegotiatingAgent #370",NegotiatingAgent,0.162,19,0.569,100,8,5,0,5,44,100,52,62,73,100,10,4,100,30,0,113,36,139,1,162,50,20
"agent NegotiatingAgent #371",NegotiatingAgent,0.22,1208,0.569,100,21,4,0,4,40,100,55,104,91,100,5,18,100,78,0,298,47,204,2,220,50,20
"agent NegotiatingAgent #372",NegotiatingAgent,0.241,2808,0.569,100,47,8,0,8,48,100,80,255,220,100,36,9,100,58,0,556,55,164,3,241,50,20
"agent NegotiatingAgent #373",NegotiatingAgent,0.419,1028,0.569,100,34,15,0,16,92,100,110,564,455,100,125,8,100,134,0,403,83,320,0,419,50,20
"agent NegotiatingAgent #374",NegotiatingAgent,0.612,1498,0.569,100,20,17,0,17,135,100,186,463,464,100,111,26,100,164,0,631,127,364,1,612,50,20
"agent NegotiatingAgent #375",NegotiatingAgent,0.35,936,0.569,100,11,10,0,10,78,100,82,376,341,100,96,9,100,105,0,314,85,269,2,350,50,20
"agent NegotiatingAgent #376",NegotiatingAgent,0.129,0,0.569,100,0,5,0,5,24,100,48,34,24,100,3,10,100,26,0,110,31,108,3,129,50,20
"agent NegotiatingAgent #377",NegotiatingAgent,0.359,518,0.569,100,6,13,0,13,86,100,86,456,367,100,102,13,100,110,0,447,77,290,0,359,50,20
"agent NegotiatingAgent #378",NegotiatingAgent,0.212,111,0.569,100,6,9,0,9,53,100,68,111,127,100,23,2,100,46,0,260,45,164,1,212,50,20
"agent NegotiatingAgent #379",NegotiatingAgent,0.33,1748,0.569,100,21,9,0,9,68,100,82,343,315,100,73,18,100,105,0,339,75,259,2,330,50,20
"agent NegotiatingAgent #380",NegotiatingAgent,0.261,412,0.569,100,13,11,0,11,60,100,78,213,181,100,45,11,100,56,0,372,67,174,3,261,50,20
"agent NegotiatingAgent #381",NegotiatingAgent,0.339,1765,0.569,100,20,9,0,10,72,100,90,317,292,100,62,16,100,114,0,482,63,280,0,339,50,20
"agent NegotiatingAgent #382",NegotiatingAgent,0.516,1826,0.569,100,23,9,0,9,119,100,154,335,385,100,80,3,100,132,0,446,111,316,1,516,50,20
"agent NegotiatingAgent #383",NegotiatingAgent,0.304,1758,0.569,100,22,12,0,12,60,100,77,309,269,100,73,10,100,100,0,193,67,246,2,304,50,20
"agent NegotiatingAgent #384",NegotiatingAgent,0.529,2562,0.569,100,30,7,0,9,114,100,158,408,414,100,92,17,100,136,0,687,121,308,3,529,50,20
"agent NegotiatingAgent #385",NegotiatingAgent,0.413,2964,0.569,100,32,7,0,9,85,100,114,325,342,100,59,26,100,138,0,493,76,317,0,413,50,20
"agent NegotiatingAgent #386",NegotiatingAgent,0.158,0,0.569,100,2,4,0,4,42,100,52,40,48,100,4,10,100,30,0,103,34,137,1,158,50,20
"agent NegotiatingAgent #387",NegotiatingAgent,0.32,1911,0.569,100,22,8,0,9,62,100,83,180,183,100,21,29,100,106,0,334,69,254,2,320,50,20
"agent NegotiatingAgent #388",NegotiatingAgent,0.209,262,0.569,100,4,4,0,5,44,100,68,178,162,100,35,18,100,46,0,367,51,148,3,209,50,20
"agent NegotiatingAgent #389",NegotiatingAgent,0.319,859,0.569,100,9,7,0,7,72,100,80,268,223,100,60,19,100,104,0,286,63,270,0,319,50,20
"agent NegotiatingAgent #390",NegotiatingAgent,0.458,1806,0.569,100,26,8,0,9,106,100,138,354,342,100,86,6,100,116,0,244,98,287,1,458,50,20
"agent NegotiatingAgent #391",NegotiatingAgent,0.304,460,0.569,100,13,10,0,11,56,100,81,286,272,100,72,8,100,104,0,224,63,246,2,304,50,20
"agent NegotiatingAgent #392",NegotiatingAgent,0.535,1244,0.569,100,18,7,0,8,115,100,160,347,369,100,79,13,100,138,0,526,122,311,3,535,50,20
"agent NegotiatingAgent #393",NegotiatingAgent,0.307,334,0.569,100,4,10,0,10,72,100,74,267,214,100,63,17,100,98,0,188,63,264,0,307,50,20
"agent NegotiatingAgent #394",NegotiatingAgent,0.4,291,0.569,100,3,6,0,7,87,100,128,357,323,100,99,4,100,106,0,236,79,258,1,400,50,20
"agent NegotiatingAgent #395",NegotiatingAgent,0.338,459,0.569,100,11,10,0,11,66,100,88,216,204,100,50,14,100,111,0,164,73,263,2,338,50,20
"agent NegotiatingAgent #396",NegotiatingAgent,0.405,516,0.569,100,6,8,0,9,80,100,130,297,271,100,76,19,100,108,0,124,87,246,3,405,50,20
"agent NegotiatingAgent #397",NegotiatingAgent,0.335,96,0.569,100,1,10,0,10,76,100,84,416,318,100,102,24,100,108,0,172,67,278,0,335,50,20
"agent NegotiatingAgent #398",NegotiatingAgent,0.47,168,0.569,100,2,9,0,10,112,100,138,329,336,100,93,12,100,116,0,240,104,293,1,470,50,20
"agent NegotiatingAgent #399",NegotiatingAgent,0.206,0,0.569,100,0,4,0,4,42,100,46,77,65,100,22,9,100,69,0,18,49,197,2,206,50,20
"agent NegotiatingAgent #400",NegotiatingAgent,0.247,0,0.569,100,0,10,0,11,55,100,76,319,268,100,90,18,100,54,0,162,62,167,3,247,50,20
