agentName,agentType,averageSpeed,cumulatedUtilityReceived,freeWallRatio,numBacktrackAgents,numCFPAnswered,numDeadends,numDifferentEncounters,numDirectionChanges,numDownSteps,numForwardAgents,numLeftSteps,numMessagesReceived,numMessagesSent,numNegotiatingAgents,numProposalsAccepted,numProposalsRejected,numRandomAgents,numRightSteps,numSwarmAgents,numTotalEncounters,numUpSteps,numVisitedCells,startingPosition,stepsToExit,xsize,ysize
"agent BacktrackAgent #1",BacktrackAgent,0.671,0,0.569,75,0,19,0,19,150,50,178,0,0,100,0,0,25,202,0,3659,141,392,0,671,50,20
"agent BacktrackAgent #2",BacktrackAgent,0.729,0,0.569,75,0,20,0,20,170,50,210,0,0,100,0,0,25,188,0,2839,161,404,1,729,50,20
"agent BacktrackAgent #3",BacktrackAgent,0.66,0,0.569,75,0,20,0,20,142,50,173,0,0,100,0,0,25,196,0,1682,149,370,2,660,50,20
"agent BacktrackAgent #4",BacktrackAgent,0.317,0,0.569,75,0,5,0,5,72,50,94,0,0,100,0,0,25,72,0,766,79,186,3,317,50,20
"agent BacktrackAgent #5",BacktrackAgent,0.743,0,0.569,75,0,23,0,23,166,50,198,0,0,100,0,0,25,222,0,3032,157,428,0,743,50,20
"agent BacktrackAgent #6",BacktrackAgent,0.485,0,0.569,75,0,15,0,15,106,50,152,0,0,100,0,0,25,130,0,1298,97,282,1,485,50,20
"agent BacktrackAgent #7",BacktrackAgent,0.658,0,0.569,75,0,17,0,17,142,50,172,0,0,100,0,0,25,195,0,1027,149,369,2,658,50,20
"agent BacktrackAgent #8",BacktrackAgent,0.793,0,0.569,75,0,21,0,21,172,50,232,0,0,100,0,0,25,210,0,1010,179,424,3,793,50,20
"agent BacktrackAgent #9",BacktrackAgent,0.743,0,0.569,75,0,23,0,23,166,50,198,0,0,100,0,0,25,222,0,2177,157,428,0,743,50,20
"agent BacktrackAgent #10",BacktrackAgent,0.513,0,0.569,75,0,18,0,18,114,50,158,0,0,100,0,0,25,136,0,3006,105,296,1,513,50,20
"agent BacktrackAgent #11",BacktrackAgent,0.728,0,0.569,75,0,21,0,21,158,50,191,0,0,100,0,0,25,214,0,2179,165,404,2,728,50,20
"agent BacktrackAgent #12",BacktrackAgent,0.753,0,0.569,75,0,20,0,20,166,50,218,0,0,100,0,0,25,196,0,1981,173,404,3,753,50,20
"agent BacktrackAgent #13",BacktrackAgent,0.231,0,0.569,75,0,7,0,7,56,50,52,0,0,100,0,0,25,76,0,3393,47,172,0,231,50,20
"agent BacktrackAgent #14",BacktrackAgent,0.105,0,0.569,75,0,3,0,3,28,50,40,0,0,100,0,0,25,18,0,1423,19,92,1,105,50,20
"agent BacktrackAgent #15",BacktrackAgent,0.598,0,0.569,75,0,17,0,17,126,50,158,0,0,100,0,0,25,181,0,978,133,339,2,598,50,20
"agent BacktrackAgent #16",BacktrackAgent,0.537,0,0.569,75,0,18,0,18,110,50,166,0,0,100,0,0,25,144,0,1452,117,296,3,537,50,20
"agent BacktrackAgent #17",BacktrackAgent,0.623,0,0.569,75,0,16,0,16,142,50,162,0,0,100,0,0,25,186,0,3513,133,368,0,623,50,20
"agent BacktrackAgent #18",BacktrackAgent,0.077,0,0.569,75,0,0,0,0,20,50,34,0,0,100,0,0,25,12,0,1479,11,78,1,77,50,20
"agent BacktrackAgent #19",BacktrackAgent,0.666,0,0.569,75,0,18,0,18,142,50,176,0,0,100,0,0,25,199,0,1738,149,373,2,666,50,20
"agent BacktrackAgent #20",BacktrackAgent,0.797,0,0.569,75,0,22,0,22,172,50,234,0,0,100,0,0,25,212,0,2577,179,426,3,797,50,20
"agent BacktrackAgent #21",BacktrackAgent,0.231,0,0.569,75,0,7,0,7,56,50,52,0,0,100,0,0,25,76,0,3248,47,172,0,231,50,20
"agent BacktrackAgent #22",BacktrackAgent,0.341,0,0.569,75,0,5,0,5,84,50,102,0,0,100,0,0,25,80,0,2360,75,210,1,341,50,20
"agent BacktrackAgent #23",BacktrackAgent,0.768,0,0.569,75,0,23,0,23,166,50,203,0,0,100,0,0,25,226,0,1963,173,424,2,768,50,20
"agent BacktrackAgent #24",BacktrackAgent,0.109,0,0.569,75,0,5,0,5,18,50,44,0,0,100,0,0,25,22,0,874,25,82,3,109,50,20
"agent BacktrackAgent #25",BacktrackAgent,0.623,0,0.569,75,0,16,0,16,142,50,162,0,0,100,0,0,25,186,0,3348,133,368,0,623,50,20
"agent BacktrackAgent #26",BacktrackAgent,0.437,0,0.569,75,0,12,0,12,98,50,136,0,0,100,0,0,25,114,0,2613,89,258,1,437,50,20
"agent BacktrackAgent #27",BacktrackAgent,0.59,0,0.569,75,0,16,0,16,126,50,154,0,0,100,0,0,25,177,0,1122,133,335,2,590,50,20
"agent BacktrackAgent #28",BacktrackAgent,0.057,0,0.569,75,0,1,0,1,10,50,26,0,0,100,0,0,25,4,0,644,17,56,3,57,50,20
"agent BacktrackAgent #29",BacktrackAgent,0.631,0,0.569,75,0,17,0,17,142,50,166,0,0,100,0,0,25,190,0,2905,133,372,0,631,50,20
"agent BacktrackAgent #30",BacktrackAgent,0.389,0,0.569,75,0,8,0,8,92,50,118,0,0,100,0,0,25,96,0,2069,83,234,1,389,50,20
"agent BacktrackAgent #31",BacktrackAgent,0.134,0,0.569,75,0,4,0,4,24,50,28,0,0,100,0,0,25,51,0,451,31,107,2,134,50,20
"agent BacktrackAgent #32",BacktrackAgent,0.489,0,0.569,75,0,15,0,15,102,50,150,0,0,100,0,0,25,128,0,1352,109,272,3,489,50,20
"agent BacktrackAgent #33",BacktrackAgent,0.695,0,0.569,75,0,20,0,20,158,50,182,0,0,100,0,0,25,206,0,3521,149,404,0,695,50,20
"agent BacktrackAgent #34",BacktrackAgent,0.077,0,0.569,75,0,0,0,0,20,50,34,0,0,100,0,0,25,12,0,1255,11,78,1,77,50,20
"agent BacktrackAgent #35",BacktrackAgent,0.14,0,0.569,75,0,3,0,3,32,50,23,0,0,100,0,0,25,46,0,880,39,110,2,140,50,20
"agent BacktrackAgent #36",BacktrackAgent,0.325,0,0.569,75,0,7,0,7,74,50,96,0,0,100,0,0,25,74,0,1008,81,190,3,325,50,20
"agent BacktrackAgent #37",BacktrackAgent,0.111,0,0.569,75,0,0,0,0,32,50,16,0,0,100,0,0,25,40,0,1984,23,112,0,111,50,20
"agent BacktrackAgent #38",BacktrackAgent,0.749,0,0.569,75,0,20,0,20,170,50,220,0,0,100,0,0,25,198,0,2661,161,414,1,749,50,20
"agent BacktrackAgent #39",BacktrackAgent,0.776,0,0.569,75,0,24,0,24,166,50,207,0,0,100,0,0,25,230,0,1491,173,428,2,776,50,20
"agent BacktrackAgent #40",BacktrackAgent,0.061,0,0.569,75,0,2,0,2,10,50,28,0,0,100,0,0,25,6,0,663,17,58,3,61,50,20
"agent BacktrackAgent #41",BacktrackAgent,0.695,0,0.569,75,0,20,0,20,158,50,182,0,0,100,0,0,25,206,0,3298,149,404,0,695,50,20
"agent BacktrackAgent #42",BacktrackAgent,0.437,0,0.569,75,0,12,0,12,98,50,136,0,0,100,0,0,25,114,0,2102,89,258,1,437,50,20
"agent BacktrackAgent #43",BacktrackAgent,0.188,0,0.569,75,0,6,0,6,40,50,39,0,0,100,0,0,25,62,0,692,47,134,2,188,50,20
"agent BacktrackAgent #44",BacktrackAgent,0.749,0,0.569,75,0,19,0,19,166,50,216,0,0,100,0,0,25,194,0,1871,173,402,3,749,50,20
"agent BacktrackAgent #45",BacktrackAgent,0.687,0,0.569,75,0,19,0,19,158,50,178,0,0,100,0,0,25,202,0,3058,149,400,0,687,50,20
"agent BacktrackAgent #46",BacktrackAgent,0.749,0,0.569,75,0,20,0,20,170,50,220,0,0,100,0,0,25,198,0,1943,161,414,1,749,50,20
"agent BacktrackAgent #47",BacktrackAgent,0.086,0,0.569,75,0,1,0,1,16,50,12,0,0,100,0,0,25,35,0,283,23,83,2,86,50,20
"agent BacktrackAgent #48",BacktrackAgent,0.109,0,0.569,75,0,5,0,5,18,50,44,0,0,100,0,0,25,22,0,674,25,82,3,109,50,20
"agent BacktrackAgent #49",BacktrackAgent,0.119,0,0.569,75,0,1,0,1,32,50,20,0,0,100,0,0,25,44,0,1832,23,116,0,119,50,20
"agent BacktrackAgent #50",BacktrackAgent,0.125,0,0.569,75,0,3,0,3,28,50,50,0,0,100,0,0,25,28,0,1215,19,102,1,125,50,20
"agent BacktrackAgent #51",BacktrackAgent,0.194,0,0.569,75,0,4,0,4,40,50,42,0,0,100,0,0,25,65,0,1141,47,137,2,194,50,20
"agent BacktrackAgent #52",BacktrackAgent,0.057,0,0.569,75,0,1,0,1,10,50,26,0,0,100,0,0,25,4,0,548,17,56,3,57,50,20
"agent BacktrackAgent #53",BacktrackAgent,0.223,0,0.569,75,0,6,0,6,56,50,48,0,0,100,0,0,25,72,0,2280,47,168,0,223,50,20
"agent BacktrackAgent #54",BacktrackAgent,0.513,0,0.569,75,0,18,0,18,114,50,158,0,0,100,0,0,25,136,0,1852,105,296,1,513,50,20
"agent BacktrackAgent #55",BacktrackAgent,0.194,0,0.569,75,0,4,0,4,40,50,42,0,0,100,0,0,25,65,0,968,47,137,2,194,50,20
"agent BacktrackAgent #56",BacktrackAgent,0.533,0,0.569,75,0,17,0,17,108,50,166,0,0,100,0,0,25,144,0,1277,115,294,3,533,50,20
"agent BacktrackAgent #57",BacktrackAgent,0.631,0,0.569,75,0,17,0,17,142,50,166,0,0,100,0,0,25,190,0,2197,133,372,0,631,50,20
"agent BacktrackAgent #58",BacktrackAgent,0.369,0,0.569,75,0,8,0,8,92,50,108,0,0,100,0,0,25,86,0,1496,83,224,1,369,50,20
"agent BacktrackAgent #59",BacktrackAgent,0.134,0,0.569,75,0,4,0,4,24,50,28,0,0,100,0,0,25,51,0,230,31,107,2,134,50,20
"agent BacktrackAgent #60",BacktrackAgent,0.529,0,0.569,75,0,16,0,16,108,50,164,0,0,100,0,0,25,142,0,1049,115,292,3,529,50,20
"agent BacktrackAgent #61",BacktrackAgent,0.111,0,0.569,75,0,0,0,0,32,50,16,0,0,100,0,0,25,40,0,1642,23,112,0,111,50,20
"agent BacktrackAgent #62",BacktrackAgent,0.153,0,0.569,75,0,6,0,6,36,50,56,0,0,100,0,0,25,34,0,1034,27,116,1,153,50,20
"agent BacktrackAgent #63",BacktrackAgent,0.154,0,0.569,75,0,2,0,2,32,50,30,0,0,100,0,0,25,53,0,808,39,117,2,154,50,20
"agent BacktrackAgent #64",BacktrackAgent,0.797,0,0.569,75,0,22,0,22,172,50,234,0,0,100,0,0,25,212,0,1274,179,426,3,797,50,20
"agent BacktrackAgent #65",BacktrackAgent,0.231,0,0.569,75,0,7,0,7,56,50,52,0,0,100,0,0,25,76,0,2097,47,172,0,231,50,20
"agent BacktrackAgent #66",BacktrackAgent,0.513,0,0.569,75,0,18,0,18,114,50,158,0,0,100,0,0,25,136,0,1493,105,296,1,513,50,20
"agent BacktrackAgent #67",BacktrackAgent,0.658,0,0.569,75,0,17,0,17,142,50,172,0,0,100,0,0,25,195,0,1347,149,369,2,658,50,20
"agent BacktrackAgent #68",BacktrackAgent,0.109,0,0.569,75,0,5,0,5,18,50,44,0,0,100,0,0,25,22,0,533,25,82,3,109,50,20
"agent BacktrackAgent #69",BacktrackAgent,0.183,0,0.569,75,0,4,0,4,48,50,36,0,0,100,0,0,25,60,0,1979,39,148,0,183,50,20
"agent BacktrackAgent #70",BacktrackAgent,0.389,0,0.569,75,0,8,0,8,92,50,118,0,0,100,0,0,25,96,0,1390,83,234,1,389,50,20
"agent BacktrackAgent #71",BacktrackAgent,0.59,0,0.569,75,0,16,0,16,126,50,154,0,0,100,0,0,25,177,0,762,133,335,2,590,50,20
"agent BacktrackAgent #72",BacktrackAgent,0.057,0,0.569,75,0,1,0,1,8,50,28,0,0,100,0,0,25,6,0,501,15,56,3,57,50,20
"agent BacktrackAgent #73",BacktrackAgent,0.671,0,0.569,75,0,19,0,19,150,50,178,0,0,100,0,0,25,202,0,2280,141,392,0,671,50,20
"agent BacktrackAgent #74",BacktrackAgent,0.777,0,0.569,75,0,23,0,23,178,50,226,0,0,100,0,0,25,204,0,1664,169,428,1,777,50,20
"agent BacktrackAgent #75",BacktrackAgent,0.208,0,0.569,75,0,4,0,4,48,50,41,0,0,100,0,0,25,64,0,878,55,144,2,208,50,20
"agent ForwardAgent #76",ForwardAgent,3.109,0,0.569,75,0,103,0,103,724,50,838,0,0,100,0,0,25,816,0,1849,731,404,3,3109,50,20
"agent ForwardAgent #77",ForwardAgent,0.119,0,0.569,75,0,1,0,1,32,50,20,0,0,100,0,0,25,44,0,1055,23,116,0,119,50,20
"agent ForwardAgent #78",ForwardAgent,0.373,0,0.569,75,0,11,0,11,98,50,104,0,0,100,0,0,25,82,0,753,89,200,1,373,50,20
"agent ForwardAgent #79",ForwardAgent,0.204,0,0.569,75,0,3,0,3,46,50,41,0,0,100,0,0,25,64,0,720,53,142,2,204,50,20
"agent ForwardAgent #80",ForwardAgent,0.081,0,0.569,75,0,7,0,7,10,50,38,0,0,100,0,0,25,16,0,349,17,58,3,81,50,20
"agent ForwardAgent #81",ForwardAgent,0.291,0,0.569,75,0,4,0,4,68,50,70,0,0,100,0,0,25,94,0,1205,59,202,0,291,50,20
"agent ForwardAgent #82",ForwardAgent,0.265,0,0.569,75,0,5,0,5,60,50,88,0,0,100,0,0,25,66,0,696,51,108,1,265,50,20
"agent ForwardAgent #83",ForwardAgent,1.064,0,0.569,75,0,28,0,28,236,50,281,0,0,100,0,0,25,304,0,1042,243,266,2,1064,50,20
"agent ForwardAgent #84",ForwardAgent,0.169,0,0.569,75,0,4,0,4,36,50,56,0,0,100,0,0,25,34,0,490,43,104,3,169,50,20
"agent ForwardAgent #85",ForwardAgent,0.399,0,0.569,75,0,9,0,9,94,50,98,0,0,100,0,0,25,122,0,1269,85,166,0,399,50,20
"agent ForwardAgent #86",ForwardAgent,3.321,0,0.569,75,0,87,0,87,770,50,906,0,0,100,0,0,25,884,0,1323,761,428,1,3321,50,20
"agent ForwardAgent #87",ForwardAgent,0.45,0,0.569,75,0,11,0,11,98,50,112,0,0,100,0,0,25,135,0,585,105,188,2,450,50,20
"agent ForwardAgent #88",ForwardAgent,0.645,0,0.569,75,0,13,0,13,152,50,178,0,0,100,0,0,25,156,0,948,159,270,3,645,50,20
"agent ForwardAgent #89",ForwardAgent,0.951,0,0.569,75,0,21,0,21,214,50,254,0,0,100,0,0,25,278,0,1518,205,210,0,951,50,20
"agent ForwardAgent #90",ForwardAgent,1.285,0,0.569,75,0,24,0,24,298,50,360,0,0,100,0,0,25,338,0,1074,289,366,1,1285,50,20
"agent ForwardAgent #91",ForwardAgent,0.276,0,0.569,75,0,11,0,11,62,50,61,0,0,100,0,0,25,84,0,776,69,152,2,276,50,20
"agent ForwardAgent #92",ForwardAgent,0.053,0,0.569,75,0,0,0,0,8,50,26,0,0,100,0,0,25,4,0,151,15,54,3,53,50,20
"agent ForwardAgent #93",ForwardAgent,0.579,0,0.569,75,0,9,0,9,142,50,140,0,0,100,0,0,25,164,0,1475,133,282,0,579,50,20
"agent ForwardAgent #94",ForwardAgent,0.453,0,0.569,75,0,10,0,10,110,50,132,0,0,100,0,0,25,110,0,1054,101,222,1,453,50,20
"agent ForwardAgent #95",ForwardAgent,1.452,0,0.569,75,0,33,0,33,328,50,383,0,0,100,0,0,25,406,0,908,335,300,2,1452,50,20
"agent ForwardAgent #96",ForwardAgent,1.225,0,0.569,75,0,30,0,30,284,50,336,0,0,100,0,0,25,314,0,1015,291,218,3,1225,50,20
"agent ForwardAgent #97",ForwardAgent,0.247,0,0.569,75,0,4,0,4,62,50,54,0,0,100,0,0,25,78,0,1095,53,146,0,247,50,20
"agent ForwardAgent #98",ForwardAgent,0.101,0,0.569,75,0,2,0,2,28,50,38,0,0,100,0,0,25,16,0,670,19,90,1,101,50,20
"agent ForwardAgent #99",ForwardAgent,0.542,0,0.569,75,0,7,0,7,128,50,128,0,0,100,0,0,25,151,0,702,135,310,2,542,50,20
"agent ForwardAgent #100",ForwardAgent,0.241,0,0.569,75,0,3,0,3,52,50,76,0,0,100,0,0,25,54,0,957,59,148,3,241,50,20
"agent ForwardAgent #101",ForwardAgent,0.567,0,0.569,75,0,12,0,12,134,50,142,0,0,100,0,0,25,166,0,2160,125,282,0,567,50,20
"agent ForwardAgent #102",ForwardAgent,1.417,0,0.569,75,0,33,0,33,338,50,386,0,0,100,0,0,25,364,0,1636,329,346,1,1417,50,20
"agent ForwardAgent #103",ForwardAgent,2.276,0,0.569,75,0,87,0,87,488,50,635,0,0,100,0,0,25,658,0,1443,495,404,2,2276,50,20
"agent ForwardAgent #104",ForwardAgent,5.537,0,0.569,75,0,165,0,165,1182,50,1594,0,0,100,0,0,25,1572,0,2210,1189,426,3,5537,50,20
"agent ForwardAgent #105",ForwardAgent,1.427,0,0.569,75,0,35,0,35,324,50,382,0,0,100,0,0,25,406,0,2260,315,248,0,1427,50,20
"agent ForwardAgent #106",ForwardAgent,1.645,0,0.569,75,0,35,0,35,362,50,476,0,0,100,0,0,25,454,0,1355,353,402,1,1645,50,20
"agent ForwardAgent #107",ForwardAgent,0.52,0,0.569,75,0,9,0,9,118,50,127,0,0,100,0,0,25,150,0,695,125,162,2,520,50,20
"agent ForwardAgent #108",ForwardAgent,3.949,0,0.569,75,0,111,0,111,854,50,1128,0,0,100,0,0,25,1106,0,1265,861,420,3,3949,50,20
"agent ForwardAgent #109",ForwardAgent,0.963,0,0.569,75,0,21,0,21,222,50,252,0,0,100,0,0,25,276,0,1767,213,208,0,963,50,20
"agent ForwardAgent #110",ForwardAgent,0.113,0,0.569,75,0,1,0,1,28,50,44,0,0,100,0,0,25,22,0,901,19,96,1,113,50,20
"agent ForwardAgent #111",ForwardAgent,0.562,0,0.569,75,0,18,0,18,120,50,146,0,0,100,0,0,25,169,0,915,127,172,2,562,50,20
"agent ForwardAgent #112",ForwardAgent,2.077,0,0.569,75,0,46,0,46,454,50,592,0,0,100,0,0,25,570,0,1296,461,402,3,2077,50,20
"agent ForwardAgent #113",ForwardAgent,0.415,0,0.569,75,0,8,0,8,94,50,106,0,0,100,0,0,25,130,0,1728,85,216,0,415,50,20
"agent ForwardAgent #114",ForwardAgent,1.129,0,0.569,75,0,37,0,37,238,50,342,0,0,100,0,0,25,320,0,1163,229,378,1,1129,50,20
"agent ForwardAgent #115",ForwardAgent,2.658,0,0.569,75,0,83,0,83,566,50,748,0,0,100,0,0,25,771,0,1081,573,416,2,2658,50,20
"agent ForwardAgent #116",ForwardAgent,1.693,0,0.569,75,0,67,0,67,386,50,468,0,0,100,0,0,25,446,0,1100,393,292,3,1693,50,20
"agent ForwardAgent #117",ForwardAgent,0.299,0,0.569,75,0,4,0,4,72,50,70,0,0,100,0,0,25,94,0,1533,63,206,0,299,50,20
"agent ForwardAgent #118",ForwardAgent,0.077,0,0.569,75,0,0,0,0,20,50,34,0,0,100,0,0,25,12,0,777,11,78,1,77,50,20
"agent ForwardAgent #119",ForwardAgent,0.228,0,0.569,75,0,6,0,6,52,50,47,0,0,100,0,0,25,70,0,665,59,148,2,228,50,20
"agent ForwardAgent #120",ForwardAgent,0.593,0,0.569,75,0,10,0,10,128,50,176,0,0,100,0,0,25,154,0,508,135,168,3,593,50,20
"agent ForwardAgent #121",ForwardAgent,1.979,0,0.569,75,0,55,0,55,466,50,516,0,0,100,0,0,25,540,0,1789,457,398,0,1979,50,20
"agent ForwardAgent #122",ForwardAgent,1.449,0,0.569,75,0,49,0,49,334,50,406,0,0,100,0,0,25,384,0,1042,325,280,1,1449,50,20
"agent ForwardAgent #123",ForwardAgent,0.884,0,0.569,75,0,25,0,25,202,50,225,0,0,100,0,0,25,248,0,884,209,148,2,884,50,20
"agent ForwardAgent #124",ForwardAgent,0.989,0,0.569,75,0,31,0,31,236,50,266,0,0,100,0,0,25,244,0,762,243,208,3,989,50,20
"agent ForwardAgent #125",ForwardAgent,0.391,0,0.569,75,0,6,0,6,96,50,92,0,0,100,0,0,25,116,0,1260,87,186,0,391,50,20
"agent RandomAgent #126",RandomAgent,49.847,0,0.569,75,0,1748,0,25022,10396,50,14543,0,0,100,0,0,25,14521,0,3799,10387,305,1,49847,50,20
"agent RandomAgent #127",RandomAgent,3.508,0,0.569,75,0,39,0,1741,774,50,965,0,0,100,0,0,25,988,0,785,781,114,2,3508,50,20
"agent RandomAgent #128",RandomAgent,55.757,0,0.569,75,0,1221,0,27910,12994,50,14892,0,0,100,0,0,25,14870,0,3961,13001,337,3,55757,50,20
"agent RandomAgent #129",RandomAgent,4.571,0,0.569,75,0,26,0,2312,1127,50,1151,0,0,100,0,0,25,1175,0,1765,1118,122,0,4571,50,20
"agent RandomAgent #130",RandomAgent,13.771,0,0.569,75,0,235,0,6899,3203,50,3698,0,0,100,0,0,25,3676,0,2811,3194,236,1,13771,50,20
"agent RandomAgent #131",RandomAgent,20.576,0,0.569,75,0,480,0,10426,4791,50,5482,0,0,100,0,0,25,5505,0,2653,4798,202,2,20576,50,20
"agent RandomAgent #132",RandomAgent,15.769,0,0.569,75,0,361,0,7811,3168,50,4724,0,0,100,0,0,25,4702,0,2277,3175,207,3,15769,50,20
"agent RandomAgent #133",RandomAgent,7.477,0,0.569,75,0,169,0,3853,1716,50,2015,0,0,100,0,0,25,2039,0,1938,1707,153,0,7477,50,20
"agent RandomAgent #134",RandomAgent,102.731,0,0.569,75,0,3702,0,51570,22720,50,28661,0,0,100,0,0,25,28639,0,1529,22711,307,1,102731,50,20
"agent RandomAgent #135",RandomAgent,1.278,0,0.569,75,0,2,0,646,316,50,308,0,0,100,0,0,25,331,0,88,323,114,2,1278,50,20
"agent RandomAgent #136",RandomAgent,2.013,0,0.569,75,0,68,0,1013,480,50,534,0,0,100,0,0,25,512,0,461,487,101,3,2013,50,20
"agent RandomAgent #137",RandomAgent,21.567,0,0.569,75,0,488,0,10799,5095,50,5681,0,0,100,0,0,25,5705,0,2495,5086,150,0,21567,50,20
"agent RandomAgent #138",RandomAgent,18.819,0,0.569,75,0,381,0,9385,4484,50,4941,0,0,100,0,0,25,4919,0,515,4475,212,1,18819,50,20
"agent RandomAgent #139",RandomAgent,21.916,0,0.569,75,0,455,0,11050,5093,50,5850,0,0,100,0,0,25,5873,0,1235,5100,292,2,21916,50,20
"agent RandomAgent #140",RandomAgent,27.607,0,0.569,75,0,819,0,13919,6394,50,7417,0,0,100,0,0,25,7395,0,1855,6401,288,3,27607,50,20
"agent RandomAgent #141",RandomAgent,12.429,0,0.569,75,0,177,0,6268,2674,50,3533,0,0,100,0,0,25,3557,0,1441,2665,160,0,12429,50,20
"agent RandomAgent #142",RandomAgent,6.203,0,0.569,75,0,72,0,3092,1385,50,1732,0,0,100,0,0,25,1710,0,544,1376,188,1,6203,50,20
"agent RandomAgent #143",RandomAgent,20.906,0,0.569,75,0,546,0,10486,4494,50,5944,0,0,100,0,0,25,5967,0,530,4501,149,2,20906,50,20
"agent RandomAgent #144",RandomAgent,2.571,0,0.569,75,0,107,0,1311,678,50,615,0,0,100,0,0,25,593,0,265,685,82,3,2571,50,20
"agent RandomAgent #145",RandomAgent,13.499,0,0.569,75,0,340,0,6740,2874,50,3868,0,0,100,0,0,25,3892,0,664,2865,150,0,13499,50,20
"agent RandomAgent #146",RandomAgent,4.361,0,0.569,75,0,29,0,2154,1138,50,1058,0,0,100,0,0,25,1036,0,36,1129,141,1,4361,50,20
"agent RandomAgent #147",RandomAgent,4.99,0,0.569,75,0,167,0,2455,1225,50,1255,0,0,100,0,0,25,1278,0,32,1232,132,2,4990,50,20
"agent RandomAgent #148",RandomAgent,7.617,0,0.569,75,0,201,0,3793,1621,50,2195,0,0,100,0,0,25,2173,0,127,1628,136,3,7617,50,20
"agent RandomAgent #149",RandomAgent,9.421,0,0.569,75,0,270,0,4737,2260,50,2443,0,0,100,0,0,25,2467,0,0,2251,167,0,9421,50,20
"agent RandomAgent #150",RandomAgent,47.475,0,0.569,75,0,1319,0,23780,10224,50,13529,0,0,100,0,0,25,13507,0,0,10215,289,1,47475,50,20
"agent NegotiatingAgent #151",NegotiatingAgent,0.194,5223,0.569,75,99,4,0,4,40,50,42,197,208,100,0,0,25,65,0,350,47,137,2,194,50,20
"agent NegotiatingAgent #152",NegotiatingAgent,0.369,1835,0.569,75,81,9,0,9,80,50,112,167,186,100,0,0,25,90,0,256,87,212,3,369,50,20
"agent NegotiatingAgent #153",NegotiatingAgent,0.627,9903,0.569,75,211,16,0,16,142,50,164,447,427,100,1,0,25,188,0,769,133,370,0,627,50,20
"agent NegotiatingAgent #154",NegotiatingAgent,0.485,15694,0.569,75,238,15,0,15,106,50,152,520,448,100,0,0,25,130,0,807,97,282,1,485,50,20
"agent NegotiatingAgent #155",NegotiatingAgent,0.626,6844,0.569,75,117,17,0,17,132,50,166,231,295,100,1,0,25,189,0,405,139,353,2,626,50,20
"agent NegotiatingAgent #156",NegotiatingAgent,0.745,13045,0.569,75,199,19,0,19,168,50,212,460,469,100,7,0,25,190,0,714,175,400,3,745,50,20
"agent NegotiatingAgent #157",NegotiatingAgent,0.435,11131,0.569,75,179,10,0,10,108,50,102,422,410,100,7,6,25,126,0,625,99,274,0,435,50,20
"agent NegotiatingAgent #158",NegotiatingAgent,0.361,3043,0.569,75,104,6,0,6,88,50,108,240,254,100,1,4,25,86,0,495,79,220,1,361,50,20
"agent NegotiatingAgent #159",NegotiatingAgent,0.518,8277,0.569,75,108,12,0,12,116,50,128,327,379,100,32,6,25,151,0,495,123,299,2,518,50,20
"agent NegotiatingAgent #160",NegotiatingAgent,0.505,11897,0.569,75,190,14,0,14,108,50,152,467,416,100,11,2,25,130,0,711,115,280,3,505,50,20
"agent NegotiatingAgent #161",NegotiatingAgent,0.415,8670,0.569,75,179,10,0,10,102,50,98,432,403,100,10,3,25,122,0,894,93,264,0,415,50,20
"agent NegotiatingAgent #162",NegotiatingAgent,0.653,8849,0.569,75,159,14,0,14,146,50,196,404,414,100,24,3,25,174,0,655,137,366,1,653,50,20
"agent NegotiatingAgent #163",NegotiatingAgent,0.492,10025,0.569,75,158,9,0,9,116,50,115,377,369,100,9,0,25,138,0,530,123,286,2,492,50,20
"agent NegotiatingAgent #164",NegotiatingAgent,0.317,1035,0.569,75,63,5,0,5,72,50,94,150,194,100,2,3,25,72,0,316,79,186,3,317,50,20
"agent NegotiatingAgent #165",NegotiatingAgent,0.491,9300,0.569,75,133,8,0,8,120,50,118,345,358,100,6,16,25,142,0,506,111,302,0,491,50,20
"agent NegotiatingAgent #166",NegotiatingAgent,0.105,371,0.569,75,68,3,0,3,28,50,40,178,143,100,8,0,25,18,0,284,19,92,1,105,50,20
"agent NegotiatingAgent #167",NegotiatingAgent,0.244,1590,0.569,75,73,6,0,6,54,50,53,163,162,100,3,1,25,76,0,258,61,162,2,244,50,20
"agent NegotiatingAgent #168",NegotiatingAgent,0.585,10567,0.569,75,161,9,0,9,140,50,160,435,417,100,18,1,25,138,0,702,147,320,3,585,50,20
"agent NegotiatingAgent #169",NegotiatingAgent,0.175,1508,0.569,75,56,3,0,3,48,50,32,182,168,100,7,11,25,56,0,507,39,144,0,175,50,20
"agent NegotiatingAgent #170",NegotiatingAgent,0.077,524,0.569,75,41,0,0,0,20,50,34,123,93,100,0,12,25,12,0,392,11,78,1,77,50,20
"agent NegotiatingAgent #171",NegotiatingAgent,0.544,11454,0.569,75,164,12,0,12,126,50,131,461,423,100,23,6,25,154,0,606,133,312,2,544,50,20
"agent NegotiatingAgent #172",NegotiatingAgent,0.433,8416,0.569,75,123,10,0,10,98,50,126,473,422,100,68,0,25,104,0,565,105,244,3,433,50,20
"agent NegotiatingAgent #173",NegotiatingAgent,0.543,8636,0.569,75,131,8,0,9,130,50,134,330,323,100,10,6,25,158,0,753,121,328,0,543,50,20
"agent NegotiatingAgent #174",NegotiatingAgent,0.681,5833,0.569,75,109,14,0,14,158,50,198,356,369,100,38,4,25,176,0,469,149,380,1,681,50,20
"agent NegotiatingAgent #175",NegotiatingAgent,0.49,7364,0.569,75,91,8,0,8,108,50,122,304,330,100,31,4,25,145,0,344,115,285,2,490,50,20
"agent NegotiatingAgent #176",NegotiatingAgent,0.109,816,0.569,75,38,5,0,5,18,50,44,112,93,100,9,2,25,22,0,190,25,82,3,109,50,20
"agent NegotiatingAgent #177",NegotiatingAgent,0.443,8628,0.569,75,135,7,0,8,112,50,102,458,444,100,30,12,25,126,0,775,103,278,0,443,50,20
"agent NegotiatingAgent #178",NegotiatingAgent,0.333,1020,0.569,75,35,4,0,4,84,50,98,144,176,100,4,24,25,76,0,602,75,206,1,333,50,20
"agent NegotiatingAgent #179",NegotiatingAgent,0.26,2112,0.569,75,58,7,0,7,54,50,61,152,167,100,12,4,25,84,0,328,61,170,2,260,50,20
"agent NegotiatingAgent #180",NegotiatingAgent,0.465,3881,0.569,75,69,11,0,11,98,50,142,330,320,100,55,3,25,120,0,453,105,260,3,465,50,20
"agent NegotiatingAgent #181",NegotiatingAgent,0.523,9005,0.569,75,145,12,0,12,120,50,134,504,475,100,56,11,25,158,0,926,111,318,0,523,50,20
"agent NegotiatingAgent #182",NegotiatingAgent,0.105,196,0.569,75,17,3,0,3,28,50,40,95,81,100,7,12,25,18,0,446,19,92,1,105,50,20
"agent NegotiatingAgent #183",NegotiatingAgent,0.208,1871,0.569,75,43,4,0,4,48,50,41,149,173,100,19,5,25,64,0,279,55,144,2,208,50,20
"agent NegotiatingAgent #184",NegotiatingAgent,0.389,4669,0.569,75,67,8,0,8,92,50,110,271,256,100,33,2,25,88,0,397,99,222,3,389,50,20
"agent NegotiatingAgent #185",NegotiatingAgent,0.547,8060,0.569,75,126,12,0,12,132,50,134,465,467,100,50,15,25,158,0,844,123,330,0,547,50,20
"agent NegotiatingAgent #186",NegotiatingAgent,0.149,1172,0.569,75,30,5,0,5,36,50,54,138,119,100,13,16,25,32,0,426,27,114,1,149,50,20
"agent NegotiatingAgent #187",NegotiatingAgent,0.56,5829,0.569,75,109,11,0,11,126,50,139,352,354,100,31,2,25,162,0,413,133,320,2,560,50,20
"agent NegotiatingAgent #188",NegotiatingAgent,0.429,4392,0.569,75,64,10,0,10,94,50,128,358,329,100,66,2,25,106,0,346,101,242,3,429,50,20
"agent NegotiatingAgent #189",NegotiatingAgent,0.111,270,0.569,75,36,0,0,0,32,50,16,89,93,100,0,10,25,40,0,539,23,112,0,111,50,20
"agent NegotiatingAgent #190",NegotiatingAgent,0.133,192,0.569,75,32,4,0,4,34,50,48,159,126,100,24,10,25,26,0,208,25,106,1,133,50,20
"agent NegotiatingAgent #191",NegotiatingAgent,0.52,7172,0.569,75,111,11,0,11,122,50,123,514,475,100,63,11,25,146,0,566,129,300,2,520,50,20
"agent NegotiatingAgent #192",NegotiatingAgent,0.497,3533,0.569,75,77,12,0,12,102,50,154,462,407,100,97,1,25,132,0,367,109,276,3,497,50,20
"agent NegotiatingAgent #193",NegotiatingAgent,0.503,1408,0.569,75,32,6,0,6,116,50,128,343,312,100,65,33,25,152,0,636,107,308,0,503,50,20
"agent NegotiatingAgent #194",NegotiatingAgent,0.077,0,0.569,75,6,0,0,0,20,50,34,78,56,100,0,20,25,12,0,376,11,78,1,77,50,20
"agent NegotiatingAgent #195",NegotiatingAgent,0.196,1482,0.569,75,42,7,0,7,40,50,43,181,170,100,22,4,25,66,0,235,47,138,2,196,50,20
"agent NegotiatingAgent #196",NegotiatingAgent,0.235,1120,0.569,75,28,5,0,6,50,50,75,224,191,100,40,3,25,53,0,328,57,145,3,235,50,20
"agent NegotiatingAgent #197",NegotiatingAgent,0.511,6588,0.569,75,102,10,0,10,122,50,126,572,492,100,78,24,25,150,0,739,113,312,0,511,50,20
"agent NegotiatingAgent #198",NegotiatingAgent,0.597,4736,0.569,75,69,10,0,10,140,50,174,238,313,100,21,13,25,152,0,527,131,338,1,597,50,20
"agent NegotiatingAgent #199",NegotiatingAgent,0.486,3722,0.569,75,51,8,0,9,106,50,122,229,246,100,38,6,25,145,0,298,113,283,2,486,50,20
"agent NegotiatingAgent #200",NegotiatingAgent,0.109,572,0.569,75,17,5,0,5,18,50,44,104,98,100,15,3,25,22,0,225,25,82,3,109,50,20
"agent NegotiatingAgent #201",NegotiatingAgent,0.491,7459,0.569,75,110,9,0,9,120,50,118,608,530,100,97,12,25,142,0,847,111,302,0,491,50,20
"agent NegotiatingAgent #202",NegotiatingAgent,0.381,1026,0.569,75,16,7,0,7,92,50,114,205,191,100,21,45,25,92,0,459,83,230,1,381,50,20
"agent NegotiatingAgent #203",NegotiatingAgent,0.618,4654,0.569,75,81,11,0,11,136,50,158,431,422,100,77,8,25,181,0,426,143,349,2,618,50,20
"agent NegotiatingAgent #204",NegotiatingAgent,0.097,254,0.569,75,14,3,0,3,16,50,40,78,69,100,12,3,25,18,0,222,23,76,3,97,50,20
"agent NegotiatingAgent #205",NegotiatingAgent,0.451,2252,0.569,75,44,5,0,6,116,50,102,469,412,100,94,18,25,126,0,696,107,282,0,451,50,20
"agent NegotiatingAgent #206",NegotiatingAgent,0.229,1503,0.569,75,48,3,0,4,60,50,70,193,175,100,17,10,25,48,0,419,51,154,1,229,50,20
"agent NegotiatingAgent #207",NegotiatingAgent,0.462,4860,0.569,75,74,9,0,9,106,50,110,577,493,100,100,17,25,133,0,421,113,271,2,462,50,20
"agent NegotiatingAgent #208",NegotiatingAgent,0.061,130,0.569,75,5,2,0,2,10,50,28,76,64,100,8,4,25,6,0,146,17,58,3,61,50,20
"agent NegotiatingAgent #209",NegotiatingAgent,0.495,1856,0.569,75,34,8,0,8,114,50,126,244,251,100,36,25,25,150,0,530,105,304,0,495,50,20
"agent NegotiatingAgent #210",NegotiatingAgent,0.381,3944,0.569,75,53,7,0,7,86,50,120,215,232,100,23,19,25,98,0,445,77,230,1,381,50,20
"agent NegotiatingAgent #211",NegotiatingAgent,0.474,3124,0.569,75,59,5,0,6,102,50,120,442,417,100,86,10,25,143,0,398,109,277,2,474,50,20
"agent NegotiatingAgent #212",NegotiatingAgent,0.105,302,0.569,75,9,4,0,4,16,50,44,83,75,100,15,0,25,22,0,179,23,80,3,105,50,20
"agent NegotiatingAgent #213",NegotiatingAgent,0.587,2815,0.569,75,43,9,0,9,140,50,146,369,347,100,66,22,25,170,0,657,131,350,0,587,50,20
"agent NegotiatingAgent #214",NegotiatingAgent,0.409,2558,0.569,75,37,9,0,9,88,50,132,210,202,100,29,19,25,110,0,321,79,244,1,409,50,20
"agent NegotiatingAgent #215",NegotiatingAgent,0.466,3596,0.569,75,59,9,0,9,100,50,118,376,381,100,64,15,25,141,0,353,107,273,2,466,50,20
"agent NegotiatingAgent #216",NegotiatingAgent,0.609,2676,0.569,75,34,8,0,10,142,50,170,271,326,100,68,4,25,148,0,337,149,332,3,609,50,20
"agent NegotiatingAgent #217",NegotiatingAgent,0.455,1791,0.569,75,37,7,0,9,108,50,112,455,393,100,82,24,25,136,0,584,99,284,0,455,50,20
"agent NegotiatingAgent #218",NegotiatingAgent,0.105,406,0.569,75,8,3,0,3,28,50,40,88,70,100,5,22,25,18,0,263,19,92,1,105,50,20
"agent NegotiatingAgent #219",NegotiatingAgent,0.448,2091,0.569,75,47,6,0,7,108,50,101,453,425,100,101,11,25,124,0,421,115,264,2,448,50,20
"agent NegotiatingAgent #220",NegotiatingAgent,0.217,807,0.569,75,20,1,0,2,50,50,66,120,113,100,13,11,25,44,0,160,57,136,3,217,50,20
"agent NegotiatingAgent #221",NegotiatingAgent,0.463,1186,0.569,75,30,5,0,5,114,50,110,361,310,100,74,21,25,134,0,190,105,288,0,463,50,20
"agent NegotiatingAgent #222",NegotiatingAgent,0.077,0,0.569,75,0,0,0,0,20,50,34,73,52,100,0,21,25,12,0,162,11,78,1,77,50,20
"agent NegotiatingAgent #223",NegotiatingAgent,0.192,1432,0.569,75,31,6,0,6,38,50,43,206,162,100,30,13,25,66,0,219,45,136,2,192,50,20
"agent NegotiatingAgent #224",NegotiatingAgent,0.269,658,0.569,75,12,4,0,4,62,50,80,115,115,100,12,22,25,58,0,93,69,162,3,269,50,20
"agent NegotiatingAgent #225",NegotiatingAgent,0.467,2526,0.569,75,34,7,0,9,110,50,116,478,407,100,90,27,25,140,0,512,101,290,0,467,50,20
"agent NegotiatingAgent #226",NegotiatingAgent,0.105,556,0.569,75,12,3,0,3,28,50,40,101,87,100,2,17,25,18,0,215,19,92,1,105,50,20
"agent NegotiatingAgent #227",NegotiatingAgent,0.154,763,0.569,75,10,2,0,2,32,50,30,133,125,100,21,17,25,53,0,110,39,117,2,154,50,20
"agent NegotiatingAgent #228",NegotiatingAgent,0.661,5246,0.569,75,64,10,0,10,156,50,182,287,326,100,44,6,25,160,0,423,163,358,3,661,50,20
"agent NegotiatingAgent #229",NegotiatingAgent,0.223,469,0.569,75,6,6,0,6,56,50,48,182,141,100,23,28,25,72,0,299,47,168,0,223,50,20
"agent NegotiatingAgent #230",NegotiatingAgent,0.581,2629,0.569,75,31,8,0,8,140,50,166,256,265,100,45,16,25,144,0,318,131,330,1,581,50,20
"agent NegotiatingAgent #231",NegotiatingAgent,0.42,914,0.569,75,19,8,0,8,92,50,103,430,363,100,97,15,25,126,0,216,99,250,2,420,50,20
"agent NegotiatingAgent #232",NegotiatingAgent,0.567,1007,0.569,75,11,8,0,9,132,50,159,278,293,100,80,1,25,137,0,237,139,311,3,567,50,20
"agent NegotiatingAgent #233",NegotiatingAgent,0.571,2283,0.569,75,40,9,0,10,136,50,142,502,437,100,98,27,25,166,0,341,127,342,0,571,50,20
"agent NegotiatingAgent #234",NegotiatingAgent,0.505,4126,0.569,75,62,6,0,7,112,50,156,339,327,100,52,16,25,134,0,290,103,292,1,505,50,20
"agent NegotiatingAgent #235",NegotiatingAgent,0.188,102,0.569,75,3,6,0,6,40,50,39,148,117,100,35,14,25,62,0,88,47,134,2,188,50,20
"agent NegotiatingAgent #236",NegotiatingAgent,0.401,920,0.569,75,11,7,0,9,86,50,122,326,286,100,78,6,25,100,0,145,93,228,3,401,50,20
"agent NegotiatingAgent #237",NegotiatingAgent,0.499,182,0.569,75,4,6,0,7,124,50,118,491,407,100,130,34,25,142,0,217,115,306,0,499,50,20
"agent NegotiatingAgent #238",NegotiatingAgent,0.275,178,0.569,75,6,5,0,6,66,50,87,241,183,100,45,29,25,65,0,150,57,177,1,275,50,20
"agent NegotiatingAgent #239",NegotiatingAgent,0.552,251,0.569,75,5,10,0,10,130,50,131,407,412,100,118,8,25,154,0,164,137,316,2,552,50,20
"agent NegotiatingAgent #240",NegotiatingAgent,0.225,206,0.569,75,10,3,0,4,46,50,74,175,150,100,37,2,25,52,0,94,53,140,3,225,50,20
"agent NegotiatingAgent #241",NegotiatingAgent,0.439,546,0.569,75,8,2,0,3,102,50,110,311,264,100,57,40,25,134,0,212,93,276,0,439,50,20
"agent NegotiatingAgent #242",NegotiatingAgent,0.105,96,0.569,75,1,3,0,3,28,50,40,119,92,100,17,17,25,18,0,54,19,92,1,105,50,20
"agent NegotiatingAgent #243",NegotiatingAgent,0.496,148,0.569,75,2,9,0,10,116,50,117,321,289,100,55,45,25,140,0,93,123,288,2,496,50,20
"agent NegotiatingAgent #244",NegotiatingAgent,0.249,28,0.569,75,3,2,0,2,58,50,74,155,168,100,40,1,25,52,0,90,65,152,3,249,50,20
"agent NegotiatingAgent #245",NegotiatingAgent,0.159,8,0.569,75,1,3,0,3,40,50,32,87,56,100,1,32,25,56,0,80,31,136,0,159,50,20
"agent NegotiatingAgent #246",NegotiatingAgent,0.393,1184,0.569,75,17,6,0,6,86,50,126,242,229,100,46,22,25,104,0,120,77,236,1,393,50,20
"agent NegotiatingAgent #247",NegotiatingAgent,0.414,0,0.569,75,0,4,0,5,94,50,98,228,225,100,69,5,25,121,0,59,101,247,2,414,50,20
"agent NegotiatingAgent #248",NegotiatingAgent,0.105,0,0.569,75,0,4,0,4,18,50,42,63,53,100,18,5,25,20,0,9,25,80,3,105,50,20
"agent NegotiatingAgent #249",NegotiatingAgent,0.139,0,0.569,75,0,1,0,2,38,50,24,108,77,100,17,20,25,48,0,39,29,126,0,139,50,20
"agent NegotiatingAgent #250",NegotiatingAgent,0.571,0,0.569,75,0,7,0,8,126,50,175,453,423,100,141,11,25,153,0,88,117,325,1,571,50,20
