agentName,agentType,averageSpeed,cumulatedUtilityReceived,freeWallRatio,numBacktrackAgents,numCFPAnswered,numDeadends,numDifferentEncounters,numDirectionChanges,numDownSteps,numForwardAgents,numLeftSteps,numMessagesReceived,numMessagesSent,numNegotiatingAgents,numProposalsAccepted,numProposalsRejected,numRandomAgents,numRightSteps,numSwarmAgents,numTotalEncounters,numUpSteps,numVisitedCells,startingPosition,stepsToExit,xsize,ysize
"agent BacktrackAgent #1",BacktrackAgent,0.151,0,0.569,100,0,3,0,3,44,100,25,0,0,100,0,0,100,48,0,5027,34,144,0,151,50,20
"agent BacktrackAgent #2",BacktrackAgent,0.178,0,0.569,100,0,7,0,7,45,100,60,0,0,100,0,0,100,37,0,786,36,131,1,178,50,20
"agent BacktrackAgent #3",BacktrackAgent,0.146,0,0.569,100,0,5,0,5,28,100,31,0,0,100,0,0,100,53,0,1069,34,131,2,146,50,20
"agent BacktrackAgent #4",BacktrackAgent,0.367,0,0.569,100,0,14,0,14,86,100,106,0,0,100,0,0,100,83,0,2212,92,244,3,367,50,20
"agent BacktrackAgent #5",BacktrackAgent,0.155,0,0.569,100,0,2,0,2,42,100,29,0,0,100,0,0,100,52,0,4041,32,146,0,155,50,20
"agent BacktrackAgent #6",BacktrackAgent,0.114,0,0.569,100,0,3,0,3,29,100,44,0,0,100,0,0,100,21,0,550,20,99,1,114,50,20
"agent BacktrackAgent #7",BacktrackAgent,0.172,0,0.569,100,0,3,0,3,40,100,32,0,0,100,0,0,100,54,0,2721,46,144,2,172,50,20
"agent BacktrackAgent #8",BacktrackAgent,0.155,0,0.569,100,0,3,0,3,36,100,50,0,0,100,0,0,100,27,0,1110,42,138,3,155,50,20
"agent BacktrackAgent #9",BacktrackAgent,0.159,0,0.569,100,0,4,0,4,42,100,31,0,0,100,0,0,100,54,0,3045,32,148,0,159,50,20
"agent BacktrackAgent #10",BacktrackAgent,0.346,0,0.569,100,0,10,0,10,91,100,98,0,0,100,0,0,100,75,0,2164,82,215,1,346,50,20
"agent BacktrackAgent #11",BacktrackAgent,0.178,0,0.569,100,0,5,0,5,42,100,33,0,0,100,0,0,100,55,0,1990,48,147,2,178,50,20
"agent BacktrackAgent #12",BacktrackAgent,0.263,0,0.569,100,0,10,0,10,64,100,76,0,0,100,0,0,100,53,0,995,70,192,3,263,50,20
"agent BacktrackAgent #13",BacktrackAgent,0.159,0,0.569,100,0,4,0,4,42,100,31,0,0,100,0,0,100,54,0,4917,32,148,0,159,50,20
"agent BacktrackAgent #14",BacktrackAgent,0.406,0,0.569,100,0,14,0,14,103,100,116,0,0,100,0,0,100,93,0,1963,94,245,1,406,50,20
"agent BacktrackAgent #15",BacktrackAgent,0.17,0,0.569,100,0,5,0,5,42,100,29,0,0,100,0,0,100,51,0,1879,48,143,2,170,50,20
"agent BacktrackAgent #16",BacktrackAgent,0.147,0,0.569,100,0,3,0,3,34,100,48,0,0,100,0,0,100,25,0,1632,40,134,3,147,50,20
"agent BacktrackAgent #17",BacktrackAgent,0.211,0,0.569,100,0,8,0,8,60,100,39,0,0,100,0,0,100,62,0,4997,50,174,0,211,50,20
"agent BacktrackAgent #18",BacktrackAgent,0.104,0,0.569,100,0,3,0,3,30,100,38,0,0,100,0,0,100,15,0,1077,21,94,1,104,50,20
"agent BacktrackAgent #19",BacktrackAgent,0.178,0,0.569,100,0,7,0,7,44,100,31,0,0,100,0,0,100,53,0,1718,50,147,2,178,50,20
"agent BacktrackAgent #20",BacktrackAgent,0.243,0,0.569,100,0,9,0,9,52,100,78,0,0,100,0,0,100,55,0,1699,58,182,3,243,50,20
"agent BacktrackAgent #21",BacktrackAgent,0.167,0,0.569,100,0,5,0,5,44,100,33,0,0,100,0,0,100,56,0,4704,34,152,0,167,50,20
"agent BacktrackAgent #22",BacktrackAgent,0.382,0,0.569,100,0,11,0,11,97,100,110,0,0,100,0,0,100,87,0,1665,88,233,1,382,50,20
"agent BacktrackAgent #23",BacktrackAgent,0.186,0,0.569,100,0,7,0,7,44,100,35,0,0,100,0,0,100,57,0,1646,50,151,2,186,50,20
"agent BacktrackAgent #24",BacktrackAgent,0.391,0,0.569,100,0,16,0,16,90,100,114,0,0,100,0,0,100,91,0,2784,96,256,3,391,50,20
"agent BacktrackAgent #25",BacktrackAgent,0.151,0,0.569,100,0,2,0,2,42,100,27,0,0,100,0,0,100,50,0,4453,32,144,0,151,50,20
"agent BacktrackAgent #26",BacktrackAgent,0.408,0,0.569,100,0,14,0,14,102,100,118,0,0,100,0,0,100,95,0,3353,93,246,1,408,50,20
"agent BacktrackAgent #27",BacktrackAgent,0.142,0,0.569,100,0,4,0,4,28,100,29,0,0,100,0,0,100,51,0,1194,34,129,2,142,50,20
"agent BacktrackAgent #28",BacktrackAgent,0.271,0,0.569,100,0,11,0,11,64,100,80,0,0,100,0,0,100,57,0,896,70,196,3,271,50,20
"agent BacktrackAgent #29",BacktrackAgent,0.139,0,0.569,100,0,1,0,1,40,100,23,0,0,100,0,0,100,46,0,4293,30,138,0,139,50,20
"agent BacktrackAgent #30",BacktrackAgent,0.33,0,0.569,100,0,8,0,8,85,100,96,0,0,100,0,0,100,73,0,1733,76,207,1,330,50,20
"agent BacktrackAgent #31",BacktrackAgent,0.168,0,0.569,100,0,3,0,3,42,100,28,0,0,100,0,0,100,50,0,3810,48,142,2,168,50,20
"agent BacktrackAgent #32",BacktrackAgent,0.331,0,0.569,100,0,12,0,12,74,100,100,0,0,100,0,0,100,77,0,2099,80,226,3,331,50,20
"agent BacktrackAgent #33",BacktrackAgent,0.151,0,0.569,100,0,3,0,3,44,100,25,0,0,100,0,0,100,48,0,4643,34,144,0,151,50,20
"agent BacktrackAgent #34",BacktrackAgent,0.324,0,0.569,100,0,9,0,9,88,100,90,0,0,100,0,0,100,67,0,2783,79,204,1,324,50,20
"agent BacktrackAgent #35",BacktrackAgent,0.212,0,0.569,100,0,6,0,6,58,100,34,0,0,100,0,0,100,56,0,3798,64,164,2,212,50,20
"agent BacktrackAgent #36",BacktrackAgent,0.299,0,0.569,100,0,11,0,11,72,100,86,0,0,100,0,0,100,63,0,1733,78,210,3,299,50,20
"agent BacktrackAgent #37",BacktrackAgent,0.155,0,0.569,100,0,3,0,3,42,100,29,0,0,100,0,0,100,52,0,4325,32,146,0,155,50,20
"agent BacktrackAgent #38",BacktrackAgent,0.184,0,0.569,100,0,9,0,9,48,100,60,0,0,100,0,0,100,37,0,1191,39,134,1,184,50,20
"agent BacktrackAgent #39",BacktrackAgent,0.212,0,0.569,100,0,5,0,5,56,100,36,0,0,100,0,0,100,58,0,3573,62,164,2,212,50,20
"agent BacktrackAgent #40",BacktrackAgent,0.231,0,0.569,100,0,5,0,5,52,100,72,0,0,100,0,0,100,49,0,1301,58,176,3,231,50,20
"agent BacktrackAgent #41",BacktrackAgent,0.163,0,0.569,100,0,4,0,4,44,100,31,0,0,100,0,0,100,54,0,4434,34,150,0,163,50,20
"agent BacktrackAgent #42",BacktrackAgent,0.17,0,0.569,100,0,7,0,7,43,100,58,0,0,100,0,0,100,35,0,887,34,127,1,170,50,20
"agent BacktrackAgent #43",BacktrackAgent,0.188,0,0.569,100,0,6,0,6,44,100,36,0,0,100,0,0,100,58,0,3415,50,152,2,188,50,20
"agent BacktrackAgent #44",BacktrackAgent,0.151,0,0.569,100,0,3,0,3,30,100,54,0,0,100,0,0,100,31,0,651,36,136,3,151,50,20
"agent BacktrackAgent #45",BacktrackAgent,0.203,0,0.569,100,0,6,0,6,58,100,37,0,0,100,0,0,100,60,0,4422,48,170,0,203,50,20
"agent BacktrackAgent #46",BacktrackAgent,0.432,0,0.569,100,0,17,0,17,108,100,124,0,0,100,0,0,100,101,0,2755,99,258,1,432,50,20
"agent BacktrackAgent #47",BacktrackAgent,0.182,0,0.569,100,0,7,0,7,42,100,35,0,0,100,0,0,100,57,0,1487,48,149,2,182,50,20
"agent BacktrackAgent #48",BacktrackAgent,0.287,0,0.569,100,0,10,0,10,64,100,88,0,0,100,0,0,100,65,0,1127,70,204,3,287,50,20
"agent BacktrackAgent #49",BacktrackAgent,0.151,0,0.569,100,0,3,0,3,44,100,25,0,0,100,0,0,100,48,0,4222,34,144,0,151,50,20
"agent BacktrackAgent #50",BacktrackAgent,0.184,0,0.569,100,0,9,0,9,48,100,60,0,0,100,0,0,100,37,0,986,39,134,1,184,50,20
"agent BacktrackAgent #51",BacktrackAgent,0.224,0,0.569,100,0,7,0,7,58,100,40,0,0,100,0,0,100,62,0,3477,64,170,2,224,50,20
"agent BacktrackAgent #52",BacktrackAgent,0.227,0,0.569,100,0,8,0,8,48,100,74,0,0,100,0,0,100,51,0,1472,54,174,3,227,50,20
"agent BacktrackAgent #53",BacktrackAgent,0.139,0,0.569,100,0,1,0,1,42,100,21,0,0,100,0,0,100,44,0,3784,32,138,0,139,50,20
"agent BacktrackAgent #54",BacktrackAgent,0.404,0,0.569,100,0,14,0,14,102,100,116,0,0,100,0,0,100,93,0,2956,93,244,1,404,50,20
"agent BacktrackAgent #55",BacktrackAgent,0.13,0,0.569,100,0,2,0,2,26,100,25,0,0,100,0,0,100,47,0,1010,32,123,2,130,50,20
"agent BacktrackAgent #56",BacktrackAgent,0.287,0,0.569,100,0,9,0,9,70,100,82,0,0,100,0,0,100,59,0,1496,76,204,3,287,50,20
"agent BacktrackAgent #57",BacktrackAgent,0.159,0,0.569,100,0,3,0,3,42,100,31,0,0,100,0,0,100,54,0,4130,32,148,0,159,50,20
"agent BacktrackAgent #58",BacktrackAgent,0.344,0,0.569,100,0,11,0,11,88,100,100,0,0,100,0,0,100,77,0,2664,79,214,1,344,50,20
"agent BacktrackAgent #59",BacktrackAgent,0.164,0,0.569,100,0,3,0,3,42,100,26,0,0,100,0,0,100,48,0,3253,48,140,2,164,50,20
"agent BacktrackAgent #60",BacktrackAgent,0.155,0,0.569,100,0,3,0,3,36,100,50,0,0,100,0,0,100,27,0,1321,42,138,3,155,50,20
"agent BacktrackAgent #61",BacktrackAgent,0.143,0,0.569,100,0,2,0,2,42,100,23,0,0,100,0,0,100,46,0,3735,32,140,0,143,50,20
"agent BacktrackAgent #62",BacktrackAgent,0.318,0,0.569,100,0,8,0,8,83,100,92,0,0,100,0,0,100,69,0,1375,74,201,1,318,50,20
"agent BacktrackAgent #63",BacktrackAgent,0.182,0,0.569,100,0,6,0,6,42,100,35,0,0,100,0,0,100,57,0,1269,48,149,2,182,50,20
"agent BacktrackAgent #64",BacktrackAgent,0.135,0,0.569,100,0,2,0,2,32,100,44,0,0,100,0,0,100,21,0,472,38,128,3,135,50,20
"agent BacktrackAgent #65",BacktrackAgent,0.199,0,0.569,100,0,5,0,5,58,100,35,0,0,100,0,0,100,58,0,3935,48,168,0,199,50,20
"agent BacktrackAgent #66",BacktrackAgent,0.352,0,0.569,100,0,11,0,11,90,100,102,0,0,100,0,0,100,79,0,2193,81,218,1,352,50,20
"agent BacktrackAgent #67",BacktrackAgent,0.168,0,0.569,100,0,3,0,3,42,100,28,0,0,100,0,0,100,50,0,3118,48,142,2,168,50,20
"agent BacktrackAgent #68",BacktrackAgent,0.283,0,0.569,100,0,12,0,12,66,100,84,0,0,100,0,0,100,61,0,1232,72,202,3,283,50,20
"agent BacktrackAgent #69",BacktrackAgent,0.195,0,0.569,100,0,5,0,5,56,100,35,0,0,100,0,0,100,58,0,3600,46,166,0,195,50,20
"agent BacktrackAgent #70",BacktrackAgent,0.17,0,0.569,100,0,7,0,7,43,100,58,0,0,100,0,0,100,35,0,644,34,127,1,170,50,20
"agent BacktrackAgent #71",BacktrackAgent,0.212,0,0.569,100,0,6,0,6,58,100,34,0,0,100,0,0,100,56,0,3011,64,164,2,212,50,20
"agent BacktrackAgent #72",BacktrackAgent,0.183,0,0.569,100,0,5,0,5,38,100,62,0,0,100,0,0,100,39,0,1202,44,152,3,183,50,20
"agent BacktrackAgent #73",BacktrackAgent,0.151,0,0.569,100,0,3,0,3,44,100,25,0,0,100,0,0,100,48,0,3610,34,144,0,151,50,20
"agent BacktrackAgent #74",BacktrackAgent,0.17,0,0.569,100,0,6,0,6,45,100,56,0,0,100,0,0,100,33,0,545,36,127,1,170,50,20
"agent BacktrackAgent #75",BacktrackAgent,0.16,0,0.569,100,0,2,0,2,40,100,26,0,0,100,0,0,100,48,0,3028,46,138,2,160,50,20
"agent BacktrackAgent #76",BacktrackAgent,0.331,0,0.569,100,0,13,0,13,72,100,102,0,0,100,0,0,100,79,0,1508,78,226,3,331,50,20
"agent BacktrackAgent #77",BacktrackAgent,0.143,0,0.569,100,0,1,0,1,42,100,23,0,0,100,0,0,100,46,0,3547,32,140,0,143,50,20
"agent BacktrackAgent #78",BacktrackAgent,0.354,0,0.569,100,0,11,0,11,91,100,102,0,0,100,0,0,100,79,0,1166,82,219,1,354,50,20
"agent BacktrackAgent #79",BacktrackAgent,0.224,0,0.569,100,0,7,0,7,58,100,40,0,0,100,0,0,100,62,0,2798,64,170,2,224,50,20
"agent BacktrackAgent #80",BacktrackAgent,0.391,0,0.569,100,0,16,0,16,90,100,114,0,0,100,0,0,100,91,0,1851,96,256,3,391,50,20
"agent BacktrackAgent #81",BacktrackAgent,0.199,0,0.569,100,0,6,0,6,58,100,35,0,0,100,0,0,100,58,0,3396,48,168,0,199,50,20
"agent BacktrackAgent #82",BacktrackAgent,0.344,0,0.569,100,0,10,0,10,90,100,98,0,0,100,0,0,100,75,0,1863,81,214,1,344,50,20
"agent BacktrackAgent #83",BacktrackAgent,0.18,0,0.569,100,0,4,0,4,42,100,34,0,0,100,0,0,100,56,0,2641,48,148,2,180,50,20
"agent BacktrackAgent #84",BacktrackAgent,0.295,0,0.569,100,0,9,0,9,70,100,86,0,0,100,0,0,100,63,0,1428,76,208,3,295,50,20
"agent BacktrackAgent #85",BacktrackAgent,0.155,0,0.569,100,0,3,0,3,42,100,29,0,0,100,0,0,100,52,0,3349,32,146,0,155,50,20
"agent BacktrackAgent #86",BacktrackAgent,0.088,0,0.569,100,0,2,0,2,28,100,32,0,0,100,0,0,100,9,0,828,19,86,1,88,50,20
"agent BacktrackAgent #87",BacktrackAgent,0.176,0,0.569,100,0,4,0,4,42,100,32,0,0,100,0,0,100,54,0,2514,48,146,2,176,50,20
"agent BacktrackAgent #88",BacktrackAgent,0.283,0,0.569,100,0,9,0,9,66,100,84,0,0,100,0,0,100,61,0,1200,72,202,3,283,50,20
"agent BacktrackAgent #89",BacktrackAgent,0.155,0,0.569,100,0,3,0,3,40,100,31,0,0,100,0,0,100,54,0,3230,30,146,0,155,50,20
"agent BacktrackAgent #90",BacktrackAgent,0.418,0,0.569,100,0,14,0,14,105,100,120,0,0,100,0,0,100,97,0,1066,96,251,1,418,50,20
"agent BacktrackAgent #91",BacktrackAgent,0.122,0,0.569,100,0,1,0,1,26,100,21,0,0,100,0,0,100,43,0,806,32,119,2,122,50,20
"agent BacktrackAgent #92",BacktrackAgent,0.215,0,0.569,100,0,7,0,7,50,100,66,0,0,100,0,0,100,43,0,611,56,168,3,215,50,20
"agent BacktrackAgent #93",BacktrackAgent,0.147,0,0.569,100,0,2,0,2,42,100,25,0,0,100,0,0,100,48,0,3179,32,142,0,147,50,20
"agent BacktrackAgent #94",BacktrackAgent,0.176,0,0.569,100,0,8,0,8,48,100,56,0,0,100,0,0,100,33,0,863,39,130,1,176,50,20
"agent BacktrackAgent #95",BacktrackAgent,0.134,0,0.569,100,0,3,0,3,26,100,27,0,0,100,0,0,100,49,0,855,32,125,2,134,50,20
"agent BacktrackAgent #96",BacktrackAgent,0.287,0,0.569,100,0,9,0,9,70,100,82,0,0,100,0,0,100,59,0,946,76,204,3,287,50,20
"agent BacktrackAgent #97",BacktrackAgent,0.203,0,0.569,100,0,6,0,6,58,100,37,0,0,100,0,0,100,60,0,3240,48,170,0,203,50,20
"agent BacktrackAgent #98",BacktrackAgent,0.308,0,0.569,100,0,7,0,7,82,100,88,0,0,100,0,0,100,65,0,1343,73,196,1,308,50,20
"agent BacktrackAgent #99",BacktrackAgent,0.178,0,0.569,100,0,5,0,5,42,100,33,0,0,100,0,0,100,55,0,941,48,147,2,178,50,20
"agent BacktrackAgent #100",BacktrackAgent,0.319,0,0.569,100,0,11,0,11,70,100,98,0,0,100,0,0,100,75,0,2247,76,220,3,319,50,20
"agent ForwardAgent #101",ForwardAgent,0.603,0,0.569,100,0,11,0,11,172,100,123,0,0,100,0,0,100,146,0,4330,162,164,0,603,50,20
"agent ForwardAgent #102",ForwardAgent,1.062,0,0.569,100,0,31,0,31,259,100,288,0,0,100,0,0,100,265,0,1751,250,224,1,1062,50,20
"agent ForwardAgent #103",ForwardAgent,1.336,0,0.569,100,0,31,0,31,368,100,286,0,0,100,0,0,100,308,0,4456,374,174,2,1336,50,20
"agent ForwardAgent #104",ForwardAgent,0.539,0,0.569,100,0,16,0,16,118,100,160,0,0,100,0,0,100,137,0,1287,124,230,3,539,50,20
"agent ForwardAgent #105",ForwardAgent,0.475,0,0.569,100,0,10,0,10,134,100,97,0,0,100,0,0,100,120,0,4056,124,170,0,475,50,20
"agent ForwardAgent #106",ForwardAgent,1.014,0,0.569,100,0,29,0,29,247,100,276,0,0,100,0,0,100,253,0,1718,238,252,1,1014,50,20
"agent ForwardAgent #107",ForwardAgent,1.308,0,0.569,100,0,32,0,32,372,100,268,0,0,100,0,0,100,290,0,4846,378,166,2,1308,50,20
"agent ForwardAgent #108",ForwardAgent,0.575,0,0.569,100,0,14,0,14,136,100,160,0,0,100,0,0,100,137,0,1425,142,192,3,575,50,20
"agent ForwardAgent #109",ForwardAgent,0.271,0,0.569,100,0,5,0,5,74,100,55,0,0,100,0,0,100,78,0,3449,64,150,0,271,50,20
"agent ForwardAgent #110",ForwardAgent,0.662,0,0.569,100,0,14,0,14,171,100,176,0,0,100,0,0,100,153,0,1441,162,216,1,662,50,20
"agent ForwardAgent #111",ForwardAgent,0.464,0,0.569,100,0,7,0,7,122,100,96,0,0,100,0,0,100,118,0,2869,128,148,2,464,50,20
"agent ForwardAgent #112",ForwardAgent,2.655,0,0.569,100,0,85,0,85,642,100,694,0,0,100,0,0,100,671,0,3257,648,258,3,2655,50,20
"agent ForwardAgent #113",ForwardAgent,0.703,0,0.569,100,0,20,0,20,196,100,149,0,0,100,0,0,100,172,0,3710,186,174,0,703,50,20
"agent ForwardAgent #114",ForwardAgent,1.014,0,0.569,100,0,47,0,47,247,100,276,0,0,100,0,0,100,253,0,1423,238,244,1,1014,50,20
"agent ForwardAgent #115",ForwardAgent,0.588,0,0.569,100,0,18,0,18,158,100,122,0,0,100,0,0,100,144,0,2641,164,170,2,588,50,20
"agent ForwardAgent #116",ForwardAgent,0.439,0,0.569,100,0,12,0,12,104,100,124,0,0,100,0,0,100,101,0,1765,110,178,3,439,50,20
"agent ForwardAgent #117",ForwardAgent,0.831,0,0.569,100,0,22,0,22,248,100,161,0,0,100,0,0,100,184,0,3572,238,170,0,831,50,20
"agent ForwardAgent #118",ForwardAgent,1.624,0,0.569,100,0,48,0,48,398,100,430,0,0,100,0,0,100,407,0,2738,389,212,1,1624,50,20
"agent ForwardAgent #119",ForwardAgent,0.368,0,0.569,100,0,7,0,7,94,100,76,0,0,100,0,0,100,98,0,2493,100,148,2,368,50,20
"agent ForwardAgent #120",ForwardAgent,0.647,0,0.569,100,0,20,0,20,144,100,188,0,0,100,0,0,100,165,0,1116,150,214,3,647,50,20
"agent ForwardAgent #121",ForwardAgent,0.239,0,0.569,100,0,5,0,5,64,100,49,0,0,100,0,0,100,72,0,2728,54,150,0,239,50,20
"agent ForwardAgent #122",ForwardAgent,0.216,0,0.569,100,0,6,0,6,56,100,68,0,0,100,0,0,100,45,0,913,47,96,1,216,50,20
"agent ForwardAgent #123",ForwardAgent,0.156,0,0.569,100,0,1,0,1,40,100,24,0,0,100,0,0,100,46,0,1917,46,136,2,156,50,20
"agent ForwardAgent #124",ForwardAgent,1.131,0,0.569,100,0,37,0,37,282,100,292,0,0,100,0,0,100,269,0,1735,288,234,3,1131,50,20
"agent ForwardAgent #125",ForwardAgent,0.143,0,0.569,100,0,2,0,2,42,100,23,0,0,100,0,0,100,46,0,2483,32,140,0,143,50,20
"agent ForwardAgent #126",ForwardAgent,1.766,0,0.569,100,0,71,0,71,441,100,458,0,0,100,0,0,100,435,0,1907,432,258,1,1766,50,20
"agent ForwardAgent #127",ForwardAgent,0.13,0,0.569,100,0,2,0,2,26,100,25,0,0,100,0,0,100,47,0,743,32,119,2,130,50,20
"agent ForwardAgent #128",ForwardAgent,1.199,0,0.569,100,0,32,0,32,276,100,332,0,0,100,0,0,100,309,0,2058,282,218,3,1199,50,20
"agent ForwardAgent #129",ForwardAgent,0.151,0,0.569,100,0,3,0,3,44,100,25,0,0,100,0,0,100,48,0,2441,34,144,0,151,50,20
"agent ForwardAgent #130",ForwardAgent,0.738,0,0.569,100,0,17,0,17,191,100,194,0,0,100,0,0,100,171,0,1203,182,228,1,738,50,20
"agent ForwardAgent #131",ForwardAgent,0.158,0,0.569,100,0,4,0,4,32,100,33,0,0,100,0,0,100,55,0,735,38,125,2,158,50,20
"agent ForwardAgent #132",ForwardAgent,1.007,0,0.569,100,0,38,0,38,232,100,280,0,0,100,0,0,100,257,0,1315,238,208,3,1007,50,20
"agent ForwardAgent #133",ForwardAgent,0.547,0,0.569,100,0,12,0,12,156,100,111,0,0,100,0,0,100,134,0,3081,146,166,0,547,50,20
"agent ForwardAgent #134",ForwardAgent,0.086,0,0.569,100,0,1,0,1,27,100,32,0,0,100,0,0,100,9,0,317,18,85,1,86,50,20
"agent ForwardAgent #135",ForwardAgent,0.592,0,0.569,100,0,16,0,16,150,100,132,0,0,100,0,0,100,154,0,2466,156,158,2,592,50,20
"agent ForwardAgent #136",ForwardAgent,0.947,0,0.569,100,0,29,0,29,226,100,256,0,0,100,0,0,100,233,0,2063,232,246,3,947,50,20
"agent ForwardAgent #137",ForwardAgent,0.463,0,0.569,100,0,24,0,24,146,100,79,0,0,100,0,0,100,102,0,2417,136,170,0,463,50,20
"agent ForwardAgent #138",ForwardAgent,1.702,0,0.569,100,0,54,0,54,419,100,448,0,0,100,0,0,100,425,0,2078,410,258,1,1702,50,20
"agent ForwardAgent #139",ForwardAgent,1.4,0,0.569,100,0,26,0,26,394,100,292,0,0,100,0,0,100,314,0,4369,400,172,2,1400,50,20
"agent ForwardAgent #140",ForwardAgent,2.999,0,0.569,100,0,92,0,92,724,100,784,0,0,100,0,0,100,761,0,3799,730,208,3,2999,50,20
"agent ForwardAgent #141",ForwardAgent,0.547,0,0.569,100,0,17,0,17,146,100,121,0,0,100,0,0,100,144,0,2652,136,172,0,547,50,20
"agent ForwardAgent #142",ForwardAgent,0.352,0,0.569,100,0,16,0,16,84,100,108,0,0,100,0,0,100,85,0,745,75,126,1,352,50,20
"agent ForwardAgent #143",ForwardAgent,1.948,0,0.569,100,0,47,0,47,554,100,406,0,0,100,0,0,100,428,0,4180,560,174,2,1948,50,20
"agent ForwardAgent #144",ForwardAgent,0.659,0,0.569,100,0,24,0,24,162,100,176,0,0,100,0,0,100,153,0,1170,168,242,3,659,50,20
"agent ForwardAgent #145",ForwardAgent,0.415,0,0.569,100,0,10,0,10,118,100,83,0,0,100,0,0,100,106,0,2468,108,168,0,415,50,20
"agent ForwardAgent #146",ForwardAgent,0.43,0,0.569,100,0,8,0,8,115,100,116,0,0,100,0,0,100,93,0,1131,106,189,1,430,50,20
"agent ForwardAgent #147",ForwardAgent,0.232,0,0.569,100,0,7,0,7,58,100,44,0,0,100,0,0,100,66,0,1618,64,166,2,232,50,20
"agent ForwardAgent #148",ForwardAgent,0.999,0,0.569,100,0,42,0,42,202,100,306,0,0,100,0,0,100,283,0,1665,208,234,3,999,50,20
"agent ForwardAgent #149",ForwardAgent,0.735,0,0.569,100,0,25,0,25,212,100,149,0,0,100,0,0,100,172,0,2641,202,172,0,735,50,20
"agent ForwardAgent #150",ForwardAgent,1.792,0,0.569,100,0,59,0,59,426,100,486,0,0,100,0,0,100,463,0,2440,417,238,1,1792,50,20
"agent ForwardAgent #151",ForwardAgent,0.224,0,0.569,100,0,5,0,5,54,100,44,0,0,100,0,0,100,66,0,1576,60,146,2,224,50,20
"agent ForwardAgent #152",ForwardAgent,0.443,0,0.569,100,0,13,0,13,94,100,136,0,0,100,0,0,100,113,0,1019,100,208,3,443,50,20
"agent ForwardAgent #153",ForwardAgent,1.275,0,0.569,100,0,35,0,35,364,100,267,0,0,100,0,0,100,290,0,3584,354,168,0,1275,50,20
"agent ForwardAgent #154",ForwardAgent,0.188,0,0.569,100,0,3,0,3,48,100,62,0,0,100,0,0,100,39,0,877,39,136,1,188,50,20
"agent ForwardAgent #155",ForwardAgent,0.524,0,0.569,100,0,8,0,8,148,100,100,0,0,100,0,0,100,122,0,2138,154,162,2,524,50,20
"agent ForwardAgent #156",ForwardAgent,0.291,0,0.569,100,0,7,0,7,68,100,86,0,0,100,0,0,100,63,0,1105,74,176,3,291,50,20
"agent ForwardAgent #157",ForwardAgent,0.163,0,0.569,100,0,2,0,2,48,100,27,0,0,100,0,0,100,50,0,1902,38,144,0,163,50,20
"agent ForwardAgent #158",ForwardAgent,0.448,0,0.569,100,0,15,0,15,118,100,122,0,0,100,0,0,100,99,0,941,109,176,1,448,50,20
"agent ForwardAgent #159",ForwardAgent,0.41,0,0.569,100,0,12,0,12,106,100,85,0,0,100,0,0,100,107,0,1342,112,172,2,410,50,20
"agent ForwardAgent #160",ForwardAgent,0.283,0,0.569,100,0,9,0,9,68,100,82,0,0,100,0,0,100,59,0,1093,74,182,3,283,50,20
"agent ForwardAgent #161",ForwardAgent,0.263,0,0.569,100,0,3,0,3,74,100,51,0,0,100,0,0,100,74,0,2367,64,146,0,263,50,20
"agent ForwardAgent #162",ForwardAgent,1.162,0,0.569,100,0,33,0,33,289,100,308,0,0,100,0,0,100,285,0,1432,280,244,1,1162,50,20
"agent ForwardAgent #163",ForwardAgent,1.45,0,0.569,100,0,31,0,31,398,100,313,0,0,100,0,0,100,335,0,2845,404,172,2,1450,50,20
"agent ForwardAgent #164",ForwardAgent,0.579,0,0.569,100,0,15,0,15,140,100,158,0,0,100,0,0,100,135,0,1084,146,222,3,579,50,20
"agent ForwardAgent #165",ForwardAgent,0.183,0,0.569,100,0,4,0,4,50,100,35,0,0,100,0,0,100,58,0,1835,40,148,0,183,50,20
"agent ForwardAgent #166",ForwardAgent,0.892,0,0.569,100,0,20,0,20,218,100,244,0,0,100,0,0,100,221,0,1425,209,216,1,892,50,20
"agent ForwardAgent #167",ForwardAgent,0.142,0,0.569,100,0,3,0,3,30,100,27,0,0,100,0,0,100,49,0,544,36,129,2,142,50,20
"agent ForwardAgent #168",ForwardAgent,0.467,0,0.569,100,0,10,0,10,108,100,134,0,0,100,0,0,100,111,0,1236,114,202,3,467,50,20
"agent ForwardAgent #169",ForwardAgent,1.471,0,0.569,100,0,34,0,34,416,100,313,0,0,100,0,0,100,336,0,3902,406,166,0,1471,50,20
"agent ForwardAgent #170",ForwardAgent,2.144,0,0.569,100,0,56,0,56,530,100,558,0,0,100,0,0,100,535,0,2700,521,218,1,2144,50,20
"agent ForwardAgent #171",ForwardAgent,0.158,0,0.569,100,0,2,0,2,36,100,29,0,0,100,0,0,100,51,0,620,42,123,2,158,50,20
"agent ForwardAgent #172",ForwardAgent,0.599,0,0.569,100,0,13,0,13,144,100,164,0,0,100,0,0,100,141,0,1102,150,210,3,599,50,20
"agent ForwardAgent #173",ForwardAgent,0.179,0,0.569,100,0,5,0,5,56,100,27,0,0,100,0,0,100,50,0,1762,46,158,0,179,50,20
"agent ForwardAgent #174",ForwardAgent,0.636,0,0.569,100,0,19,0,19,150,100,184,0,0,100,0,0,100,161,0,1197,141,208,1,636,50,20
"agent ForwardAgent #175",ForwardAgent,0.898,0,0.569,100,0,20,0,20,246,100,189,0,0,100,0,0,100,211,0,1928,252,174,2,898,50,20
"agent ForwardAgent #176",ForwardAgent,1.051,0,0.569,100,0,34,0,34,256,100,278,0,0,100,0,0,100,255,0,1510,262,218,3,1051,50,20
"agent ForwardAgent #177",ForwardAgent,1.195,0,0.569,100,0,36,0,36,342,100,249,0,0,100,0,0,100,272,0,2871,332,174,0,1195,50,20
"agent ForwardAgent #178",ForwardAgent,0.286,0,0.569,100,0,10,0,10,69,100,90,0,0,100,0,0,100,67,0,548,60,106,1,286,50,20
"agent ForwardAgent #179",ForwardAgent,0.34,0,0.569,100,0,10,0,10,92,100,64,0,0,100,0,0,100,86,0,1357,98,170,2,340,50,20
"agent ForwardAgent #180",ForwardAgent,1.883,0,0.569,100,0,51,0,51,444,100,506,0,0,100,0,0,100,483,0,2291,450,248,3,1883,50,20
"agent ForwardAgent #181",ForwardAgent,0.319,0,0.569,100,0,6,0,6,86,100,67,0,0,100,0,0,100,90,0,1764,76,150,0,319,50,20
"agent ForwardAgent #182",ForwardAgent,0.182,0,0.569,100,0,6,0,6,49,100,58,0,0,100,0,0,100,35,0,394,40,96,1,182,50,20
"agent ForwardAgent #183",ForwardAgent,0.626,0,0.569,100,0,12,0,12,156,100,143,0,0,100,0,0,100,165,0,1309,162,158,2,626,50,20
"agent ForwardAgent #184",ForwardAgent,0.167,0,0.569,100,0,3,0,3,38,100,54,0,0,100,0,0,100,31,0,516,44,144,3,167,50,20
"agent ForwardAgent #185",ForwardAgent,1.151,0,0.569,100,0,28,0,28,338,100,231,0,0,100,0,0,100,254,0,2923,328,166,0,1151,50,20
"agent ForwardAgent #186",ForwardAgent,0.93,0,0.569,100,0,31,0,31,237,100,244,0,0,100,0,0,100,221,0,1246,228,208,1,930,50,20
"agent ForwardAgent #187",ForwardAgent,0.784,0,0.569,100,0,22,0,22,216,100,162,0,0,100,0,0,100,184,0,2175,222,174,2,784,50,20
"agent ForwardAgent #188",ForwardAgent,0.991,0,0.569,100,0,43,0,43,212,100,292,0,0,100,0,0,100,269,0,1272,218,248,3,991,50,20
"agent ForwardAgent #189",ForwardAgent,0.567,0,0.569,100,0,12,0,12,168,100,109,0,0,100,0,0,100,132,0,2069,158,166,0,567,50,20
"agent ForwardAgent #190",ForwardAgent,0.808,0,0.569,100,0,32,0,32,200,100,220,0,0,100,0,0,100,197,0,920,191,202,1,808,50,20
"agent ForwardAgent #191",ForwardAgent,1.302,0,0.569,100,0,26,0,26,356,100,281,0,0,100,0,0,100,303,0,2523,362,164,2,1302,50,20
"agent ForwardAgent #192",ForwardAgent,2.071,0,0.569,100,0,59,0,59,470,100,574,0,0,100,0,0,100,551,0,2665,476,238,3,2071,50,20
"agent ForwardAgent #193",ForwardAgent,0.539,0,0.569,100,0,10,0,10,162,100,101,0,0,100,0,0,100,124,0,1950,152,162,0,539,50,20
"agent ForwardAgent #194",ForwardAgent,1.094,0,0.569,100,0,31,0,31,275,100,288,0,0,100,0,0,100,265,0,1101,266,230,1,1094,50,20
"agent ForwardAgent #195",ForwardAgent,0.764,0,0.569,100,0,14,0,14,210,100,158,0,0,100,0,0,100,180,0,2093,216,164,2,764,50,20
"agent ForwardAgent #196",ForwardAgent,0.143,0,0.569,100,0,1,0,1,32,100,48,0,0,100,0,0,100,25,0,279,38,132,3,143,50,20
"agent ForwardAgent #197",ForwardAgent,0.475,0,0.569,100,0,11,0,11,134,100,97,0,0,100,0,0,100,120,0,1509,124,168,0,475,50,20
"agent ForwardAgent #198",ForwardAgent,1.99,0,0.569,100,0,62,0,62,493,100,518,0,0,100,0,0,100,495,0,1710,484,246,1,1990,50,20
"agent ForwardAgent #199",ForwardAgent,0.166,0,0.569,100,0,2,0,2,38,100,31,0,0,100,0,0,100,53,0,335,44,123,2,166,50,20
"agent ForwardAgent #200",ForwardAgent,1.075,0,0.569,100,0,33,0,33,254,100,292,0,0,100,0,0,100,269,0,1305,260,254,3,1075,50,20
"agent RandomAgent #201",RandomAgent,20.699,0,0.569,100,0,362,0,10357,5377,100,4966,0,0,100,0,0,100,4989,0,18381,5367,171,0,20699,50,20
"agent RandomAgent #202",RandomAgent,4.26,0,0.569,100,0,131,0,2148,955,100,1191,0,0,100,0,0,100,1168,0,3885,946,143,1,4260,50,20
"agent RandomAgent #203",RandomAgent,33.234,0,0.569,100,0,853,0,16673,9213,100,7390,0,0,100,0,0,100,7412,0,22955,9219,174,2,33234,50,20
"agent RandomAgent #204",RandomAgent,59.785,0,0.569,100,0,1727,0,30167,14261,100,15640,0,0,100,0,0,100,15617,0,27979,14267,224,3,59785,50,20
"agent RandomAgent #205",RandomAgent,14.623,0,0.569,100,0,390,0,7412,4315,100,2990,0,0,100,0,0,100,3013,0,13945,4305,174,0,14623,50,20
"agent RandomAgent #206",RandomAgent,36.974,0,0.569,100,0,894,0,18625,8904,100,9599,0,0,100,0,0,100,9576,0,14655,8895,257,1,36974,50,20
"agent RandomAgent #207",RandomAgent,11.11,0,0.569,100,0,310,0,5499,2880,100,2661,0,0,100,0,0,100,2683,0,9941,2886,174,2,11110,50,20
"agent RandomAgent #208",RandomAgent,111.205,0,0.569,100,0,3436,0,56065,26628,100,28983,0,0,100,0,0,100,28960,0,27205,26634,239,3,111205,50,20
"agent RandomAgent #209",RandomAgent,9.439,0,0.569,100,0,338,0,4776,2828,100,1885,0,0,100,0,0,100,1908,0,10205,2818,174,0,9439,50,20
"agent RandomAgent #210",RandomAgent,32.886,0,0.569,100,0,912,0,16533,7988,100,8471,0,0,100,0,0,100,8448,0,15311,7979,224,1,32886,50,20
"agent RandomAgent #211",RandomAgent,5.434,0,0.569,100,0,99,0,2681,1233,100,1470,0,0,100,0,0,100,1492,0,7611,1239,152,2,5434,50,20
"agent RandomAgent #212",RandomAgent,13.281,0,0.569,100,0,513,0,6627,3057,100,3592,0,0,100,0,0,100,3569,0,4795,3063,199,3,13281,50,20
"agent RandomAgent #213",RandomAgent,13.051,0,0.569,100,0,261,0,6572,3433,100,3086,0,0,100,0,0,100,3109,0,15031,3423,173,0,13051,50,20
"agent RandomAgent #214",RandomAgent,30.354,0,0.569,100,0,1066,0,15276,7484,100,7709,0,0,100,0,0,100,7686,0,14486,7475,246,1,30354,50,20
"agent RandomAgent #215",RandomAgent,7.43,0,0.569,100,0,78,0,3714,1902,100,1799,0,0,100,0,0,100,1821,0,11283,1908,152,2,7430,50,20
"agent RandomAgent #216",RandomAgent,64.265,0,0.569,100,0,1802,0,32428,15377,100,16764,0,0,100,0,0,100,16741,0,18773,15383,219,3,64265,50,20
"agent RandomAgent #217",RandomAgent,20.705,0,0.569,100,0,858,0,10360,5840,100,4506,0,0,100,0,0,100,4529,0,11531,5830,174,0,20705,50,20
"agent RandomAgent #218",RandomAgent,12.034,0,0.569,100,0,633,0,6129,2830,100,3203,0,0,100,0,0,100,3180,0,5690,2821,208,1,12034,50,20
"agent RandomAgent #219",RandomAgent,18.452,0,0.569,100,0,478,0,9372,5173,100,4039,0,0,100,0,0,100,4061,0,15734,5179,168,2,18452,50,20
"agent RandomAgent #220",RandomAgent,8.323,0,0.569,100,0,233,0,4205,2084,100,2086,0,0,100,0,0,100,2063,0,6534,2090,219,3,8323,50,20
"agent RandomAgent #221",RandomAgent,5.605,0,0.569,100,0,178,0,2852,1247,100,1549,0,0,100,0,0,100,1572,0,3191,1237,160,0,5605,50,20
"agent RandomAgent #222",RandomAgent,2.504,0,0.569,100,0,61,0,1249,520,100,748,0,0,100,0,0,100,725,0,2343,511,98,1,2504,50,20
"agent RandomAgent #223",RandomAgent,4.79,0,0.569,100,0,45,0,2365,1094,100,1287,0,0,100,0,0,100,1309,0,6439,1100,153,2,4790,50,20
"agent RandomAgent #224",RandomAgent,28.449,0,0.569,100,0,687,0,14095,6758,100,7475,0,0,100,0,0,100,7452,0,9670,6764,247,3,28449,50,20
"agent RandomAgent #225",RandomAgent,11.265,0,0.569,100,0,217,0,5572,2994,100,2632,0,0,100,0,0,100,2655,0,9273,2984,174,0,11265,50,20
"agent RandomAgent #226",RandomAgent,10.496,0,0.569,100,0,262,0,5203,2549,100,2715,0,0,100,0,0,100,2692,0,3732,2540,137,1,10496,50,20
"agent RandomAgent #227",RandomAgent,36.318,0,0.569,100,0,899,0,18266,10171,100,7974,0,0,100,0,0,100,7996,0,21287,10177,174,2,36318,50,20
"agent RandomAgent #228",RandomAgent,13.465,0,0.569,100,0,409,0,6791,3119,100,3622,0,0,100,0,0,100,3599,0,6379,3125,226,3,13465,50,20
"agent RandomAgent #229",RandomAgent,11.641,0,0.569,100,0,136,0,5891,2990,100,2824,0,0,100,0,0,100,2847,0,11866,2980,163,0,11641,50,20
"agent RandomAgent #230",RandomAgent,0.994,0,0.569,100,0,3,0,490,251,100,262,0,0,100,0,0,100,239,0,408,242,93,1,994,50,20
"agent RandomAgent #231",RandomAgent,50.356,0,0.569,100,0,1200,0,25359,14046,100,11118,0,0,100,0,0,100,11140,0,19991,14052,174,2,50356,50,20
"agent RandomAgent #232",RandomAgent,12.797,0,0.569,100,0,351,0,6391,3187,100,3220,0,0,100,0,0,100,3197,0,8390,3193,236,3,12797,50,20
"agent RandomAgent #233",RandomAgent,15.457,0,0.569,100,0,491,0,7786,4067,100,3655,0,0,100,0,0,100,3678,0,12719,4057,174,0,15457,50,20
"agent RandomAgent #234",RandomAgent,109.116,0,0.569,100,0,3051,0,54753,27449,100,27125,0,0,100,0,0,100,27102,0,17814,27440,240,1,109116,50,20
"agent RandomAgent #235",RandomAgent,12.062,0,0.569,100,0,391,0,5958,2871,100,3146,0,0,100,0,0,100,3168,0,3078,2877,158,2,12062,50,20
"agent RandomAgent #236",RandomAgent,6.793,0,0.569,100,0,221,0,3448,1728,100,1677,0,0,100,0,0,100,1654,0,3450,1734,225,3,6793,50,20
"agent RandomAgent #237",RandomAgent,2.919,0,0.569,100,0,108,0,1452,795,100,658,0,0,100,0,0,100,681,0,3786,785,172,0,2919,50,20
"agent RandomAgent #238",RandomAgent,61.932,0,0.569,100,0,1372,0,30900,14592,100,16390,0,0,100,0,0,100,16367,0,16862,14583,247,1,61932,50,20
"agent RandomAgent #239",RandomAgent,10.722,0,0.569,100,0,288,0,5462,2769,100,2578,0,0,100,0,0,100,2600,0,9174,2775,174,2,10722,50,20
"agent RandomAgent #240",RandomAgent,19.867,0,0.569,100,0,674,0,10025,4674,100,5268,0,0,100,0,0,100,5245,0,8943,4680,219,3,19867,50,20
"agent RandomAgent #241",RandomAgent,32.195,0,0.569,100,0,845,0,16069,9294,100,6797,0,0,100,0,0,100,6820,0,13560,9284,172,0,32195,50,20
"agent RandomAgent #242",RandomAgent,15.436,0,0.569,100,0,464,0,7908,3639,100,4095,0,0,100,0,0,100,4072,0,7316,3630,253,1,15436,50,20
"agent RandomAgent #243",RandomAgent,24.354,0,0.569,100,0,585,0,12198,6568,100,5595,0,0,100,0,0,100,5617,0,14581,6574,174,2,24354,50,20
"agent RandomAgent #244",RandomAgent,7.111,0,0.569,100,0,306,0,3598,1717,100,1847,0,0,100,0,0,100,1824,0,4129,1723,205,3,7111,50,20
"agent RandomAgent #245",RandomAgent,70.335,0,0.569,100,0,1265,0,35549,21273,100,13888,0,0,100,0,0,100,13911,0,17434,21263,174,0,70335,50,20
"agent RandomAgent #246",RandomAgent,35.168,0,0.569,100,0,831,0,17647,8694,100,8906,0,0,100,0,0,100,8883,0,9942,8685,249,1,35168,50,20
"agent RandomAgent #247",RandomAgent,6.132,0,0.569,100,0,63,0,2992,1687,100,1365,0,0,100,0,0,100,1387,0,5399,1693,150,2,6132,50,20
"agent RandomAgent #248",RandomAgent,4.305,0,0.569,100,0,165,0,2171,955,100,1206,0,0,100,0,0,100,1183,0,2225,961,218,3,4305,50,20
"agent RandomAgent #249",RandomAgent,30.021,0,0.569,100,0,692,0,15075,8167,100,6837,0,0,100,0,0,100,6860,0,12449,8157,174,0,30021,50,20
"agent RandomAgent #250",RandomAgent,27.432,0,0.569,100,0,770,0,13801,6740,100,6992,0,0,100,0,0,100,6969,0,9332,6731,223,1,27432,50,20
"agent RandomAgent #251",RandomAgent,51.712,0,0.569,100,0,1292,0,26261,14246,100,11596,0,0,100,0,0,100,11618,0,13743,14252,174,2,51712,50,20
"agent RandomAgent #252",RandomAgent,18.933,0,0.569,100,0,576,0,9557,4778,100,4697,0,0,100,0,0,100,4674,0,6354,4784,195,3,18933,50,20
"agent RandomAgent #253",RandomAgent,67.737,0,0.569,100,0,1594,0,34155,19149,100,14713,0,0,100,0,0,100,14736,0,12979,19139,171,0,67737,50,20
"agent RandomAgent #254",RandomAgent,56.718,0,0.569,100,0,1533,0,28431,13730,100,14645,0,0,100,0,0,100,14622,0,9104,13721,249,1,56718,50,20
"agent RandomAgent #255",RandomAgent,49.266,0,0.569,100,0,917,0,24842,13626,100,10993,0,0,100,0,0,100,11015,0,14163,13632,168,2,49266,50,20
"agent RandomAgent #256",RandomAgent,18.953,0,0.569,100,0,482,0,9489,4077,100,5408,0,0,100,0,0,100,5385,0,8210,4083,206,3,18953,50,20
"agent RandomAgent #257",RandomAgent,19.455,0,0.569,100,0,182,0,9674,5506,100,4215,0,0,100,0,0,100,4238,0,9172,5496,161,0,19455,50,20
"agent RandomAgent #258",RandomAgent,13.93,0,0.569,100,0,414,0,6832,3492,100,3489,0,0,100,0,0,100,3466,0,3869,3483,219,1,13930,50,20
"agent RandomAgent #259",RandomAgent,9.396,0,0.569,100,0,237,0,4692,2280,100,2404,0,0,100,0,0,100,2426,0,4871,2286,165,2,9396,50,20
"agent RandomAgent #260",RandomAgent,34.485,0,0.569,100,0,886,0,17396,8018,100,9233,0,0,100,0,0,100,9210,0,10267,8024,212,3,34485,50,20
"agent RandomAgent #261",RandomAgent,13.687,0,0.569,100,0,211,0,6764,3420,100,3417,0,0,100,0,0,100,3440,0,6507,3410,163,0,13687,50,20
"agent RandomAgent #262",RandomAgent,11.552,0,0.569,100,0,252,0,5671,2646,100,3146,0,0,100,0,0,100,3123,0,2627,2637,189,1,11552,50,20
"agent RandomAgent #263",RandomAgent,4.944,0,0.569,100,0,111,0,2507,1300,100,1158,0,0,100,0,0,100,1180,0,2337,1306,155,2,4944,50,20
"agent RandomAgent #264",RandomAgent,55.705,0,0.569,100,0,1590,0,28050,13889,100,13972,0,0,100,0,0,100,13949,0,11446,13895,230,3,55705,50,20
"agent RandomAgent #265",RandomAgent,17.629,0,0.569,100,0,502,0,8873,4742,100,4066,0,0,100,0,0,100,4089,0,6049,4732,174,0,17629,50,20
"agent RandomAgent #266",RandomAgent,50.65,0,0.569,100,0,1328,0,25215,12313,100,13028,0,0,100,0,0,100,13005,0,8898,12304,246,1,50650,50,20
"agent RandomAgent #267",RandomAgent,19.072,0,0.569,100,0,604,0,9693,5635,100,3887,0,0,100,0,0,100,3909,0,6805,5641,170,2,19072,50,20
"agent RandomAgent #268",RandomAgent,12.687,0,0.569,100,0,339,0,6409,3288,100,3064,0,0,100,0,0,100,3041,0,3719,3294,208,3,12687,50,20
"agent RandomAgent #269",RandomAgent,3.955,0,0.569,100,0,108,0,2022,934,100,1037,0,0,100,0,0,100,1060,0,1834,924,163,0,3955,50,20
"agent RandomAgent #270",RandomAgent,7.152,0,0.569,100,0,245,0,3597,1814,100,1778,0,0,100,0,0,100,1755,0,1341,1805,173,1,7152,50,20
"agent RandomAgent #271",RandomAgent,5.19,0,0.569,100,0,56,0,2600,1343,100,1238,0,0,100,0,0,100,1260,0,2632,1349,131,2,5190,50,20
"agent RandomAgent #272",RandomAgent,22.207,0,0.569,100,0,585,0,11100,5347,100,5765,0,0,100,0,0,100,5742,0,4027,5353,257,3,22207,50,20
"agent RandomAgent #273",RandomAgent,36.235,0,0.569,100,0,1064,0,18234,9499,100,8612,0,0,100,0,0,100,8635,0,5831,9489,174,0,36235,50,20
"agent RandomAgent #274",RandomAgent,12.226,0,0.569,100,0,238,0,6038,2941,100,3188,0,0,100,0,0,100,3165,0,1747,2932,216,1,12226,50,20
"agent RandomAgent #275",RandomAgent,59.516,0,0.569,100,0,1021,0,30012,17632,100,12112,0,0,100,0,0,100,12134,0,9228,17638,169,2,59516,50,20
"agent RandomAgent #276",RandomAgent,7.583,0,0.569,100,0,199,0,3772,1584,100,2216,0,0,100,0,0,100,2193,0,1314,1590,177,3,7583,50,20
"agent RandomAgent #277",RandomAgent,18.771,0,0.569,100,0,486,0,9511,5306,100,4073,0,0,100,0,0,100,4096,0,4763,5296,168,0,18771,50,20
"agent RandomAgent #278",RandomAgent,18.646,0,0.569,100,0,417,0,9302,4267,100,5072,0,0,100,0,0,100,5049,0,3526,4258,209,1,18646,50,20
"agent RandomAgent #279",RandomAgent,44.178,0,0.569,100,0,899,0,22023,12097,100,9978,0,0,100,0,0,100,10000,0,5344,12103,174,2,44178,50,20
"agent RandomAgent #280",RandomAgent,27.853,0,0.569,100,0,791,0,13892,7043,100,6892,0,0,100,0,0,100,6869,0,4545,7049,244,3,27853,50,20
"agent RandomAgent #281",RandomAgent,23.499,0,0.569,100,0,568,0,11862,6599,100,5144,0,0,100,0,0,100,5167,0,3780,6589,174,0,23499,50,20
"agent RandomAgent #282",RandomAgent,27.366,0,0.569,100,0,850,0,13721,6288,100,7411,0,0,100,0,0,100,7388,0,3719,6279,247,1,27366,50,20
"agent RandomAgent #283",RandomAgent,3.132,0,0.569,100,0,26,0,1565,801,100,751,0,0,100,0,0,100,773,0,604,807,144,2,3132,50,20
"agent RandomAgent #284",RandomAgent,92.335,0,0.569,100,0,2974,0,46546,22369,100,23807,0,0,100,0,0,100,23784,0,6608,22375,224,3,92335,50,20
"agent RandomAgent #285",RandomAgent,18.471,0,0.569,100,0,477,0,9303,5304,100,3925,0,0,100,0,0,100,3948,0,3123,5294,173,0,18471,50,20
"agent RandomAgent #286",RandomAgent,15.874,0,0.569,100,0,505,0,7852,3872,100,4081,0,0,100,0,0,100,4058,0,1190,3863,152,1,15874,50,20
"agent RandomAgent #287",RandomAgent,35.198,0,0.569,100,0,928,0,17689,9775,100,7810,0,0,100,0,0,100,7832,0,2885,9781,169,2,35198,50,20
"agent RandomAgent #288",RandomAgent,21.757,0,0.569,100,0,700,0,10971,4997,100,5890,0,0,100,0,0,100,5867,0,2190,5003,246,3,21757,50,20
"agent RandomAgent #289",RandomAgent,6.123,0,0.569,100,0,205,0,3065,1901,100,1154,0,0,100,0,0,100,1177,0,668,1891,170,0,6123,50,20
"agent RandomAgent #290",RandomAgent,60.528,0,0.569,100,0,1585,0,30454,14676,100,15604,0,0,100,0,0,100,15581,0,2327,14667,258,1,60528,50,20
"agent RandomAgent #291",RandomAgent,17.45,0,0.569,100,0,263,0,8700,4898,100,3813,0,0,100,0,0,100,3835,0,2160,4904,171,2,17450,50,20
"agent RandomAgent #292",RandomAgent,11.443,0,0.569,100,0,314,0,5813,2711,100,3019,0,0,100,0,0,100,2996,0,665,2717,232,3,11443,50,20
"agent RandomAgent #293",RandomAgent,4.961,0,0.569,100,0,94,0,2460,1221,100,1253,0,0,100,0,0,100,1276,0,197,1211,163,0,4961,50,20
"agent RandomAgent #294",RandomAgent,56.636,0,0.569,100,0,2107,0,28670,13273,100,15061,0,0,100,0,0,100,15038,0,2131,13264,258,1,56636,50,20
"agent RandomAgent #295",RandomAgent,21.514,0,0.569,100,0,379,0,10892,5971,100,4772,0,0,100,0,0,100,4794,0,1535,5977,174,2,21514,50,20
"agent RandomAgent #296",RandomAgent,135.797,0,0.569,100,0,3703,0,68131,32168,100,35739,0,0,100,0,0,100,35716,0,1104,32174,249,3,135797,50,20
"agent RandomAgent #297",RandomAgent,15.373,0,0.569,100,0,339,0,7778,4139,100,3541,0,0,100,0,0,100,3564,0,462,4129,174,0,15373,50,20
"agent RandomAgent #298",RandomAgent,35.038,0,0.569,100,0,1221,0,17655,8516,100,9019,0,0,100,0,0,100,8996,0,760,8507,207,1,35038,50,20
"agent RandomAgent #299",RandomAgent,37.748,0,0.569,100,0,807,0,18893,10647,100,8213,0,0,100,0,0,100,8235,0,0,10653,174,2,37748,50,20
"agent RandomAgent #300",RandomAgent,49.259,0,0.569,100,0,1642,0,24519,12120,100,12518,0,0,100,0,0,100,12495,0,0,12126,246,3,49259,50,20
"agent NegotiatingAgent #301",NegotiatingAgent,0.151,1631,0.569,100,95,3,0,3,44,100,25,194,182,100,0,0,100,48,0,432,34,144,0,151,50,20
"agent NegotiatingAgent #302",NegotiatingAgent,0.114,152,0.569,100,33,3,0,3,29,100,44,59,62,100,0,0,100,21,0,149,20,99,1,114,50,20
"agent NegotiatingAgent #303",NegotiatingAgent,0.164,2654,0.569,100,96,3,0,3,42,100,26,211,222,100,2,0,100,48,0,501,48,140,2,164,50,20
"agent NegotiatingAgent #304",NegotiatingAgent,0.343,6168,0.569,100,139,11,0,11,80,100,100,281,307,100,0,0,100,77,0,664,86,232,3,343,50,20
"agent NegotiatingAgent #305",NegotiatingAgent,0.203,1027,0.569,100,98,6,0,6,60,100,35,235,196,100,9,0,100,58,0,441,50,170,0,203,50,20
"agent NegotiatingAgent #306",NegotiatingAgent,0.206,3030,0.569,100,60,10,0,10,51,100,68,126,123,100,4,0,100,45,0,234,42,145,1,206,50,20
"agent NegotiatingAgent #307",NegotiatingAgent,0.168,1384,0.569,100,73,4,0,4,42,100,28,191,189,100,11,1,100,50,0,508,48,142,2,168,50,20
"agent NegotiatingAgent #308",NegotiatingAgent,0.327,3932,0.569,100,107,12,0,12,70,100,102,258,268,100,6,1,100,79,0,475,76,224,3,327,50,20
"agent NegotiatingAgent #309",NegotiatingAgent,0.207,1071,0.569,100,98,7,0,7,60,100,37,266,195,100,12,7,100,60,0,520,50,172,0,207,50,20
"agent NegotiatingAgent #310",NegotiatingAgent,0.394,3371,0.569,100,92,13,0,14,97,100,116,242,299,100,19,5,100,93,0,454,88,239,1,394,50,20
"agent NegotiatingAgent #311",NegotiatingAgent,0.122,1597,0.569,100,84,1,0,1,26,100,21,161,177,100,0,0,100,43,0,286,32,119,2,122,50,20
"agent NegotiatingAgent #312",NegotiatingAgent,0.283,6007,0.569,100,142,8,0,8,68,100,82,312,316,100,3,0,100,59,0,572,74,202,3,283,50,20
"agent NegotiatingAgent #313",NegotiatingAgent,0.187,1383,0.569,100,87,5,0,5,58,100,29,263,208,100,13,8,100,52,0,428,48,162,0,187,50,20
"agent NegotiatingAgent #314",NegotiatingAgent,0.328,5230,0.569,100,97,9,0,10,86,100,94,240,273,100,8,2,100,71,0,504,77,206,1,328,50,20
"agent NegotiatingAgent #315",NegotiatingAgent,0.174,2631,0.569,100,86,6,0,6,42,100,31,207,185,100,3,6,100,53,0,293,48,145,2,174,50,20
"agent NegotiatingAgent #316",NegotiatingAgent,0.183,2388,0.569,100,54,3,0,3,38,100,62,136,132,100,2,4,100,39,0,419,44,152,3,183,50,20
"agent NegotiatingAgent #317",NegotiatingAgent,0.159,3284,0.569,100,91,3,0,3,44,100,29,220,182,100,2,8,100,52,0,754,34,148,0,159,50,20
"agent NegotiatingAgent #318",NegotiatingAgent,0.194,1109,0.569,100,36,8,0,8,51,100,62,101,93,100,6,4,100,39,0,157,42,139,1,194,50,20
"agent NegotiatingAgent #319",NegotiatingAgent,0.13,1222,0.569,100,82,2,0,2,26,100,25,160,159,100,0,1,100,47,0,266,32,123,2,130,50,20
"agent NegotiatingAgent #320",NegotiatingAgent,0.315,4477,0.569,100,99,11,0,11,70,100,96,254,265,100,10,1,100,73,0,449,76,218,3,315,50,20
"agent NegotiatingAgent #321",NegotiatingAgent,0.199,3728,0.569,100,95,6,0,6,58,100,35,242,218,100,5,11,100,58,0,851,48,168,0,199,50,20
"agent NegotiatingAgent #322",NegotiatingAgent,0.158,1208,0.569,100,53,5,0,5,41,100,54,151,129,100,7,6,100,31,0,226,32,121,1,158,50,20
"agent NegotiatingAgent #323",NegotiatingAgent,0.18,2882,0.569,100,88,4,0,4,44,100,32,246,215,100,14,6,100,54,0,459,50,148,2,180,50,20
"agent NegotiatingAgent #324",NegotiatingAgent,0.223,1942,0.569,100,36,8,0,8,48,100,72,101,131,100,3,3,100,49,0,350,54,172,3,223,50,20
"agent NegotiatingAgent #325",NegotiatingAgent,0.183,1797,0.569,100,74,4,0,4,56,100,29,250,199,100,14,11,100,52,0,823,46,160,0,183,50,20
"agent NegotiatingAgent #326",NegotiatingAgent,0.37,3805,0.569,100,88,7,0,8,95,100,106,252,306,100,12,8,100,83,0,664,86,227,1,370,50,20
"agent NegotiatingAgent #327",NegotiatingAgent,0.184,494,0.569,100,40,5,0,5,42,100,36,249,221,100,44,7,100,58,0,491,48,150,2,184,50,20
"agent NegotiatingAgent #328",NegotiatingAgent,0.291,1798,0.569,100,75,8,0,8,68,100,86,285,275,100,29,4,100,63,0,633,74,206,3,291,50,20
"agent NegotiatingAgent #329",NegotiatingAgent,0.139,16,0.569,100,19,1,0,1,42,100,21,123,95,100,0,37,100,44,0,307,32,138,0,139,50,20
"agent NegotiatingAgent #330",NegotiatingAgent,0.386,1599,0.569,100,61,11,0,11,95,100,114,269,295,100,31,18,100,91,0,564,86,235,1,386,50,20
"agent NegotiatingAgent #331",NegotiatingAgent,0.196,1444,0.569,100,49,3,0,3,54,100,30,233,206,100,26,9,100,52,0,688,60,156,2,196,50,20
"agent NegotiatingAgent #332",NegotiatingAgent,0.199,1526,0.569,100,36,7,0,7,50,100,58,102,125,100,4,5,100,35,0,201,56,160,3,199,50,20
"agent NegotiatingAgent #333",NegotiatingAgent,0.199,1764,0.569,100,62,5,0,5,56,100,37,262,227,100,24,12,100,60,0,903,46,168,0,199,50,20
"agent NegotiatingAgent #334",NegotiatingAgent,0.106,379,0.569,100,35,2,0,2,29,100,40,107,102,100,0,13,100,17,0,156,20,95,1,106,50,20
"agent NegotiatingAgent #335",NegotiatingAgent,0.216,1729,0.569,100,50,6,0,6,58,100,36,225,209,100,17,10,100,58,0,664,64,166,2,216,50,20
"agent NegotiatingAgent #336",NegotiatingAgent,0.261,3719,0.569,100,101,7,0,8,63,100,76,347,317,100,27,2,100,53,0,572,69,191,3,261,50,20
"agent NegotiatingAgent #337",NegotiatingAgent,0.139,206,0.569,100,33,1,0,1,42,100,21,152,112,100,0,28,100,44,0,235,32,138,0,139,50,20
"agent NegotiatingAgent #338",NegotiatingAgent,0.17,551,0.569,100,17,7,0,7,43,100,58,115,99,100,19,7,100,35,0,167,34,127,1,170,50,20
"agent NegotiatingAgent #339",NegotiatingAgent,0.216,826,0.569,100,29,6,0,6,56,100,38,264,210,100,43,25,100,60,0,615,62,166,2,216,50,20
"agent NegotiatingAgent #340",NegotiatingAgent,0.287,715,0.569,100,52,8,0,8,68,100,84,354,319,100,66,5,100,61,0,461,74,204,3,287,50,20
"agent NegotiatingAgent #341",NegotiatingAgent,0.155,894,0.569,100,49,3,0,3,42,100,29,186,156,100,6,22,100,52,0,829,32,146,0,155,50,20
"agent NegotiatingAgent #342",NegotiatingAgent,0.33,3941,0.569,100,74,9,0,10,85,100,96,218,264,100,20,3,100,73,0,546,76,207,1,330,50,20
"agent NegotiatingAgent #343",NegotiatingAgent,0.16,884,0.569,100,55,2,0,2,40,100,26,197,188,100,14,10,100,48,0,649,46,138,2,160,50,20
"agent NegotiatingAgent #344",NegotiatingAgent,0.315,2575,0.569,100,57,9,0,9,66,100,100,322,298,100,58,6,100,77,0,534,72,218,3,315,50,20
"agent NegotiatingAgent #345",NegotiatingAgent,0.155,1236,0.569,100,81,3,0,3,42,100,29,236,201,100,3,12,100,52,0,853,32,146,0,155,50,20
"agent NegotiatingAgent #346",NegotiatingAgent,0.156,959,0.569,100,24,5,0,5,42,100,52,114,89,100,4,18,100,29,0,160,33,120,1,156,50,20
"agent NegotiatingAgent #347",NegotiatingAgent,0.22,953,0.569,100,16,8,0,8,60,100,36,233,174,100,40,19,100,58,0,613,66,168,2,220,50,20
"agent NegotiatingAgent #348",NegotiatingAgent,0.221,1793,0.569,100,42,4,0,5,49,100,70,149,169,100,11,10,100,47,0,315,55,171,3,221,50,20
"agent NegotiatingAgent #349",NegotiatingAgent,0.163,429,0.569,100,50,4,0,4,44,100,31,235,197,100,27,8,100,54,0,709,34,150,0,163,50,20
"agent NegotiatingAgent #350",NegotiatingAgent,0.266,2121,0.569,100,61,4,0,4,69,100,80,185,201,100,7,16,100,57,0,476,60,175,1,266,50,20
"agent NegotiatingAgent #351",NegotiatingAgent,0.178,2531,0.569,100,66,6,0,6,42,100,33,193,178,100,8,6,100,55,0,261,48,147,2,178,50,20
"agent NegotiatingAgent #352",NegotiatingAgent,0.283,947,0.569,100,40,9,0,9,62,100,88,192,189,100,27,2,100,65,0,344,68,202,3,283,50,20
"agent NegotiatingAgent #353",NegotiatingAgent,0.167,326,0.569,100,21,5,0,5,44,100,33,187,153,100,25,25,100,56,0,833,34,152,0,167,50,20
"agent NegotiatingAgent #354",NegotiatingAgent,0.096,47,0.569,100,5,3,0,3,28,100,36,83,68,100,17,7,100,13,0,176,19,90,1,96,50,20
"agent NegotiatingAgent #355",NegotiatingAgent,0.16,528,0.569,100,19,2,0,2,40,100,26,195,154,100,21,15,100,48,0,606,46,138,2,160,50,20
"agent NegotiatingAgent #356",NegotiatingAgent,0.283,2238,0.569,100,47,9,0,9,66,100,84,219,236,100,28,10,100,61,0,372,72,202,3,283,50,20
"agent NegotiatingAgent #357",NegotiatingAgent,0.147,1440,0.569,100,51,2,0,2,42,100,25,210,172,100,11,14,100,48,0,804,32,142,0,147,50,20
"agent NegotiatingAgent #358",NegotiatingAgent,0.268,527,0.569,100,27,6,0,7,66,100,84,194,202,100,28,13,100,61,0,478,57,176,1,268,50,20
"agent NegotiatingAgent #359",NegotiatingAgent,0.122,328,0.569,100,31,1,0,1,26,100,21,113,92,100,4,15,100,43,0,161,32,119,2,122,50,20
"agent NegotiatingAgent #360",NegotiatingAgent,0.279,1260,0.569,100,41,6,0,6,66,100,82,225,231,100,28,5,100,59,0,476,72,200,3,279,50,20
"agent NegotiatingAgent #361",NegotiatingAgent,0.143,64,0.569,100,14,2,0,2,40,100,25,120,90,100,4,26,100,48,0,772,30,140,0,143,50,20
"agent NegotiatingAgent #362",NegotiatingAgent,0.188,399,0.569,100,7,9,0,9,48,100,62,67,63,100,13,7,100,39,0,136,39,136,1,188,50,20
"agent NegotiatingAgent #363",NegotiatingAgent,0.146,42,0.569,100,21,5,0,5,28,100,31,115,97,100,17,9,100,53,0,170,34,131,2,146,50,20
"agent NegotiatingAgent #364",NegotiatingAgent,0.237,1476,0.569,100,23,5,0,6,53,100,74,124,152,100,17,7,100,51,0,276,59,179,3,237,50,20
"agent NegotiatingAgent #365",NegotiatingAgent,0.203,2157,0.569,100,34,7,0,7,58,100,37,221,183,100,15,31,100,60,0,795,48,170,0,203,50,20
"agent NegotiatingAgent #366",NegotiatingAgent,0.194,354,0.569,100,5,7,0,7,47,100,66,120,102,100,28,6,100,43,0,52,38,139,1,194,50,20
"agent NegotiatingAgent #367",NegotiatingAgent,0.204,158,0.569,100,5,5,0,5,58,100,30,261,198,100,49,30,100,52,0,313,64,160,2,204,50,20
"agent NegotiatingAgent #368",NegotiatingAgent,0.341,1612,0.569,100,54,9,0,10,79,100,100,419,370,100,75,2,100,77,0,491,85,231,3,341,50,20
"agent NegotiatingAgent #369",NegotiatingAgent,0.159,40,0.569,100,28,3,0,3,42,100,31,198,149,100,18,14,100,54,0,547,32,148,0,159,50,20
"agent NegotiatingAgent #370",NegotiatingAgent,0.306,414,0.569,100,16,6,0,6,81,100,88,249,227,100,34,42,100,65,0,353,72,195,1,306,50,20
"agent NegotiatingAgent #371",NegotiatingAgent,0.182,686,0.569,100,24,6,0,6,44,100,33,140,126,100,14,13,100,55,0,207,50,149,2,182,50,20
"agent NegotiatingAgent #372",NegotiatingAgent,0.235,163,0.569,100,5,6,0,7,54,100,72,133,137,100,33,12,100,49,0,172,60,178,3,235,50,20
"agent NegotiatingAgent #373",NegotiatingAgent,0.191,732,0.569,100,14,5,0,5,56,100,33,247,197,100,37,26,100,56,0,580,46,164,0,191,50,20
"agent NegotiatingAgent #374",NegotiatingAgent,0.396,262,0.569,100,16,11,0,12,102,100,112,259,283,100,50,16,100,89,0,452,93,240,1,396,50,20
"agent NegotiatingAgent #375",NegotiatingAgent,0.212,322,0.569,100,6,5,0,5,54,100,38,206,155,100,39,23,100,60,0,465,60,164,2,212,50,20
"agent NegotiatingAgent #376",NegotiatingAgent,0.317,1052,0.569,100,24,9,0,10,67,100,100,238,236,100,50,7,100,77,0,384,73,219,3,317,50,20
"agent NegotiatingAgent #377",NegotiatingAgent,0.199,518,0.569,100,10,5,0,5,58,100,35,232,185,100,36,25,100,58,0,463,48,168,0,199,50,20
"agent NegotiatingAgent #378",NegotiatingAgent,0.262,1598,0.569,100,39,4,0,4,65,100,82,263,228,100,23,30,100,59,0,430,56,173,1,262,50,20
"agent NegotiatingAgent #379",NegotiatingAgent,0.18,316,0.569,100,10,4,0,4,44,100,32,217,181,100,34,18,100,54,0,450,50,148,2,180,50,20
"agent NegotiatingAgent #380",NegotiatingAgent,0.239,118,0.569,100,5,6,0,6,54,100,74,131,135,100,15,28,100,51,0,263,60,180,3,239,50,20
"agent NegotiatingAgent #381",NegotiatingAgent,0.195,90,0.569,100,2,5,0,5,58,100,33,179,132,100,25,31,100,56,0,401,48,166,0,195,50,20
"agent NegotiatingAgent #382",NegotiatingAgent,0.292,230,0.569,100,6,6,0,7,80,100,82,308,261,100,71,16,100,59,0,362,71,188,1,292,50,20
"agent NegotiatingAgent #383",NegotiatingAgent,0.184,130,0.569,100,6,5,0,5,44,100,34,217,166,100,31,21,100,56,0,364,50,150,2,184,50,20
"agent NegotiatingAgent #384",NegotiatingAgent,0.265,358,0.569,100,13,4,0,5,61,100,80,240,224,100,56,11,100,57,0,301,67,193,3,265,50,20
"agent NegotiatingAgent #385",NegotiatingAgent,0.143,0,0.569,100,6,1,0,1,42,100,23,160,126,100,13,24,100,46,0,288,32,140,0,143,50,20
"agent NegotiatingAgent #386",NegotiatingAgent,0.144,0,0.569,100,0,4,0,4,38,100,50,105,81,100,25,11,100,27,0,74,29,114,1,144,50,20
"agent NegotiatingAgent #387",NegotiatingAgent,0.164,228,0.569,100,4,3,0,3,40,100,28,173,127,100,24,24,100,50,0,301,46,140,2,164,50,20
"agent NegotiatingAgent #388",NegotiatingAgent,0.243,484,0.569,100,5,7,0,8,60,100,70,107,114,100,22,11,100,47,0,118,66,182,3,243,50,20
"agent NegotiatingAgent #389",NegotiatingAgent,0.203,0,0.569,100,0,6,0,6,58,100,37,213,164,100,39,23,100,60,0,268,48,170,0,203,50,20
"agent NegotiatingAgent #390",NegotiatingAgent,0.33,0,0.569,100,1,9,0,10,81,100,100,222,215,100,51,18,100,77,0,191,72,207,1,330,50,20
"agent NegotiatingAgent #391",NegotiatingAgent,0.13,142,0.569,100,9,3,0,3,28,100,23,53,41,100,0,15,100,45,0,143,34,123,2,130,50,20
"agent NegotiatingAgent #392",NegotiatingAgent,0.209,177,0.569,100,8,3,0,4,49,100,64,112,123,100,13,22,100,41,0,177,55,165,3,209,50,20
"agent NegotiatingAgent #393",NegotiatingAgent,0.151,320,0.569,100,6,2,0,2,40,100,29,122,89,100,2,35,100,52,0,286,30,144,0,151,50,20
"agent NegotiatingAgent #394",NegotiatingAgent,0.304,0,0.569,100,0,11,0,12,80,100,88,124,134,100,34,19,100,65,0,144,71,194,1,304,50,20
"agent NegotiatingAgent #395",NegotiatingAgent,0.166,0,0.569,100,2,5,0,5,42,100,27,90,73,100,17,14,100,49,0,69,48,141,2,166,50,20
"agent NegotiatingAgent #396",NegotiatingAgent,0.279,25,0.569,100,1,6,0,6,66,100,82,101,115,100,14,27,100,59,0,161,72,200,3,279,50,20
"agent NegotiatingAgent #397",NegotiatingAgent,0.143,292,0.569,100,4,2,0,2,40,100,25,144,97,100,8,49,100,48,0,171,30,140,0,143,50,20
"agent NegotiatingAgent #398",NegotiatingAgent,0.106,0,0.569,100,0,2,0,2,29,100,40,20,12,100,0,9,100,17,0,19,20,95,1,106,50,20
"agent NegotiatingAgent #399",NegotiatingAgent,0.142,0,0.569,100,0,4,0,4,26,100,31,81,61,100,16,15,100,53,0,36,32,129,2,142,50,20
"agent NegotiatingAgent #400",NegotiatingAgent,0.255,0,0.569,100,0,3,0,3,60,100,76,253,225,100,63,9,100,53,0,207,66,188,3,255,50,20
