agentName,agentType,averageSpeed,cumulatedUtilityReceived,freeWallRatio,numBacktrackAgents,numCFPAnswered,numDeadends,numDifferentEncounters,numDirectionChanges,numDownSteps,numForwardAgents,numLeftSteps,numMessagesReceived,numMessagesSent,numNegotiatingAgents,numProposalsAccepted,numProposalsRejected,numRandomAgents,numRightSteps,numSwarmAgents,numTotalEncounters,numUpSteps,numVisitedCells,startingPosition,stepsToExit,xsize,ysize
"agent BacktrackAgent #1",BacktrackAgent,0.314,0,0.569,50,0,10,0,10,72,75,78,0,0,25,0,0,100,102,0,2124,62,227,0,314,50,20
"agent BacktrackAgent #2",BacktrackAgent,0.145,0,0.569,50,0,3,0,3,42,75,46,0,0,25,0,0,100,24,0,458,33,130,1,145,50,20
"agent BacktrackAgent #3",BacktrackAgent,0.249,0,0.569,50,0,7,0,7,46,75,64,0,0,25,0,0,100,87,0,595,52,172,2,249,50,20
"agent BacktrackAgent #4",BacktrackAgent,0.212,0,0.569,50,0,6,0,6,58,75,56,0,0,25,0,0,100,34,0,755,64,143,3,212,50,20
"agent BacktrackAgent #5",BacktrackAgent,0.158,0,0.569,50,0,3,0,3,42,75,30,0,0,25,0,0,100,54,0,1323,32,149,0,158,50,20
"agent BacktrackAgent #6",BacktrackAgent,0.121,0,0.569,50,0,2,0,2,38,75,38,0,0,25,0,0,100,16,0,394,29,118,1,121,50,20
"agent BacktrackAgent #7",BacktrackAgent,0.249,0,0.569,50,0,7,0,7,46,75,64,0,0,25,0,0,100,87,0,431,52,172,2,249,50,20
"agent BacktrackAgent #8",BacktrackAgent,0.132,0,0.569,50,0,5,0,5,24,75,50,0,0,25,0,0,100,28,0,326,30,103,3,132,50,20
"agent BacktrackAgent #9",BacktrackAgent,0.23,0,0.569,50,0,7,0,7,62,75,46,0,0,25,0,0,100,70,0,1332,52,185,0,230,50,20
"agent BacktrackAgent #10",BacktrackAgent,0.185,0,0.569,50,0,5,0,5,48,75,60,0,0,25,0,0,100,38,0,505,39,150,1,185,50,20
"agent BacktrackAgent #11",BacktrackAgent,0.245,0,0.569,50,0,6,0,6,42,75,66,0,0,25,0,0,100,89,0,1226,48,170,2,245,50,20
"agent BacktrackAgent #12",BacktrackAgent,0.112,0,0.569,50,0,2,0,2,22,75,42,0,0,25,0,0,100,20,0,718,28,93,3,112,50,20
"agent BacktrackAgent #13",BacktrackAgent,0.158,0,0.569,50,0,3,0,3,44,75,28,0,0,25,0,0,100,52,0,2222,34,149,0,158,50,20
"agent BacktrackAgent #14",BacktrackAgent,0.179,0,0.569,50,0,5,0,5,53,75,52,0,0,25,0,0,100,30,0,1069,44,147,1,179,50,20
"agent BacktrackAgent #15",BacktrackAgent,0.267,0,0.569,50,0,7,0,7,62,75,57,0,0,25,0,0,100,80,0,747,68,181,2,267,50,20
"agent BacktrackAgent #16",BacktrackAgent,0.26,0,0.569,50,0,8,0,8,64,75,74,0,0,25,0,0,100,52,0,1068,70,167,3,260,50,20
"agent BacktrackAgent #17",BacktrackAgent,0.15,0,0.569,50,0,2,0,2,40,75,28,0,0,25,0,0,100,52,0,2066,30,145,0,150,50,20
"agent BacktrackAgent #18",BacktrackAgent,0.159,0,0.569,50,0,3,0,3,49,75,46,0,0,25,0,0,100,24,0,856,40,137,1,159,50,20
"agent BacktrackAgent #19",BacktrackAgent,0.245,0,0.569,50,0,6,0,6,42,75,66,0,0,25,0,0,100,89,0,980,48,170,2,245,50,20
"agent BacktrackAgent #20",BacktrackAgent,0.112,0,0.569,50,0,2,0,2,22,75,42,0,0,25,0,0,100,20,0,605,28,93,3,112,50,20
"agent BacktrackAgent #21",BacktrackAgent,0.15,0,0.569,50,0,2,0,2,40,75,28,0,0,25,0,0,100,52,0,1868,30,145,0,150,50,20
"agent BacktrackAgent #22",BacktrackAgent,0.197,0,0.569,50,0,6,0,6,50,75,64,0,0,25,0,0,100,42,0,535,41,156,1,197,50,20
"agent BacktrackAgent #23",BacktrackAgent,0.299,0,0.569,50,0,10,0,10,60,75,75,0,0,25,0,0,100,98,0,1156,66,197,2,299,50,20
"agent BacktrackAgent #24",BacktrackAgent,0.08,0,0.569,50,0,2,0,2,16,75,32,0,0,25,0,0,100,10,0,552,22,77,3,80,50,20
"agent BacktrackAgent #25",BacktrackAgent,0.23,0,0.569,50,0,7,0,7,62,75,46,0,0,25,0,0,100,70,0,2137,52,185,0,230,50,20
"agent BacktrackAgent #26",BacktrackAgent,0.113,0,0.569,50,0,0,0,0,34,75,38,0,0,25,0,0,100,16,0,780,25,114,1,113,50,20
"agent BacktrackAgent #27",BacktrackAgent,0.257,0,0.569,50,0,8,0,8,48,75,66,0,0,25,0,0,100,89,0,848,54,176,2,257,50,20
"agent BacktrackAgent #28",BacktrackAgent,0.128,0,0.569,50,0,4,0,4,22,75,50,0,0,25,0,0,100,28,0,463,28,101,3,128,50,20
"agent BacktrackAgent #29",BacktrackAgent,0.146,0,0.569,50,0,1,0,1,40,75,26,0,0,25,0,0,100,50,0,1707,30,143,0,146,50,20
"agent BacktrackAgent #30",BacktrackAgent,0.183,0,0.569,50,0,7,0,7,53,75,54,0,0,25,0,0,100,32,0,1003,44,149,1,183,50,20
"agent BacktrackAgent #31",BacktrackAgent,0.311,0,0.569,50,0,11,0,11,64,75,77,0,0,25,0,0,100,100,0,1022,70,203,2,311,50,20
"agent BacktrackAgent #32",BacktrackAgent,0.116,0,0.569,50,0,3,0,3,22,75,44,0,0,25,0,0,100,22,0,634,28,95,3,116,50,20
"agent BacktrackAgent #33",BacktrackAgent,0.162,0,0.569,50,0,4,0,4,44,75,30,0,0,25,0,0,100,54,0,1870,34,151,0,162,50,20
"agent BacktrackAgent #34",BacktrackAgent,0.179,0,0.569,50,0,5,0,5,53,75,52,0,0,25,0,0,100,30,0,1042,44,147,1,179,50,20
"agent BacktrackAgent #35",BacktrackAgent,0.105,0,0.569,50,0,2,0,2,20,75,18,0,0,25,0,0,100,41,0,639,26,100,2,105,50,20
"agent BacktrackAgent #36",BacktrackAgent,0.244,0,0.569,50,0,6,0,6,64,75,66,0,0,25,0,0,100,44,0,1324,70,159,3,244,50,20
"agent BacktrackAgent #37",BacktrackAgent,0.158,0,0.569,50,0,3,0,3,42,75,30,0,0,25,0,0,100,54,0,1768,32,149,0,158,50,20
"agent BacktrackAgent #38",BacktrackAgent,0.173,0,0.569,50,0,5,0,5,44,75,58,0,0,25,0,0,100,36,0,687,35,144,1,173,50,20
"agent BacktrackAgent #39",BacktrackAgent,0.217,0,0.569,50,0,4,0,4,48,75,46,0,0,25,0,0,100,69,0,1282,54,156,2,217,50,20
"agent BacktrackAgent #40",BacktrackAgent,0.208,0,0.569,50,0,5,0,5,56,75,56,0,0,25,0,0,100,34,0,1153,62,141,3,208,50,20
"agent BacktrackAgent #41",BacktrackAgent,0.31,0,0.569,50,0,9,0,9,70,75,78,0,0,25,0,0,100,102,0,1607,60,225,0,310,50,20
"agent BacktrackAgent #42",BacktrackAgent,0.219,0,0.569,50,0,8,0,8,59,75,66,0,0,25,0,0,100,44,0,866,50,167,1,219,50,20
"agent BacktrackAgent #43",BacktrackAgent,0.225,0,0.569,50,0,5,0,5,50,75,48,0,0,25,0,0,100,71,0,1117,56,160,2,225,50,20
"agent BacktrackAgent #44",BacktrackAgent,0.204,0,0.569,50,0,4,0,4,56,75,54,0,0,25,0,0,100,32,0,898,62,139,3,204,50,20
"agent BacktrackAgent #45",BacktrackAgent,0.17,0,0.569,50,0,5,0,5,48,75,30,0,0,25,0,0,100,54,0,1501,38,155,0,170,50,20
"agent BacktrackAgent #46",BacktrackAgent,0.153,0,0.569,50,0,5,0,5,44,75,48,0,0,25,0,0,100,26,0,352,35,134,1,153,50,20
"agent BacktrackAgent #47",BacktrackAgent,0.101,0,0.569,50,0,1,0,1,18,75,18,0,0,25,0,0,100,41,0,469,24,98,2,101,50,20
"agent BacktrackAgent #48",BacktrackAgent,0.116,0,0.569,50,0,3,0,3,22,75,44,0,0,25,0,0,100,22,0,523,28,95,3,116,50,20
"agent BacktrackAgent #49",BacktrackAgent,0.222,0,0.569,50,0,6,0,6,60,75,44,0,0,25,0,0,100,68,0,1534,50,181,0,222,50,20
"agent BacktrackAgent #50",BacktrackAgent,0.173,0,0.569,50,0,5,0,5,44,75,58,0,0,25,0,0,100,36,0,503,35,144,1,173,50,20
"agent ForwardAgent #51",ForwardAgent,0.303,0,0.569,50,0,8,0,8,64,75,73,0,0,25,0,0,100,96,0,336,70,179,2,303,50,20
"agent ForwardAgent #52",ForwardAgent,0.552,0,0.569,50,0,12,0,12,138,75,146,0,0,25,0,0,100,124,0,1022,144,165,3,552,50,20
"agent ForwardAgent #53",ForwardAgent,0.658,0,0.569,50,0,20,0,20,156,75,166,0,0,25,0,0,100,190,0,1109,146,253,0,658,50,20
"agent ForwardAgent #54",ForwardAgent,2.541,0,0.569,50,0,74,0,74,680,75,606,0,0,25,0,0,100,584,0,4290,671,169,1,2541,50,20
"agent ForwardAgent #55",ForwardAgent,0.701,0,0.569,50,0,16,0,16,164,75,172,0,0,25,0,0,100,195,0,1173,170,235,2,701,50,20
"agent ForwardAgent #56",ForwardAgent,0.444,0,0.569,50,0,14,0,14,106,75,124,0,0,25,0,0,100,102,0,784,112,169,3,444,50,20
"agent ForwardAgent #57",ForwardAgent,1.362,0,0.569,50,0,38,0,38,322,75,352,0,0,25,0,0,100,376,0,1872,312,259,0,1362,50,20
"agent ForwardAgent #58",ForwardAgent,0.635,0,0.569,50,0,19,0,19,181,75,152,0,0,25,0,0,100,130,0,1310,172,167,1,635,50,20
"agent ForwardAgent #59",ForwardAgent,0.227,0,0.569,50,0,11,0,11,54,75,45,0,0,25,0,0,100,68,0,270,60,147,2,227,50,20
"agent ForwardAgent #60",ForwardAgent,0.072,0,0.569,50,0,0,0,0,14,75,30,0,0,25,0,0,100,8,0,158,20,73,3,72,50,20
"agent ForwardAgent #61",ForwardAgent,2.514,0,0.569,50,0,76,0,76,524,75,726,0,0,25,0,0,100,750,0,2920,514,257,0,2514,50,20
"agent ForwardAgent #62",ForwardAgent,0.233,0,0.569,50,0,4,0,4,62,75,70,0,0,25,0,0,100,48,0,375,53,140,1,233,50,20
"agent ForwardAgent #63",ForwardAgent,1.251,0,0.569,50,0,35,0,35,284,75,327,0,0,25,0,0,100,350,0,1089,290,259,2,1251,50,20
"agent ForwardAgent #64",ForwardAgent,1.756,0,0.569,50,0,47,0,47,470,75,416,0,0,25,0,0,100,394,0,2541,476,169,3,1756,50,20
"agent ForwardAgent #65",ForwardAgent,0.43,0,0.569,50,0,11,0,11,82,75,126,0,0,25,0,0,100,150,0,659,72,221,0,430,50,20
"agent ForwardAgent #66",ForwardAgent,1.147,0,0.569,50,0,36,0,36,305,75,284,0,0,25,0,0,100,262,0,1964,296,169,1,1147,50,20
"agent ForwardAgent #67",ForwardAgent,0.973,0,0.569,50,0,25,0,25,234,75,238,0,0,25,0,0,100,261,0,1300,240,223,2,973,50,20
"agent ForwardAgent #68",ForwardAgent,0.268,0,0.569,50,0,4,0,4,72,75,70,0,0,25,0,0,100,48,0,730,78,133,3,268,50,20
"agent ForwardAgent #69",ForwardAgent,0.154,0,0.569,50,0,2,0,2,42,75,28,0,0,25,0,0,100,52,0,551,32,147,0,154,50,20
"agent ForwardAgent #70",ForwardAgent,0.503,0,0.569,50,0,13,0,13,125,75,142,0,0,25,0,0,100,120,0,706,116,169,1,503,50,20
"agent ForwardAgent #71",ForwardAgent,0.717,0,0.569,50,0,29,0,29,160,75,184,0,0,25,0,0,100,207,0,811,166,253,2,717,50,20
"agent ForwardAgent #72",ForwardAgent,0.628,0,0.569,50,0,16,0,16,176,75,146,0,0,25,0,0,100,124,0,1085,182,147,3,628,50,20
"agent ForwardAgent #73",ForwardAgent,2.354,0,0.569,50,0,83,0,83,526,75,644,0,0,25,0,0,100,668,0,3150,516,263,0,2354,50,20
"agent ForwardAgent #74",ForwardAgent,0.303,0,0.569,50,0,5,0,5,85,75,82,0,0,25,0,0,100,60,0,703,76,139,1,303,50,20
"agent ForwardAgent #75",ForwardAgent,0.355,0,0.569,50,0,8,0,8,86,75,77,0,0,25,0,0,100,100,0,516,92,209,2,355,50,20
"agent ForwardAgent #76",ForwardAgent,1.452,0,0.569,50,0,48,0,48,392,75,342,0,0,25,0,0,100,320,0,2327,398,167,3,1452,50,20
"agent ForwardAgent #77",ForwardAgent,1.87,0,0.569,50,0,49,0,49,414,75,514,0,0,25,0,0,100,538,0,1486,404,263,0,1870,50,20
"agent ForwardAgent #78",ForwardAgent,0.179,0,0.569,50,0,4,0,4,55,75,50,0,0,25,0,0,100,28,0,592,46,133,1,179,50,20
"agent ForwardAgent #79",ForwardAgent,0.927,0,0.569,50,0,30,0,30,218,75,231,0,0,25,0,0,100,254,0,702,224,261,2,927,50,20
"agent ForwardAgent #80",ForwardAgent,0.112,0,0.569,50,0,2,0,2,22,75,42,0,0,25,0,0,100,20,0,127,28,93,3,112,50,20
"agent ForwardAgent #81",ForwardAgent,0.698,0,0.569,50,0,19,0,19,164,75,178,0,0,25,0,0,100,202,0,872,154,251,0,698,50,20
"agent ForwardAgent #82",ForwardAgent,0.637,0,0.569,50,0,18,0,18,176,75,158,0,0,25,0,0,100,136,0,885,167,149,1,637,50,20
"agent ForwardAgent #83",ForwardAgent,0.325,0,0.569,50,0,9,0,9,72,75,76,0,0,25,0,0,100,99,0,299,78,194,2,325,50,20
"agent ForwardAgent #84",ForwardAgent,0.456,0,0.569,50,0,10,0,10,108,75,128,0,0,25,0,0,100,106,0,498,114,153,3,456,50,20
"agent ForwardAgent #85",ForwardAgent,0.802,0,0.569,50,0,17,0,17,200,75,194,0,0,25,0,0,100,218,0,1073,190,203,0,802,50,20
"agent ForwardAgent #86",ForwardAgent,0.575,0,0.569,50,0,15,0,15,177,75,126,0,0,25,0,0,100,104,0,1075,168,147,1,575,50,20
"agent ForwardAgent #87",ForwardAgent,0.113,0,0.569,50,0,3,0,3,24,75,18,0,0,25,0,0,100,41,0,246,30,104,2,113,50,20
"agent ForwardAgent #88",ForwardAgent,0.396,0,0.569,50,0,15,0,15,104,75,102,0,0,25,0,0,100,80,0,579,110,163,3,396,50,20
"agent ForwardAgent #89",ForwardAgent,0.354,0,0.569,50,0,6,0,6,88,75,82,0,0,25,0,0,100,106,0,742,78,147,0,354,50,20
"agent ForwardAgent #90",ForwardAgent,0.135,0,0.569,50,0,2,0,2,43,75,40,0,0,25,0,0,100,18,0,273,34,125,1,135,50,20
"agent ForwardAgent #91",ForwardAgent,1.729,0,0.569,50,0,45,0,45,382,75,468,0,0,25,0,0,100,491,0,1212,388,263,2,1729,50,20
"agent ForwardAgent #92",ForwardAgent,0.984,0,0.569,50,0,26,0,26,256,75,244,0,0,25,0,0,100,222,0,1308,262,149,3,984,50,20
"agent ForwardAgent #93",ForwardAgent,0.438,0,0.569,50,0,8,0,8,110,75,102,0,0,25,0,0,100,126,0,568,100,197,0,438,50,20
"agent ForwardAgent #94",ForwardAgent,2.143,0,0.569,50,0,72,0,72,611,75,476,0,0,25,0,0,100,454,0,3582,602,149,1,2143,50,20
"agent ForwardAgent #95",ForwardAgent,0.117,0,0.569,50,0,3,0,3,24,75,20,0,0,25,0,0,100,43,0,80,30,106,2,117,50,20
"agent ForwardAgent #96",ForwardAgent,0.588,0,0.569,50,0,13,0,13,158,75,144,0,0,25,0,0,100,122,0,831,164,143,3,588,50,20
"agent ForwardAgent #97",ForwardAgent,1.706,0,0.569,50,0,36,0,36,404,75,442,0,0,25,0,0,100,466,0,1904,394,255,0,1706,50,20
"agent ForwardAgent #98",ForwardAgent,0.369,0,0.569,50,0,10,0,10,108,75,92,0,0,25,0,0,100,70,0,646,99,141,1,369,50,20
"agent ForwardAgent #99",ForwardAgent,0.803,0,0.569,50,0,29,0,29,196,75,191,0,0,25,0,0,100,214,0,834,202,255,2,803,50,20
"agent ForwardAgent #100",ForwardAgent,0.072,0,0.569,50,0,0,0,0,14,75,30,0,0,25,0,0,100,8,0,371,20,73,3,72,50,20
"agent ForwardAgent #101",ForwardAgent,0.334,0,0.569,50,0,8,0,8,80,75,80,0,0,25,0,0,100,104,0,1595,70,171,0,334,50,20
"agent ForwardAgent #102",ForwardAgent,2.211,0,0.569,50,0,66,0,66,573,75,548,0,0,25,0,0,100,526,0,3650,564,169,1,2211,50,20
"agent ForwardAgent #103",ForwardAgent,1.371,0,0.569,50,0,34,0,34,324,75,347,0,0,25,0,0,100,370,0,1882,330,227,2,1371,50,20
"agent ForwardAgent #104",ForwardAgent,1.068,0,0.569,50,0,33,0,33,276,75,266,0,0,25,0,0,100,244,0,1734,282,169,3,1068,50,20
"agent ForwardAgent #105",ForwardAgent,0.662,0,0.569,50,0,14,0,14,154,75,170,0,0,25,0,0,100,194,0,1679,144,243,0,662,50,20
"agent ForwardAgent #106",ForwardAgent,0.207,0,0.569,50,0,5,0,5,67,75,52,0,0,25,0,0,100,30,0,888,58,127,1,207,50,20
"agent ForwardAgent #107",ForwardAgent,0.513,0,0.569,50,0,14,0,14,86,75,156,0,0,25,0,0,100,179,0,346,92,172,2,513,50,20
"agent ForwardAgent #108",ForwardAgent,0.072,0,0.569,50,0,0,0,0,14,75,30,0,0,25,0,0,100,8,0,298,20,73,3,72,50,20
"agent ForwardAgent #109",ForwardAgent,1.93,0,0.569,50,0,60,0,60,462,75,496,0,0,25,0,0,100,520,0,3578,452,263,0,1930,50,20
"agent ForwardAgent #110",ForwardAgent,0.359,0,0.569,50,0,8,0,8,99,75,96,0,0,25,0,0,100,74,0,961,90,153,1,359,50,20
"agent ForwardAgent #111",ForwardAgent,1.651,0,0.569,50,0,72,0,72,412,75,399,0,0,25,0,0,100,422,0,2084,418,255,2,1651,50,20
"agent ForwardAgent #112",ForwardAgent,0.532,0,0.569,50,0,17,0,17,132,75,142,0,0,25,0,0,100,120,0,1041,138,155,3,532,50,20
"agent ForwardAgent #113",ForwardAgent,1.202,0,0.569,50,0,29,0,29,264,75,330,0,0,25,0,0,100,354,0,2188,254,255,0,1202,50,20
"agent ForwardAgent #114",ForwardAgent,0.689,0,0.569,50,0,21,0,21,186,75,174,0,0,25,0,0,100,152,0,1508,177,147,1,689,50,20
"agent ForwardAgent #115",ForwardAgent,0.965,0,0.569,50,0,35,0,35,242,75,226,0,0,25,0,0,100,249,0,2497,248,185,2,965,50,20
"agent ForwardAgent #116",ForwardAgent,0.52,0,0.569,50,0,18,0,18,138,75,130,0,0,25,0,0,100,108,0,1000,144,149,3,520,50,20
"agent ForwardAgent #117",ForwardAgent,0.338,0,0.569,50,0,8,0,8,82,75,80,0,0,25,0,0,100,104,0,1154,72,167,0,338,50,20
"agent ForwardAgent #118",ForwardAgent,0.125,0,0.569,50,0,3,0,3,38,75,40,0,0,25,0,0,100,18,0,274,29,120,1,125,50,20
"agent ForwardAgent #119",ForwardAgent,0.991,0,0.569,50,0,40,0,40,244,75,237,0,0,25,0,0,100,260,0,1041,250,179,2,991,50,20
"agent ForwardAgent #120",ForwardAgent,0.116,0,0.569,50,0,3,0,3,22,75,44,0,0,25,0,0,100,22,0,313,28,95,3,116,50,20
"agent ForwardAgent #121",ForwardAgent,1.526,0,0.569,50,0,48,0,48,306,75,450,0,0,25,0,0,100,474,0,2197,296,257,0,1526,50,20
"agent ForwardAgent #122",ForwardAgent,0.153,0,0.569,50,0,2,0,2,42,75,50,0,0,25,0,0,100,28,0,390,33,134,1,153,50,20
"agent ForwardAgent #123",ForwardAgent,0.973,0,0.569,50,0,23,0,23,232,75,240,0,0,25,0,0,100,263,0,2057,238,187,2,973,50,20
"agent ForwardAgent #124",ForwardAgent,0.268,0,0.569,50,0,4,0,4,64,75,78,0,0,25,0,0,100,56,0,549,70,119,3,268,50,20
"agent ForwardAgent #125",ForwardAgent,0.202,0,0.569,50,0,4,0,4,52,75,42,0,0,25,0,0,100,66,0,995,42,149,0,202,50,20
"agent RandomAgent #126",RandomAgent,38.149,0,0.569,50,0,1233,0,19342,11325,75,7765,0,0,25,0,0,100,7743,0,27127,11316,154,1,38149,50,20
"agent RandomAgent #127",RandomAgent,41.099,0,0.569,50,0,1091,0,20565,9458,75,11077,0,0,25,0,0,100,11100,0,17582,9464,238,2,41099,50,20
"agent RandomAgent #128",RandomAgent,3.948,0,0.569,50,0,121,0,1977,1276,75,706,0,0,25,0,0,100,684,0,6381,1282,147,3,3948,50,20
"agent RandomAgent #129",RandomAgent,46.63,0,0.569,50,0,1336,0,23546,11364,75,11944,0,0,25,0,0,100,11968,0,20325,11354,251,0,46630,50,20
"agent RandomAgent #130",RandomAgent,7.137,0,0.569,50,0,326,0,3609,1779,75,1805,0,0,25,0,0,100,1783,0,7982,1770,148,1,7137,50,20
"agent RandomAgent #131",RandomAgent,74.719,0,0.569,50,0,2612,0,37417,17928,75,19417,0,0,25,0,0,100,19440,0,22915,17934,263,2,74719,50,20
"agent RandomAgent #132",RandomAgent,7.77,0,0.569,50,0,129,0,3872,2006,75,1887,0,0,25,0,0,100,1865,0,7237,2012,161,3,7770,50,20
"agent RandomAgent #133",RandomAgent,19.526,0,0.569,50,0,644,0,9854,4461,75,5295,0,0,25,0,0,100,5319,0,12935,4451,192,0,19526,50,20
"agent RandomAgent #134",RandomAgent,18.885,0,0.569,50,0,469,0,9443,5678,75,3780,0,0,25,0,0,100,3758,0,17336,5669,169,1,18885,50,20
"agent RandomAgent #135",RandomAgent,87.681,0,0.569,50,0,2219,0,43876,19365,75,24461,0,0,25,0,0,100,24484,0,16296,19371,263,2,87681,50,20
"agent RandomAgent #136",RandomAgent,9.442,0,0.569,50,0,293,0,4684,2803,75,1926,0,0,25,0,0,100,1904,0,11154,2809,153,3,9442,50,20
"agent RandomAgent #137",RandomAgent,25.722,0,0.569,50,0,791,0,12892,5769,75,7085,0,0,25,0,0,100,7109,0,8050,5759,263,0,25722,50,20
"agent RandomAgent #138",RandomAgent,66.757,0,0.569,50,0,1858,0,33626,18717,75,14677,0,0,25,0,0,100,14655,0,24328,18708,169,1,66757,50,20
"agent RandomAgent #139",RandomAgent,25.691,0,0.569,50,0,785,0,12878,6299,75,6532,0,0,25,0,0,100,6555,0,10869,6305,227,2,25691,50,20
"agent RandomAgent #140",RandomAgent,16.302,0,0.569,50,0,451,0,8240,4665,75,3494,0,0,25,0,0,100,3472,0,12171,4671,169,3,16302,50,20
"agent RandomAgent #141",RandomAgent,8.078,0,0.569,50,0,287,0,3960,1855,75,2177,0,0,25,0,0,100,2201,0,5658,1845,200,0,8078,50,20
"agent RandomAgent #142",RandomAgent,13.669,0,0.569,50,0,355,0,6941,3802,75,3048,0,0,25,0,0,100,3026,0,10999,3793,157,1,13669,50,20
"agent RandomAgent #143",RandomAgent,48.365,0,0.569,50,0,1792,0,24320,11833,75,12335,0,0,25,0,0,100,12358,0,14597,11839,226,2,48365,50,20
"agent RandomAgent #144",RandomAgent,9.66,0,0.569,50,0,142,0,4796,2372,75,2466,0,0,25,0,0,100,2444,0,6397,2378,120,3,9660,50,20
"agent RandomAgent #145",RandomAgent,10.77,0,0.569,50,0,278,0,5410,2729,75,2649,0,0,25,0,0,100,2673,0,7828,2719,197,0,10770,50,20
"agent RandomAgent #146",RandomAgent,69.051,0,0.569,50,0,2014,0,34734,19651,75,14890,0,0,25,0,0,100,14868,0,24316,19642,150,1,69051,50,20
"agent RandomAgent #147",RandomAgent,92.675,0,0.569,50,0,2371,0,46762,22048,75,24275,0,0,25,0,0,100,24298,0,17725,22054,222,2,92675,50,20
"agent RandomAgent #148",RandomAgent,1.58,0,0.569,50,0,69,0,805,448,75,350,0,0,25,0,0,100,328,0,1606,454,112,3,1580,50,20
"agent RandomAgent #149",RandomAgent,6.2,0,0.569,50,0,188,0,3046,1179,75,1914,0,0,25,0,0,100,1938,0,3344,1169,231,0,6200,50,20
"agent RandomAgent #150",RandomAgent,10.857,0,0.569,50,0,302,0,5424,2976,75,2468,0,0,25,0,0,100,2446,0,12353,2967,149,1,10857,50,20
"agent RandomAgent #151",RandomAgent,122.165,0,0.569,50,0,4327,0,61496,27739,75,33329,0,0,25,0,0,100,33352,0,14658,27745,262,2,122165,50,20
"agent RandomAgent #152",RandomAgent,20.404,0,0.569,50,0,511,0,10290,5956,75,4254,0,0,25,0,0,100,4232,0,13427,5962,169,3,20404,50,20
"agent RandomAgent #153",RandomAgent,105.258,0,0.569,50,0,2389,0,52889,23646,75,28976,0,0,25,0,0,100,29000,0,15525,23636,262,0,105258,50,20
"agent RandomAgent #154",RandomAgent,26.737,0,0.569,50,0,624,0,13352,7398,75,5986,0,0,25,0,0,100,5964,0,16225,7389,159,1,26737,50,20
"agent RandomAgent #155",RandomAgent,20.517,0,0.569,50,0,656,0,10344,5411,75,4833,0,0,25,0,0,100,4856,0,8331,5417,219,2,20517,50,20
"agent RandomAgent #156",RandomAgent,67.674,0,0.569,50,0,2071,0,34040,18145,75,15700,0,0,25,0,0,100,15678,0,22718,18151,169,3,67674,50,20
"agent RandomAgent #157",RandomAgent,8.838,0,0.569,50,0,181,0,4295,2061,75,2351,0,0,25,0,0,100,2375,0,5769,2051,209,0,8838,50,20
"agent RandomAgent #158",RandomAgent,22.363,0,0.569,50,0,505,0,11267,5923,75,5274,0,0,25,0,0,100,5252,0,12717,5914,162,1,22363,50,20
"agent RandomAgent #159",RandomAgent,10.449,0,0.569,50,0,320,0,5240,2641,75,2569,0,0,25,0,0,100,2592,0,3557,2647,203,2,10449,50,20
"agent RandomAgent #160",RandomAgent,10.54,0,0.569,50,0,240,0,5207,2575,75,2703,0,0,25,0,0,100,2681,0,4854,2581,169,3,10540,50,20
"agent RandomAgent #161",RandomAgent,18.118,0,0.569,50,0,530,0,9068,3601,75,5451,0,0,25,0,0,100,5475,0,8108,3591,237,0,18118,50,20
"agent RandomAgent #162",RandomAgent,18.513,0,0.569,50,0,704,0,9354,5000,75,4272,0,0,25,0,0,100,4250,0,12391,4991,158,1,18513,50,20
"agent RandomAgent #163",RandomAgent,15.659,0,0.569,50,0,418,0,7807,2725,75,5090,0,0,25,0,0,100,5113,0,4045,2731,237,2,15659,50,20
"agent RandomAgent #164",RandomAgent,10.886,0,0.569,50,0,240,0,5483,2987,75,2464,0,0,25,0,0,100,2442,0,5868,2993,169,3,10886,50,20
"agent RandomAgent #165",RandomAgent,44.892,0,0.569,50,0,1303,0,22763,10284,75,12155,0,0,25,0,0,100,12179,0,12045,10274,263,0,44892,50,20
"agent RandomAgent #166",RandomAgent,13.673,0,0.569,50,0,470,0,6991,3630,75,3222,0,0,25,0,0,100,3200,0,8072,3621,168,1,13673,50,20
"agent RandomAgent #167",RandomAgent,52.995,0,0.569,50,0,1796,0,26598,13266,75,13217,0,0,25,0,0,100,13240,0,8559,13272,217,2,52995,50,20
"agent RandomAgent #168",RandomAgent,5.356,0,0.569,50,0,165,0,2609,1320,75,1366,0,0,25,0,0,100,1344,0,1704,1326,110,3,5356,50,20
"agent RandomAgent #169",RandomAgent,61.832,0,0.569,50,0,2047,0,31176,13635,75,17274,0,0,25,0,0,100,17298,0,13079,13625,263,0,61832,50,20
"agent RandomAgent #170",RandomAgent,67.005,0,0.569,50,0,1777,0,33409,19720,75,13798,0,0,25,0,0,100,13776,0,15603,19711,168,1,67005,50,20
"agent RandomAgent #171",RandomAgent,5.995,0,0.569,50,0,74,0,2977,1522,75,1461,0,0,25,0,0,100,1484,0,1781,1528,137,2,5995,50,20
"agent RandomAgent #172",RandomAgent,30.416,0,0.569,50,0,1131,0,15520,8722,75,6494,0,0,25,0,0,100,6472,0,13986,8728,158,3,30416,50,20
"agent RandomAgent #173",RandomAgent,41.328,0,0.569,50,0,1254,0,20769,7644,75,13013,0,0,25,0,0,100,13037,0,8666,7634,262,0,41328,50,20
"agent RandomAgent #174",RandomAgent,7.869,0,0.569,50,0,205,0,3917,2152,75,1798,0,0,25,0,0,100,1776,0,6243,2143,149,1,7869,50,20
"agent RandomAgent #175",RandomAgent,8.093,0,0.569,50,0,188,0,4001,1754,75,2278,0,0,25,0,0,100,2301,0,1740,1760,188,2,8093,50,20
"agent RandomAgent #176",RandomAgent,50.32,0,0.569,50,0,1063,0,25174,14141,75,11027,0,0,25,0,0,100,11005,0,10238,14147,157,3,50320,50,20
"agent RandomAgent #177",RandomAgent,52.054,0,0.569,50,0,1133,0,25867,11966,75,14054,0,0,25,0,0,100,14078,0,7634,11956,263,0,52054,50,20
"agent RandomAgent #178",RandomAgent,9.201,0,0.569,50,0,203,0,4596,2243,75,2373,0,0,25,0,0,100,2351,0,3719,2234,169,1,9201,50,20
"agent RandomAgent #179",RandomAgent,18.297,0,0.569,50,0,604,0,9210,4419,75,4715,0,0,25,0,0,100,4738,0,5202,4425,192,2,18297,50,20
"agent RandomAgent #180",RandomAgent,37.968,0,0.569,50,0,1187,0,19303,10686,75,8306,0,0,25,0,0,100,8284,0,10779,10692,151,3,37968,50,20
"agent RandomAgent #181",RandomAgent,13.316,0,0.569,50,0,302,0,6718,3275,75,3376,0,0,25,0,0,100,3400,0,5603,3265,193,0,13316,50,20
"agent RandomAgent #182",RandomAgent,5.411,0,0.569,50,0,114,0,2692,1398,75,1323,0,0,25,0,0,100,1301,0,2777,1389,169,1,5411,50,20
"agent RandomAgent #183",RandomAgent,1.895,0,0.569,50,0,44,0,960,427,75,506,0,0,25,0,0,100,529,0,518,433,149,2,1895,50,20
"agent RandomAgent #184",RandomAgent,19.542,0,0.569,50,0,641,0,9841,5258,75,4521,0,0,25,0,0,100,4499,0,6680,5264,169,3,19542,50,20
"agent RandomAgent #185",RandomAgent,17.33,0,0.569,50,0,573,0,8593,3234,75,5424,0,0,25,0,0,100,5448,0,4987,3224,262,0,17330,50,20
"agent RandomAgent #186",RandomAgent,5.963,0,0.569,50,0,164,0,3042,1440,75,1557,0,0,25,0,0,100,1535,0,2570,1431,168,1,5963,50,20
"agent RandomAgent #187",RandomAgent,9.153,0,0.569,50,0,407,0,4544,2203,75,2359,0,0,25,0,0,100,2382,0,2020,2209,191,2,9153,50,20
"agent RandomAgent #188",RandomAgent,6.812,0,0.569,50,0,206,0,3408,1435,75,1979,0,0,25,0,0,100,1957,0,1379,1441,103,3,6812,50,20
"agent RandomAgent #189",RandomAgent,20.062,0,0.569,50,0,604,0,10038,4478,75,5546,0,0,25,0,0,100,5570,0,4441,4468,261,0,20062,50,20
"agent RandomAgent #190",RandomAgent,9.081,0,0.569,50,0,288,0,4542,2451,75,2105,0,0,25,0,0,100,2083,0,6535,2442,146,1,9081,50,20
"agent RandomAgent #191",RandomAgent,17.899,0,0.569,50,0,646,0,8931,3380,75,5555,0,0,25,0,0,100,5578,0,2148,3386,251,2,17899,50,20
"agent RandomAgent #192",RandomAgent,2.004,0,0.569,50,0,53,0,1004,537,75,473,0,0,25,0,0,100,451,0,625,543,112,3,2004,50,20
"agent RandomAgent #193",RandomAgent,13.842,0,0.569,50,0,318,0,6928,3481,75,3433,0,0,25,0,0,100,3457,0,3651,3471,200,0,13842,50,20
"agent RandomAgent #194",RandomAgent,17.049,0,0.569,50,0,591,0,8533,5065,75,3475,0,0,25,0,0,100,3453,0,6973,5056,168,1,17049,50,20
"agent RandomAgent #195",RandomAgent,10.409,0,0.569,50,0,312,0,5203,2189,75,3001,0,0,25,0,0,100,3024,0,1078,2195,254,2,10409,50,20
"agent RandomAgent #196",RandomAgent,3.32,0,0.569,50,0,119,0,1613,717,75,951,0,0,25,0,0,100,929,0,568,723,108,3,3320,50,20
"agent RandomAgent #197",RandomAgent,14.922,0,0.569,50,0,306,0,7343,3651,75,3803,0,0,25,0,0,100,3827,0,3582,3641,223,0,14922,50,20
"agent RandomAgent #198",RandomAgent,5.901,0,0.569,50,0,159,0,3008,1394,75,1572,0,0,25,0,0,100,1550,0,1394,1385,153,1,5901,50,20
"agent RandomAgent #199",RandomAgent,9.333,0,0.569,50,0,164,0,4598,2208,75,2444,0,0,25,0,0,100,2467,0,1897,2214,198,2,9333,50,20
"agent RandomAgent #200",RandomAgent,44.86,0,0.569,50,0,1210,0,22345,12391,75,10047,0,0,25,0,0,100,10025,0,7066,12397,169,3,44860,50,20
"agent RandomAgent #201",RandomAgent,37.926,0,0.569,50,0,1077,0,19042,9266,75,9690,0,0,25,0,0,100,9714,0,4181,9256,226,0,37926,50,20
"agent RandomAgent #202",RandomAgent,20.933,0,0.569,50,0,709,0,10640,5855,75,4627,0,0,25,0,0,100,4605,0,6518,5846,151,1,20933,50,20
"agent RandomAgent #203",RandomAgent,2.117,0,0.569,50,0,10,0,1028,516,75,528,0,0,25,0,0,100,551,0,425,522,119,2,2117,50,20
"agent RandomAgent #204",RandomAgent,47.55,0,0.569,50,0,1337,0,23645,13140,75,10643,0,0,25,0,0,100,10621,0,5417,13146,169,3,47550,50,20
"agent RandomAgent #205",RandomAgent,27.784,0,0.569,50,0,703,0,14037,6845,75,7040,0,0,25,0,0,100,7064,0,2148,6835,202,0,27784,50,20
"agent RandomAgent #206",RandomAgent,18.033,0,0.569,50,0,579,0,9203,5054,75,3978,0,0,25,0,0,100,3956,0,4192,5045,153,1,18033,50,20
"agent RandomAgent #207",RandomAgent,44.993,0,0.569,50,0,1515,0,22670,9787,75,12695,0,0,25,0,0,100,12718,0,2116,9793,263,2,44993,50,20
"agent RandomAgent #208",RandomAgent,8.366,0,0.569,50,0,168,0,4177,2059,75,2132,0,0,25,0,0,100,2110,0,1725,2065,167,3,8366,50,20
"agent RandomAgent #209",RandomAgent,39.698,0,0.569,50,0,1069,0,20025,8528,75,11314,0,0,25,0,0,100,11338,0,2141,8518,262,0,39698,50,20
"agent RandomAgent #210",RandomAgent,9.647,0,0.569,50,0,220,0,4850,2706,75,2133,0,0,25,0,0,100,2111,0,1617,2697,151,1,9647,50,20
"agent RandomAgent #211",RandomAgent,88.631,0,0.569,50,0,2338,0,44623,21119,75,23182,0,0,25,0,0,100,23205,0,1331,21125,263,2,88631,50,20
"agent RandomAgent #212",RandomAgent,3.33,0,0.569,50,0,64,0,1627,701,75,972,0,0,25,0,0,100,950,0,272,707,92,3,3330,50,20
"agent RandomAgent #213",RandomAgent,14.308,0,0.569,50,0,263,0,7100,3499,75,3648,0,0,25,0,0,100,3672,0,643,3489,199,0,14308,50,20
"agent RandomAgent #214",RandomAgent,28.385,0,0.569,50,0,869,0,14221,7760,75,6448,0,0,25,0,0,100,6426,0,4900,7751,169,1,28385,50,20
"agent RandomAgent #215",RandomAgent,13.889,0,0.569,50,0,332,0,6916,3945,75,2985,0,0,25,0,0,100,3008,0,218,3951,171,2,13889,50,20
"agent RandomAgent #216",RandomAgent,10.856,0,0.569,50,0,318,0,5541,3245,75,2191,0,0,25,0,0,100,2169,0,1565,3251,149,3,10856,50,20
"agent RandomAgent #217",RandomAgent,11.318,0,0.569,50,0,99,0,5599,2746,75,2906,0,0,25,0,0,100,2930,0,797,2736,195,0,11318,50,20
"agent RandomAgent #218",RandomAgent,36.121,0,0.569,50,0,1270,0,18161,10589,75,7487,0,0,25,0,0,100,7465,0,2412,10580,149,1,36121,50,20
"agent RandomAgent #219",RandomAgent,11.141,0,0.569,50,0,193,0,5665,2849,75,2707,0,0,25,0,0,100,2730,0,80,2855,221,2,11141,50,20
"agent RandomAgent #220",RandomAgent,69.726,0,0.569,50,0,2301,0,35230,20399,75,14472,0,0,25,0,0,100,14450,0,1343,20405,152,3,69726,50,20
"agent RandomAgent #221",RandomAgent,3.056,0,0.569,50,0,58,0,1488,614,75,907,0,0,25,0,0,100,931,0,236,604,165,0,3056,50,20
"agent RandomAgent #222",RandomAgent,25.505,0,0.569,50,0,818,0,12968,6990,75,5778,0,0,25,0,0,100,5756,0,321,6981,150,1,25505,50,20
"agent RandomAgent #223",RandomAgent,2.655,0,0.569,50,0,68,0,1254,668,75,645,0,0,25,0,0,100,668,0,0,674,153,2,2655,50,20
"agent RandomAgent #224",RandomAgent,20.666,0,0.569,50,0,545,0,10406,5649,75,4692,0,0,25,0,0,100,4670,0,0,5655,150,3,20666,50,20
"agent RandomAgent #225",RandomAgent,5.978,0,0.569,50,0,97,0,3041,1363,75,1619,0,0,25,0,0,100,1643,0,0,1353,173,0,5978,50,20
"agent NegotiatingAgent #226",NegotiatingAgent,0.151,4,0.569,50,10,4,0,4,45,75,46,15,92,25,0,0,100,24,0,275,36,133,1,151,50,20
"agent NegotiatingAgent #227",NegotiatingAgent,0.245,994,0.569,50,16,6,0,6,44,75,64,29,38,25,0,0,100,87,0,112,50,170,2,245,50,20
"agent NegotiatingAgent #228",NegotiatingAgent,0.238,1069,0.569,50,32,6,0,7,55,75,72,58,150,25,1,0,100,50,0,279,61,156,3,238,50,20
"agent NegotiatingAgent #229",NegotiatingAgent,0.234,337,0.569,50,24,8,0,8,64,75,46,54,136,25,5,0,100,70,0,304,54,187,0,234,50,20
"agent NegotiatingAgent #230",NegotiatingAgent,0.215,1604,0.569,50,34,7,0,7,59,75,64,75,144,25,1,3,100,42,0,329,50,165,1,215,50,20
"agent NegotiatingAgent #231",NegotiatingAgent,0.431,1372,0.569,50,31,15,0,15,94,75,107,63,156,25,0,0,100,130,0,345,100,263,2,431,50,20
"agent NegotiatingAgent #232",NegotiatingAgent,0.116,8,0.569,50,4,3,0,3,24,75,42,5,10,25,0,0,100,20,0,35,30,95,3,116,50,20
"agent NegotiatingAgent #233",NegotiatingAgent,0.226,374,0.569,50,21,6,0,6,60,75,46,72,121,25,10,5,100,70,0,281,50,183,0,226,50,20
"agent NegotiatingAgent #234",NegotiatingAgent,0.201,1866,0.569,50,39,7,0,7,52,75,64,118,142,25,20,0,100,42,0,204,43,158,1,201,50,20
"agent NegotiatingAgent #235",NegotiatingAgent,0.403,1749,0.569,50,34,11,0,11,86,75,101,105,191,25,11,4,100,124,0,456,92,249,2,403,50,20
"agent NegotiatingAgent #236",NegotiatingAgent,0.232,883,0.569,50,22,7,0,7,54,75,70,69,104,25,3,7,100,48,0,221,60,153,3,232,50,20
"agent NegotiatingAgent #237",NegotiatingAgent,0.172,2,0.569,50,8,3,0,4,44,75,35,41,64,25,6,6,100,59,0,175,34,156,0,172,50,20
"agent NegotiatingAgent #238",NegotiatingAgent,0.169,8,0.569,50,8,4,0,4,44,75,56,26,55,25,3,2,100,34,0,105,35,142,1,169,50,20
"agent NegotiatingAgent #239",NegotiatingAgent,0.419,81,0.569,50,5,13,0,13,92,75,103,99,188,25,34,4,100,126,0,333,98,257,2,419,50,20
"agent NegotiatingAgent #240",NegotiatingAgent,0.206,150,0.569,50,5,6,0,7,49,75,62,70,128,25,21,3,100,40,0,212,55,140,3,206,50,20
"agent NegotiatingAgent #241",NegotiatingAgent,0.21,1036,0.569,50,20,4,0,4,56,75,42,76,91,25,8,10,100,66,0,180,46,175,0,210,50,20
"agent NegotiatingAgent #242",NegotiatingAgent,0.161,242,0.569,50,7,4,0,4,44,75,52,27,60,25,1,4,100,30,0,142,35,138,1,161,50,20
"agent NegotiatingAgent #243",NegotiatingAgent,0.105,0,0.569,50,0,2,0,2,20,75,18,6,5,25,0,3,100,41,0,25,26,100,2,105,50,20
"agent NegotiatingAgent #244",NegotiatingAgent,0.124,0,0.569,50,0,3,0,3,24,75,46,12,11,25,3,3,100,24,0,23,30,99,3,124,50,20
"agent NegotiatingAgent #245",NegotiatingAgent,0.222,109,0.569,50,5,6,0,6,58,75,46,69,93,25,17,10,100,70,0,223,48,181,0,222,50,20
"agent NegotiatingAgent #246",NegotiatingAgent,0.141,366,0.569,50,8,2,0,2,40,75,46,84,88,25,21,4,100,24,0,121,31,128,1,141,50,20
"agent NegotiatingAgent #247",NegotiatingAgent,0.263,0,0.569,50,0,6,0,6,60,75,57,32,111,25,10,3,100,80,0,222,66,179,2,263,50,20
"agent NegotiatingAgent #248",NegotiatingAgent,0.182,26,0.569,50,1,2,0,3,45,75,54,55,88,25,11,14,100,32,0,140,51,128,3,182,50,20
"agent NegotiatingAgent #249",NegotiatingAgent,0.294,0,0.569,50,0,6,0,6,68,75,72,25,35,25,3,7,100,96,0,62,58,217,0,294,50,20
"agent NegotiatingAgent #250",NegotiatingAgent,0.203,0,0.569,50,0,6,0,6,57,75,60,73,99,25,23,6,100,38,0,171,48,159,1,203,50,20
