agentName,agentType,averageSpeed,cumulatedUtilityReceived,freeWallRatio,numBacktrackAgents,numCFPAnswered,numDeadends,numDifferentEncounters,numDirectionChanges,numDownSteps,numForwardAgents,numLeftSteps,numMessagesReceived,numMessagesSent,numNegotiatingAgents,numProposalsAccepted,numProposalsRejected,numRandomAgents,numRightSteps,numSwarmAgents,numTotalEncounters,numUpSteps,numVisitedCells,startingPosition,stepsToExit,xsize,ysize
"agent BacktrackAgent #1",BacktrackAgent,0.679,0,0.569,100,0,18,0,18,152,100,180,0,0,100,0,0,100,204,0,6972,143,418,0,679,50,20
"agent BacktrackAgent #2",BacktrackAgent,0.532,0,0.569,100,0,12,0,12,121,100,160,0,0,100,0,0,100,138,0,2604,113,332,1,532,50,20
"agent BacktrackAgent #3",BacktrackAgent,0.086,0,0.569,100,0,1,0,1,12,100,16,0,0,100,0,0,100,39,0,1311,19,81,2,86,50,20
"agent BacktrackAgent #4",BacktrackAgent,0.369,0,0.569,100,0,6,0,6,70,100,122,0,0,100,0,0,100,100,0,1603,77,204,3,369,50,20
"agent BacktrackAgent #5",BacktrackAgent,0.179,0,0.569,100,0,3,0,3,40,100,42,0,0,100,0,0,100,66,0,4495,31,168,0,179,50,20
"agent BacktrackAgent #6",BacktrackAgent,0.212,0,0.569,100,0,9,0,9,55,100,66,0,0,100,0,0,100,44,0,1224,47,172,1,212,50,20
"agent BacktrackAgent #7",BacktrackAgent,0.748,0,0.569,100,0,17,0,17,160,100,199,0,0,100,0,0,100,222,0,1853,167,412,2,748,50,20
"agent BacktrackAgent #8",BacktrackAgent,0.473,0,0.569,100,0,15,0,15,102,100,142,0,0,100,0,0,100,120,0,1706,109,256,3,473,50,20
"agent BacktrackAgent #9",BacktrackAgent,0.175,0,0.569,100,0,3,0,3,40,100,40,0,0,100,0,0,100,64,0,3306,31,166,0,175,50,20
"agent BacktrackAgent #10",BacktrackAgent,0.474,0,0.569,100,0,8,0,8,102,100,150,0,0,100,0,0,100,128,0,1833,94,303,1,474,50,20
"agent BacktrackAgent #11",BacktrackAgent,0.748,0,0.569,100,0,18,0,18,160,100,199,0,0,100,0,0,100,222,0,3203,167,412,2,748,50,20
"agent BacktrackAgent #12",BacktrackAgent,0.037,0,0.569,100,0,0,0,0,4,100,22,0,0,100,0,0,100,0,0,1046,11,38,3,37,50,20
"agent BacktrackAgent #13",BacktrackAgent,0.667,0,0.569,100,0,17,0,17,148,100,178,0,0,100,0,0,100,202,0,6836,139,412,0,667,50,20
"agent BacktrackAgent #14",BacktrackAgent,0.194,0,0.569,100,0,5,0,5,52,100,60,0,0,100,0,0,100,38,0,1345,44,163,1,194,50,20
"agent BacktrackAgent #15",BacktrackAgent,0.074,0,0.569,100,0,0,0,0,10,100,12,0,0,100,0,0,100,35,0,1545,17,75,2,74,50,20
"agent BacktrackAgent #16",BacktrackAgent,0.789,0,0.569,100,0,18,0,18,166,100,236,0,0,100,0,0,100,214,0,4302,173,414,3,789,50,20
"agent BacktrackAgent #17",BacktrackAgent,0.159,0,0.569,100,0,1,0,1,38,100,34,0,0,100,0,0,100,58,0,5374,29,158,0,159,50,20
"agent BacktrackAgent #18",BacktrackAgent,0.698,0,0.569,100,0,18,0,18,150,100,214,0,0,100,0,0,100,192,0,2143,142,415,1,698,50,20
"agent BacktrackAgent #19",BacktrackAgent,0.752,0,0.569,100,0,18,0,18,160,100,201,0,0,100,0,0,100,224,0,3601,167,414,2,752,50,20
"agent BacktrackAgent #20",BacktrackAgent,0.381,0,0.569,100,0,8,0,8,72,100,126,0,0,100,0,0,100,104,0,1940,79,210,3,381,50,20
"agent BacktrackAgent #21",BacktrackAgent,0.663,0,0.569,100,0,16,0,16,148,100,176,0,0,100,0,0,100,200,0,6789,139,410,0,663,50,20
"agent BacktrackAgent #22",BacktrackAgent,0.548,0,0.569,100,0,15,0,15,123,100,166,0,0,100,0,0,100,144,0,2225,115,340,1,548,50,20
"agent BacktrackAgent #23",BacktrackAgent,0.09,0,0.569,100,0,3,0,3,12,100,18,0,0,100,0,0,100,41,0,1323,19,83,2,90,50,20
"agent BacktrackAgent #24",BacktrackAgent,0.797,0,0.569,100,0,19,0,19,168,100,238,0,0,100,0,0,100,216,0,4257,175,418,3,797,50,20
"agent BacktrackAgent #25",BacktrackAgent,0.663,0,0.569,100,0,15,0,15,146,100,178,0,0,100,0,0,100,202,0,6468,137,410,0,663,50,20
"agent BacktrackAgent #26",BacktrackAgent,0.484,0,0.569,100,0,10,0,10,105,100,152,0,0,100,0,0,100,130,0,1961,97,308,1,484,50,20
"agent BacktrackAgent #27",BacktrackAgent,0.074,0,0.569,100,0,0,0,0,10,100,12,0,0,100,0,0,100,35,0,1435,17,75,2,74,50,20
"agent BacktrackAgent #28",BacktrackAgent,0.785,0,0.569,100,0,17,0,17,166,100,234,0,0,100,0,0,100,212,0,4069,173,412,3,785,50,20
"agent BacktrackAgent #29",BacktrackAgent,0.183,0,0.569,100,0,4,0,4,40,100,44,0,0,100,0,0,100,68,0,5348,31,170,0,183,50,20
"agent BacktrackAgent #30",BacktrackAgent,0.63,0,0.569,100,0,13,0,13,130,100,200,0,0,100,0,0,100,178,0,2448,122,381,1,630,50,20
"agent BacktrackAgent #31",BacktrackAgent,0.752,0,0.569,100,0,18,0,18,160,100,201,0,0,100,0,0,100,224,0,2914,167,414,2,752,50,20
"agent BacktrackAgent #32",BacktrackAgent,0.377,0,0.569,100,0,7,0,7,72,100,124,0,0,100,0,0,100,102,0,2150,79,208,3,377,50,20
"agent BacktrackAgent #33",BacktrackAgent,0.179,0,0.569,100,0,5,0,5,42,100,40,0,0,100,0,0,100,64,0,4802,33,168,0,179,50,20
"agent BacktrackAgent #34",BacktrackAgent,0.688,0,0.569,100,0,17,0,17,149,100,210,0,0,100,0,0,100,188,0,1995,141,410,1,688,50,20
"agent BacktrackAgent #35",BacktrackAgent,0.26,0,0.569,100,0,6,0,6,52,100,63,0,0,100,0,0,100,86,0,2005,59,168,2,260,50,20
"agent BacktrackAgent #36",BacktrackAgent,0.473,0,0.569,100,0,15,0,15,102,100,142,0,0,100,0,0,100,120,0,2920,109,256,3,473,50,20
"agent BacktrackAgent #37",BacktrackAgent,0.175,0,0.569,100,0,4,0,4,40,100,40,0,0,100,0,0,100,64,0,4732,31,166,0,175,50,20
"agent BacktrackAgent #38",BacktrackAgent,0.63,0,0.569,100,0,12,0,12,132,100,198,0,0,100,0,0,100,176,0,1642,124,381,1,630,50,20
"agent BacktrackAgent #39",BacktrackAgent,0.566,0,0.569,100,0,13,0,13,118,100,150,0,0,100,0,0,100,173,0,2744,125,321,2,566,50,20
"agent BacktrackAgent #40",BacktrackAgent,0.049,0,0.569,100,0,2,0,2,6,100,26,0,0,100,0,0,100,4,0,1011,13,44,3,49,50,20
"agent BacktrackAgent #41",BacktrackAgent,0.171,0,0.569,100,0,2,0,2,40,100,38,0,0,100,0,0,100,62,0,4826,31,164,0,171,50,20
"agent BacktrackAgent #42",BacktrackAgent,0.322,0,0.569,100,0,11,0,11,68,100,108,0,0,100,0,0,100,86,0,1009,60,227,1,322,50,20
"agent BacktrackAgent #43",BacktrackAgent,0.748,0,0.569,100,0,18,0,18,160,100,199,0,0,100,0,0,100,222,0,2584,167,412,2,748,50,20
"agent BacktrackAgent #44",BacktrackAgent,0.365,0,0.569,100,0,5,0,5,70,100,120,0,0,100,0,0,100,98,0,1936,77,202,3,365,50,20
"agent BacktrackAgent #45",BacktrackAgent,0.663,0,0.569,100,0,16,0,16,146,100,178,0,0,100,0,0,100,202,0,5880,137,410,0,663,50,20
"agent BacktrackAgent #46",BacktrackAgent,0.306,0,0.569,100,0,8,0,8,66,100,102,0,0,100,0,0,100,80,0,1029,58,219,1,306,50,20
"agent BacktrackAgent #47",BacktrackAgent,0.57,0,0.569,100,0,14,0,14,118,100,152,0,0,100,0,0,100,175,0,2235,125,323,2,570,50,20
"agent BacktrackAgent #48",BacktrackAgent,0.377,0,0.569,100,0,7,0,7,72,100,124,0,0,100,0,0,100,102,0,1852,79,208,3,377,50,20
"agent BacktrackAgent #49",BacktrackAgent,0.183,0,0.569,100,0,4,0,4,42,100,42,0,0,100,0,0,100,66,0,4709,33,170,0,183,50,20
"agent BacktrackAgent #50",BacktrackAgent,0.54,0,0.569,100,0,13,0,13,123,100,162,0,0,100,0,0,100,140,0,2440,115,336,1,540,50,20
"agent BacktrackAgent #51",BacktrackAgent,0.248,0,0.569,100,0,4,0,4,50,100,59,0,0,100,0,0,100,82,0,1682,57,162,2,248,50,20
"agent BacktrackAgent #52",BacktrackAgent,0.469,0,0.569,100,0,14,0,14,102,100,140,0,0,100,0,0,100,118,0,2602,109,254,3,469,50,20
"agent BacktrackAgent #53",BacktrackAgent,0.167,0,0.569,100,0,3,0,3,40,100,36,0,0,100,0,0,100,60,0,4281,31,162,0,167,50,20
"agent BacktrackAgent #54",BacktrackAgent,0.514,0,0.569,100,0,9,0,9,116,100,156,0,0,100,0,0,100,134,0,1986,108,323,1,514,50,20
"agent BacktrackAgent #55",BacktrackAgent,0.248,0,0.569,100,0,4,0,4,50,100,59,0,0,100,0,0,100,82,0,1894,57,162,2,248,50,20
"agent BacktrackAgent #56",BacktrackAgent,0.037,0,0.569,100,0,0,0,0,4,100,22,0,0,100,0,0,100,0,0,821,11,38,3,37,50,20
"agent BacktrackAgent #57",BacktrackAgent,0.667,0,0.569,100,0,17,0,17,148,100,178,0,0,100,0,0,100,202,0,5130,139,412,0,667,50,20
"agent BacktrackAgent #58",BacktrackAgent,0.526,0,0.569,100,0,11,0,11,118,100,160,0,0,100,0,0,100,138,0,1706,110,329,1,526,50,20
"agent BacktrackAgent #59",BacktrackAgent,0.078,0,0.569,100,0,1,0,1,10,100,14,0,0,100,0,0,100,37,0,1052,17,77,2,78,50,20
"agent BacktrackAgent #60",BacktrackAgent,0.801,0,0.569,100,0,20,0,20,168,100,240,0,0,100,0,0,100,218,0,3231,175,420,3,801,50,20
"agent BacktrackAgent #61",BacktrackAgent,0.679,0,0.569,100,0,18,0,18,152,100,180,0,0,100,0,0,100,204,0,5068,143,418,0,679,50,20
"agent BacktrackAgent #62",BacktrackAgent,0.194,0,0.569,100,0,5,0,5,52,100,60,0,0,100,0,0,100,38,0,886,44,163,1,194,50,20
"agent BacktrackAgent #63",BacktrackAgent,0.272,0,0.569,100,0,7,0,7,54,100,67,0,0,100,0,0,100,90,0,1783,61,174,2,272,50,20
"agent BacktrackAgent #64",BacktrackAgent,0.053,0,0.569,100,0,3,0,3,6,100,28,0,0,100,0,0,100,6,0,842,13,46,3,53,50,20
"agent BacktrackAgent #65",BacktrackAgent,0.663,0,0.569,100,0,15,0,15,148,100,176,0,0,100,0,0,100,200,0,5522,139,410,0,663,50,20
"agent BacktrackAgent #66",BacktrackAgent,0.15,0,0.569,100,0,4,0,4,36,100,54,0,0,100,0,0,100,32,0,914,28,141,1,150,50,20
"agent BacktrackAgent #67",BacktrackAgent,0.256,0,0.569,100,0,4,0,4,52,100,61,0,0,100,0,0,100,84,0,1343,59,166,2,256,50,20
"agent BacktrackAgent #68",BacktrackAgent,0.785,0,0.569,100,0,17,0,17,166,100,234,0,0,100,0,0,100,212,0,2907,173,412,3,785,50,20
"agent BacktrackAgent #69",BacktrackAgent,0.667,0,0.569,100,0,16,0,16,150,100,176,0,0,100,0,0,100,200,0,4919,141,412,0,667,50,20
"agent BacktrackAgent #70",BacktrackAgent,0.142,0,0.569,100,0,3,0,3,34,100,52,0,0,100,0,0,100,30,0,822,26,137,1,142,50,20
"agent BacktrackAgent #71",BacktrackAgent,0.566,0,0.569,100,0,13,0,13,118,100,150,0,0,100,0,0,100,173,0,2363,125,321,2,566,50,20
"agent BacktrackAgent #72",BacktrackAgent,0.049,0,0.569,100,0,2,0,2,6,100,26,0,0,100,0,0,100,4,0,805,13,44,3,49,50,20
"agent BacktrackAgent #73",BacktrackAgent,0.671,0,0.569,100,0,17,0,17,150,100,178,0,0,100,0,0,100,202,0,4338,141,414,0,671,50,20
"agent BacktrackAgent #74",BacktrackAgent,0.476,0,0.569,100,0,8,0,8,105,100,148,0,0,100,0,0,100,126,0,1771,97,304,1,476,50,20
"agent BacktrackAgent #75",BacktrackAgent,0.256,0,0.569,100,0,5,0,5,52,100,61,0,0,100,0,0,100,84,0,1413,59,166,2,256,50,20
"agent BacktrackAgent #76",BacktrackAgent,0.473,0,0.569,100,0,15,0,15,102,100,142,0,0,100,0,0,100,120,0,1939,109,256,3,473,50,20
"agent BacktrackAgent #77",BacktrackAgent,0.663,0,0.569,100,0,16,0,16,146,100,178,0,0,100,0,0,100,202,0,4849,137,410,0,663,50,20
"agent BacktrackAgent #78",BacktrackAgent,0.652,0,0.569,100,0,16,0,16,137,100,204,0,0,100,0,0,100,182,0,1923,129,392,1,652,50,20
"agent BacktrackAgent #79",BacktrackAgent,0.26,0,0.569,100,0,5,0,5,52,100,63,0,0,100,0,0,100,86,0,1410,59,168,2,260,50,20
"agent BacktrackAgent #80",BacktrackAgent,0.049,0,0.569,100,0,2,0,2,6,100,26,0,0,100,0,0,100,4,0,759,13,44,3,49,50,20
"agent BacktrackAgent #81",BacktrackAgent,0.663,0,0.569,100,0,16,0,16,146,100,178,0,0,100,0,0,100,202,0,4560,137,410,0,663,50,20
"agent BacktrackAgent #82",BacktrackAgent,0.466,0,0.569,100,0,7,0,7,100,100,148,0,0,100,0,0,100,126,0,1413,92,299,1,466,50,20
"agent BacktrackAgent #83",BacktrackAgent,0.594,0,0.569,100,0,17,0,17,122,100,160,0,0,100,0,0,100,183,0,1833,129,335,2,594,50,20
"agent BacktrackAgent #84",BacktrackAgent,0.789,0,0.569,100,0,18,0,18,166,100,236,0,0,100,0,0,100,214,0,2759,173,414,3,789,50,20
"agent BacktrackAgent #85",BacktrackAgent,0.171,0,0.569,100,0,3,0,3,38,100,40,0,0,100,0,0,100,64,0,3665,29,164,0,171,50,20
"agent BacktrackAgent #86",BacktrackAgent,0.462,0,0.569,100,0,6,0,6,100,100,146,0,0,100,0,0,100,124,0,1086,92,297,1,462,50,20
"agent BacktrackAgent #87",BacktrackAgent,0.582,0,0.569,100,0,16,0,16,120,100,156,0,0,100,0,0,100,179,0,1628,127,329,2,582,50,20
"agent BacktrackAgent #88",BacktrackAgent,0.041,0,0.569,100,0,1,0,1,4,100,24,0,0,100,0,0,100,2,0,708,11,40,3,41,50,20
"agent BacktrackAgent #89",BacktrackAgent,0.679,0,0.569,100,0,18,0,18,150,100,182,0,0,100,0,0,100,206,0,4535,141,418,0,679,50,20
"agent BacktrackAgent #90",BacktrackAgent,0.514,0,0.569,100,0,9,0,9,116,100,156,0,0,100,0,0,100,134,0,1445,108,323,1,514,50,20
"agent BacktrackAgent #91",BacktrackAgent,0.582,0,0.569,100,0,16,0,16,120,100,156,0,0,100,0,0,100,179,0,1703,127,329,2,582,50,20
"agent BacktrackAgent #92",BacktrackAgent,0.789,0,0.569,100,0,18,0,18,166,100,236,0,0,100,0,0,100,214,0,1904,173,414,3,789,50,20
"agent BacktrackAgent #93",BacktrackAgent,0.667,0,0.569,100,0,16,0,16,150,100,176,0,0,100,0,0,100,200,0,3984,141,412,0,667,50,20
"agent BacktrackAgent #94",BacktrackAgent,0.518,0,0.569,100,0,10,0,10,116,100,158,0,0,100,0,0,100,136,0,1600,108,325,1,518,50,20
"agent BacktrackAgent #95",BacktrackAgent,0.272,0,0.569,100,0,7,0,7,54,100,67,0,0,100,0,0,100,90,0,1065,61,174,2,272,50,20
"agent BacktrackAgent #96",BacktrackAgent,0.037,0,0.569,100,0,0,0,0,4,100,22,0,0,100,0,0,100,0,0,663,11,38,3,37,50,20
"agent BacktrackAgent #97",BacktrackAgent,0.647,0,0.569,100,0,13,0,13,144,100,172,0,0,100,0,0,100,196,0,4125,135,402,0,647,50,20
"agent BacktrackAgent #98",BacktrackAgent,0.692,0,0.569,100,0,17,0,17,151,100,210,0,0,100,0,0,100,188,0,1729,143,412,1,692,50,20
"agent BacktrackAgent #99",BacktrackAgent,0.74,0,0.569,100,0,17,0,17,158,100,197,0,0,100,0,0,100,220,0,1499,165,408,2,740,50,20
"agent BacktrackAgent #100",BacktrackAgent,0.053,0,0.569,100,0,3,0,3,6,100,28,0,0,100,0,0,100,6,0,1084,13,46,3,53,50,20
"agent ForwardAgent #101",ForwardAgent,1.363,0,0.569,100,0,29,0,29,284,100,390,0,0,100,0,0,100,414,0,5023,275,386,0,1363,50,20
"agent ForwardAgent #102",ForwardAgent,2.212,0,0.569,100,0,54,0,54,465,100,656,0,0,100,0,0,100,634,0,2863,457,406,1,2212,50,20
"agent ForwardAgent #103",ForwardAgent,2.928,0,0.569,100,0,52,0,52,610,100,839,0,0,100,0,0,100,862,0,3402,617,412,2,2928,50,20
"agent ForwardAgent #104",ForwardAgent,2.809,0,0.569,100,0,76,0,76,620,100,792,0,0,100,0,0,100,770,0,2762,627,296,3,2809,50,20
"agent ForwardAgent #105",ForwardAgent,3.279,0,0.569,100,0,62,0,62,712,100,920,0,0,100,0,0,100,944,0,7437,703,340,0,3279,50,20
"agent ForwardAgent #106",ForwardAgent,1.246,0,0.569,100,0,25,0,25,286,100,352,0,0,100,0,0,100,330,0,2220,278,384,1,1246,50,20
"agent ForwardAgent #107",ForwardAgent,1.29,0,0.569,100,0,32,0,32,272,100,358,0,0,100,0,0,100,381,0,2983,279,346,2,1290,50,20
"agent ForwardAgent #108",ForwardAgent,0.065,0,0.569,100,0,6,0,6,10,100,30,0,0,100,0,0,100,8,0,674,17,44,3,65,50,20
"agent ForwardAgent #109",ForwardAgent,1.027,0,0.569,100,0,19,0,19,208,100,298,0,0,100,0,0,100,322,0,4570,199,306,0,1027,50,20
"agent ForwardAgent #110",ForwardAgent,1.08,0,0.569,100,0,37,0,37,229,100,326,0,0,100,0,0,100,304,0,2337,221,328,1,1080,50,20
"agent ForwardAgent #111",ForwardAgent,1.114,0,0.569,100,0,40,0,40,246,100,296,0,0,100,0,0,100,319,0,2716,253,321,2,1114,50,20
"agent ForwardAgent #112",ForwardAgent,0.349,0,0.569,100,0,12,0,12,88,100,94,0,0,100,0,0,100,72,0,1245,95,166,3,349,50,20
"agent ForwardAgent #113",ForwardAgent,0.475,0,0.569,100,0,10,0,10,76,100,154,0,0,100,0,0,100,178,0,3379,67,168,0,475,50,20
"agent ForwardAgent #114",ForwardAgent,0.964,0,0.569,100,0,17,0,17,225,100,272,0,0,100,0,0,100,250,0,2631,217,304,1,964,50,20
"agent ForwardAgent #115",ForwardAgent,0.084,0,0.569,100,0,1,0,1,14,100,13,0,0,100,0,0,100,36,0,500,21,80,2,84,50,20
"agent ForwardAgent #116",ForwardAgent,0.313,0,0.569,100,0,5,0,5,64,100,100,0,0,100,0,0,100,78,0,1433,71,156,3,313,50,20
"agent ForwardAgent #117",ForwardAgent,0.203,0,0.569,100,0,4,0,4,48,100,46,0,0,100,0,0,100,70,0,3022,39,164,0,203,50,20
"agent ForwardAgent #118",ForwardAgent,2.51,0,0.569,100,0,56,0,56,550,100,720,0,0,100,0,0,100,698,0,3424,542,372,1,2510,50,20
"agent ForwardAgent #119",ForwardAgent,0.074,0,0.569,100,0,0,0,0,10,100,12,0,0,100,0,0,100,35,0,858,17,75,2,74,50,20
"agent ForwardAgent #120",ForwardAgent,1.761,0,0.569,100,0,50,0,50,376,100,512,0,0,100,0,0,100,490,0,2234,383,294,3,1761,50,20
"agent ForwardAgent #121",ForwardAgent,0.183,0,0.569,100,0,3,0,3,44,100,40,0,0,100,0,0,100,64,0,2775,35,166,0,183,50,20
"agent ForwardAgent #122",ForwardAgent,1.418,0,0.569,100,0,39,0,39,314,100,410,0,0,100,0,0,100,388,0,2933,306,410,1,1418,50,20
"agent ForwardAgent #123",ForwardAgent,1.864,0,0.569,100,0,34,0,34,422,100,495,0,0,100,0,0,100,518,0,3035,429,268,2,1864,50,20
"agent ForwardAgent #124",ForwardAgent,0.281,0,0.569,100,0,7,0,7,62,100,86,0,0,100,0,0,100,64,0,963,69,110,3,281,50,20
"agent ForwardAgent #125",ForwardAgent,0.439,0,0.569,100,0,7,0,7,88,100,124,0,0,100,0,0,100,148,0,3334,79,170,0,439,50,20
"agent ForwardAgent #126",ForwardAgent,1.544,0,0.569,100,0,32,0,32,343,100,444,0,0,100,0,0,100,422,0,2572,335,398,1,1544,50,20
"agent ForwardAgent #127",ForwardAgent,1.642,0,0.569,100,0,39,0,39,350,100,456,0,0,100,0,0,100,479,0,2392,357,388,2,1642,50,20
"agent ForwardAgent #128",ForwardAgent,3.677,0,0.569,100,0,101,0,101,800,100,1046,0,0,100,0,0,100,1024,0,3543,807,416,3,3677,50,20
"agent ForwardAgent #129",ForwardAgent,0.955,0,0.569,100,0,17,0,17,210,100,260,0,0,100,0,0,100,284,0,4072,201,270,0,955,50,20
"agent ForwardAgent #130",ForwardAgent,0.814,0,0.569,100,0,15,0,15,170,100,252,0,0,100,0,0,100,230,0,1696,162,338,1,814,50,20
"agent ForwardAgent #131",ForwardAgent,0.09,0,0.569,100,0,2,0,2,12,100,18,0,0,100,0,0,100,41,0,787,19,83,2,90,50,20
"agent ForwardAgent #132",ForwardAgent,2.041,0,0.569,100,0,53,0,53,446,100,582,0,0,100,0,0,100,560,0,2902,453,276,3,2041,50,20
"agent ForwardAgent #133",ForwardAgent,1.527,0,0.569,100,0,42,0,42,342,100,414,0,0,100,0,0,100,438,0,4469,333,402,0,1527,50,20
"agent ForwardAgent #134",ForwardAgent,3.004,0,0.569,100,0,95,0,95,649,100,868,0,0,100,0,0,100,846,0,3929,641,410,1,3004,50,20
"agent ForwardAgent #135",ForwardAgent,0.074,0,0.569,100,0,0,0,0,10,100,12,0,0,100,0,0,100,35,0,722,17,75,2,74,50,20
"agent ForwardAgent #136",ForwardAgent,0.629,0,0.569,100,0,30,0,30,142,100,180,0,0,100,0,0,100,158,0,1292,149,212,3,629,50,20
"agent ForwardAgent #137",ForwardAgent,1.291,0,0.569,100,0,19,0,19,266,100,372,0,0,100,0,0,100,396,0,4272,257,184,0,1291,50,20
"agent ForwardAgent #138",ForwardAgent,2.45,0,0.569,100,0,62,0,62,546,100,694,0,0,100,0,0,100,672,0,3100,538,418,1,2450,50,20
"agent ForwardAgent #139",ForwardAgent,0.724,0,0.569,100,0,17,0,17,164,100,183,0,0,100,0,0,100,206,0,1208,171,270,2,724,50,20
"agent ForwardAgent #140",ForwardAgent,1.529,0,0.569,100,0,46,0,46,310,100,462,0,0,100,0,0,100,440,0,2063,317,406,3,1529,50,20
"agent ForwardAgent #141",ForwardAgent,1.211,0,0.569,100,0,17,0,17,242,100,356,0,0,100,0,0,100,380,0,3906,233,172,0,1211,50,20
"agent ForwardAgent #142",ForwardAgent,3.58,0,0.569,100,0,88,0,88,749,100,1056,0,0,100,0,0,100,1034,0,4594,741,420,1,3580,50,20
"agent ForwardAgent #143",ForwardAgent,0.388,0,0.569,100,0,9,0,9,72,100,107,0,0,100,0,0,100,130,0,1041,79,198,2,388,50,20
"agent ForwardAgent #144",ForwardAgent,1.405,0,0.569,100,0,29,0,29,314,100,396,0,0,100,0,0,100,374,0,2407,321,274,3,1405,50,20
"agent ForwardAgent #145",ForwardAgent,0.663,0,0.569,100,0,7,0,7,158,100,166,0,0,100,0,0,100,190,0,3786,149,272,0,663,50,20
"agent ForwardAgent #146",ForwardAgent,2.212,0,0.569,100,0,51,0,51,461,100,660,0,0,100,0,0,100,638,0,2901,453,416,1,2212,50,20
"agent ForwardAgent #147",ForwardAgent,0.902,0,0.569,100,0,16,0,16,146,100,290,0,0,100,0,0,100,313,0,2140,153,168,2,902,50,20
"agent ForwardAgent #148",ForwardAgent,0.977,0,0.569,100,0,26,0,26,200,100,296,0,0,100,0,0,100,274,0,1058,207,296,3,977,50,20
"agent ForwardAgent #149",ForwardAgent,0.251,0,0.569,100,0,4,0,4,52,100,66,0,0,100,0,0,100,90,0,2300,43,166,0,251,50,20
"agent ForwardAgent #150",ForwardAgent,0.67,0,0.569,100,0,14,0,14,146,100,204,0,0,100,0,0,100,182,0,1061,138,236,1,670,50,20
"agent ForwardAgent #151",ForwardAgent,0.362,0,0.569,100,0,4,0,4,72,100,94,0,0,100,0,0,100,117,0,1062,79,165,2,362,50,20
"agent ForwardAgent #152",ForwardAgent,1.777,0,0.569,100,0,29,0,29,352,100,544,0,0,100,0,0,100,522,0,2522,359,382,3,1777,50,20
"agent ForwardAgent #153",ForwardAgent,0.947,0,0.569,100,0,14,0,14,208,100,258,0,0,100,0,0,100,282,0,3742,199,168,0,947,50,20
"agent ForwardAgent #154",ForwardAgent,1.062,0,0.569,100,0,32,0,32,248,100,298,0,0,100,0,0,100,276,0,1650,240,236,1,1062,50,20
"agent ForwardAgent #155",ForwardAgent,0.074,0,0.569,100,0,0,0,0,10,100,12,0,0,100,0,0,100,35,0,543,17,75,2,74,50,20
"agent ForwardAgent #156",ForwardAgent,0.189,0,0.569,100,0,1,0,1,40,100,62,0,0,100,0,0,100,40,0,838,47,114,3,189,50,20
"agent ForwardAgent #157",ForwardAgent,0.207,0,0.569,100,0,3,0,3,46,100,50,0,0,100,0,0,100,74,0,2047,37,182,0,207,50,20
"agent ForwardAgent #158",ForwardAgent,2.966,0,0.569,100,0,74,0,74,644,100,854,0,0,100,0,0,100,832,0,2665,636,410,1,2966,50,20
"agent ForwardAgent #159",ForwardAgent,1.99,0,0.569,100,0,41,0,41,402,100,578,0,0,100,0,0,100,601,0,2855,409,408,2,1990,50,20
"agent ForwardAgent #160",ForwardAgent,0.997,0,0.569,100,0,30,0,30,216,100,290,0,0,100,0,0,100,268,0,1681,223,310,3,997,50,20
"agent ForwardAgent #161",ForwardAgent,0.803,0,0.569,100,0,25,0,25,190,100,204,0,0,100,0,0,100,228,0,2779,181,390,0,803,50,20
"agent ForwardAgent #162",ForwardAgent,0.806,0,0.569,100,0,23,0,23,176,100,242,0,0,100,0,0,100,220,0,1394,168,254,1,806,50,20
"agent ForwardAgent #163",ForwardAgent,1.662,0,0.569,100,0,45,0,45,344,100,472,0,0,100,0,0,100,495,0,2163,351,412,2,1662,50,20
"agent ForwardAgent #164",ForwardAgent,2.377,0,0.569,100,0,62,0,62,510,100,686,0,0,100,0,0,100,664,0,1647,517,300,3,2377,50,20
"agent ForwardAgent #165",ForwardAgent,2.319,0,0.569,100,0,52,0,52,522,100,630,0,0,100,0,0,100,654,0,3527,513,410,0,2319,50,20
"agent ForwardAgent #166",ForwardAgent,0.344,0,0.569,100,0,9,0,9,75,100,112,0,0,100,0,0,100,90,0,877,67,216,1,344,50,20
"agent ForwardAgent #167",ForwardAgent,0.408,0,0.569,100,0,6,0,6,86,100,103,0,0,100,0,0,100,126,0,771,93,162,2,408,50,20
"agent ForwardAgent #168",ForwardAgent,1.717,0,0.569,100,0,50,0,50,386,100,480,0,0,100,0,0,100,458,0,1541,393,250,3,1717,50,20
"agent ForwardAgent #169",ForwardAgent,0.155,0,0.569,100,0,0,0,0,36,100,34,0,0,100,0,0,100,58,0,1633,27,156,0,155,50,20
"agent ForwardAgent #170",ForwardAgent,0.286,0,0.569,100,0,11,0,11,70,100,88,0,0,100,0,0,100,66,0,1091,62,156,1,286,50,20
"agent ForwardAgent #171",ForwardAgent,1.2,0,0.569,100,0,21,0,21,246,100,339,0,0,100,0,0,100,362,0,1617,253,360,2,1200,50,20
"agent ForwardAgent #172",ForwardAgent,0.037,0,0.569,100,0,0,0,0,4,100,22,0,0,100,0,0,100,0,0,419,11,38,3,37,50,20
"agent ForwardAgent #173",ForwardAgent,1.475,0,0.569,100,0,40,0,40,290,100,440,0,0,100,0,0,100,464,0,2702,281,392,0,1475,50,20
"agent ForwardAgent #174",ForwardAgent,0.168,0,0.569,100,0,5,0,5,43,100,56,0,0,100,0,0,100,34,0,810,35,142,1,168,50,20
"agent ForwardAgent #175",ForwardAgent,0.252,0,0.569,100,0,4,0,4,52,100,59,0,0,100,0,0,100,82,0,541,59,164,2,252,50,20
"agent ForwardAgent #176",ForwardAgent,1.725,0,0.569,100,0,37,0,37,364,100,506,0,0,100,0,0,100,484,0,2009,371,402,3,1725,50,20
"agent ForwardAgent #177",ForwardAgent,1.107,0,0.569,100,0,18,0,18,244,100,302,0,0,100,0,0,100,326,0,2941,235,272,0,1107,50,20
"agent ForwardAgent #178",ForwardAgent,0.34,0,0.569,100,0,7,0,7,79,100,106,0,0,100,0,0,100,84,0,893,71,190,1,340,50,20
"agent ForwardAgent #179",ForwardAgent,0.098,0,0.569,100,0,2,0,2,16,100,18,0,0,100,0,0,100,41,0,525,23,83,2,98,50,20
"agent ForwardAgent #180",ForwardAgent,0.049,0,0.569,100,0,2,0,2,6,100,26,0,0,100,0,0,100,4,0,367,13,44,3,49,50,20
"agent ForwardAgent #181",ForwardAgent,0.575,0,0.569,100,0,7,0,7,134,100,146,0,0,100,0,0,100,170,0,2338,125,298,0,575,50,20
"agent ForwardAgent #182",ForwardAgent,0.152,0,0.569,100,0,4,0,4,39,100,52,0,0,100,0,0,100,30,0,680,31,142,1,152,50,20
"agent ForwardAgent #183",ForwardAgent,1.814,0,0.569,100,0,46,0,46,388,100,504,0,0,100,0,0,100,527,0,1936,395,416,2,1814,50,20
"agent ForwardAgent #184",ForwardAgent,4.421,0,0.569,100,0,85,0,85,972,100,1246,0,0,100,0,0,100,1224,0,4118,979,418,3,4421,50,20
"agent ForwardAgent #185",ForwardAgent,0.183,0,0.569,100,0,3,0,3,44,100,40,0,0,100,0,0,100,64,0,1438,35,166,0,183,50,20
"agent ForwardAgent #186",ForwardAgent,1.632,0,0.569,100,0,58,0,58,355,100,476,0,0,100,0,0,100,454,0,1908,347,234,1,1632,50,20
"agent ForwardAgent #187",ForwardAgent,0.6,0,0.569,100,0,12,0,12,134,100,151,0,0,100,0,0,100,174,0,1152,141,184,2,600,50,20
"agent ForwardAgent #188",ForwardAgent,3.385,0,0.569,100,0,71,0,71,722,100,978,0,0,100,0,0,100,956,0,2743,729,420,3,3385,50,20
"agent ForwardAgent #189",ForwardAgent,1.123,0,0.569,100,0,16,0,16,258,100,296,0,0,100,0,0,100,320,0,2780,249,264,0,1123,50,20
"agent ForwardAgent #190",ForwardAgent,0.244,0,0.569,100,0,10,0,10,69,100,68,0,0,100,0,0,100,46,0,820,61,162,1,244,50,20
"agent ForwardAgent #191",ForwardAgent,1.188,0,0.569,100,0,21,0,21,232,100,347,0,0,100,0,0,100,370,0,1734,239,166,2,1188,50,20
"agent ForwardAgent #192",ForwardAgent,2.977,0,0.569,100,0,56,0,56,596,100,900,0,0,100,0,0,100,878,0,3177,603,410,3,2977,50,20
"agent ForwardAgent #193",ForwardAgent,0.183,0,0.569,100,0,4,0,4,42,100,42,0,0,100,0,0,100,66,0,1288,33,170,0,183,50,20
"agent ForwardAgent #194",ForwardAgent,1.57,0,0.569,100,0,37,0,37,354,100,446,0,0,100,0,0,100,424,0,2046,346,412,1,1570,50,20
"agent ForwardAgent #195",ForwardAgent,1.21,0,0.569,100,0,21,0,21,234,100,356,0,0,100,0,0,100,379,0,2110,241,172,2,1210,50,20
"agent ForwardAgent #196",ForwardAgent,0.501,0,0.569,100,0,13,0,13,104,100,154,0,0,100,0,0,100,132,0,789,111,210,3,501,50,20
"agent ForwardAgent #197",ForwardAgent,0.239,0,0.569,100,0,10,0,10,54,100,58,0,0,100,0,0,100,82,0,1178,45,186,0,239,50,20
"agent ForwardAgent #198",ForwardAgent,0.93,0,0.569,100,0,19,0,19,198,100,282,0,0,100,0,0,100,260,0,1411,190,326,1,930,50,20
"agent ForwardAgent #199",ForwardAgent,0.098,0,0.569,100,0,3,0,3,14,100,20,0,0,100,0,0,100,43,0,462,21,87,2,98,50,20
"agent ForwardAgent #200",ForwardAgent,0.997,0,0.569,100,0,27,0,27,226,100,280,0,0,100,0,0,100,258,0,1198,233,246,3,997,50,20
"agent RandomAgent #201",RandomAgent,16.565,0,0.569,100,0,250,0,8240,3076,100,5199,0,0,100,0,0,100,5223,0,13057,3067,169,0,16565,50,20
"agent RandomAgent #202",RandomAgent,16.272,0,0.569,100,0,502,0,8244,3876,100,4275,0,0,100,0,0,100,4253,0,12100,3868,224,1,16272,50,20
"agent RandomAgent #203",RandomAgent,43.428,0,0.569,100,0,737,0,21896,9181,100,12518,0,0,100,0,0,100,12541,0,19016,9188,197,2,43428,50,20
"agent RandomAgent #204",RandomAgent,81.613,0,0.569,100,0,2423,0,40670,18215,100,22599,0,0,100,0,0,100,22577,0,16896,18222,251,3,81613,50,20
"agent RandomAgent #205",RandomAgent,81.285,0,0.569,100,0,1257,0,40959,17655,100,22980,0,0,100,0,0,100,23004,0,18542,17646,168,0,81285,50,20
"agent RandomAgent #206",RandomAgent,5.032,0,0.569,100,0,162,0,2574,1338,100,1193,0,0,100,0,0,100,1171,0,7148,1330,180,1,5032,50,20
"agent RandomAgent #207",RandomAgent,6.984,0,0.569,100,0,101,0,3479,1415,100,2062,0,0,100,0,0,100,2085,0,5700,1422,174,2,6984,50,20
"agent RandomAgent #208",RandomAgent,24.281,0,0.569,100,0,828,0,12140,5682,100,6466,0,0,100,0,0,100,6444,0,7642,5689,227,3,24281,50,20
"agent RandomAgent #209",RandomAgent,7.121,0,0.569,100,0,87,0,3562,1535,100,2018,0,0,100,0,0,100,2042,0,5727,1526,175,0,7121,50,20
"agent RandomAgent #210",RandomAgent,73.452,0,0.569,100,0,2769,0,36854,15420,100,21321,0,0,100,0,0,100,21299,0,20165,15412,247,1,73452,50,20
"agent RandomAgent #211",RandomAgent,27.274,0,0.569,100,0,426,0,13617,5843,100,7779,0,0,100,0,0,100,7802,0,13810,5850,174,2,27274,50,20
"agent RandomAgent #212",RandomAgent,16.911,0,0.569,100,0,114,0,8472,3853,100,4610,0,0,100,0,0,100,4588,0,5307,3860,167,3,16911,50,20
"agent RandomAgent #213",RandomAgent,18.193,0,0.569,100,0,272,0,9200,4896,100,4193,0,0,100,0,0,100,4217,0,18542,4887,187,0,18193,50,20
"agent RandomAgent #214",RandomAgent,36.502,0,0.569,100,0,1171,0,18435,9860,100,8406,0,0,100,0,0,100,8384,0,12207,9852,212,1,36502,50,20
"agent RandomAgent #215",RandomAgent,5.164,0,0.569,100,0,83,0,2596,824,100,1743,0,0,100,0,0,100,1766,0,4516,831,123,2,5164,50,20
"agent RandomAgent #216",RandomAgent,0.575,0,0.569,100,0,0,0,280,98,100,197,0,0,100,0,0,100,175,0,848,105,41,3,575,50,20
"agent RandomAgent #217",RandomAgent,37.965,0,0.569,100,0,777,0,19401,8155,100,10820,0,0,100,0,0,100,10844,0,17178,8146,172,0,37965,50,20
"agent RandomAgent #218",RandomAgent,125.858,0,0.569,100,0,3727,0,63131,27928,100,35016,0,0,100,0,0,100,34994,0,14123,27920,255,1,125858,50,20
"agent RandomAgent #219",RandomAgent,3.502,0,0.569,100,0,132,0,1773,647,100,1089,0,0,100,0,0,100,1112,0,2716,654,95,2,3502,50,20
"agent RandomAgent #220",RandomAgent,2.657,0,0.569,100,0,17,0,1348,534,100,802,0,0,100,0,0,100,780,0,1676,541,77,3,2657,50,20
"agent RandomAgent #221",RandomAgent,24.993,0,0.569,100,0,387,0,12595,6054,100,6435,0,0,100,0,0,100,6459,0,17900,6045,176,0,24993,50,20
"agent RandomAgent #222",RandomAgent,9.936,0,0.569,100,0,310,0,4941,2517,100,2466,0,0,100,0,0,100,2444,0,5566,2509,191,1,9936,50,20
"agent RandomAgent #223",RandomAgent,10.988,0,0.569,100,0,183,0,5462,2178,100,3301,0,0,100,0,0,100,3324,0,6490,2185,168,2,10988,50,20
"agent RandomAgent #224",RandomAgent,12.919,0,0.569,100,0,71,0,6486,3143,100,3324,0,0,100,0,0,100,3302,0,4096,3150,132,3,12919,50,20
"agent RandomAgent #225",RandomAgent,16.141,0,0.569,100,0,160,0,8176,3246,100,4817,0,0,100,0,0,100,4841,0,12222,3237,170,0,16141,50,20
"agent RandomAgent #226",RandomAgent,18.51,0,0.569,100,0,477,0,9250,4541,100,4729,0,0,100,0,0,100,4707,0,7129,4533,236,1,18510,50,20
"agent RandomAgent #227",RandomAgent,29.158,0,0.569,100,0,467,0,14668,6510,100,8054,0,0,100,0,0,100,8077,0,14813,6517,172,2,29158,50,20
"agent RandomAgent #228",RandomAgent,0.761,0,0.569,100,0,14,0,375,124,100,264,0,0,100,0,0,100,242,0,1156,131,55,3,761,50,20
"agent RandomAgent #229",RandomAgent,12.351,0,0.569,100,0,204,0,6096,2447,100,3721,0,0,100,0,0,100,3745,0,9999,2438,170,0,12351,50,20
"agent RandomAgent #230",RandomAgent,3.388,0,0.569,100,0,52,0,1696,628,100,1081,0,0,100,0,0,100,1059,0,1814,620,185,1,3388,50,20
"agent RandomAgent #231",RandomAgent,24.654,0,0.569,100,0,498,0,12345,5104,100,7208,0,0,100,0,0,100,7231,0,11872,5111,169,2,24654,50,20
"agent RandomAgent #232",RandomAgent,4.497,0,0.569,100,0,14,0,2288,962,100,1294,0,0,100,0,0,100,1272,0,1798,969,102,3,4497,50,20
"agent RandomAgent #233",RandomAgent,17.479,0,0.569,100,0,261,0,8819,3771,100,4961,0,0,100,0,0,100,4985,0,12100,3762,169,0,17479,50,20
"agent RandomAgent #234",RandomAgent,8.92,0,0.569,100,0,246,0,4506,1788,100,2687,0,0,100,0,0,100,2665,0,5406,1780,240,1,8920,50,20
"agent RandomAgent #235",RandomAgent,1.32,0,0.569,100,0,2,0,655,228,100,417,0,0,100,0,0,100,440,0,951,235,97,2,1320,50,20
"agent RandomAgent #236",RandomAgent,2.699,0,0.569,100,0,14,0,1310,600,100,757,0,0,100,0,0,100,735,0,1743,607,98,3,2699,50,20
"agent RandomAgent #237",RandomAgent,10.507,0,0.569,100,0,104,0,5188,1856,100,3390,0,0,100,0,0,100,3414,0,7479,1847,176,0,10507,50,20
"agent RandomAgent #238",RandomAgent,47.388,0,0.569,100,0,1239,0,23780,10325,100,13384,0,0,100,0,0,100,13362,0,12732,10317,257,1,47388,50,20
"agent RandomAgent #239",RandomAgent,45.19,0,0.569,100,0,581,0,22725,10514,100,12066,0,0,100,0,0,100,12089,0,14318,10521,168,2,45190,50,20
"agent RandomAgent #240",RandomAgent,5.217,0,0.569,100,0,74,0,2570,1220,100,1396,0,0,100,0,0,100,1374,0,1680,1227,126,3,5217,50,20
"agent RandomAgent #241",RandomAgent,23.263,0,0.569,100,0,307,0,11581,5041,100,6583,0,0,100,0,0,100,6607,0,10819,5032,174,0,23263,50,20
"agent RandomAgent #242",RandomAgent,21.964,0,0.569,100,0,855,0,11115,5078,100,5919,0,0,100,0,0,100,5897,0,8180,5070,217,1,21964,50,20
"agent RandomAgent #243",RandomAgent,20.21,0,0.569,100,0,296,0,10157,3308,100,6782,0,0,100,0,0,100,6805,0,7798,3315,160,2,20210,50,20
"agent RandomAgent #244",RandomAgent,1.351,0,0.569,100,0,19,0,704,258,100,425,0,0,100,0,0,100,403,0,828,265,59,3,1351,50,20
"agent RandomAgent #245",RandomAgent,22.377,0,0.569,100,0,342,0,11363,4429,100,6752,0,0,100,0,0,100,6776,0,9671,4420,168,0,22377,50,20
"agent RandomAgent #246",RandomAgent,65.556,0,0.569,100,0,1622,0,32800,14110,100,18683,0,0,100,0,0,100,18661,0,9377,14102,361,1,65556,50,20
"agent RandomAgent #247",RandomAgent,1.648,0,0.569,100,0,27,0,822,309,100,500,0,0,100,0,0,100,523,0,361,316,89,2,1648,50,20
"agent RandomAgent #248",RandomAgent,1.227,0,0.569,100,0,31,0,607,282,100,339,0,0,100,0,0,100,317,0,758,289,67,3,1227,50,20
"agent RandomAgent #249",RandomAgent,11.767,0,0.569,100,0,292,0,5974,2469,100,3407,0,0,100,0,0,100,3431,0,6397,2460,168,0,11767,50,20
"agent RandomAgent #250",RandomAgent,27.198,0,0.569,100,0,785,0,13664,6442,100,7172,0,0,100,0,0,100,7150,0,6447,6434,229,1,27198,50,20
"agent RandomAgent #251",RandomAgent,10.114,0,0.569,100,0,245,0,5104,1743,100,3299,0,0,100,0,0,100,3322,0,3991,1750,132,2,10114,50,20
"agent RandomAgent #252",RandomAgent,0.381,0,0.569,100,0,12,0,203,64,100,134,0,0,100,0,0,100,112,0,441,71,41,3,381,50,20
"agent RandomAgent #253",RandomAgent,28.573,0,0.569,100,0,353,0,14481,6425,100,7854,0,0,100,0,0,100,7878,0,10384,6416,195,0,28573,50,20
"agent RandomAgent #254",RandomAgent,37.428,0,0.569,100,0,1306,0,18803,7849,100,10880,0,0,100,0,0,100,10858,0,8332,7841,234,1,37428,50,20
"agent RandomAgent #255",RandomAgent,22.576,0,0.569,100,0,380,0,11341,4703,100,6570,0,0,100,0,0,100,6593,0,7940,4710,168,2,22576,50,20
"agent RandomAgent #256",RandomAgent,1.369,0,0.569,100,0,44,0,736,225,100,467,0,0,100,0,0,100,445,0,584,232,59,3,1369,50,20
"agent RandomAgent #257",RandomAgent,16.621,0,0.569,100,0,226,0,8383,4147,100,4156,0,0,100,0,0,100,4180,0,7914,4138,169,0,16621,50,20
"agent RandomAgent #258",RandomAgent,8.846,0,0.569,100,0,177,0,4376,2104,100,2334,0,0,100,0,0,100,2312,0,3350,2096,218,1,8846,50,20
"agent RandomAgent #259",RandomAgent,60.17,0,0.569,100,0,912,0,30217,11995,100,18075,0,0,100,0,0,100,18098,0,8440,12002,168,2,60170,50,20
"agent RandomAgent #260",RandomAgent,116.347,0,0.569,100,0,3996,0,58636,26887,100,31294,0,0,100,0,0,100,31272,0,10264,26894,252,3,116347,50,20
"agent RandomAgent #261",RandomAgent,3.693,0,0.569,100,0,35,0,1891,609,100,1230,0,0,100,0,0,100,1254,0,1383,600,173,0,3693,50,20
"agent RandomAgent #262",RandomAgent,5.278,0,0.569,100,0,74,0,2607,1265,100,1389,0,0,100,0,0,100,1367,0,1572,1257,197,1,5278,50,20
"agent RandomAgent #263",RandomAgent,12.706,0,0.569,100,0,303,0,6371,1907,100,4431,0,0,100,0,0,100,4454,0,3926,1914,143,2,12706,50,20
"agent RandomAgent #264",RandomAgent,3.655,0,0.569,100,0,131,0,1828,1020,100,815,0,0,100,0,0,100,793,0,623,1027,115,3,3655,50,20
"agent RandomAgent #265",RandomAgent,55.507,0,0.569,100,0,840,0,27995,13400,100,14346,0,0,100,0,0,100,14370,0,9523,13391,191,0,55507,50,20
"agent RandomAgent #266",RandomAgent,59.762,0,0.569,100,0,1760,0,30014,13744,100,16152,0,0,100,0,0,100,16130,0,6660,13736,257,1,59762,50,20
"agent RandomAgent #267",RandomAgent,9.654,0,0.569,100,0,133,0,4902,1536,100,3276,0,0,100,0,0,100,3299,0,2963,1543,161,2,9654,50,20
"agent RandomAgent #268",RandomAgent,0.805,0,0.569,100,0,22,0,390,118,100,292,0,0,100,0,0,100,270,0,317,125,40,3,805,50,20
"agent RandomAgent #269",RandomAgent,20.251,0,0.569,100,0,281,0,10150,4537,100,5581,0,0,100,0,0,100,5605,0,5577,4528,182,0,20251,50,20
"agent RandomAgent #270",RandomAgent,6.018,0,0.569,100,0,239,0,3035,1730,100,1294,0,0,100,0,0,100,1272,0,1718,1722,167,1,6018,50,20
"agent RandomAgent #271",RandomAgent,13.006,0,0.569,100,0,236,0,6492,2432,100,4056,0,0,100,0,0,100,4079,0,2684,2439,170,2,13006,50,20
"agent RandomAgent #272",RandomAgent,68.173,0,0.569,100,0,1974,0,34113,15190,100,18904,0,0,100,0,0,100,18882,0,6268,15197,293,3,68173,50,20
"agent RandomAgent #273",RandomAgent,12.599,0,0.569,100,0,160,0,6379,2935,100,3357,0,0,100,0,0,100,3381,0,3914,2926,166,0,12599,50,20
"agent RandomAgent #274",RandomAgent,8.986,0,0.569,100,0,246,0,4532,2318,100,2190,0,0,100,0,0,100,2168,0,2523,2310,159,1,8986,50,20
"agent RandomAgent #275",RandomAgent,20.424,0,0.569,100,0,245,0,10303,4247,100,5950,0,0,100,0,0,100,5973,0,2714,4254,215,2,20424,50,20
"agent RandomAgent #276",RandomAgent,0.519,0,0.569,100,0,4,0,275,61,100,206,0,0,100,0,0,100,184,0,267,68,44,3,519,50,20
"agent RandomAgent #277",RandomAgent,53.665,0,0.569,100,0,841,0,27130,13245,100,13580,0,0,100,0,0,100,13604,0,4640,13236,179,0,53665,50,20
"agent RandomAgent #278",RandomAgent,66.33,0,0.569,100,0,1812,0,33083,14094,100,19086,0,0,100,0,0,100,19064,0,5940,14086,256,1,66330,50,20
"agent RandomAgent #279",RandomAgent,59.394,0,0.569,100,0,841,0,29944,13612,100,16070,0,0,100,0,0,100,16093,0,1952,13619,176,2,59394,50,20
"agent RandomAgent #280",RandomAgent,96.193,0,0.569,100,0,2917,0,48102,21340,100,26764,0,0,100,0,0,100,26742,0,4314,21347,334,3,96193,50,20
"agent RandomAgent #281",RandomAgent,10.009,0,0.569,100,0,120,0,5029,2456,100,2541,0,0,100,0,0,100,2565,0,2058,2447,185,0,10009,50,20
"agent RandomAgent #282",RandomAgent,122.618,0,0.569,100,0,3690,0,61400,28154,100,33170,0,0,100,0,0,100,33148,0,3416,28146,252,1,122618,50,20
"agent RandomAgent #283",RandomAgent,4.082,0,0.569,100,0,46,0,2046,825,100,1201,0,0,100,0,0,100,1224,0,443,832,85,2,4082,50,20
"agent RandomAgent #284",RandomAgent,0.425,0,0.569,100,0,9,0,205,71,100,149,0,0,100,0,0,100,127,0,72,78,40,3,425,50,20
"agent RandomAgent #285",RandomAgent,38.207,0,0.569,100,0,537,0,19255,7367,100,11729,0,0,100,0,0,100,11753,0,1766,7358,170,0,38207,50,20
"agent RandomAgent #286",RandomAgent,23.916,0,0.569,100,0,426,0,11974,6149,100,5824,0,0,100,0,0,100,5802,0,1637,6141,224,1,23916,50,20
"agent RandomAgent #287",RandomAgent,23.926,0,0.569,100,0,418,0,11921,4607,100,7341,0,0,100,0,0,100,7364,0,1189,4614,177,2,23926,50,20
"agent RandomAgent #288",RandomAgent,111.123,0,0.569,100,0,3563,0,55408,24937,100,30632,0,0,100,0,0,100,30610,0,1291,24944,263,3,111123,50,20
"agent RandomAgent #289",RandomAgent,16.573,0,0.569,100,0,277,0,8319,4083,100,4196,0,0,100,0,0,100,4220,0,545,4074,174,0,16573,50,20
"agent RandomAgent #290",RandomAgent,13.952,0,0.569,100,0,409,0,6984,2949,100,4042,0,0,100,0,0,100,4020,0,911,2941,248,1,13952,50,20
"agent RandomAgent #291",RandomAgent,1.032,0,0.569,100,0,12,0,510,129,100,372,0,0,100,0,0,100,395,0,13,136,91,2,1032,50,20
"agent RandomAgent #292",RandomAgent,12.921,0,0.569,100,0,365,0,6440,2857,100,3611,0,0,100,0,0,100,3589,0,262,2864,202,3,12921,50,20
"agent RandomAgent #293",RandomAgent,6.575,0,0.569,100,0,134,0,3253,1159,100,2121,0,0,100,0,0,100,2145,0,285,1150,169,0,6575,50,20
"agent RandomAgent #294",RandomAgent,37.344,0,0.569,100,0,915,0,18620,8327,100,10360,0,0,100,0,0,100,10338,0,738,8319,250,1,37344,50,20
"agent RandomAgent #295",RandomAgent,5.02,0,0.569,100,0,94,0,2503,722,100,1773,0,0,100,0,0,100,1796,0,163,729,139,2,5020,50,20
"agent RandomAgent #296",RandomAgent,1.213,0,0.569,100,0,2,0,609,223,100,391,0,0,100,0,0,100,369,0,36,230,46,3,1213,50,20
"agent RandomAgent #297",RandomAgent,11.381,0,0.569,100,0,220,0,5613,2327,100,3356,0,0,100,0,0,100,3380,0,57,2318,168,0,11381,50,20
"agent RandomAgent #298",RandomAgent,18.878,0,0.569,100,0,740,0,9585,4325,100,5129,0,0,100,0,0,100,5107,0,0,4317,250,1,18878,50,20
"agent RandomAgent #299",RandomAgent,10.382,0,0.569,100,0,255,0,5316,1890,100,3286,0,0,100,0,0,100,3309,0,0,1897,154,2,10382,50,20
"agent RandomAgent #300",RandomAgent,8.945,0,0.569,100,0,51,0,4571,1957,100,2523,0,0,100,0,0,100,2501,0,0,1964,128,3,8945,50,20
"agent NegotiatingAgent #301",NegotiatingAgent,0.171,1634,0.569,100,98,3,0,3,38,100,40,196,186,100,0,0,100,64,0,411,29,164,0,171,50,20
"agent NegotiatingAgent #302",NegotiatingAgent,0.462,5425,0.569,100,120,6,0,6,100,100,146,263,402,100,1,0,100,124,0,788,92,297,1,462,50,20
"agent NegotiatingAgent #303",NegotiatingAgent,0.59,4663,0.569,100,91,16,0,16,122,100,158,176,329,100,0,0,100,181,0,617,129,333,2,590,50,20
"agent NegotiatingAgent #304",NegotiatingAgent,0.709,7213,0.569,100,111,10,0,10,144,100,218,226,523,100,2,0,100,196,0,908,151,374,3,709,50,20
"agent NegotiatingAgent #305",NegotiatingAgent,0.183,1260,0.569,100,94,4,0,4,40,100,44,186,211,100,2,1,100,68,0,506,31,170,0,183,50,20
"agent NegotiatingAgent #306",NegotiatingAgent,0.506,5743,0.569,100,127,8,0,8,114,100,154,312,413,100,7,1,100,132,0,692,106,319,1,506,50,20
"agent NegotiatingAgent #307",NegotiatingAgent,0.584,5449,0.569,100,121,8,0,8,120,100,157,250,409,100,3,0,100,180,0,798,127,330,2,584,50,20
"agent NegotiatingAgent #308",NegotiatingAgent,0.041,0,0.569,100,16,1,0,1,4,100,24,28,30,100,0,0,100,2,0,107,11,40,3,41,50,20
"agent NegotiatingAgent #309",NegotiatingAgent,0.523,4222,0.569,100,115,3,0,4,116,100,138,331,389,100,18,16,100,162,0,828,107,340,0,523,50,20
"agent NegotiatingAgent #310",NegotiatingAgent,0.446,4780,0.569,100,107,3,0,3,96,100,142,279,390,100,17,2,100,120,0,773,88,289,1,446,50,20
"agent NegotiatingAgent #311",NegotiatingAgent,0.102,140,0.569,100,40,4,0,4,14,100,22,100,85,100,3,5,100,45,0,187,21,89,2,102,50,20
"agent NegotiatingAgent #312",NegotiatingAgent,0.725,5667,0.569,100,86,11,0,11,146,100,224,218,466,100,6,15,100,202,0,757,153,382,3,725,50,20
"agent NegotiatingAgent #313",NegotiatingAgent,0.483,7306,0.569,100,133,4,0,4,108,100,126,395,395,100,25,21,100,150,0,751,99,320,0,483,50,20
"agent NegotiatingAgent #314",NegotiatingAgent,0.306,5296,0.569,100,95,8,0,8,66,100,102,217,241,100,5,1,100,80,0,333,58,219,1,306,50,20
"agent NegotiatingAgent #315",NegotiatingAgent,0.098,192,0.569,100,37,3,0,3,14,100,20,93,86,100,3,11,100,43,0,153,21,87,2,98,50,20
"agent NegotiatingAgent #316",NegotiatingAgent,0.413,4207,0.569,100,76,9,0,9,86,100,128,170,229,100,5,3,100,106,0,281,93,226,3,413,50,20
"agent NegotiatingAgent #317",NegotiatingAgent,0.175,713,0.569,100,66,4,0,4,42,100,38,150,174,100,5,7,100,62,0,637,33,166,0,175,50,20
"agent NegotiatingAgent #318",NegotiatingAgent,0.202,2917,0.569,100,56,7,0,7,52,100,64,181,191,100,13,6,100,42,0,430,44,167,1,202,50,20
"agent NegotiatingAgent #319",NegotiatingAgent,0.244,1898,0.569,100,67,3,0,3,50,100,57,226,235,100,29,1,100,80,0,489,57,160,2,244,50,20
"agent NegotiatingAgent #320",NegotiatingAgent,0.495,10081,0.569,100,155,7,0,8,106,100,149,380,413,100,9,4,100,127,0,746,113,267,3,495,50,20
"agent NegotiatingAgent #321",NegotiatingAgent,0.175,530,0.569,100,46,3,0,3,42,100,38,196,192,100,26,12,100,62,0,655,33,166,0,175,50,20
"agent NegotiatingAgent #322",NegotiatingAgent,0.308,4704,0.569,100,78,8,0,8,69,100,100,231,255,100,28,0,100,78,0,346,61,220,1,308,50,20
"agent NegotiatingAgent #323",NegotiatingAgent,0.382,3718,0.569,100,85,5,0,5,76,100,100,253,302,100,19,8,100,123,0,486,83,229,2,382,50,20
"agent NegotiatingAgent #324",NegotiatingAgent,0.049,0,0.569,100,25,2,0,2,6,100,26,38,58,100,0,0,100,4,0,146,13,44,3,49,50,20
"agent NegotiatingAgent #325",NegotiatingAgent,0.167,648,0.569,100,66,2,0,2,38,100,38,185,155,100,1,13,100,62,0,700,29,162,0,167,50,20
"agent NegotiatingAgent #326",NegotiatingAgent,0.458,5046,0.569,100,82,5,0,5,98,100,146,263,397,100,18,5,100,124,0,680,90,295,1,458,50,20
"agent NegotiatingAgent #327",NegotiatingAgent,0.49,3308,0.569,100,66,10,0,10,96,100,134,194,280,100,6,14,100,157,0,483,103,283,2,490,50,20
"agent NegotiatingAgent #328",NegotiatingAgent,0.579,7254,0.569,100,103,10,0,11,124,100,173,316,400,100,18,19,100,151,0,673,131,309,3,579,50,20
"agent NegotiatingAgent #329",NegotiatingAgent,0.159,1648,0.569,100,49,1,0,1,38,100,34,203,158,100,9,28,100,58,0,699,29,158,0,159,50,20
"agent NegotiatingAgent #330",NegotiatingAgent,0.282,2850,0.569,100,73,2,0,3,61,100,95,291,282,100,38,1,100,73,0,524,53,207,1,282,50,20
"agent NegotiatingAgent #331",NegotiatingAgent,0.102,210,0.569,100,23,4,0,4,14,100,22,82,68,100,3,9,100,45,0,241,21,89,2,102,50,20
"agent NegotiatingAgent #332",NegotiatingAgent,0.641,6338,0.569,100,87,7,0,7,134,100,194,404,512,100,56,14,100,172,0,797,141,340,3,641,50,20
"agent NegotiatingAgent #333",NegotiatingAgent,0.565,5359,0.569,100,115,6,0,8,125,100,150,387,455,100,29,16,100,174,0,1111,116,361,0,565,50,20
"agent NegotiatingAgent #334",NegotiatingAgent,0.204,1364,0.569,100,48,6,0,6,55,100,62,200,179,100,27,0,100,40,0,341,47,168,1,204,50,20
"agent NegotiatingAgent #335",NegotiatingAgent,0.478,1915,0.569,100,32,4,0,4,96,100,128,143,237,100,10,20,100,151,0,376,103,277,2,478,50,20
"agent NegotiatingAgent #336",NegotiatingAgent,0.353,4446,0.569,100,106,2,0,2,66,100,118,262,316,100,5,9,100,96,0,728,73,196,3,353,50,20
"agent NegotiatingAgent #337",NegotiatingAgent,0.495,3871,0.569,100,91,5,0,7,108,100,132,340,419,100,37,28,100,156,0,597,99,326,0,495,50,20
"agent NegotiatingAgent #338",NegotiatingAgent,0.28,5984,0.569,100,77,7,0,7,65,100,90,231,229,100,14,3,100,68,0,595,57,206,1,280,50,20
"agent NegotiatingAgent #339",NegotiatingAgent,0.508,5171,0.569,100,91,3,0,5,104,100,135,355,433,100,56,0,100,158,0,798,111,292,2,508,50,20
"agent NegotiatingAgent #340",NegotiatingAgent,0.049,16,0.569,100,9,2,0,2,6,100,26,51,37,100,0,15,100,4,0,124,13,44,3,49,50,20
"agent NegotiatingAgent #341",NegotiatingAgent,0.451,3787,0.569,100,77,4,0,5,104,100,114,314,362,100,36,13,100,138,0,872,95,304,0,451,50,20
"agent NegotiatingAgent #342",NegotiatingAgent,0.446,1886,0.569,100,31,3,0,3,98,100,140,133,260,100,12,16,100,118,0,445,90,289,1,446,50,20
"agent NegotiatingAgent #343",NegotiatingAgent,0.378,3610,0.569,100,60,4,0,4,76,100,98,241,293,100,31,9,100,121,0,471,83,227,2,378,50,20
"agent NegotiatingAgent #344",NegotiatingAgent,0.519,1866,0.569,100,44,6,0,8,112,100,155,346,414,100,73,14,100,133,0,662,119,279,3,519,50,20
"agent NegotiatingAgent #345",NegotiatingAgent,0.187,1170,0.569,100,56,5,0,5,42,100,44,238,189,100,16,17,100,68,0,755,33,172,0,187,50,20
"agent NegotiatingAgent #346",NegotiatingAgent,0.43,6840,0.569,100,102,5,0,6,89,100,141,342,354,100,37,2,100,119,0,700,81,281,1,430,50,20
"agent NegotiatingAgent #347",NegotiatingAgent,0.24,2798,0.569,100,67,2,0,2,48,100,57,232,233,100,25,4,100,80,0,541,55,158,2,240,50,20
"agent NegotiatingAgent #348",NegotiatingAgent,0.345,1395,0.569,100,55,2,0,2,66,100,114,185,235,100,6,22,100,92,0,540,73,192,3,345,50,20
"agent NegotiatingAgent #349",NegotiatingAgent,0.491,5042,0.569,100,102,5,0,7,108,100,130,493,496,100,68,8,100,154,0,924,99,324,0,491,50,20
"agent NegotiatingAgent #350",NegotiatingAgent,0.434,3779,0.569,100,68,8,0,9,93,100,139,393,374,100,71,3,100,117,0,560,85,283,1,434,50,20
"agent NegotiatingAgent #351",NegotiatingAgent,0.504,6013,0.569,100,96,2,0,4,102,100,135,386,443,100,52,2,100,158,0,817,109,290,2,504,50,20
"agent NegotiatingAgent #352",NegotiatingAgent,0.499,4396,0.569,100,66,3,0,6,104,100,153,342,386,100,53,9,100,131,0,515,111,269,3,499,50,20
"agent NegotiatingAgent #353",NegotiatingAgent,0.159,104,0.569,100,29,1,0,1,36,100,36,185,140,100,0,29,100,60,0,555,27,158,0,159,50,20
"agent NegotiatingAgent #354",NegotiatingAgent,0.45,3952,0.569,100,54,8,0,9,91,100,149,268,299,100,45,4,100,127,0,596,83,291,1,450,50,20
"agent NegotiatingAgent #355",NegotiatingAgent,0.086,2,0.569,100,18,2,0,2,12,100,16,54,52,100,0,8,100,39,0,172,19,81,2,86,50,20
"agent NegotiatingAgent #356",NegotiatingAgent,0.333,1712,0.569,100,26,5,0,5,76,100,98,278,251,100,57,22,100,76,0,264,83,186,3,333,50,20
"agent NegotiatingAgent #357",NegotiatingAgent,0.451,2574,0.569,100,53,3,0,4,104,100,114,433,420,100,78,15,100,138,0,894,95,304,0,451,50,20
"agent NegotiatingAgent #358",NegotiatingAgent,0.304,2106,0.569,100,31,7,0,7,67,100,100,216,227,100,49,1,100,78,0,401,59,218,1,304,50,20
"agent NegotiatingAgent #359",NegotiatingAgent,0.098,140,0.569,100,14,3,0,3,14,100,20,126,100,100,16,12,100,43,0,201,21,87,2,98,50,20
"agent NegotiatingAgent #360",NegotiatingAgent,0.037,14,0.569,100,10,0,0,0,4,100,22,39,30,100,0,8,100,0,0,183,11,38,3,37,50,20
"agent NegotiatingAgent #361",NegotiatingAgent,0.159,510,0.569,100,30,1,0,1,38,100,34,209,169,100,22,22,100,58,0,636,29,158,0,159,50,20
"agent NegotiatingAgent #362",NegotiatingAgent,0.152,93,0.569,100,20,4,0,4,39,100,52,197,160,100,37,0,100,30,0,293,31,142,1,152,50,20
"agent NegotiatingAgent #363",NegotiatingAgent,0.074,0,0.569,100,7,0,0,0,10,100,12,61,43,100,0,19,100,35,0,97,17,75,2,74,50,20
"agent NegotiatingAgent #364",NegotiatingAgent,0.349,2206,0.569,100,69,3,0,3,66,100,116,252,328,100,30,2,100,94,0,656,73,194,3,349,50,20
"agent NegotiatingAgent #365",NegotiatingAgent,0.167,330,0.569,100,36,1,0,1,38,100,38,195,147,100,6,25,100,62,0,537,29,162,0,167,50,20
"agent NegotiatingAgent #366",NegotiatingAgent,0.346,2325,0.569,100,34,7,0,8,79,100,109,277,327,100,62,3,100,87,0,492,71,239,1,346,50,20
"agent NegotiatingAgent #367",NegotiatingAgent,0.508,1587,0.569,100,30,3,0,5,102,100,137,375,440,100,100,4,100,160,0,556,109,292,2,508,50,20
"agent NegotiatingAgent #368",NegotiatingAgent,0.041,6,0.569,100,5,1,0,1,4,100,24,39,32,100,2,6,100,2,0,159,11,40,3,41,50,20
"agent NegotiatingAgent #369",NegotiatingAgent,0.487,1740,0.569,100,39,5,0,7,108,100,128,302,358,100,48,27,100,152,0,861,99,322,0,487,50,20
"agent NegotiatingAgent #370",NegotiatingAgent,0.278,649,0.569,100,22,4,0,4,62,100,92,283,242,100,69,3,100,70,0,161,54,205,1,278,50,20
"agent NegotiatingAgent #371",NegotiatingAgent,0.102,142,0.569,100,7,4,0,4,14,100,22,109,90,100,14,17,100,45,0,199,21,89,2,102,50,20
"agent NegotiatingAgent #372",NegotiatingAgent,0.547,1336,0.569,100,21,7,0,10,110,100,171,336,366,100,80,19,100,149,0,319,117,293,3,547,50,20
"agent NegotiatingAgent #373",NegotiatingAgent,0.447,2029,0.569,100,32,3,0,4,102,100,114,257,297,100,44,26,100,138,0,738,93,302,0,447,50,20
"agent NegotiatingAgent #374",NegotiatingAgent,0.292,2760,0.569,100,39,8,0,8,69,100,92,219,224,100,37,4,100,70,0,445,61,212,1,292,50,20
"agent NegotiatingAgent #375",NegotiatingAgent,0.548,1884,0.569,100,44,2,0,4,114,100,145,285,395,100,55,6,100,168,0,639,121,312,2,548,50,20
"agent NegotiatingAgent #376",NegotiatingAgent,0.369,1342,0.569,100,38,5,0,5,68,100,124,301,355,100,67,11,100,102,0,564,75,204,3,369,50,20
"agent NegotiatingAgent #377",NegotiatingAgent,0.501,562,0.569,100,23,2,0,4,113,100,130,295,367,100,60,26,100,154,0,748,104,329,0,501,50,20
"agent NegotiatingAgent #378",NegotiatingAgent,0.342,2467,0.569,100,41,5,0,6,77,100,109,290,289,100,57,4,100,87,0,399,69,237,1,342,50,20
"agent NegotiatingAgent #379",NegotiatingAgent,0.256,540,0.569,100,18,4,0,4,50,100,63,231,234,100,47,12,100,86,0,312,57,166,2,256,50,20
"agent NegotiatingAgent #380",NegotiatingAgent,0.515,2477,0.569,100,34,6,0,8,104,100,161,341,377,100,66,20,100,139,0,443,111,277,3,515,50,20
"agent NegotiatingAgent #381",NegotiatingAgent,0.175,266,0.569,100,10,4,0,4,40,100,40,146,107,100,15,32,100,64,0,413,31,166,0,175,50,20
"agent NegotiatingAgent #382",NegotiatingAgent,0.278,3366,0.569,100,41,1,0,2,61,100,93,242,280,100,43,2,100,71,0,418,53,205,1,278,50,20
"agent NegotiatingAgent #383",NegotiatingAgent,0.098,432,0.569,100,12,3,0,3,14,100,20,98,85,100,8,16,100,43,0,87,21,87,2,98,50,20
"agent NegotiatingAgent #384",NegotiatingAgent,0.349,692,0.569,100,20,3,0,3,64,100,118,253,303,100,52,21,100,96,0,418,71,194,3,349,50,20
"agent NegotiatingAgent #385",NegotiatingAgent,0.175,206,0.569,100,5,4,0,4,40,100,40,98,82,100,1,32,100,64,0,364,31,166,0,175,50,20
"agent NegotiatingAgent #386",NegotiatingAgent,0.342,557,0.569,100,8,6,0,7,77,100,109,335,335,100,94,1,100,87,0,307,69,237,1,342,50,20
"agent NegotiatingAgent #387",NegotiatingAgent,0.548,2379,0.569,100,39,2,0,4,114,100,145,223,350,100,41,9,100,168,0,529,121,312,2,548,50,20
"agent NegotiatingAgent #388",NegotiatingAgent,0.037,0,0.569,100,1,0,0,0,4,100,22,30,23,100,0,8,100,0,0,92,11,38,3,37,50,20
"agent NegotiatingAgent #389",NegotiatingAgent,0.459,1361,0.569,100,21,4,0,5,104,100,118,255,306,100,48,23,100,142,0,482,95,308,0,459,50,20
"agent NegotiatingAgent #390",NegotiatingAgent,0.416,494,0.569,100,6,5,0,6,86,100,137,288,323,100,86,6,100,115,0,175,78,274,1,416,50,20
"agent NegotiatingAgent #391",NegotiatingAgent,0.102,0,0.569,100,2,4,0,4,14,100,22,112,87,100,19,12,100,45,0,26,21,89,2,102,50,20
"agent NegotiatingAgent #392",NegotiatingAgent,0.515,0,0.569,100,0,6,0,8,104,100,161,410,372,100,112,17,100,139,0,149,111,277,3,515,50,20
"agent NegotiatingAgent #393",NegotiatingAgent,0.187,10,0.569,100,1,5,0,5,44,100,42,158,139,100,26,26,100,66,0,211,35,172,0,187,50,20
"agent NegotiatingAgent #394",NegotiatingAgent,0.314,330,0.569,100,4,4,0,5,71,100,101,258,254,100,73,3,100,79,0,245,63,223,1,314,50,20
"agent NegotiatingAgent #395",NegotiatingAgent,0.528,92,0.569,100,5,4,0,5,112,100,137,279,342,100,82,4,100,160,0,348,119,302,2,528,50,20
"agent NegotiatingAgent #396",NegotiatingAgent,0.357,0,0.569,100,2,4,0,4,66,100,120,153,226,100,32,19,100,98,0,316,73,198,3,357,50,20
"agent NegotiatingAgent #397",NegotiatingAgent,0.179,56,0.569,100,1,3,0,3,38,100,44,113,81,100,4,42,100,68,0,144,29,168,0,179,50,20
"agent NegotiatingAgent #398",NegotiatingAgent,0.286,81,0.569,100,1,2,0,3,63,100,95,249,259,100,70,3,100,73,0,203,55,209,1,286,50,20
"agent NegotiatingAgent #399",NegotiatingAgent,0.244,0,0.569,100,0,3,0,3,48,100,59,164,174,100,39,13,100,82,0,296,55,160,2,244,50,20
"agent NegotiatingAgent #400",NegotiatingAgent,0.053,0,0.569,100,0,3,0,3,6,100,28,53,39,100,6,12,100,6,0,36,13,46,3,53,50,20
