agentName,agentType,averageSpeed,cumulatedUtilityReceived,freeWallRatio,numBacktrackAgents,numCFPAnswered,numDeadends,numDifferentEncounters,numDirectionChanges,numDownSteps,numForwardAgents,numLeftSteps,numMessagesReceived,numMessagesSent,numNegotiatingAgents,numProposalsAccepted,numProposalsRejected,numRandomAgents,numRightSteps,numSwarmAgents,numTotalEncounters,numUpSteps,numVisitedCells,startingPosition,stepsToExit,xsize,ysize
"agent BacktrackAgent #1",BacktrackAgent,0.077,0,0.569,10,0,0,0,0,29,10,2,0,0,10,0,0,10,26,0,360,20,78,0,77,50,20
"agent BacktrackAgent #2",BacktrackAgent,0.438,0,0.569,10,0,12,0,12,112,10,122,0,0,10,0,0,10,100,0,164,104,281,1,438,50,20
"agent BacktrackAgent #3",BacktrackAgent,0.064,0,0.569,10,0,1,0,1,13,10,4,0,0,10,0,0,10,27,0,89,20,63,2,64,50,20
"agent BacktrackAgent #4",BacktrackAgent,0.165,0,0.569,10,0,4,0,4,40,10,50,0,0,10,0,0,10,28,0,57,47,154,3,165,50,20
"agent BacktrackAgent #5",BacktrackAgent,0.077,0,0.569,10,0,0,0,0,29,10,2,0,0,10,0,0,10,26,0,283,20,78,0,77,50,20
"agent BacktrackAgent #6",BacktrackAgent,0.304,0,0.569,10,0,11,0,11,81,10,86,0,0,10,0,0,10,64,0,74,73,214,1,304,50,20
"agent BacktrackAgent #7",BacktrackAgent,0.138,0,0.569,10,0,2,0,2,39,10,15,0,0,10,0,0,10,38,0,158,46,100,2,138,50,20
"agent BacktrackAgent #8",BacktrackAgent,0.489,0,0.569,10,0,16,0,16,118,10,134,0,0,10,0,0,10,112,0,85,125,316,3,489,50,20
"agent BacktrackAgent #9",BacktrackAgent,0.077,0,0.569,10,0,0,0,0,29,10,2,0,0,10,0,0,10,26,0,205,20,78,0,77,50,20
"agent BacktrackAgent #10",BacktrackAgent,0.488,0,0.569,10,0,14,0,14,131,10,128,0,0,10,0,0,10,106,0,195,123,306,1,488,50,20
"agent ForwardAgent #11",ForwardAgent,0.06,0,0.569,10,0,0,0,0,13,10,2,0,0,10,0,0,10,25,0,49,20,61,2,60,50,20
"agent ForwardAgent #12",ForwardAgent,1.361,0,0.569,10,0,47,0,47,326,10,362,0,0,10,0,0,10,340,0,119,333,314,3,1361,50,20
"agent ForwardAgent #13",ForwardAgent,0.193,0,0.569,10,0,2,0,2,63,10,26,0,0,10,0,0,10,50,0,116,54,100,0,193,50,20
"agent ForwardAgent #14",ForwardAgent,1.944,0,0.569,10,0,56,0,56,491,10,496,0,0,10,0,0,10,474,0,162,483,322,1,1944,50,20
"agent ForwardAgent #15",ForwardAgent,0.1,0,0.569,10,0,3,0,3,21,10,14,0,0,10,0,0,10,37,0,63,28,66,2,100,50,20
"agent ForwardAgent #16",ForwardAgent,0.165,0,0.569,10,0,2,0,2,38,10,52,0,0,10,0,0,10,30,0,44,45,154,3,165,50,20
"agent ForwardAgent #17",ForwardAgent,0.077,0,0.569,10,0,0,0,0,29,10,2,0,0,10,0,0,10,26,0,91,20,78,0,77,50,20
"agent ForwardAgent #18",ForwardAgent,0.298,0,0.569,10,0,14,0,14,72,10,92,0,0,10,0,0,10,70,0,89,64,176,1,298,50,20
"agent ForwardAgent #19",ForwardAgent,0.152,0,0.569,10,0,3,0,3,39,10,22,0,0,10,0,0,10,45,0,55,46,99,2,152,50,20
"agent ForwardAgent #20",ForwardAgent,0.437,0,0.569,10,0,26,0,26,106,10,120,0,0,10,0,0,10,98,0,118,113,174,3,437,50,20
"agent RandomAgent #21",RandomAgent,9.789,0,0.569,10,0,308,0,5006,3061,10,1826,0,0,10,0,0,10,1850,0,1946,3052,102,0,9789,50,20
"agent RandomAgent #22",RandomAgent,33.38,0,0.569,10,0,321,0,16715,7678,10,9027,0,0,10,0,0,10,9005,0,731,7670,284,1,33380,50,20
"agent RandomAgent #23",RandomAgent,11.37,0,0.569,10,0,367,0,5817,3676,10,1994,0,0,10,0,0,10,2017,0,1197,3683,102,2,11370,50,20
"agent RandomAgent #24",RandomAgent,30.915,0,0.569,10,0,1353,0,15457,7376,10,8089,0,0,10,0,0,10,8067,0,1058,7383,308,3,30915,50,20
"agent RandomAgent #25",RandomAgent,9.113,0,0.569,10,0,208,0,4544,2499,10,2050,0,0,10,0,0,10,2074,0,482,2490,102,0,9113,50,20
"agent RandomAgent #26",RandomAgent,8.022,0,0.569,10,0,333,0,3975,1740,10,2286,0,0,10,0,0,10,2264,0,263,1732,199,1,8022,50,20
"agent RandomAgent #27",RandomAgent,10.144,0,0.569,10,0,178,0,5070,3000,10,2057,0,0,10,0,0,10,2080,0,228,3007,102,2,10144,50,20
"agent RandomAgent #28",RandomAgent,23.231,0,0.569,10,0,972,0,11708,5818,10,5805,0,0,10,0,0,10,5783,0,179,5825,206,3,23231,50,20
"agent RandomAgent #29",RandomAgent,44.847,0,0.569,10,0,928,0,22802,13550,10,8866,0,0,10,0,0,10,8890,0,0,13541,102,0,44847,50,20
"agent RandomAgent #30",RandomAgent,110.632,0,0.569,10,0,3251,0,55499,28543,10,26788,0,0,10,0,0,10,26766,0,0,28535,330,1,110632,50,20
"agent NegotiatingAgent #31",NegotiatingAgent,0.06,23,0.569,10,11,0,0,0,13,10,2,16,20,10,0,0,10,25,0,50,20,61,2,60,50,20
"agent NegotiatingAgent #32",NegotiatingAgent,0.261,45,0.569,10,2,8,0,8,62,10,76,4,36,10,0,0,10,54,0,46,69,202,3,261,50,20
"agent NegotiatingAgent #33",NegotiatingAgent,0.077,0,0.569,10,2,0,0,0,29,10,2,2,10,10,0,0,10,26,0,81,20,78,0,77,50,20
"agent NegotiatingAgent #34",NegotiatingAgent,0.15,0,0.569,10,0,3,0,3,38,10,52,0,3,10,0,0,10,30,0,5,30,137,1,150,50,20
"agent NegotiatingAgent #35",NegotiatingAgent,0.136,8,0.569,10,3,2,0,2,37,10,16,23,39,10,3,3,10,39,0,30,44,99,2,136,50,20
"agent NegotiatingAgent #36",NegotiatingAgent,0.425,20,0.569,10,3,8,0,8,106,10,114,5,12,10,0,0,10,92,0,13,113,284,3,425,50,20
"agent NegotiatingAgent #37",NegotiatingAgent,0.077,0,0.569,10,0,0,0,0,29,10,2,6,4,10,0,3,10,26,0,3,20,78,0,77,50,20
"agent NegotiatingAgent #38",NegotiatingAgent,0.26,0,0.569,10,0,6,0,7,73,10,72,6,12,10,3,0,10,50,0,10,65,192,1,260,50,20
"agent NegotiatingAgent #39",NegotiatingAgent,0.066,0,0.569,10,0,1,0,1,15,10,3,11,13,10,4,0,10,26,0,6,22,64,2,66,50,20
"agent NegotiatingAgent #40",NegotiatingAgent,0.393,0,0.569,10,0,10,0,10,94,10,110,4,9,10,1,1,10,88,0,8,101,268,3,393,50,20
