agentName,agentType,averageSpeed,cumulatedUtilityReceived,freeWallRatio,numBacktrackAgents,numCFPAnswered,numDeadends,numDifferentEncounters,numDirectionChanges,numDownSteps,numForwardAgents,numLeftSteps,numMessagesReceived,numMessagesSent,numNegotiatingAgents,numProposalsAccepted,numProposalsRejected,numRandomAgents,numRightSteps,numSwarmAgents,numTotalEncounters,numUpSteps,numVisitedCells,startingPosition,stepsToExit,xsize,ysize
"agent NegotiatingAgent #1",NegotiatingAgent,0.39,7947,0.54125,0,157,19,0,19,240,0,224,461,457,100,45,7,0,252,0,432,220,781,0,936,60,40
"agent NegotiatingAgent #2",NegotiatingAgent,0.15875,7570,0.54125,0,119,12,0,12,108,0,106,300,261,100,12,5,0,78,0,371,89,274,1,381,60,40
"agent NegotiatingAgent #3",NegotiatingAgent,0.26458333333333334,2338,0.54125,0,38,14,0,14,134,0,162,218,197,100,49,4,0,189,0,226,150,507,2,635,60,40
"agent NegotiatingAgent #4",NegotiatingAgent,0.5616666666666666,9065,0.54125,0,125,14,0,15,328,0,352,614,546,100,105,0,0,324,0,622,344,795,3,1348,60,40
"agent NegotiatingAgent #5",NegotiatingAgent,0.36833333333333335,5101,0.54125,0,75,13,0,13,220,0,218,539,437,100,90,41,0,246,0,533,200,755,0,884,60,40
"agent NegotiatingAgent #6",NegotiatingAgent,0.5545833333333333,2552,0.54125,0,32,12,0,13,345,0,344,347,316,100,97,6,0,316,0,82,326,749,1,1331,60,40
"agent NegotiatingAgent #7",NegotiatingAgent,0.23458333333333334,674,0.54125,0,9,7,0,8,122,0,138,132,123,100,37,4,0,165,0,111,138,471,2,563,60,40
"agent NegotiatingAgent #8",NegotiatingAgent,0.15666666666666668,260,0.54125,0,5,5,0,5,86,0,108,289,233,100,76,3,0,80,0,46,102,309,3,376,60,40
"agent NegotiatingAgent #9",NegotiatingAgent,0.37,0,0.54125,0,0,11,0,12,236,0,204,261,211,100,71,21,0,232,0,0,216,757,0,888,60,40
"agent NegotiatingAgent #10",NegotiatingAgent,0.6829166666666666,9332,0.54125,0,125,32,0,32,421,0,422,363,362,100,50,0,0,394,0,362,402,903,1,1639,60,40
"agent NegotiatingAgent #11",NegotiatingAgent,0.20375,6071,0.54125,0,109,8,0,8,102,0,121,237,216,100,1,0,0,148,0,278,118,434,2,489,60,40
"agent NegotiatingAgent #12",NegotiatingAgent,0.18833333333333332,5909,0.54125,0,110,11,0,11,104,0,128,239,208,100,1,0,0,100,0,308,120,347,3,452,60,40
"agent NegotiatingAgent #13",NegotiatingAgent,0.40166666666666667,5707,0.54125,0,145,26,0,26,258,0,220,293,279,100,2,0,0,248,0,425,238,795,0,964,60,40
"agent NegotiatingAgent #14",NegotiatingAgent,0.09041666666666667,258,0.54125,0,30,5,0,5,58,0,74,60,52,100,0,0,0,46,0,89,39,192,1,217,60,40
"agent NegotiatingAgent #15",NegotiatingAgent,0.34458333333333335,5370,0.54125,0,84,23,0,23,196,0,196,166,173,100,0,0,0,223,0,252,212,603,2,827,60,40
"agent NegotiatingAgent #16",NegotiatingAgent,0.635,9633,0.54125,0,133,26,0,26,372,0,396,315,284,100,6,3,0,368,0,327,388,883,3,1524,60,40
"agent NegotiatingAgent #17",NegotiatingAgent,0.4533333333333333,13016,0.54125,0,213,28,0,28,278,0,262,480,448,100,7,6,0,290,0,784,258,857,0,1088,60,40
"agent NegotiatingAgent #18",NegotiatingAgent,0.19208333333333333,5150,0.54125,0,90,16,0,16,120,0,134,256,225,100,28,0,0,106,0,297,101,314,1,461,60,40
"agent NegotiatingAgent #19",NegotiatingAgent,0.2920833333333333,1894,0.54125,0,50,16,0,16,160,0,169,149,137,100,17,0,0,196,0,191,176,540,2,701,60,40
"agent NegotiatingAgent #20",NegotiatingAgent,0.135,2116,0.54125,0,66,4,0,4,72,0,96,166,142,100,5,1,0,68,0,234,88,283,3,324,60,40
"agent NegotiatingAgent #21",NegotiatingAgent,0.3616666666666667,8073,0.54125,0,140,17,0,17,224,0,206,469,382,100,46,15,0,234,0,489,204,747,0,868,60,40
"agent NegotiatingAgent #22",NegotiatingAgent,0.09375,900,0.54125,0,60,3,0,3,60,0,76,145,130,100,5,2,0,48,0,220,41,196,1,225,60,40
"agent NegotiatingAgent #23",NegotiatingAgent,0.5929166666666666,26700,0.54125,0,308,27,0,27,354,0,336,724,658,100,19,2,0,363,0,857,370,901,2,1423,60,40
"agent NegotiatingAgent #24",NegotiatingAgent,0.18166666666666667,8456,0.54125,0,140,9,0,9,92,0,132,335,310,100,10,1,0,104,0,443,108,339,3,436,60,40
"agent NegotiatingAgent #25",NegotiatingAgent,0.36,11475,0.54125,0,197,15,0,15,224,0,204,540,484,100,21,20,0,232,0,944,204,745,0,864,60,40
"agent NegotiatingAgent #26",NegotiatingAgent,0.6229166666666667,6560,0.54125,0,102,16,0,17,379,0,392,246,240,100,10,5,0,364,0,304,360,831,1,1495,60,40
"agent NegotiatingAgent #27",NegotiatingAgent,0.6045833333333334,15791,0.54125,0,191,26,0,26,364,0,340,479,455,100,31,0,0,367,0,621,380,915,2,1451,60,40
"agent NegotiatingAgent #28",NegotiatingAgent,0.20333333333333334,3812,0.54125,0,98,12,0,12,114,0,136,277,234,100,15,2,0,108,0,388,130,365,3,488,60,40
"agent NegotiatingAgent #29",NegotiatingAgent,0.49666666666666665,4601,0.54125,0,110,24,0,24,312,0,280,432,368,100,51,6,0,308,0,745,292,909,0,1192,60,40
"agent NegotiatingAgent #30",NegotiatingAgent,0.11208333333333333,954,0.54125,0,41,6,0,6,70,0,88,144,107,100,6,7,0,60,0,273,51,218,1,269,60,40
"agent NegotiatingAgent #31",NegotiatingAgent,0.27458333333333335,6686,0.54125,0,97,15,0,15,146,0,162,333,297,100,43,1,0,189,0,299,162,519,2,659,60,40
"agent NegotiatingAgent #32",NegotiatingAgent,0.17166666666666666,4064,0.54125,0,70,9,0,9,90,0,122,298,257,100,34,11,0,94,0,359,106,327,3,412,60,40
"agent NegotiatingAgent #33",NegotiatingAgent,0.37833333333333335,4648,0.54125,0,109,15,0,15,236,0,214,460,420,100,72,11,0,242,0,622,216,767,0,908,60,40
"agent NegotiatingAgent #34",NegotiatingAgent,0.6204166666666666,7998,0.54125,0,107,18,0,20,379,0,389,300,290,100,27,8,0,361,0,519,360,828,1,1489,60,40
"agent NegotiatingAgent #35",NegotiatingAgent,0.5604166666666667,17333,0.54125,0,212,17,0,17,328,0,323,583,566,100,48,2,0,350,0,636,344,862,2,1345,60,40
"agent NegotiatingAgent #36",NegotiatingAgent,0.6441666666666667,13020,0.54125,0,157,25,0,26,372,0,407,628,563,100,93,3,0,379,0,961,388,894,3,1546,60,40
"agent NegotiatingAgent #37",NegotiatingAgent,0.44,5963,0.54125,0,110,17,0,18,256,0,268,335,296,100,15,31,0,296,0,341,236,841,0,1056,60,40
"agent NegotiatingAgent #38",NegotiatingAgent,0.6695833333333333,16770,0.54125,0,192,21,0,23,409,0,418,636,591,100,68,15,0,390,0,679,390,887,1,1607,60,40
"agent NegotiatingAgent #39",NegotiatingAgent,0.45875,8034,0.54125,0,121,11,0,11,266,0,263,322,288,100,14,4,0,290,0,649,282,740,2,1101,60,40
"agent NegotiatingAgent #40",NegotiatingAgent,0.5991666666666666,7921,0.54125,0,121,17,0,18,342,0,383,430,393,100,55,3,0,355,0,374,358,840,3,1438,60,40
"agent NegotiatingAgent #41",NegotiatingAgent,0.535,2783,0.54125,0,84,31,0,31,326,0,312,426,368,100,62,13,0,340,0,662,306,955,0,1284,60,40
"agent NegotiatingAgent #42",NegotiatingAgent,0.6479166666666667,10845,0.54125,0,129,25,0,26,401,0,400,634,578,100,118,11,0,372,0,386,382,861,1,1555,60,40
"agent NegotiatingAgent #43",NegotiatingAgent,0.25125,2687,0.54125,0,44,12,0,12,130,0,150,207,193,100,27,2,0,177,0,253,146,491,2,603,60,40
"agent NegotiatingAgent #44",NegotiatingAgent,0.16833333333333333,5244,0.54125,0,85,9,0,9,92,0,116,298,282,100,36,2,0,88,0,351,108,323,3,404,60,40
"agent NegotiatingAgent #45",NegotiatingAgent,0.31,8705,0.54125,0,143,8,0,9,198,0,170,472,410,100,25,34,0,198,0,937,178,685,0,744,60,40
"agent NegotiatingAgent #46",NegotiatingAgent,0.14041666666666666,1332,0.54125,0,39,7,0,7,92,0,100,153,135,100,11,4,0,72,0,337,73,252,1,337,60,40
"agent NegotiatingAgent #47",NegotiatingAgent,0.57375,9061,0.54125,0,122,18,0,18,344,0,323,480,444,100,75,7,0,350,0,376,360,878,2,1377,60,40
"agent NegotiatingAgent #48",NegotiatingAgent,0.6325,6570,0.54125,0,90,20,0,21,370,0,395,636,564,100,147,1,0,367,0,314,386,880,3,1518,60,40
"agent NegotiatingAgent #49",NegotiatingAgent,0.45166666666666666,8525,0.54125,0,137,24,0,24,278,0,260,523,476,100,63,12,0,288,0,707,258,855,0,1084,60,40
"agent NegotiatingAgent #50",NegotiatingAgent,0.16875,2296,0.54125,0,37,9,0,9,106,0,120,341,285,100,73,16,0,92,0,303,87,286,1,405,60,40
"agent NegotiatingAgent #51",NegotiatingAgent,0.2654166666666667,1121,0.54125,0,27,12,0,12,130,0,167,165,148,100,33,7,0,194,0,147,146,508,2,637,60,40
"agent NegotiatingAgent #52",NegotiatingAgent,0.14166666666666666,3024,0.54125,0,56,4,0,4,72,0,104,318,281,100,56,3,0,76,0,330,88,291,3,340,60,40
"agent NegotiatingAgent #53",NegotiatingAgent,0.37166666666666665,8888,0.54125,0,127,15,0,15,236,0,206,510,436,100,47,32,0,234,0,659,216,759,0,892,60,40
"agent NegotiatingAgent #54",NegotiatingAgent,0.6695833333333333,3794,0.54125,0,63,23,0,24,411,0,416,331,316,100,76,2,0,388,0,128,392,887,1,1607,60,40
"agent NegotiatingAgent #55",NegotiatingAgent,0.5404166666666667,12358,0.54125,0,138,18,0,19,332,0,295,432,385,100,33,13,0,322,0,406,348,838,2,1297,60,40
"agent NegotiatingAgent #56",NegotiatingAgent,0.525,7918,0.54125,0,100,12,0,13,302,0,334,517,472,100,94,8,0,306,0,506,318,751,3,1260,60,40
"agent NegotiatingAgent #57",NegotiatingAgent,0.46,6277,0.54125,0,108,18,0,19,282,0,266,472,420,100,69,15,0,294,0,618,262,865,0,1104,60,40
"agent NegotiatingAgent #58",NegotiatingAgent,0.18541666666666667,1334,0.54125,0,21,12,0,12,110,0,136,243,214,100,62,6,0,108,0,192,91,306,1,445,60,40
"agent NegotiatingAgent #59",NegotiatingAgent,0.29041666666666666,1898,0.54125,0,30,12,0,12,154,0,173,167,151,100,30,10,0,200,0,158,170,538,2,697,60,40
"agent NegotiatingAgent #60",NegotiatingAgent,0.22666666666666666,2306,0.54125,0,34,10,0,10,128,0,150,226,202,100,50,6,0,122,0,217,144,393,3,544,60,40
"agent NegotiatingAgent #61",NegotiatingAgent,0.39,3225,0.54125,0,71,16,0,16,244,0,220,307,268,100,39,17,0,248,0,623,224,781,0,936,60,40
"agent NegotiatingAgent #62",NegotiatingAgent,0.14041666666666666,220,0.54125,0,8,9,0,9,82,0,110,99,79,100,15,11,0,82,0,135,63,252,1,337,60,40
"agent NegotiatingAgent #63",NegotiatingAgent,0.18375,702,0.54125,0,24,7,0,7,96,0,103,153,135,100,35,2,0,130,0,116,112,410,2,441,60,40
"agent NegotiatingAgent #64",NegotiatingAgent,0.575,3174,0.54125,0,36,17,0,18,328,0,368,677,589,100,208,5,0,340,0,206,344,811,3,1380,60,40
"agent NegotiatingAgent #65",NegotiatingAgent,0.31,2861,0.54125,0,62,10,0,10,190,0,178,478,396,100,93,13,0,206,0,559,170,685,0,744,60,40
"agent NegotiatingAgent #66",NegotiatingAgent,0.56125,1759,0.54125,0,36,9,0,10,343,0,354,211,190,100,48,7,0,326,0,91,324,757,1,1347,60,40
"agent NegotiatingAgent #67",NegotiatingAgent,0.20625,1365,0.54125,0,23,5,0,6,108,0,118,187,149,100,32,11,0,145,0,122,124,437,2,495,60,40
"agent NegotiatingAgent #68",NegotiatingAgent,0.14333333333333334,1682,0.54125,0,29,6,0,6,78,0,100,314,259,100,64,5,0,72,0,192,94,293,3,344,60,40
"agent NegotiatingAgent #69",NegotiatingAgent,0.33,490,0.54125,0,26,14,0,14,204,0,188,491,392,100,121,11,0,216,0,388,184,709,0,792,60,40
"agent NegotiatingAgent #70",NegotiatingAgent,0.5829166666666666,5253,0.54125,0,66,11,0,13,355,0,368,484,429,100,101,14,0,340,0,168,336,783,1,1399,60,40
"agent NegotiatingAgent #71",NegotiatingAgent,0.48041666666666666,1678,0.54125,0,23,10,0,10,270,0,285,160,139,100,32,12,0,312,0,95,286,766,2,1153,60,40
"agent NegotiatingAgent #72",NegotiatingAgent,0.16166666666666665,1340,0.54125,0,30,7,0,7,82,0,118,306,236,100,60,6,0,90,0,229,98,315,3,388,60,40
"agent NegotiatingAgent #73",NegotiatingAgent,0.42,3710,0.54125,0,72,16,0,17,248,0,252,462,393,100,79,25,0,280,0,740,228,817,0,1008,60,40
"agent NegotiatingAgent #74",NegotiatingAgent,0.09541666666666666,16,0.54125,0,9,4,0,4,62,0,76,38,37,100,2,5,0,48,0,81,43,198,1,229,60,40
"agent NegotiatingAgent #75",NegotiatingAgent,0.24791666666666667,225,0.54125,0,4,12,0,12,136,0,140,165,144,100,45,3,0,167,0,90,152,487,2,595,60,40
"agent NegotiatingAgent #76",NegotiatingAgent,0.18166666666666667,1350,0.54125,0,30,6,0,7,96,0,128,220,186,100,43,5,0,100,0,179,112,339,3,436,60,40
"agent NegotiatingAgent #77",NegotiatingAgent,0.45666666666666667,5407,0.54125,0,92,17,0,18,278,0,266,487,409,100,75,27,0,294,0,570,258,861,0,1096,60,40
"agent NegotiatingAgent #78",NegotiatingAgent,0.11375,70,0.54125,0,4,6,0,6,72,0,88,33,24,100,0,10,0,60,0,54,53,220,1,273,60,40
"agent NegotiatingAgent #79",NegotiatingAgent,0.5454166666666667,4383,0.54125,0,56,15,0,15,320,0,313,383,357,100,94,7,0,340,0,199,336,844,2,1309,60,40
"agent NegotiatingAgent #80",NegotiatingAgent,0.16833333333333333,1342,0.54125,0,25,8,0,8,84,0,124,312,257,100,77,4,0,96,0,153,100,323,3,404,60,40
"agent NegotiatingAgent #81",NegotiatingAgent,0.3333333333333333,3970,0.54125,0,75,8,0,9,202,0,194,404,352,100,48,25,0,222,0,591,182,713,0,800,60,40
"agent NegotiatingAgent #82",NegotiatingAgent,0.12875,6,0.54125,0,1,6,0,6,74,0,104,49,38,100,8,11,0,76,0,27,55,238,1,309,60,40
"agent NegotiatingAgent #83",NegotiatingAgent,0.48791666666666667,2610,0.54125,0,28,16,0,16,278,0,286,355,307,100,90,1,0,313,0,69,294,775,2,1171,60,40
"agent NegotiatingAgent #84",NegotiatingAgent,0.5583333333333333,3100,0.54125,0,36,12,0,13,320,0,356,595,502,100,170,2,0,328,0,92,336,791,3,1340,60,40
"agent NegotiatingAgent #85",NegotiatingAgent,0.31833333333333336,1136,0.54125,0,28,9,0,10,198,0,180,428,345,100,88,29,0,208,0,398,178,695,0,764,60,40
"agent NegotiatingAgent #86",NegotiatingAgent,0.60375,780,0.54125,0,9,11,0,12,367,0,381,247,223,100,87,6,0,353,0,23,348,808,1,1449,60,40
"agent NegotiatingAgent #87",NegotiatingAgent,0.4979166666666667,1176,0.54125,0,12,13,0,13,290,0,286,277,254,100,92,2,0,313,0,24,306,787,2,1195,60,40
"agent NegotiatingAgent #88",NegotiatingAgent,0.5133333333333333,1532,0.54125,0,19,12,0,13,304,0,318,193,170,100,46,5,0,290,0,44,320,737,3,1232,60,40
"agent NegotiatingAgent #89",NegotiatingAgent,0.4116666666666667,3532,0.54125,0,48,19,0,19,250,0,240,302,265,100,46,21,0,268,0,324,230,807,0,988,60,40
"agent NegotiatingAgent #90",NegotiatingAgent,0.07375,234,0.54125,0,6,1,0,1,50,0,62,60,49,100,5,8,0,34,0,49,31,172,1,177,60,40
"agent NegotiatingAgent #91",NegotiatingAgent,0.24375,1178,0.54125,0,18,9,0,9,122,0,149,135,125,100,31,7,0,176,0,54,138,482,2,585,60,40
"agent NegotiatingAgent #92",NegotiatingAgent,0.15,62,0.54125,0,1,5,0,5,84,0,102,221,180,100,63,5,0,74,0,8,100,301,3,360,60,40
"agent NegotiatingAgent #93",NegotiatingAgent,0.29,38,0.54125,0,4,7,0,7,188,0,156,370,295,100,94,24,0,184,0,144,168,661,0,696,60,40
"agent NegotiatingAgent #94",NegotiatingAgent,0.16041666666666668,0,0.54125,0,0,9,0,9,104,0,112,185,150,100,53,13,0,84,0,1,85,276,1,385,60,40
"agent NegotiatingAgent #95",NegotiatingAgent,0.6070833333333333,1812,0.54125,0,19,22,0,22,356,0,351,352,307,100,108,11,0,378,0,87,372,918,2,1457,60,40
"agent NegotiatingAgent #96",NegotiatingAgent,0.5716666666666667,588,0.54125,0,6,12,0,13,326,0,366,271,239,100,95,7,0,338,0,11,342,807,3,1372,60,40
"agent NegotiatingAgent #97",NegotiatingAgent,0.395,262,0.54125,0,5,12,0,14,238,0,232,415,325,100,109,33,0,260,0,70,218,787,0,948,60,40
"agent NegotiatingAgent #98",NegotiatingAgent,0.58625,142,0.54125,0,2,15,0,16,363,0,364,278,240,100,91,17,0,336,0,6,344,787,1,1407,60,40
"agent NegotiatingAgent #99",NegotiatingAgent,0.22875,0,0.54125,0,0,7,0,8,120,0,133,137,116,100,43,7,0,160,0,0,136,464,2,549,60,40
"agent NegotiatingAgent #100",NegotiatingAgent,0.6566666666666666,12105,0.54125,0,187,31,0,31,380,0,414,401,370,100,0,0,0,386,0,422,396,909,3,1576,60,40
