agentName,agentType,averageSpeed,cumulatedUtilityReceived,freeWallRatio,numBacktrackAgents,numCFPAnswered,numDeadends,numDifferentEncounters,numDirectionChanges,numDownSteps,numForwardAgents,numLeftSteps,numMessagesReceived,numMessagesSent,numNegotiatingAgents,numProposalsAccepted,numProposalsRejected,numRandomAgents,numRightSteps,numSwarmAgents,numTotalEncounters,numUpSteps,numVisitedCells,startingPosition,stepsToExit,xsize,ysize
"agent NegotiatingAgent #1",NegotiatingAgent,0.03166666666666667,14,0.54125,0,31,1,0,1,28,0,6,108,85,100,15,1,0,34,0,237,8,75,0,76,60,40
"agent NegotiatingAgent #2",NegotiatingAgent,0.16541666666666666,2578,0.54125,0,64,7,0,7,86,0,136,148,138,100,5,1,0,108,0,219,67,240,1,397,60,40
"agent NegotiatingAgent #3",NegotiatingAgent,0.4320833333333333,6730,0.54125,0,93,19,0,20,238,0,259,313,291,100,30,2,0,286,0,481,254,713,2,1037,60,40
"agent NegotiatingAgent #4",NegotiatingAgent,0.5558333333333333,4119,0.54125,0,54,20,0,21,292,0,381,262,243,100,50,8,0,353,0,327,308,754,3,1334,60,40
"agent NegotiatingAgent #5",NegotiatingAgent,0.03,52,0.54125,0,19,0,0,0,28,0,4,88,71,100,0,13,0,32,0,352,8,73,0,72,60,40
"agent NegotiatingAgent #6",NegotiatingAgent,0.4220833333333333,1206,0.54125,0,19,4,0,7,247,0,283,163,143,100,39,16,0,255,0,100,228,548,1,1013,60,40
"agent NegotiatingAgent #7",NegotiatingAgent,0.3020833333333333,623,0.54125,0,7,7,0,8,160,0,181,233,198,100,62,3,0,208,0,144,176,557,2,725,60,40
"agent NegotiatingAgent #8",NegotiatingAgent,0.09166666666666666,64,0.54125,0,3,2,0,2,48,0,68,107,88,100,23,9,0,40,0,34,64,197,3,220,60,40
"agent NegotiatingAgent #9",NegotiatingAgent,0.03,0,0.54125,0,0,0,0,0,28,0,4,71,48,100,0,23,0,32,0,0,8,73,0,72,60,40
"agent NegotiatingAgent #10",NegotiatingAgent,0.03375,0,0.54125,0,30,0,0,0,28,0,36,47,49,100,0,0,0,8,0,73,9,82,1,81,60,40
"agent NegotiatingAgent #11",NegotiatingAgent,0.35208333333333336,4493,0.54125,0,110,18,0,18,190,0,211,250,192,100,1,0,0,238,0,349,206,617,2,845,60,40
"agent NegotiatingAgent #12",NegotiatingAgent,0.5533333333333333,4376,0.54125,0,70,26,0,26,310,0,360,181,158,100,15,2,0,332,0,176,326,751,3,1328,60,40
"agent NegotiatingAgent #13",NegotiatingAgent,0.03166666666666667,10,0.54125,0,40,1,0,1,28,0,6,70,77,100,0,0,0,34,0,128,8,75,0,76,60,40
"agent NegotiatingAgent #14",NegotiatingAgent,0.03375,0,0.54125,0,21,0,0,0,28,0,36,63,38,100,0,10,0,8,0,58,9,82,1,81,60,40
"agent NegotiatingAgent #15",NegotiatingAgent,0.33208333333333334,5720,0.54125,0,144,15,0,15,168,0,209,331,254,100,2,0,0,236,0,425,184,593,2,797,60,40
"agent NegotiatingAgent #16",NegotiatingAgent,0.435,10073,0.54125,0,142,16,0,16,236,0,292,320,321,100,14,0,0,264,0,392,252,609,3,1044,60,40
"agent NegotiatingAgent #17",NegotiatingAgent,0.03,44,0.54125,0,56,0,0,0,28,0,4,125,91,100,0,4,0,32,0,215,8,73,0,72,60,40
"agent NegotiatingAgent #18",NegotiatingAgent,0.61875,3508,0.54125,0,73,26,0,27,363,0,403,145,157,100,6,0,0,375,0,191,344,784,1,1485,60,40
"agent NegotiatingAgent #19",NegotiatingAgent,0.3329166666666667,9223,0.54125,0,146,13,0,13,182,0,196,354,308,100,6,4,0,223,0,424,198,594,2,799,60,40
"agent NegotiatingAgent #20",NegotiatingAgent,0.5516666666666666,2363,0.54125,0,48,23,0,23,308,0,360,116,106,100,10,0,0,332,0,135,324,749,3,1324,60,40
"agent NegotiatingAgent #21",NegotiatingAgent,0.03166666666666667,46,0.54125,0,22,1,0,1,28,0,6,68,76,100,4,2,0,34,0,197,8,75,0,76,60,40
"agent NegotiatingAgent #22",NegotiatingAgent,0.03375,0,0.54125,0,15,0,0,0,28,0,36,26,35,100,0,2,0,8,0,126,9,82,1,81,60,40
"agent NegotiatingAgent #23",NegotiatingAgent,0.32875,5390,0.54125,0,117,15,0,15,174,0,199,338,275,100,24,0,0,226,0,418,190,589,2,789,60,40
"agent NegotiatingAgent #24",NegotiatingAgent,0.38916666666666666,2465,0.54125,0,51,9,0,11,220,0,253,139,138,100,13,1,0,225,0,189,236,554,3,934,60,40
"agent NegotiatingAgent #25",NegotiatingAgent,0.03,18,0.54125,0,46,0,0,0,28,0,4,108,102,100,0,4,0,32,0,406,8,73,0,72,60,40
"agent NegotiatingAgent #26",NegotiatingAgent,0.17875,4526,0.54125,0,79,10,0,10,92,0,146,161,163,100,0,1,0,118,0,258,73,256,1,429,60,40
"agent NegotiatingAgent #27",NegotiatingAgent,0.27208333333333334,5989,0.54125,0,91,8,0,8,146,0,159,276,248,100,21,4,0,186,0,673,162,521,2,653,60,40
"agent NegotiatingAgent #28",NegotiatingAgent,0.22333333333333333,2975,0.54125,0,57,11,0,11,100,0,174,130,124,100,3,1,0,146,0,264,116,355,3,536,60,40
"agent NegotiatingAgent #29",NegotiatingAgent,0.03,22,0.54125,0,56,0,0,0,28,0,4,120,100,100,0,0,0,32,0,306,8,73,0,72,60,40
"agent NegotiatingAgent #30",NegotiatingAgent,0.03375,0,0.54125,0,24,0,0,0,28,0,36,49,62,100,0,3,0,8,0,120,9,82,1,81,60,40
"agent NegotiatingAgent #31",NegotiatingAgent,0.48791666666666667,5988,0.54125,0,105,24,0,25,262,0,302,365,326,100,48,2,0,329,0,372,278,780,2,1171,60,40
"agent NegotiatingAgent #32",NegotiatingAgent,0.43333333333333335,8477,0.54125,0,110,14,0,14,234,0,292,352,314,100,34,6,0,264,0,531,250,607,3,1040,60,40
"agent NegotiatingAgent #33",NegotiatingAgent,0.03166666666666667,124,0.54125,0,25,1,0,1,28,0,6,91,82,100,3,9,0,34,0,355,8,75,0,76,60,40
"agent NegotiatingAgent #34",NegotiatingAgent,0.17375,1788,0.54125,0,36,7,0,7,90,0,142,169,153,100,30,10,0,114,0,149,71,250,1,417,60,40
"agent NegotiatingAgent #35",NegotiatingAgent,0.32708333333333334,4549,0.54125,0,63,11,0,12,176,0,195,185,175,100,14,2,0,222,0,405,192,587,2,785,60,40
"agent NegotiatingAgent #36",NegotiatingAgent,0.195,4463,0.54125,0,102,5,0,5,94,0,146,232,214,100,6,3,0,118,0,332,110,321,3,468,60,40
"agent NegotiatingAgent #37",NegotiatingAgent,0.03,58,0.54125,0,35,0,0,0,28,0,4,108,93,100,0,5,0,32,0,416,8,73,0,72,60,40
"agent NegotiatingAgent #38",NegotiatingAgent,0.45208333333333334,4235,0.54125,0,62,7,0,9,279,0,287,178,187,100,18,7,0,259,0,148,260,584,1,1085,60,40
"agent NegotiatingAgent #39",NegotiatingAgent,0.28708333333333336,3644,0.54125,0,73,7,0,8,148,0,175,243,227,100,26,3,0,202,0,457,164,539,2,689,60,40
"agent NegotiatingAgent #40",NegotiatingAgent,0.5916666666666667,5267,0.54125,0,59,24,0,26,322,0,394,190,174,100,18,10,0,366,0,273,338,797,3,1420,60,40
"agent NegotiatingAgent #41",NegotiatingAgent,0.03,52,0.54125,0,22,0,0,0,28,0,4,101,79,100,0,14,0,32,0,460,8,73,0,72,60,40
"agent NegotiatingAgent #42",NegotiatingAgent,0.16208333333333333,1582,0.54125,0,39,5,0,5,84,0,134,97,101,100,3,4,0,106,0,224,65,236,1,389,60,40
"agent NegotiatingAgent #43",NegotiatingAgent,0.3104166666666667,3117,0.54125,0,46,10,0,11,172,0,179,264,235,100,56,5,0,206,0,373,188,567,2,745,60,40
"agent NegotiatingAgent #44",NegotiatingAgent,0.22166666666666668,4008,0.54125,0,91,9,0,9,104,0,168,285,247,100,21,12,0,140,0,355,120,353,3,532,60,40
"agent NegotiatingAgent #45",NegotiatingAgent,0.03166666666666667,52,0.54125,0,14,1,0,1,28,0,6,80,85,100,7,4,0,34,0,260,8,75,0,76,60,40
"agent NegotiatingAgent #46",NegotiatingAgent,0.15041666666666667,2386,0.54125,0,54,4,0,4,80,0,124,177,165,100,14,7,0,96,0,328,61,222,1,361,60,40
"agent NegotiatingAgent #47",NegotiatingAgent,0.4479166666666667,2983,0.54125,0,54,18,0,18,226,0,290,341,295,100,65,1,0,317,0,225,242,732,2,1075,60,40
"agent NegotiatingAgent #48",NegotiatingAgent,0.19833333333333333,1596,0.54125,0,37,6,0,6,92,0,152,240,218,100,53,1,0,124,0,185,108,325,3,476,60,40
"agent NegotiatingAgent #49",NegotiatingAgent,0.03,8,0.54125,0,35,0,0,0,28,0,4,101,75,100,0,1,0,32,0,163,8,73,0,72,60,40
"agent NegotiatingAgent #50",NegotiatingAgent,0.03375,0,0.54125,0,15,0,0,0,28,0,36,64,54,100,0,12,0,8,0,70,9,82,1,81,60,40
"agent NegotiatingAgent #51",NegotiatingAgent,0.17458333333333334,3319,0.54125,0,45,1,0,1,90,0,98,150,138,100,10,5,0,125,0,148,106,404,2,419,60,40
"agent NegotiatingAgent #52",NegotiatingAgent,0.07333333333333333,42,0.54125,0,13,1,0,1,34,0,60,76,63,100,9,7,0,32,0,151,50,175,3,176,60,40
"agent NegotiatingAgent #53",NegotiatingAgent,0.03,28,0.54125,0,28,0,0,0,28,0,4,97,83,100,0,13,0,32,0,474,8,73,0,72,60,40
"agent NegotiatingAgent #54",NegotiatingAgent,0.03375,0,0.54125,0,3,0,0,0,28,0,36,39,25,100,0,14,0,8,0,46,9,82,1,81,60,40
"agent NegotiatingAgent #55",NegotiatingAgent,0.27375,4655,0.54125,0,56,5,0,7,136,0,171,198,193,100,22,4,0,198,0,362,152,523,2,657,60,40
"agent NegotiatingAgent #56",NegotiatingAgent,0.5233333333333333,4893,0.54125,0,63,15,0,18,290,0,344,247,222,100,33,8,0,316,0,164,306,715,3,1256,60,40
"agent NegotiatingAgent #57",NegotiatingAgent,0.03,0,0.54125,0,17,0,0,0,28,0,4,88,70,100,0,14,0,32,0,417,8,73,0,72,60,40
"agent NegotiatingAgent #58",NegotiatingAgent,0.43875,2208,0.54125,0,38,7,0,9,267,0,283,230,212,100,48,10,0,255,0,128,248,568,1,1053,60,40
"agent NegotiatingAgent #59",NegotiatingAgent,0.27875,3387,0.54125,0,51,4,0,5,140,0,173,269,236,100,45,5,0,200,0,318,156,529,2,669,60,40
"agent NegotiatingAgent #60",NegotiatingAgent,0.20666666666666667,1316,0.54125,0,26,6,0,7,96,0,158,267,238,100,61,5,0,130,0,134,112,335,3,496,60,40
"agent NegotiatingAgent #61",NegotiatingAgent,0.03,0,0.54125,0,4,0,0,0,28,0,4,63,54,100,0,19,0,32,0,391,8,73,0,72,60,40
"agent NegotiatingAgent #62",NegotiatingAgent,0.16708333333333333,2798,0.54125,0,54,7,0,7,88,0,136,200,179,100,20,11,0,108,0,246,69,242,1,401,60,40
"agent NegotiatingAgent #63",NegotiatingAgent,0.19041666666666668,862,0.54125,0,22,5,0,5,100,0,107,227,210,100,62,1,0,134,0,231,116,423,2,457,60,40
"agent NegotiatingAgent #64",NegotiatingAgent,0.5125,2489,0.54125,0,33,14,0,16,266,0,355,160,153,100,27,7,0,327,0,118,282,702,3,1230,60,40
"agent NegotiatingAgent #65",NegotiatingAgent,0.03,24,0.54125,0,15,0,0,0,28,0,4,82,72,100,0,9,0,32,0,260,8,73,0,72,60,40
"agent NegotiatingAgent #66",NegotiatingAgent,0.03375,0,0.54125,0,7,0,0,0,28,0,36,67,39,100,0,24,0,8,0,20,9,82,1,81,60,40
"agent NegotiatingAgent #67",NegotiatingAgent,0.34541666666666665,1402,0.54125,0,25,17,0,18,182,0,211,247,222,100,57,1,0,238,0,195,198,609,2,829,60,40
"agent NegotiatingAgent #68",NegotiatingAgent,0.18666666666666668,100,0.54125,0,3,4,0,5,82,0,148,90,73,100,21,10,0,120,0,57,98,311,3,448,60,40
"agent NegotiatingAgent #69",NegotiatingAgent,0.03,14,0.54125,0,10,0,0,0,28,0,4,83,72,100,0,11,0,32,0,230,8,73,0,72,60,40
"agent NegotiatingAgent #70",NegotiatingAgent,0.60375,2522,0.54125,0,32,18,0,20,331,0,417,222,204,100,52,8,0,389,0,152,312,766,1,1449,60,40
"agent NegotiatingAgent #71",NegotiatingAgent,0.34041666666666665,2827,0.54125,0,36,9,0,11,180,0,207,337,303,100,81,1,0,234,0,248,196,603,2,817,60,40
"agent NegotiatingAgent #72",NegotiatingAgent,0.5433333333333333,1496,0.54125,0,20,17,0,17,298,0,360,136,121,100,30,9,0,332,0,62,314,739,3,1304,60,40
"agent NegotiatingAgent #73",NegotiatingAgent,0.03166666666666667,0,0.54125,0,4,1,0,1,28,0,6,92,74,100,9,7,0,34,0,33,8,75,0,76,60,40
"agent NegotiatingAgent #74",NegotiatingAgent,0.15875,2122,0.54125,0,36,6,0,7,84,0,130,154,144,100,24,4,0,102,0,146,65,232,1,381,60,40
"agent NegotiatingAgent #75",NegotiatingAgent,0.23541666666666666,1188,0.54125,0,15,3,0,4,124,0,137,237,211,100,70,3,0,164,0,119,140,477,2,565,60,40
"agent NegotiatingAgent #76",NegotiatingAgent,0.5708333333333333,1452,0.54125,0,19,19,0,20,298,0,393,318,288,100,102,5,0,365,0,65,314,772,3,1370,60,40
"agent NegotiatingAgent #77",NegotiatingAgent,0.03166666666666667,0,0.54125,0,0,1,0,1,28,0,6,78,67,100,4,9,0,34,0,100,8,75,0,76,60,40
"agent NegotiatingAgent #78",NegotiatingAgent,0.5554166666666667,986,0.54125,0,13,16,0,17,303,0,387,302,260,100,91,17,0,359,0,32,284,708,1,1333,60,40
"agent NegotiatingAgent #79",NegotiatingAgent,0.27541666666666664,2068,0.54125,0,35,6,0,8,144,0,165,321,263,100,67,1,0,192,0,150,160,525,2,661,60,40
"agent NegotiatingAgent #80",NegotiatingAgent,0.4483333333333333,186,0.54125,0,2,9,0,10,256,0,288,85,69,100,23,10,0,260,0,21,272,625,3,1076,60,40
"agent NegotiatingAgent #81",NegotiatingAgent,0.03,0,0.54125,0,4,0,0,0,28,0,4,70,55,100,0,20,0,32,0,283,8,73,0,72,60,40
"agent NegotiatingAgent #82",NegotiatingAgent,0.15541666666666668,318,0.54125,0,13,6,0,6,82,0,128,130,121,100,27,11,0,100,0,130,63,228,1,373,60,40
"agent NegotiatingAgent #83",NegotiatingAgent,0.40875,311,0.54125,0,4,17,0,17,212,0,257,400,333,100,126,1,0,284,0,64,228,685,2,981,60,40
"agent NegotiatingAgent #84",NegotiatingAgent,0.08666666666666667,116,0.54125,0,7,2,0,2,46,0,64,66,60,100,9,5,0,36,0,81,62,191,3,208,60,40
"agent NegotiatingAgent #85",NegotiatingAgent,0.03,0,0.54125,0,6,0,0,0,28,0,4,71,57,100,0,16,0,32,0,209,8,73,0,72,60,40
"agent NegotiatingAgent #86",NegotiatingAgent,0.15875,90,0.54125,0,1,6,0,6,86,0,128,79,63,100,14,14,0,100,0,66,67,232,1,381,60,40
"agent NegotiatingAgent #87",NegotiatingAgent,0.2520833333333333,504,0.54125,0,8,5,0,6,132,0,149,193,177,100,59,3,0,176,0,41,148,497,2,605,60,40
"agent NegotiatingAgent #88",NegotiatingAgent,0.4708333333333333,196,0.54125,0,2,9,0,11,266,0,305,200,174,100,66,10,0,277,0,50,282,652,3,1130,60,40
"agent NegotiatingAgent #89",NegotiatingAgent,0.03,0,0.54125,0,2,0,0,0,28,0,4,72,50,100,0,21,0,32,0,144,8,73,0,72,60,40
"agent NegotiatingAgent #90",NegotiatingAgent,0.16041666666666668,290,0.54125,0,4,6,0,6,86,0,130,178,142,100,42,16,0,102,0,31,67,234,1,385,60,40
"agent NegotiatingAgent #91",NegotiatingAgent,0.40125,12,0.54125,0,3,14,0,15,210,0,250,182,157,100,57,7,0,277,0,19,226,676,2,963,60,40
"agent NegotiatingAgent #92",NegotiatingAgent,0.08,0,0.54125,0,0,2,0,2,38,0,64,40,32,100,7,7,0,36,0,1,54,183,3,192,60,40
"agent NegotiatingAgent #93",NegotiatingAgent,0.03,0,0.54125,0,0,0,0,0,28,0,4,71,48,100,0,23,0,32,0,82,8,73,0,72,60,40
"agent NegotiatingAgent #94",NegotiatingAgent,0.03375,0,0.54125,0,0,0,0,0,28,0,36,31,17,100,0,14,0,8,0,4,9,82,1,81,60,40
"agent NegotiatingAgent #95",NegotiatingAgent,0.27875,1022,0.54125,0,16,7,0,9,140,0,173,228,191,100,51,6,0,200,0,33,156,529,2,669,60,40
"agent NegotiatingAgent #96",NegotiatingAgent,0.19666666666666666,100,0.54125,0,1,7,0,7,96,0,146,107,84,100,27,11,0,118,0,2,112,323,3,472,60,40
"agent NegotiatingAgent #97",NegotiatingAgent,0.03166666666666667,0,0.54125,0,0,1,0,1,28,0,6,84,72,100,9,3,0,34,0,10,8,75,0,76,60,40
"agent NegotiatingAgent #98",NegotiatingAgent,0.16208333333333333,0,0.54125,0,0,6,0,6,84,0,134,227,181,100,70,15,0,106,0,0,65,236,1,389,60,40
"agent NegotiatingAgent #99",NegotiatingAgent,0.27958333333333335,0,0.54125,0,0,5,0,5,144,0,170,185,157,100,60,9,0,197,0,0,160,530,2,671,60,40
"agent NegotiatingAgent #100",NegotiatingAgent,0.6383333333333333,10278,0.54125,0,141,35,0,35,358,0,414,291,283,100,0,0,0,386,0,269,374,853,3,1532,60,40
