agentName,agentType,averageSpeed,cumulatedUtilityReceived,freeWallRatio,numBacktrackAgents,numCFPAnswered,numDeadends,numDifferentEncounters,numDirectionChanges,numDownSteps,numForwardAgents,numLeftSteps,numMessagesReceived,numMessagesSent,numNegotiatingAgents,numProposalsAccepted,numProposalsRejected,numRandomAgents,numRightSteps,numSwarmAgents,numTotalEncounters,numUpSteps,numVisitedCells,startingPosition,stepsToExit,xsize,ysize
"agent NegotiatingAgent #1",NegotiatingAgent,0.135,2428,0.54125,0,95,3,0,3,90,0,68,218,201,100,6,2,0,96,0,413,70,303,0,324,60,40
"agent NegotiatingAgent #2",NegotiatingAgent,0.34875,8352,0.54125,0,104,22,0,22,194,0,248,284,266,100,24,2,0,220,0,299,175,525,1,837,60,40
"agent NegotiatingAgent #3",NegotiatingAgent,0.13041666666666665,1464,0.54125,0,51,9,0,9,90,0,45,130,127,100,11,1,0,72,0,203,106,218,2,313,60,40
"agent NegotiatingAgent #4",NegotiatingAgent,0.5958333333333333,6698,0.54125,0,86,15,0,17,345,0,376,331,301,100,50,4,0,348,0,375,361,800,3,1430,60,40
"agent NegotiatingAgent #5",NegotiatingAgent,0.2225,2500,0.54125,0,44,4,0,5,160,0,103,233,220,100,34,6,0,131,0,382,140,408,0,534,60,40
"agent NegotiatingAgent #6",NegotiatingAgent,0.4195833333333333,6225,0.54125,0,75,15,0,17,243,0,284,401,375,100,88,5,0,256,0,243,224,610,1,1007,60,40
"agent NegotiatingAgent #7",NegotiatingAgent,0.46958333333333335,1740,0.54125,0,20,7,0,10,267,0,275,267,227,100,69,28,0,302,0,75,283,625,2,1127,60,40
"agent NegotiatingAgent #8",NegotiatingAgent,0.3516666666666667,540,0.54125,0,6,11,0,11,216,0,212,178,157,100,57,5,0,184,0,32,232,507,3,844,60,40
"agent NegotiatingAgent #9",NegotiatingAgent,0.3,0,0.54125,0,0,8,0,8,208,0,148,393,312,100,109,26,0,176,0,0,188,501,0,720,60,40
"agent NegotiatingAgent #10",NegotiatingAgent,0.12708333333333333,6600,0.54125,0,103,7,0,7,92,0,84,214,209,100,0,0,0,56,0,348,73,259,1,305,60,40
"agent NegotiatingAgent #11",NegotiatingAgent,0.11791666666666667,1923,0.54125,0,80,9,0,9,70,0,50,165,141,100,0,0,0,77,0,244,86,203,2,283,60,40
"agent NegotiatingAgent #12",NegotiatingAgent,0.53,14741,0.54125,0,201,27,0,27,334,0,308,444,426,100,6,0,0,280,0,636,350,721,3,1272,60,40
"agent NegotiatingAgent #13",NegotiatingAgent,0.34,5338,0.54125,0,110,19,0,19,238,0,166,212,213,100,0,0,0,194,0,294,218,549,0,816,60,40
"agent NegotiatingAgent #14",NegotiatingAgent,0.27541666666666664,7939,0.54125,0,123,16,0,16,152,0,202,264,239,100,2,0,0,174,0,410,133,437,1,661,60,40
"agent NegotiatingAgent #15",NegotiatingAgent,0.07875,114,0.54125,0,28,3,0,3,52,0,21,45,50,100,0,0,0,48,0,77,68,156,2,189,60,40
"agent NegotiatingAgent #16",NegotiatingAgent,0.105,3113,0.54125,0,69,7,0,7,58,0,74,166,155,100,5,1,0,46,0,233,74,211,3,252,60,40
"agent NegotiatingAgent #17",NegotiatingAgent,0.13666666666666666,5706,0.54125,0,113,3,0,3,92,0,68,258,232,100,1,5,0,96,0,264,72,305,0,328,60,40
"agent NegotiatingAgent #18",NegotiatingAgent,0.3329166666666667,11186,0.54125,0,165,8,0,8,209,0,214,402,394,100,20,0,0,186,0,461,190,506,1,799,60,40
"agent NegotiatingAgent #19",NegotiatingAgent,0.5120833333333333,7418,0.54125,0,114,15,0,16,307,0,286,299,254,100,15,5,0,313,0,285,323,676,2,1229,60,40
"agent NegotiatingAgent #20",NegotiatingAgent,0.37333333333333335,5560,0.54125,0,81,26,0,26,200,0,254,204,200,100,13,2,0,226,0,270,216,533,3,896,60,40
"agent NegotiatingAgent #21",NegotiatingAgent,0.30666666666666664,6360,0.54125,0,147,14,0,14,210,0,154,348,315,100,9,2,0,182,0,528,190,509,0,736,60,40
"agent NegotiatingAgent #22",NegotiatingAgent,0.10625,3929,0.54125,0,77,6,0,6,75,0,76,185,184,100,9,1,0,48,0,226,56,234,1,255,60,40
"agent NegotiatingAgent #23",NegotiatingAgent,0.13625,1275,0.54125,0,43,9,0,9,82,0,60,126,109,100,7,4,0,87,0,180,98,225,2,327,60,40
"agent NegotiatingAgent #24",NegotiatingAgent,0.4683333333333333,12042,0.54125,0,157,13,0,14,246,0,322,438,407,100,32,0,0,294,0,496,262,647,3,1124,60,40
"agent NegotiatingAgent #25",NegotiatingAgent,0.6566666666666666,16345,0.54125,0,218,34,0,34,404,0,380,531,496,100,21,2,0,408,0,598,384,929,0,1576,60,40
"agent NegotiatingAgent #26",NegotiatingAgent,0.3745833333333333,7368,0.54125,0,102,13,0,13,241,0,232,237,236,100,12,3,0,204,0,224,222,556,1,899,60,40
"agent NegotiatingAgent #27",NegotiatingAgent,0.15291666666666667,1739,0.54125,0,40,11,0,11,96,0,66,124,124,100,10,7,0,93,0,213,112,245,2,367,60,40
"agent NegotiatingAgent #28",NegotiatingAgent,0.27666666666666667,1948,0.54125,0,49,3,0,3,156,0,182,131,114,100,6,3,0,154,0,257,172,417,3,664,60,40
"agent NegotiatingAgent #29",NegotiatingAgent,0.125,5470,0.54125,0,84,3,0,3,86,0,60,365,314,100,58,5,0,88,0,459,66,291,0,300,60,40
"agent NegotiatingAgent #30",NegotiatingAgent,0.34208333333333335,7920,0.54125,0,102,8,0,8,218,0,216,322,319,100,47,3,0,188,0,313,199,517,1,821,60,40
"agent NegotiatingAgent #31",NegotiatingAgent,0.6404166666666666,7301,0.54125,0,103,23,0,26,367,0,380,393,365,100,64,4,0,407,0,293,383,830,2,1537,60,40
"agent NegotiatingAgent #32",NegotiatingAgent,0.43,11342,0.54125,0,153,12,0,12,266,0,256,449,425,100,42,1,0,228,0,437,282,601,3,1032,60,40
"agent NegotiatingAgent #33",NegotiatingAgent,0.4008333333333333,8250,0.54125,0,153,7,0,8,229,0,248,463,427,100,43,6,0,276,0,553,209,622,0,962,60,40
"agent NegotiatingAgent #34",NegotiatingAgent,0.3045833333333333,7522,0.54125,0,108,16,0,16,175,0,214,254,246,100,8,1,0,186,0,505,156,472,1,731,60,40
"agent NegotiatingAgent #35",NegotiatingAgent,0.10291666666666667,1027,0.54125,0,24,6,0,6,56,0,46,124,107,100,13,5,0,73,0,202,72,185,2,247,60,40
"agent NegotiatingAgent #36",NegotiatingAgent,0.325,4885,0.54125,0,64,11,0,11,190,0,206,183,179,100,12,6,0,178,0,212,206,475,3,780,60,40
"agent NegotiatingAgent #37",NegotiatingAgent,0.5133333333333333,13175,0.54125,0,180,15,0,16,320,0,292,487,459,100,31,6,0,320,0,872,300,757,0,1232,60,40
"agent NegotiatingAgent #38",NegotiatingAgent,0.45708333333333334,6128,0.54125,0,76,13,0,13,260,0,312,250,237,100,28,4,0,284,0,236,241,655,1,1097,60,40
"agent NegotiatingAgent #39",NegotiatingAgent,0.41458333333333336,6952,0.54125,0,96,3,0,4,247,0,229,271,245,100,21,9,0,256,0,366,263,559,2,995,60,40
"agent NegotiatingAgent #40",NegotiatingAgent,0.53,11296,0.54125,0,136,12,0,14,294,0,348,479,460,100,66,4,0,320,0,470,310,721,3,1272,60,40
"agent NegotiatingAgent #41",NegotiatingAgent,0.145,4442,0.54125,0,106,3,0,3,96,0,74,289,269,100,15,6,0,102,0,562,76,315,0,348,60,40
"agent NegotiatingAgent #42",NegotiatingAgent,0.15208333333333332,3050,0.54125,0,52,10,0,10,112,0,94,196,191,100,27,4,0,66,0,279,93,289,1,365,60,40
"agent NegotiatingAgent #43",NegotiatingAgent,0.5420833333333334,9983,0.54125,0,132,11,0,13,314,0,315,408,401,100,47,5,0,342,0,481,330,712,2,1301,60,40
"agent NegotiatingAgent #44",NegotiatingAgent,0.4575,8141,0.54125,0,100,16,0,17,267,0,288,373,359,100,44,16,0,260,0,375,283,634,3,1098,60,40
"agent NegotiatingAgent #45",NegotiatingAgent,0.47,6078,0.54125,0,99,9,0,11,282,0,278,512,448,100,90,6,0,306,0,500,262,705,0,1128,60,40
"agent NegotiatingAgent #46",NegotiatingAgent,0.23375,6199,0.54125,0,82,8,0,9,160,0,144,261,249,100,23,3,0,116,0,294,141,387,1,561,60,40
"agent NegotiatingAgent #47",NegotiatingAgent,0.46208333333333335,5428,0.54125,0,79,8,0,9,280,0,253,306,286,100,53,12,0,280,0,209,296,616,2,1109,60,40
"agent NegotiatingAgent #48",NegotiatingAgent,0.10833333333333334,802,0.54125,0,20,6,0,6,58,0,78,129,116,100,26,2,0,50,0,169,74,215,3,260,60,40
"agent NegotiatingAgent #49",NegotiatingAgent,0.2633333333333333,3568,0.54125,0,90,7,0,7,186,0,126,307,275,100,29,13,0,154,0,598,166,457,0,632,60,40
"agent NegotiatingAgent #50",NegotiatingAgent,0.34125,5904,0.54125,0,77,10,0,10,217,0,216,212,199,100,9,13,0,188,0,178,198,516,1,819,60,40
"agent NegotiatingAgent #51",NegotiatingAgent,0.08291666666666667,392,0.54125,0,24,4,0,4,46,0,32,109,97,100,11,5,0,59,0,159,62,161,2,199,60,40
"agent NegotiatingAgent #52",NegotiatingAgent,0.5116666666666667,7822,0.54125,0,92,11,0,13,290,0,330,379,344,100,58,4,0,302,0,419,306,699,3,1228,60,40
"agent NegotiatingAgent #53",NegotiatingAgent,0.46166666666666667,6159,0.54125,0,87,4,0,9,287,0,263,432,373,100,65,20,0,291,0,369,267,695,0,1108,60,40
"agent NegotiatingAgent #54",NegotiatingAgent,0.44375,5287,0.54125,0,64,13,0,15,256,0,300,355,339,100,79,2,0,272,0,273,237,639,1,1065,60,40
"agent NegotiatingAgent #55",NegotiatingAgent,0.09708333333333333,318,0.54125,0,21,4,0,4,64,0,31,62,61,100,5,7,0,58,0,164,80,178,2,233,60,40
"agent NegotiatingAgent #56",NegotiatingAgent,0.43333333333333335,4351,0.54125,0,56,17,0,18,246,0,280,291,280,100,63,5,0,252,0,204,262,605,3,1040,60,40
"agent NegotiatingAgent #57",NegotiatingAgent,0.2916666666666667,3816,0.54125,0,78,8,0,8,198,0,148,366,306,100,43,29,0,176,0,372,178,491,0,700,60,40
"agent NegotiatingAgent #58",NegotiatingAgent,0.11375,2232,0.54125,0,36,6,0,6,80,0,80,180,151,100,17,19,0,52,0,133,61,243,1,273,60,40
"agent NegotiatingAgent #59",NegotiatingAgent,0.09541666666666666,2364,0.54125,0,43,5,0,5,64,0,29,155,137,100,16,7,0,56,0,192,80,176,2,229,60,40
"agent NegotiatingAgent #60",NegotiatingAgent,0.4225,8442,0.54125,0,101,14,0,15,245,0,268,530,485,100,108,12,0,240,0,385,261,592,3,1014,60,40
"agent NegotiatingAgent #61",NegotiatingAgent,0.13166666666666665,3152,0.54125,0,79,1,0,1,90,0,64,259,225,100,0,33,0,92,0,496,70,299,0,316,60,40
"agent NegotiatingAgent #62",NegotiatingAgent,0.25625,2687,0.54125,0,45,7,0,7,147,0,184,231,213,100,44,2,0,156,0,209,128,414,1,615,60,40
"agent NegotiatingAgent #63",NegotiatingAgent,0.09958333333333333,1615,0.54125,0,31,4,0,4,54,0,44,167,156,100,28,9,0,71,0,180,70,181,2,239,60,40
"agent NegotiatingAgent #64",NegotiatingAgent,0.28833333333333333,1038,0.54125,0,21,6,0,6,168,0,184,182,167,100,46,9,0,156,0,158,184,431,3,692,60,40
"agent NegotiatingAgent #65",NegotiatingAgent,0.5458333333333333,6973,0.54125,0,108,7,0,13,326,0,325,450,427,100,71,20,0,353,0,498,306,796,0,1310,60,40
"agent NegotiatingAgent #66",NegotiatingAgent,0.11625,3124,0.54125,0,48,6,0,6,85,0,78,208,185,100,29,1,0,50,0,154,66,246,1,279,60,40
"agent NegotiatingAgent #67",NegotiatingAgent,0.46958333333333335,7986,0.54125,0,92,6,0,10,273,0,269,465,419,100,82,22,0,296,0,279,289,625,2,1127,60,40
"agent NegotiatingAgent #68",NegotiatingAgent,0.6458333333333334,4552,0.54125,0,54,16,0,18,377,0,404,332,304,100,75,8,0,376,0,200,393,860,3,1550,60,40
"agent NegotiatingAgent #69",NegotiatingAgent,0.4975,4137,0.54125,0,62,6,0,10,307,0,286,566,500,100,144,9,0,314,0,341,287,738,0,1194,60,40
"agent NegotiatingAgent #70",NegotiatingAgent,0.22958333333333333,775,0.54125,0,11,8,0,10,170,0,129,390,319,100,117,2,0,101,0,100,151,382,1,551,60,40
"agent NegotiatingAgent #71",NegotiatingAgent,0.6029166666666667,3332,0.54125,0,40,18,0,21,341,0,361,314,282,100,77,11,0,388,0,171,357,785,2,1447,60,40
"agent NegotiatingAgent #72",NegotiatingAgent,0.09,104,0.54125,0,3,3,0,3,46,0,68,65,52,100,11,10,0,40,0,91,62,193,3,216,60,40
"agent NegotiatingAgent #73",NegotiatingAgent,0.15666666666666668,2630,0.54125,0,49,3,0,3,104,0,80,261,228,100,28,20,0,108,0,351,84,329,0,376,60,40
"agent NegotiatingAgent #74",NegotiatingAgent,0.12958333333333333,1010,0.54125,0,19,7,0,7,93,0,86,176,157,100,43,10,0,58,0,55,74,262,1,311,60,40
"agent NegotiatingAgent #75",NegotiatingAgent,0.49625,4848,0.54125,0,65,7,0,12,281,0,293,375,356,100,84,12,0,320,0,190,297,657,2,1191,60,40
"agent NegotiatingAgent #76",NegotiatingAgent,0.3566666666666667,1277,0.54125,0,22,8,0,8,200,0,234,200,183,100,52,4,0,206,0,66,216,513,3,856,60,40
"agent NegotiatingAgent #77",NegotiatingAgent,0.3983333333333333,2760,0.54125,0,28,9,0,10,236,0,238,576,459,100,148,6,0,266,0,231,216,619,0,956,60,40
"agent NegotiatingAgent #78",NegotiatingAgent,0.32458333333333333,2035,0.54125,0,23,5,0,5,209,0,204,293,263,100,82,10,0,176,0,64,190,496,1,779,60,40
"agent NegotiatingAgent #79",NegotiatingAgent,0.4795833333333333,2374,0.54125,0,45,10,0,11,295,0,259,308,278,100,68,20,0,286,0,163,311,637,2,1151,60,40
"agent NegotiatingAgent #80",NegotiatingAgent,0.28,1654,0.54125,0,22,6,0,6,162,0,180,249,221,100,62,7,0,152,0,74,178,421,3,672,60,40
"agent NegotiatingAgent #81",NegotiatingAgent,0.5183333333333333,2282,0.54125,0,26,5,0,12,317,0,301,369,332,100,100,7,0,329,0,206,297,763,0,1244,60,40
"agent NegotiatingAgent #82",NegotiatingAgent,0.31375,1180,0.54125,0,17,6,0,6,200,0,200,270,231,100,79,2,0,172,0,68,181,483,1,753,60,40
"agent NegotiatingAgent #83",NegotiatingAgent,0.10375,0,0.54125,0,0,5,0,5,70,0,33,55,46,100,12,8,0,60,0,23,86,186,2,249,60,40
"agent NegotiatingAgent #84",NegotiatingAgent,0.10166666666666667,104,0.54125,0,2,5,0,5,56,0,72,38,32,100,5,7,0,44,0,40,72,207,3,244,60,40
"agent NegotiatingAgent #85",NegotiatingAgent,0.235,664,0.54125,0,17,5,0,5,162,0,116,290,239,100,73,23,0,144,0,173,142,423,0,564,60,40
"agent NegotiatingAgent #86",NegotiatingAgent,0.4454166666666667,1878,0.54125,0,21,9,0,10,301,0,257,285,248,100,81,4,0,229,0,70,282,641,1,1069,60,40
"agent NegotiatingAgent #87",NegotiatingAgent,0.5479166666666667,1006,0.54125,0,15,8,0,12,308,0,328,391,330,100,119,13,0,355,0,98,324,719,2,1315,60,40
"agent NegotiatingAgent #88",NegotiatingAgent,0.29333333333333333,2258,0.54125,0,26,10,0,10,150,0,208,348,303,100,89,6,0,180,0,132,166,437,3,704,60,40
"agent NegotiatingAgent #89",NegotiatingAgent,0.145,3498,0.54125,0,53,3,0,3,96,0,74,307,264,100,40,28,0,102,0,192,76,315,0,348,60,40
"agent NegotiatingAgent #90",NegotiatingAgent,0.25708333333333333,3188,0.54125,0,38,7,0,8,144,0,188,312,285,100,78,2,0,160,0,95,125,415,1,617,60,40
"agent NegotiatingAgent #91",NegotiatingAgent,0.44458333333333333,680,0.54125,0,7,3,0,8,251,0,261,186,162,100,57,15,0,288,0,17,267,595,2,1067,60,40
"agent NegotiatingAgent #92",NegotiatingAgent,0.5566666666666666,1866,0.54125,0,21,11,0,11,316,0,358,462,420,100,155,8,0,330,0,111,332,753,3,1336,60,40
"agent NegotiatingAgent #93",NegotiatingAgent,0.4575,146,0.54125,0,3,6,0,8,280,0,265,469,385,100,150,25,0,293,0,84,260,690,0,1098,60,40
"agent NegotiatingAgent #94",NegotiatingAgent,0.28958333333333336,100,0.54125,0,1,5,0,5,185,0,186,450,361,100,136,8,0,158,0,14,166,454,1,695,60,40
"agent NegotiatingAgent #95",NegotiatingAgent,0.06958333333333333,0,0.54125,0,4,2,0,2,34,0,28,126,95,100,27,8,0,55,0,40,50,145,2,167,60,40
"agent NegotiatingAgent #96",NegotiatingAgent,0.39666666666666667,388,0.54125,0,4,9,0,11,214,0,268,330,272,100,106,7,0,240,0,6,230,561,3,952,60,40
"agent NegotiatingAgent #97",NegotiatingAgent,0.13666666666666666,0,0.54125,0,0,3,0,3,94,0,66,256,211,100,75,7,0,94,0,12,74,305,0,328,60,40
"agent NegotiatingAgent #98",NegotiatingAgent,0.43041666666666667,200,0.54125,0,2,17,0,18,274,0,266,388,333,100,134,10,0,238,0,1,255,623,1,1033,60,40
"agent NegotiatingAgent #99",NegotiatingAgent,0.51375,0,0.54125,0,0,8,0,13,285,0,310,282,229,100,87,21,0,337,0,0,301,678,2,1233,60,40
"agent NegotiatingAgent #100",NegotiatingAgent,0.765,10140,0.54125,0,147,41,0,41,448,0,476,306,283,100,0,0,0,448,0,344,464,1003,3,1836,60,40
