agentName,agentType,averageSpeed,cumulatedUtilityReceived,freeWallRatio,numBacktrackAgents,numCFPAnswered,numDeadends,numDifferentEncounters,numDirectionChanges,numDownSteps,numForwardAgents,numLeftSteps,numMessagesReceived,numMessagesSent,numNegotiatingAgents,numProposalsAccepted,numProposalsRejected,numRandomAgents,numRightSteps,numSwarmAgents,numTotalEncounters,numUpSteps,numVisitedCells,startingPosition,stepsToExit,xsize,ysize
"agent BacktrackAgent #1",BacktrackAgent,0.08,0,0.69,100,0,0,0,0,4,100,0,0,0,100,0,0,0,4,0,557,0,9,0,8,10,10
"agent BacktrackAgent #2",BacktrackAgent,0.29,0,0.69,100,0,1,0,1,9,100,8,0,0,100,0,0,0,6,0,777,6,18,1,29,10,10
"agent BacktrackAgent #3",BacktrackAgent,0.3,0,0.69,100,0,1,0,1,6,100,6,0,0,100,0,0,0,10,0,1452,8,23,2,30,10,10
"agent BacktrackAgent #4",BacktrackAgent,0.04,0,0.69,100,0,0,0,0,0,100,2,0,0,100,0,0,0,0,0,140,2,5,3,4,10,10
"agent BacktrackAgent #5",BacktrackAgent,0.08,0,0.69,100,0,0,0,0,4,100,0,0,0,100,0,0,0,4,0,469,0,9,0,8,10,10
"agent BacktrackAgent #6",BacktrackAgent,0.15,0,0.69,100,0,1,0,1,4,100,6,0,0,100,0,0,0,4,0,546,1,11,1,15,10,10
"agent BacktrackAgent #7",BacktrackAgent,0.3,0,0.69,100,0,1,0,1,6,100,6,0,0,100,0,0,0,10,0,1187,8,23,2,30,10,10
"agent BacktrackAgent #8",BacktrackAgent,0.04,0,0.69,100,0,0,0,0,0,100,2,0,0,100,0,0,0,0,0,115,2,5,3,4,10,10
"agent BacktrackAgent #9",BacktrackAgent,0.08,0,0.69,100,0,0,0,0,4,100,0,0,0,100,0,0,0,4,0,381,0,9,0,8,10,10
"agent BacktrackAgent #10",BacktrackAgent,0.15,0,0.69,100,0,1,0,1,4,100,6,0,0,100,0,0,0,4,0,699,1,11,1,15,10,10
"agent BacktrackAgent #11",BacktrackAgent,0.14,0,0.69,100,0,0,0,0,2,100,2,0,0,100,0,0,0,6,0,1062,4,15,2,14,10,10
"agent BacktrackAgent #12",BacktrackAgent,0.04,0,0.69,100,0,0,0,0,0,100,2,0,0,100,0,0,0,0,0,165,2,5,3,4,10,10
"agent BacktrackAgent #13",BacktrackAgent,0.08,0,0.69,100,0,0,0,0,4,100,0,0,0,100,0,0,0,4,0,570,0,9,0,8,10,10
"agent BacktrackAgent #14",BacktrackAgent,0.39,0,0.69,100,0,2,0,2,10,100,12,0,0,100,0,0,0,10,0,1174,7,23,1,39,10,10
"agent BacktrackAgent #15",BacktrackAgent,0.3,0,0.69,100,0,1,0,1,6,100,6,0,0,100,0,0,0,10,0,1654,8,23,2,30,10,10
"agent BacktrackAgent #16",BacktrackAgent,0.04,0,0.69,100,0,0,0,0,0,100,2,0,0,100,0,0,0,0,0,161,2,5,3,4,10,10
"agent BacktrackAgent #17",BacktrackAgent,0.08,0,0.69,100,0,0,0,0,4,100,0,0,0,100,0,0,0,4,0,562,0,9,0,8,10,10
"agent BacktrackAgent #18",BacktrackAgent,0.15,0,0.69,100,0,1,0,1,4,100,6,0,0,100,0,0,0,4,0,667,1,11,1,15,10,10
"agent BacktrackAgent #19",BacktrackAgent,0.3,0,0.69,100,0,1,0,1,6,100,6,0,0,100,0,0,0,10,0,1623,8,23,2,30,10,10
"agent BacktrackAgent #20",BacktrackAgent,0.24,0,0.69,100,0,1,0,1,4,100,8,0,0,100,0,0,0,6,0,970,6,15,3,24,10,10
"agent BacktrackAgent #21",BacktrackAgent,0.08,0,0.69,100,0,0,0,0,4,100,0,0,0,100,0,0,0,4,0,547,0,9,0,8,10,10
"agent BacktrackAgent #22",BacktrackAgent,0.29,0,0.69,100,0,1,0,1,9,100,8,0,0,100,0,0,0,6,0,822,6,18,1,29,10,10
"agent BacktrackAgent #23",BacktrackAgent,0.3,0,0.69,100,0,1,0,1,6,100,6,0,0,100,0,0,0,10,0,1588,8,23,2,30,10,10
"agent BacktrackAgent #24",BacktrackAgent,0.4,0,0.69,100,0,2,0,2,8,100,12,0,0,100,0,0,0,10,0,1216,10,23,3,40,10,10
"agent BacktrackAgent #25",BacktrackAgent,0.08,0,0.69,100,0,0,0,0,4,100,0,0,0,100,0,0,0,4,0,539,0,9,0,8,10,10
"agent BacktrackAgent #26",BacktrackAgent,0.05,0,0.69,100,0,0,0,0,3,100,2,0,0,100,0,0,0,0,0,236,0,6,1,5,10,10
"agent BacktrackAgent #27",BacktrackAgent,0.14,0,0.69,100,0,0,0,0,2,100,2,0,0,100,0,0,0,6,0,1004,4,15,2,14,10,10
"agent BacktrackAgent #28",BacktrackAgent,0.4,0,0.69,100,0,2,0,2,8,100,12,0,0,100,0,0,0,10,0,1174,10,23,3,40,10,10
"agent BacktrackAgent #29",BacktrackAgent,0.08,0,0.69,100,0,0,0,0,4,100,0,0,0,100,0,0,0,4,0,531,0,9,0,8,10,10
"agent BacktrackAgent #30",BacktrackAgent,0.39,0,0.69,100,0,2,0,2,10,100,12,0,0,100,0,0,0,10,0,1109,7,23,1,39,10,10
"agent BacktrackAgent #31",BacktrackAgent,0.14,0,0.69,100,0,0,0,0,2,100,2,0,0,100,0,0,0,6,0,986,4,15,2,14,10,10
"agent BacktrackAgent #32",BacktrackAgent,0.2,0,0.69,100,0,1,0,1,4,100,6,0,0,100,0,0,0,4,0,601,6,13,3,20,10,10
"agent BacktrackAgent #33",BacktrackAgent,0.08,0,0.69,100,0,0,0,0,4,100,0,0,0,100,0,0,0,4,0,523,0,9,0,8,10,10
"agent BacktrackAgent #34",BacktrackAgent,0.29,0,0.69,100,0,1,0,1,9,100,8,0,0,100,0,0,0,6,0,752,6,18,1,29,10,10
"agent BacktrackAgent #35",BacktrackAgent,0.3,0,0.69,100,0,1,0,1,6,100,6,0,0,100,0,0,0,10,0,1514,8,23,2,30,10,10
"agent BacktrackAgent #36",BacktrackAgent,0.04,0,0.69,100,0,0,0,0,0,100,2,0,0,100,0,0,0,0,0,149,2,5,3,4,10,10
"agent BacktrackAgent #37",BacktrackAgent,0.08,0,0.69,100,0,0,0,0,4,100,0,0,0,100,0,0,0,4,0,515,0,9,0,8,10,10
"agent BacktrackAgent #38",BacktrackAgent,0.29,0,0.69,100,0,1,0,1,9,100,8,0,0,100,0,0,0,6,0,721,6,18,1,29,10,10
"agent BacktrackAgent #39",BacktrackAgent,0.3,0,0.69,100,0,1,0,1,6,100,6,0,0,100,0,0,0,10,0,1481,8,23,2,30,10,10
"agent BacktrackAgent #40",BacktrackAgent,0.24,0,0.69,100,0,1,0,1,4,100,8,0,0,100,0,0,0,6,0,881,6,15,3,24,10,10
"agent BacktrackAgent #41",BacktrackAgent,0.08,0,0.69,100,0,0,0,0,4,100,0,0,0,100,0,0,0,4,0,507,0,9,0,8,10,10
"agent BacktrackAgent #42",BacktrackAgent,0.15,0,0.69,100,0,1,0,1,4,100,6,0,0,100,0,0,0,4,0,623,1,11,1,15,10,10
"agent BacktrackAgent #43",BacktrackAgent,0.14,0,0.69,100,0,0,0,0,2,100,2,0,0,100,0,0,0,6,0,930,4,15,2,14,10,10
"agent BacktrackAgent #44",BacktrackAgent,0.2,0,0.69,100,0,1,0,1,4,100,6,0,0,100,0,0,0,4,0,569,6,13,3,20,10,10
"agent BacktrackAgent #45",BacktrackAgent,0.08,0,0.69,100,0,0,0,0,4,100,0,0,0,100,0,0,0,4,0,499,0,9,0,8,10,10
"agent BacktrackAgent #46",BacktrackAgent,0.29,0,0.69,100,0,1,0,1,9,100,8,0,0,100,0,0,0,6,0,682,6,18,1,29,10,10
"agent BacktrackAgent #47",BacktrackAgent,0.3,0,0.69,100,0,1,0,1,6,100,6,0,0,100,0,0,0,10,0,1401,8,23,2,30,10,10
"agent BacktrackAgent #48",BacktrackAgent,0.2,0,0.69,100,0,1,0,1,4,100,6,0,0,100,0,0,0,4,0,546,6,13,3,20,10,10
"agent BacktrackAgent #49",BacktrackAgent,0.08,0,0.69,100,0,0,0,0,4,100,0,0,0,100,0,0,0,4,0,491,0,9,0,8,10,10
"agent BacktrackAgent #50",BacktrackAgent,0.15,0,0.69,100,0,1,0,1,4,100,6,0,0,100,0,0,0,4,0,602,1,11,1,15,10,10
"agent BacktrackAgent #51",BacktrackAgent,0.14,0,0.69,100,0,0,0,0,2,100,2,0,0,100,0,0,0,6,0,902,4,15,2,14,10,10
"agent BacktrackAgent #52",BacktrackAgent,0.2,0,0.69,100,0,1,0,1,4,100,6,0,0,100,0,0,0,4,0,523,6,13,3,20,10,10
"agent BacktrackAgent #53",BacktrackAgent,0.08,0,0.69,100,0,0,0,0,4,100,0,0,0,100,0,0,0,4,0,483,0,9,0,8,10,10
"agent BacktrackAgent #54",BacktrackAgent,0.29,0,0.69,100,0,1,0,1,9,100,8,0,0,100,0,0,0,6,0,646,6,18,1,29,10,10
"agent BacktrackAgent #55",BacktrackAgent,0.3,0,0.69,100,0,1,0,1,6,100,6,0,0,100,0,0,0,10,0,1350,8,23,2,30,10,10
"agent BacktrackAgent #56",BacktrackAgent,0.2,0,0.69,100,0,1,0,1,4,100,6,0,0,100,0,0,0,4,0,500,6,13,3,20,10,10
"agent BacktrackAgent #57",BacktrackAgent,0.08,0,0.69,100,0,0,0,0,4,100,0,0,0,100,0,0,0,4,0,475,0,9,0,8,10,10
"agent BacktrackAgent #58",BacktrackAgent,0.39,0,0.69,100,0,2,0,2,10,100,12,0,0,100,0,0,0,10,0,1015,7,23,1,39,10,10
"agent BacktrackAgent #59",BacktrackAgent,0.14,0,0.69,100,0,0,0,0,2,100,2,0,0,100,0,0,0,6,0,874,4,15,2,14,10,10
"agent BacktrackAgent #60",BacktrackAgent,0.04,0,0.69,100,0,0,0,0,0,100,2,0,0,100,0,0,0,0,0,129,2,5,3,4,10,10
"agent BacktrackAgent #61",BacktrackAgent,0.08,0,0.69,100,0,0,0,0,4,100,0,0,0,100,0,0,0,4,0,460,0,9,0,8,10,10
"agent BacktrackAgent #62",BacktrackAgent,0.15,0,0.69,100,0,1,0,1,4,100,6,0,0,100,0,0,0,4,0,565,1,11,1,15,10,10
"agent BacktrackAgent #63",BacktrackAgent,0.3,0,0.69,100,0,1,0,1,6,100,6,0,0,100,0,0,0,10,0,1303,8,23,2,30,10,10
"agent BacktrackAgent #64",BacktrackAgent,0.24,0,0.69,100,0,1,0,1,4,100,8,0,0,100,0,0,0,6,0,837,6,15,3,24,10,10
"agent BacktrackAgent #65",BacktrackAgent,0.08,0,0.69,100,0,0,0,0,4,100,0,0,0,100,0,0,0,4,0,452,0,9,0,8,10,10
"agent BacktrackAgent #66",BacktrackAgent,0.05,0,0.69,100,0,0,0,0,3,100,2,0,0,100,0,0,0,0,0,196,0,6,1,5,10,10
"agent BacktrackAgent #67",BacktrackAgent,0.14,0,0.69,100,0,0,0,0,2,100,2,0,0,100,0,0,0,6,0,845,4,15,2,14,10,10
"agent BacktrackAgent #68",BacktrackAgent,0.4,0,0.69,100,0,2,0,2,8,100,12,0,0,100,0,0,0,10,0,1037,10,23,3,40,10,10
"agent BacktrackAgent #69",BacktrackAgent,0.08,0,0.69,100,0,0,0,0,4,100,0,0,0,100,0,0,0,4,0,444,0,9,0,8,10,10
"agent BacktrackAgent #70",BacktrackAgent,0.05,0,0.69,100,0,0,0,0,3,100,2,0,0,100,0,0,0,0,0,191,0,6,1,5,10,10
"agent BacktrackAgent #71",BacktrackAgent,0.3,0,0.69,100,0,1,0,1,6,100,6,0,0,100,0,0,0,10,0,1252,8,23,2,30,10,10
"agent BacktrackAgent #72",BacktrackAgent,0.2,0,0.69,100,0,1,0,1,4,100,6,0,0,100,0,0,0,4,0,465,6,13,3,20,10,10
"agent BacktrackAgent #73",BacktrackAgent,0.08,0,0.69,100,0,0,0,0,4,100,0,0,0,100,0,0,0,4,0,436,0,9,0,8,10,10
"agent BacktrackAgent #74",BacktrackAgent,0.15,0,0.69,100,0,1,0,1,4,100,6,0,0,100,0,0,0,4,0,529,1,11,1,15,10,10
"agent BacktrackAgent #75",BacktrackAgent,0.14,0,0.69,100,0,0,0,0,2,100,2,0,0,100,0,0,0,6,0,813,4,15,2,14,10,10
"agent BacktrackAgent #76",BacktrackAgent,0.4,0,0.69,100,0,2,0,2,8,100,12,0,0,100,0,0,0,10,0,990,10,23,3,40,10,10
"agent BacktrackAgent #77",BacktrackAgent,0.08,0,0.69,100,0,0,0,0,4,100,0,0,0,100,0,0,0,4,0,428,0,9,0,8,10,10
"agent BacktrackAgent #78",BacktrackAgent,0.29,0,0.69,100,0,1,0,1,9,100,8,0,0,100,0,0,0,6,0,592,6,18,1,29,10,10
"agent BacktrackAgent #79",BacktrackAgent,0.14,0,0.69,100,0,0,0,0,2,100,2,0,0,100,0,0,0,6,0,796,4,15,2,14,10,10
"agent BacktrackAgent #80",BacktrackAgent,0.2,0,0.69,100,0,1,0,1,4,100,6,0,0,100,0,0,0,4,0,441,6,13,3,20,10,10
"agent BacktrackAgent #81",BacktrackAgent,0.08,0,0.69,100,0,0,0,0,4,100,0,0,0,100,0,0,0,4,0,420,0,9,0,8,10,10
"agent BacktrackAgent #82",BacktrackAgent,0.39,0,0.69,100,0,2,0,2,10,100,12,0,0,100,0,0,0,10,0,917,7,23,1,39,10,10
"agent BacktrackAgent #83",BacktrackAgent,0.3,0,0.69,100,0,1,0,1,6,100,6,0,0,100,0,0,0,10,0,1154,8,23,2,30,10,10
"agent BacktrackAgent #84",BacktrackAgent,0.4,0,0.69,100,0,2,0,2,8,100,12,0,0,100,0,0,0,10,0,937,10,23,3,40,10,10
"agent BacktrackAgent #85",BacktrackAgent,0.08,0,0.69,100,0,0,0,0,4,100,0,0,0,100,0,0,0,4,0,412,0,9,0,8,10,10
"agent BacktrackAgent #86",BacktrackAgent,0.29,0,0.69,100,0,1,0,1,9,100,8,0,0,100,0,0,0,6,0,551,6,18,1,29,10,10
"agent BacktrackAgent #87",BacktrackAgent,0.14,0,0.69,100,0,0,0,0,2,100,2,0,0,100,0,0,0,6,0,754,4,15,2,14,10,10
"agent BacktrackAgent #88",BacktrackAgent,0.4,0,0.69,100,0,2,0,2,8,100,12,0,0,100,0,0,0,10,0,894,10,23,3,40,10,10
"agent BacktrackAgent #89",BacktrackAgent,0.08,0,0.69,100,0,0,0,0,4,100,0,0,0,100,0,0,0,4,0,404,0,9,0,8,10,10
"agent BacktrackAgent #90",BacktrackAgent,0.05,0,0.69,100,0,0,0,0,3,100,2,0,0,100,0,0,0,0,0,172,0,6,1,5,10,10
"agent BacktrackAgent #91",BacktrackAgent,0.14,0,0.69,100,0,0,0,0,2,100,2,0,0,100,0,0,0,6,0,738,4,15,2,14,10,10
"agent BacktrackAgent #92",BacktrackAgent,0.24,0,0.69,100,0,1,0,1,4,100,8,0,0,100,0,0,0,6,0,701,6,15,3,24,10,10
"agent BacktrackAgent #93",BacktrackAgent,0.08,0,0.69,100,0,0,0,0,4,100,0,0,0,100,0,0,0,4,0,396,0,9,0,8,10,10
"agent BacktrackAgent #94",BacktrackAgent,0.15,0,0.69,100,0,1,0,1,4,100,6,0,0,100,0,0,0,4,0,485,1,11,1,15,10,10
"agent BacktrackAgent #95",BacktrackAgent,0.14,0,0.69,100,0,0,0,0,2,100,2,0,0,100,0,0,0,6,0,722,4,15,2,14,10,10
"agent BacktrackAgent #96",BacktrackAgent,0.4,0,0.69,100,0,2,0,2,8,100,12,0,0,100,0,0,0,10,0,827,10,23,3,40,10,10
"agent BacktrackAgent #97",BacktrackAgent,0.08,0,0.69,100,0,0,0,0,4,100,0,0,0,100,0,0,0,4,0,388,0,9,0,8,10,10
"agent BacktrackAgent #98",BacktrackAgent,0.39,0,0.69,100,0,2,0,2,10,100,12,0,0,100,0,0,0,10,0,852,7,23,1,39,10,10
"agent BacktrackAgent #99",BacktrackAgent,0.14,0,0.69,100,0,0,0,0,2,100,2,0,0,100,0,0,0,6,0,706,4,15,2,14,10,10
"agent BacktrackAgent #100",BacktrackAgent,0.24,0,0.69,100,0,1,0,1,4,100,8,0,0,100,0,0,0,6,0,970,6,15,3,24,10,10
"agent ForwardAgent #101",ForwardAgent,0.08,0,0.69,100,0,0,0,0,4,100,0,0,0,100,0,0,0,4,0,373,0,9,0,8,10,10
"agent ForwardAgent #102",ForwardAgent,0.39,0,0.69,100,0,2,0,2,10,100,12,0,0,100,0,0,0,10,0,812,7,23,1,39,10,10
"agent ForwardAgent #103",ForwardAgent,0.14,0,0.69,100,0,0,0,0,2,100,2,0,0,100,0,0,0,6,0,692,4,15,2,14,10,10
"agent ForwardAgent #104",ForwardAgent,0.04,0,0.69,100,0,0,0,0,0,100,2,0,0,100,0,0,0,0,0,109,2,5,3,4,10,10
"agent ForwardAgent #105",ForwardAgent,0.08,0,0.69,100,0,0,0,0,4,100,0,0,0,100,0,0,0,4,0,365,0,9,0,8,10,10
"agent ForwardAgent #106",ForwardAgent,0.39,0,0.69,100,0,2,0,2,10,100,12,0,0,100,0,0,0,10,0,772,7,23,1,39,10,10
"agent ForwardAgent #107",ForwardAgent,0.3,0,0.69,100,0,1,0,1,6,100,6,0,0,100,0,0,0,10,0,1038,8,23,2,30,10,10
"agent ForwardAgent #108",ForwardAgent,0.64,0,0.69,100,0,3,0,3,14,100,18,0,0,100,0,0,0,16,0,880,16,23,3,64,10,10
"agent ForwardAgent #109",ForwardAgent,0.08,0,0.69,100,0,0,0,0,4,100,0,0,0,100,0,0,0,4,0,357,0,9,0,8,10,10
"agent ForwardAgent #110",ForwardAgent,0.39,0,0.69,100,0,2,0,2,10,100,12,0,0,100,0,0,0,10,0,731,7,23,1,39,10,10
"agent ForwardAgent #111",ForwardAgent,0.14,0,0.69,100,0,0,0,0,2,100,2,0,0,100,0,0,0,6,0,663,4,15,2,14,10,10
"agent ForwardAgent #112",ForwardAgent,0.24,0,0.69,100,0,1,0,1,4,100,8,0,0,100,0,0,0,6,0,616,6,15,3,24,10,10
"agent ForwardAgent #113",ForwardAgent,0.08,0,0.69,100,0,0,0,0,4,100,0,0,0,100,0,0,0,4,0,349,0,9,0,8,10,10
"agent ForwardAgent #114",ForwardAgent,0.29,0,0.69,100,0,1,0,1,9,100,8,0,0,100,0,0,0,6,0,490,6,18,1,29,10,10
"agent ForwardAgent #115",ForwardAgent,0.14,0,0.69,100,0,0,0,0,2,100,2,0,0,100,0,0,0,6,0,646,4,15,2,14,10,10
"agent ForwardAgent #116",ForwardAgent,0.04,0,0.69,100,0,0,0,0,0,100,2,0,0,100,0,0,0,0,0,103,2,5,3,4,10,10
"agent ForwardAgent #117",ForwardAgent,0.08,0,0.69,100,0,0,0,0,4,100,0,0,0,100,0,0,0,4,0,341,0,9,0,8,10,10
"agent ForwardAgent #118",ForwardAgent,0.45,0,0.69,100,0,2,0,2,13,100,12,0,0,100,0,0,0,10,0,571,10,23,1,45,10,10
"agent ForwardAgent #119",ForwardAgent,0.14,0,0.69,100,0,0,0,0,2,100,2,0,0,100,0,0,0,6,0,631,4,15,2,14,10,10
"agent ForwardAgent #120",ForwardAgent,0.6,0,0.69,100,0,3,0,3,14,100,16,0,0,100,0,0,0,14,0,611,16,23,3,60,10,10
"agent ForwardAgent #121",ForwardAgent,0.08,0,0.69,100,0,0,0,0,4,100,0,0,0,100,0,0,0,4,0,333,0,9,0,8,10,10
"agent ForwardAgent #122",ForwardAgent,0.39,0,0.69,100,0,2,0,2,10,100,12,0,0,100,0,0,0,10,0,680,7,23,1,39,10,10
"agent ForwardAgent #123",ForwardAgent,0.14,0,0.69,100,0,0,0,0,2,100,2,0,0,100,0,0,0,6,0,617,4,15,2,14,10,10
"agent ForwardAgent #124",ForwardAgent,0.24,0,0.69,100,0,1,0,1,4,100,8,0,0,100,0,0,0,6,0,579,6,15,3,24,10,10
"agent ForwardAgent #125",ForwardAgent,0.08,0,0.69,100,0,0,0,0,4,100,0,0,0,100,0,0,0,4,0,325,0,9,0,8,10,10
"agent ForwardAgent #126",ForwardAgent,0.15,0,0.69,100,0,1,0,1,4,100,6,0,0,100,0,0,0,4,0,382,1,11,1,15,10,10
"agent ForwardAgent #127",ForwardAgent,0.3,0,0.69,100,0,1,0,1,6,100,6,0,0,100,0,0,0,10,0,938,8,23,2,30,10,10
"agent ForwardAgent #128",ForwardAgent,0.44,0,0.69,100,0,2,0,2,10,100,12,0,0,100,0,0,0,10,0,534,12,23,3,44,10,10
"agent ForwardAgent #129",ForwardAgent,0.08,0,0.69,100,0,0,0,0,4,100,0,0,0,100,0,0,0,4,0,317,0,9,0,8,10,10
"agent ForwardAgent #130",ForwardAgent,0.39,0,0.69,100,0,2,0,2,10,100,12,0,0,100,0,0,0,10,0,622,7,23,1,39,10,10
"agent ForwardAgent #131",ForwardAgent,0.14,0,0.69,100,0,0,0,0,2,100,2,0,0,100,0,0,0,6,0,588,4,15,2,14,10,10
"agent ForwardAgent #132",ForwardAgent,0.44,0,0.69,100,0,2,0,2,10,100,12,0,0,100,0,0,0,10,0,488,12,23,3,44,10,10
"agent ForwardAgent #133",ForwardAgent,0.08,0,0.69,100,0,0,0,0,4,100,0,0,0,100,0,0,0,4,0,309,0,9,0,8,10,10
"agent ForwardAgent #134",ForwardAgent,0.15,0,0.69,100,0,1,0,1,4,100,6,0,0,100,0,0,0,4,0,348,1,11,1,15,10,10
"agent ForwardAgent #135",ForwardAgent,0.14,0,0.69,100,0,0,0,0,2,100,2,0,0,100,0,0,0,6,0,574,4,15,2,14,10,10
"agent ForwardAgent #136",ForwardAgent,0.04,0,0.69,100,0,0,0,0,0,100,2,0,0,100,0,0,0,0,0,89,2,5,3,4,10,10
"agent ForwardAgent #137",ForwardAgent,0.08,0,0.69,100,0,0,0,0,4,100,0,0,0,100,0,0,0,4,0,301,0,9,0,8,10,10
"agent ForwardAgent #138",ForwardAgent,0.45,0,0.69,100,0,2,0,2,13,100,12,0,0,100,0,0,0,10,0,499,10,23,1,45,10,10
"agent ForwardAgent #139",ForwardAgent,0.14,0,0.69,100,0,0,0,0,2,100,2,0,0,100,0,0,0,6,0,559,4,15,2,14,10,10
"agent ForwardAgent #140",ForwardAgent,0.24,0,0.69,100,0,1,0,1,4,100,8,0,0,100,0,0,0,6,0,538,6,15,3,24,10,10
"agent ForwardAgent #141",ForwardAgent,0.08,0,0.69,100,0,0,0,0,4,100,0,0,0,100,0,0,0,4,0,293,0,9,0,8,10,10
"agent ForwardAgent #142",ForwardAgent,0.69,0,0.69,100,0,3,0,3,19,100,18,0,0,100,0,0,0,16,0,475,16,23,1,69,10,10
"agent ForwardAgent #143",ForwardAgent,0.3,0,0.69,100,0,1,0,1,6,100,6,0,0,100,0,0,0,10,0,857,8,23,2,30,10,10
"agent ForwardAgent #144",ForwardAgent,0.24,0,0.69,100,0,1,0,1,4,100,8,0,0,100,0,0,0,6,0,511,6,15,3,24,10,10
"agent ForwardAgent #145",ForwardAgent,0.08,0,0.69,100,0,0,0,0,4,100,0,0,0,100,0,0,0,4,0,285,0,9,0,8,10,10
"agent ForwardAgent #146",ForwardAgent,0.95,0,0.69,100,0,5,0,5,24,100,26,0,0,100,0,0,0,24,0,647,21,23,1,95,10,10
"agent ForwardAgent #147",ForwardAgent,0.14,0,0.69,100,0,0,0,0,2,100,2,0,0,100,0,0,0,6,0,527,4,15,2,14,10,10
"agent ForwardAgent #148",ForwardAgent,0.64,0,0.69,100,0,3,0,3,14,100,18,0,0,100,0,0,0,16,0,666,16,23,3,64,10,10
"agent ForwardAgent #149",ForwardAgent,0.08,0,0.69,100,0,0,0,0,4,100,0,0,0,100,0,0,0,4,0,277,0,9,0,8,10,10
"agent ForwardAgent #150",ForwardAgent,0.05,0,0.69,100,0,0,0,0,3,100,2,0,0,100,0,0,0,0,0,132,0,6,1,5,10,10
"agent ForwardAgent #151",ForwardAgent,0.14,0,0.69,100,0,0,0,0,2,100,2,0,0,100,0,0,0,6,0,511,4,15,2,14,10,10
"agent ForwardAgent #152",ForwardAgent,0.2,0,0.69,100,0,1,0,1,4,100,6,0,0,100,0,0,0,4,0,317,6,13,3,20,10,10
"agent ForwardAgent #153",ForwardAgent,0.08,0,0.69,100,0,0,0,0,4,100,0,0,0,100,0,0,0,4,0,269,0,9,0,8,10,10
"agent ForwardAgent #154",ForwardAgent,0.55,0,0.69,100,0,3,0,3,14,100,16,0,0,100,0,0,0,14,0,553,11,23,1,55,10,10
"agent ForwardAgent #155",ForwardAgent,0.14,0,0.69,100,0,0,0,0,2,100,2,0,0,100,0,0,0,6,0,497,4,15,2,14,10,10
"agent ForwardAgent #156",ForwardAgent,0.24,0,0.69,100,0,1,0,1,4,100,8,0,0,100,0,0,0,6,0,455,6,15,3,24,10,10
"agent ForwardAgent #157",ForwardAgent,0.08,0,0.69,100,0,0,0,0,4,100,0,0,0,100,0,0,0,4,0,261,0,9,0,8,10,10
"agent ForwardAgent #158",ForwardAgent,0.05,0,0.69,100,0,0,0,0,3,100,2,0,0,100,0,0,0,0,0,125,0,6,1,5,10,10
"agent ForwardAgent #159",ForwardAgent,0.3,0,0.69,100,0,1,0,1,6,100,6,0,0,100,0,0,0,10,0,776,8,23,2,30,10,10
"agent ForwardAgent #160",ForwardAgent,0.24,0,0.69,100,0,1,0,1,4,100,8,0,0,100,0,0,0,6,0,429,6,15,3,24,10,10
"agent ForwardAgent #161",ForwardAgent,0.08,0,0.69,100,0,0,0,0,4,100,0,0,0,100,0,0,0,4,0,253,0,9,0,8,10,10
"agent ForwardAgent #162",ForwardAgent,0.05,0,0.69,100,0,0,0,0,3,100,2,0,0,100,0,0,0,0,0,120,0,6,1,5,10,10
"agent ForwardAgent #163",ForwardAgent,0.14,0,0.69,100,0,0,0,0,2,100,2,0,0,100,0,0,0,6,0,466,4,15,2,14,10,10
"agent ForwardAgent #164",ForwardAgent,0.24,0,0.69,100,0,1,0,1,4,100,8,0,0,100,0,0,0,6,0,403,6,15,3,24,10,10
"agent ForwardAgent #165",ForwardAgent,0.08,0,0.69,100,0,0,0,0,4,100,0,0,0,100,0,0,0,4,0,245,0,9,0,8,10,10
"agent ForwardAgent #166",ForwardAgent,0.05,0,0.69,100,0,0,0,0,3,100,2,0,0,100,0,0,0,0,0,115,0,6,1,5,10,10
"agent ForwardAgent #167",ForwardAgent,0.3,0,0.69,100,0,1,0,1,6,100,6,0,0,100,0,0,0,10,0,729,8,23,2,30,10,10
"agent ForwardAgent #168",ForwardAgent,0.24,0,0.69,100,0,1,0,1,4,100,8,0,0,100,0,0,0,6,0,377,6,15,3,24,10,10
"agent ForwardAgent #169",ForwardAgent,0.08,0,0.69,100,0,0,0,0,4,100,0,0,0,100,0,0,0,4,0,237,0,9,0,8,10,10
"agent ForwardAgent #170",ForwardAgent,0.05,0,0.69,100,0,0,0,0,3,100,2,0,0,100,0,0,0,0,0,110,0,6,1,5,10,10
"agent ForwardAgent #171",ForwardAgent,0.7,0,0.69,100,0,3,0,3,16,100,16,0,0,100,0,0,0,20,0,799,18,23,2,70,10,10
"agent ForwardAgent #172",ForwardAgent,0.04,0,0.69,100,0,0,0,0,0,100,2,0,0,100,0,0,0,0,0,75,2,5,3,4,10,10
"agent ForwardAgent #173",ForwardAgent,0.08,0,0.69,100,0,0,0,0,4,100,0,0,0,100,0,0,0,4,0,229,0,9,0,8,10,10
"agent ForwardAgent #174",ForwardAgent,0.45,0,0.69,100,0,2,0,2,13,100,12,0,0,100,0,0,0,10,0,357,10,23,1,45,10,10
"agent ForwardAgent #175",ForwardAgent,0.14,0,0.69,100,0,0,0,0,2,100,2,0,0,100,0,0,0,6,0,421,4,15,2,14,10,10
"agent ForwardAgent #176",ForwardAgent,0.64,0,0.69,100,0,3,0,3,14,100,18,0,0,100,0,0,0,16,0,482,16,23,3,64,10,10
"agent ForwardAgent #177",ForwardAgent,0.08,0,0.69,100,0,0,0,0,4,100,0,0,0,100,0,0,0,4,0,221,0,9,0,8,10,10
"agent ForwardAgent #178",ForwardAgent,0.79,0,0.69,100,0,4,0,4,20,100,22,0,0,100,0,0,0,20,0,483,17,23,1,79,10,10
"agent ForwardAgent #179",ForwardAgent,0.14,0,0.69,100,0,0,0,0,2,100,2,0,0,100,0,0,0,6,0,405,4,15,2,14,10,10
"agent ForwardAgent #180",ForwardAgent,0.04,0,0.69,100,0,0,0,0,0,100,2,0,0,100,0,0,0,0,0,70,2,5,3,4,10,10
"agent ForwardAgent #181",ForwardAgent,0.08,0,0.69,100,0,0,0,0,4,100,0,0,0,100,0,0,0,4,0,213,0,9,0,8,10,10
"agent ForwardAgent #182",ForwardAgent,0.05,0,0.69,100,0,0,0,0,3,100,2,0,0,100,0,0,0,0,0,96,0,6,1,5,10,10
"agent ForwardAgent #183",ForwardAgent,0.14,0,0.69,100,0,0,0,0,2,100,2,0,0,100,0,0,0,6,0,391,4,15,2,14,10,10
"agent ForwardAgent #184",ForwardAgent,0.44,0,0.69,100,0,2,0,2,10,100,12,0,0,100,0,0,0,10,0,359,12,23,3,44,10,10
"agent ForwardAgent #185",ForwardAgent,0.08,0,0.69,100,0,0,0,0,4,100,0,0,0,100,0,0,0,4,0,205,0,9,0,8,10,10
"agent ForwardAgent #186",ForwardAgent,0.15,0,0.69,100,0,1,0,1,4,100,6,0,0,100,0,0,0,4,0,258,1,11,1,15,10,10
"agent ForwardAgent #187",ForwardAgent,0.14,0,0.69,100,0,0,0,0,2,100,2,0,0,100,0,0,0,6,0,377,4,15,2,14,10,10
"agent ForwardAgent #188",ForwardAgent,0.2,0,0.69,100,0,1,0,1,4,100,6,0,0,100,0,0,0,4,0,252,6,13,3,20,10,10
"agent ForwardAgent #189",ForwardAgent,0.08,0,0.69,100,0,0,0,0,4,100,0,0,0,100,0,0,0,4,0,197,0,9,0,8,10,10
"agent ForwardAgent #190",ForwardAgent,0.29,0,0.69,100,0,1,0,1,9,100,8,0,0,100,0,0,0,6,0,265,6,18,1,29,10,10
"agent ForwardAgent #191",ForwardAgent,0.3,0,0.69,100,0,1,0,1,6,100,6,0,0,100,0,0,0,10,0,601,8,23,2,30,10,10
"agent ForwardAgent #192",ForwardAgent,0.24,0,0.69,100,0,1,0,1,4,100,8,0,0,100,0,0,0,6,0,309,6,15,3,24,10,10
"agent ForwardAgent #193",ForwardAgent,0.08,0,0.69,100,0,0,0,0,4,100,0,0,0,100,0,0,0,4,0,189,0,9,0,8,10,10
"agent ForwardAgent #194",ForwardAgent,0.15,0,0.69,100,0,1,0,1,4,100,6,0,0,100,0,0,0,4,0,238,1,11,1,15,10,10
"agent ForwardAgent #195",ForwardAgent,0.7,0,0.69,100,0,3,0,3,16,100,16,0,0,100,0,0,0,20,0,625,18,23,2,70,10,10
"agent ForwardAgent #196",ForwardAgent,1.04,0,0.69,100,0,5,0,5,24,100,28,0,0,100,0,0,0,26,0,370,26,23,3,104,10,10
"agent ForwardAgent #197",ForwardAgent,0.08,0,0.69,100,0,0,0,0,4,100,0,0,0,100,0,0,0,4,0,181,0,9,0,8,10,10
"agent ForwardAgent #198",ForwardAgent,0.05,0,0.69,100,0,0,0,0,3,100,2,0,0,100,0,0,0,0,0,83,0,6,1,5,10,10
"agent ForwardAgent #199",ForwardAgent,0.14,0,0.69,100,0,0,0,0,2,100,2,0,0,100,0,0,0,6,0,332,4,15,2,14,10,10
"agent ForwardAgent #200",ForwardAgent,0.24,0,0.69,100,0,1,0,1,4,100,8,0,0,100,0,0,0,6,0,258,6,15,3,24,10,10
"agent NegotiatingAgent #201",NegotiatingAgent,0.08,0,0.69,100,8,0,0,0,4,100,0,15,17,100,0,0,0,4,0,80,0,9,0,8,10,10
"agent NegotiatingAgent #202",NegotiatingAgent,0.39,50,0.69,100,33,2,0,2,10,100,12,66,59,100,0,0,0,10,0,222,7,23,1,39,10,10
"agent NegotiatingAgent #203",NegotiatingAgent,0.3,0,0.69,100,29,1,0,1,6,100,6,58,52,100,0,0,0,10,0,153,8,23,2,30,10,10
"agent NegotiatingAgent #204",NegotiatingAgent,0.4,15,0.69,100,35,2,0,2,8,100,12,71,63,100,0,0,0,10,0,144,10,23,3,40,10,10
"agent NegotiatingAgent #205",NegotiatingAgent,0.08,0,0.69,100,6,0,0,0,4,100,0,14,12,100,0,1,0,4,0,101,0,9,0,8,10,10
"agent NegotiatingAgent #206",NegotiatingAgent,0.05,0,0.69,100,4,0,0,0,3,100,2,8,9,100,0,0,0,0,0,63,0,6,1,5,10,10
"agent NegotiatingAgent #207",NegotiatingAgent,0.14,0,0.69,100,8,0,0,0,2,100,2,17,18,100,0,0,0,6,0,273,4,15,2,14,10,10
"agent NegotiatingAgent #208",NegotiatingAgent,0.04,0,0.69,100,0,0,0,0,0,100,2,1,2,100,0,0,0,0,0,56,2,5,3,4,10,10
"agent NegotiatingAgent #209",NegotiatingAgent,0.08,0,0.69,100,3,0,0,0,4,100,0,9,9,100,0,0,0,4,0,95,0,9,0,8,10,10
"agent NegotiatingAgent #210",NegotiatingAgent,0.39,55,0.69,100,29,2,0,2,10,100,12,62,49,100,0,0,0,10,0,186,7,23,1,39,10,10
"agent NegotiatingAgent #211",NegotiatingAgent,0.3,20,0.69,100,14,1,0,1,6,100,6,39,37,100,0,2,0,10,0,391,8,23,2,30,10,10
"agent NegotiatingAgent #212",NegotiatingAgent,0.4,10,0.69,100,29,2,0,2,8,100,12,70,59,100,0,1,0,10,0,122,10,23,3,40,10,10
"agent NegotiatingAgent #213",NegotiatingAgent,0.08,0,0.69,100,3,0,0,0,4,100,0,8,9,100,0,0,0,4,0,146,0,9,0,8,10,10
"agent NegotiatingAgent #214",NegotiatingAgent,0.39,52,0.69,100,28,2,0,2,10,100,12,70,56,100,0,0,0,10,0,125,7,23,1,39,10,10
"agent NegotiatingAgent #215",NegotiatingAgent,0.14,0,0.69,100,8,0,0,0,2,100,2,17,18,100,0,0,0,6,0,183,4,15,2,14,10,10
"agent NegotiatingAgent #216",NegotiatingAgent,0.4,25,0.69,100,26,2,0,2,8,100,12,61,50,100,0,1,0,10,0,160,10,23,3,40,10,10
"agent NegotiatingAgent #217",NegotiatingAgent,0.08,0,0.69,100,0,0,0,0,4,100,0,7,6,100,0,1,0,4,0,152,0,9,0,8,10,10
"agent NegotiatingAgent #218",NegotiatingAgent,0.05,0,0.69,100,4,0,0,0,3,100,2,8,7,100,0,0,0,0,0,54,0,6,1,5,10,10
"agent NegotiatingAgent #219",NegotiatingAgent,0.3,8,0.69,100,2,1,0,1,6,100,6,28,24,100,0,5,0,10,0,446,8,23,2,30,10,10
"agent NegotiatingAgent #220",NegotiatingAgent,0.2,15,0.69,100,9,1,0,1,4,100,6,26,26,100,0,2,0,4,0,184,6,13,3,20,10,10
"agent NegotiatingAgent #221",NegotiatingAgent,0.08,0,0.69,100,4,0,0,0,4,100,0,9,10,100,0,0,0,4,0,115,0,9,0,8,10,10
"agent NegotiatingAgent #222",NegotiatingAgent,0.05,0,0.69,100,0,0,0,0,3,100,2,4,3,100,0,1,0,0,0,64,0,6,1,5,10,10
"agent NegotiatingAgent #223",NegotiatingAgent,0.14,0,0.69,100,0,0,0,0,2,100,2,13,13,100,0,0,0,6,0,266,4,15,2,14,10,10
"agent NegotiatingAgent #224",NegotiatingAgent,0.04,0,0.69,100,0,0,0,0,0,100,2,1,2,100,0,0,0,0,0,47,2,5,3,4,10,10
"agent NegotiatingAgent #225",NegotiatingAgent,0.08,0,0.69,100,0,0,0,0,4,100,0,7,7,100,0,0,0,4,0,140,0,9,0,8,10,10
"agent NegotiatingAgent #226",NegotiatingAgent,0.15,0,0.69,100,0,1,0,1,4,100,6,14,13,100,0,1,0,4,0,188,1,11,1,15,10,10
"agent NegotiatingAgent #227",NegotiatingAgent,0.3,0,0.69,100,1,1,0,1,6,100,6,27,25,100,0,3,0,10,0,422,8,23,2,30,10,10
"agent NegotiatingAgent #228",NegotiatingAgent,0.4,10,0.69,100,4,2,0,2,8,100,12,36,31,100,0,5,0,10,0,194,10,23,3,40,10,10
"agent NegotiatingAgent #229",NegotiatingAgent,0.08,0,0.69,100,0,0,0,0,4,100,0,7,7,100,0,0,0,4,0,132,0,9,0,8,10,10
"agent NegotiatingAgent #230",NegotiatingAgent,0.15,0,0.69,100,0,1,0,1,4,100,6,14,13,100,0,1,0,4,0,172,1,11,1,15,10,10
"agent NegotiatingAgent #231",NegotiatingAgent,0.3,0,0.69,100,0,1,0,1,6,100,6,27,24,100,0,4,0,10,0,388,8,23,2,30,10,10
"agent NegotiatingAgent #232",NegotiatingAgent,0.2,0,0.69,100,8,1,0,1,4,100,6,25,24,100,0,2,0,4,0,124,6,13,3,20,10,10
"agent NegotiatingAgent #233",NegotiatingAgent,0.08,0,0.69,100,0,0,0,0,4,100,0,7,6,100,0,1,0,4,0,124,0,9,0,8,10,10
"agent NegotiatingAgent #234",NegotiatingAgent,0.29,0,0.69,100,3,1,0,1,9,100,8,28,28,100,0,2,0,6,0,164,6,18,1,29,10,10
"agent NegotiatingAgent #235",NegotiatingAgent,0.3,0,0.69,100,0,1,0,1,6,100,6,28,24,100,0,4,0,10,0,349,8,23,2,30,10,10
"agent NegotiatingAgent #236",NegotiatingAgent,0.2,0,0.69,100,7,1,0,1,4,100,6,27,25,100,0,1,0,4,0,116,6,13,3,20,10,10
"agent NegotiatingAgent #237",NegotiatingAgent,0.08,0,0.69,100,0,0,0,0,4,100,0,7,7,100,0,0,0,4,0,116,0,9,0,8,10,10
"agent NegotiatingAgent #238",NegotiatingAgent,0.39,0,0.69,100,0,2,0,2,10,100,12,41,33,100,2,6,0,10,0,233,7,23,1,39,10,10
"agent NegotiatingAgent #239",NegotiatingAgent,0.14,0,0.69,100,0,0,0,0,2,100,2,13,11,100,0,2,0,6,0,210,4,15,2,14,10,10
"agent NegotiatingAgent #240",NegotiatingAgent,0.2,0,0.69,100,4,1,0,1,4,100,6,21,20,100,0,1,0,4,0,109,6,13,3,20,10,10
"agent NegotiatingAgent #241",NegotiatingAgent,0.08,0,0.69,100,0,0,0,0,4,100,0,7,7,100,0,0,0,4,0,108,0,9,0,8,10,10
"agent NegotiatingAgent #242",NegotiatingAgent,0.15,0,0.69,100,0,1,0,1,4,100,6,14,13,100,0,1,0,4,0,134,1,11,1,15,10,10
"agent NegotiatingAgent #243",NegotiatingAgent,0.3,0,0.69,100,0,1,0,1,6,100,6,28,25,100,0,3,0,10,0,297,8,23,2,30,10,10
"agent NegotiatingAgent #244",NegotiatingAgent,0.04,0,0.69,100,0,0,0,0,0,100,2,2,2,100,0,0,0,0,0,33,2,5,3,4,10,10
"agent NegotiatingAgent #245",NegotiatingAgent,0.08,0,0.69,100,0,0,0,0,4,100,0,7,7,100,0,0,0,4,0,100,0,9,0,8,10,10
"agent NegotiatingAgent #246",NegotiatingAgent,0.05,0,0.69,100,0,0,0,0,3,100,2,4,4,100,0,0,0,0,0,44,0,6,1,5,10,10
"agent NegotiatingAgent #247",NegotiatingAgent,0.14,0,0.69,100,0,0,0,0,2,100,2,13,13,100,0,0,0,6,0,183,4,15,2,14,10,10
"agent NegotiatingAgent #248",NegotiatingAgent,0.24,0,0.69,100,11,1,0,1,4,100,8,32,28,100,0,0,0,6,0,98,6,15,3,24,10,10
"agent NegotiatingAgent #249",NegotiatingAgent,0.08,0,0.69,100,0,0,0,0,4,100,0,7,7,100,0,0,0,4,0,92,0,9,0,8,10,10
"agent NegotiatingAgent #250",NegotiatingAgent,0.29,10,0.69,100,13,1,0,1,9,100,8,42,38,100,0,1,0,6,0,99,6,18,1,29,10,10
"agent NegotiatingAgent #251",NegotiatingAgent,0.14,0,0.69,100,0,0,0,0,2,100,2,13,12,100,0,1,0,6,0,167,4,15,2,14,10,10
"agent NegotiatingAgent #252",NegotiatingAgent,0.2,0,0.69,100,0,1,0,1,4,100,6,18,16,100,0,2,0,4,0,118,6,13,3,20,10,10
"agent NegotiatingAgent #253",NegotiatingAgent,0.08,0,0.69,100,0,0,0,0,4,100,0,7,7,100,0,0,0,4,0,84,0,9,0,8,10,10
"agent NegotiatingAgent #254",NegotiatingAgent,0.39,0,0.69,100,0,2,0,2,10,100,12,38,36,100,0,2,0,10,0,216,7,23,1,39,10,10
"agent NegotiatingAgent #255",NegotiatingAgent,0.14,0,0.69,100,6,0,0,0,2,100,2,16,16,100,0,0,0,6,0,90,4,15,2,14,10,10
"agent NegotiatingAgent #256",NegotiatingAgent,0.4,0,0.69,100,0,2,0,2,8,100,12,33,31,100,0,4,0,10,0,147,10,23,3,40,10,10
"agent NegotiatingAgent #257",NegotiatingAgent,0.08,0,0.69,100,0,0,0,0,4,100,0,7,7,100,0,0,0,4,0,76,0,9,0,8,10,10
"agent NegotiatingAgent #258",NegotiatingAgent,0.05,0,0.69,100,0,0,0,0,3,100,2,4,4,100,0,0,0,0,0,33,0,6,1,5,10,10
"agent NegotiatingAgent #259",NegotiatingAgent,0.14,0,0.69,100,0,0,0,0,2,100,2,13,12,100,0,1,0,6,0,147,4,15,2,14,10,10
"agent NegotiatingAgent #260",NegotiatingAgent,0.24,0,0.69,100,0,1,0,1,4,100,8,22,18,100,0,4,0,6,0,107,6,15,3,24,10,10
"agent NegotiatingAgent #261",NegotiatingAgent,0.08,0,0.69,100,0,0,0,0,4,100,0,7,7,100,0,0,0,4,0,68,0,9,0,8,10,10
"agent NegotiatingAgent #262",NegotiatingAgent,0.29,0,0.69,100,8,1,0,1,9,100,8,33,29,100,0,0,0,6,0,56,6,18,1,29,10,10
"agent NegotiatingAgent #263",NegotiatingAgent,0.3,0,0.69,100,0,1,0,1,6,100,6,28,26,100,0,2,0,10,0,211,8,23,2,30,10,10
"agent NegotiatingAgent #264",NegotiatingAgent,0.04,0,0.69,100,0,0,0,0,0,100,2,2,2,100,0,0,0,0,0,23,2,5,3,4,10,10
"agent NegotiatingAgent #265",NegotiatingAgent,0.08,0,0.69,100,0,0,0,0,4,100,0,7,7,100,0,0,0,4,0,60,0,9,0,8,10,10
"agent NegotiatingAgent #266",NegotiatingAgent,0.39,0,0.69,100,0,2,0,2,10,100,12,38,33,100,0,5,0,10,0,168,7,23,1,39,10,10
"agent NegotiatingAgent #267",NegotiatingAgent,0.3,0,0.69,100,0,1,0,1,6,100,6,28,27,100,0,1,0,10,0,180,8,23,2,30,10,10
"agent NegotiatingAgent #268",NegotiatingAgent,0.2,0,0.69,100,0,1,0,1,4,100,6,18,18,100,0,0,0,4,0,83,6,13,3,20,10,10
"agent NegotiatingAgent #269",NegotiatingAgent,0.08,0,0.69,100,0,0,0,0,4,100,0,7,7,100,0,0,0,4,0,52,0,9,0,8,10,10
"agent NegotiatingAgent #270",NegotiatingAgent,0.15,0,0.69,100,2,1,0,1,4,100,6,13,14,100,0,0,0,4,0,76,1,11,1,15,10,10
"agent NegotiatingAgent #271",NegotiatingAgent,0.3,0,0.69,100,0,1,0,1,6,100,6,28,28,100,0,0,0,10,0,147,8,23,2,30,10,10
"agent NegotiatingAgent #272",NegotiatingAgent,0.24,0,0.69,100,0,1,0,1,4,100,8,22,19,100,0,3,0,6,0,72,6,15,3,24,10,10
"agent NegotiatingAgent #273",NegotiatingAgent,0.08,0,0.69,100,3,0,0,0,4,100,0,8,8,100,0,0,0,4,0,36,0,9,0,8,10,10
"agent NegotiatingAgent #274",NegotiatingAgent,0.15,0,0.69,100,0,1,0,1,4,100,6,14,14,100,0,0,0,4,0,60,1,11,1,15,10,10
"agent NegotiatingAgent #275",NegotiatingAgent,0.14,0,0.69,100,0,0,0,0,2,100,2,13,13,100,0,0,0,6,0,88,4,15,2,14,10,10
"agent NegotiatingAgent #276",NegotiatingAgent,0.04,0,0.69,100,0,0,0,0,0,100,2,2,2,100,0,0,0,0,0,15,2,5,3,4,10,10
"agent NegotiatingAgent #277",NegotiatingAgent,0.08,0,0.69,100,0,0,0,0,4,100,0,7,7,100,0,0,0,4,0,40,0,9,0,8,10,10
"agent NegotiatingAgent #278",NegotiatingAgent,0.05,0,0.69,100,0,0,0,0,3,100,2,4,4,100,0,0,0,0,0,16,0,6,1,5,10,10
"agent NegotiatingAgent #279",NegotiatingAgent,0.14,0,0.69,100,0,0,0,0,2,100,2,13,13,100,0,0,0,6,0,74,4,15,2,14,10,10
"agent NegotiatingAgent #280",NegotiatingAgent,0.04,0,0.69,100,0,0,0,0,0,100,2,2,2,100,0,0,0,0,0,11,2,5,3,4,10,10
"agent NegotiatingAgent #281",NegotiatingAgent,0.08,0,0.69,100,0,0,0,0,4,100,0,7,7,100,0,0,0,4,0,32,0,9,0,8,10,10
"agent NegotiatingAgent #282",NegotiatingAgent,0.39,0,0.69,100,0,2,0,2,10,100,12,38,33,100,0,5,0,10,0,94,7,23,1,39,10,10
"agent NegotiatingAgent #283",NegotiatingAgent,0.14,0,0.69,100,0,0,0,0,2,100,2,13,13,100,0,0,0,6,0,60,4,15,2,14,10,10
"agent NegotiatingAgent #284",NegotiatingAgent,0.2,0,0.69,100,0,1,0,1,4,100,6,18,18,100,0,0,0,4,0,50,6,13,3,20,10,10
"agent NegotiatingAgent #285",NegotiatingAgent,0.08,0,0.69,100,0,0,0,0,4,100,0,7,7,100,0,0,0,4,0,24,0,9,0,8,10,10
"agent NegotiatingAgent #286",NegotiatingAgent,0.29,0,0.69,100,0,1,0,1,9,100,8,27,27,100,0,0,0,6,0,43,6,18,1,29,10,10
"agent NegotiatingAgent #287",NegotiatingAgent,0.3,0,0.69,100,0,1,0,1,6,100,6,28,27,100,0,1,0,10,0,69,8,23,2,30,10,10
"agent NegotiatingAgent #288",NegotiatingAgent,0.24,0,0.69,100,0,1,0,1,4,100,8,22,20,100,0,2,0,6,0,35,6,15,3,24,10,10
"agent NegotiatingAgent #289",NegotiatingAgent,0.08,0,0.69,100,0,0,0,0,4,100,0,7,7,100,0,0,0,4,0,16,0,9,0,8,10,10
"agent NegotiatingAgent #290",NegotiatingAgent,0.39,0,0.69,100,0,2,0,2,10,100,12,38,36,100,0,2,0,10,0,48,7,23,1,39,10,10
"agent NegotiatingAgent #291",NegotiatingAgent,0.14,0,0.69,100,0,0,0,0,2,100,2,13,13,100,0,0,0,6,0,30,4,15,2,14,10,10
"agent NegotiatingAgent #292",NegotiatingAgent,0.2,0,0.69,100,0,1,0,1,4,100,6,18,17,100,0,1,0,4,0,25,6,13,3,20,10,10
"agent NegotiatingAgent #293",NegotiatingAgent,0.08,0,0.69,100,0,0,0,0,4,100,0,7,6,100,0,1,0,4,0,8,0,9,0,8,10,10
"agent NegotiatingAgent #294",NegotiatingAgent,0.29,0,0.69,100,0,1,0,1,9,100,8,27,26,100,0,1,0,6,0,7,6,18,1,29,10,10
"agent NegotiatingAgent #295",NegotiatingAgent,0.3,0,0.69,100,0,1,0,1,6,100,6,28,26,100,0,2,0,10,0,18,8,23,2,30,10,10
"agent NegotiatingAgent #296",NegotiatingAgent,0.24,0,0.69,100,0,1,0,1,4,100,8,22,17,100,0,5,0,6,0,4,6,15,3,24,10,10
"agent NegotiatingAgent #297",NegotiatingAgent,0.08,0,0.69,100,0,0,0,0,4,100,0,7,7,100,0,0,0,4,0,0,0,9,0,8,10,10
"agent NegotiatingAgent #298",NegotiatingAgent,0.39,0,0.69,100,0,2,0,2,10,100,12,38,34,100,0,4,0,10,0,2,7,23,1,39,10,10
"agent NegotiatingAgent #299",NegotiatingAgent,0.14,0,0.69,100,0,0,0,0,2,100,2,13,12,100,0,1,0,6,0,0,4,15,2,14,10,10
"agent NegotiatingAgent #300",NegotiatingAgent,0.2,0,0.69,100,0,1,0,1,4,100,6,17,17,100,0,0,0,4,0,0,6,13,3,20,10,10
