agentName,agentType,averageSpeed,cumulatedUtilityReceived,freeWallRatio,numBacktrackAgents,numCFPAnswered,numDeadends,numDifferentEncounters,numDirectionChanges,numDownSteps,numForwardAgents,numLeftSteps,numMessagesReceived,numMessagesSent,numNegotiatingAgents,numProposalsAccepted,numProposalsRejected,numRandomAgents,numRightSteps,numSwarmAgents,numTotalEncounters,numUpSteps,numVisitedCells,startingPosition,stepsToExit,xsize,ysize
"agent BacktrackAgent #1",BacktrackAgent,0.5606,0,0.5199,10,0,148,0,148,1398,10,1406,0,0,10,0,0,0,1454,0,464,1348,3929,0,5606,100,100
"agent BacktrackAgent #2",BacktrackAgent,0.3353,0,0.5199,10,0,93,0,93,843,10,882,0,0,10,0,0,0,834,0,215,794,2199,1,3353,100,100
"agent BacktrackAgent #3",BacktrackAgent,0.2611,0,0.5199,10,0,74,0,74,632,10,627,0,0,10,0,0,0,674,0,74,678,1612,2,2611,100,100
"agent BacktrackAgent #4",BacktrackAgent,0.8394,0,0.5199,10,0,217,0,217,1980,10,2218,0,0,10,0,0,0,2170,0,512,2026,4549,3,8394,100,100
"agent BacktrackAgent #5",BacktrackAgent,0.601,0,0.5199,10,0,162,0,162,1464,10,1542,0,0,10,0,0,0,1590,0,844,1414,4131,0,6010,100,100
"agent BacktrackAgent #6",BacktrackAgent,0.1577,0,0.5199,10,0,31,0,31,397,10,440,0,0,10,0,0,0,392,0,71,348,1311,1,1577,100,100
"agent BacktrackAgent #7",BacktrackAgent,0.0991,0,0.5199,10,0,21,0,21,244,10,205,0,0,10,0,0,0,252,0,5,290,802,2,991,100,100
"agent BacktrackAgent #8",BacktrackAgent,0.7938,0,0.5199,10,0,197,0,197,1886,10,2084,0,0,10,0,0,0,2036,0,165,1932,4321,3,7938,100,100
"agent BacktrackAgent #9",BacktrackAgent,0.3818,0,0.5199,10,0,92,0,92,924,10,986,0,0,10,0,0,0,1034,0,413,874,3035,0,3818,100,100
"agent BacktrackAgent #10",BacktrackAgent,0.1727,0,0.5199,10,0,47,0,47,432,10,480,0,0,10,0,0,0,432,0,105,383,1386,1,1727,100,100
"agent ForwardAgent #11",ForwardAgent,2.3117,0,0.5199,10,0,640,0,640,5826,10,5686,0,0,10,0,0,0,5733,0,464,5872,1849,2,23117,100,100
"agent ForwardAgent #12",ForwardAgent,3.2186,0,0.5199,10,0,861,0,861,7602,10,8492,0,0,10,0,0,0,8444,0,153,7648,3037,3,32186,100,100
"agent ForwardAgent #13",ForwardAgent,21.6894,0,0.5199,10,0,5261,0,5261,51028,10,57420,0,0,10,0,0,0,57468,0,1410,50978,4693,0,216894,100,100
"agent ForwardAgent #14",ForwardAgent,15.1241,0,0.5199,10,0,3791,0,3791,35753,10,39916,0,0,10,0,0,0,39868,0,442,35704,3957,1,151241,100,100
"agent ForwardAgent #15",ForwardAgent,2.5101,0,0.5199,10,0,701,0,701,6504,10,6000,0,0,10,0,0,0,6047,0,238,6550,1851,2,25101,100,100
"agent ForwardAgent #16",ForwardAgent,12.807,0,0.5199,10,0,3120,0,3120,30964,10,33072,0,0,10,0,0,0,33024,0,577,31010,4457,3,128070,100,100
"agent ForwardAgent #17",ForwardAgent,20.335,0,0.5199,10,0,4667,0,4667,47012,10,54664,0,0,10,0,0,0,54712,0,410,46962,3749,0,203350,100,100
"agent ForwardAgent #18",ForwardAgent,33.7909,0,0.5199,10,0,7671,0,7671,80841,10,88162,0,0,10,0,0,0,88114,0,150,80792,4477,1,337909,100,100
"agent ForwardAgent #19",ForwardAgent,10.8729,0,0.5199,10,0,2918,0,2918,25460,10,28858,0,0,10,0,0,0,28905,0,179,25506,4011,2,108729,100,100
"agent ForwardAgent #20",ForwardAgent,16.7778,0,0.5199,10,0,4191,0,4191,39812,10,44078,0,0,10,0,0,0,44030,0,48,39858,4553,3,167778,100,100
"agent NegotiatingAgent #21",NegotiatingAgent,0.6086,2100,0.5199,10,28,159,0,159,1470,10,1574,53,57,10,0,0,0,1622,0,138,1420,4169,0,6086,100,100
"agent NegotiatingAgent #22",NegotiatingAgent,0.7741,1289,0.5199,10,21,186,0,186,1861,10,2058,44,48,10,3,0,0,2010,0,94,1812,4393,1,7741,100,100
"agent NegotiatingAgent #23",NegotiatingAgent,0.7553,860,0.5199,10,15,183,0,183,1750,10,1980,32,37,10,3,0,0,2027,0,99,1796,4083,2,7553,100,100
"agent NegotiatingAgent #24",NegotiatingAgent,0.5634,948,0.5199,10,17,120,0,120,1326,10,1492,48,53,10,9,0,0,1444,0,28,1372,3169,3,5634,100,100
"agent NegotiatingAgent #25",NegotiatingAgent,0.3614,200,0.5199,10,6,73,0,73,860,10,948,33,33,10,8,2,0,996,0,16,810,2933,0,3614,100,100
"agent NegotiatingAgent #26",NegotiatingAgent,0.5421,200,0.5199,10,3,102,0,102,1319,10,1440,40,36,10,13,4,0,1392,0,6,1270,3233,1,5421,100,100
"agent NegotiatingAgent #27",NegotiatingAgent,0.2993,200,0.5199,10,2,86,0,86,710,10,740,20,16,10,4,4,0,787,0,1,756,1803,2,2993,100,100
"agent NegotiatingAgent #28",NegotiatingAgent,0.753,282,0.5199,10,3,164,0,164,1780,10,1986,34,32,10,10,4,0,1938,0,4,1826,4117,3,7530,100,100
"agent NegotiatingAgent #29",NegotiatingAgent,0.4946,0,0.5199,10,0,111,0,111,1210,10,1264,47,39,10,14,9,0,1312,0,0,1160,3599,0,4946,100,100
"agent NegotiatingAgent #30",NegotiatingAgent,0.3101,0,0.5199,10,0,70,0,71,810,10,789,16,16,10,8,0,0,741,0,0,761,2073,1,3101,100,100
