agentName,agentType,averageSpeed,cumulatedUtilityReceived,freeWallRatio,numBacktrackAgents,numCFPAnswered,numDeadends,numDifferentEncounters,numDirectionChanges,numDownSteps,numForwardAgents,numLeftSteps,numMessagesReceived,numMessagesSent,numNegotiatingAgents,numProposalsAccepted,numProposalsRejected,numRandomAgents,numRightSteps,numSwarmAgents,numTotalEncounters,numUpSteps,numVisitedCells,startingPosition,stepsToExit,xsize,ysize
"agent BacktrackAgent #1",BacktrackAgent,0.08,0,0.69,10,0,0,0,0,4,10,0,0,0,10,0,0,0,4,0,52,0,9,0,8,10,10
"agent BacktrackAgent #2",BacktrackAgent,0.18,0,0.69,10,0,0,0,0,6,10,6,0,0,10,0,0,0,4,0,94,2,19,1,18,10,10
"agent BacktrackAgent #3",BacktrackAgent,0.39,0,0.69,10,0,2,0,2,6,10,11,0,0,10,0,0,0,14,0,109,8,23,2,39,10,10
"agent BacktrackAgent #4",BacktrackAgent,0.04,0,0.69,10,0,0,0,0,0,10,2,0,0,10,0,0,0,0,0,18,2,5,3,4,10,10
"agent BacktrackAgent #5",BacktrackAgent,0.08,0,0.69,10,0,0,0,0,4,10,0,0,0,10,0,0,0,4,0,44,0,9,0,8,10,10
"agent BacktrackAgent #6",BacktrackAgent,0.18,0,0.69,10,0,0,0,0,6,10,6,0,0,10,0,0,0,4,0,75,2,19,1,18,10,10
"agent BacktrackAgent #7",BacktrackAgent,0.37,0,0.69,10,0,1,0,1,6,10,10,0,0,10,0,0,0,13,0,38,8,22,2,37,10,10
"agent BacktrackAgent #8",BacktrackAgent,0.04,0,0.69,10,0,0,0,0,0,10,2,0,0,10,0,0,0,0,0,14,2,5,3,4,10,10
"agent BacktrackAgent #9",BacktrackAgent,0.08,0,0.69,10,0,0,0,0,4,10,0,0,0,10,0,0,0,4,0,36,0,9,0,8,10,10
"agent BacktrackAgent #10",BacktrackAgent,0.18,0,0.69,10,0,0,0,0,6,10,6,0,0,10,0,0,0,4,0,112,2,19,1,18,10,10
"agent ForwardAgent #11",ForwardAgent,0.05,0,0.69,10,0,0,0,0,0,10,0,0,0,10,0,0,0,3,0,13,2,6,2,5,10,10
"agent ForwardAgent #12",ForwardAgent,0.04,0,0.69,10,0,0,0,0,0,10,2,0,0,10,0,0,0,0,0,10,2,5,3,4,10,10
"agent ForwardAgent #13",ForwardAgent,0.08,0,0.69,10,0,0,0,0,4,10,0,0,0,10,0,0,0,4,0,28,0,9,0,8,10,10
"agent ForwardAgent #14",ForwardAgent,0.18,0,0.69,10,0,0,0,0,6,10,6,0,0,10,0,0,0,4,0,56,2,19,1,18,10,10
"agent ForwardAgent #15",ForwardAgent,0.07,0,0.69,10,0,1,0,1,0,10,1,0,0,10,0,0,0,4,0,19,2,7,2,7,10,10
"agent ForwardAgent #16",ForwardAgent,0.32,0,0.69,10,0,1,0,1,6,10,10,0,0,10,0,0,0,8,0,43,8,19,3,32,10,10
"agent ForwardAgent #17",ForwardAgent,0.08,0,0.69,10,0,0,0,0,4,10,0,0,0,10,0,0,0,4,0,20,0,9,0,8,10,10
"agent ForwardAgent #18",ForwardAgent,0.26,0,0.69,10,0,1,0,1,6,10,10,0,0,10,0,0,0,8,0,40,2,23,1,26,10,10
"agent ForwardAgent #19",ForwardAgent,0.07,0,0.69,10,0,1,0,1,0,10,1,0,0,10,0,0,0,4,0,12,2,7,2,7,10,10
"agent ForwardAgent #20",ForwardAgent,0.4,0,0.69,10,0,2,0,2,6,10,14,0,0,10,0,0,0,12,0,13,8,23,3,40,10,10
"agent NegotiatingAgent #21",NegotiatingAgent,0.08,0,0.69,10,3,0,0,0,4,10,0,6,9,10,0,0,0,4,0,13,0,9,0,8,10,10
"agent NegotiatingAgent #22",NegotiatingAgent,0.26,0,0.69,10,7,1,0,1,6,10,10,11,16,10,0,0,0,8,0,22,2,23,1,26,10,10
"agent NegotiatingAgent #23",NegotiatingAgent,0.07,0,0.69,10,0,1,0,1,0,10,1,0,2,10,0,0,0,4,0,5,2,7,2,7,10,10
"agent NegotiatingAgent #24",NegotiatingAgent,0.04,0,0.69,10,0,0,0,0,0,10,2,0,2,10,0,0,0,0,0,4,2,5,3,4,10,10
"agent NegotiatingAgent #25",NegotiatingAgent,0.08,0,0.69,10,2,0,0,0,4,10,0,6,8,10,0,0,0,4,0,7,0,9,0,8,10,10
"agent NegotiatingAgent #26",NegotiatingAgent,0.26,0,0.69,10,3,1,0,1,6,10,10,14,13,10,0,3,0,8,0,18,2,23,1,26,10,10
"agent NegotiatingAgent #27",NegotiatingAgent,0.37,0,0.69,10,3,1,0,1,6,10,10,5,9,10,0,0,0,13,0,2,8,22,2,37,10,10
"agent NegotiatingAgent #28",NegotiatingAgent,0.04,0,0.69,10,0,0,0,0,0,10,2,1,1,10,0,0,0,0,0,0,2,5,3,4,10,10
"agent NegotiatingAgent #29",NegotiatingAgent,0.08,0,0.69,10,0,0,0,0,4,10,0,7,5,10,0,2,0,4,0,0,0,9,0,8,10,10
"agent NegotiatingAgent #30",NegotiatingAgent,0.18,0,0.69,10,0,0,0,0,6,10,6,16,11,10,0,5,0,4,0,0,2,19,1,18,10,10
