agentName,agentType,averageSpeed,cumulatedUtilityReceived,freeWallRatio,numBacktrackAgents,numCFPAnswered,numDeadends,numDifferentEncounters,numDirectionChanges,numDownSteps,numForwardAgents,numLeftSteps,numMessagesReceived,numMessagesSent,numNegotiatingAgents,numProposalsAccepted,numProposalsRejected,numRandomAgents,numRightSteps,numSwarmAgents,numTotalEncounters,numUpSteps,numVisitedCells,startingPosition,stepsToExit,xsize,ysize
"agent BacktrackAgent #1",BacktrackAgent,0.2298,0,0.5199,10,0,50,0,50,618,10,532,0,0,10,0,0,0,580,0,646,568,1745,0,2298,100,100
"agent BacktrackAgent #2",BacktrackAgent,0.095,0,0.5199,10,0,16,0,16,260,10,264,0,0,10,0,0,0,216,0,89,210,895,1,950,100,100
"agent BacktrackAgent #3",BacktrackAgent,0.2865,0,0.5199,10,0,87,0,87,724,10,662,0,0,10,0,0,0,709,0,20,770,1958,2,2865,100,100
"agent BacktrackAgent #4",BacktrackAgent,0.217,0,0.5199,10,0,57,0,57,584,10,502,0,0,10,0,0,0,454,0,190,630,1679,3,2170,100,100
"agent BacktrackAgent #5",BacktrackAgent,0.2158,0,0.5199,10,0,46,0,46,584,10,496,0,0,10,0,0,0,544,0,446,534,1675,0,2158,100,100
"agent BacktrackAgent #6",BacktrackAgent,0.2126,0,0.5199,10,0,39,0,39,548,10,564,0,0,10,0,0,0,516,0,132,498,1483,1,2126,100,100
"agent BacktrackAgent #7",BacktrackAgent,0.2927,0,0.5199,10,0,84,0,84,734,10,683,0,0,10,0,0,0,730,0,156,780,1989,2,2927,100,100
"agent BacktrackAgent #8",BacktrackAgent,0.3134,0,0.5199,10,0,92,0,92,832,10,736,0,0,10,0,0,0,688,0,104,878,2161,3,3134,100,100
"agent BacktrackAgent #9",BacktrackAgent,0.2262,0,0.5199,10,0,48,0,48,602,10,530,0,0,10,0,0,0,578,0,282,552,1727,0,2262,100,100
"agent BacktrackAgent #10",BacktrackAgent,0.2754,0,0.5199,10,0,52,0,52,722,10,704,0,0,10,0,0,0,656,0,429,672,1797,1,2754,100,100
"agent ForwardAgent #11",ForwardAgent,2.3737,0,0.5199,10,0,729,0,729,6358,10,5464,0,0,10,0,0,0,5511,0,192,6404,1911,2,23737,100,100
"agent ForwardAgent #12",ForwardAgent,10.6046,0,0.5199,10,0,3173,0,3173,28026,10,24998,0,0,10,0,0,0,24950,0,204,28072,2807,3,106046,100,100
"agent ForwardAgent #13",ForwardAgent,1.2562,0,0.5199,10,0,228,0,228,3298,10,2984,0,0,10,0,0,0,3032,0,199,3248,1729,0,12562,100,100
"agent ForwardAgent #14",ForwardAgent,3.2178,0,0.5199,10,0,663,0,663,8046,10,8092,0,0,10,0,0,0,8044,0,456,7996,1895,1,32178,100,100
"agent ForwardAgent #15",ForwardAgent,0.4751,0,0.5199,10,0,126,0,126,1350,10,979,0,0,10,0,0,0,1026,0,63,1396,1719,2,4751,100,100
"agent ForwardAgent #16",ForwardAgent,3.9718,0,0.5199,10,0,1049,0,1049,10818,10,9042,0,0,10,0,0,0,8994,0,133,10864,2441,3,39718,100,100
"agent ForwardAgent #17",ForwardAgent,0.8082,0,0.5199,10,0,215,0,215,2184,10,1858,0,0,10,0,0,0,1906,0,228,2134,1745,0,8082,100,100
"agent ForwardAgent #18",ForwardAgent,2.3302,0,0.5199,10,0,418,0,418,5720,10,5980,0,0,10,0,0,0,5932,0,79,5670,1845,1,23302,100,100
"agent ForwardAgent #19",ForwardAgent,2.2451,0,0.5199,10,0,734,0,734,5544,10,5635,0,0,10,0,0,0,5682,0,81,5590,2245,2,22451,100,100
"agent ForwardAgent #20",ForwardAgent,4.8414,0,0.5199,10,0,1401,0,1401,12232,10,11976,0,0,10,0,0,0,11928,0,18,12278,2389,3,48414,100,100
"agent NegotiatingAgent #21",NegotiatingAgent,0.1842,1472,0.5199,10,22,44,0,44,464,10,458,41,48,10,0,0,0,506,0,106,414,1517,0,1842,100,100
"agent NegotiatingAgent #22",NegotiatingAgent,0.1714,200,0.5199,10,15,43,0,43,470,10,436,28,34,10,0,0,0,388,0,118,420,1277,1,1714,100,100
"agent NegotiatingAgent #23",NegotiatingAgent,0.2685,538,0.5199,10,6,72,0,72,680,10,616,12,13,10,0,0,0,663,0,6,726,1868,2,2685,100,100
"agent NegotiatingAgent #24",NegotiatingAgent,0.2538,395,0.5199,10,5,66,0,66,688,10,582,18,18,10,4,0,0,534,0,10,734,1863,3,2538,100,100
"agent NegotiatingAgent #25",NegotiatingAgent,0.1598,296,0.5199,10,7,27,0,27,412,10,388,25,23,10,3,3,0,436,0,9,362,1395,0,1598,100,100
"agent NegotiatingAgent #26",NegotiatingAgent,0.209,198,0.5199,10,10,30,0,30,532,10,562,46,46,10,10,2,0,514,0,19,482,1465,1,2090,100,100
"agent NegotiatingAgent #27",NegotiatingAgent,0.3095,196,0.5199,10,2,84,0,85,796,10,705,8,9,10,2,0,0,752,0,2,842,2073,2,3095,100,100
"agent NegotiatingAgent #28",NegotiatingAgent,0.3334,0,0.5199,10,0,89,0,90,848,10,820,14,16,10,7,0,0,772,0,0,894,2261,3,3334,100,100
"agent NegotiatingAgent #29",NegotiatingAgent,0.1714,90,0.5199,10,1,33,0,33,452,10,406,39,35,10,14,4,0,454,0,2,402,1453,0,1714,100,100
"agent NegotiatingAgent #30",NegotiatingAgent,0.2626,0,0.5199,10,0,41,0,41,700,10,662,37,27,10,8,8,0,614,0,0,650,1733,1,2626,100,100
