agentName,agentType,averageSpeed,cumulatedUtilityReceived,freeWallRatio,numBacktrackAgents,numCFPAnswered,numDeadends,numDifferentEncounters,numDirectionChanges,numDownSteps,numForwardAgents,numLeftSteps,numMessagesReceived,numMessagesSent,numNegotiatingAgents,numProposalsAccepted,numProposalsRejected,numRandomAgents,numRightSteps,numSwarmAgents,numTotalEncounters,numUpSteps,numVisitedCells,startingPosition,stepsToExit,xsize,ysize
"agent BacktrackAgent #1",BacktrackAgent,0.229,0,0.5199,10,0,54,0,54,604,10,542,0,0,10,0,0,0,590,0,398,554,1897,0,2290,100,100
"agent BacktrackAgent #2",BacktrackAgent,0.101,0,0.5199,10,0,28,0,28,300,10,254,0,0,10,0,0,0,206,0,113,250,763,1,1010,100,100
"agent BacktrackAgent #3",BacktrackAgent,0.5003,0,0.5199,10,0,128,0,128,1226,10,1229,0,0,10,0,0,0,1276,0,71,1272,2679,2,5003,100,100
"agent BacktrackAgent #4",BacktrackAgent,0.3002,0,0.5199,10,0,91,0,91,742,10,760,0,0,10,0,0,0,712,0,200,788,1811,3,3002,100,100
"agent BacktrackAgent #5",BacktrackAgent,0.2346,0,0.5199,10,0,55,0,55,612,10,562,0,0,10,0,0,0,610,0,479,562,1925,0,2346,100,100
"agent BacktrackAgent #6",BacktrackAgent,0.1514,0,0.5199,10,0,49,0,49,416,10,390,0,0,10,0,0,0,342,0,132,366,1015,1,1514,100,100
"agent BacktrackAgent #7",BacktrackAgent,0.0481,0,0.5199,10,0,10,0,10,104,10,90,0,0,10,0,0,0,137,0,47,150,418,2,481,100,100
"agent BacktrackAgent #8",BacktrackAgent,0.103,0,0.5199,10,0,25,0,25,224,10,292,0,0,10,0,0,0,244,0,149,270,825,3,1030,100,100
"agent BacktrackAgent #9",BacktrackAgent,0.3098,0,0.5199,10,0,75,0,75,800,10,750,0,0,10,0,0,0,798,0,205,750,2301,0,3098,100,100
"agent BacktrackAgent #10",BacktrackAgent,0.1494,0,0.5199,10,0,44,0,44,406,10,390,0,0,10,0,0,0,342,0,520,356,1005,1,1494,100,100
"agent ForwardAgent #11",ForwardAgent,0.4303,0,0.5199,10,0,89,0,89,1092,10,1013,0,0,10,0,0,0,1060,0,49,1138,1045,2,4303,100,100
"agent ForwardAgent #12",ForwardAgent,4.8634,0,0.5199,10,0,1498,0,1498,12540,10,11778,0,0,10,0,0,0,11730,0,156,12586,2033,3,48634,100,100
"agent ForwardAgent #13",ForwardAgent,3.6126,0,0.5199,10,0,895,0,895,9054,10,9010,0,0,10,0,0,0,9058,0,150,9004,2631,0,36126,100,100
"agent ForwardAgent #14",ForwardAgent,2.0262,0,0.5199,10,0,566,0,566,5112,10,5068,0,0,10,0,0,0,5020,0,111,5062,2003,1,20262,100,100
"agent ForwardAgent #15",ForwardAgent,0.2939,0,0.5199,10,0,116,0,116,718,10,705,0,0,10,0,0,0,752,0,135,764,561,2,2939,100,100
"agent ForwardAgent #16",ForwardAgent,0.289,0,0.5199,10,0,87,0,87,648,10,798,0,0,10,0,0,0,750,0,233,694,1151,3,2890,100,100
"agent ForwardAgent #17",ForwardAgent,12.9806,0,0.5199,10,0,3126,0,3126,32012,10,32892,0,0,10,0,0,0,32940,0,73,31962,2643,0,129806,100,100
"agent ForwardAgent #18",ForwardAgent,1.5014,0,0.5199,10,0,440,0,440,3882,10,3674,0,0,10,0,0,0,3626,0,38,3832,1835,1,15014,100,100
"agent ForwardAgent #19",ForwardAgent,0.7521,0,0.5199,10,0,154,0,154,1958,10,1756,0,0,10,0,0,0,1803,0,10,2004,1217,2,7521,100,100
"agent ForwardAgent #20",ForwardAgent,1.2166,0,0.5199,10,0,385,0,385,2958,10,3126,0,0,10,0,0,0,3078,0,64,3004,1791,3,12166,100,100
"agent NegotiatingAgent #21",NegotiatingAgent,0.2194,4190,0.5199,10,53,46,0,46,568,10,530,103,109,10,0,0,0,578,0,239,518,1849,0,2194,100,100
"agent NegotiatingAgent #22",NegotiatingAgent,0.253,0,0.5199,10,6,69,0,69,634,10,680,8,13,10,0,0,0,632,0,30,584,1523,1,2530,100,100
"agent NegotiatingAgent #23",NegotiatingAgent,0.0693,11,0.5199,10,1,21,0,21,156,10,144,2,3,10,0,0,0,191,0,11,202,524,2,693,100,100
"agent NegotiatingAgent #24",NegotiatingAgent,0.1518,12,0.5199,10,3,43,0,43,324,10,436,4,7,10,0,0,0,388,0,46,370,1069,3,1518,100,100
"agent NegotiatingAgent #25",NegotiatingAgent,0.2658,680,0.5199,10,10,61,0,61,676,10,654,51,48,10,11,4,0,702,0,25,626,2081,0,2658,100,100
"agent NegotiatingAgent #26",NegotiatingAgent,0.1274,0,0.5199,10,3,37,0,37,356,10,330,12,12,10,0,4,0,282,0,8,306,895,1,1274,100,100
"agent NegotiatingAgent #27",NegotiatingAgent,0.0415,0,0.5199,10,0,9,0,9,82,10,79,2,2,10,1,0,0,126,0,0,128,385,2,415,100,100
"agent NegotiatingAgent #28",NegotiatingAgent,0.2066,0,0.5199,10,0,54,0,54,458,10,576,6,6,10,1,2,0,528,0,0,504,1343,3,2066,100,100
"agent NegotiatingAgent #29",NegotiatingAgent,0.2838,0,0.5199,10,0,66,0,66,730,10,690,98,90,10,39,6,0,738,0,0,680,2171,0,2838,100,100
"agent NegotiatingAgent #30",NegotiatingAgent,0.081,0,0.5199,10,0,26,0,26,250,10,204,11,6,10,0,5,0,156,0,0,200,663,1,810,100,100
