agentName,agentType,averageSpeed,cumulatedUtilityReceived,freeWallRatio,numBacktrackAgents,numCFPAnswered,numDeadends,numDifferentEncounters,numDirectionChanges,numDownSteps,numForwardAgents,numLeftSteps,numMessagesReceived,numMessagesSent,numNegotiatingAgents,numProposalsAccepted,numProposalsRejected,numRandomAgents,numRightSteps,numSwarmAgents,numTotalEncounters,numUpSteps,numVisitedCells,startingPosition,stepsToExit,xsize,ysize
"agent BacktrackAgent #1",BacktrackAgent,0.5154,0,0.5199,10,0,140,0,140,1266,10,1312,0,0,10,0,0,0,1360,0,365,1216,3581,0,5154,100,100
"agent BacktrackAgent #2",BacktrackAgent,0.563,0,0.5199,10,0,149,0,149,1424,10,1440,0,0,10,0,0,0,1392,0,370,1374,3443,1,5630,100,100
"agent BacktrackAgent #3",BacktrackAgent,0.6769,0,0.5199,10,0,172,0,172,1640,10,1698,0,0,10,0,0,0,1745,0,578,1686,3628,2,6769,100,100
"agent BacktrackAgent #4",BacktrackAgent,0.7902,0,0.5199,10,0,192,0,192,1924,10,2028,0,0,10,0,0,0,1980,0,396,1970,4173,3,7902,100,100
"agent BacktrackAgent #5",BacktrackAgent,0.6106,0,0.5199,10,0,161,0,161,1502,10,1552,0,0,10,0,0,0,1600,0,215,1452,4057,0,6106,100,100
"agent BacktrackAgent #6",BacktrackAgent,0.1782,0,0.5199,10,0,39,0,39,450,10,490,0,0,10,0,0,0,442,0,57,400,1519,1,1782,100,100
"agent BacktrackAgent #7",BacktrackAgent,0.8557,0,0.5199,10,0,219,0,219,2084,10,2148,0,0,10,0,0,0,2195,0,58,2130,4522,2,8557,100,100
"agent BacktrackAgent #8",BacktrackAgent,0.7862,0,0.5199,10,0,191,0,191,1908,10,2024,0,0,10,0,0,0,1976,0,128,1954,4153,3,7862,100,100
"agent BacktrackAgent #9",BacktrackAgent,0.5862,0,0.5199,10,0,150,0,150,1478,10,1454,0,0,10,0,0,0,1502,0,232,1428,3935,0,5862,100,100
"agent BacktrackAgent #10",BacktrackAgent,0.447,0,0.5199,10,0,131,0,131,1136,10,1148,0,0,10,0,0,0,1100,0,173,1086,2863,1,4470,100,100
"agent ForwardAgent #11",ForwardAgent,0.6237,0,0.5199,10,0,188,0,188,1546,10,1526,0,0,10,0,0,0,1573,0,32,1592,931,2,6237,100,100
"agent ForwardAgent #12",ForwardAgent,2.7094,0,0.5199,10,0,910,0,910,6184,10,7364,0,0,10,0,0,0,7316,0,217,6230,1219,3,27094,100,100
"agent ForwardAgent #13",ForwardAgent,5.5334,0,0.5199,10,0,1436,0,1436,13072,10,14596,0,0,10,0,0,0,14644,0,289,13022,3127,0,55334,100,100
"agent ForwardAgent #14",ForwardAgent,1.7622,0,0.5199,10,0,458,0,458,4052,10,4808,0,0,10,0,0,0,4760,0,187,4002,2001,1,17622,100,100
"agent ForwardAgent #15",ForwardAgent,0.6399,0,0.5199,10,0,166,0,166,1432,10,1721,0,0,10,0,0,0,1768,0,95,1478,1555,2,6399,100,100
"agent ForwardAgent #16",ForwardAgent,4.3026,0,0.5199,10,0,1335,0,1335,10704,10,10810,0,0,10,0,0,0,10762,0,84,10750,1103,3,43026,100,100
"agent ForwardAgent #17",ForwardAgent,13.4782,0,0.5199,10,0,3092,0,3092,32650,10,34742,0,0,10,0,0,0,34790,0,91,32600,3589,0,134782,100,100
"agent ForwardAgent #18",ForwardAgent,0.6638,0,0.5199,10,0,200,0,200,1564,10,1804,0,0,10,0,0,0,1756,0,48,1514,2239,1,6638,100,100
"agent ForwardAgent #19",ForwardAgent,3.9663,0,0.5199,10,0,1045,0,1045,9880,10,9905,0,0,10,0,0,0,9952,0,51,9926,3453,2,39663,100,100
"agent ForwardAgent #20",ForwardAgent,0.6474,0,0.5199,10,0,230,0,230,1442,10,1796,0,0,10,0,0,0,1748,0,41,1488,901,3,6474,100,100
"agent NegotiatingAgent #21",NegotiatingAgent,0.6594,1538,0.5199,10,21,190,0,190,1650,10,1648,40,43,10,0,0,0,1696,0,28,1600,4301,0,6594,100,100
"agent NegotiatingAgent #22",NegotiatingAgent,0.1654,100,0.5199,10,5,23,0,23,444,10,432,7,12,10,0,0,0,384,0,11,394,1455,1,1654,100,100
"agent NegotiatingAgent #23",NegotiatingAgent,0.0715,2,0.5199,10,2,17,0,17,146,10,165,2,5,10,0,0,0,212,0,9,192,601,2,715,100,100
"agent NegotiatingAgent #24",NegotiatingAgent,0.8414,500,0.5199,10,8,208,0,208,2028,10,2180,15,20,10,1,0,0,2132,0,6,2074,4429,3,8414,100,100
"agent NegotiatingAgent #25",NegotiatingAgent,0.5222,454,0.5199,10,8,124,0,124,1322,10,1290,34,35,10,7,3,0,1338,0,110,1272,3615,0,5222,100,100
"agent NegotiatingAgent #26",NegotiatingAgent,0.6534,600,0.5199,10,8,155,0,155,1622,10,1694,25,24,10,2,3,0,1646,0,13,1572,3895,1,6534,100,100
"agent NegotiatingAgent #27",NegotiatingAgent,0.8067,800,0.5199,10,8,190,0,191,1932,10,2055,32,31,10,6,2,0,2102,0,7,1978,4277,2,8067,100,100
"agent NegotiatingAgent #28",NegotiatingAgent,0.061,0,0.5199,10,0,14,0,14,132,10,174,6,3,10,0,3,0,126,0,0,178,527,3,610,100,100
"agent NegotiatingAgent #29",NegotiatingAgent,0.4574,328,0.5199,10,4,92,0,92,1150,10,1138,49,46,10,16,4,0,1186,0,2,1100,3291,0,4574,100,100
"agent NegotiatingAgent #30",NegotiatingAgent,0.6194,0,0.5199,10,0,125,0,126,1538,10,1608,36,32,10,14,3,0,1560,0,0,1488,3725,1,6194,100,100
