agentName,agentType,averageSpeed,cumulatedUtilityReceived,freeWallRatio,numBacktrackAgents,numCFPAnswered,numDeadends,numDifferentEncounters,numDirectionChanges,numDownSteps,numForwardAgents,numLeftSteps,numMessagesReceived,numMessagesSent,numNegotiatingAgents,numProposalsAccepted,numProposalsRejected,numRandomAgents,numRightSteps,numSwarmAgents,numTotalEncounters,numUpSteps,numVisitedCells,startingPosition,stepsToExit,xsize,ysize
"agent BacktrackAgent #1",BacktrackAgent,0.08,0,0.69,100,0,0,0,0,4,100,0,0,0,100,0,0,0,4,0,564,0,9,0,8,10,10
"agent BacktrackAgent #2",BacktrackAgent,0.09,0,0.69,100,0,0,0,0,5,100,2,0,0,100,0,0,0,0,0,503,2,10,1,9,10,10
"agent BacktrackAgent #3",BacktrackAgent,0.05,0,0.69,100,0,0,0,0,0,100,0,0,0,100,0,0,0,3,0,214,2,6,2,5,10,10
"agent BacktrackAgent #4",BacktrackAgent,0.04,0,0.69,100,0,0,0,0,0,100,2,0,0,100,0,0,0,0,0,138,2,5,3,4,10,10
"agent BacktrackAgent #5",BacktrackAgent,0.08,0,0.69,100,0,0,0,0,4,100,0,0,0,100,0,0,0,4,0,476,0,9,0,8,10,10
"agent BacktrackAgent #6",BacktrackAgent,0.09,0,0.69,100,0,0,0,0,5,100,2,0,0,100,0,0,0,0,0,420,2,10,1,9,10,10
"agent BacktrackAgent #7",BacktrackAgent,0.05,0,0.69,100,0,0,0,0,0,100,0,0,0,100,0,0,0,3,0,169,2,6,2,5,10,10
"agent BacktrackAgent #8",BacktrackAgent,0.4,0,0.69,100,0,2,0,2,8,100,12,0,0,100,0,0,0,10,0,1023,10,23,3,40,10,10
"agent BacktrackAgent #9",BacktrackAgent,0.08,0,0.69,100,0,0,0,0,4,100,0,0,0,100,0,0,0,4,0,388,0,9,0,8,10,10
"agent BacktrackAgent #10",BacktrackAgent,0.27,0,0.69,100,0,1,0,1,8,100,8,0,0,100,0,0,0,6,0,926,5,19,1,27,10,10
"agent BacktrackAgent #11",BacktrackAgent,0.07,0,0.69,100,0,1,0,1,0,100,1,0,0,100,0,0,0,4,0,444,2,7,2,7,10,10
"agent BacktrackAgent #12",BacktrackAgent,0.12,0,0.69,100,0,1,0,1,0,100,6,0,0,100,0,0,0,4,0,408,2,9,3,12,10,10
"agent BacktrackAgent #13",BacktrackAgent,0.08,0,0.69,100,0,0,0,0,4,100,0,0,0,100,0,0,0,4,0,579,0,9,0,8,10,10
"agent BacktrackAgent #14",BacktrackAgent,0.09,0,0.69,100,0,0,0,0,5,100,2,0,0,100,0,0,0,0,0,524,2,10,1,9,10,10
"agent BacktrackAgent #15",BacktrackAgent,0.07,0,0.69,100,0,1,0,1,0,100,1,0,0,100,0,0,0,4,0,436,2,7,2,7,10,10
"agent BacktrackAgent #16",BacktrackAgent,0.4,0,0.69,100,0,2,0,2,8,100,12,0,0,100,0,0,0,10,0,1500,10,23,3,40,10,10
"agent BacktrackAgent #17",BacktrackAgent,0.08,0,0.69,100,0,0,0,0,4,100,0,0,0,100,0,0,0,4,0,571,0,9,0,8,10,10
"agent BacktrackAgent #18",BacktrackAgent,0.35,0,0.69,100,0,2,0,2,8,100,12,0,0,100,0,0,0,10,0,998,5,23,1,35,10,10
"agent BacktrackAgent #19",BacktrackAgent,0.37,0,0.69,100,0,1,0,1,8,100,8,0,0,100,0,0,0,11,0,1080,10,22,2,37,10,10
"agent BacktrackAgent #20",BacktrackAgent,0.4,0,0.69,100,0,2,0,2,8,100,12,0,0,100,0,0,0,10,0,1457,10,23,3,40,10,10
"agent BacktrackAgent #21",BacktrackAgent,0.08,0,0.69,100,0,0,0,0,4,100,0,0,0,100,0,0,0,4,0,556,0,9,0,8,10,10
"agent BacktrackAgent #22",BacktrackAgent,0.35,0,0.69,100,0,2,0,2,8,100,12,0,0,100,0,0,0,10,0,959,5,23,1,35,10,10
"agent BacktrackAgent #23",BacktrackAgent,0.39,0,0.69,100,0,2,0,2,8,100,9,0,0,100,0,0,0,12,0,1817,10,23,2,39,10,10
"agent BacktrackAgent #24",BacktrackAgent,0.04,0,0.69,100,0,0,0,0,0,100,2,0,0,100,0,0,0,0,0,157,2,5,3,4,10,10
"agent BacktrackAgent #25",BacktrackAgent,0.08,0,0.69,100,0,0,0,0,4,100,0,0,0,100,0,0,0,4,0,548,0,9,0,8,10,10
"agent BacktrackAgent #26",BacktrackAgent,0.27,0,0.69,100,0,1,0,1,8,100,8,0,0,100,0,0,0,6,0,840,5,19,1,27,10,10
"agent BacktrackAgent #27",BacktrackAgent,0.07,0,0.69,100,0,1,0,1,0,100,1,0,0,100,0,0,0,4,0,417,2,7,2,7,10,10
"agent BacktrackAgent #28",BacktrackAgent,0.12,0,0.69,100,0,1,0,1,0,100,6,0,0,100,0,0,0,4,0,387,2,9,3,12,10,10
"agent BacktrackAgent #29",BacktrackAgent,0.08,0,0.69,100,0,0,0,0,4,100,0,0,0,100,0,0,0,4,0,540,0,9,0,8,10,10
"agent BacktrackAgent #30",BacktrackAgent,0.17,0,0.69,100,0,1,0,1,5,100,6,0,0,100,0,0,0,4,0,679,2,14,1,17,10,10
"agent BacktrackAgent #31",BacktrackAgent,0.37,0,0.69,100,0,1,0,1,8,100,8,0,0,100,0,0,0,11,0,1027,10,22,2,37,10,10
"agent BacktrackAgent #32",BacktrackAgent,0.4,0,0.69,100,0,2,0,2,8,100,12,0,0,100,0,0,0,10,0,1405,10,23,3,40,10,10
"agent BacktrackAgent #33",BacktrackAgent,0.08,0,0.69,100,0,0,0,0,4,100,0,0,0,100,0,0,0,4,0,531,0,9,0,8,10,10
"agent BacktrackAgent #34",BacktrackAgent,0.27,0,0.69,100,0,1,0,1,8,100,8,0,0,100,0,0,0,6,0,809,5,19,1,27,10,10
"agent BacktrackAgent #35",BacktrackAgent,0.07,0,0.69,100,0,1,0,1,0,100,1,0,0,100,0,0,0,4,0,404,2,7,2,7,10,10
"agent BacktrackAgent #36",BacktrackAgent,0.32,0,0.69,100,0,1,0,1,8,100,8,0,0,100,0,0,0,6,0,1178,10,19,3,32,10,10
"agent BacktrackAgent #37",BacktrackAgent,0.08,0,0.69,100,0,0,0,0,4,100,0,0,0,100,0,0,0,4,0,523,0,9,0,8,10,10
"agent BacktrackAgent #38",BacktrackAgent,0.17,0,0.69,100,0,1,0,1,5,100,6,0,0,100,0,0,0,4,0,655,2,14,1,17,10,10
"agent BacktrackAgent #39",BacktrackAgent,0.37,0,0.69,100,0,1,0,1,8,100,8,0,0,100,0,0,0,11,0,983,10,22,2,37,10,10
"agent BacktrackAgent #40",BacktrackAgent,0.04,0,0.69,100,0,0,0,0,0,100,2,0,0,100,0,0,0,0,0,145,2,5,3,4,10,10
"agent BacktrackAgent #41",BacktrackAgent,0.08,0,0.69,100,0,0,0,0,4,100,0,0,0,100,0,0,0,4,0,515,0,9,0,8,10,10
"agent BacktrackAgent #42",BacktrackAgent,0.17,0,0.69,100,0,1,0,1,5,100,6,0,0,100,0,0,0,4,0,636,2,14,1,17,10,10
"agent BacktrackAgent #43",BacktrackAgent,0.07,0,0.69,100,0,1,0,1,0,100,1,0,0,100,0,0,0,4,0,392,2,7,2,7,10,10
"agent BacktrackAgent #44",BacktrackAgent,0.4,0,0.69,100,0,2,0,2,8,100,12,0,0,100,0,0,0,10,0,1329,10,23,3,40,10,10
"agent BacktrackAgent #45",BacktrackAgent,0.08,0,0.69,100,0,0,0,0,4,100,0,0,0,100,0,0,0,4,0,507,0,9,0,8,10,10
"agent BacktrackAgent #46",BacktrackAgent,0.17,0,0.69,100,0,1,0,1,5,100,6,0,0,100,0,0,0,4,0,616,2,14,1,17,10,10
"agent BacktrackAgent #47",BacktrackAgent,0.07,0,0.69,100,0,1,0,1,0,100,1,0,0,100,0,0,0,4,0,385,2,7,2,7,10,10
"agent BacktrackAgent #48",BacktrackAgent,0.32,0,0.69,100,0,1,0,1,8,100,8,0,0,100,0,0,0,6,0,1110,10,19,3,32,10,10
"agent BacktrackAgent #49",BacktrackAgent,0.08,0,0.69,100,0,0,0,0,4,100,0,0,0,100,0,0,0,4,0,499,0,9,0,8,10,10
"agent BacktrackAgent #50",BacktrackAgent,0.27,0,0.69,100,0,1,0,1,8,100,8,0,0,100,0,0,0,6,0,774,5,19,1,27,10,10
"agent BacktrackAgent #51",BacktrackAgent,0.37,0,0.69,100,0,1,0,1,8,100,8,0,0,100,0,0,0,11,0,930,10,22,2,37,10,10
"agent BacktrackAgent #52",BacktrackAgent,0.32,0,0.69,100,0,1,0,1,8,100,8,0,0,100,0,0,0,6,0,1076,10,19,3,32,10,10
"agent BacktrackAgent #53",BacktrackAgent,0.08,0,0.69,100,0,0,0,0,4,100,0,0,0,100,0,0,0,4,0,491,0,9,0,8,10,10
"agent BacktrackAgent #54",BacktrackAgent,0.27,0,0.69,100,0,1,0,1,8,100,8,0,0,100,0,0,0,6,0,744,5,19,1,27,10,10
"agent BacktrackAgent #55",BacktrackAgent,0.07,0,0.69,100,0,1,0,1,0,100,1,0,0,100,0,0,0,4,0,373,2,7,2,7,10,10
"agent BacktrackAgent #56",BacktrackAgent,0.32,0,0.69,100,0,1,0,1,8,100,8,0,0,100,0,0,0,6,0,1043,10,19,3,32,10,10
"agent BacktrackAgent #57",BacktrackAgent,0.08,0,0.69,100,0,0,0,0,4,100,0,0,0,100,0,0,0,4,0,483,0,9,0,8,10,10
"agent BacktrackAgent #58",BacktrackAgent,0.17,0,0.69,100,0,1,0,1,5,100,6,0,0,100,0,0,0,4,0,588,2,14,1,17,10,10
"agent BacktrackAgent #59",BacktrackAgent,0.37,0,0.69,100,0,1,0,1,8,100,8,0,0,100,0,0,0,11,0,886,10,22,2,37,10,10
"agent BacktrackAgent #60",BacktrackAgent,0.04,0,0.69,100,0,0,0,0,0,100,2,0,0,100,0,0,0,0,0,134,2,5,3,4,10,10
"agent BacktrackAgent #61",BacktrackAgent,0.08,0,0.69,100,0,0,0,0,4,100,0,0,0,100,0,0,0,4,0,468,0,9,0,8,10,10
"agent BacktrackAgent #62",BacktrackAgent,0.17,0,0.69,100,0,1,0,1,5,100,6,0,0,100,0,0,0,4,0,569,2,14,1,17,10,10
"agent BacktrackAgent #63",BacktrackAgent,0.05,0,0.69,100,0,0,0,0,0,100,0,0,0,100,0,0,0,3,0,191,2,6,2,5,10,10
"agent BacktrackAgent #64",BacktrackAgent,0.12,0,0.69,100,0,1,0,1,0,100,6,0,0,100,0,0,0,4,0,344,2,9,3,12,10,10
"agent BacktrackAgent #65",BacktrackAgent,0.08,0,0.69,100,0,0,0,0,4,100,0,0,0,100,0,0,0,4,0,460,0,9,0,8,10,10
"agent BacktrackAgent #66",BacktrackAgent,0.35,0,0.69,100,0,2,0,2,8,100,12,0,0,100,0,0,0,10,0,796,5,23,1,35,10,10
"agent BacktrackAgent #67",BacktrackAgent,0.05,0,0.69,100,0,0,0,0,0,100,0,0,0,100,0,0,0,3,0,185,2,6,2,5,10,10
"agent BacktrackAgent #68",BacktrackAgent,0.04,0,0.69,100,0,0,0,0,0,100,2,0,0,100,0,0,0,0,0,127,2,5,3,4,10,10
"agent BacktrackAgent #69",BacktrackAgent,0.08,0,0.69,100,0,0,0,0,4,100,0,0,0,100,0,0,0,4,0,452,0,9,0,8,10,10
"agent BacktrackAgent #70",BacktrackAgent,0.17,0,0.69,100,0,1,0,1,5,100,6,0,0,100,0,0,0,4,0,543,2,14,1,17,10,10
"agent BacktrackAgent #71",BacktrackAgent,0.37,0,0.69,100,0,1,0,1,8,100,8,0,0,100,0,0,0,11,0,829,10,22,2,37,10,10
"agent BacktrackAgent #72",BacktrackAgent,0.4,0,0.69,100,0,2,0,2,8,100,12,0,0,100,0,0,0,10,0,1180,10,23,3,40,10,10
"agent BacktrackAgent #73",BacktrackAgent,0.08,0,0.69,100,0,0,0,0,4,100,0,0,0,100,0,0,0,4,0,443,0,9,0,8,10,10
"agent BacktrackAgent #74",BacktrackAgent,0.17,0,0.69,100,0,1,0,1,5,100,6,0,0,100,0,0,0,4,0,523,2,14,1,17,10,10
"agent BacktrackAgent #75",BacktrackAgent,0.07,0,0.69,100,0,1,0,1,0,100,1,0,0,100,0,0,0,4,0,344,2,7,2,7,10,10
"agent BacktrackAgent #76",BacktrackAgent,0.12,0,0.69,100,0,1,0,1,0,100,6,0,0,100,0,0,0,4,0,323,2,9,3,12,10,10
"agent BacktrackAgent #77",BacktrackAgent,0.08,0,0.69,100,0,0,0,0,4,100,0,0,0,100,0,0,0,4,0,435,0,9,0,8,10,10
"agent BacktrackAgent #78",BacktrackAgent,0.35,0,0.69,100,0,2,0,2,8,100,12,0,0,100,0,0,0,10,0,755,5,23,1,35,10,10
"agent BacktrackAgent #79",BacktrackAgent,0.37,0,0.69,100,0,1,0,1,8,100,8,0,0,100,0,0,0,11,0,783,10,22,2,37,10,10
"agent BacktrackAgent #80",BacktrackAgent,0.32,0,0.69,100,0,1,0,1,8,100,8,0,0,100,0,0,0,6,0,965,10,19,3,32,10,10
"agent BacktrackAgent #81",BacktrackAgent,0.08,0,0.69,100,0,0,0,0,4,100,0,0,0,100,0,0,0,4,0,427,0,9,0,8,10,10
"agent BacktrackAgent #82",BacktrackAgent,0.17,0,0.69,100,0,1,0,1,5,100,6,0,0,100,0,0,0,4,0,499,2,14,1,17,10,10
"agent BacktrackAgent #83",BacktrackAgent,0.07,0,0.69,100,0,1,0,1,0,100,1,0,0,100,0,0,0,4,0,331,2,7,2,7,10,10
"agent BacktrackAgent #84",BacktrackAgent,0.4,0,0.69,100,0,2,0,2,8,100,12,0,0,100,0,0,0,10,0,1103,10,23,3,40,10,10
"agent BacktrackAgent #85",BacktrackAgent,0.08,0,0.69,100,0,0,0,0,4,100,0,0,0,100,0,0,0,4,0,419,0,9,0,8,10,10
"agent BacktrackAgent #86",BacktrackAgent,0.17,0,0.69,100,0,1,0,1,5,100,6,0,0,100,0,0,0,4,0,479,2,14,1,17,10,10
"agent BacktrackAgent #87",BacktrackAgent,0.05,0,0.69,100,0,0,0,0,0,100,0,0,0,100,0,0,0,3,0,163,2,6,2,5,10,10
"agent BacktrackAgent #88",BacktrackAgent,0.4,0,0.69,100,0,2,0,2,8,100,12,0,0,100,0,0,0,10,0,1062,10,23,3,40,10,10
"agent BacktrackAgent #89",BacktrackAgent,0.08,0,0.69,100,0,0,0,0,4,100,0,0,0,100,0,0,0,4,0,411,0,9,0,8,10,10
"agent BacktrackAgent #90",BacktrackAgent,0.35,0,0.69,100,0,2,0,2,8,100,12,0,0,100,0,0,0,10,0,707,5,23,1,35,10,10
"agent BacktrackAgent #91",BacktrackAgent,0.37,0,0.69,100,0,1,0,1,8,100,8,0,0,100,0,0,0,11,0,725,10,22,2,37,10,10
"agent BacktrackAgent #92",BacktrackAgent,0.12,0,0.69,100,0,1,0,1,0,100,6,0,0,100,0,0,0,4,0,300,2,9,3,12,10,10
"agent BacktrackAgent #93",BacktrackAgent,0.08,0,0.69,100,0,0,0,0,4,100,0,0,0,100,0,0,0,4,0,403,0,9,0,8,10,10
"agent BacktrackAgent #94",BacktrackAgent,0.09,0,0.69,100,0,0,0,0,5,100,2,0,0,100,0,0,0,0,0,362,2,10,1,9,10,10
"agent BacktrackAgent #95",BacktrackAgent,0.39,0,0.69,100,0,2,0,2,8,100,9,0,0,100,0,0,0,12,0,1405,10,23,2,39,10,10
"agent BacktrackAgent #96",BacktrackAgent,0.32,0,0.69,100,0,1,0,1,8,100,8,0,0,100,0,0,0,6,0,834,10,19,3,32,10,10
"agent BacktrackAgent #97",BacktrackAgent,0.08,0,0.69,100,0,0,0,0,4,100,0,0,0,100,0,0,0,4,0,395,0,9,0,8,10,10
"agent BacktrackAgent #98",BacktrackAgent,0.17,0,0.69,100,0,1,0,1,5,100,6,0,0,100,0,0,0,4,0,444,2,14,1,17,10,10
"agent BacktrackAgent #99",BacktrackAgent,0.39,0,0.69,100,0,2,0,2,8,100,9,0,0,100,0,0,0,12,0,1363,10,23,2,39,10,10
"agent BacktrackAgent #100",BacktrackAgent,0.4,0,0.69,100,0,2,0,2,8,100,12,0,0,100,0,0,0,10,0,1560,10,23,3,40,10,10
"agent ForwardAgent #101",ForwardAgent,0.08,0,0.69,100,0,0,0,0,4,100,0,0,0,100,0,0,0,4,0,380,0,9,0,8,10,10
"agent ForwardAgent #102",ForwardAgent,0.75,0,0.69,100,0,4,0,4,16,100,24,0,0,100,0,0,0,22,0,858,13,23,1,75,10,10
"agent ForwardAgent #103",ForwardAgent,0.79,0,0.69,100,0,4,0,4,16,100,21,0,0,100,0,0,0,24,0,1623,18,23,2,79,10,10
"agent ForwardAgent #104",ForwardAgent,0.04,0,0.69,100,0,0,0,0,0,100,2,0,0,100,0,0,0,0,0,109,2,5,3,4,10,10
"agent ForwardAgent #105",ForwardAgent,0.08,0,0.69,100,0,0,0,0,4,100,0,0,0,100,0,0,0,4,0,372,0,9,0,8,10,10
"agent ForwardAgent #106",ForwardAgent,0.09,0,0.69,100,0,0,0,0,5,100,2,0,0,100,0,0,0,0,0,337,2,10,1,9,10,10
"agent ForwardAgent #107",ForwardAgent,0.85,0,0.69,100,0,4,0,4,16,100,24,0,0,100,0,0,0,27,0,881,18,23,2,85,10,10
"agent ForwardAgent #108",ForwardAgent,0.44,0,0.69,100,0,2,0,2,8,100,14,0,0,100,0,0,0,12,0,541,10,23,3,44,10,10
"agent ForwardAgent #109",ForwardAgent,0.08,0,0.69,100,0,0,0,0,4,100,0,0,0,100,0,0,0,4,0,364,0,9,0,8,10,10
"agent ForwardAgent #110",ForwardAgent,0.09,0,0.69,100,0,0,0,0,5,100,2,0,0,100,0,0,0,0,0,326,2,10,1,9,10,10
"agent ForwardAgent #111",ForwardAgent,0.39,0,0.69,100,0,2,0,2,8,100,9,0,0,100,0,0,0,12,0,1239,10,23,2,39,10,10
"agent ForwardAgent #112",ForwardAgent,0.12,0,0.69,100,0,1,0,1,0,100,6,0,0,100,0,0,0,4,0,267,2,9,3,12,10,10
"agent ForwardAgent #113",ForwardAgent,0.08,0,0.69,100,0,0,0,0,4,100,0,0,0,100,0,0,0,4,0,356,0,9,0,8,10,10
"agent ForwardAgent #114",ForwardAgent,0.49,0,0.69,100,0,2,0,2,13,100,14,0,0,100,0,0,0,12,0,731,10,23,1,49,10,10
"agent ForwardAgent #115",ForwardAgent,0.05,0,0.69,100,0,0,0,0,0,100,0,0,0,100,0,0,0,3,0,141,2,6,2,5,10,10
"agent ForwardAgent #116",ForwardAgent,0.12,0,0.69,100,0,1,0,1,0,100,6,0,0,100,0,0,0,4,0,253,2,9,3,12,10,10
"agent ForwardAgent #117",ForwardAgent,0.08,0,0.69,100,0,0,0,0,4,100,0,0,0,100,0,0,0,4,0,348,0,9,0,8,10,10
"agent ForwardAgent #118",ForwardAgent,0.49,0,0.69,100,0,2,0,2,13,100,14,0,0,100,0,0,0,12,0,681,10,23,1,49,10,10
"agent ForwardAgent #119",ForwardAgent,0.79,0,0.69,100,0,4,0,4,16,100,21,0,0,100,0,0,0,24,0,1404,18,23,2,79,10,10
"agent ForwardAgent #120",ForwardAgent,0.32,0,0.69,100,0,1,0,1,8,100,8,0,0,100,0,0,0,6,0,783,10,19,3,32,10,10
"agent ForwardAgent #121",ForwardAgent,0.08,0,0.69,100,0,0,0,0,4,100,0,0,0,100,0,0,0,4,0,340,0,9,0,8,10,10
"agent ForwardAgent #122",ForwardAgent,0.09,0,0.69,100,0,0,0,0,5,100,2,0,0,100,0,0,0,0,0,296,2,10,1,9,10,10
"agent ForwardAgent #123",ForwardAgent,0.45,0,0.69,100,0,2,0,2,8,100,12,0,0,100,0,0,0,15,0,651,10,23,2,45,10,10
"agent ForwardAgent #124",ForwardAgent,1.52,0,0.69,100,0,7,0,7,32,100,44,0,0,100,0,0,0,42,0,1016,34,23,3,152,10,10
"agent ForwardAgent #125",ForwardAgent,0.08,0,0.69,100,0,0,0,0,4,100,0,0,0,100,0,0,0,4,0,332,0,9,0,8,10,10
"agent ForwardAgent #126",ForwardAgent,0.35,0,0.69,100,0,2,0,2,8,100,12,0,0,100,0,0,0,10,0,606,5,23,1,35,10,10
"agent ForwardAgent #127",ForwardAgent,1.65,0,0.69,100,0,8,0,8,32,100,48,0,0,100,0,0,0,51,0,714,34,23,2,165,10,10
"agent ForwardAgent #128",ForwardAgent,0.04,0,0.69,100,0,0,0,0,0,100,2,0,0,100,0,0,0,0,0,94,2,5,3,4,10,10
"agent ForwardAgent #129",ForwardAgent,0.08,0,0.69,100,0,0,0,0,4,100,0,0,0,100,0,0,0,4,0,324,0,9,0,8,10,10
"agent ForwardAgent #130",ForwardAgent,0.09,0,0.69,100,0,0,0,0,5,100,2,0,0,100,0,0,0,0,0,281,2,10,1,9,10,10
"agent ForwardAgent #131",ForwardAgent,0.47,0,0.69,100,0,3,0,3,8,100,13,0,0,100,0,0,0,16,0,1101,10,23,2,47,10,10
"agent ForwardAgent #132",ForwardAgent,0.04,0,0.69,100,0,0,0,0,0,100,2,0,0,100,0,0,0,0,0,90,2,5,3,4,10,10
"agent ForwardAgent #133",ForwardAgent,0.08,0,0.69,100,0,0,0,0,4,100,0,0,0,100,0,0,0,4,0,316,0,9,0,8,10,10
"agent ForwardAgent #134",ForwardAgent,1.07,0,0.69,100,0,5,0,5,24,100,32,0,0,100,0,0,0,30,0,700,21,23,1,107,10,10
"agent ForwardAgent #135",ForwardAgent,1.27,0,0.69,100,0,7,0,7,24,100,37,0,0,100,0,0,0,40,0,1149,26,23,2,127,10,10
"agent ForwardAgent #136",ForwardAgent,0.4,0,0.69,100,0,2,0,2,8,100,12,0,0,100,0,0,0,10,0,831,10,23,3,40,10,10
"agent ForwardAgent #137",ForwardAgent,0.08,0,0.69,100,0,0,0,0,4,100,0,0,0,100,0,0,0,4,0,308,0,9,0,8,10,10
"agent ForwardAgent #138",ForwardAgent,0.09,0,0.69,100,0,0,0,0,5,100,2,0,0,100,0,0,0,0,0,266,2,10,1,9,10,10
"agent ForwardAgent #139",ForwardAgent,0.39,0,0.69,100,0,2,0,2,8,100,9,0,0,100,0,0,0,12,0,982,10,23,2,39,10,10
"agent ForwardAgent #140",ForwardAgent,0.04,0,0.69,100,0,0,0,0,0,100,2,0,0,100,0,0,0,0,0,85,2,5,3,4,10,10
"agent ForwardAgent #141",ForwardAgent,0.08,0,0.69,100,0,0,0,0,4,100,0,0,0,100,0,0,0,4,0,300,0,9,0,8,10,10
"agent ForwardAgent #142",ForwardAgent,0.49,0,0.69,100,0,2,0,2,13,100,14,0,0,100,0,0,0,12,0,561,10,23,1,49,10,10
"agent ForwardAgent #143",ForwardAgent,0.05,0,0.69,100,0,0,0,0,0,100,0,0,0,100,0,0,0,3,0,117,2,6,2,5,10,10
"agent ForwardAgent #144",ForwardAgent,0.4,0,0.69,100,0,2,0,2,8,100,12,0,0,100,0,0,0,10,0,784,10,23,3,40,10,10
"agent ForwardAgent #145",ForwardAgent,0.08,0,0.69,100,0,0,0,0,4,100,0,0,0,100,0,0,0,4,0,292,0,9,0,8,10,10
"agent ForwardAgent #146",ForwardAgent,0.35,0,0.69,100,0,2,0,2,8,100,12,0,0,100,0,0,0,10,0,520,5,23,1,35,10,10
"agent ForwardAgent #147",ForwardAgent,0.39,0,0.69,100,0,2,0,2,8,100,9,0,0,100,0,0,0,12,0,931,10,23,2,39,10,10
"agent ForwardAgent #148",ForwardAgent,0.72,0,0.69,100,0,3,0,3,16,100,20,0,0,100,0,0,0,18,0,823,18,23,3,72,10,10
"agent ForwardAgent #149",ForwardAgent,0.08,0,0.69,100,0,0,0,0,4,100,0,0,0,100,0,0,0,4,0,284,0,9,0,8,10,10
"agent ForwardAgent #150",ForwardAgent,0.27,0,0.69,100,0,1,0,1,8,100,8,0,0,100,0,0,0,6,0,467,5,19,1,27,10,10
"agent ForwardAgent #151",ForwardAgent,0.07,0,0.69,100,0,1,0,1,0,100,1,0,0,100,0,0,0,4,0,230,2,7,2,7,10,10
"agent ForwardAgent #152",ForwardAgent,0.12,0,0.69,100,0,1,0,1,0,100,6,0,0,100,0,0,0,4,0,216,2,9,3,12,10,10
"agent ForwardAgent #153",ForwardAgent,0.08,0,0.69,100,0,0,0,0,4,100,0,0,0,100,0,0,0,4,0,276,0,9,0,8,10,10
"agent ForwardAgent #154",ForwardAgent,0.27,0,0.69,100,0,1,0,1,8,100,8,0,0,100,0,0,0,6,0,440,5,19,1,27,10,10
"agent ForwardAgent #155",ForwardAgent,0.37,0,0.69,100,0,1,0,1,8,100,8,0,0,100,0,0,0,11,0,482,10,22,2,37,10,10
"agent ForwardAgent #156",ForwardAgent,0.32,0,0.69,100,0,1,0,1,8,100,8,0,0,100,0,0,0,6,0,606,10,19,3,32,10,10
"agent ForwardAgent #157",ForwardAgent,0.08,0,0.69,100,0,0,0,0,4,100,0,0,0,100,0,0,0,4,0,268,0,9,0,8,10,10
"agent ForwardAgent #158",ForwardAgent,0.27,0,0.69,100,0,1,0,1,8,100,8,0,0,100,0,0,0,6,0,410,5,19,1,27,10,10
"agent ForwardAgent #159",ForwardAgent,0.07,0,0.69,100,0,1,0,1,0,100,1,0,0,100,0,0,0,4,0,217,2,7,2,7,10,10
"agent ForwardAgent #160",ForwardAgent,0.8,0,0.69,100,0,4,0,4,16,100,24,0,0,100,0,0,0,22,0,716,18,23,3,80,10,10
"agent ForwardAgent #161",ForwardAgent,0.08,0,0.69,100,0,0,0,0,4,100,0,0,0,100,0,0,0,4,0,260,0,9,0,8,10,10
"agent ForwardAgent #162",ForwardAgent,0.67,0,0.69,100,0,3,0,3,16,100,20,0,0,100,0,0,0,18,0,471,13,23,1,67,10,10
"agent ForwardAgent #163",ForwardAgent,0.37,0,0.69,100,0,1,0,1,8,100,8,0,0,100,0,0,0,11,0,436,10,22,2,37,10,10
"agent ForwardAgent #164",ForwardAgent,0.12,0,0.69,100,0,1,0,1,0,100,6,0,0,100,0,0,0,4,0,199,2,9,3,12,10,10
"agent ForwardAgent #165",ForwardAgent,0.08,0,0.69,100,0,0,0,0,4,100,0,0,0,100,0,0,0,4,0,252,0,9,0,8,10,10
"agent ForwardAgent #166",ForwardAgent,0.49,0,0.69,100,0,2,0,2,13,100,14,0,0,100,0,0,0,12,0,467,10,23,1,49,10,10
"agent ForwardAgent #167",ForwardAgent,0.07,0,0.69,100,0,1,0,1,0,100,1,0,0,100,0,0,0,4,0,204,2,7,2,7,10,10
"agent ForwardAgent #168",ForwardAgent,0.44,0,0.69,100,0,2,0,2,8,100,14,0,0,100,0,0,0,12,0,375,10,23,3,44,10,10
"agent ForwardAgent #169",ForwardAgent,0.08,0,0.69,100,0,0,0,0,4,100,0,0,0,100,0,0,0,4,0,244,0,9,0,8,10,10
"agent ForwardAgent #170",ForwardAgent,0.09,0,0.69,100,0,0,0,0,5,100,2,0,0,100,0,0,0,0,0,218,2,10,1,9,10,10
"agent ForwardAgent #171",ForwardAgent,0.39,0,0.69,100,0,2,0,2,8,100,9,0,0,100,0,0,0,12,0,777,10,23,2,39,10,10
"agent ForwardAgent #172",ForwardAgent,0.32,0,0.69,100,0,1,0,1,8,100,8,0,0,100,0,0,0,6,0,532,10,19,3,32,10,10
"agent ForwardAgent #173",ForwardAgent,0.08,0,0.69,100,0,0,0,0,4,100,0,0,0,100,0,0,0,4,0,236,0,9,0,8,10,10
"agent ForwardAgent #174",ForwardAgent,0.09,0,0.69,100,0,0,0,0,5,100,2,0,0,100,0,0,0,0,0,206,2,10,1,9,10,10
"agent ForwardAgent #175",ForwardAgent,0.77,0,0.69,100,0,3,0,3,16,100,20,0,0,100,0,0,0,23,0,457,18,23,2,77,10,10
"agent ForwardAgent #176",ForwardAgent,0.44,0,0.69,100,0,2,0,2,8,100,14,0,0,100,0,0,0,12,0,324,10,23,3,44,10,10
"agent ForwardAgent #177",ForwardAgent,0.08,0,0.69,100,0,0,0,0,4,100,0,0,0,100,0,0,0,4,0,228,0,9,0,8,10,10
"agent ForwardAgent #178",ForwardAgent,0.27,0,0.69,100,0,1,0,1,8,100,8,0,0,100,0,0,0,6,0,342,5,19,1,27,10,10
"agent ForwardAgent #179",ForwardAgent,0.37,0,0.69,100,0,1,0,1,8,100,8,0,0,100,0,0,0,11,0,343,10,22,2,37,10,10
"agent ForwardAgent #180",ForwardAgent,0.04,0,0.69,100,0,0,0,0,0,100,2,0,0,100,0,0,0,0,0,64,2,5,3,4,10,10
"agent ForwardAgent #181",ForwardAgent,0.08,0,0.69,100,0,0,0,0,4,100,0,0,0,100,0,0,0,4,0,220,0,9,0,8,10,10
"agent ForwardAgent #182",ForwardAgent,0.27,0,0.69,100,0,1,0,1,8,100,8,0,0,100,0,0,0,6,0,313,5,19,1,27,10,10
"agent ForwardAgent #183",ForwardAgent,0.07,0,0.69,100,0,1,0,1,0,100,1,0,0,100,0,0,0,4,0,179,2,7,2,7,10,10
"agent ForwardAgent #184",ForwardAgent,0.4,0,0.69,100,0,2,0,2,8,100,12,0,0,100,0,0,0,10,0,571,10,23,3,40,10,10
"agent ForwardAgent #185",ForwardAgent,0.08,0,0.69,100,0,0,0,0,4,100,0,0,0,100,0,0,0,4,0,212,0,9,0,8,10,10
"agent ForwardAgent #186",ForwardAgent,0.49,0,0.69,100,0,2,0,2,13,100,14,0,0,100,0,0,0,12,0,370,10,23,1,49,10,10
"agent ForwardAgent #187",ForwardAgent,0.39,0,0.69,100,0,2,0,2,8,100,9,0,0,100,0,0,0,12,0,644,10,23,2,39,10,10
"agent ForwardAgent #188",ForwardAgent,0.44,0,0.69,100,0,2,0,2,8,100,14,0,0,100,0,0,0,12,0,265,10,23,3,44,10,10
"agent ForwardAgent #189",ForwardAgent,0.08,0,0.69,100,0,0,0,0,4,100,0,0,0,100,0,0,0,4,0,204,0,9,0,8,10,10
"agent ForwardAgent #190",ForwardAgent,0.27,0,0.69,100,0,1,0,1,8,100,8,0,0,100,0,0,0,6,0,279,5,19,1,27,10,10
"agent ForwardAgent #191",ForwardAgent,0.47,0,0.69,100,0,3,0,3,8,100,13,0,0,100,0,0,0,16,0,611,10,23,2,47,10,10
"agent ForwardAgent #192",ForwardAgent,0.32,0,0.69,100,0,1,0,1,8,100,8,0,0,100,0,0,0,6,0,452,10,19,3,32,10,10
"agent ForwardAgent #193",ForwardAgent,0.08,0,0.69,100,0,0,0,0,4,100,0,0,0,100,0,0,0,4,0,196,0,9,0,8,10,10
"agent ForwardAgent #194",ForwardAgent,0.17,0,0.69,100,0,1,0,1,5,100,6,0,0,100,0,0,0,4,0,218,2,14,1,17,10,10
"agent ForwardAgent #195",ForwardAgent,0.85,0,0.69,100,0,4,0,4,16,100,24,0,0,100,0,0,0,27,0,312,18,23,2,85,10,10
"agent ForwardAgent #196",ForwardAgent,0.12,0,0.69,100,0,1,0,1,0,100,6,0,0,100,0,0,0,4,0,137,2,9,3,12,10,10
"agent ForwardAgent #197",ForwardAgent,0.08,0,0.69,100,0,0,0,0,4,100,0,0,0,100,0,0,0,4,0,188,0,9,0,8,10,10
"agent ForwardAgent #198",ForwardAgent,0.17,0,0.69,100,0,1,0,1,5,100,6,0,0,100,0,0,0,4,0,198,2,14,1,17,10,10
"agent ForwardAgent #199",ForwardAgent,0.05,0,0.69,100,0,0,0,0,0,100,0,0,0,100,0,0,0,3,0,76,2,6,2,5,10,10
"agent ForwardAgent #200",ForwardAgent,0.72,0,0.69,100,0,3,0,3,16,100,20,0,0,100,0,0,0,18,0,495,18,23,3,72,10,10
"agent NegotiatingAgent #201",NegotiatingAgent,0.08,0,0.69,100,8,0,0,0,4,100,0,16,17,100,0,0,0,4,0,78,0,9,0,8,10,10
"agent NegotiatingAgent #202",NegotiatingAgent,0.35,10,0.69,100,35,2,0,2,8,100,12,70,71,100,0,0,0,10,0,171,5,23,1,35,10,10
"agent NegotiatingAgent #203",NegotiatingAgent,0.07,1,0.69,100,2,1,0,1,0,100,1,4,6,100,0,0,0,4,0,148,2,7,2,7,10,10
"agent NegotiatingAgent #204",NegotiatingAgent,0.12,0,0.69,100,11,1,0,1,0,100,6,23,22,100,0,0,0,4,0,65,2,9,3,12,10,10
"agent NegotiatingAgent #205",NegotiatingAgent,0.08,0,0.69,100,1,0,0,0,4,100,0,5,7,100,0,1,0,4,0,163,0,9,0,8,10,10
"agent NegotiatingAgent #206",NegotiatingAgent,0.27,0,0.69,100,22,1,0,1,8,100,8,51,51,100,0,1,0,6,0,193,5,19,1,27,10,10
"agent NegotiatingAgent #207",NegotiatingAgent,0.05,0,0.69,100,1,0,0,0,0,100,0,3,4,100,0,0,0,3,0,69,2,6,2,5,10,10
"agent NegotiatingAgent #208",NegotiatingAgent,0.12,0,0.69,100,2,1,0,1,0,100,6,11,12,100,0,1,0,4,0,110,2,9,3,12,10,10
"agent NegotiatingAgent #209",NegotiatingAgent,0.08,0,0.69,100,3,0,0,0,4,100,0,7,8,100,0,0,0,4,0,155,0,9,0,8,10,10
"agent NegotiatingAgent #210",NegotiatingAgent,0.17,0,0.69,100,18,1,0,1,5,100,6,36,31,100,0,0,0,4,0,81,2,14,1,17,10,10
"agent NegotiatingAgent #211",NegotiatingAgent,0.07,2,0.69,100,2,1,0,1,0,100,1,5,6,100,0,0,0,4,0,133,2,7,2,7,10,10
"agent NegotiatingAgent #212",NegotiatingAgent,0.4,0,0.69,100,32,2,0,2,8,100,12,67,63,100,0,0,0,10,0,230,10,23,3,40,10,10
"agent NegotiatingAgent #213",NegotiatingAgent,0.08,0,0.69,100,6,0,0,0,4,100,0,14,13,100,0,0,0,4,0,69,0,9,0,8,10,10
"agent NegotiatingAgent #214",NegotiatingAgent,0.35,0,0.69,100,19,2,0,2,8,100,12,51,51,100,0,0,0,10,0,203,5,23,1,35,10,10
"agent NegotiatingAgent #215",NegotiatingAgent,0.39,8,0.69,100,20,2,0,2,8,100,9,56,53,100,0,0,0,12,0,151,10,23,2,39,10,10
"agent NegotiatingAgent #216",NegotiatingAgent,0.4,73,0.69,100,31,2,0,2,8,100,12,71,65,100,0,0,0,10,0,144,10,23,3,40,10,10
"agent NegotiatingAgent #217",NegotiatingAgent,0.08,0,0.69,100,0,0,0,0,4,100,0,7,7,100,0,0,0,4,0,156,0,9,0,8,10,10
"agent NegotiatingAgent #218",NegotiatingAgent,0.35,4,0.69,100,23,2,0,2,8,100,12,58,47,100,0,3,0,10,0,238,5,23,1,35,10,10
"agent NegotiatingAgent #219",NegotiatingAgent,0.07,0,0.69,100,0,1,0,1,0,100,1,6,6,100,0,0,0,4,0,122,2,7,2,7,10,10
"agent NegotiatingAgent #220",NegotiatingAgent,0.04,0,0.69,100,0,0,0,0,0,100,2,2,2,100,0,0,0,0,0,43,2,5,3,4,10,10
"agent NegotiatingAgent #221",NegotiatingAgent,0.08,0,0.69,100,0,0,0,0,4,100,0,7,7,100,0,0,0,4,0,148,0,9,0,8,10,10
"agent NegotiatingAgent #222",NegotiatingAgent,0.09,0,0.69,100,4,0,0,0,5,100,2,12,12,100,0,1,0,0,0,109,2,10,1,9,10,10
"agent NegotiatingAgent #223",NegotiatingAgent,0.37,24,0.69,100,19,1,0,1,8,100,8,58,47,100,0,0,0,11,0,92,10,22,2,37,10,10
"agent NegotiatingAgent #224",NegotiatingAgent,0.32,26,0.69,100,21,1,0,1,8,100,8,56,50,100,0,2,0,6,0,112,10,19,3,32,10,10
"agent NegotiatingAgent #225",NegotiatingAgent,0.08,0,0.69,100,0,0,0,0,4,100,0,7,7,100,0,0,0,4,0,140,0,9,0,8,10,10
"agent NegotiatingAgent #226",NegotiatingAgent,0.27,0,0.69,100,10,1,0,1,8,100,8,36,34,100,0,2,0,6,0,231,5,19,1,27,10,10
"agent NegotiatingAgent #227",NegotiatingAgent,0.39,0,0.69,100,0,2,0,2,8,100,9,38,34,100,0,4,0,12,0,405,10,23,2,39,10,10
"agent NegotiatingAgent #228",NegotiatingAgent,0.32,0,0.69,100,0,1,0,1,8,100,8,30,27,100,0,3,0,6,0,306,10,19,3,32,10,10
"agent NegotiatingAgent #229",NegotiatingAgent,0.08,0,0.69,100,0,0,0,0,4,100,0,7,7,100,0,0,0,4,0,132,0,9,0,8,10,10
"agent NegotiatingAgent #230",NegotiatingAgent,0.27,0,0.69,100,8,1,0,1,8,100,8,34,30,100,0,3,0,6,0,136,5,19,1,27,10,10
"agent NegotiatingAgent #231",NegotiatingAgent,0.05,0,0.69,100,0,0,0,0,0,100,0,4,3,100,0,1,0,3,0,53,2,6,2,5,10,10
"agent NegotiatingAgent #232",NegotiatingAgent,0.04,0,0.69,100,0,0,0,0,0,100,2,2,2,100,0,0,0,0,0,37,2,5,3,4,10,10
"agent NegotiatingAgent #233",NegotiatingAgent,0.08,0,0.69,100,0,0,0,0,4,100,0,7,7,100,0,0,0,4,0,124,0,9,0,8,10,10
"agent NegotiatingAgent #234",NegotiatingAgent,0.17,0,0.69,100,0,1,0,1,5,100,6,15,13,100,0,2,0,4,0,136,2,14,1,17,10,10
"agent NegotiatingAgent #235",NegotiatingAgent,0.07,0,0.69,100,0,1,0,1,0,100,1,6,6,100,0,0,0,4,0,99,2,7,2,7,10,10
"agent NegotiatingAgent #236",NegotiatingAgent,0.32,0,0.69,100,19,1,0,1,8,100,8,48,37,100,0,0,0,6,0,132,10,19,3,32,10,10
"agent NegotiatingAgent #237",NegotiatingAgent,0.08,0,0.69,100,0,0,0,0,4,100,0,7,6,100,0,1,0,4,0,116,0,9,0,8,10,10
"agent NegotiatingAgent #238",NegotiatingAgent,0.09,0,0.69,100,0,0,0,0,5,100,2,8,7,100,0,1,0,0,0,109,2,10,1,9,10,10
"agent NegotiatingAgent #239",NegotiatingAgent,0.39,0,0.69,100,0,2,0,2,8,100,9,38,35,100,0,3,0,12,0,327,10,23,2,39,10,10
"agent NegotiatingAgent #240",NegotiatingAgent,0.4,0,0.69,100,0,2,0,2,8,100,12,39,35,100,0,4,0,10,0,305,10,23,3,40,10,10
"agent NegotiatingAgent #241",NegotiatingAgent,0.08,0,0.69,100,0,0,0,0,4,100,0,7,7,100,0,0,0,4,0,108,0,9,0,8,10,10
"agent NegotiatingAgent #242",NegotiatingAgent,0.09,0,0.69,100,0,0,0,0,5,100,2,8,8,100,0,0,0,0,0,97,2,10,1,9,10,10
"agent NegotiatingAgent #243",NegotiatingAgent,0.37,37,0.69,100,16,1,0,1,8,100,8,51,42,100,0,2,0,11,0,81,10,22,2,37,10,10
"agent NegotiatingAgent #244",NegotiatingAgent,0.4,0,0.69,100,0,2,0,2,8,100,12,39,36,100,0,3,0,10,0,262,10,23,3,40,10,10
"agent NegotiatingAgent #245",NegotiatingAgent,0.08,0,0.69,100,0,0,0,0,4,100,0,7,6,100,0,1,0,4,0,100,0,9,0,8,10,10
"agent NegotiatingAgent #246",NegotiatingAgent,0.17,0,0.69,100,0,1,0,1,5,100,6,15,14,100,0,1,0,4,0,94,2,14,1,17,10,10
"agent NegotiatingAgent #247",NegotiatingAgent,0.05,0,0.69,100,0,0,0,0,0,100,0,4,3,100,0,1,0,3,0,40,2,6,2,5,10,10
"agent NegotiatingAgent #248",NegotiatingAgent,0.4,0,0.69,100,0,2,0,2,8,100,12,39,36,100,0,3,0,10,0,221,10,23,3,40,10,10
"agent NegotiatingAgent #249",NegotiatingAgent,0.08,0,0.69,100,0,0,0,0,4,100,0,7,7,100,0,0,0,4,0,92,0,9,0,8,10,10
"agent NegotiatingAgent #250",NegotiatingAgent,0.17,0,0.69,100,0,1,0,1,5,100,6,15,15,100,0,0,0,4,0,76,2,14,1,17,10,10
"agent NegotiatingAgent #251",NegotiatingAgent,0.05,0,0.69,100,1,0,0,0,0,100,0,3,4,100,0,0,0,3,0,35,2,6,2,5,10,10
"agent NegotiatingAgent #252",NegotiatingAgent,0.12,0,0.69,100,0,1,0,1,0,100,6,10,10,100,0,0,0,4,0,66,2,9,3,12,10,10
"agent NegotiatingAgent #253",NegotiatingAgent,0.08,0,0.69,100,0,0,0,0,4,100,0,7,6,100,0,1,0,4,0,84,0,9,0,8,10,10
"agent NegotiatingAgent #254",NegotiatingAgent,0.35,27,0.69,100,3,2,0,2,8,100,12,32,28,100,0,4,0,10,0,170,5,23,1,35,10,10
"agent NegotiatingAgent #255",NegotiatingAgent,0.05,0,0.69,100,0,0,0,0,0,100,0,3,4,100,0,0,0,3,0,29,2,6,2,5,10,10
"agent NegotiatingAgent #256",NegotiatingAgent,0.04,0,0.69,100,0,0,0,0,0,100,2,2,2,100,0,0,0,0,0,26,2,5,3,4,10,10
"agent NegotiatingAgent #257",NegotiatingAgent,0.08,0,0.69,100,0,0,0,0,4,100,0,7,6,100,0,1,0,4,0,76,0,9,0,8,10,10
"agent NegotiatingAgent #258",NegotiatingAgent,0.35,0,0.69,100,13,2,0,2,8,100,12,48,45,100,0,0,0,10,0,76,5,23,1,35,10,10
"agent NegotiatingAgent #259",NegotiatingAgent,0.39,0,0.69,100,0,2,0,2,8,100,9,38,37,100,0,1,0,12,0,221,10,23,2,39,10,10
"agent NegotiatingAgent #260",NegotiatingAgent,0.32,0,0.69,100,0,1,0,1,8,100,8,30,28,100,0,2,0,6,0,146,10,19,3,32,10,10
"agent NegotiatingAgent #261",NegotiatingAgent,0.08,0,0.69,100,0,0,0,0,4,100,0,7,7,100,0,0,0,4,0,68,0,9,0,8,10,10
"agent NegotiatingAgent #262",NegotiatingAgent,0.35,0,0.69,100,0,2,0,2,8,100,12,38,32,100,4,5,0,10,0,128,5,23,1,35,10,10
"agent NegotiatingAgent #263",NegotiatingAgent,0.07,0,0.69,100,0,1,0,1,0,100,1,6,6,100,0,0,0,4,0,59,2,7,2,7,10,10
"agent NegotiatingAgent #264",NegotiatingAgent,0.32,0,0.69,100,0,1,0,1,8,100,8,30,27,100,0,3,0,6,0,113,10,19,3,32,10,10
"agent NegotiatingAgent #265",NegotiatingAgent,0.08,0,0.69,100,0,0,0,0,4,100,0,7,7,100,0,0,0,4,0,60,0,9,0,8,10,10
"agent NegotiatingAgent #266",NegotiatingAgent,0.27,0,0.69,100,0,1,0,1,8,100,8,25,20,100,0,5,0,6,0,97,5,19,1,27,10,10
"agent NegotiatingAgent #267",NegotiatingAgent,0.39,0,0.69,100,0,2,0,2,8,100,9,38,38,100,0,0,0,12,0,166,10,23,2,39,10,10
"agent NegotiatingAgent #268",NegotiatingAgent,0.12,0,0.69,100,0,1,0,1,0,100,6,10,10,100,0,0,0,4,0,45,2,9,3,12,10,10
"agent NegotiatingAgent #269",NegotiatingAgent,0.08,0,0.69,100,0,0,0,0,4,100,0,7,7,100,0,0,0,4,0,52,0,9,0,8,10,10
"agent NegotiatingAgent #270",NegotiatingAgent,0.27,0,0.69,100,0,1,0,1,8,100,8,25,21,100,0,4,0,6,0,68,5,19,1,27,10,10
"agent NegotiatingAgent #271",NegotiatingAgent,0.07,0,0.69,100,0,1,0,1,0,100,1,6,6,100,0,0,0,4,0,45,2,7,2,7,10,10
"agent NegotiatingAgent #272",NegotiatingAgent,0.12,0,0.69,100,0,1,0,1,0,100,6,10,10,100,0,0,0,4,0,32,2,9,3,12,10,10
"agent NegotiatingAgent #273",NegotiatingAgent,0.08,0,0.69,100,0,0,0,0,4,100,0,7,7,100,0,0,0,4,0,44,0,9,0,8,10,10
"agent NegotiatingAgent #274",NegotiatingAgent,0.09,0,0.69,100,0,0,0,0,5,100,2,8,8,100,0,0,0,0,0,53,2,10,1,9,10,10
"agent NegotiatingAgent #275",NegotiatingAgent,0.07,0,0.69,100,0,1,0,1,0,100,1,6,5,100,0,1,0,4,0,37,2,7,2,7,10,10
"agent NegotiatingAgent #276",NegotiatingAgent,0.4,0,0.69,100,0,2,0,2,8,100,12,39,37,100,0,2,0,10,0,88,10,23,3,40,10,10
"agent NegotiatingAgent #277",NegotiatingAgent,0.08,0,0.69,100,3,0,0,0,4,100,0,9,8,100,0,0,0,4,0,16,0,9,0,8,10,10
"agent NegotiatingAgent #278",NegotiatingAgent,0.09,0,0.69,100,0,0,0,0,5,100,2,8,8,100,0,0,0,0,0,41,2,10,1,9,10,10
"agent NegotiatingAgent #279",NegotiatingAgent,0.39,0,0.69,100,0,2,0,2,8,100,9,38,36,100,0,2,0,12,0,106,10,23,2,39,10,10
"agent NegotiatingAgent #280",NegotiatingAgent,0.32,0,0.69,100,0,1,0,1,8,100,8,30,28,100,0,2,0,6,0,42,10,19,3,32,10,10
"agent NegotiatingAgent #281",NegotiatingAgent,0.08,0,0.69,100,0,0,0,0,4,100,0,7,7,100,0,0,0,4,0,32,0,9,0,8,10,10
"agent NegotiatingAgent #282",NegotiatingAgent,0.09,0,0.69,100,0,0,0,0,5,100,2,8,7,100,0,1,0,0,0,29,2,10,1,9,10,10
"agent NegotiatingAgent #283",NegotiatingAgent,0.39,0,0.69,100,0,2,0,2,8,100,9,38,36,100,0,2,0,12,0,64,10,23,2,39,10,10
"agent NegotiatingAgent #284",NegotiatingAgent,0.04,0,0.69,100,0,0,0,0,0,100,2,2,2,100,0,0,0,0,0,12,2,5,3,4,10,10
"agent NegotiatingAgent #285",NegotiatingAgent,0.08,0,0.69,100,0,0,0,0,4,100,0,7,6,100,0,1,0,4,0,24,0,9,0,8,10,10
"agent NegotiatingAgent #286",NegotiatingAgent,0.09,0,0.69,100,0,0,0,0,5,100,2,8,8,100,0,0,0,0,0,18,2,10,1,9,10,10
"agent NegotiatingAgent #287",NegotiatingAgent,0.37,0,0.69,100,0,1,0,1,8,100,8,34,30,100,0,4,0,11,0,16,10,22,2,37,10,10
"agent NegotiatingAgent #288",NegotiatingAgent,0.04,0,0.69,100,0,0,0,0,0,100,2,2,2,100,0,0,0,0,0,8,2,5,3,4,10,10
"agent NegotiatingAgent #289",NegotiatingAgent,0.08,0,0.69,100,0,0,0,0,4,100,0,7,7,100,0,0,0,4,0,16,0,9,0,8,10,10
"agent NegotiatingAgent #290",NegotiatingAgent,0.27,0,0.69,100,0,1,0,1,8,100,8,25,20,100,0,5,0,6,0,29,5,19,1,27,10,10
"agent NegotiatingAgent #291",NegotiatingAgent,0.07,0,0.69,100,0,1,0,1,0,100,1,6,6,100,0,0,0,4,0,13,2,7,2,7,10,10
"agent NegotiatingAgent #292",NegotiatingAgent,0.12,0,0.69,100,0,1,0,1,0,100,6,10,10,100,0,0,0,4,0,6,2,9,3,12,10,10
"agent NegotiatingAgent #293",NegotiatingAgent,0.08,0,0.69,100,0,0,0,0,4,100,0,7,7,100,0,0,0,4,0,8,0,9,0,8,10,10
"agent NegotiatingAgent #294",NegotiatingAgent,0.27,0,0.69,100,0,1,0,1,8,100,8,25,19,100,0,6,0,6,0,2,5,19,1,27,10,10
"agent NegotiatingAgent #295",NegotiatingAgent,0.05,0,0.69,100,0,0,0,0,0,100,0,4,4,100,0,0,0,3,0,3,2,6,2,5,10,10
"agent NegotiatingAgent #296",NegotiatingAgent,0.4,0,0.69,100,0,2,0,2,8,100,12,39,37,100,0,2,0,10,0,2,10,23,3,40,10,10
"agent NegotiatingAgent #297",NegotiatingAgent,0.08,0,0.69,100,0,0,0,0,4,100,0,7,7,100,0,0,0,4,0,0,0,9,0,8,10,10
"agent NegotiatingAgent #298",NegotiatingAgent,0.09,0,0.69,100,0,0,0,0,5,100,2,8,8,100,0,0,0,0,0,2,2,10,1,9,10,10
"agent NegotiatingAgent #299",NegotiatingAgent,0.07,0,0.69,100,0,1,0,1,0,100,1,6,6,100,0,0,0,4,0,0,2,7,2,7,10,10
"agent NegotiatingAgent #300",NegotiatingAgent,0.04,0,0.69,100,0,0,0,0,0,100,2,2,2,100,0,0,0,0,0,0,2,5,3,4,10,10
