agentName,agentType,averageSpeed,cumulatedUtilityReceived,freeWallRatio,numBacktrackAgents,numCFPAnswered,numDeadends,numDifferentEncounters,numDirectionChanges,numDownSteps,numForwardAgents,numLeftSteps,numMessagesReceived,numMessagesSent,numNegotiatingAgents,numProposalsAccepted,numProposalsRejected,numRandomAgents,numRightSteps,numSwarmAgents,numTotalEncounters,numUpSteps,numVisitedCells,startingPosition,stepsToExit,xsize,ysize
"agent BacktrackAgent #1",BacktrackAgent,0.1514,0,0.5199,10,0,27,0,27,412,10,346,0,0,10,0,0,0,394,0,997,362,1365,0,1514,100,100
"agent BacktrackAgent #2",BacktrackAgent,0.1799,0,0.5199,10,0,54,0,54,508,10,440,0,0,10,0,0,0,392,0,75,459,1103,1,1799,100,100
"agent BacktrackAgent #3",BacktrackAgent,0.0807,0,0.5199,10,0,20,0,20,182,10,175,0,0,10,0,0,0,222,0,160,228,662,2,807,100,100
"agent BacktrackAgent #4",BacktrackAgent,0.179,0,0.5199,10,0,48,0,48,464,10,432,0,0,10,0,0,0,384,0,212,510,1113,3,1790,100,100
"agent BacktrackAgent #5",BacktrackAgent,0.3554,0,0.5199,10,0,83,0,83,914,10,864,0,0,10,0,0,0,912,0,657,864,2385,0,3554,100,100
"agent BacktrackAgent #6",BacktrackAgent,0.0545,0,0.5199,10,0,12,0,12,175,10,146,0,0,10,0,0,0,98,0,200,126,476,1,545,100,100
"agent BacktrackAgent #7",BacktrackAgent,0.4453,0,0.5199,10,0,102,0,102,1084,10,1096,0,0,10,0,0,0,1143,0,561,1130,2485,2,4453,100,100
"agent BacktrackAgent #8",BacktrackAgent,0.1938,0,0.5199,10,0,53,0,53,502,10,468,0,0,10,0,0,0,420,0,207,548,1187,3,1938,100,100
"agent BacktrackAgent #9",BacktrackAgent,0.359,0,0.5199,10,0,91,0,91,924,10,872,0,0,10,0,0,0,920,0,254,874,2403,0,3590,100,100
"agent BacktrackAgent #10",BacktrackAgent,0.0777,0,0.5199,10,0,23,0,23,251,10,186,0,0,10,0,0,0,138,0,212,202,592,1,777,100,100
"agent ForwardAgent #11",ForwardAgent,0.0933,0,0.5199,10,0,25,0,25,216,10,204,0,0,10,0,0,0,251,0,232,262,549,2,933,100,100
"agent ForwardAgent #12",ForwardAgent,1.4566,0,0.5199,10,0,402,0,402,3608,10,3676,0,0,10,0,0,0,3628,0,164,3654,1681,3,14566,100,100
"agent ForwardAgent #13",ForwardAgent,2.6406,0,0.5199,10,0,622,0,622,6556,10,6648,0,0,10,0,0,0,6696,0,531,6506,2489,0,26406,100,100
"agent ForwardAgent #14",ForwardAgent,0.1697,0,0.5199,10,0,23,0,23,507,10,390,0,0,10,0,0,0,342,0,37,458,581,1,1697,100,100
"agent ForwardAgent #15",ForwardAgent,0.1973,0,0.5199,10,0,45,0,45,470,10,470,0,0,10,0,0,0,517,0,106,516,647,2,1973,100,100
"agent ForwardAgent #16",ForwardAgent,5.0958,0,0.5199,10,0,1424,0,1424,13412,10,12068,0,0,10,0,0,0,12020,0,35,13458,2275,3,50958,100,100
"agent ForwardAgent #17",ForwardAgent,11.2174,0,0.5199,10,0,2510,0,2510,28056,10,28032,0,0,10,0,0,0,28080,0,204,28006,2507,0,112174,100,100
"agent ForwardAgent #18",ForwardAgent,3.3579,0,0.5199,10,0,1110,0,1110,8626,10,8212,0,0,10,0,0,0,8164,0,5,8577,1763,1,33579,100,100
"agent ForwardAgent #19",ForwardAgent,0.2595,0,0.5199,10,0,45,0,45,668,10,583,0,0,10,0,0,0,630,0,25,714,844,2,2595,100,100
"agent ForwardAgent #20",ForwardAgent,0.6114,0,0.5199,10,0,117,0,117,1690,10,1368,0,0,10,0,0,0,1320,0,23,1736,1131,3,6114,100,100
"agent NegotiatingAgent #21",NegotiatingAgent,0.3246,1984,0.5199,10,35,73,0,73,844,10,780,68,73,10,0,0,0,828,0,284,794,2231,0,3246,100,100
"agent NegotiatingAgent #22",NegotiatingAgent,0.0613,188,0.5199,10,12,14,0,14,197,10,158,19,27,10,0,0,0,110,0,84,148,510,1,613,100,100
"agent NegotiatingAgent #23",NegotiatingAgent,0.4185,0,0.5199,10,0,86,0,86,1022,10,1024,0,1,10,0,0,0,1071,0,19,1068,2351,2,4185,100,100
"agent NegotiatingAgent #24",NegotiatingAgent,0.179,0,0.5199,10,3,44,0,44,452,10,444,5,10,10,1,0,0,396,0,16,498,1113,3,1790,100,100
"agent NegotiatingAgent #25",NegotiatingAgent,0.3334,1264,0.5199,10,18,84,0,84,868,10,800,54,53,10,6,3,0,848,0,293,818,2275,0,3334,100,100
"agent NegotiatingAgent #26",NegotiatingAgent,0.0773,14,0.5199,10,10,21,0,21,245,10,190,32,32,10,2,3,0,142,0,17,196,590,1,773,100,100
"agent NegotiatingAgent #27",NegotiatingAgent,0.0583,0,0.5199,10,0,12,0,12,134,10,111,0,0,10,0,0,0,158,0,0,180,550,2,583,100,100
"agent NegotiatingAgent #28",NegotiatingAgent,0.0522,36,0.5199,10,2,6,0,6,122,10,140,16,13,10,3,3,0,92,0,32,168,479,3,522,100,100
"agent NegotiatingAgent #29",NegotiatingAgent,0.3158,0,0.5199,10,0,65,0,65,830,10,750,90,83,10,36,8,0,798,0,0,780,2187,0,3158,100,100
"agent NegotiatingAgent #30",NegotiatingAgent,0.0509,0,0.5199,10,0,7,0,7,165,10,138,29,19,10,4,10,0,90,0,0,116,458,1,509,100,100
