agentName,agentType,averageSpeed,cumulatedUtilityReceived,freeWallRatio,numBacktrackAgents,numCFPAnswered,numDeadends,numDifferentEncounters,numDirectionChanges,numDownSteps,numForwardAgents,numLeftSteps,numMessagesReceived,numMessagesSent,numNegotiatingAgents,numProposalsAccepted,numProposalsRejected,numRandomAgents,numRightSteps,numSwarmAgents,numTotalEncounters,numUpSteps,numVisitedCells,startingPosition,stepsToExit,xsize,ysize
"agent BacktrackAgent #1",BacktrackAgent,0.12,0,0.69,100,0,0,0,0,4,100,2,0,0,100,0,0,0,6,0,875,0,13,0,12,10,10
"agent BacktrackAgent #2",BacktrackAgent,0.19,0,0.69,100,0,1,0,1,4,100,8,0,0,100,0,0,0,6,0,734,1,13,1,19,10,10
"agent BacktrackAgent #3",BacktrackAgent,0.13,0,0.69,100,0,1,0,1,2,100,2,0,0,100,0,0,0,5,0,401,4,10,2,13,10,10
"agent BacktrackAgent #4",BacktrackAgent,0.04,0,0.69,100,0,0,0,0,0,100,2,0,0,100,0,0,0,0,0,158,2,5,3,4,10,10
"agent BacktrackAgent #5",BacktrackAgent,0.12,0,0.69,100,0,0,0,0,4,100,2,0,0,100,0,0,0,6,0,736,0,13,0,12,10,10
"agent BacktrackAgent #6",BacktrackAgent,0.05,0,0.69,100,0,0,0,0,3,100,2,0,0,100,0,0,0,0,0,186,0,6,1,5,10,10
"agent BacktrackAgent #7",BacktrackAgent,0.13,0,0.69,100,0,1,0,1,2,100,2,0,0,100,0,0,0,5,0,334,4,10,2,13,10,10
"agent BacktrackAgent #8",BacktrackAgent,0.08,0,0.69,100,0,1,0,1,2,100,2,0,0,100,0,0,0,0,0,204,4,7,3,8,10,10
"agent BacktrackAgent #9",BacktrackAgent,0.12,0,0.69,100,0,0,0,0,4,100,2,0,0,100,0,0,0,6,0,600,0,13,0,12,10,10
"agent BacktrackAgent #10",BacktrackAgent,0.05,0,0.69,100,0,0,0,0,3,100,2,0,0,100,0,0,0,0,0,237,0,6,1,5,10,10
"agent BacktrackAgent #11",BacktrackAgent,0.13,0,0.69,100,0,1,0,1,2,100,2,0,0,100,0,0,0,5,0,449,4,10,2,13,10,10
"agent BacktrackAgent #12",BacktrackAgent,0.28,0,0.69,100,0,1,0,1,6,100,8,0,0,100,0,0,0,6,0,732,8,17,3,28,10,10
"agent BacktrackAgent #13",BacktrackAgent,0.12,0,0.69,100,0,0,0,0,4,100,2,0,0,100,0,0,0,6,0,899,0,13,0,12,10,10
"agent BacktrackAgent #14",BacktrackAgent,0.05,0,0.69,100,0,0,0,0,3,100,2,0,0,100,0,0,0,0,0,232,0,6,1,5,10,10
"agent BacktrackAgent #15",BacktrackAgent,0.31,0,0.69,100,0,2,0,2,8,100,5,0,0,100,0,0,0,8,0,960,10,19,2,31,10,10
"agent BacktrackAgent #16",BacktrackAgent,0.04,0,0.69,100,0,0,0,0,0,100,2,0,0,100,0,0,0,0,0,182,2,5,3,4,10,10
"agent BacktrackAgent #17",BacktrackAgent,0.12,0,0.69,100,0,0,0,0,4,100,2,0,0,100,0,0,0,6,0,887,0,13,0,12,10,10
"agent BacktrackAgent #18",BacktrackAgent,0.05,0,0.69,100,0,0,0,0,3,100,2,0,0,100,0,0,0,0,0,227,0,6,1,5,10,10
"agent BacktrackAgent #19",BacktrackAgent,0.23,0,0.69,100,0,1,0,1,6,100,3,0,0,100,0,0,0,6,0,809,8,15,2,23,10,10
"agent BacktrackAgent #20",BacktrackAgent,0.08,0,0.69,100,0,1,0,1,2,100,2,0,0,100,0,0,0,0,0,280,4,7,3,8,10,10
"agent BacktrackAgent #21",BacktrackAgent,0.12,0,0.69,100,0,0,0,0,4,100,2,0,0,100,0,0,0,6,0,864,0,13,0,12,10,10
"agent BacktrackAgent #22",BacktrackAgent,0.05,0,0.69,100,0,0,0,0,3,100,2,0,0,100,0,0,0,0,0,222,0,6,1,5,10,10
"agent BacktrackAgent #23",BacktrackAgent,0.23,0,0.69,100,0,1,0,1,6,100,3,0,0,100,0,0,0,6,0,786,8,15,2,23,10,10
"agent BacktrackAgent #24",BacktrackAgent,0.04,0,0.69,100,0,0,0,0,0,100,2,0,0,100,0,0,0,0,0,177,2,5,3,4,10,10
"agent BacktrackAgent #25",BacktrackAgent,0.12,0,0.69,100,0,0,0,0,4,100,2,0,0,100,0,0,0,6,0,852,0,13,0,12,10,10
"agent BacktrackAgent #26",BacktrackAgent,0.19,0,0.69,100,0,1,0,1,4,100,8,0,0,100,0,0,0,6,0,754,1,13,1,19,10,10
"agent BacktrackAgent #27",BacktrackAgent,0.13,0,0.69,100,0,1,0,1,2,100,2,0,0,100,0,0,0,5,0,429,4,10,2,13,10,10
"agent BacktrackAgent #28",BacktrackAgent,0.32,0,0.69,100,0,2,0,2,8,100,8,0,0,100,0,0,0,6,0,657,10,19,3,32,10,10
"agent BacktrackAgent #29",BacktrackAgent,0.12,0,0.69,100,0,0,0,0,4,100,2,0,0,100,0,0,0,6,0,839,0,13,0,12,10,10
"agent BacktrackAgent #30",BacktrackAgent,0.05,0,0.69,100,0,0,0,0,3,100,2,0,0,100,0,0,0,0,0,216,0,6,1,5,10,10
"agent BacktrackAgent #31",BacktrackAgent,0.05,0,0.69,100,0,0,0,0,0,100,0,0,0,100,0,0,0,3,0,277,2,6,2,5,10,10
"agent BacktrackAgent #32",BacktrackAgent,0.28,0,0.69,100,0,1,0,1,6,100,8,0,0,100,0,0,0,6,0,689,8,17,3,28,10,10
"agent BacktrackAgent #33",BacktrackAgent,0.12,0,0.69,100,0,0,0,0,4,100,2,0,0,100,0,0,0,6,0,825,0,13,0,12,10,10
"agent BacktrackAgent #34",BacktrackAgent,0.19,0,0.69,100,0,1,0,1,4,100,8,0,0,100,0,0,0,6,0,714,1,13,1,19,10,10
"agent BacktrackAgent #35",BacktrackAgent,0.05,0,0.69,100,0,0,0,0,0,100,0,0,0,100,0,0,0,3,0,271,2,6,2,5,10,10
"agent BacktrackAgent #36",BacktrackAgent,0.28,0,0.69,100,0,1,0,1,6,100,8,0,0,100,0,0,0,6,0,660,8,17,3,28,10,10
"agent BacktrackAgent #37",BacktrackAgent,0.12,0,0.69,100,0,0,0,0,4,100,2,0,0,100,0,0,0,6,0,812,0,13,0,12,10,10
"agent BacktrackAgent #38",BacktrackAgent,0.05,0,0.69,100,0,0,0,0,3,100,2,0,0,100,0,0,0,0,0,208,0,6,1,5,10,10
"agent BacktrackAgent #39",BacktrackAgent,0.05,0,0.69,100,0,0,0,0,0,100,0,0,0,100,0,0,0,3,0,264,2,6,2,5,10,10
"agent BacktrackAgent #40",BacktrackAgent,0.08,0,0.69,100,0,1,0,1,2,100,2,0,0,100,0,0,0,0,0,259,4,7,3,8,10,10
"agent BacktrackAgent #41",BacktrackAgent,0.12,0,0.69,100,0,0,0,0,4,100,2,0,0,100,0,0,0,6,0,799,0,13,0,12,10,10
"agent BacktrackAgent #42",BacktrackAgent,0.19,0,0.69,100,0,1,0,1,4,100,8,0,0,100,0,0,0,6,0,692,1,13,1,19,10,10
"agent BacktrackAgent #43",BacktrackAgent,0.05,0,0.69,100,0,0,0,0,0,100,0,0,0,100,0,0,0,3,0,256,2,6,2,5,10,10
"agent BacktrackAgent #44",BacktrackAgent,0.28,0,0.69,100,0,1,0,1,6,100,8,0,0,100,0,0,0,6,0,627,8,17,3,28,10,10
"agent BacktrackAgent #45",BacktrackAgent,0.12,0,0.69,100,0,0,0,0,4,100,2,0,0,100,0,0,0,6,0,786,0,13,0,12,10,10
"agent BacktrackAgent #46",BacktrackAgent,0.19,0,0.69,100,0,1,0,1,4,100,8,0,0,100,0,0,0,6,0,672,1,13,1,19,10,10
"agent BacktrackAgent #47",BacktrackAgent,0.05,0,0.69,100,0,0,0,0,0,100,0,0,0,100,0,0,0,3,0,250,2,6,2,5,10,10
"agent BacktrackAgent #48",BacktrackAgent,0.08,0,0.69,100,0,1,0,1,2,100,2,0,0,100,0,0,0,0,0,250,4,7,3,8,10,10
"agent BacktrackAgent #49",BacktrackAgent,0.12,0,0.69,100,0,0,0,0,4,100,2,0,0,100,0,0,0,6,0,773,0,13,0,12,10,10
"agent BacktrackAgent #50",BacktrackAgent,0.19,0,0.69,100,0,1,0,1,4,100,8,0,0,100,0,0,0,6,0,652,1,13,1,19,10,10
"agent BacktrackAgent #51",BacktrackAgent,0.13,0,0.69,100,0,1,0,1,2,100,2,0,0,100,0,0,0,5,0,376,4,10,2,13,10,10
"agent BacktrackAgent #52",BacktrackAgent,0.28,0,0.69,100,0,1,0,1,6,100,8,0,0,100,0,0,0,6,0,594,8,17,3,28,10,10
"agent BacktrackAgent #53",BacktrackAgent,0.12,0,0.69,100,0,0,0,0,4,100,2,0,0,100,0,0,0,6,0,760,0,13,0,12,10,10
"agent BacktrackAgent #54",BacktrackAgent,0.19,0,0.69,100,0,1,0,1,4,100,8,0,0,100,0,0,0,6,0,632,1,13,1,19,10,10
"agent BacktrackAgent #55",BacktrackAgent,0.31,0,0.69,100,0,2,0,2,8,100,5,0,0,100,0,0,0,8,0,873,10,19,2,31,10,10
"agent BacktrackAgent #56",BacktrackAgent,0.04,0,0.69,100,0,0,0,0,0,100,2,0,0,100,0,0,0,0,0,153,2,5,3,4,10,10
"agent BacktrackAgent #57",BacktrackAgent,0.12,0,0.69,100,0,0,0,0,4,100,2,0,0,100,0,0,0,6,0,747,0,13,0,12,10,10
"agent BacktrackAgent #58",BacktrackAgent,0.05,0,0.69,100,0,0,0,0,3,100,2,0,0,100,0,0,0,0,0,196,0,6,1,5,10,10
"agent BacktrackAgent #59",BacktrackAgent,0.31,0,0.69,100,0,2,0,2,8,100,5,0,0,100,0,0,0,8,0,842,10,19,2,31,10,10
"agent BacktrackAgent #60",BacktrackAgent,0.28,0,0.69,100,0,1,0,1,6,100,8,0,0,100,0,0,0,6,0,561,8,17,3,28,10,10
"agent BacktrackAgent #61",BacktrackAgent,0.12,0,0.69,100,0,0,0,0,4,100,2,0,0,100,0,0,0,6,0,724,0,13,0,12,10,10
"agent BacktrackAgent #62",BacktrackAgent,0.05,0,0.69,100,0,0,0,0,3,100,2,0,0,100,0,0,0,0,0,191,0,6,1,5,10,10
"agent BacktrackAgent #63",BacktrackAgent,0.23,0,0.69,100,0,1,0,1,6,100,3,0,0,100,0,0,0,6,0,706,8,15,2,23,10,10
"agent BacktrackAgent #64",BacktrackAgent,0.28,0,0.69,100,0,1,0,1,6,100,8,0,0,100,0,0,0,6,0,532,8,17,3,28,10,10
"agent BacktrackAgent #65",BacktrackAgent,0.12,0,0.69,100,0,0,0,0,4,100,2,0,0,100,0,0,0,6,0,712,0,13,0,12,10,10
"agent BacktrackAgent #66",BacktrackAgent,0.19,0,0.69,100,0,1,0,1,4,100,8,0,0,100,0,0,0,6,0,606,1,13,1,19,10,10
"agent BacktrackAgent #67",BacktrackAgent,0.23,0,0.69,100,0,1,0,1,6,100,3,0,0,100,0,0,0,6,0,682,8,15,2,23,10,10
"agent BacktrackAgent #68",BacktrackAgent,0.04,0,0.69,100,0,0,0,0,0,100,2,0,0,100,0,0,0,0,0,143,2,5,3,4,10,10
"agent BacktrackAgent #69",BacktrackAgent,0.12,0,0.69,100,0,0,0,0,4,100,2,0,0,100,0,0,0,6,0,699,0,13,0,12,10,10
"agent BacktrackAgent #70",BacktrackAgent,0.05,0,0.69,100,0,0,0,0,3,100,2,0,0,100,0,0,0,0,0,181,0,6,1,5,10,10
"agent BacktrackAgent #71",BacktrackAgent,0.05,0,0.69,100,0,0,0,0,0,100,0,0,0,100,0,0,0,3,0,225,2,6,2,5,10,10
"agent BacktrackAgent #72",BacktrackAgent,0.08,0,0.69,100,0,1,0,1,2,100,2,0,0,100,0,0,0,0,0,236,4,7,3,8,10,10
"agent BacktrackAgent #73",BacktrackAgent,0.12,0,0.69,100,0,0,0,0,4,100,2,0,0,100,0,0,0,6,0,687,0,13,0,12,10,10
"agent BacktrackAgent #74",BacktrackAgent,0.19,0,0.69,100,0,1,0,1,4,100,8,0,0,100,0,0,0,6,0,584,1,13,1,19,10,10
"agent BacktrackAgent #75",BacktrackAgent,0.31,0,0.69,100,0,2,0,2,8,100,5,0,0,100,0,0,0,8,0,764,10,19,2,31,10,10
"agent BacktrackAgent #76",BacktrackAgent,0.32,0,0.69,100,0,2,0,2,8,100,8,0,0,100,0,0,0,6,0,570,10,19,3,32,10,10
"agent BacktrackAgent #77",BacktrackAgent,0.12,0,0.69,100,0,0,0,0,4,100,2,0,0,100,0,0,0,6,0,674,0,13,0,12,10,10
"agent BacktrackAgent #78",BacktrackAgent,0.05,0,0.69,100,0,0,0,0,3,100,2,0,0,100,0,0,0,0,0,174,0,6,1,5,10,10
"agent BacktrackAgent #79",BacktrackAgent,0.13,0,0.69,100,0,1,0,1,2,100,2,0,0,100,0,0,0,5,0,347,4,10,2,13,10,10
"agent BacktrackAgent #80",BacktrackAgent,0.04,0,0.69,100,0,0,0,0,0,100,2,0,0,100,0,0,0,0,0,134,2,5,3,4,10,10
"agent BacktrackAgent #81",BacktrackAgent,0.12,0,0.69,100,0,0,0,0,4,100,2,0,0,100,0,0,0,6,0,661,0,13,0,12,10,10
"agent BacktrackAgent #82",BacktrackAgent,0.05,0,0.69,100,0,0,0,0,3,100,2,0,0,100,0,0,0,0,0,169,0,6,1,5,10,10
"agent BacktrackAgent #83",BacktrackAgent,0.31,0,0.69,100,0,2,0,2,8,100,5,0,0,100,0,0,0,8,0,731,10,19,2,31,10,10
"agent BacktrackAgent #84",BacktrackAgent,0.32,0,0.69,100,0,2,0,2,8,100,8,0,0,100,0,0,0,6,0,531,10,19,3,32,10,10
"agent BacktrackAgent #85",BacktrackAgent,0.12,0,0.69,100,0,0,0,0,4,100,2,0,0,100,0,0,0,6,0,649,0,13,0,12,10,10
"agent BacktrackAgent #86",BacktrackAgent,0.05,0,0.69,100,0,0,0,0,3,100,2,0,0,100,0,0,0,0,0,164,0,6,1,5,10,10
"agent BacktrackAgent #87",BacktrackAgent,0.23,0,0.69,100,0,1,0,1,6,100,3,0,0,100,0,0,0,6,0,611,8,15,2,23,10,10
"agent BacktrackAgent #88",BacktrackAgent,0.32,0,0.69,100,0,2,0,2,8,100,8,0,0,100,0,0,0,6,0,498,10,19,3,32,10,10
"agent BacktrackAgent #89",BacktrackAgent,0.12,0,0.69,100,0,0,0,0,4,100,2,0,0,100,0,0,0,6,0,637,0,13,0,12,10,10
"agent BacktrackAgent #90",BacktrackAgent,0.19,0,0.69,100,0,1,0,1,4,100,8,0,0,100,0,0,0,6,0,558,1,13,1,19,10,10
"agent BacktrackAgent #91",BacktrackAgent,0.31,0,0.69,100,0,2,0,2,8,100,5,0,0,100,0,0,0,8,0,676,10,19,2,31,10,10
"agent BacktrackAgent #92",BacktrackAgent,0.04,0,0.69,100,0,0,0,0,0,100,2,0,0,100,0,0,0,0,0,128,2,5,3,4,10,10
"agent BacktrackAgent #93",BacktrackAgent,0.12,0,0.69,100,0,0,0,0,4,100,2,0,0,100,0,0,0,6,0,624,0,13,0,12,10,10
"agent BacktrackAgent #94",BacktrackAgent,0.05,0,0.69,100,0,0,0,0,3,100,2,0,0,100,0,0,0,0,0,158,0,6,1,5,10,10
"agent BacktrackAgent #95",BacktrackAgent,0.31,0,0.69,100,0,2,0,2,8,100,5,0,0,100,0,0,0,8,0,645,10,19,2,31,10,10
"agent BacktrackAgent #96",BacktrackAgent,0.28,0,0.69,100,0,1,0,1,6,100,8,0,0,100,0,0,0,6,0,475,8,17,3,28,10,10
"agent BacktrackAgent #97",BacktrackAgent,0.12,0,0.69,100,0,0,0,0,4,100,2,0,0,100,0,0,0,6,0,612,0,13,0,12,10,10
"agent BacktrackAgent #98",BacktrackAgent,0.19,0,0.69,100,0,1,0,1,4,100,8,0,0,100,0,0,0,6,0,536,1,13,1,19,10,10
"agent BacktrackAgent #99",BacktrackAgent,0.31,0,0.69,100,0,2,0,2,8,100,5,0,0,100,0,0,0,8,0,613,10,19,2,31,10,10
"agent BacktrackAgent #100",BacktrackAgent,0.32,0,0.69,100,0,2,0,2,8,100,8,0,0,100,0,0,0,6,0,695,10,19,3,32,10,10
"agent ForwardAgent #101",ForwardAgent,0.12,0,0.69,100,0,0,0,0,4,100,2,0,0,100,0,0,0,6,0,588,0,13,0,12,10,10
"agent ForwardAgent #102",ForwardAgent,0.19,0,0.69,100,0,1,0,1,4,100,8,0,0,100,0,0,0,6,0,514,1,13,1,19,10,10
"agent ForwardAgent #103",ForwardAgent,0.23,0,0.69,100,0,1,0,1,6,100,3,0,0,100,0,0,0,6,0,520,8,15,2,23,10,10
"agent ForwardAgent #104",ForwardAgent,0.6,0,0.69,100,0,3,0,3,14,100,16,0,0,100,0,0,0,14,0,490,16,19,3,60,10,10
"agent ForwardAgent #105",ForwardAgent,0.12,0,0.69,100,0,0,0,0,4,100,2,0,0,100,0,0,0,6,0,575,0,13,0,12,10,10
"agent ForwardAgent #106",ForwardAgent,0.19,0,0.69,100,0,1,0,1,4,100,8,0,0,100,0,0,0,6,0,494,1,13,1,19,10,10
"agent ForwardAgent #107",ForwardAgent,1.01,0,0.69,100,0,6,0,6,24,100,24,0,0,100,0,0,0,27,0,552,26,19,2,101,10,10
"agent ForwardAgent #108",ForwardAgent,0.04,0,0.69,100,0,0,0,0,0,100,2,0,0,100,0,0,0,0,0,118,2,5,3,4,10,10
"agent ForwardAgent #109",ForwardAgent,0.12,0,0.69,100,0,0,0,0,4,100,2,0,0,100,0,0,0,6,0,562,0,13,0,12,10,10
"agent ForwardAgent #110",ForwardAgent,0.05,0,0.69,100,0,0,0,0,3,100,2,0,0,100,0,0,0,0,0,150,0,6,1,5,10,10
"agent ForwardAgent #111",ForwardAgent,0.13,0,0.69,100,0,1,0,1,2,100,2,0,0,100,0,0,0,5,0,295,4,10,2,13,10,10
"agent ForwardAgent #112",ForwardAgent,0.04,0,0.69,100,0,0,0,0,0,100,2,0,0,100,0,0,0,0,0,114,2,5,3,4,10,10
"agent ForwardAgent #113",ForwardAgent,0.12,0,0.69,100,0,0,0,0,4,100,2,0,0,100,0,0,0,6,0,550,0,13,0,12,10,10
"agent ForwardAgent #114",ForwardAgent,0.19,0,0.69,100,0,1,0,1,4,100,8,0,0,100,0,0,0,6,0,472,1,13,1,19,10,10
"agent ForwardAgent #115",ForwardAgent,0.37,0,0.69,100,0,2,0,2,8,100,8,0,0,100,0,0,0,11,0,476,10,19,2,37,10,10
"agent ForwardAgent #116",ForwardAgent,0.36,0,0.69,100,0,2,0,2,8,100,10,0,0,100,0,0,0,8,0,428,10,19,3,36,10,10
"agent ForwardAgent #117",ForwardAgent,0.12,0,0.69,100,0,0,0,0,4,100,2,0,0,100,0,0,0,6,0,537,0,13,0,12,10,10
"agent ForwardAgent #118",ForwardAgent,0.19,0,0.69,100,0,1,0,1,4,100,8,0,0,100,0,0,0,6,0,452,1,13,1,19,10,10
"agent ForwardAgent #119",ForwardAgent,0.13,0,0.69,100,0,1,0,1,2,100,2,0,0,100,0,0,0,5,0,268,4,10,2,13,10,10
"agent ForwardAgent #120",ForwardAgent,0.08,0,0.69,100,0,1,0,1,2,100,2,0,0,100,0,0,0,0,0,186,4,7,3,8,10,10
"agent ForwardAgent #121",ForwardAgent,0.12,0,0.69,100,0,0,0,0,4,100,2,0,0,100,0,0,0,6,0,524,0,13,0,12,10,10
"agent ForwardAgent #122",ForwardAgent,0.19,0,0.69,100,0,1,0,1,4,100,8,0,0,100,0,0,0,6,0,432,1,13,1,19,10,10
"agent ForwardAgent #123",ForwardAgent,0.31,0,0.69,100,0,2,0,2,8,100,5,0,0,100,0,0,0,8,0,548,10,19,2,31,10,10
"agent ForwardAgent #124",ForwardAgent,0.4,0,0.69,100,0,3,0,3,10,100,10,0,0,100,0,0,0,8,0,446,12,19,3,40,10,10
"agent ForwardAgent #125",ForwardAgent,0.12,0,0.69,100,0,0,0,0,4,100,2,0,0,100,0,0,0,6,0,511,0,13,0,12,10,10
"agent ForwardAgent #126",ForwardAgent,0.19,0,0.69,100,0,1,0,1,4,100,8,0,0,100,0,0,0,6,0,412,1,13,1,19,10,10
"agent ForwardAgent #127",ForwardAgent,0.05,0,0.69,100,0,0,0,0,0,100,0,0,0,100,0,0,0,3,0,173,2,6,2,5,10,10
"agent ForwardAgent #128",ForwardAgent,0.04,0,0.69,100,0,0,0,0,0,100,2,0,0,100,0,0,0,0,0,105,2,5,3,4,10,10
"agent ForwardAgent #129",ForwardAgent,0.12,0,0.69,100,0,0,0,0,4,100,2,0,0,100,0,0,0,6,0,498,0,13,0,12,10,10
"agent ForwardAgent #130",ForwardAgent,0.05,0,0.69,100,0,0,0,0,3,100,2,0,0,100,0,0,0,0,0,140,0,6,1,5,10,10
"agent ForwardAgent #131",ForwardAgent,0.37,0,0.69,100,0,2,0,2,8,100,8,0,0,100,0,0,0,11,0,412,10,19,2,37,10,10
"agent ForwardAgent #132",ForwardAgent,0.32,0,0.69,100,0,2,0,2,8,100,8,0,0,100,0,0,0,6,0,388,10,19,3,32,10,10
"agent ForwardAgent #133",ForwardAgent,0.12,0,0.69,100,0,0,0,0,4,100,2,0,0,100,0,0,0,6,0,486,0,13,0,12,10,10
"agent ForwardAgent #134",ForwardAgent,0.05,0,0.69,100,0,0,0,0,3,100,2,0,0,100,0,0,0,0,0,135,0,6,1,5,10,10
"agent ForwardAgent #135",ForwardAgent,0.13,0,0.69,100,0,1,0,1,2,100,2,0,0,100,0,0,0,5,0,234,4,10,2,13,10,10
"agent ForwardAgent #136",ForwardAgent,0.04,0,0.69,100,0,0,0,0,0,100,2,0,0,100,0,0,0,0,0,100,2,5,3,4,10,10
"agent ForwardAgent #137",ForwardAgent,0.12,0,0.69,100,0,0,0,0,4,100,2,0,0,100,0,0,0,6,0,474,0,13,0,12,10,10
"agent ForwardAgent #138",ForwardAgent,0.19,0,0.69,100,0,1,0,1,4,100,8,0,0,100,0,0,0,6,0,388,1,13,1,19,10,10
"agent ForwardAgent #139",ForwardAgent,0.05,0,0.69,100,0,0,0,0,0,100,0,0,0,100,0,0,0,3,0,154,2,6,2,5,10,10
"agent ForwardAgent #140",ForwardAgent,0.04,0,0.69,100,0,0,0,0,0,100,2,0,0,100,0,0,0,0,0,96,2,5,3,4,10,10
"agent ForwardAgent #141",ForwardAgent,0.12,0,0.69,100,0,0,0,0,4,100,2,0,0,100,0,0,0,6,0,461,0,13,0,12,10,10
"agent ForwardAgent #142",ForwardAgent,0.05,0,0.69,100,0,0,0,0,3,100,2,0,0,100,0,0,0,0,0,128,0,6,1,5,10,10
"agent ForwardAgent #143",ForwardAgent,0.45,0,0.69,100,0,3,0,3,10,100,10,0,0,100,0,0,0,13,0,364,12,19,2,45,10,10
"agent ForwardAgent #144",ForwardAgent,0.04,0,0.69,100,0,0,0,0,0,100,2,0,0,100,0,0,0,0,0,92,2,5,3,4,10,10
"agent ForwardAgent #145",ForwardAgent,0.12,0,0.69,100,0,0,0,0,4,100,2,0,0,100,0,0,0,6,0,449,0,13,0,12,10,10
"agent ForwardAgent #146",ForwardAgent,0.19,0,0.69,100,0,1,0,1,4,100,8,0,0,100,0,0,0,6,0,366,1,13,1,19,10,10
"agent ForwardAgent #147",ForwardAgent,0.13,0,0.69,100,0,1,0,1,2,100,2,0,0,100,0,0,0,5,0,202,4,10,2,13,10,10
"agent ForwardAgent #148",ForwardAgent,0.28,0,0.69,100,0,1,0,1,6,100,8,0,0,100,0,0,0,6,0,351,8,17,3,28,10,10
"agent ForwardAgent #149",ForwardAgent,0.12,0,0.69,100,0,0,0,0,4,100,2,0,0,100,0,0,0,6,0,436,0,13,0,12,10,10
"agent ForwardAgent #150",ForwardAgent,0.05,0,0.69,100,0,0,0,0,3,100,2,0,0,100,0,0,0,0,0,122,0,6,1,5,10,10
"agent ForwardAgent #151",ForwardAgent,0.13,0,0.69,100,0,1,0,1,2,100,2,0,0,100,0,0,0,5,0,188,4,10,2,13,10,10
"agent ForwardAgent #152",ForwardAgent,0.28,0,0.69,100,0,1,0,1,6,100,8,0,0,100,0,0,0,6,0,322,8,17,3,28,10,10
"agent ForwardAgent #153",ForwardAgent,0.12,0,0.69,100,0,0,0,0,4,100,2,0,0,100,0,0,0,6,0,424,0,13,0,12,10,10
"agent ForwardAgent #154",ForwardAgent,0.05,0,0.69,100,0,0,0,0,3,100,2,0,0,100,0,0,0,0,0,117,0,6,1,5,10,10
"agent ForwardAgent #155",ForwardAgent,0.05,0,0.69,100,0,0,0,0,0,100,0,0,0,100,0,0,0,3,0,128,2,6,2,5,10,10
"agent ForwardAgent #156",ForwardAgent,0.08,0,0.69,100,0,1,0,1,2,100,2,0,0,100,0,0,0,0,0,153,4,7,3,8,10,10
"agent ForwardAgent #157",ForwardAgent,0.12,0,0.69,100,0,0,0,0,4,100,2,0,0,100,0,0,0,6,0,412,0,13,0,12,10,10
"agent ForwardAgent #158",ForwardAgent,0.05,0,0.69,100,0,0,0,0,3,100,2,0,0,100,0,0,0,0,0,111,0,6,1,5,10,10
"agent ForwardAgent #159",ForwardAgent,0.23,0,0.69,100,0,1,0,1,6,100,3,0,0,100,0,0,0,6,0,449,8,15,2,23,10,10
"agent ForwardAgent #160",ForwardAgent,0.08,0,0.69,100,0,1,0,1,2,100,2,0,0,100,0,0,0,0,0,145,4,7,3,8,10,10
"agent ForwardAgent #161",ForwardAgent,0.12,0,0.69,100,0,0,0,0,4,100,2,0,0,100,0,0,0,6,0,400,0,13,0,12,10,10
"agent ForwardAgent #162",ForwardAgent,0.19,0,0.69,100,0,1,0,1,4,100,8,0,0,100,0,0,0,6,0,340,1,13,1,19,10,10
"agent ForwardAgent #163",ForwardAgent,0.23,0,0.69,100,0,1,0,1,6,100,3,0,0,100,0,0,0,6,0,426,8,15,2,23,10,10
"agent ForwardAgent #164",ForwardAgent,0.28,0,0.69,100,0,1,0,1,6,100,8,0,0,100,0,0,0,6,0,289,8,17,3,28,10,10
"agent ForwardAgent #165",ForwardAgent,0.12,0,0.69,100,0,0,0,0,4,100,2,0,0,100,0,0,0,6,0,387,0,13,0,12,10,10
"agent ForwardAgent #166",ForwardAgent,0.05,0,0.69,100,0,0,0,0,3,100,2,0,0,100,0,0,0,0,0,105,0,6,1,5,10,10
"agent ForwardAgent #167",ForwardAgent,0.23,0,0.69,100,0,1,0,1,6,100,3,0,0,100,0,0,0,6,0,402,8,15,2,23,10,10
"agent ForwardAgent #168",ForwardAgent,0.64,0,0.69,100,0,4,0,4,16,100,16,0,0,100,0,0,0,14,0,377,18,19,3,64,10,10
"agent ForwardAgent #169",ForwardAgent,0.12,0,0.69,100,0,0,0,0,4,100,2,0,0,100,0,0,0,6,0,375,0,13,0,12,10,10
"agent ForwardAgent #170",ForwardAgent,0.05,0,0.69,100,0,0,0,0,3,100,2,0,0,100,0,0,0,0,0,100,0,6,1,5,10,10
"agent ForwardAgent #171",ForwardAgent,0.13,0,0.69,100,0,1,0,1,2,100,2,0,0,100,0,0,0,5,0,163,4,10,2,13,10,10
"agent ForwardAgent #172",ForwardAgent,0.4,0,0.69,100,0,3,0,3,10,100,10,0,0,100,0,0,0,8,0,297,12,19,3,40,10,10
"agent ForwardAgent #173",ForwardAgent,0.12,0,0.69,100,0,0,0,0,4,100,2,0,0,100,0,0,0,6,0,363,0,13,0,12,10,10
"agent ForwardAgent #174",ForwardAgent,0.05,0,0.69,100,0,0,0,0,3,100,2,0,0,100,0,0,0,0,0,95,0,6,1,5,10,10
"agent ForwardAgent #175",ForwardAgent,0.55,0,0.69,100,0,3,0,3,14,100,11,0,0,100,0,0,0,14,0,476,16,19,2,55,10,10
"agent ForwardAgent #176",ForwardAgent,0.04,0,0.69,100,0,0,0,0,0,100,2,0,0,100,0,0,0,0,0,75,2,5,3,4,10,10
"agent ForwardAgent #177",ForwardAgent,0.12,0,0.69,100,0,0,0,0,4,100,2,0,0,100,0,0,0,6,0,351,0,13,0,12,10,10
"agent ForwardAgent #178",ForwardAgent,0.05,0,0.69,100,0,0,0,0,3,100,2,0,0,100,0,0,0,0,0,90,0,6,1,5,10,10
"agent ForwardAgent #179",ForwardAgent,0.05,0,0.69,100,0,0,0,0,0,100,0,0,0,100,0,0,0,3,0,107,2,6,2,5,10,10
"agent ForwardAgent #180",ForwardAgent,0.08,0,0.69,100,0,1,0,1,2,100,2,0,0,100,0,0,0,0,0,120,4,7,3,8,10,10
"agent ForwardAgent #181",ForwardAgent,0.12,0,0.69,100,0,0,0,0,4,100,2,0,0,100,0,0,0,6,0,339,0,13,0,12,10,10
"agent ForwardAgent #182",ForwardAgent,0.19,0,0.69,100,0,1,0,1,4,100,8,0,0,100,0,0,0,6,0,312,1,13,1,19,10,10
"agent ForwardAgent #183",ForwardAgent,0.23,0,0.69,100,0,1,0,1,6,100,3,0,0,100,0,0,0,6,0,353,8,15,2,23,10,10
"agent ForwardAgent #184",ForwardAgent,0.04,0,0.69,100,0,0,0,0,0,100,2,0,0,100,0,0,0,0,0,70,2,5,3,4,10,10
"agent ForwardAgent #185",ForwardAgent,0.12,0,0.69,100,0,0,0,0,4,100,2,0,0,100,0,0,0,6,0,326,0,13,0,12,10,10
"agent ForwardAgent #186",ForwardAgent,0.19,0,0.69,100,0,1,0,1,4,100,8,0,0,100,0,0,0,6,0,292,1,13,1,19,10,10
"agent ForwardAgent #187",ForwardAgent,0.23,0,0.69,100,0,1,0,1,6,100,3,0,0,100,0,0,0,6,0,330,8,15,2,23,10,10
"agent ForwardAgent #188",ForwardAgent,0.04,0,0.69,100,0,0,0,0,0,100,2,0,0,100,0,0,0,0,0,66,2,5,3,4,10,10
"agent ForwardAgent #189",ForwardAgent,0.12,0,0.69,100,0,0,0,0,4,100,2,0,0,100,0,0,0,6,0,313,0,13,0,12,10,10
"agent ForwardAgent #190",ForwardAgent,0.19,0,0.69,100,0,1,0,1,4,100,8,0,0,100,0,0,0,6,0,272,1,13,1,19,10,10
"agent ForwardAgent #191",ForwardAgent,0.37,0,0.69,100,0,2,0,2,8,100,8,0,0,100,0,0,0,11,0,238,10,19,2,37,10,10
"agent ForwardAgent #192",ForwardAgent,0.64,0,0.69,100,0,4,0,4,16,100,16,0,0,100,0,0,0,14,0,256,18,19,3,64,10,10
"agent ForwardAgent #193",ForwardAgent,0.12,0,0.69,100,0,0,0,0,4,100,2,0,0,100,0,0,0,6,0,300,0,13,0,12,10,10
"agent ForwardAgent #194",ForwardAgent,0.19,0,0.69,100,0,1,0,1,4,100,8,0,0,100,0,0,0,6,0,252,1,13,1,19,10,10
"agent ForwardAgent #195",ForwardAgent,0.23,0,0.69,100,0,1,0,1,6,100,3,0,0,100,0,0,0,6,0,303,8,15,2,23,10,10
"agent ForwardAgent #196",ForwardAgent,0.04,0,0.69,100,0,0,0,0,0,100,2,0,0,100,0,0,0,0,0,61,2,5,3,4,10,10
"agent ForwardAgent #197",ForwardAgent,0.12,0,0.69,100,0,0,0,0,4,100,2,0,0,100,0,0,0,6,0,287,0,13,0,12,10,10
"agent ForwardAgent #198",ForwardAgent,0.19,0,0.69,100,0,1,0,1,4,100,8,0,0,100,0,0,0,6,0,232,1,13,1,19,10,10
"agent ForwardAgent #199",ForwardAgent,0.87,0,0.69,100,0,5,0,5,22,100,19,0,0,100,0,0,0,22,0,354,24,19,2,87,10,10
"agent ForwardAgent #200",ForwardAgent,0.04,0,0.69,100,0,0,0,0,0,100,2,0,0,100,0,0,0,0,0,57,2,5,3,4,10,10
"agent NegotiatingAgent #201",NegotiatingAgent,0.12,0,0.69,100,12,0,0,0,4,100,2,24,25,100,0,0,0,6,0,92,0,13,0,12,10,10
"agent NegotiatingAgent #202",NegotiatingAgent,0.19,0,0.69,100,15,1,0,1,4,100,8,33,24,100,0,0,0,6,0,57,1,13,1,19,10,10
"agent NegotiatingAgent #203",NegotiatingAgent,0.05,0,0.69,100,4,0,0,0,0,100,0,8,9,100,0,0,0,3,0,66,2,6,2,5,10,10
"agent NegotiatingAgent #204",NegotiatingAgent,0.28,13,0.69,100,19,1,0,1,6,100,8,39,37,100,0,1,0,6,0,158,8,17,3,28,10,10
"agent NegotiatingAgent #205",NegotiatingAgent,0.12,0,0.69,100,6,0,0,0,4,100,2,13,14,100,0,0,0,6,0,237,0,13,0,12,10,10
"agent NegotiatingAgent #206",NegotiatingAgent,0.19,0,0.69,100,10,1,0,1,4,100,8,26,22,100,0,1,0,6,0,155,1,13,1,19,10,10
"agent NegotiatingAgent #207",NegotiatingAgent,0.31,26,0.69,100,31,2,0,2,8,100,5,62,55,100,0,0,0,8,0,105,10,19,2,31,10,10
"agent NegotiatingAgent #208",NegotiatingAgent,0.08,4,0.69,100,8,1,0,1,2,100,2,16,14,100,0,0,0,0,0,51,4,7,3,8,10,10
"agent NegotiatingAgent #209",NegotiatingAgent,0.12,0,0.69,100,6,0,0,0,4,100,2,14,14,100,0,0,0,6,0,223,0,13,0,12,10,10
"agent NegotiatingAgent #210",NegotiatingAgent,0.05,0,0.69,100,4,0,0,0,3,100,2,8,9,100,0,0,0,0,0,50,0,6,1,5,10,10
"agent NegotiatingAgent #211",NegotiatingAgent,0.23,0,0.69,100,16,1,0,1,6,100,3,34,34,100,0,1,0,6,0,226,8,15,2,23,10,10
"agent NegotiatingAgent #212",NegotiatingAgent,0.28,34,0.69,100,18,1,0,1,6,100,8,42,37,100,0,1,0,6,0,119,8,17,3,28,10,10
"agent NegotiatingAgent #213",NegotiatingAgent,0.12,0,0.69,100,0,0,0,0,4,100,2,10,9,100,0,1,0,6,0,250,0,13,0,12,10,10
"agent NegotiatingAgent #214",NegotiatingAgent,0.05,0,0.69,100,4,0,0,0,3,100,2,8,8,100,0,0,0,0,0,45,0,6,1,5,10,10
"agent NegotiatingAgent #215",NegotiatingAgent,0.05,0,0.69,100,2,0,0,0,0,100,0,6,7,100,0,0,0,3,0,68,2,6,2,5,10,10
"agent NegotiatingAgent #216",NegotiatingAgent,0.04,0,0.69,100,0,0,0,0,0,100,2,2,2,100,0,0,0,0,0,46,2,5,3,4,10,10
"agent NegotiatingAgent #217",NegotiatingAgent,0.12,0,0.69,100,0,0,0,0,4,100,2,10,10,100,0,0,0,6,0,237,0,13,0,12,10,10
"agent NegotiatingAgent #218",NegotiatingAgent,0.19,7,0.69,100,1,1,0,1,4,100,8,15,17,100,0,1,0,6,0,180,1,13,1,19,10,10
"agent NegotiatingAgent #219",NegotiatingAgent,0.23,0,0.69,100,10,1,0,1,6,100,3,29,29,100,0,1,0,6,0,215,8,15,2,23,10,10
"agent NegotiatingAgent #220",NegotiatingAgent,0.32,45,0.69,100,21,2,0,2,8,100,8,46,42,100,0,0,0,6,0,110,10,19,3,32,10,10
"agent NegotiatingAgent #221",NegotiatingAgent,0.12,0,0.69,100,0,0,0,0,4,100,2,10,10,100,0,0,0,6,0,224,0,13,0,12,10,10
"agent NegotiatingAgent #222",NegotiatingAgent,0.05,0,0.69,100,0,0,0,0,3,100,2,3,4,100,0,0,0,0,0,67,0,6,1,5,10,10
"agent NegotiatingAgent #223",NegotiatingAgent,0.05,0,0.69,100,0,0,0,0,0,100,0,4,4,100,0,0,0,3,0,69,2,6,2,5,10,10
"agent NegotiatingAgent #224",NegotiatingAgent,0.08,0,0.69,100,0,1,0,1,2,100,2,7,5,100,0,2,0,0,0,83,4,7,3,8,10,10
"agent NegotiatingAgent #225",NegotiatingAgent,0.12,0,0.69,100,0,0,0,0,4,100,2,10,10,100,0,0,0,6,0,212,0,13,0,12,10,10
"agent NegotiatingAgent #226",NegotiatingAgent,0.05,0,0.69,100,1,0,0,0,3,100,2,5,6,100,0,0,0,0,0,48,0,6,1,5,10,10
"agent NegotiatingAgent #227",NegotiatingAgent,0.31,0,0.69,100,18,2,0,2,8,100,5,46,42,100,0,0,0,8,0,178,10,19,2,31,10,10
"agent NegotiatingAgent #228",NegotiatingAgent,0.28,0,0.69,100,8,1,0,1,6,100,8,31,30,100,0,2,0,6,0,162,8,17,3,28,10,10
"agent NegotiatingAgent #229",NegotiatingAgent,0.12,0,0.69,100,0,0,0,0,4,100,2,10,9,100,0,1,0,6,0,200,0,13,0,12,10,10
"agent NegotiatingAgent #230",NegotiatingAgent,0.05,0,0.69,100,0,0,0,0,3,100,2,4,3,100,0,1,0,0,0,56,0,6,1,5,10,10
"agent NegotiatingAgent #231",NegotiatingAgent,0.23,0,0.69,100,0,1,0,1,6,100,3,22,20,100,0,2,0,6,0,212,8,15,2,23,10,10
"agent NegotiatingAgent #232",NegotiatingAgent,0.08,0,0.69,100,0,1,0,1,2,100,2,7,6,100,0,1,0,0,0,74,4,7,3,8,10,10
"agent NegotiatingAgent #233",NegotiatingAgent,0.12,0,0.69,100,0,0,0,0,4,100,2,10,10,100,0,0,0,6,0,188,0,13,0,12,10,10
"agent NegotiatingAgent #234",NegotiatingAgent,0.19,21,0.69,100,4,1,0,1,4,100,8,21,21,100,0,1,0,6,0,152,1,13,1,19,10,10
"agent NegotiatingAgent #235",NegotiatingAgent,0.13,0,0.69,100,0,1,0,1,2,100,2,10,10,100,0,2,0,5,0,88,4,10,2,13,10,10
"agent NegotiatingAgent #236",NegotiatingAgent,0.28,0,0.69,100,3,1,0,1,6,100,8,26,24,100,0,3,0,6,0,153,8,17,3,28,10,10
"agent NegotiatingAgent #237",NegotiatingAgent,0.12,0,0.69,100,0,0,0,0,4,100,2,10,10,100,0,0,0,6,0,175,0,13,0,12,10,10
"agent NegotiatingAgent #238",NegotiatingAgent,0.05,0,0.69,100,0,0,0,0,3,100,2,4,4,100,0,0,0,0,0,50,0,6,1,5,10,10
"agent NegotiatingAgent #239",NegotiatingAgent,0.23,0,0.69,100,0,1,0,1,6,100,3,22,19,100,0,3,0,6,0,186,8,15,2,23,10,10
"agent NegotiatingAgent #240",NegotiatingAgent,0.04,0,0.69,100,0,0,0,0,0,100,2,2,2,100,0,0,0,0,0,33,2,5,3,4,10,10
"agent NegotiatingAgent #241",NegotiatingAgent,0.12,0,0.69,100,9,0,0,0,4,100,2,21,16,100,0,0,0,6,0,49,0,13,0,12,10,10
"agent NegotiatingAgent #242",NegotiatingAgent,0.05,0,0.69,100,0,0,0,0,3,100,2,4,4,100,0,0,0,0,0,45,0,6,1,5,10,10
"agent NegotiatingAgent #243",NegotiatingAgent,0.13,4,0.69,100,1,1,0,1,2,100,2,12,11,100,0,2,0,5,0,68,4,10,2,13,10,10
"agent NegotiatingAgent #244",NegotiatingAgent,0.32,4,0.69,100,2,2,0,2,8,100,8,33,32,100,2,1,0,6,0,118,10,19,3,32,10,10
"agent NegotiatingAgent #245",NegotiatingAgent,0.12,0,0.69,100,0,0,0,0,4,100,2,10,10,100,0,0,0,6,0,159,0,13,0,12,10,10
"agent NegotiatingAgent #246",NegotiatingAgent,0.19,0,0.69,100,0,1,0,1,4,100,8,18,18,100,0,0,0,6,0,134,1,13,1,19,10,10
"agent NegotiatingAgent #247",NegotiatingAgent,0.05,0,0.69,100,0,0,0,0,0,100,0,4,4,100,0,0,0,3,0,45,2,6,2,5,10,10
"agent NegotiatingAgent #248",NegotiatingAgent,0.32,8,0.69,100,10,2,0,2,8,100,8,40,34,100,1,0,0,6,0,65,10,19,3,32,10,10
"agent NegotiatingAgent #249",NegotiatingAgent,0.12,0,0.69,100,0,0,0,0,4,100,2,10,10,100,0,0,0,6,0,146,0,13,0,12,10,10
"agent NegotiatingAgent #250",NegotiatingAgent,0.19,0,0.69,100,0,1,0,1,4,100,8,18,17,100,0,1,0,6,0,114,1,13,1,19,10,10
"agent NegotiatingAgent #251",NegotiatingAgent,0.13,0,0.69,100,0,1,0,1,2,100,2,12,11,100,0,1,0,5,0,53,4,10,2,13,10,10
"agent NegotiatingAgent #252",NegotiatingAgent,0.08,0,0.69,100,0,1,0,1,2,100,2,7,7,100,0,0,0,0,0,47,4,7,3,8,10,10
"agent NegotiatingAgent #253",NegotiatingAgent,0.12,0,0.69,100,0,0,0,0,4,100,2,10,9,100,0,1,0,6,0,133,0,13,0,12,10,10
"agent NegotiatingAgent #254",NegotiatingAgent,0.19,0,0.69,100,0,1,0,1,4,100,8,18,17,100,0,1,0,6,0,94,1,13,1,19,10,10
"agent NegotiatingAgent #255",NegotiatingAgent,0.31,13,0.69,100,1,2,0,2,8,100,5,31,25,100,0,7,0,8,0,190,10,19,2,31,10,10
"agent NegotiatingAgent #256",NegotiatingAgent,0.32,0,0.69,100,0,2,0,2,8,100,8,30,28,100,0,2,0,6,0,71,10,19,3,32,10,10
"agent NegotiatingAgent #257",NegotiatingAgent,0.12,0,0.69,100,0,0,0,0,4,100,2,10,10,100,0,0,0,6,0,120,0,13,0,12,10,10
"agent NegotiatingAgent #258",NegotiatingAgent,0.05,0,0.69,100,0,0,0,0,3,100,2,4,3,100,0,1,0,0,0,36,0,6,1,5,10,10
"agent NegotiatingAgent #259",NegotiatingAgent,0.23,0,0.69,100,0,1,0,1,6,100,3,22,22,100,0,0,0,6,0,134,8,15,2,23,10,10
"agent NegotiatingAgent #260",NegotiatingAgent,0.32,0,0.69,100,0,2,0,2,8,100,8,35,33,100,3,0,0,6,0,44,10,19,3,32,10,10
"agent NegotiatingAgent #261",NegotiatingAgent,0.12,0,0.69,100,0,0,0,0,4,100,2,10,10,100,0,0,0,6,0,108,0,13,0,12,10,10
"agent NegotiatingAgent #262",NegotiatingAgent,0.05,0,0.69,100,0,0,0,0,3,100,2,4,4,100,0,0,0,0,0,31,0,6,1,5,10,10
"agent NegotiatingAgent #263",NegotiatingAgent,0.31,0,0.69,100,5,2,0,2,8,100,5,34,32,100,0,1,0,8,0,93,10,19,2,31,10,10
"agent NegotiatingAgent #264",NegotiatingAgent,0.04,0,0.69,100,1,0,0,0,0,100,2,3,4,100,0,0,0,0,0,27,2,5,3,4,10,10
"agent NegotiatingAgent #265",NegotiatingAgent,0.12,0,0.69,100,0,0,0,0,4,100,2,10,10,100,0,0,0,6,0,96,0,13,0,12,10,10
"agent NegotiatingAgent #266",NegotiatingAgent,0.05,0,0.69,100,1,0,0,0,3,100,2,3,4,100,0,0,0,0,0,25,0,6,1,5,10,10
"agent NegotiatingAgent #267",NegotiatingAgent,0.05,0,0.69,100,0,0,0,0,0,100,0,4,4,100,0,0,0,3,0,27,2,6,2,5,10,10
"agent NegotiatingAgent #268",NegotiatingAgent,0.08,0,0.69,100,0,1,0,1,2,100,2,7,6,100,0,1,0,0,0,24,4,7,3,8,10,10
"agent NegotiatingAgent #269",NegotiatingAgent,0.12,0,0.69,100,0,0,0,0,4,100,2,10,10,100,0,0,0,6,0,84,0,13,0,12,10,10
"agent NegotiatingAgent #270",NegotiatingAgent,0.19,0,0.69,100,0,1,0,1,4,100,8,18,17,100,0,1,0,6,0,68,1,13,1,19,10,10
"agent NegotiatingAgent #271",NegotiatingAgent,0.31,0,0.69,100,0,2,0,2,8,100,5,29,26,100,0,4,0,8,0,129,10,19,2,31,10,10
"agent NegotiatingAgent #272",NegotiatingAgent,0.08,0,0.69,100,0,1,0,1,2,100,2,7,7,100,0,0,0,0,0,16,4,7,3,8,10,10
"agent NegotiatingAgent #273",NegotiatingAgent,0.12,0,0.69,100,0,0,0,0,4,100,2,10,9,100,0,1,0,6,0,71,0,13,0,12,10,10
"agent NegotiatingAgent #274",NegotiatingAgent,0.05,0,0.69,100,0,0,0,0,3,100,2,4,4,100,0,0,0,0,0,18,0,6,1,5,10,10
"agent NegotiatingAgent #275",NegotiatingAgent,0.23,0,0.69,100,5,1,0,1,6,100,3,24,25,100,0,0,0,6,0,69,8,15,2,23,10,10
"agent NegotiatingAgent #276",NegotiatingAgent,0.28,0,0.69,100,0,1,0,1,6,100,8,27,27,100,0,0,0,6,0,72,8,17,3,28,10,10
"agent NegotiatingAgent #277",NegotiatingAgent,0.12,0,0.69,100,3,0,0,0,4,100,2,11,12,100,0,0,0,6,0,60,0,13,0,12,10,10
"agent NegotiatingAgent #278",NegotiatingAgent,0.19,0,0.69,100,0,1,0,1,4,100,8,18,16,100,0,2,0,6,0,46,1,13,1,19,10,10
"agent NegotiatingAgent #279",NegotiatingAgent,0.31,0,0.69,100,0,2,0,2,8,100,5,30,26,100,0,4,0,8,0,88,10,19,2,31,10,10
"agent NegotiatingAgent #280",NegotiatingAgent,0.28,0,0.69,100,0,1,0,1,6,100,8,27,26,100,0,1,0,6,0,43,8,17,3,28,10,10
"agent NegotiatingAgent #281",NegotiatingAgent,0.12,0,0.69,100,0,0,0,0,4,100,2,10,10,100,0,0,0,6,0,50,0,13,0,12,10,10
"agent NegotiatingAgent #282",NegotiatingAgent,0.05,0,0.69,100,0,0,0,0,3,100,2,4,4,100,0,0,0,0,0,12,0,6,1,5,10,10
"agent NegotiatingAgent #283",NegotiatingAgent,0.31,0,0.69,100,0,2,0,2,8,100,5,30,27,100,0,3,0,8,0,56,10,19,2,31,10,10
"agent NegotiatingAgent #284",NegotiatingAgent,0.04,0,0.69,100,0,0,0,0,0,100,2,2,2,100,0,0,0,0,0,12,2,5,3,4,10,10
"agent NegotiatingAgent #285",NegotiatingAgent,0.12,0,0.69,100,0,0,0,0,4,100,2,10,10,100,0,0,0,6,0,38,0,13,0,12,10,10
"agent NegotiatingAgent #286",NegotiatingAgent,0.19,0,0.69,100,0,1,0,1,4,100,8,18,17,100,0,1,0,6,0,24,1,13,1,19,10,10
"agent NegotiatingAgent #287",NegotiatingAgent,0.13,0,0.69,100,0,1,0,1,2,100,2,12,12,100,0,0,0,5,0,19,4,10,2,13,10,10
"agent NegotiatingAgent #288",NegotiatingAgent,0.08,0,0.69,100,0,1,0,1,2,100,2,7,7,100,0,0,0,0,0,4,4,7,3,8,10,10
"agent NegotiatingAgent #289",NegotiatingAgent,0.12,0,0.69,100,0,0,0,0,4,100,2,10,9,100,0,1,0,6,0,25,0,13,0,12,10,10
"agent NegotiatingAgent #290",NegotiatingAgent,0.05,0,0.69,100,0,0,0,0,3,100,2,4,4,100,0,0,0,0,0,6,0,6,1,5,10,10
"agent NegotiatingAgent #291",NegotiatingAgent,0.23,0,0.69,100,0,1,0,1,6,100,3,22,21,100,0,1,0,6,0,24,8,15,2,23,10,10
"agent NegotiatingAgent #292",NegotiatingAgent,0.28,0,0.69,100,0,1,0,1,6,100,8,27,24,100,0,3,0,6,0,8,8,17,3,28,10,10
"agent NegotiatingAgent #293",NegotiatingAgent,0.12,0,0.69,100,0,0,0,0,4,100,2,10,10,100,0,0,0,6,0,13,0,13,0,12,10,10
"agent NegotiatingAgent #294",NegotiatingAgent,0.19,0,0.69,100,0,1,0,1,4,100,8,18,15,100,0,3,0,6,0,2,1,13,1,19,10,10
"agent NegotiatingAgent #295",NegotiatingAgent,0.13,0,0.69,100,0,1,0,1,2,100,2,12,12,100,0,0,0,5,0,3,4,10,2,13,10,10
"agent NegotiatingAgent #296",NegotiatingAgent,0.04,0,0.69,100,0,0,0,0,0,100,2,2,2,100,0,0,0,0,0,4,2,5,3,4,10,10
"agent NegotiatingAgent #297",NegotiatingAgent,0.12,0,0.69,100,0,0,0,0,4,100,2,10,10,100,0,0,0,6,0,0,0,13,0,12,10,10
"agent NegotiatingAgent #298",NegotiatingAgent,0.05,0,0.69,100,0,0,0,0,3,100,2,4,4,100,0,0,0,0,0,0,0,6,1,5,10,10
"agent NegotiatingAgent #299",NegotiatingAgent,0.31,0,0.69,100,0,2,0,2,8,100,5,30,26,100,0,4,0,8,0,0,10,19,2,31,10,10
"agent NegotiatingAgent #300",NegotiatingAgent,0.04,0,0.69,100,0,0,0,0,0,100,2,2,2,100,0,0,0,0,0,0,2,5,3,4,10,10
