agentName,agentType,averageSpeed,cumulatedUtilityReceived,freeWallRatio,numBacktrackAgents,numCFPAnswered,numDeadends,numDifferentEncounters,numDirectionChanges,numDownSteps,numForwardAgents,numLeftSteps,numMessagesReceived,numMessagesSent,numNegotiatingAgents,numProposalsAccepted,numProposalsRejected,numRandomAgents,numRightSteps,numSwarmAgents,numTotalEncounters,numUpSteps,numVisitedCells,startingPosition,stepsToExit,xsize,ysize
"agent BacktrackAgent #1",BacktrackAgent,0.2,0,0.69,10,0,0,0,0,8,10,2,0,0,10,0,0,0,6,0,112,4,21,0,20,10,10
"agent BacktrackAgent #2",BacktrackAgent,0.11,0,0.69,10,0,1,0,1,6,10,2,0,0,10,0,0,0,0,0,57,3,11,1,11,10,10
"agent BacktrackAgent #3",BacktrackAgent,0.07,0,0.69,10,0,0,0,0,0,10,1,0,0,10,0,0,0,4,0,18,2,8,2,7,10,10
"agent BacktrackAgent #4",BacktrackAgent,0.4,0,0.69,10,0,2,0,2,12,10,8,0,0,10,0,0,0,6,0,125,14,23,3,40,10,10
"agent BacktrackAgent #5",BacktrackAgent,0.2,0,0.69,10,0,0,0,0,8,10,2,0,0,10,0,0,0,6,0,90,4,21,0,20,10,10
"agent BacktrackAgent #6",BacktrackAgent,0.09,0,0.69,10,0,0,0,0,5,10,2,0,0,10,0,0,0,0,0,21,2,10,1,9,10,10
"agent BacktrackAgent #7",BacktrackAgent,0.07,0,0.69,10,0,0,0,0,0,10,1,0,0,10,0,0,0,4,0,11,2,8,2,7,10,10
"agent BacktrackAgent #8",BacktrackAgent,0.04,0,0.69,10,0,0,0,0,0,10,2,0,0,10,0,0,0,0,0,8,2,5,3,4,10,10
"agent BacktrackAgent #9",BacktrackAgent,0.24,0,0.69,10,0,1,0,1,10,10,2,0,0,10,0,0,0,6,0,57,6,23,0,24,10,10
"agent BacktrackAgent #10",BacktrackAgent,0.09,0,0.69,10,0,0,0,0,5,10,2,0,0,10,0,0,0,0,0,31,2,10,1,9,10,10
"agent ForwardAgent #11",ForwardAgent,0.09,0,0.69,10,0,1,0,1,0,10,2,0,0,10,0,0,0,5,0,30,2,9,2,9,10,10
"agent ForwardAgent #12",ForwardAgent,0.36,0,0.69,10,0,1,0,1,10,10,8,0,0,10,0,0,0,6,0,93,12,21,3,36,10,10
"agent ForwardAgent #13",ForwardAgent,0.2,0,0.69,10,0,0,0,0,8,10,2,0,0,10,0,0,0,6,0,55,4,21,0,20,10,10
"agent ForwardAgent #14",ForwardAgent,0.11,0,0.69,10,0,1,0,1,6,10,2,0,0,10,0,0,0,0,0,35,3,11,1,11,10,10
"agent ForwardAgent #15",ForwardAgent,0.09,0,0.69,10,0,1,0,1,0,10,2,0,0,10,0,0,0,5,0,21,2,9,2,9,10,10
"agent ForwardAgent #16",ForwardAgent,0.36,0,0.69,10,0,1,0,1,10,10,8,0,0,10,0,0,0,6,0,54,12,21,3,36,10,10
"agent ForwardAgent #17",ForwardAgent,0.2,0,0.69,10,0,0,0,0,8,10,2,0,0,10,0,0,0,6,0,33,4,21,0,20,10,10
"agent ForwardAgent #18",ForwardAgent,0.11,0,0.69,10,0,1,0,1,6,10,2,0,0,10,0,0,0,0,0,23,3,11,1,11,10,10
"agent ForwardAgent #19",ForwardAgent,0.07,0,0.69,10,0,0,0,0,0,10,1,0,0,10,0,0,0,4,0,2,2,8,2,7,10,10
"agent ForwardAgent #20",ForwardAgent,0.04,0,0.69,10,0,0,0,0,0,10,2,0,0,10,0,0,0,0,0,2,2,5,3,4,10,10
"agent NegotiatingAgent #21",NegotiatingAgent,0.24,12,0.69,10,10,1,0,1,10,10,2,12,24,10,0,0,0,6,0,21,6,23,0,24,10,10
"agent NegotiatingAgent #22",NegotiatingAgent,0.09,0,0.69,10,2,0,0,0,5,10,2,3,4,10,0,0,0,0,0,6,2,10,1,9,10,10
"agent NegotiatingAgent #23",NegotiatingAgent,0.09,1,0.69,10,2,1,0,1,0,10,2,2,4,10,0,0,0,5,0,4,2,9,2,9,10,10
"agent NegotiatingAgent #24",NegotiatingAgent,0.4,1,0.69,10,6,2,0,2,12,10,8,12,15,10,0,1,0,6,0,19,14,23,3,40,10,10
"agent NegotiatingAgent #25",NegotiatingAgent,0.24,0,0.69,10,5,1,0,1,10,10,2,16,16,10,0,3,0,6,0,8,6,23,0,24,10,10
"agent NegotiatingAgent #26",NegotiatingAgent,0.11,0,0.69,10,2,1,0,1,6,10,2,4,5,10,0,0,0,0,0,4,3,11,1,11,10,10
"agent NegotiatingAgent #27",NegotiatingAgent,0.09,0,0.69,10,0,1,0,1,0,10,2,4,2,10,0,2,0,5,0,0,2,9,2,9,10,10
"agent NegotiatingAgent #28",NegotiatingAgent,0.4,0,0.69,10,0,2,0,2,12,10,8,20,11,10,0,10,0,6,0,3,14,23,3,40,10,10
"agent NegotiatingAgent #29",NegotiatingAgent,0.2,0,0.69,10,0,0,0,0,8,10,2,12,6,10,0,6,0,6,0,1,4,21,0,20,10,10
"agent NegotiatingAgent #30",NegotiatingAgent,0.33,0,0.69,10,0,1,0,1,11,10,8,8,5,10,1,3,0,6,0,0,8,22,1,33,10,10
