agentName,agentType,averageSpeed,cumulatedUtilityReceived,freeWallRatio,numBacktrackAgents,numCFPAnswered,numDeadends,numDifferentEncounters,numDirectionChanges,numDownSteps,numForwardAgents,numLeftSteps,numMessagesReceived,numMessagesSent,numNegotiatingAgents,numProposalsAccepted,numProposalsRejected,numRandomAgents,numRightSteps,numSwarmAgents,numTotalEncounters,numUpSteps,numVisitedCells,startingPosition,stepsToExit,xsize,ysize
"agent BacktrackAgent #1",BacktrackAgent,0.36,0,0.69,10,0,2,0,1,10,10,8,0,0,10,0,0,0,12,0,135,6,31,0,36,10,10
"agent BacktrackAgent #2",BacktrackAgent,0.43,0,0.69,10,0,3,0,2,10,10,14,0,0,10,0,0,0,12,0,114,7,31,1,43,10,10
"agent BacktrackAgent #3",BacktrackAgent,0.09,0,0.69,10,0,1,0,0,0,10,2,0,0,10,0,0,0,5,0,8,2,10,2,9,10,10
"agent BacktrackAgent #4",BacktrackAgent,0.56,0,0.69,10,0,3,0,2,10,10,18,0,0,10,0,0,0,16,0,76,12,31,3,56,10,10
"agent BacktrackAgent #5",BacktrackAgent,0.24,0,0.69,10,0,1,0,0,6,10,6,0,0,10,0,0,0,10,0,114,2,25,0,24,10,10
"agent BacktrackAgent #6",BacktrackAgent,0.29,0,0.69,10,0,2,0,1,9,10,8,0,0,10,0,0,0,6,0,71,6,24,1,29,10,10
"agent BacktrackAgent #7",BacktrackAgent,0.51,0,0.69,10,0,3,0,2,10,10,13,0,0,10,0,0,0,16,0,77,12,31,2,51,10,10
"agent BacktrackAgent #8",BacktrackAgent,0.04,0,0.69,10,0,1,0,0,0,10,2,0,0,10,0,0,0,0,0,17,2,5,3,4,10,10
"agent BacktrackAgent #9",BacktrackAgent,0.24,0,0.69,10,0,1,0,0,6,10,6,0,0,10,0,0,0,10,0,89,2,25,0,24,10,10
"agent BacktrackAgent #10",BacktrackAgent,0.17,0,0.69,10,0,1,0,0,5,10,6,0,0,10,0,0,0,4,0,37,2,18,1,17,10,10
"agent ForwardAgent #11",ForwardAgent,0.19,0,0.69,10,0,2,0,1,4,10,3,0,0,10,0,0,0,6,0,70,6,15,2,19,10,10
"agent ForwardAgent #12",ForwardAgent,0.04,0,0.69,10,0,1,0,0,0,10,2,0,0,10,0,0,0,0,0,13,2,5,3,4,10,10
"agent ForwardAgent #13",ForwardAgent,0.8,0,0.69,10,0,4,0,3,20,10,20,0,0,10,0,0,0,24,0,71,16,31,0,80,10,10
"agent ForwardAgent #14",ForwardAgent,0.31,0,0.69,10,0,2,0,1,6,10,12,0,0,10,0,0,0,10,0,52,3,25,1,31,10,10
"agent ForwardAgent #15",ForwardAgent,0.19,0,0.69,10,0,2,0,1,4,10,3,0,0,10,0,0,0,6,0,51,6,15,2,19,10,10
"agent ForwardAgent #16",ForwardAgent,0.04,0,0.69,10,0,1,0,0,0,10,2,0,0,10,0,0,0,0,0,9,2,5,3,4,10,10
"agent ForwardAgent #17",ForwardAgent,0.24,0,0.69,10,0,1,0,0,6,10,6,0,0,10,0,0,0,10,0,47,2,25,0,24,10,10
"agent ForwardAgent #18",ForwardAgent,0.75,0,0.69,10,0,4,0,3,16,10,24,0,0,10,0,0,0,22,0,40,13,31,1,75,10,10
"agent ForwardAgent #19",ForwardAgent,0.19,0,0.69,10,0,2,0,1,4,10,3,0,0,10,0,0,0,6,0,32,6,15,2,19,10,10
"agent ForwardAgent #20",ForwardAgent,0.04,0,0.69,10,0,1,0,0,0,10,2,0,0,10,0,0,0,0,0,5,2,5,3,4,10,10
"agent NegotiatingAgent #21",NegotiatingAgent,0.36,17,0.69,10,10,2,0,1,10,10,8,12,23,10,0,0,0,12,0,26,6,31,0,36,10,10
"agent NegotiatingAgent #22",NegotiatingAgent,0.29,11,0.69,10,11,2,0,1,9,10,8,18,23,10,0,0,0,6,0,22,6,24,1,29,10,10
"agent NegotiatingAgent #23",NegotiatingAgent,0.51,6,0.69,10,11,3,0,2,10,10,13,19,27,10,1,0,0,16,0,12,12,31,2,51,10,10
"agent NegotiatingAgent #24",NegotiatingAgent,0.04,0,0.69,10,0,1,0,0,0,10,2,0,0,10,0,0,0,0,0,1,2,5,3,4,10,10
"agent NegotiatingAgent #25",NegotiatingAgent,0.36,6,0.69,10,4,2,0,1,10,10,8,24,17,10,0,8,0,12,0,10,6,31,0,36,10,10
"agent NegotiatingAgent #26",NegotiatingAgent,0.17,15,0.69,10,6,1,0,0,5,10,6,17,19,10,0,1,0,4,0,18,2,18,1,17,10,10
"agent NegotiatingAgent #27",NegotiatingAgent,0.19,0,0.69,10,2,2,0,1,4,10,3,19,16,10,2,4,0,6,0,4,6,15,2,19,10,10
"agent NegotiatingAgent #28",NegotiatingAgent,0.56,0,0.69,10,1,3,0,2,10,10,18,13,12,10,2,3,0,16,0,3,12,31,3,56,10,10
"agent NegotiatingAgent #29",NegotiatingAgent,0.24,0,0.69,10,0,1,0,0,6,10,6,12,7,10,0,5,0,10,0,0,2,25,0,24,10,10
"agent NegotiatingAgent #30",NegotiatingAgent,0.29,0,0.69,10,0,2,0,1,9,10,8,27,17,10,0,10,0,6,0,0,6,24,1,29,10,10
