agentName,agentType,averageSpeed,cumulatedUtilityReceived,freeWallRatio,numBacktrackAgents,numCFPAnswered,numDeadends,numDifferentEncounters,numDirectionChanges,numDownSteps,numForwardAgents,numLeftSteps,numMessagesReceived,numMessagesSent,numNegotiatingAgents,numProposalsAccepted,numProposalsRejected,numRandomAgents,numRightSteps,numSwarmAgents,numTotalEncounters,numUpSteps,numVisitedCells,startingPosition,stepsToExit,xsize,ysize
"agent BacktrackAgent #1",BacktrackAgent,0.28,0,0.69,100,0,1,0,0,6,100,8,0,0,100,0,0,0,12,0,1816,2,29,0,28,10,10
"agent BacktrackAgent #2",BacktrackAgent,0.39,0,0.69,100,0,3,0,2,6,100,16,0,0,100,0,0,0,14,0,1430,3,31,1,39,10,10
"agent BacktrackAgent #3",BacktrackAgent,0.09,0,0.69,100,0,1,0,0,0,100,2,0,0,100,0,0,0,5,0,257,2,10,2,9,10,10
"agent BacktrackAgent #4",BacktrackAgent,0.04,0,0.69,100,0,1,0,0,0,100,2,0,0,100,0,0,0,0,0,141,2,5,3,4,10,10
"agent BacktrackAgent #5",BacktrackAgent,0.32,0,0.69,100,0,2,0,1,6,100,10,0,0,100,0,0,0,14,0,1573,2,31,0,32,10,10
"agent BacktrackAgent #6",BacktrackAgent,0.35,0,0.69,100,0,2,0,1,6,100,14,0,0,100,0,0,0,12,0,1169,3,29,1,35,10,10
"agent BacktrackAgent #7",BacktrackAgent,0.49,0,0.69,100,0,2,0,1,6,100,16,0,0,100,0,0,0,19,0,1055,8,30,2,49,10,10
"agent BacktrackAgent #8",BacktrackAgent,0.04,0,0.69,100,0,1,0,0,0,100,2,0,0,100,0,0,0,0,0,115,2,5,3,4,10,10
"agent BacktrackAgent #9",BacktrackAgent,0.28,0,0.69,100,0,1,0,0,6,100,8,0,0,100,0,0,0,12,0,1220,2,29,0,28,10,10
"agent BacktrackAgent #10",BacktrackAgent,0.35,0,0.69,100,0,2,0,1,6,100,14,0,0,100,0,0,0,12,0,1376,3,29,1,35,10,10
"agent BacktrackAgent #11",BacktrackAgent,0.51,0,0.69,100,0,3,0,2,6,100,17,0,0,100,0,0,0,20,0,1929,8,31,2,51,10,10
"agent BacktrackAgent #12",BacktrackAgent,0.56,0,0.69,100,0,3,0,2,6,100,22,0,0,100,0,0,0,20,0,2339,8,31,3,56,10,10
"agent BacktrackAgent #13",BacktrackAgent,0.28,0,0.69,100,0,1,0,0,6,100,8,0,0,100,0,0,0,12,0,1866,2,29,0,28,10,10
"agent BacktrackAgent #14",BacktrackAgent,0.21,0,0.69,100,0,1,0,0,5,100,8,0,0,100,0,0,0,6,0,766,2,22,1,21,10,10
"agent BacktrackAgent #15",BacktrackAgent,0.11,0,0.69,100,0,2,0,1,0,100,3,0,0,100,0,0,0,6,0,502,2,11,2,11,10,10
"agent BacktrackAgent #16",BacktrackAgent,0.04,0,0.69,100,0,1,0,0,0,100,2,0,0,100,0,0,0,0,0,163,2,5,3,4,10,10
"agent BacktrackAgent #17",BacktrackAgent,0.32,0,0.69,100,0,2,0,1,6,100,10,0,0,100,0,0,0,14,0,1902,2,31,0,32,10,10
"agent BacktrackAgent #18",BacktrackAgent,0.25,0,0.69,100,0,2,0,1,5,100,10,0,0,100,0,0,0,8,0,696,2,24,1,25,10,10
"agent BacktrackAgent #19",BacktrackAgent,0.51,0,0.69,100,0,3,0,2,6,100,17,0,0,100,0,0,0,20,0,1867,8,31,2,51,10,10
"agent BacktrackAgent #20",BacktrackAgent,0.04,0,0.69,100,0,1,0,0,0,100,2,0,0,100,0,0,0,0,0,159,2,5,3,4,10,10
"agent BacktrackAgent #21",BacktrackAgent,0.32,0,0.69,100,0,2,0,1,6,100,10,0,0,100,0,0,0,14,0,1849,2,31,0,32,10,10
"agent BacktrackAgent #22",BacktrackAgent,0.21,0,0.69,100,0,1,0,0,5,100,8,0,0,100,0,0,0,6,0,729,2,22,1,21,10,10
"agent BacktrackAgent #23",BacktrackAgent,0.51,0,0.69,100,0,3,0,2,6,100,17,0,0,100,0,0,0,20,0,1811,8,31,2,51,10,10
"agent BacktrackAgent #24",BacktrackAgent,0.56,0,0.69,100,0,3,0,2,6,100,22,0,0,100,0,0,0,20,0,1475,8,31,3,56,10,10
"agent BacktrackAgent #25",BacktrackAgent,0.32,0,0.69,100,0,2,0,1,6,100,10,0,0,100,0,0,0,14,0,1814,2,31,0,32,10,10
"agent BacktrackAgent #26",BacktrackAgent,0.21,0,0.69,100,0,1,0,0,5,100,8,0,0,100,0,0,0,6,0,705,2,22,1,21,10,10
"agent BacktrackAgent #27",BacktrackAgent,0.11,0,0.69,100,0,2,0,1,0,100,3,0,0,100,0,0,0,6,0,482,2,11,2,11,10,10
"agent BacktrackAgent #28",BacktrackAgent,0.04,0,0.69,100,0,1,0,0,0,100,2,0,0,100,0,0,0,0,0,154,2,5,3,4,10,10
"agent BacktrackAgent #29",BacktrackAgent,0.28,0,0.69,100,0,1,0,0,6,100,8,0,0,100,0,0,0,12,0,1744,2,29,0,28,10,10
"agent BacktrackAgent #30",BacktrackAgent,0.25,0,0.69,100,0,2,0,1,5,100,10,0,0,100,0,0,0,8,0,638,2,24,1,25,10,10
"agent BacktrackAgent #31",BacktrackAgent,0.49,0,0.69,100,0,2,0,1,6,100,16,0,0,100,0,0,0,19,0,1270,8,30,2,49,10,10
"agent BacktrackAgent #32",BacktrackAgent,0.56,0,0.69,100,0,3,0,2,6,100,22,0,0,100,0,0,0,20,0,1408,8,31,3,56,10,10
"agent BacktrackAgent #33",BacktrackAgent,0.32,0,0.69,100,0,2,0,1,6,100,10,0,0,100,0,0,0,14,0,1756,2,31,0,32,10,10
"agent BacktrackAgent #34",BacktrackAgent,0.25,0,0.69,100,0,2,0,1,5,100,10,0,0,100,0,0,0,8,0,610,2,24,1,25,10,10
"agent BacktrackAgent #35",BacktrackAgent,0.51,0,0.69,100,0,3,0,2,6,100,17,0,0,100,0,0,0,20,0,1695,8,31,2,51,10,10
"agent BacktrackAgent #36",BacktrackAgent,0.04,0,0.69,100,0,1,0,0,0,100,2,0,0,100,0,0,0,0,0,149,2,5,3,4,10,10
"agent BacktrackAgent #37",BacktrackAgent,0.28,0,0.69,100,0,1,0,0,6,100,8,0,0,100,0,0,0,12,0,1689,2,29,0,28,10,10
"agent BacktrackAgent #38",BacktrackAgent,0.39,0,0.69,100,0,3,0,2,6,100,16,0,0,100,0,0,0,14,0,1382,3,31,1,39,10,10
"agent BacktrackAgent #39",BacktrackAgent,0.11,0,0.69,100,0,2,0,1,0,100,3,0,0,100,0,0,0,6,0,463,2,11,2,11,10,10
"agent BacktrackAgent #40",BacktrackAgent,0.56,0,0.69,100,0,3,0,2,6,100,22,0,0,100,0,0,0,20,0,2094,8,31,3,56,10,10
"agent BacktrackAgent #41",BacktrackAgent,0.28,0,0.69,100,0,1,0,0,6,100,8,0,0,100,0,0,0,12,0,1658,2,29,0,28,10,10
"agent BacktrackAgent #42",BacktrackAgent,0.21,0,0.69,100,0,1,0,0,5,100,8,0,0,100,0,0,0,6,0,649,2,22,1,21,10,10
"agent BacktrackAgent #43",BacktrackAgent,0.11,0,0.69,100,0,2,0,1,0,100,3,0,0,100,0,0,0,6,0,451,2,11,2,11,10,10
"agent BacktrackAgent #44",BacktrackAgent,0.04,0,0.69,100,0,1,0,0,0,100,2,0,0,100,0,0,0,0,0,144,2,5,3,4,10,10
"agent BacktrackAgent #45",BacktrackAgent,0.32,0,0.69,100,0,2,0,1,6,100,10,0,0,100,0,0,0,14,0,1678,2,31,0,32,10,10
"agent BacktrackAgent #46",BacktrackAgent,0.21,0,0.69,100,0,1,0,0,5,100,8,0,0,100,0,0,0,6,0,628,2,22,1,21,10,10
"agent BacktrackAgent #47",BacktrackAgent,0.49,0,0.69,100,0,2,0,1,6,100,16,0,0,100,0,0,0,19,0,1201,8,30,2,49,10,10
"agent BacktrackAgent #48",BacktrackAgent,0.56,0,0.69,100,0,3,0,2,6,100,22,0,0,100,0,0,0,20,0,2029,8,31,3,56,10,10
"agent BacktrackAgent #49",BacktrackAgent,0.28,0,0.69,100,0,1,0,0,6,100,8,0,0,100,0,0,0,12,0,1606,2,29,0,28,10,10
"agent BacktrackAgent #50",BacktrackAgent,0.21,0,0.69,100,0,1,0,0,5,100,8,0,0,100,0,0,0,6,0,604,2,22,1,21,10,10
"agent BacktrackAgent #51",BacktrackAgent,0.11,0,0.69,100,0,2,0,1,0,100,3,0,0,100,0,0,0,6,0,436,2,11,2,11,10,10
"agent BacktrackAgent #52",BacktrackAgent,0.56,0,0.69,100,0,3,0,2,6,100,22,0,0,100,0,0,0,20,0,1969,8,31,3,56,10,10
"agent BacktrackAgent #53",BacktrackAgent,0.28,0,0.69,100,0,1,0,0,6,100,8,0,0,100,0,0,0,12,0,1576,2,29,0,28,10,10
"agent BacktrackAgent #54",BacktrackAgent,0.35,0,0.69,100,0,2,0,1,6,100,14,0,0,100,0,0,0,12,0,1246,3,29,1,35,10,10
"agent BacktrackAgent #55",BacktrackAgent,0.49,0,0.69,100,0,2,0,1,6,100,16,0,0,100,0,0,0,19,0,1143,8,30,2,49,10,10
"agent BacktrackAgent #56",BacktrackAgent,0.56,0,0.69,100,0,3,0,2,6,100,22,0,0,100,0,0,0,20,0,1275,8,31,3,56,10,10
"agent BacktrackAgent #57",BacktrackAgent,0.28,0,0.69,100,0,1,0,0,6,100,8,0,0,100,0,0,0,12,0,1544,2,29,0,28,10,10
"agent BacktrackAgent #58",BacktrackAgent,0.21,0,0.69,100,0,1,0,0,5,100,8,0,0,100,0,0,0,6,0,578,2,22,1,21,10,10
"agent BacktrackAgent #59",BacktrackAgent,0.51,0,0.69,100,0,3,0,2,6,100,17,0,0,100,0,0,0,20,0,1512,8,31,2,51,10,10
"agent BacktrackAgent #60",BacktrackAgent,0.56,0,0.69,100,0,3,0,2,6,100,22,0,0,100,0,0,0,20,0,1213,8,31,3,56,10,10
"agent BacktrackAgent #61",BacktrackAgent,0.32,0,0.69,100,0,2,0,1,6,100,10,0,0,100,0,0,0,14,0,1540,2,31,0,32,10,10
"agent BacktrackAgent #62",BacktrackAgent,0.39,0,0.69,100,0,3,0,2,6,100,16,0,0,100,0,0,0,14,0,1292,3,31,1,39,10,10
"agent BacktrackAgent #63",BacktrackAgent,0.11,0,0.69,100,0,2,0,1,0,100,3,0,0,100,0,0,0,6,0,415,2,11,2,11,10,10
"agent BacktrackAgent #64",BacktrackAgent,0.04,0,0.69,100,0,1,0,0,0,100,2,0,0,100,0,0,0,0,0,133,2,5,3,4,10,10
"agent BacktrackAgent #65",BacktrackAgent,0.32,0,0.69,100,0,2,0,1,6,100,10,0,0,100,0,0,0,14,0,1507,2,31,0,32,10,10
"agent BacktrackAgent #66",BacktrackAgent,0.21,0,0.69,100,0,1,0,0,5,100,8,0,0,100,0,0,0,6,0,553,2,22,1,21,10,10
"agent BacktrackAgent #67",BacktrackAgent,0.09,0,0.69,100,0,1,0,0,0,100,2,0,0,100,0,0,0,5,0,234,2,10,2,9,10,10
"agent BacktrackAgent #68",BacktrackAgent,0.56,0,0.69,100,0,3,0,2,6,100,22,0,0,100,0,0,0,20,0,1148,8,31,3,56,10,10
"agent BacktrackAgent #69",BacktrackAgent,0.28,0,0.69,100,0,1,0,0,6,100,8,0,0,100,0,0,0,12,0,1448,2,29,0,28,10,10
"agent BacktrackAgent #70",BacktrackAgent,0.21,0,0.69,100,0,1,0,0,5,100,8,0,0,100,0,0,0,6,0,531,2,22,1,21,10,10
"agent BacktrackAgent #71",BacktrackAgent,0.51,0,0.69,100,0,3,0,2,6,100,17,0,0,100,0,0,0,20,0,1440,8,31,2,51,10,10
"agent BacktrackAgent #72",BacktrackAgent,0.56,0,0.69,100,0,3,0,2,6,100,22,0,0,100,0,0,0,20,0,1761,8,31,3,56,10,10
"agent BacktrackAgent #73",BacktrackAgent,0.28,0,0.69,100,0,1,0,0,6,100,8,0,0,100,0,0,0,12,0,1415,2,29,0,28,10,10
"agent BacktrackAgent #74",BacktrackAgent,0.21,0,0.69,100,0,1,0,0,5,100,8,0,0,100,0,0,0,6,0,507,2,22,1,21,10,10
"agent BacktrackAgent #75",BacktrackAgent,0.09,0,0.69,100,0,1,0,0,0,100,2,0,0,100,0,0,0,5,0,222,2,10,2,9,10,10
"agent BacktrackAgent #76",BacktrackAgent,0.04,0,0.69,100,0,1,0,0,0,100,2,0,0,100,0,0,0,0,0,127,2,5,3,4,10,10
"agent BacktrackAgent #77",BacktrackAgent,0.32,0,0.69,100,0,2,0,1,6,100,10,0,0,100,0,0,0,14,0,1426,2,31,0,32,10,10
"agent BacktrackAgent #78",BacktrackAgent,0.21,0,0.69,100,0,1,0,0,5,100,8,0,0,100,0,0,0,6,0,486,2,22,1,21,10,10
"agent BacktrackAgent #79",BacktrackAgent,0.51,0,0.69,100,0,3,0,2,6,100,17,0,0,100,0,0,0,20,0,1379,8,31,2,51,10,10
"agent BacktrackAgent #80",BacktrackAgent,0.04,0,0.69,100,0,1,0,0,0,100,2,0,0,100,0,0,0,0,0,123,2,5,3,4,10,10
"agent BacktrackAgent #81",BacktrackAgent,0.28,0,0.69,100,0,1,0,0,6,100,8,0,0,100,0,0,0,12,0,1363,2,29,0,28,10,10
"agent BacktrackAgent #82",BacktrackAgent,0.39,0,0.69,100,0,3,0,2,6,100,16,0,0,100,0,0,0,14,0,1210,3,31,1,39,10,10
"agent BacktrackAgent #83",BacktrackAgent,0.11,0,0.69,100,0,2,0,1,0,100,3,0,0,100,0,0,0,6,0,376,2,11,2,11,10,10
"agent BacktrackAgent #84",BacktrackAgent,0.04,0,0.69,100,0,1,0,0,0,100,2,0,0,100,0,0,0,0,0,119,2,5,3,4,10,10
"agent BacktrackAgent #85",BacktrackAgent,0.28,0,0.69,100,0,1,0,0,6,100,8,0,0,100,0,0,0,12,0,1334,2,29,0,28,10,10
"agent BacktrackAgent #86",BacktrackAgent,0.35,0,0.69,100,0,2,0,1,6,100,14,0,0,100,0,0,0,12,0,1093,3,29,1,35,10,10
"agent BacktrackAgent #87",BacktrackAgent,0.11,0,0.69,100,0,2,0,1,0,100,3,0,0,100,0,0,0,6,0,365,2,11,2,11,10,10
"agent BacktrackAgent #88",BacktrackAgent,0.56,0,0.69,100,0,3,0,2,6,100,22,0,0,100,0,0,0,20,0,1047,8,31,3,56,10,10
"agent BacktrackAgent #89",BacktrackAgent,0.32,0,0.69,100,0,2,0,1,6,100,10,0,0,100,0,0,0,14,0,1345,2,31,0,32,10,10
"agent BacktrackAgent #90",BacktrackAgent,0.39,0,0.69,100,0,3,0,2,6,100,16,0,0,100,0,0,0,14,0,1140,3,31,1,39,10,10
"agent BacktrackAgent #91",BacktrackAgent,0.49,0,0.69,100,0,2,0,1,6,100,16,0,0,100,0,0,0,19,0,995,8,30,2,49,10,10
"agent BacktrackAgent #92",BacktrackAgent,0.56,0,0.69,100,0,3,0,2,6,100,22,0,0,100,0,0,0,20,0,987,8,31,3,56,10,10
"agent BacktrackAgent #93",BacktrackAgent,0.28,0,0.69,100,0,1,0,0,6,100,8,0,0,100,0,0,0,12,0,1278,2,29,0,28,10,10
"agent BacktrackAgent #94",BacktrackAgent,0.21,0,0.69,100,0,1,0,0,5,100,8,0,0,100,0,0,0,6,0,455,2,22,1,21,10,10
"agent BacktrackAgent #95",BacktrackAgent,0.49,0,0.69,100,0,2,0,1,6,100,16,0,0,100,0,0,0,19,0,942,8,30,2,49,10,10
"agent BacktrackAgent #96",BacktrackAgent,0.56,0,0.69,100,0,3,0,2,6,100,22,0,0,100,0,0,0,20,0,1604,8,31,3,56,10,10
"agent BacktrackAgent #97",BacktrackAgent,0.28,0,0.69,100,0,1,0,0,6,100,8,0,0,100,0,0,0,12,0,1247,2,29,0,28,10,10
"agent BacktrackAgent #98",BacktrackAgent,0.21,0,0.69,100,0,1,0,0,5,100,8,0,0,100,0,0,0,6,0,431,2,22,1,21,10,10
"agent BacktrackAgent #99",BacktrackAgent,0.09,0,0.69,100,0,1,0,0,0,100,2,0,0,100,0,0,0,5,0,202,2,10,2,9,10,10
"agent BacktrackAgent #100",BacktrackAgent,0.04,0,0.69,100,0,1,0,0,0,100,2,0,0,100,0,0,0,0,0,146,2,5,3,4,10,10
"agent ForwardAgent #101",ForwardAgent,0.32,0,0.69,100,0,2,0,1,6,100,10,0,0,100,0,0,0,14,0,1244,2,31,0,32,10,10
"agent ForwardAgent #102",ForwardAgent,0.35,0,0.69,100,0,2,0,1,6,100,14,0,0,100,0,0,0,12,0,1015,3,29,1,35,10,10
"agent ForwardAgent #103",ForwardAgent,0.53,0,0.69,100,0,3,0,2,6,100,18,0,0,100,0,0,0,21,0,970,8,31,2,53,10,10
"agent ForwardAgent #104",ForwardAgent,0.96,0,0.69,100,0,4,0,3,12,100,36,0,0,100,0,0,0,34,0,1683,14,31,3,96,10,10
"agent ForwardAgent #105",ForwardAgent,0.72,0,0.69,100,0,3,0,2,12,100,24,0,0,100,0,0,0,28,0,1523,8,31,0,72,10,10
"agent ForwardAgent #106",ForwardAgent,0.65,0,0.69,100,0,3,0,2,11,100,24,0,0,100,0,0,0,22,0,846,8,31,1,65,10,10
"agent ForwardAgent #107",ForwardAgent,0.11,0,0.69,100,0,2,0,1,0,100,3,0,0,100,0,0,0,6,0,332,2,11,2,11,10,10
"agent ForwardAgent #108",ForwardAgent,1.0,0,0.69,100,0,5,0,4,12,100,38,0,0,100,0,0,0,36,0,1578,14,31,3,100,10,10
"agent ForwardAgent #109",ForwardAgent,0.72,0,0.69,100,0,3,0,2,12,100,24,0,0,100,0,0,0,28,0,1443,8,31,0,72,10,10
"agent ForwardAgent #110",ForwardAgent,0.39,0,0.69,100,0,3,0,2,6,100,16,0,0,100,0,0,0,14,0,1049,3,31,1,39,10,10
"agent ForwardAgent #111",ForwardAgent,0.11,0,0.69,100,0,2,0,1,0,100,3,0,0,100,0,0,0,6,0,320,2,11,2,11,10,10
"agent ForwardAgent #112",ForwardAgent,0.04,0,0.69,100,0,1,0,0,0,100,2,0,0,100,0,0,0,0,0,107,2,5,3,4,10,10
"agent ForwardAgent #113",ForwardAgent,0.32,0,0.69,100,0,2,0,1,6,100,10,0,0,100,0,0,0,14,0,1154,2,31,0,32,10,10
"agent ForwardAgent #114",ForwardAgent,0.69,0,0.69,100,0,4,0,3,11,100,26,0,0,100,0,0,0,24,0,791,8,31,1,69,10,10
"agent ForwardAgent #115",ForwardAgent,0.11,0,0.69,100,0,2,0,1,0,100,3,0,0,100,0,0,0,6,0,309,2,11,2,11,10,10
"agent ForwardAgent #116",ForwardAgent,0.04,0,0.69,100,0,1,0,0,0,100,2,0,0,100,0,0,0,0,0,103,2,5,3,4,10,10
"agent ForwardAgent #117",ForwardAgent,0.28,0,0.69,100,0,1,0,0,6,100,8,0,0,100,0,0,0,12,0,1099,2,29,0,28,10,10
"agent ForwardAgent #118",ForwardAgent,0.21,0,0.69,100,0,1,0,0,5,100,8,0,0,100,0,0,0,6,0,376,2,22,1,21,10,10
"agent ForwardAgent #119",ForwardAgent,0.49,0,0.69,100,0,2,0,1,6,100,16,0,0,100,0,0,0,19,0,817,8,30,2,49,10,10
"agent ForwardAgent #120",ForwardAgent,0.52,0,0.69,100,0,2,0,1,6,100,20,0,0,100,0,0,0,18,0,1309,8,29,3,52,10,10
"agent ForwardAgent #121",ForwardAgent,0.28,0,0.69,100,0,1,0,0,6,100,8,0,0,100,0,0,0,12,0,1068,2,29,0,28,10,10
"agent ForwardAgent #122",ForwardAgent,0.35,0,0.69,100,0,2,0,1,6,100,14,0,0,100,0,0,0,12,0,931,3,29,1,35,10,10
"agent ForwardAgent #123",ForwardAgent,0.09,0,0.69,100,0,1,0,0,0,100,2,0,0,100,0,0,0,5,0,183,2,10,2,9,10,10
"agent ForwardAgent #124",ForwardAgent,0.6,0,0.69,100,0,4,0,3,6,100,24,0,0,100,0,0,0,22,0,800,8,31,3,60,10,10
"agent ForwardAgent #125",ForwardAgent,0.28,0,0.69,100,0,1,0,0,6,100,8,0,0,100,0,0,0,12,0,1037,2,29,0,28,10,10
"agent ForwardAgent #126",ForwardAgent,0.39,0,0.69,100,0,3,0,2,6,100,16,0,0,100,0,0,0,14,0,970,3,31,1,39,10,10
"agent ForwardAgent #127",ForwardAgent,0.09,0,0.69,100,0,1,0,0,0,100,2,0,0,100,0,0,0,5,0,173,2,10,2,9,10,10
"agent ForwardAgent #128",ForwardAgent,0.52,0,0.69,100,0,2,0,1,6,100,20,0,0,100,0,0,0,18,0,1242,8,29,3,52,10,10
"agent ForwardAgent #129",ForwardAgent,0.28,0,0.69,100,0,1,0,0,6,100,8,0,0,100,0,0,0,12,0,1006,2,29,0,28,10,10
"agent ForwardAgent #130",ForwardAgent,0.35,0,0.69,100,0,2,0,1,6,100,14,0,0,100,0,0,0,12,0,864,3,29,1,35,10,10
"agent ForwardAgent #131",ForwardAgent,0.51,0,0.69,100,0,3,0,2,6,100,17,0,0,100,0,0,0,20,0,1053,8,31,2,51,10,10
"agent ForwardAgent #132",ForwardAgent,0.04,0,0.69,100,0,1,0,0,0,100,2,0,0,100,0,0,0,0,0,96,2,5,3,4,10,10
"agent ForwardAgent #133",ForwardAgent,1.16,0,0.69,100,0,5,0,4,18,100,40,0,0,100,0,0,0,44,0,1290,14,31,0,116,10,10
"agent ForwardAgent #134",ForwardAgent,0.21,0,0.69,100,0,1,0,0,5,100,8,0,0,100,0,0,0,6,0,345,2,22,1,21,10,10
"agent ForwardAgent #135",ForwardAgent,0.09,0,0.69,100,0,1,0,0,0,100,2,0,0,100,0,0,0,5,0,162,2,10,2,9,10,10
"agent ForwardAgent #136",ForwardAgent,0.04,0,0.69,100,0,1,0,0,0,100,2,0,0,100,0,0,0,0,0,92,2,5,3,4,10,10
"agent ForwardAgent #137",ForwardAgent,0.32,0,0.69,100,0,2,0,1,6,100,10,0,0,100,0,0,0,14,0,1001,2,31,0,32,10,10
"agent ForwardAgent #138",ForwardAgent,0.39,0,0.69,100,0,3,0,2,6,100,16,0,0,100,0,0,0,14,0,895,3,31,1,39,10,10
"agent ForwardAgent #139",ForwardAgent,1.41,0,0.69,100,0,7,0,6,18,100,50,0,0,100,0,0,0,53,0,914,20,31,2,141,10,10
"agent ForwardAgent #140",ForwardAgent,0.04,0,0.69,100,0,1,0,0,0,100,2,0,0,100,0,0,0,0,0,88,2,5,3,4,10,10
"agent ForwardAgent #141",ForwardAgent,0.72,0,0.69,100,0,3,0,2,12,100,24,0,0,100,0,0,0,28,0,1141,8,31,0,72,10,10
"agent ForwardAgent #142",ForwardAgent,0.21,0,0.69,100,0,1,0,0,5,100,8,0,0,100,0,0,0,6,0,321,2,22,1,21,10,10
"agent ForwardAgent #143",ForwardAgent,0.49,0,0.69,100,0,2,0,1,6,100,16,0,0,100,0,0,0,19,0,694,8,30,2,49,10,10
"agent ForwardAgent #144",ForwardAgent,0.56,0,0.69,100,0,3,0,2,6,100,22,0,0,100,0,0,0,20,0,764,8,31,3,56,10,10
"agent ForwardAgent #145",ForwardAgent,0.72,0,0.69,100,0,3,0,2,12,100,24,0,0,100,0,0,0,28,0,1063,8,31,0,72,10,10
"agent ForwardAgent #146",ForwardAgent,0.35,0,0.69,100,0,2,0,1,6,100,14,0,0,100,0,0,0,12,0,785,3,29,1,35,10,10
"agent ForwardAgent #147",ForwardAgent,0.11,0,0.69,100,0,2,0,1,0,100,3,0,0,100,0,0,0,6,0,254,2,11,2,11,10,10
"agent ForwardAgent #148",ForwardAgent,0.04,0,0.69,100,0,1,0,0,0,100,2,0,0,100,0,0,0,0,0,83,2,5,3,4,10,10
"agent ForwardAgent #149",ForwardAgent,0.28,0,0.69,100,0,1,0,0,6,100,8,0,0,100,0,0,0,12,0,886,2,29,0,28,10,10
"agent ForwardAgent #150",ForwardAgent,1.09,0,0.69,100,0,5,0,4,17,100,40,0,0,100,0,0,0,38,0,686,14,31,1,109,10,10
"agent ForwardAgent #151",ForwardAgent,0.09,0,0.69,100,0,1,0,0,0,100,2,0,0,100,0,0,0,5,0,147,2,10,2,9,10,10
"agent ForwardAgent #152",ForwardAgent,0.56,0,0.69,100,0,3,0,2,6,100,22,0,0,100,0,0,0,20,0,1217,8,31,3,56,10,10
"agent ForwardAgent #153",ForwardAgent,0.28,0,0.69,100,0,1,0,0,6,100,8,0,0,100,0,0,0,12,0,855,2,29,0,28,10,10
"agent ForwardAgent #154",ForwardAgent,1.27,0,0.69,100,0,7,0,6,18,100,48,0,0,100,0,0,0,46,0,908,15,31,1,127,10,10
"agent ForwardAgent #155",ForwardAgent,0.11,0,0.69,100,0,2,0,1,0,100,3,0,0,100,0,0,0,6,0,233,2,11,2,11,10,10
"agent ForwardAgent #156",ForwardAgent,0.56,0,0.69,100,0,3,0,2,6,100,22,0,0,100,0,0,0,20,0,675,8,31,3,56,10,10
"agent ForwardAgent #157",ForwardAgent,0.28,0,0.69,100,0,1,0,0,6,100,8,0,0,100,0,0,0,12,0,824,2,29,0,28,10,10
"agent ForwardAgent #158",ForwardAgent,0.25,0,0.69,100,0,2,0,1,5,100,10,0,0,100,0,0,0,8,0,290,2,24,1,25,10,10
"agent ForwardAgent #159",ForwardAgent,0.09,0,0.69,100,0,1,0,0,0,100,2,0,0,100,0,0,0,5,0,135,2,10,2,9,10,10
"agent ForwardAgent #160",ForwardAgent,1.0,0,0.69,100,0,5,0,4,12,100,38,0,0,100,0,0,0,36,0,586,14,31,3,100,10,10
"agent ForwardAgent #161",ForwardAgent,0.32,0,0.69,100,0,2,0,1,6,100,10,0,0,100,0,0,0,14,0,842,2,31,0,32,10,10
"agent ForwardAgent #162",ForwardAgent,0.35,0,0.69,100,0,2,0,1,6,100,14,0,0,100,0,0,0,12,0,711,3,29,1,35,10,10
"agent ForwardAgent #163",ForwardAgent,0.51,0,0.69,100,0,3,0,2,6,100,17,0,0,100,0,0,0,20,0,858,8,31,2,51,10,10
"agent ForwardAgent #164",ForwardAgent,0.96,0,0.69,100,0,4,0,3,12,100,36,0,0,100,0,0,0,34,0,1141,14,31,3,96,10,10
"agent ForwardAgent #165",ForwardAgent,0.28,0,0.69,100,0,1,0,0,6,100,8,0,0,100,0,0,0,12,0,769,2,29,0,28,10,10
"agent ForwardAgent #166",ForwardAgent,0.79,0,0.69,100,0,4,0,3,12,100,30,0,0,100,0,0,0,28,0,781,9,31,1,79,10,10
"agent ForwardAgent #167",ForwardAgent,0.09,0,0.69,100,0,1,0,0,0,100,2,0,0,100,0,0,0,5,0,123,2,10,2,9,10,10
"agent ForwardAgent #168",ForwardAgent,0.52,0,0.69,100,0,2,0,1,6,100,20,0,0,100,0,0,0,18,0,932,8,29,3,52,10,10
"agent ForwardAgent #169",ForwardAgent,0.28,0,0.69,100,0,1,0,0,6,100,8,0,0,100,0,0,0,12,0,738,2,29,0,28,10,10
"agent ForwardAgent #170",ForwardAgent,0.65,0,0.69,100,0,3,0,2,11,100,24,0,0,100,0,0,0,22,0,509,8,31,1,65,10,10
"agent ForwardAgent #171",ForwardAgent,0.51,0,0.69,100,0,3,0,2,6,100,17,0,0,100,0,0,0,20,0,792,8,31,2,51,10,10
"agent ForwardAgent #172",ForwardAgent,0.04,0,0.69,100,0,1,0,0,0,100,2,0,0,100,0,0,0,0,0,74,2,5,3,4,10,10
"agent ForwardAgent #173",ForwardAgent,0.32,0,0.69,100,0,2,0,1,6,100,10,0,0,100,0,0,0,14,0,759,2,31,0,32,10,10
"agent ForwardAgent #174",ForwardAgent,1.09,0,0.69,100,0,5,0,4,17,100,40,0,0,100,0,0,0,38,0,454,14,31,1,109,10,10
"agent ForwardAgent #175",ForwardAgent,0.53,0,0.69,100,0,3,0,2,6,100,18,0,0,100,0,0,0,21,0,625,8,31,2,53,10,10
"agent ForwardAgent #176",ForwardAgent,2.32,0,0.69,100,0,11,0,10,30,100,86,0,0,100,0,0,0,84,0,938,32,31,3,232,10,10
"agent ForwardAgent #177",ForwardAgent,0.28,0,0.69,100,0,1,0,0,6,100,8,0,0,100,0,0,0,12,0,683,2,29,0,28,10,10
"agent ForwardAgent #178",ForwardAgent,0.21,0,0.69,100,0,1,0,0,5,100,8,0,0,100,0,0,0,6,0,225,2,22,1,21,10,10
"agent ForwardAgent #179",ForwardAgent,0.49,0,0.69,100,0,2,0,1,6,100,16,0,0,100,0,0,0,19,0,544,8,30,2,49,10,10
"agent ForwardAgent #180",ForwardAgent,0.04,0,0.69,100,0,1,0,0,0,100,2,0,0,100,0,0,0,0,0,69,2,5,3,4,10,10
"agent ForwardAgent #181",ForwardAgent,0.28,0,0.69,100,0,1,0,0,6,100,8,0,0,100,0,0,0,12,0,654,2,29,0,28,10,10
"agent ForwardAgent #182",ForwardAgent,0.39,0,0.69,100,0,3,0,2,6,100,16,0,0,100,0,0,0,14,0,692,3,31,1,39,10,10
"agent ForwardAgent #183",ForwardAgent,0.49,0,0.69,100,0,2,0,1,6,100,16,0,0,100,0,0,0,19,0,492,8,30,2,49,10,10
"agent ForwardAgent #184",ForwardAgent,0.04,0,0.69,100,0,1,0,0,0,100,2,0,0,100,0,0,0,0,0,65,2,5,3,4,10,10
"agent ForwardAgent #185",ForwardAgent,0.32,0,0.69,100,0,2,0,1,6,100,10,0,0,100,0,0,0,14,0,678,2,31,0,32,10,10
"agent ForwardAgent #186",ForwardAgent,0.25,0,0.69,100,0,2,0,1,5,100,10,0,0,100,0,0,0,8,0,198,2,24,1,25,10,10
"agent ForwardAgent #187",ForwardAgent,0.53,0,0.69,100,0,3,0,2,6,100,18,0,0,100,0,0,0,21,0,477,8,31,2,53,10,10
"agent ForwardAgent #188",ForwardAgent,0.96,0,0.69,100,0,4,0,3,12,100,36,0,0,100,0,0,0,34,0,835,14,31,3,96,10,10
"agent ForwardAgent #189",ForwardAgent,0.28,0,0.69,100,0,1,0,0,6,100,8,0,0,100,0,0,0,12,0,600,2,29,0,28,10,10
"agent ForwardAgent #190",ForwardAgent,0.21,0,0.69,100,0,1,0,0,5,100,8,0,0,100,0,0,0,6,0,182,2,22,1,21,10,10
"agent ForwardAgent #191",ForwardAgent,1.41,0,0.69,100,0,7,0,6,18,100,50,0,0,100,0,0,0,53,0,436,20,31,2,141,10,10
"agent ForwardAgent #192",ForwardAgent,0.16,0,0.69,100,0,2,0,1,0,100,8,0,0,100,0,0,0,6,0,133,2,11,3,16,10,10
"agent ForwardAgent #193",ForwardAgent,0.28,0,0.69,100,0,1,0,0,6,100,8,0,0,100,0,0,0,12,0,571,2,29,0,28,10,10
"agent ForwardAgent #194",ForwardAgent,0.39,0,0.69,100,0,3,0,2,6,100,16,0,0,100,0,0,0,14,0,641,3,31,1,39,10,10
"agent ForwardAgent #195",ForwardAgent,0.09,0,0.69,100,0,1,0,0,0,100,2,0,0,100,0,0,0,5,0,99,2,10,2,9,10,10
"agent ForwardAgent #196",ForwardAgent,0.04,0,0.69,100,0,1,0,0,0,100,2,0,0,100,0,0,0,0,0,59,2,5,3,4,10,10
"agent ForwardAgent #197",ForwardAgent,1.2,0,0.69,100,0,6,0,5,18,100,42,0,0,100,0,0,0,46,0,659,14,31,0,120,10,10
"agent ForwardAgent #198",ForwardAgent,0.35,0,0.69,100,0,2,0,1,6,100,14,0,0,100,0,0,0,12,0,555,3,29,1,35,10,10
"agent ForwardAgent #199",ForwardAgent,0.11,0,0.69,100,0,2,0,1,0,100,3,0,0,100,0,0,0,6,0,165,2,11,2,11,10,10
"agent ForwardAgent #200",ForwardAgent,0.52,0,0.69,100,0,2,0,1,6,100,20,0,0,100,0,0,0,18,0,698,8,29,3,52,10,10
"agent NegotiatingAgent #201",NegotiatingAgent,0.28,0,0.69,100,28,1,0,0,6,100,8,56,57,100,0,0,0,12,0,194,2,29,0,28,10,10
"agent NegotiatingAgent #202",NegotiatingAgent,0.39,1,0.69,100,37,3,0,2,6,100,16,76,69,100,0,0,0,14,0,176,3,31,1,39,10,10
"agent NegotiatingAgent #203",NegotiatingAgent,0.49,66,0.69,100,47,2,0,1,6,100,16,94,71,100,0,0,0,19,0,138,8,30,2,49,10,10
"agent NegotiatingAgent #204",NegotiatingAgent,0.04,0,0.69,100,3,1,0,0,0,100,2,6,7,100,0,0,0,0,0,44,2,5,3,4,10,10
"agent NegotiatingAgent #205",NegotiatingAgent,0.32,0,0.69,100,27,2,0,1,6,100,10,58,55,100,0,0,0,14,0,286,2,31,0,32,10,10
"agent NegotiatingAgent #206",NegotiatingAgent,0.39,0,0.69,100,31,3,0,2,6,100,16,66,63,100,0,0,0,14,0,336,3,31,1,39,10,10
"agent NegotiatingAgent #207",NegotiatingAgent,0.49,11,0.69,100,37,2,0,1,6,100,16,80,75,100,0,1,0,19,0,286,8,30,2,49,10,10
"agent NegotiatingAgent #208",NegotiatingAgent,0.56,165,0.69,100,46,3,0,2,6,100,22,94,73,100,0,0,0,20,0,150,8,31,3,56,10,10
"agent NegotiatingAgent #209",NegotiatingAgent,0.32,20,0.69,100,23,2,0,1,6,100,10,56,54,100,0,1,0,14,0,357,2,31,0,32,10,10
"agent NegotiatingAgent #210",NegotiatingAgent,0.25,3,0.69,100,19,2,0,1,5,100,10,40,42,100,0,0,0,8,0,186,2,24,1,25,10,10
"agent NegotiatingAgent #211",NegotiatingAgent,0.09,0,0.69,100,9,1,0,0,0,100,2,18,18,100,0,0,0,5,0,69,2,10,2,9,10,10
"agent NegotiatingAgent #212",NegotiatingAgent,0.04,0,0.69,100,0,1,0,0,0,100,2,1,2,100,0,0,0,0,0,49,2,5,3,4,10,10
"agent NegotiatingAgent #213",NegotiatingAgent,0.28,2,0.69,100,16,1,0,0,6,100,8,43,43,100,0,1,0,12,0,365,2,29,0,28,10,10
"agent NegotiatingAgent #214",NegotiatingAgent,0.39,130,0.69,100,18,3,0,2,6,100,16,53,48,100,0,1,0,14,0,389,3,31,1,39,10,10
"agent NegotiatingAgent #215",NegotiatingAgent,0.11,5,0.69,100,8,2,0,1,0,100,3,17,15,100,0,0,0,6,0,65,2,11,2,11,10,10
"agent NegotiatingAgent #216",NegotiatingAgent,0.56,72,0.69,100,28,3,0,2,6,100,22,81,65,100,0,1,0,20,0,156,8,31,3,56,10,10
"agent NegotiatingAgent #217",NegotiatingAgent,0.32,3,0.69,100,13,2,0,1,6,100,10,40,40,100,0,1,0,14,0,338,2,31,0,32,10,10
"agent NegotiatingAgent #218",NegotiatingAgent,0.35,11,0.69,100,14,2,0,1,6,100,14,46,44,100,0,1,0,12,0,251,3,29,1,35,10,10
"agent NegotiatingAgent #219",NegotiatingAgent,0.51,82,0.69,100,14,3,0,2,6,100,17,60,51,100,0,10,0,20,0,422,8,31,2,51,10,10
"agent NegotiatingAgent #220",NegotiatingAgent,0.04,0,0.69,100,0,1,0,0,0,100,2,2,2,100,0,0,0,0,0,44,2,5,3,4,10,10
"agent NegotiatingAgent #221",NegotiatingAgent,0.32,4,0.69,100,12,2,0,1,6,100,10,42,40,100,0,3,0,14,0,403,2,31,0,32,10,10
"agent NegotiatingAgent #222",NegotiatingAgent,0.39,14,0.69,100,1,3,0,2,6,100,16,39,35,100,1,4,0,14,0,463,3,31,1,39,10,10
"agent NegotiatingAgent #223",NegotiatingAgent,0.11,0,0.69,100,3,2,0,1,0,100,3,11,12,100,0,0,0,6,0,100,2,11,2,11,10,10
"agent NegotiatingAgent #224",NegotiatingAgent,0.56,68,0.69,100,8,3,0,2,6,100,22,62,62,100,6,3,0,20,0,274,8,31,3,56,10,10
"agent NegotiatingAgent #225",NegotiatingAgent,0.32,4,0.69,100,2,2,0,1,6,100,10,30,23,100,0,7,0,14,0,483,2,31,0,32,10,10
"agent NegotiatingAgent #226",NegotiatingAgent,0.35,0,0.69,100,27,2,0,1,6,100,14,61,49,100,0,0,0,12,0,222,3,29,1,35,10,10
"agent NegotiatingAgent #227",NegotiatingAgent,0.49,1,0.69,100,29,2,0,1,6,100,16,70,55,100,0,1,0,19,0,249,8,30,2,49,10,10
"agent NegotiatingAgent #228",NegotiatingAgent,0.04,0,0.69,100,0,1,0,0,0,100,2,2,1,100,0,1,0,0,0,39,2,5,3,4,10,10
"agent NegotiatingAgent #229",NegotiatingAgent,0.28,0,0.69,100,1,1,0,0,6,100,8,23,25,100,0,2,0,12,0,418,2,29,0,28,10,10
"agent NegotiatingAgent #230",NegotiatingAgent,0.39,0,0.69,100,0,3,0,2,6,100,16,39,37,100,1,2,0,14,0,416,3,31,1,39,10,10
"agent NegotiatingAgent #231",NegotiatingAgent,0.51,0,0.69,100,0,3,0,2,6,100,17,50,39,100,0,11,0,20,0,332,8,31,2,51,10,10
"agent NegotiatingAgent #232",NegotiatingAgent,0.56,0,0.69,100,0,3,0,2,6,100,22,54,43,100,0,11,0,20,0,541,8,31,3,56,10,10
"agent NegotiatingAgent #233",NegotiatingAgent,0.32,0,0.69,100,0,2,0,1,6,100,10,32,28,100,2,5,0,14,0,421,2,31,0,32,10,10
"agent NegotiatingAgent #234",NegotiatingAgent,0.25,0,0.69,100,19,2,0,1,5,100,10,42,36,100,0,0,0,8,0,92,2,24,1,25,10,10
"agent NegotiatingAgent #235",NegotiatingAgent,0.11,0,0.69,100,0,2,0,1,0,100,3,10,9,100,0,1,0,6,0,117,2,11,2,11,10,10
"agent NegotiatingAgent #236",NegotiatingAgent,0.56,0,0.69,100,0,3,0,2,6,100,22,54,48,100,0,6,0,20,0,479,8,31,3,56,10,10
"agent NegotiatingAgent #237",NegotiatingAgent,0.32,0,0.69,100,0,2,0,1,6,100,10,30,25,100,0,5,0,14,0,393,2,31,0,32,10,10
"agent NegotiatingAgent #238",NegotiatingAgent,0.25,4,0.69,100,8,2,0,1,5,100,10,33,33,100,0,1,0,8,0,112,2,24,1,25,10,10
"agent NegotiatingAgent #239",NegotiatingAgent,0.49,2,0.69,100,14,2,0,1,6,100,16,55,53,100,0,6,0,19,0,323,8,30,2,49,10,10
"agent NegotiatingAgent #240",NegotiatingAgent,0.04,0,0.69,100,0,1,0,0,0,100,2,2,2,100,0,0,0,0,0,33,2,5,3,4,10,10
"agent NegotiatingAgent #241",NegotiatingAgent,0.28,0,0.69,100,0,1,0,0,6,100,8,27,24,100,0,3,0,12,0,337,2,29,0,28,10,10
"agent NegotiatingAgent #242",NegotiatingAgent,0.39,0,0.69,100,0,3,0,2,6,100,16,38,33,100,0,5,0,14,0,366,3,31,1,39,10,10
"agent NegotiatingAgent #243",NegotiatingAgent,0.11,0,0.69,100,0,2,0,1,0,100,3,10,9,100,0,1,0,6,0,102,2,11,2,11,10,10
"agent NegotiatingAgent #244",NegotiatingAgent,0.56,0,0.69,100,0,3,0,2,6,100,22,54,47,100,0,7,0,20,0,406,8,31,3,56,10,10
"agent NegotiatingAgent #245",NegotiatingAgent,0.32,0,0.69,100,0,2,0,1,6,100,10,30,25,100,0,5,0,14,0,326,2,31,0,32,10,10
"agent NegotiatingAgent #246",NegotiatingAgent,0.25,0,0.69,100,0,2,0,1,5,100,10,19,20,100,0,3,0,8,0,97,2,24,1,25,10,10
"agent NegotiatingAgent #247",NegotiatingAgent,0.49,23,0.69,100,23,2,0,1,6,100,16,70,57,100,0,1,0,19,0,131,8,30,2,49,10,10
"agent NegotiatingAgent #248",NegotiatingAgent,0.04,0,0.69,100,0,1,0,0,0,100,2,2,2,100,0,0,0,0,0,28,2,5,3,4,10,10
"agent NegotiatingAgent #249",NegotiatingAgent,0.28,0,0.69,100,0,1,0,0,6,100,8,27,25,100,0,2,0,12,0,282,2,29,0,28,10,10
"agent NegotiatingAgent #250",NegotiatingAgent,0.21,0,0.69,100,0,1,0,0,5,100,8,19,15,100,0,4,0,6,0,84,2,22,1,21,10,10
"agent NegotiatingAgent #251",NegotiatingAgent,0.09,0,0.69,100,2,1,0,0,0,100,2,8,9,100,0,0,0,5,0,57,2,10,2,9,10,10
"agent NegotiatingAgent #252",NegotiatingAgent,0.56,0,0.69,100,0,3,0,2,6,100,22,54,47,100,0,7,0,20,0,336,8,31,3,56,10,10
"agent NegotiatingAgent #253",NegotiatingAgent,0.28,0,0.69,100,0,1,0,0,6,100,8,27,24,100,0,3,0,12,0,252,2,29,0,28,10,10
"agent NegotiatingAgent #254",NegotiatingAgent,0.39,0,0.69,100,0,3,0,2,6,100,16,38,34,100,0,4,0,14,0,318,3,31,1,39,10,10
"agent NegotiatingAgent #255",NegotiatingAgent,0.09,0,0.69,100,3,1,0,0,0,100,2,11,11,100,0,0,0,5,0,41,2,10,2,9,10,10
"agent NegotiatingAgent #256",NegotiatingAgent,0.04,0,0.69,100,0,1,0,0,0,100,2,1,2,100,0,0,0,0,0,23,2,5,3,4,10,10
"agent NegotiatingAgent #257",NegotiatingAgent,0.28,0,0.69,100,12,1,0,0,6,100,8,38,37,100,0,0,0,12,0,210,2,29,0,28,10,10
"agent NegotiatingAgent #258",NegotiatingAgent,0.21,0,0.69,100,0,1,0,0,5,100,8,19,15,100,0,4,0,6,0,61,2,22,1,21,10,10
"agent NegotiatingAgent #259",NegotiatingAgent,0.49,0,0.69,100,11,2,0,1,6,100,16,56,52,100,0,4,0,19,0,201,8,30,2,49,10,10
"agent NegotiatingAgent #260",NegotiatingAgent,0.56,9,0.69,100,16,3,0,2,6,100,22,64,61,100,0,0,0,20,0,168,8,31,3,56,10,10
"agent NegotiatingAgent #261",NegotiatingAgent,0.28,0,0.69,100,0,1,0,0,6,100,8,27,25,100,0,2,0,12,0,210,2,29,0,28,10,10
"agent NegotiatingAgent #262",NegotiatingAgent,0.39,0,0.69,100,0,3,0,2,6,100,16,38,38,100,0,0,0,14,0,255,3,31,1,39,10,10
"agent NegotiatingAgent #263",NegotiatingAgent,0.49,6,0.69,100,16,2,0,1,6,100,16,64,54,100,0,2,0,19,0,71,8,30,2,49,10,10
"agent NegotiatingAgent #264",NegotiatingAgent,0.56,0,0.69,100,0,3,0,2,6,100,22,54,50,100,1,4,0,20,0,151,8,31,3,56,10,10
"agent NegotiatingAgent #265",NegotiatingAgent,0.32,0,0.69,100,0,2,0,1,6,100,10,30,29,100,0,1,0,14,0,206,2,31,0,32,10,10
"agent NegotiatingAgent #266",NegotiatingAgent,0.39,0,0.69,100,0,3,0,2,6,100,16,38,36,100,0,2,0,14,0,212,3,31,1,39,10,10
"agent NegotiatingAgent #267",NegotiatingAgent,0.09,0,0.69,100,0,1,0,0,0,100,2,8,6,100,0,2,0,5,0,40,2,10,2,9,10,10
"agent NegotiatingAgent #268",NegotiatingAgent,0.56,0,0.69,100,0,3,0,2,6,100,22,54,50,100,0,4,0,20,0,211,8,31,3,56,10,10
"agent NegotiatingAgent #269",NegotiatingAgent,0.28,0,0.69,100,4,1,0,0,6,100,8,29,29,100,0,1,0,12,0,115,2,29,0,28,10,10
"agent NegotiatingAgent #270",NegotiatingAgent,0.35,0,0.69,100,0,2,0,1,6,100,14,34,33,100,0,1,0,12,0,188,3,29,1,35,10,10
"agent NegotiatingAgent #271",NegotiatingAgent,0.11,0,0.69,100,0,2,0,1,0,100,3,10,9,100,0,1,0,6,0,51,2,11,2,11,10,10
"agent NegotiatingAgent #272",NegotiatingAgent,0.56,0,0.69,100,0,3,0,2,6,100,22,54,50,100,0,4,0,20,0,151,8,31,3,56,10,10
"agent NegotiatingAgent #273",NegotiatingAgent,0.32,0,0.69,100,3,2,0,1,6,100,10,32,30,100,0,2,0,14,0,164,2,31,0,32,10,10
"agent NegotiatingAgent #274",NegotiatingAgent,0.35,0,0.69,100,0,2,0,1,6,100,14,34,33,100,0,1,0,12,0,143,3,29,1,35,10,10
"agent NegotiatingAgent #275",NegotiatingAgent,0.09,0,0.69,100,0,1,0,0,0,100,2,8,7,100,0,1,0,5,0,28,2,10,2,9,10,10
"agent NegotiatingAgent #276",NegotiatingAgent,0.04,0,0.69,100,0,1,0,0,0,100,2,2,2,100,0,0,0,0,0,15,2,5,3,4,10,10
"agent NegotiatingAgent #277",NegotiatingAgent,0.28,0,0.69,100,0,1,0,0,6,100,8,27,27,100,0,0,0,12,0,132,2,29,0,28,10,10
"agent NegotiatingAgent #278",NegotiatingAgent,0.39,0,0.69,100,0,3,0,2,6,100,16,38,35,100,0,3,0,14,0,111,3,31,1,39,10,10
"agent NegotiatingAgent #279",NegotiatingAgent,0.49,0,0.69,100,0,2,0,1,6,100,16,47,37,100,0,10,0,19,0,121,8,30,2,49,10,10
"agent NegotiatingAgent #280",NegotiatingAgent,0.04,0,0.69,100,0,1,0,0,0,100,2,2,2,100,0,0,0,0,0,11,2,5,3,4,10,10
"agent NegotiatingAgent #281",NegotiatingAgent,0.32,0,0.69,100,0,2,0,1,6,100,10,30,28,100,0,2,0,14,0,117,2,31,0,32,10,10
"agent NegotiatingAgent #282",NegotiatingAgent,0.35,0,0.69,100,0,2,0,1,6,100,14,34,33,100,0,1,0,12,0,76,3,29,1,35,10,10
"agent NegotiatingAgent #283",NegotiatingAgent,0.09,0,0.69,100,0,1,0,0,0,100,2,8,7,100,0,1,0,5,0,17,2,10,2,9,10,10
"agent NegotiatingAgent #284",NegotiatingAgent,0.04,0,0.69,100,0,1,0,0,0,100,2,2,2,100,0,0,0,0,0,7,2,5,3,4,10,10
"agent NegotiatingAgent #285",NegotiatingAgent,0.28,0,0.69,100,0,1,0,0,6,100,8,27,26,100,0,1,0,12,0,80,2,29,0,28,10,10
"agent NegotiatingAgent #286",NegotiatingAgent,0.39,0,0.69,100,0,3,0,2,6,100,16,38,35,100,1,2,0,14,0,40,3,31,1,39,10,10
"agent NegotiatingAgent #287",NegotiatingAgent,0.09,0,0.69,100,0,1,0,0,0,100,2,7,7,100,0,0,0,5,0,8,2,10,2,9,10,10
"agent NegotiatingAgent #288",NegotiatingAgent,0.56,0,0.69,100,0,3,0,2,6,100,22,56,52,100,1,3,0,20,0,43,8,31,3,56,10,10
"agent NegotiatingAgent #289",NegotiatingAgent,0.28,0,0.69,100,0,1,0,0,6,100,8,27,26,100,0,1,0,12,0,49,2,29,0,28,10,10
"agent NegotiatingAgent #290",NegotiatingAgent,0.21,0,0.69,100,0,1,0,0,5,100,8,19,15,100,0,4,0,6,0,21,2,22,1,21,10,10
"agent NegotiatingAgent #291",NegotiatingAgent,0.49,0,0.69,100,0,2,0,1,6,100,16,47,37,100,0,10,0,19,0,58,8,30,2,49,10,10
"agent NegotiatingAgent #292",NegotiatingAgent,0.56,0,0.69,100,0,3,0,2,6,100,22,54,52,100,0,2,0,20,0,65,8,31,3,56,10,10
"agent NegotiatingAgent #293",NegotiatingAgent,0.32,0,0.69,100,0,2,0,1,6,100,10,30,29,100,0,1,0,14,0,36,2,31,0,32,10,10
"agent NegotiatingAgent #294",NegotiatingAgent,0.35,0,0.69,100,0,2,0,1,6,100,14,34,32,100,0,2,0,12,0,5,3,29,1,35,10,10
"agent NegotiatingAgent #295",NegotiatingAgent,0.49,0,0.69,100,0,2,0,1,6,100,16,46,37,100,0,9,0,19,0,5,8,30,2,49,10,10
"agent NegotiatingAgent #296",NegotiatingAgent,0.56,0,0.69,100,0,3,0,2,6,100,22,54,51,100,0,3,0,20,0,5,8,31,3,56,10,10
"agent NegotiatingAgent #297",NegotiatingAgent,0.32,0,0.69,100,0,2,0,1,6,100,10,30,28,100,0,2,0,14,0,0,2,31,0,32,10,10
"agent NegotiatingAgent #298",NegotiatingAgent,0.25,0,0.69,100,0,2,0,1,5,100,10,23,19,100,0,4,0,8,0,0,2,24,1,25,10,10
"agent NegotiatingAgent #299",NegotiatingAgent,0.11,0,0.69,100,0,2,0,1,0,100,3,10,9,100,0,1,0,6,0,0,2,11,2,11,10,10
"agent NegotiatingAgent #300",NegotiatingAgent,0.04,0,0.69,100,0,1,0,0,0,100,2,2,2,100,0,0,0,0,0,0,2,5,3,4,10,10
