agentName,agentType,averageSpeed,cumulatedUtilityReceived,freeWallRatio,numBacktrackAgents,numCFPAnswered,numDeadends,numDifferentEncounters,numDirectionChanges,numDownSteps,numForwardAgents,numLeftSteps,numMessagesReceived,numMessagesSent,numNegotiatingAgents,numProposalsAccepted,numProposalsRejected,numRandomAgents,numRightSteps,numSwarmAgents,numTotalEncounters,numUpSteps,numVisitedCells,startingPosition,stepsToExit,xsize,ysize
"agent BacktrackAgent #1",BacktrackAgent,0.2746,0,0.5199,10,0,63,0,63,736,10,638,0,0,10,0,0,0,686,0,585,686,2463,0,2746,100,100
"agent BacktrackAgent #2",BacktrackAgent,0.1891,0,0.5199,10,0,52,0,52,514,10,480,0,0,10,0,0,0,432,0,183,465,1571,1,1891,100,100
"agent BacktrackAgent #3",BacktrackAgent,0.0907,0,0.5199,10,0,27,0,27,210,10,197,0,0,10,0,0,0,244,0,197,256,642,2,907,100,100
"agent BacktrackAgent #4",BacktrackAgent,0.8334,0,0.5199,10,0,207,0,207,2074,10,2094,0,0,10,0,0,0,2046,0,195,2120,4549,3,8334,100,100
"agent BacktrackAgent #5",BacktrackAgent,0.6114,0,0.5199,10,0,160,0,160,1518,10,1540,0,0,10,0,0,0,1588,0,632,1468,4147,0,6114,100,100
"agent BacktrackAgent #6",BacktrackAgent,0.7677,0,0.5199,10,0,188,0,188,1937,10,1950,0,0,10,0,0,0,1902,0,204,1888,4464,1,7677,100,100
"agent BacktrackAgent #7",BacktrackAgent,0.8813,0,0.5199,10,0,213,0,213,2180,10,2180,0,0,10,0,0,0,2227,0,58,2226,4595,2,8813,100,100
"agent BacktrackAgent #8",BacktrackAgent,0.197,0,0.5199,10,0,61,0,61,450,10,536,0,0,10,0,0,0,488,0,89,496,1367,3,1970,100,100
"agent BacktrackAgent #9",BacktrackAgent,0.5886,0,0.5199,10,0,147,0,147,1470,10,1474,0,0,10,0,0,0,1522,0,240,1420,4033,0,5886,100,100
"agent BacktrackAgent #10",BacktrackAgent,0.7979,0,0.5199,10,0,208,0,208,2012,10,2026,0,0,10,0,0,0,1978,0,772,1963,4615,1,7979,100,100
"agent ForwardAgent #11",ForwardAgent,17.1493,0,0.5199,10,0,3848,0,3848,43076,10,42624,0,0,10,0,0,0,42671,0,390,43122,4731,2,171493,100,100
"agent ForwardAgent #12",ForwardAgent,13.8994,0,0.5199,10,0,3470,0,3470,34346,10,35152,0,0,10,0,0,0,35104,0,181,34392,4581,3,138994,100,100
"agent ForwardAgent #13",ForwardAgent,19.5606,0,0.5199,10,0,4186,0,4186,50144,10,47660,0,0,10,0,0,0,47708,0,255,50094,4793,0,195606,100,100
"agent ForwardAgent #14",ForwardAgent,0.9979,0,0.5199,10,0,237,0,237,2666,10,2372,0,0,10,0,0,0,2324,0,101,2617,2185,1,9979,100,100
"agent ForwardAgent #15",ForwardAgent,4.0851,0,0.5199,10,0,951,0,951,10128,10,10251,0,0,10,0,0,0,10298,0,118,10174,2601,2,40851,100,100
"agent ForwardAgent #16",ForwardAgent,0.4634,0,0.5199,10,0,144,0,144,1132,10,1186,0,0,10,0,0,0,1138,0,37,1178,1345,3,4634,100,100
"agent ForwardAgent #17",ForwardAgent,5.899,0,0.5199,10,0,1240,0,1240,14706,10,14790,0,0,10,0,0,0,14838,0,100,14656,4411,0,58990,100,100
"agent ForwardAgent #18",ForwardAgent,5.6779,0,0.5199,10,0,1264,0,1264,14526,10,13912,0,0,10,0,0,0,13864,0,93,14477,3389,1,56779,100,100
"agent ForwardAgent #19",ForwardAgent,2.6043,0,0.5199,10,0,692,0,692,6342,10,6633,0,0,10,0,0,0,6680,0,86,6388,2019,2,26043,100,100
"agent ForwardAgent #20",ForwardAgent,4.1082,0,0.5199,10,0,905,0,905,10300,10,10242,0,0,10,0,0,0,10194,0,13,10346,4187,3,41082,100,100
"agent NegotiatingAgent #21",NegotiatingAgent,0.3646,386,0.5199,10,23,89,0,89,980,10,844,36,48,10,0,0,0,892,0,67,930,2913,0,3646,100,100
"agent NegotiatingAgent #22",NegotiatingAgent,0.5567,255,0.5199,10,7,136,0,136,1436,10,1396,12,16,10,0,0,0,1348,0,27,1387,3409,1,5567,100,100
"agent NegotiatingAgent #23",NegotiatingAgent,0.0911,276,0.5199,10,7,37,0,37,212,10,197,10,14,10,0,0,0,244,0,33,258,644,2,911,100,100
"agent NegotiatingAgent #24",NegotiatingAgent,0.2246,196,0.5199,10,3,65,0,65,514,10,610,6,7,10,0,0,0,562,0,6,560,1505,3,2246,100,100
"agent NegotiatingAgent #25",NegotiatingAgent,0.3332,100,0.5199,10,7,67,0,68,891,10,776,48,43,10,9,8,0,824,0,18,841,2756,0,3332,100,100
"agent NegotiatingAgent #26",NegotiatingAgent,0.4247,1,0.5199,10,1,112,0,112,1080,10,1092,6,6,10,0,2,0,1044,0,13,1031,2749,1,4247,100,100
"agent NegotiatingAgent #27",NegotiatingAgent,0.0931,0,0.5199,10,0,31,0,31,226,10,193,14,10,10,3,4,0,240,0,0,272,654,2,931,100,100
"agent NegotiatingAgent #28",NegotiatingAgent,0.1682,0,0.5199,10,0,42,0,42,404,10,438,6,6,10,3,0,0,390,0,0,450,1223,3,1682,100,100
"agent NegotiatingAgent #29",NegotiatingAgent,0.337,100,0.5199,10,1,76,0,76,908,10,778,23,14,10,1,9,0,826,0,1,858,2775,0,3370,100,100
"agent NegotiatingAgent #30",NegotiatingAgent,0.4651,0,0.5199,10,0,79,0,79,1202,10,1172,19,17,10,7,2,0,1124,0,0,1153,2951,1,4651,100,100
