agentName,agentType,averageSpeed,cumulatedUtilityReceived,freeWallRatio,numBacktrackAgents,numCFPAnswered,numDeadends,numDifferentEncounters,numDirectionChanges,numDownSteps,numForwardAgents,numLeftSteps,numMessagesReceived,numMessagesSent,numNegotiatingAgents,numProposalsAccepted,numProposalsRejected,numRandomAgents,numRightSteps,numSwarmAgents,numTotalEncounters,numUpSteps,numVisitedCells,startingPosition,stepsToExit,xsize,ysize
"agent BacktrackAgent #1",BacktrackAgent,0.2518,0,0.5199,10,0,56,0,55,638,10,622,0,0,10,0,0,0,670,0,502,588,2039,0,2518,100,100
"agent BacktrackAgent #2",BacktrackAgent,0.6695,0,0.5199,10,0,154,0,153,1682,10,1714,0,0,10,0,0,0,1666,0,265,1633,3751,1,6695,100,100
"agent BacktrackAgent #3",BacktrackAgent,0.7769,0,0.5199,10,0,183,0,182,1926,10,1912,0,0,10,0,0,0,1959,0,194,1972,4072,2,7769,100,100
"agent BacktrackAgent #4",BacktrackAgent,0.0926,0,0.5199,10,0,22,0,21,208,10,256,0,0,10,0,0,0,208,0,175,254,781,3,926,100,100
"agent BacktrackAgent #5",BacktrackAgent,0.767,0,0.5199,10,0,208,0,207,1936,10,1900,0,0,10,0,0,0,1948,0,665,1886,4615,0,7670,100,100
"agent BacktrackAgent #6",BacktrackAgent,0.7107,0,0.5199,10,0,175,0,174,1786,10,1816,0,0,10,0,0,0,1768,0,91,1737,3957,1,7107,100,100
"agent BacktrackAgent #7",BacktrackAgent,0.8367,0,0.5199,10,0,199,0,198,2080,10,2057,0,0,10,0,0,0,2104,0,243,2126,4371,2,8367,100,100
"agent BacktrackAgent #8",BacktrackAgent,0.5994,0,0.5199,10,0,135,0,134,1484,10,1514,0,0,10,0,0,0,1466,0,228,1530,3315,3,5994,100,100
"agent BacktrackAgent #9",BacktrackAgent,0.3982,0,0.5199,10,0,99,0,98,1026,10,966,0,0,10,0,0,0,1014,0,377,976,2771,0,3982,100,100
"agent BacktrackAgent #10",BacktrackAgent,0.4155,0,0.5199,10,0,113,0,112,1062,10,1064,0,0,10,0,0,0,1016,0,357,1013,2481,1,4155,100,100
"agent ForwardAgent #11",ForwardAgent,4.7407,0,0.5199,10,0,1248,0,1247,11712,10,11945,0,0,10,0,0,0,11992,0,275,11758,3229,2,47407,100,100
"agent ForwardAgent #12",ForwardAgent,5.205,0,0.5199,10,0,1334,0,1333,12766,10,13260,0,0,10,0,0,0,13212,0,377,12812,4491,3,52050,100,100
"agent ForwardAgent #13",ForwardAgent,6.1894,0,0.5199,10,0,1326,0,1325,15540,10,15408,0,0,10,0,0,0,15456,0,378,15490,3595,0,61894,100,100
"agent ForwardAgent #14",ForwardAgent,4.2579,0,0.5199,10,0,1039,0,1038,10948,10,10390,0,0,10,0,0,0,10342,0,144,10899,2823,1,42579,100,100
"agent ForwardAgent #15",ForwardAgent,0.9149,0,0.5199,10,0,237,0,236,2338,10,2190,0,0,10,0,0,0,2237,0,84,2384,929,2,9149,100,100
"agent ForwardAgent #16",ForwardAgent,3.1342,0,0.5199,10,0,800,0,799,8030,10,7642,0,0,10,0,0,0,7594,0,269,8076,2577,3,31342,100,100
"agent ForwardAgent #17",ForwardAgent,6.3206,0,0.5199,10,0,1289,0,1288,15742,10,15862,0,0,10,0,0,0,15910,0,68,15692,4193,0,63206,100,100
"agent ForwardAgent #18",ForwardAgent,0.3593,0,0.5199,10,0,100,0,99,951,10,894,0,0,10,0,0,0,846,0,37,902,1231,1,3593,100,100
"agent ForwardAgent #19",ForwardAgent,1.1939,0,0.5199,10,0,343,0,342,2784,10,3139,0,0,10,0,0,0,3186,0,38,2830,1139,2,11939,100,100
"agent ForwardAgent #20",ForwardAgent,1.2202,0,0.5199,10,0,273,0,272,3134,10,2968,0,0,10,0,0,0,2920,0,59,3180,1939,3,12202,100,100
"agent NegotiatingAgent #21",NegotiatingAgent,0.6534,1418,0.5199,10,21,176,0,175,1672,10,1596,39,45,10,0,0,0,1644,0,30,1622,4047,0,6534,100,100
"agent NegotiatingAgent #22",NegotiatingAgent,0.5587,499,0.5199,10,5,117,0,116,1404,10,1438,12,14,10,1,0,0,1390,0,10,1355,3197,1,5587,100,100
"agent NegotiatingAgent #23",NegotiatingAgent,0.0649,0,0.5199,10,2,16,0,15,144,10,134,2,4,10,0,0,0,181,0,7,190,512,2,649,100,100
"agent NegotiatingAgent #24",NegotiatingAgent,0.1038,996,0.5199,10,21,23,0,22,222,10,298,40,42,10,0,0,0,250,0,24,268,837,3,1038,100,100
"agent NegotiatingAgent #25",NegotiatingAgent,0.2754,1748,0.5199,10,21,63,0,62,684,10,694,56,54,10,3,4,0,742,0,185,634,2157,0,2754,100,100
"agent NegotiatingAgent #26",NegotiatingAgent,0.4485,100,0.5199,10,1,117,0,116,1147,10,1144,4,6,10,1,0,0,1096,0,3,1098,2646,1,4485,100,100
"agent NegotiatingAgent #27",NegotiatingAgent,0.7765,0,0.5199,10,0,171,0,171,1892,10,1944,10,10,10,3,2,0,1991,0,2,1938,4070,2,7765,100,100
"agent NegotiatingAgent #28",NegotiatingAgent,0.1242,0,0.5199,10,0,31,0,30,278,10,344,42,40,10,19,2,0,296,0,0,324,939,3,1242,100,100
"agent NegotiatingAgent #29",NegotiatingAgent,0.709,0,0.5199,10,0,185,0,184,1784,10,1762,66,64,10,29,3,0,1810,0,0,1734,4325,0,7090,100,100
"agent NegotiatingAgent #30",NegotiatingAgent,0.2493,0,0.5199,10,0,61,0,60,671,10,624,6,6,10,3,0,0,576,0,0,622,1650,1,2493,100,100
