agentName,agentType,averageSpeed,cumulatedUtilityReceived,freeWallRatio,numBacktrackAgents,numCFPAnswered,numDeadends,numDifferentEncounters,numDirectionChanges,numDownSteps,numForwardAgents,numLeftSteps,numMessagesReceived,numMessagesSent,numNegotiatingAgents,numProposalsAccepted,numProposalsRejected,numRandomAgents,numRightSteps,numSwarmAgents,numTotalEncounters,numUpSteps,numVisitedCells,startingPosition,stepsToExit,xsize,ysize
"agent BacktrackAgent #1",BacktrackAgent,0.16,0,0.69,10,0,0,0,0,6,10,2,0,0,10,0,0,0,6,0,98,2,17,0,16,10,10
"agent BacktrackAgent #2",BacktrackAgent,0.05,0,0.69,10,0,0,0,0,3,10,2,0,0,10,0,0,0,0,0,13,0,6,1,5,10,10
"agent BacktrackAgent #3",BacktrackAgent,0.14,0,0.69,10,0,0,0,0,2,10,2,0,0,10,0,0,0,6,0,82,4,15,2,14,10,10
"agent BacktrackAgent #4",BacktrackAgent,0.04,0,0.69,10,0,0,0,0,0,10,2,0,0,10,0,0,0,0,0,12,2,5,3,4,10,10
"agent BacktrackAgent #5",BacktrackAgent,0.16,0,0.69,10,0,0,0,0,6,10,2,0,0,10,0,0,0,6,0,82,2,17,0,16,10,10
"agent BacktrackAgent #6",BacktrackAgent,0.27,0,0.69,10,0,1,0,1,8,10,8,0,0,10,0,0,0,6,0,90,5,17,1,27,10,10
"agent BacktrackAgent #7",BacktrackAgent,0.14,0,0.69,10,0,0,0,0,2,10,2,0,0,10,0,0,0,6,0,68,4,15,2,14,10,10
"agent BacktrackAgent #8",BacktrackAgent,0.24,0,0.69,10,0,1,0,1,4,10,8,0,0,10,0,0,0,6,0,83,6,15,3,24,10,10
"agent BacktrackAgent #9",BacktrackAgent,0.16,0,0.69,10,0,0,0,0,6,10,2,0,0,10,0,0,0,6,0,65,2,17,0,16,10,10
"agent BacktrackAgent #10",BacktrackAgent,0.05,0,0.69,10,0,0,0,0,3,10,2,0,0,10,0,0,0,0,0,16,0,6,1,5,10,10
"agent ForwardAgent #11",ForwardAgent,0.14,0,0.69,10,0,0,0,0,2,10,2,0,0,10,0,0,0,6,0,52,4,15,2,14,10,10
"agent ForwardAgent #12",ForwardAgent,0.24,0,0.69,10,0,1,0,1,4,10,8,0,0,10,0,0,0,6,0,57,6,15,3,24,10,10
"agent ForwardAgent #13",ForwardAgent,0.16,0,0.69,10,0,0,0,0,6,10,2,0,0,10,0,0,0,6,0,49,2,17,0,16,10,10
"agent ForwardAgent #14",ForwardAgent,0.27,0,0.69,10,0,1,0,1,8,10,8,0,0,10,0,0,0,6,0,61,5,17,1,27,10,10
"agent ForwardAgent #15",ForwardAgent,0.14,0,0.69,10,0,0,0,0,2,10,2,0,0,10,0,0,0,6,0,36,4,15,2,14,10,10
"agent ForwardAgent #16",ForwardAgent,0.24,0,0.69,10,0,1,0,1,4,10,8,0,0,10,0,0,0,6,0,31,6,15,3,24,10,10
"agent ForwardAgent #17",ForwardAgent,0.16,0,0.69,10,0,0,0,0,6,10,2,0,0,10,0,0,0,6,0,32,2,17,0,16,10,10
"agent ForwardAgent #18",ForwardAgent,0.27,0,0.69,10,0,1,0,1,8,10,8,0,0,10,0,0,0,6,0,33,5,17,1,27,10,10
"agent ForwardAgent #19",ForwardAgent,0.14,0,0.69,10,0,0,0,0,2,10,2,0,0,10,0,0,0,6,0,20,4,15,2,14,10,10
"agent ForwardAgent #20",ForwardAgent,0.04,0,0.69,10,0,0,0,0,0,10,2,0,0,10,0,0,0,0,0,5,2,5,3,4,10,10
"agent NegotiatingAgent #21",NegotiatingAgent,0.16,0,0.69,10,6,0,0,0,6,10,2,10,15,10,0,0,0,6,0,24,2,17,0,16,10,10
"agent NegotiatingAgent #22",NegotiatingAgent,0.05,0,0.69,10,1,0,0,0,3,10,2,1,4,10,0,0,0,0,0,5,0,6,1,5,10,10
"agent NegotiatingAgent #23",NegotiatingAgent,0.14,0,0.69,10,3,0,0,0,2,10,2,3,6,10,0,0,0,6,0,14,4,15,2,14,10,10
"agent NegotiatingAgent #24",NegotiatingAgent,0.04,0,0.69,10,0,0,0,0,0,10,2,0,0,10,0,0,0,0,0,1,2,5,3,4,10,10
"agent NegotiatingAgent #25",NegotiatingAgent,0.16,0,0.69,10,5,0,0,0,6,10,2,14,15,10,0,1,0,6,0,15,2,17,0,16,10,10
"agent NegotiatingAgent #26",NegotiatingAgent,0.05,0,0.69,10,0,0,0,0,3,10,2,3,2,10,0,1,0,0,0,1,0,6,1,5,10,10
"agent NegotiatingAgent #27",NegotiatingAgent,0.14,0,0.69,10,0,0,0,0,2,10,2,6,3,10,0,3,0,6,0,2,4,15,2,14,10,10
"agent NegotiatingAgent #28",NegotiatingAgent,0.24,0,0.69,10,0,1,0,1,4,10,8,0,0,10,0,0,0,6,0,0,6,15,3,24,10,10
"agent NegotiatingAgent #29",NegotiatingAgent,0.16,0,0.69,10,0,0,0,0,6,10,2,13,9,10,0,4,0,6,0,1,2,17,0,16,10,10
"agent NegotiatingAgent #30",NegotiatingAgent,0.27,0,0.69,10,0,1,0,1,8,10,8,1,1,10,0,0,0,6,0,0,5,17,1,27,10,10
