agentName,agentType,averageSpeed,cumulatedUtilityReceived,freeWallRatio,numBacktrackAgents,numCFPAnswered,numDeadends,numDifferentEncounters,numDirectionChanges,numDownSteps,numForwardAgents,numLeftSteps,numMessagesReceived,numMessagesSent,numNegotiatingAgents,numProposalsAccepted,numProposalsRejected,numRandomAgents,numRightSteps,numSwarmAgents,numTotalEncounters,numUpSteps,numVisitedCells,startingPosition,stepsToExit,xsize,ysize
"agent BacktrackAgent #1",BacktrackAgent,0.027,0,0.5199,10,0,0,0,0,94,10,42,0,0,10,0,0,0,90,0,1179,44,271,0,270,100,100
"agent BacktrackAgent #2",BacktrackAgent,0.8029,0,0.5199,10,0,194,0,194,2015,10,2048,0,0,10,0,0,0,2000,0,267,1966,4289,1,8029,100,100
"agent BacktrackAgent #3",BacktrackAgent,0.5287,0,0.5199,10,0,142,0,142,1274,10,1323,0,0,10,0,0,0,1370,0,294,1320,3657,2,5287,100,100
"agent BacktrackAgent #4",BacktrackAgent,0.6918,0,0.5199,10,0,171,0,171,1716,10,1744,0,0,10,0,0,0,1696,0,180,1762,3887,3,6918,100,100
"agent BacktrackAgent #5",BacktrackAgent,0.027,0,0.5199,10,0,0,0,0,94,10,42,0,0,10,0,0,0,90,0,909,44,271,0,270,100,100
"agent BacktrackAgent #6",BacktrackAgent,0.0623,0,0.5199,10,0,11,0,11,168,10,192,0,0,10,0,0,0,144,0,61,119,586,1,623,100,100
"agent BacktrackAgent #7",BacktrackAgent,0.3963,0,0.5199,10,0,85,0,85,968,10,967,0,0,10,0,0,0,1014,0,12,1014,2995,2,3963,100,100
"agent BacktrackAgent #8",BacktrackAgent,0.6742,0,0.5199,10,0,167,0,167,1658,10,1714,0,0,10,0,0,0,1666,0,286,1704,3799,3,6742,100,100
"agent BacktrackAgent #9",BacktrackAgent,0.0338,0,0.5199,10,0,2,0,2,108,10,62,0,0,10,0,0,0,110,0,817,58,305,0,338,100,100
"agent BacktrackAgent #10",BacktrackAgent,0.0663,0,0.5199,10,0,12,0,12,184,10,196,0,0,10,0,0,0,148,0,78,135,606,1,663,100,100
"agent ForwardAgent #11",ForwardAgent,24.9905,0,0.5199,10,0,6709,0,6709,61586,10,63320,0,0,10,0,0,0,63367,0,659,61632,4367,2,249905,100,100
"agent ForwardAgent #12",ForwardAgent,0.2818,0,0.5199,10,0,41,0,41,696,10,714,0,0,10,0,0,0,666,0,16,742,1309,3,2818,100,100
"agent ForwardAgent #13",ForwardAgent,0.0338,0,0.5199,10,0,2,0,2,108,10,62,0,0,10,0,0,0,110,0,559,58,305,0,338,100,100
"agent ForwardAgent #14",ForwardAgent,6.9833,0,0.5199,10,0,1440,0,1440,17417,10,17548,0,0,10,0,0,0,17500,0,262,17368,3849,1,69833,100,100
"agent ForwardAgent #15",ForwardAgent,2.6629,0,0.5199,10,0,651,0,651,6598,10,6670,0,0,10,0,0,0,6717,0,91,6644,3738,2,26629,100,100
"agent ForwardAgent #16",ForwardAgent,0.6154,0,0.5199,10,0,91,0,91,1518,10,1560,0,0,10,0,0,0,1512,0,59,1564,1457,3,6154,100,100
"agent ForwardAgent #17",ForwardAgent,0.027,0,0.5199,10,0,0,0,0,94,10,42,0,0,10,0,0,0,90,0,221,44,271,0,270,100,100
"agent ForwardAgent #18",ForwardAgent,7.3715,0,0.5199,10,0,1987,0,1987,18292,10,18614,0,0,10,0,0,0,18566,0,180,18243,4269,1,73715,100,100
"agent ForwardAgent #19",ForwardAgent,11.9821,0,0.5199,10,0,3212,0,3212,29264,10,30600,0,0,10,0,0,0,30647,0,42,29310,4349,2,119821,100,100
"agent ForwardAgent #20",ForwardAgent,38.0974,0,0.5199,10,0,9444,0,9444,95018,10,95470,0,0,10,0,0,0,95422,0,150,95064,4435,3,380974,100,100
"agent NegotiatingAgent #21",NegotiatingAgent,0.0366,0,0.5199,10,6,5,0,5,110,10,74,9,13,10,0,0,0,122,0,48,60,319,0,366,100,100
"agent NegotiatingAgent #22",NegotiatingAgent,0.0767,24,0.5199,10,8,14,0,14,208,10,224,14,17,10,0,0,0,176,0,69,159,658,1,767,100,100
"agent NegotiatingAgent #23",NegotiatingAgent,0.4757,320,0.5199,10,7,113,0,113,1166,10,1166,12,14,10,0,0,0,1213,0,59,1212,3392,2,4757,100,100
"agent NegotiatingAgent #24",NegotiatingAgent,0.7498,204,0.5199,10,5,189,0,189,1842,10,1908,8,12,10,0,0,0,1860,0,15,1888,4177,3,7498,100,100
"agent NegotiatingAgent #25",NegotiatingAgent,0.027,0,0.5199,10,5,0,0,0,94,10,42,14,15,10,0,3,0,90,0,11,44,271,0,270,100,100
"agent NegotiatingAgent #26",NegotiatingAgent,0.0725,8,0.5199,10,3,16,0,16,197,10,214,12,13,10,3,0,0,166,0,7,148,637,1,725,100,100
"agent NegotiatingAgent #27",NegotiatingAgent,0.4297,100,0.5199,10,1,101,0,101,1056,10,1046,16,14,10,5,2,0,1093,0,4,1102,3162,2,4297,100,100
"agent NegotiatingAgent #28",NegotiatingAgent,0.6994,100,0.5199,10,1,166,0,166,1734,10,1764,12,12,10,3,2,0,1716,0,2,1780,3925,3,6994,100,100
"agent NegotiatingAgent #29",NegotiatingAgent,0.0338,0,0.5199,10,0,2,0,2,108,10,62,17,9,10,0,8,0,110,0,0,58,305,0,338,100,100
"agent NegotiatingAgent #30",NegotiatingAgent,0.7817,0,0.5199,10,0,177,0,178,1985,10,1972,19,15,10,5,4,0,1924,0,0,1936,4183,1,7817,100,100
