agentName,agentType,averageSpeed,cumulatedUtilityReceived,freeWallRatio,numBacktrackAgents,numCFPAnswered,numDeadends,numDifferentEncounters,numDirectionChanges,numDownSteps,numForwardAgents,numLeftSteps,numMessagesReceived,numMessagesSent,numNegotiatingAgents,numProposalsAccepted,numProposalsRejected,numRandomAgents,numRightSteps,numSwarmAgents,numTotalEncounters,numUpSteps,numVisitedCells,startingPosition,stepsToExit,xsize,ysize
"agent BacktrackAgent #1",BacktrackAgent,0.12,0,0.69,100,0,0,0,0,4,100,2,0,0,100,0,0,0,6,0,874,0,13,0,12,10,10
"agent BacktrackAgent #2",BacktrackAgent,0.05,0,0.69,100,0,0,0,0,3,100,2,0,0,100,0,0,0,0,0,172,0,6,1,5,10,10
"agent BacktrackAgent #3",BacktrackAgent,0.1,0,0.69,100,0,0,0,0,2,100,0,0,0,100,0,0,0,4,0,547,4,11,2,10,10,10
"agent BacktrackAgent #4",BacktrackAgent,0.28,0,0.69,100,0,2,0,2,6,100,8,0,0,100,0,0,0,6,0,641,8,17,3,28,10,10
"agent BacktrackAgent #5",BacktrackAgent,0.12,0,0.69,100,0,0,0,0,4,100,2,0,0,100,0,0,0,6,0,737,0,13,0,12,10,10
"agent BacktrackAgent #6",BacktrackAgent,0.05,0,0.69,100,0,0,0,0,3,100,2,0,0,100,0,0,0,0,0,137,0,6,1,5,10,10
"agent BacktrackAgent #7",BacktrackAgent,0.18,0,0.69,100,0,1,0,1,4,100,2,0,0,100,0,0,0,6,0,587,6,15,2,18,10,10
"agent BacktrackAgent #8",BacktrackAgent,0.04,0,0.69,100,0,0,0,0,0,100,2,0,0,100,0,0,0,0,0,119,2,5,3,4,10,10
"agent BacktrackAgent #9",BacktrackAgent,0.12,0,0.69,100,0,0,0,0,4,100,2,0,0,100,0,0,0,6,0,600,0,13,0,12,10,10
"agent BacktrackAgent #10",BacktrackAgent,0.05,0,0.69,100,0,0,0,0,3,100,2,0,0,100,0,0,0,0,0,187,0,6,1,5,10,10
"agent BacktrackAgent #11",BacktrackAgent,0.1,0,0.69,100,0,0,0,0,2,100,0,0,0,100,0,0,0,4,0,610,4,11,2,10,10,10
"agent BacktrackAgent #12",BacktrackAgent,0.32,0,0.69,100,0,3,0,3,8,100,8,0,0,100,0,0,0,6,0,814,10,19,3,32,10,10
"agent BacktrackAgent #13",BacktrackAgent,0.12,0,0.69,100,0,0,0,0,4,100,2,0,0,100,0,0,0,6,0,896,0,13,0,12,10,10
"agent BacktrackAgent #14",BacktrackAgent,0.19,0,0.69,100,0,1,0,1,4,100,8,0,0,100,0,0,0,6,0,899,1,13,1,19,10,10
"agent BacktrackAgent #15",BacktrackAgent,0.1,0,0.69,100,0,0,0,0,2,100,0,0,0,100,0,0,0,4,0,598,4,11,2,10,10,10
"agent BacktrackAgent #16",BacktrackAgent,0.08,0,0.69,100,0,1,0,1,2,100,2,0,0,100,0,0,0,0,0,285,4,7,3,8,10,10
"agent BacktrackAgent #17",BacktrackAgent,0.12,0,0.69,100,0,0,0,0,4,100,2,0,0,100,0,0,0,6,0,883,0,13,0,12,10,10
"agent BacktrackAgent #18",BacktrackAgent,0.05,0,0.69,100,0,0,0,0,3,100,2,0,0,100,0,0,0,0,0,181,0,6,1,5,10,10
"agent BacktrackAgent #19",BacktrackAgent,0.1,0,0.69,100,0,0,0,0,2,100,0,0,0,100,0,0,0,4,0,586,4,11,2,10,10,10
"agent BacktrackAgent #20",BacktrackAgent,0.04,0,0.69,100,0,0,0,0,0,100,2,0,0,100,0,0,0,0,0,162,2,5,3,4,10,10
"agent BacktrackAgent #21",BacktrackAgent,0.12,0,0.69,100,0,0,0,0,4,100,2,0,0,100,0,0,0,6,0,860,0,13,0,12,10,10
"agent BacktrackAgent #22",BacktrackAgent,0.05,0,0.69,100,0,0,0,0,3,100,2,0,0,100,0,0,0,0,0,176,0,6,1,5,10,10
"agent BacktrackAgent #23",BacktrackAgent,0.26,0,0.69,100,0,2,0,2,6,100,4,0,0,100,0,0,0,8,0,734,8,19,2,26,10,10
"agent BacktrackAgent #24",BacktrackAgent,0.32,0,0.69,100,0,3,0,3,8,100,8,0,0,100,0,0,0,6,0,755,10,19,3,32,10,10
"agent BacktrackAgent #25",BacktrackAgent,0.12,0,0.69,100,0,0,0,0,4,100,2,0,0,100,0,0,0,6,0,848,0,13,0,12,10,10
"agent BacktrackAgent #26",BacktrackAgent,0.19,0,0.69,100,0,1,0,1,4,100,8,0,0,100,0,0,0,6,0,873,1,13,1,19,10,10
"agent BacktrackAgent #27",BacktrackAgent,0.18,0,0.69,100,0,1,0,1,4,100,2,0,0,100,0,0,0,6,0,625,6,15,2,18,10,10
"agent BacktrackAgent #28",BacktrackAgent,0.32,0,0.69,100,0,3,0,3,8,100,8,0,0,100,0,0,0,6,0,742,10,19,3,32,10,10
"agent BacktrackAgent #29",BacktrackAgent,0.12,0,0.69,100,0,0,0,0,4,100,2,0,0,100,0,0,0,6,0,835,0,13,0,12,10,10
"agent BacktrackAgent #30",BacktrackAgent,0.05,0,0.69,100,0,0,0,0,3,100,2,0,0,100,0,0,0,0,0,166,0,6,1,5,10,10
"agent BacktrackAgent #31",BacktrackAgent,0.18,0,0.69,100,0,1,0,1,4,100,2,0,0,100,0,0,0,6,0,605,6,15,2,18,10,10
"agent BacktrackAgent #32",BacktrackAgent,0.04,0,0.69,100,0,0,0,0,0,100,2,0,0,100,0,0,0,0,0,155,2,5,3,4,10,10
"agent BacktrackAgent #33",BacktrackAgent,0.12,0,0.69,100,0,0,0,0,4,100,2,0,0,100,0,0,0,6,0,823,0,13,0,12,10,10
"agent BacktrackAgent #34",BacktrackAgent,0.05,0,0.69,100,0,0,0,0,3,100,2,0,0,100,0,0,0,0,0,161,0,6,1,5,10,10
"agent BacktrackAgent #35",BacktrackAgent,0.18,0,0.69,100,0,1,0,1,4,100,2,0,0,100,0,0,0,6,0,745,6,15,2,18,10,10
"agent BacktrackAgent #36",BacktrackAgent,0.04,0,0.69,100,0,0,0,0,0,100,2,0,0,100,0,0,0,0,0,151,2,5,3,4,10,10
"agent BacktrackAgent #37",BacktrackAgent,0.12,0,0.69,100,0,0,0,0,4,100,2,0,0,100,0,0,0,6,0,811,0,13,0,12,10,10
"agent BacktrackAgent #38",BacktrackAgent,0.19,0,0.69,100,0,1,0,1,4,100,8,0,0,100,0,0,0,6,0,849,1,13,1,19,10,10
"agent BacktrackAgent #39",BacktrackAgent,0.1,0,0.69,100,0,0,0,0,2,100,0,0,0,100,0,0,0,4,0,554,4,11,2,10,10,10
"agent BacktrackAgent #40",BacktrackAgent,0.08,0,0.69,100,0,1,0,1,2,100,2,0,0,100,0,0,0,0,0,260,4,7,3,8,10,10
"agent BacktrackAgent #41",BacktrackAgent,0.12,0,0.69,100,0,0,0,0,4,100,2,0,0,100,0,0,0,6,0,798,0,13,0,12,10,10
"agent BacktrackAgent #42",BacktrackAgent,0.19,0,0.69,100,0,1,0,1,4,100,8,0,0,100,0,0,0,6,0,829,1,13,1,19,10,10
"agent BacktrackAgent #43",BacktrackAgent,0.1,0,0.69,100,0,0,0,0,2,100,0,0,0,100,0,0,0,4,0,533,4,11,2,10,10,10
"agent BacktrackAgent #44",BacktrackAgent,0.28,0,0.69,100,0,2,0,2,6,100,8,0,0,100,0,0,0,6,0,631,8,17,3,28,10,10
"agent BacktrackAgent #45",BacktrackAgent,0.12,0,0.69,100,0,0,0,0,4,100,2,0,0,100,0,0,0,6,0,785,0,13,0,12,10,10
"agent BacktrackAgent #46",BacktrackAgent,0.05,0,0.69,100,0,0,0,0,3,100,2,0,0,100,0,0,0,0,0,154,0,6,1,5,10,10
"agent BacktrackAgent #47",BacktrackAgent,0.18,0,0.69,100,0,1,0,1,4,100,2,0,0,100,0,0,0,6,0,697,6,15,2,18,10,10
"agent BacktrackAgent #48",BacktrackAgent,0.08,0,0.69,100,0,1,0,1,2,100,2,0,0,100,0,0,0,0,0,251,4,7,3,8,10,10
"agent BacktrackAgent #49",BacktrackAgent,0.12,0,0.69,100,0,0,0,0,4,100,2,0,0,100,0,0,0,6,0,773,0,13,0,12,10,10
"agent BacktrackAgent #50",BacktrackAgent,0.19,0,0.69,100,0,1,0,1,4,100,8,0,0,100,0,0,0,6,0,807,1,13,1,19,10,10
"agent BacktrackAgent #51",BacktrackAgent,0.1,0,0.69,100,0,0,0,0,2,100,0,0,0,100,0,0,0,4,0,509,4,11,2,10,10,10
"agent BacktrackAgent #52",BacktrackAgent,0.04,0,0.69,100,0,0,0,0,0,100,2,0,0,100,0,0,0,0,0,140,2,5,3,4,10,10
"agent BacktrackAgent #53",BacktrackAgent,0.12,0,0.69,100,0,0,0,0,4,100,2,0,0,100,0,0,0,6,0,760,0,13,0,12,10,10
"agent BacktrackAgent #54",BacktrackAgent,0.19,0,0.69,100,0,1,0,1,4,100,8,0,0,100,0,0,0,6,0,787,1,13,1,19,10,10
"agent BacktrackAgent #55",BacktrackAgent,0.26,0,0.69,100,0,2,0,2,6,100,4,0,0,100,0,0,0,8,0,646,8,19,2,26,10,10
"agent BacktrackAgent #56",BacktrackAgent,0.08,0,0.69,100,0,1,0,1,2,100,2,0,0,100,0,0,0,0,0,242,4,7,3,8,10,10
"agent BacktrackAgent #57",BacktrackAgent,0.12,0,0.69,100,0,0,0,0,4,100,2,0,0,100,0,0,0,6,0,747,0,13,0,12,10,10
"agent BacktrackAgent #58",BacktrackAgent,0.05,0,0.69,100,0,0,0,0,3,100,2,0,0,100,0,0,0,0,0,147,0,6,1,5,10,10
"agent BacktrackAgent #59",BacktrackAgent,0.18,0,0.69,100,0,1,0,1,4,100,2,0,0,100,0,0,0,6,0,660,6,15,2,18,10,10
"agent BacktrackAgent #60",BacktrackAgent,0.08,0,0.69,100,0,1,0,1,2,100,2,0,0,100,0,0,0,0,0,234,4,7,3,8,10,10
"agent BacktrackAgent #61",BacktrackAgent,0.12,0,0.69,100,0,0,0,0,4,100,2,0,0,100,0,0,0,6,0,724,0,13,0,12,10,10
"agent BacktrackAgent #62",BacktrackAgent,0.05,0,0.69,100,0,0,0,0,3,100,2,0,0,100,0,0,0,0,0,142,0,6,1,5,10,10
"agent BacktrackAgent #63",BacktrackAgent,0.18,0,0.69,100,0,1,0,1,4,100,2,0,0,100,0,0,0,6,0,640,6,15,2,18,10,10
"agent BacktrackAgent #64",BacktrackAgent,0.08,0,0.69,100,0,1,0,1,2,100,2,0,0,100,0,0,0,0,0,226,4,7,3,8,10,10
"agent BacktrackAgent #65",BacktrackAgent,0.12,0,0.69,100,0,0,0,0,4,100,2,0,0,100,0,0,0,6,0,712,0,13,0,12,10,10
"agent BacktrackAgent #66",BacktrackAgent,0.19,0,0.69,100,0,1,0,1,4,100,8,0,0,100,0,0,0,6,0,761,1,13,1,19,10,10
"agent BacktrackAgent #67",BacktrackAgent,0.1,0,0.69,100,0,0,0,0,2,100,0,0,0,100,0,0,0,4,0,472,4,11,2,10,10,10
"agent BacktrackAgent #68",BacktrackAgent,0.28,0,0.69,100,0,2,0,2,6,100,8,0,0,100,0,0,0,6,0,593,8,17,3,28,10,10
"agent BacktrackAgent #69",BacktrackAgent,0.12,0,0.69,100,0,0,0,0,4,100,2,0,0,100,0,0,0,6,0,699,0,13,0,12,10,10
"agent BacktrackAgent #70",BacktrackAgent,0.19,0,0.69,100,0,1,0,1,4,100,8,0,0,100,0,0,0,6,0,741,1,13,1,19,10,10
"agent BacktrackAgent #71",BacktrackAgent,0.26,0,0.69,100,0,2,0,2,6,100,4,0,0,100,0,0,0,8,0,605,8,19,2,26,10,10
"agent BacktrackAgent #72",BacktrackAgent,0.28,0,0.69,100,0,2,0,2,6,100,8,0,0,100,0,0,0,6,0,561,8,17,3,28,10,10
"agent BacktrackAgent #73",BacktrackAgent,0.12,0,0.69,100,0,0,0,0,4,100,2,0,0,100,0,0,0,6,0,686,0,13,0,12,10,10
"agent BacktrackAgent #74",BacktrackAgent,0.19,0,0.69,100,0,1,0,1,4,100,8,0,0,100,0,0,0,6,0,721,1,13,1,19,10,10
"agent BacktrackAgent #75",BacktrackAgent,0.26,0,0.69,100,0,2,0,2,6,100,4,0,0,100,0,0,0,8,0,577,8,19,2,26,10,10
"agent BacktrackAgent #76",BacktrackAgent,0.28,0,0.69,100,0,2,0,2,6,100,8,0,0,100,0,0,0,6,0,529,8,17,3,28,10,10
"agent BacktrackAgent #77",BacktrackAgent,0.12,0,0.69,100,0,0,0,0,4,100,2,0,0,100,0,0,0,6,0,673,0,13,0,12,10,10
"agent BacktrackAgent #78",BacktrackAgent,0.19,0,0.69,100,0,1,0,1,4,100,8,0,0,100,0,0,0,6,0,701,1,13,1,19,10,10
"agent BacktrackAgent #79",BacktrackAgent,0.1,0,0.69,100,0,0,0,0,2,100,0,0,0,100,0,0,0,4,0,450,4,11,2,10,10,10
"agent BacktrackAgent #80",BacktrackAgent,0.08,0,0.69,100,0,1,0,1,2,100,2,0,0,100,0,0,0,0,0,215,4,7,3,8,10,10
"agent BacktrackAgent #81",BacktrackAgent,0.12,0,0.69,100,0,0,0,0,4,100,2,0,0,100,0,0,0,6,0,660,0,13,0,12,10,10
"agent BacktrackAgent #82",BacktrackAgent,0.05,0,0.69,100,0,0,0,0,3,100,2,0,0,100,0,0,0,0,0,129,0,6,1,5,10,10
"agent BacktrackAgent #83",BacktrackAgent,0.1,0,0.69,100,0,0,0,0,2,100,0,0,0,100,0,0,0,4,0,430,4,11,2,10,10,10
"agent BacktrackAgent #84",BacktrackAgent,0.28,0,0.69,100,0,2,0,2,6,100,8,0,0,100,0,0,0,6,0,495,8,17,3,28,10,10
"agent BacktrackAgent #85",BacktrackAgent,0.12,0,0.69,100,0,0,0,0,4,100,2,0,0,100,0,0,0,6,0,648,0,13,0,12,10,10
"agent BacktrackAgent #86",BacktrackAgent,0.19,0,0.69,100,0,1,0,1,4,100,8,0,0,100,0,0,0,6,0,679,1,13,1,19,10,10
"agent BacktrackAgent #87",BacktrackAgent,0.18,0,0.69,100,0,1,0,1,4,100,2,0,0,100,0,0,0,6,0,556,6,15,2,18,10,10
"agent BacktrackAgent #88",BacktrackAgent,0.32,0,0.69,100,0,3,0,3,8,100,8,0,0,100,0,0,0,6,0,615,10,19,3,32,10,10
"agent BacktrackAgent #89",BacktrackAgent,0.12,0,0.69,100,0,0,0,0,4,100,2,0,0,100,0,0,0,6,0,635,0,13,0,12,10,10
"agent BacktrackAgent #90",BacktrackAgent,0.05,0,0.69,100,0,0,0,0,3,100,2,0,0,100,0,0,0,0,0,123,0,6,1,5,10,10
"agent BacktrackAgent #91",BacktrackAgent,0.18,0,0.69,100,0,1,0,1,4,100,2,0,0,100,0,0,0,6,0,469,6,15,2,18,10,10
"agent BacktrackAgent #92",BacktrackAgent,0.04,0,0.69,100,0,0,0,0,0,100,2,0,0,100,0,0,0,0,0,115,2,5,3,4,10,10
"agent BacktrackAgent #93",BacktrackAgent,0.12,0,0.69,100,0,0,0,0,4,100,2,0,0,100,0,0,0,6,0,623,0,13,0,12,10,10
"agent BacktrackAgent #94",BacktrackAgent,0.05,0,0.69,100,0,0,0,0,3,100,2,0,0,100,0,0,0,0,0,118,0,6,1,5,10,10
"agent BacktrackAgent #95",BacktrackAgent,0.18,0,0.69,100,0,1,0,1,4,100,2,0,0,100,0,0,0,6,0,530,6,15,2,18,10,10
"agent BacktrackAgent #96",BacktrackAgent,0.32,0,0.69,100,0,3,0,3,8,100,8,0,0,100,0,0,0,6,0,578,10,19,3,32,10,10
"agent BacktrackAgent #97",BacktrackAgent,0.12,0,0.69,100,0,0,0,0,4,100,2,0,0,100,0,0,0,6,0,611,0,13,0,12,10,10
"agent BacktrackAgent #98",BacktrackAgent,0.05,0,0.69,100,0,0,0,0,3,100,2,0,0,100,0,0,0,0,0,113,0,6,1,5,10,10
"agent BacktrackAgent #99",BacktrackAgent,0.26,0,0.69,100,0,2,0,2,6,100,4,0,0,100,0,0,0,8,0,507,8,19,2,26,10,10
"agent BacktrackAgent #100",BacktrackAgent,0.08,0,0.69,100,0,1,0,1,2,100,2,0,0,100,0,0,0,0,0,278,4,7,3,8,10,10
"agent ForwardAgent #101",ForwardAgent,0.12,0,0.69,100,0,0,0,0,4,100,2,0,0,100,0,0,0,6,0,588,0,13,0,12,10,10
"agent ForwardAgent #102",ForwardAgent,0.19,0,0.69,100,0,1,0,1,4,100,8,0,0,100,0,0,0,6,0,651,1,13,1,19,10,10
"agent ForwardAgent #103",ForwardAgent,0.22,0,0.69,100,0,2,0,2,6,100,2,0,0,100,0,0,0,6,0,425,8,15,2,22,10,10
"agent ForwardAgent #104",ForwardAgent,0.04,0,0.69,100,0,0,0,0,0,100,2,0,0,100,0,0,0,0,0,110,2,5,3,4,10,10
"agent ForwardAgent #105",ForwardAgent,0.12,0,0.69,100,0,0,0,0,4,100,2,0,0,100,0,0,0,6,0,575,0,13,0,12,10,10
"agent ForwardAgent #106",ForwardAgent,0.19,0,0.69,100,0,1,0,1,4,100,8,0,0,100,0,0,0,6,0,631,1,13,1,19,10,10
"agent ForwardAgent #107",ForwardAgent,0.42,0,0.69,100,0,3,0,3,10,100,8,0,0,100,0,0,0,12,0,576,12,19,2,42,10,10
"agent ForwardAgent #108",ForwardAgent,0.36,0,0.69,100,0,3,0,3,8,100,10,0,0,100,0,0,0,8,0,532,10,17,3,36,10,10
"agent ForwardAgent #109",ForwardAgent,0.12,0,0.69,100,0,0,0,0,4,100,2,0,0,100,0,0,0,6,0,562,0,13,0,12,10,10
"agent ForwardAgent #110",ForwardAgent,0.19,0,0.69,100,0,1,0,1,4,100,8,0,0,100,0,0,0,6,0,611,1,13,1,19,10,10
"agent ForwardAgent #111",ForwardAgent,0.34,0,0.69,100,0,2,0,2,8,100,6,0,0,100,0,0,0,10,0,624,10,15,2,34,10,10
"agent ForwardAgent #112",ForwardAgent,0.04,0,0.69,100,0,0,0,0,0,100,2,0,0,100,0,0,0,0,0,105,2,5,3,4,10,10
"agent ForwardAgent #113",ForwardAgent,0.12,0,0.69,100,0,0,0,0,4,100,2,0,0,100,0,0,0,6,0,549,0,13,0,12,10,10
"agent ForwardAgent #114",ForwardAgent,0.05,0,0.69,100,0,0,0,0,3,100,2,0,0,100,0,0,0,0,0,105,0,6,1,5,10,10
"agent ForwardAgent #115",ForwardAgent,0.18,0,0.69,100,0,1,0,1,4,100,2,0,0,100,0,0,0,6,0,478,6,15,2,18,10,10
"agent ForwardAgent #116",ForwardAgent,0.08,0,0.69,100,0,1,0,1,2,100,2,0,0,100,0,0,0,0,0,182,4,7,3,8,10,10
"agent ForwardAgent #117",ForwardAgent,0.12,0,0.69,100,0,0,0,0,4,100,2,0,0,100,0,0,0,6,0,537,0,13,0,12,10,10
"agent ForwardAgent #118",ForwardAgent,0.05,0,0.69,100,0,0,0,0,3,100,2,0,0,100,0,0,0,0,0,100,0,6,1,5,10,10
"agent ForwardAgent #119",ForwardAgent,0.1,0,0.69,100,0,0,0,0,2,100,0,0,0,100,0,0,0,4,0,362,4,11,2,10,10,10
"agent ForwardAgent #120",ForwardAgent,0.48,0,0.69,100,0,4,0,4,12,100,12,0,0,100,0,0,0,10,0,593,14,15,3,48,10,10
"agent ForwardAgent #121",ForwardAgent,0.12,0,0.69,100,0,0,0,0,4,100,2,0,0,100,0,0,0,6,0,525,0,13,0,12,10,10
"agent ForwardAgent #122",ForwardAgent,0.19,0,0.69,100,0,1,0,1,4,100,8,0,0,100,0,0,0,6,0,587,1,13,1,19,10,10
"agent ForwardAgent #123",ForwardAgent,0.1,0,0.69,100,0,0,0,0,2,100,0,0,0,100,0,0,0,4,0,350,4,11,2,10,10,10
"agent ForwardAgent #124",ForwardAgent,0.08,0,0.69,100,0,1,0,1,2,100,2,0,0,100,0,0,0,0,0,167,4,7,3,8,10,10
"agent ForwardAgent #125",ForwardAgent,0.12,0,0.69,100,0,0,0,0,4,100,2,0,0,100,0,0,0,6,0,512,0,13,0,12,10,10
"agent ForwardAgent #126",ForwardAgent,0.19,0,0.69,100,0,1,0,1,4,100,8,0,0,100,0,0,0,6,0,567,1,13,1,19,10,10
"agent ForwardAgent #127",ForwardAgent,0.1,0,0.69,100,0,0,0,0,2,100,0,0,0,100,0,0,0,4,0,338,4,11,2,10,10,10
"agent ForwardAgent #128",ForwardAgent,0.28,0,0.69,100,0,2,0,2,6,100,8,0,0,100,0,0,0,6,0,404,8,17,3,28,10,10
"agent ForwardAgent #129",ForwardAgent,0.12,0,0.69,100,0,0,0,0,4,100,2,0,0,100,0,0,0,6,0,499,0,13,0,12,10,10
"agent ForwardAgent #130",ForwardAgent,0.05,0,0.69,100,0,0,0,0,3,100,2,0,0,100,0,0,0,0,0,93,0,6,1,5,10,10
"agent ForwardAgent #131",ForwardAgent,0.42,0,0.69,100,0,3,0,3,10,100,8,0,0,100,0,0,0,12,0,568,12,19,2,42,10,10
"agent ForwardAgent #132",ForwardAgent,0.36,0,0.69,100,0,3,0,3,8,100,10,0,0,100,0,0,0,8,0,411,10,19,3,36,10,10
"agent ForwardAgent #133",ForwardAgent,0.12,0,0.69,100,0,0,0,0,4,100,2,0,0,100,0,0,0,6,0,487,0,13,0,12,10,10
"agent ForwardAgent #134",ForwardAgent,0.05,0,0.69,100,0,0,0,0,3,100,2,0,0,100,0,0,0,0,0,88,0,6,1,5,10,10
"agent ForwardAgent #135",ForwardAgent,0.3,0,0.69,100,0,3,0,3,8,100,4,0,0,100,0,0,0,8,0,469,10,15,2,30,10,10
"agent ForwardAgent #136",ForwardAgent,0.04,0,0.69,100,0,0,0,0,0,100,2,0,0,100,0,0,0,0,0,92,2,5,3,4,10,10
"agent ForwardAgent #137",ForwardAgent,0.12,0,0.69,100,0,0,0,0,4,100,2,0,0,100,0,0,0,6,0,475,0,13,0,12,10,10
"agent ForwardAgent #138",ForwardAgent,0.19,0,0.69,100,0,1,0,1,4,100,8,0,0,100,0,0,0,6,0,543,1,13,1,19,10,10
"agent ForwardAgent #139",ForwardAgent,0.82,0,0.69,100,0,9,0,9,22,100,16,0,0,100,0,0,0,20,0,504,24,19,2,82,10,10
"agent ForwardAgent #140",ForwardAgent,0.08,0,0.69,100,0,1,0,1,2,100,2,0,0,100,0,0,0,0,0,156,4,7,3,8,10,10
"agent ForwardAgent #141",ForwardAgent,0.12,0,0.69,100,0,0,0,0,4,100,2,0,0,100,0,0,0,6,0,462,0,13,0,12,10,10
"agent ForwardAgent #142",ForwardAgent,0.05,0,0.69,100,0,0,0,0,3,100,2,0,0,100,0,0,0,0,0,82,0,6,1,5,10,10
"agent ForwardAgent #143",ForwardAgent,0.18,0,0.69,100,0,1,0,1,4,100,2,0,0,100,0,0,0,6,0,343,6,15,2,18,10,10
"agent ForwardAgent #144",ForwardAgent,0.28,0,0.69,100,0,2,0,2,6,100,8,0,0,100,0,0,0,6,0,381,8,15,3,28,10,10
"agent ForwardAgent #145",ForwardAgent,0.12,0,0.69,100,0,0,0,0,4,100,2,0,0,100,0,0,0,6,0,450,0,13,0,12,10,10
"agent ForwardAgent #146",ForwardAgent,0.19,0,0.69,100,0,1,0,1,4,100,8,0,0,100,0,0,0,6,0,521,1,13,1,19,10,10
"agent ForwardAgent #147",ForwardAgent,0.1,0,0.69,100,0,0,0,0,2,100,0,0,0,100,0,0,0,4,0,302,4,11,2,10,10,10
"agent ForwardAgent #148",ForwardAgent,0.04,0,0.69,100,0,0,0,0,0,100,2,0,0,100,0,0,0,0,0,84,2,5,3,4,10,10
"agent ForwardAgent #149",ForwardAgent,0.12,0,0.69,100,0,0,0,0,4,100,2,0,0,100,0,0,0,6,0,437,0,13,0,12,10,10
"agent ForwardAgent #150",ForwardAgent,0.19,0,0.69,100,0,1,0,1,4,100,8,0,0,100,0,0,0,6,0,501,1,13,1,19,10,10
"agent ForwardAgent #151",ForwardAgent,0.58,0,0.69,100,0,5,0,5,14,100,12,0,0,100,0,0,0,16,0,434,16,19,2,58,10,10
"agent ForwardAgent #152",ForwardAgent,0.04,0,0.69,100,0,0,0,0,0,100,2,0,0,100,0,0,0,0,0,80,2,5,3,4,10,10
"agent ForwardAgent #153",ForwardAgent,0.12,0,0.69,100,0,0,0,0,4,100,2,0,0,100,0,0,0,6,0,424,0,13,0,12,10,10
"agent ForwardAgent #154",ForwardAgent,0.05,0,0.69,100,0,0,0,0,3,100,2,0,0,100,0,0,0,0,0,75,0,6,1,5,10,10
"agent ForwardAgent #155",ForwardAgent,0.3,0,0.69,100,0,3,0,3,8,100,4,0,0,100,0,0,0,8,0,371,10,15,2,30,10,10
"agent ForwardAgent #156",ForwardAgent,0.08,0,0.69,100,0,1,0,1,2,100,2,0,0,100,0,0,0,0,0,145,4,7,3,8,10,10
"agent ForwardAgent #157",ForwardAgent,0.12,0,0.69,100,0,0,0,0,4,100,2,0,0,100,0,0,0,6,0,412,0,13,0,12,10,10
"agent ForwardAgent #158",ForwardAgent,0.19,0,0.69,100,0,1,0,1,4,100,8,0,0,100,0,0,0,6,0,479,1,13,1,19,10,10
"agent ForwardAgent #159",ForwardAgent,0.42,0,0.69,100,0,3,0,3,10,100,8,0,0,100,0,0,0,12,0,397,12,19,2,42,10,10
"agent ForwardAgent #160",ForwardAgent,0.44,0,0.69,100,0,5,0,5,12,100,10,0,0,100,0,0,0,8,0,352,14,17,3,44,10,10
"agent ForwardAgent #161",ForwardAgent,0.12,0,0.69,100,0,0,0,0,4,100,2,0,0,100,0,0,0,6,0,399,0,13,0,12,10,10
"agent ForwardAgent #162",ForwardAgent,0.19,0,0.69,100,0,1,0,1,4,100,8,0,0,100,0,0,0,6,0,459,1,13,1,19,10,10
"agent ForwardAgent #163",ForwardAgent,0.54,0,0.69,100,0,5,0,5,14,100,10,0,0,100,0,0,0,14,0,360,16,19,2,54,10,10
"agent ForwardAgent #164",ForwardAgent,0.8,0,0.69,100,0,8,0,8,20,100,20,0,0,100,0,0,0,18,0,341,22,19,3,80,10,10
"agent ForwardAgent #165",ForwardAgent,0.12,0,0.69,100,0,0,0,0,4,100,2,0,0,100,0,0,0,6,0,386,0,13,0,12,10,10
"agent ForwardAgent #166",ForwardAgent,0.05,0,0.69,100,0,0,0,0,3,100,2,0,0,100,0,0,0,0,0,68,0,6,1,5,10,10
"agent ForwardAgent #167",ForwardAgent,0.34,0,0.69,100,0,2,0,2,8,100,6,0,0,100,0,0,0,10,0,435,10,15,2,34,10,10
"agent ForwardAgent #168",ForwardAgent,0.28,0,0.69,100,0,2,0,2,6,100,8,0,0,100,0,0,0,6,0,318,8,17,3,28,10,10
"agent ForwardAgent #169",ForwardAgent,0.12,0,0.69,100,0,0,0,0,4,100,2,0,0,100,0,0,0,6,0,374,0,13,0,12,10,10
"agent ForwardAgent #170",ForwardAgent,0.19,0,0.69,100,0,1,0,1,4,100,8,0,0,100,0,0,0,6,0,437,1,13,1,19,10,10
"agent ForwardAgent #171",ForwardAgent,0.1,0,0.69,100,0,0,0,0,2,100,0,0,0,100,0,0,0,4,0,263,4,11,2,10,10,10
"agent ForwardAgent #172",ForwardAgent,0.32,0,0.69,100,0,2,0,2,6,100,10,0,0,100,0,0,0,8,0,301,8,17,3,32,10,10
"agent ForwardAgent #173",ForwardAgent,0.12,0,0.69,100,0,0,0,0,4,100,2,0,0,100,0,0,0,6,0,361,0,13,0,12,10,10
"agent ForwardAgent #174",ForwardAgent,0.05,0,0.69,100,0,0,0,0,3,100,2,0,0,100,0,0,0,0,0,62,0,6,1,5,10,10
"agent ForwardAgent #175",ForwardAgent,0.18,0,0.69,100,0,1,0,1,4,100,2,0,0,100,0,0,0,6,0,331,6,15,2,18,10,10
"agent ForwardAgent #176",ForwardAgent,0.08,0,0.69,100,0,1,0,1,2,100,2,0,0,100,0,0,0,0,0,127,4,7,3,8,10,10
"agent ForwardAgent #177",ForwardAgent,0.12,0,0.69,100,0,0,0,0,4,100,2,0,0,100,0,0,0,6,0,349,0,13,0,12,10,10
"agent ForwardAgent #178",ForwardAgent,0.19,0,0.69,100,0,1,0,1,4,100,8,0,0,100,0,0,0,6,0,415,1,13,1,19,10,10
"agent ForwardAgent #179",ForwardAgent,0.1,0,0.69,100,0,0,0,0,2,100,0,0,0,100,0,0,0,4,0,240,4,11,2,10,10,10
"agent ForwardAgent #180",ForwardAgent,0.04,0,0.69,100,0,0,0,0,0,100,2,0,0,100,0,0,0,0,0,64,2,5,3,4,10,10
"agent ForwardAgent #181",ForwardAgent,0.12,0,0.69,100,0,0,0,0,4,100,2,0,0,100,0,0,0,6,0,336,0,13,0,12,10,10
"agent ForwardAgent #182",ForwardAgent,0.19,0,0.69,100,0,1,0,1,4,100,8,0,0,100,0,0,0,6,0,395,1,13,1,19,10,10
"agent ForwardAgent #183",ForwardAgent,0.3,0,0.69,100,0,3,0,3,8,100,4,0,0,100,0,0,0,8,0,270,10,19,2,30,10,10
"agent ForwardAgent #184",ForwardAgent,0.08,0,0.69,100,0,1,0,1,2,100,2,0,0,100,0,0,0,0,0,118,4,7,3,8,10,10
"agent ForwardAgent #185",ForwardAgent,0.12,0,0.69,100,0,0,0,0,4,100,2,0,0,100,0,0,0,6,0,323,0,13,0,12,10,10
"agent ForwardAgent #186",ForwardAgent,0.19,0,0.69,100,0,1,0,1,4,100,8,0,0,100,0,0,0,6,0,375,1,13,1,19,10,10
"agent ForwardAgent #187",ForwardAgent,0.3,0,0.69,100,0,3,0,3,8,100,4,0,0,100,0,0,0,8,0,240,10,19,2,30,10,10
"agent ForwardAgent #188",ForwardAgent,0.36,0,0.69,100,0,3,0,3,8,100,10,0,0,100,0,0,0,8,0,254,10,17,3,36,10,10
"agent ForwardAgent #189",ForwardAgent,0.12,0,0.69,100,0,0,0,0,4,100,2,0,0,100,0,0,0,6,0,310,0,13,0,12,10,10
"agent ForwardAgent #190",ForwardAgent,0.19,0,0.69,100,0,1,0,1,4,100,8,0,0,100,0,0,0,6,0,355,1,13,1,19,10,10
"agent ForwardAgent #191",ForwardAgent,0.18,0,0.69,100,0,1,0,1,4,100,2,0,0,100,0,0,0,6,0,221,6,15,2,18,10,10
"agent ForwardAgent #192",ForwardAgent,0.4,0,0.69,100,0,4,0,4,10,100,10,0,0,100,0,0,0,8,0,284,12,19,3,40,10,10
"agent ForwardAgent #193",ForwardAgent,0.12,0,0.69,100,0,0,0,0,4,100,2,0,0,100,0,0,0,6,0,297,0,13,0,12,10,10
"agent ForwardAgent #194",ForwardAgent,0.19,0,0.69,100,0,1,0,1,4,100,8,0,0,100,0,0,0,6,0,335,1,13,1,19,10,10
"agent ForwardAgent #195",ForwardAgent,0.1,0,0.69,100,0,0,0,0,2,100,0,0,0,100,0,0,0,4,0,215,4,11,2,10,10,10
"agent ForwardAgent #196",ForwardAgent,0.24,0,0.69,100,0,2,0,2,6,100,6,0,0,100,0,0,0,4,0,205,8,15,3,24,10,10
"agent ForwardAgent #197",ForwardAgent,0.12,0,0.69,100,0,0,0,0,4,100,2,0,0,100,0,0,0,6,0,284,0,13,0,12,10,10
"agent ForwardAgent #198",ForwardAgent,0.19,0,0.69,100,0,1,0,1,4,100,8,0,0,100,0,0,0,6,0,315,1,13,1,19,10,10
"agent ForwardAgent #199",ForwardAgent,0.1,0,0.69,100,0,0,0,0,2,100,0,0,0,100,0,0,0,4,0,203,4,11,2,10,10,10
"agent ForwardAgent #200",ForwardAgent,0.04,0,0.69,100,0,0,0,0,0,100,2,0,0,100,0,0,0,0,0,54,2,5,3,4,10,10
"agent NegotiatingAgent #201",NegotiatingAgent,0.12,0,0.69,100,12,0,0,0,4,100,2,24,25,100,0,0,0,6,0,112,0,13,0,12,10,10
"agent NegotiatingAgent #202",NegotiatingAgent,0.19,0,0.69,100,16,1,0,1,4,100,8,34,26,100,0,0,0,6,0,78,1,13,1,19,10,10
"agent NegotiatingAgent #203",NegotiatingAgent,0.18,26,0.69,100,22,1,0,1,4,100,2,42,41,100,0,0,0,6,0,122,6,15,2,18,10,10
"agent NegotiatingAgent #204",NegotiatingAgent,0.28,36,0.69,100,28,2,0,2,6,100,8,56,51,100,0,0,0,6,0,132,8,17,3,28,10,10
"agent NegotiatingAgent #205",NegotiatingAgent,0.12,0,0.69,100,7,0,0,0,4,100,2,18,18,100,0,1,0,6,0,217,0,13,0,12,10,10
"agent NegotiatingAgent #206",NegotiatingAgent,0.19,21,0.69,100,7,1,0,1,4,100,8,23,22,100,0,3,0,6,0,204,1,13,1,19,10,10
"agent NegotiatingAgent #207",NegotiatingAgent,0.18,2,0.69,100,13,1,0,1,4,100,2,29,29,100,0,1,0,6,0,162,6,15,2,18,10,10
"agent NegotiatingAgent #208",NegotiatingAgent,0.28,58,0.69,100,20,2,0,2,6,100,8,46,44,100,0,2,0,6,0,125,8,17,3,28,10,10
"agent NegotiatingAgent #209",NegotiatingAgent,0.12,0,0.69,100,6,0,0,0,4,100,2,13,14,100,0,0,0,6,0,227,0,13,0,12,10,10
"agent NegotiatingAgent #210",NegotiatingAgent,0.19,0,0.69,100,8,1,0,1,4,100,8,21,22,100,0,0,0,6,0,224,1,13,1,19,10,10
"agent NegotiatingAgent #211",NegotiatingAgent,0.1,0,0.69,100,7,0,0,0,2,100,0,17,18,100,0,0,0,4,0,117,4,11,2,10,10,10
"agent NegotiatingAgent #212",NegotiatingAgent,0.28,70,0.69,100,17,2,0,2,6,100,8,45,40,100,0,2,0,6,0,123,8,17,3,28,10,10
"agent NegotiatingAgent #213",NegotiatingAgent,0.12,0,0.69,100,11,0,0,0,4,100,2,23,21,100,0,0,0,6,0,86,0,13,0,12,10,10
"agent NegotiatingAgent #214",NegotiatingAgent,0.05,0,0.69,100,4,0,0,0,3,100,2,8,7,100,0,0,0,0,0,42,0,6,1,5,10,10
"agent NegotiatingAgent #215",NegotiatingAgent,0.1,0,0.69,100,6,0,0,0,2,100,0,14,15,100,0,0,0,4,0,144,4,11,2,10,10,10
"agent NegotiatingAgent #216",NegotiatingAgent,0.04,0,0.69,100,1,0,0,0,0,100,2,3,4,100,0,0,0,0,0,43,2,5,3,4,10,10
"agent NegotiatingAgent #217",NegotiatingAgent,0.12,0,0.69,100,0,0,0,0,4,100,2,10,9,100,0,1,0,6,0,243,0,13,0,12,10,10
"agent NegotiatingAgent #218",NegotiatingAgent,0.05,0,0.69,100,0,0,0,0,3,100,2,3,3,100,0,1,0,0,0,43,0,6,1,5,10,10
"agent NegotiatingAgent #219",NegotiatingAgent,0.1,0,0.69,100,0,0,0,0,2,100,0,9,7,100,0,2,0,4,0,167,4,11,2,10,10,10
"agent NegotiatingAgent #220",NegotiatingAgent,0.04,0,0.69,100,0,0,0,0,0,100,2,2,2,100,0,0,0,0,0,37,2,5,3,4,10,10
"agent NegotiatingAgent #221",NegotiatingAgent,0.12,0,0.69,100,0,0,0,0,4,100,2,10,9,100,0,1,0,6,0,231,0,13,0,12,10,10
"agent NegotiatingAgent #222",NegotiatingAgent,0.05,0,0.69,100,1,0,0,0,3,100,2,3,4,100,0,0,0,0,0,38,0,6,1,5,10,10
"agent NegotiatingAgent #223",NegotiatingAgent,0.18,0,0.69,100,0,1,0,1,4,100,2,15,14,100,0,3,0,6,0,224,6,15,2,18,10,10
"agent NegotiatingAgent #224",NegotiatingAgent,0.04,0,0.69,100,0,0,0,0,0,100,2,2,2,100,0,0,0,0,0,33,2,5,3,4,10,10
"agent NegotiatingAgent #225",NegotiatingAgent,0.12,0,0.69,100,0,0,0,0,4,100,2,10,9,100,0,1,0,6,0,219,0,13,0,12,10,10
"agent NegotiatingAgent #226",NegotiatingAgent,0.19,0,0.69,100,0,1,0,1,4,100,8,18,16,100,0,2,0,6,0,242,1,13,1,19,10,10
"agent NegotiatingAgent #227",NegotiatingAgent,0.26,16,0.69,100,16,2,0,2,6,100,4,41,34,100,0,2,0,8,0,122,8,19,2,26,10,10
"agent NegotiatingAgent #228",NegotiatingAgent,0.08,2,0.69,100,8,1,0,1,2,100,2,16,17,100,0,0,0,0,0,73,4,7,3,8,10,10
"agent NegotiatingAgent #229",NegotiatingAgent,0.12,0,0.69,100,0,0,0,0,4,100,2,10,10,100,0,0,0,6,0,206,0,13,0,12,10,10
"agent NegotiatingAgent #230",NegotiatingAgent,0.05,0,0.69,100,0,0,0,0,3,100,2,4,4,100,0,0,0,0,0,32,0,6,1,5,10,10
"agent NegotiatingAgent #231",NegotiatingAgent,0.18,0,0.69,100,9,1,0,1,4,100,2,27,28,100,0,0,0,6,0,131,6,15,2,18,10,10
"agent NegotiatingAgent #232",NegotiatingAgent,0.32,36,0.69,100,20,3,0,3,8,100,8,47,41,100,0,1,0,6,0,122,10,19,3,32,10,10
"agent NegotiatingAgent #233",NegotiatingAgent,0.12,0,0.69,100,0,0,0,0,4,100,2,10,10,100,0,0,0,6,0,194,0,13,0,12,10,10
"agent NegotiatingAgent #234",NegotiatingAgent,0.19,0,0.69,100,6,1,0,1,4,100,8,24,18,100,0,2,0,6,0,83,1,13,1,19,10,10
"agent NegotiatingAgent #235",NegotiatingAgent,0.1,0,0.69,100,0,0,0,0,2,100,0,9,8,100,0,1,0,4,0,138,4,11,2,10,10,10
"agent NegotiatingAgent #236",NegotiatingAgent,0.08,0,0.69,100,0,1,0,1,2,100,2,7,5,100,0,2,0,0,0,76,4,7,3,8,10,10
"agent NegotiatingAgent #237",NegotiatingAgent,0.12,0,0.69,100,0,0,0,0,4,100,2,10,10,100,0,0,0,6,0,181,0,13,0,12,10,10
"agent NegotiatingAgent #238",NegotiatingAgent,0.05,0,0.69,100,0,0,0,0,3,100,2,4,4,100,0,0,0,0,0,26,0,6,1,5,10,10
"agent NegotiatingAgent #239",NegotiatingAgent,0.18,0,0.69,100,11,1,0,1,4,100,2,29,30,100,0,0,0,6,0,89,6,15,2,18,10,10
"agent NegotiatingAgent #240",NegotiatingAgent,0.28,0,0.69,100,0,2,0,2,6,100,8,28,24,100,1,4,0,6,0,114,8,17,3,28,10,10
"agent NegotiatingAgent #241",NegotiatingAgent,0.12,0,0.69,100,0,0,0,0,4,100,2,10,10,100,0,0,0,6,0,169,0,13,0,12,10,10
"agent NegotiatingAgent #242",NegotiatingAgent,0.19,0,0.69,100,0,1,0,1,4,100,8,18,16,100,0,2,0,6,0,211,1,13,1,19,10,10
"agent NegotiatingAgent #243",NegotiatingAgent,0.1,0,0.69,100,0,0,0,0,2,100,0,9,9,100,0,0,0,4,0,120,4,11,2,10,10,10
"agent NegotiatingAgent #244",NegotiatingAgent,0.32,22,0.69,100,13,3,0,3,8,100,8,46,39,100,0,0,0,6,0,84,10,19,3,32,10,10
"agent NegotiatingAgent #245",NegotiatingAgent,0.12,0,0.69,100,0,0,0,0,4,100,2,10,9,100,0,1,0,6,0,156,0,13,0,12,10,10
"agent NegotiatingAgent #246",NegotiatingAgent,0.19,0,0.69,100,0,1,0,1,4,100,8,18,16,100,0,2,0,6,0,191,1,13,1,19,10,10
"agent NegotiatingAgent #247",NegotiatingAgent,0.1,0,0.69,100,0,0,0,0,2,100,0,9,9,100,0,0,0,4,0,110,4,11,2,10,10,10
"agent NegotiatingAgent #248",NegotiatingAgent,0.04,0,0.69,100,0,0,0,0,0,100,2,2,2,100,0,0,0,0,0,22,2,5,3,4,10,10
"agent NegotiatingAgent #249",NegotiatingAgent,0.12,0,0.69,100,0,0,0,0,4,100,2,10,10,100,0,0,0,6,0,143,0,13,0,12,10,10
"agent NegotiatingAgent #250",NegotiatingAgent,0.05,0,0.69,100,1,0,0,0,3,100,2,3,4,100,0,0,0,0,0,18,0,6,1,5,10,10
"agent NegotiatingAgent #251",NegotiatingAgent,0.18,0,0.69,100,0,1,0,1,4,100,2,17,17,100,0,0,0,6,0,146,6,15,2,18,10,10
"agent NegotiatingAgent #252",NegotiatingAgent,0.08,0,0.69,100,0,1,0,1,2,100,2,7,6,100,0,1,0,0,0,61,4,7,3,8,10,10
"agent NegotiatingAgent #253",NegotiatingAgent,0.12,0,0.69,100,0,0,0,0,4,100,2,10,10,100,0,0,0,6,0,131,0,13,0,12,10,10
"agent NegotiatingAgent #254",NegotiatingAgent,0.19,0,0.69,100,5,1,0,1,4,100,8,20,20,100,0,0,0,6,0,119,1,13,1,19,10,10
"agent NegotiatingAgent #255",NegotiatingAgent,0.18,0,0.69,100,0,1,0,1,4,100,2,17,16,100,0,1,0,6,0,126,6,15,2,18,10,10
"agent NegotiatingAgent #256",NegotiatingAgent,0.32,4,0.69,100,5,3,0,3,8,100,8,37,34,100,0,2,0,6,0,75,10,19,3,32,10,10
"agent NegotiatingAgent #257",NegotiatingAgent,0.12,0,0.69,100,0,0,0,0,4,100,2,10,10,100,0,0,0,6,0,118,0,13,0,12,10,10
"agent NegotiatingAgent #258",NegotiatingAgent,0.05,0,0.69,100,0,0,0,0,3,100,2,4,4,100,0,0,0,0,0,14,0,6,1,5,10,10
"agent NegotiatingAgent #259",NegotiatingAgent,0.18,0,0.69,100,0,1,0,1,4,100,2,17,16,100,0,1,0,6,0,106,6,15,2,18,10,10
"agent NegotiatingAgent #260",NegotiatingAgent,0.28,0,0.69,100,0,2,0,2,6,100,8,32,28,100,4,4,0,6,0,76,8,17,3,28,10,10
"agent NegotiatingAgent #261",NegotiatingAgent,0.12,0,0.69,100,5,0,0,0,4,100,2,13,13,100,0,0,0,6,0,94,0,13,0,12,10,10
"agent NegotiatingAgent #262",NegotiatingAgent,0.19,0,0.69,100,0,1,0,1,4,100,8,18,15,100,0,3,0,6,0,158,1,13,1,19,10,10
"agent NegotiatingAgent #263",NegotiatingAgent,0.26,0,0.69,100,0,2,0,2,6,100,4,24,21,100,0,3,0,8,0,111,8,19,2,26,10,10
"agent NegotiatingAgent #264",NegotiatingAgent,0.08,0,0.69,100,3,1,0,1,2,100,2,9,8,100,0,0,0,0,0,40,4,7,3,8,10,10
"agent NegotiatingAgent #265",NegotiatingAgent,0.12,0,0.69,100,4,0,0,0,4,100,2,14,12,100,0,0,0,6,0,72,0,13,0,12,10,10
"agent NegotiatingAgent #266",NegotiatingAgent,0.19,0,0.69,100,4,1,0,1,4,100,8,17,18,100,0,0,0,6,0,135,1,13,1,19,10,10
"agent NegotiatingAgent #267",NegotiatingAgent,0.18,0,0.69,100,0,1,0,1,4,100,2,17,17,100,0,0,0,6,0,79,6,15,2,18,10,10
"agent NegotiatingAgent #268",NegotiatingAgent,0.32,0,0.69,100,0,3,0,3,8,100,8,34,32,100,3,2,0,6,0,93,10,19,3,32,10,10
"agent NegotiatingAgent #269",NegotiatingAgent,0.12,0,0.69,100,0,0,0,0,4,100,2,10,10,100,0,0,0,6,0,91,0,13,0,12,10,10
"agent NegotiatingAgent #270",NegotiatingAgent,0.19,0,0.69,100,0,1,0,1,4,100,8,18,18,100,0,0,0,6,0,122,1,13,1,19,10,10
"agent NegotiatingAgent #271",NegotiatingAgent,0.1,0,0.69,100,0,0,0,0,2,100,0,9,9,100,0,0,0,4,0,55,4,11,2,10,10,10
"agent NegotiatingAgent #272",NegotiatingAgent,0.08,0,0.69,100,0,1,0,1,2,100,2,7,7,100,0,0,0,0,0,35,4,7,3,8,10,10
"agent NegotiatingAgent #273",NegotiatingAgent,0.12,0,0.69,100,0,0,0,0,4,100,2,10,9,100,0,1,0,6,0,78,0,13,0,12,10,10
"agent NegotiatingAgent #274",NegotiatingAgent,0.19,0,0.69,100,0,1,0,1,4,100,8,18,18,100,0,0,0,6,0,102,1,13,1,19,10,10
"agent NegotiatingAgent #275",NegotiatingAgent,0.26,0,0.69,100,0,2,0,2,6,100,4,25,23,100,1,2,0,8,0,77,8,19,2,26,10,10
"agent NegotiatingAgent #276",NegotiatingAgent,0.08,0,0.69,100,0,1,0,1,2,100,2,7,7,100,0,0,0,0,0,27,4,7,3,8,10,10
"agent NegotiatingAgent #277",NegotiatingAgent,0.12,0,0.69,100,0,0,0,0,4,100,2,10,10,100,0,0,0,6,0,65,0,13,0,12,10,10
"agent NegotiatingAgent #278",NegotiatingAgent,0.19,0,0.69,100,0,1,0,1,4,100,8,18,18,100,0,0,0,6,0,82,1,13,1,19,10,10
"agent NegotiatingAgent #279",NegotiatingAgent,0.1,0,0.69,100,0,0,0,0,2,100,0,9,9,100,0,0,0,4,0,38,4,11,2,10,10,10
"agent NegotiatingAgent #280",NegotiatingAgent,0.08,0,0.69,100,0,1,0,1,2,100,2,7,7,100,0,0,0,0,0,19,4,7,3,8,10,10
"agent NegotiatingAgent #281",NegotiatingAgent,0.12,0,0.69,100,0,0,0,0,4,100,2,10,10,100,0,0,0,6,0,52,0,13,0,12,10,10
"agent NegotiatingAgent #282",NegotiatingAgent,0.19,0,0.69,100,0,1,0,1,4,100,8,18,17,100,0,1,0,6,0,62,1,13,1,19,10,10
"agent NegotiatingAgent #283",NegotiatingAgent,0.1,0,0.69,100,0,0,0,0,2,100,0,9,9,100,0,0,0,4,0,26,4,11,2,10,10,10
"agent NegotiatingAgent #284",NegotiatingAgent,0.28,2,0.69,100,5,2,0,2,6,100,8,29,28,100,0,1,0,6,0,18,8,17,3,28,10,10
"agent NegotiatingAgent #285",NegotiatingAgent,0.12,0,0.69,100,0,0,0,0,4,100,2,10,10,100,0,0,0,6,0,39,0,13,0,12,10,10
"agent NegotiatingAgent #286",NegotiatingAgent,0.19,0,0.69,100,0,1,0,1,4,100,8,18,17,100,0,1,0,6,0,42,1,13,1,19,10,10
"agent NegotiatingAgent #287",NegotiatingAgent,0.18,0,0.69,100,0,1,0,1,4,100,2,17,15,100,0,2,0,6,0,19,6,15,2,18,10,10
"agent NegotiatingAgent #288",NegotiatingAgent,0.08,0,0.69,100,0,1,0,1,2,100,2,7,7,100,0,0,0,0,0,9,4,7,3,8,10,10
"agent NegotiatingAgent #289",NegotiatingAgent,0.12,0,0.69,100,0,0,0,0,4,100,2,10,10,100,0,0,0,6,0,26,0,13,0,12,10,10
"agent NegotiatingAgent #290",NegotiatingAgent,0.19,0,0.69,100,0,1,0,1,4,100,8,18,18,100,0,0,0,6,0,22,1,13,1,19,10,10
"agent NegotiatingAgent #291",NegotiatingAgent,0.26,4,0.69,100,5,2,0,2,6,100,4,27,25,100,0,0,0,8,0,34,8,19,2,26,10,10
"agent NegotiatingAgent #292",NegotiatingAgent,0.28,0,0.69,100,0,2,0,2,6,100,8,27,23,100,0,4,0,6,0,14,8,17,3,28,10,10
"agent NegotiatingAgent #293",NegotiatingAgent,0.12,0,0.69,100,0,0,0,0,4,100,2,10,10,100,0,0,0,6,0,13,0,13,0,12,10,10
"agent NegotiatingAgent #294",NegotiatingAgent,0.05,0,0.69,100,0,0,0,0,3,100,2,4,3,100,0,1,0,0,0,1,0,6,1,5,10,10
"agent NegotiatingAgent #295",NegotiatingAgent,0.26,0,0.69,100,0,2,0,2,6,100,4,24,22,100,0,2,0,8,0,28,8,19,2,26,10,10
"agent NegotiatingAgent #296",NegotiatingAgent,0.04,0,0.69,100,0,0,0,0,0,100,2,2,2,100,0,0,0,0,0,1,2,5,3,4,10,10
"agent NegotiatingAgent #297",NegotiatingAgent,0.12,0,0.69,100,0,0,0,0,4,100,2,10,10,100,0,0,0,6,0,1,0,13,0,12,10,10
"agent NegotiatingAgent #298",NegotiatingAgent,0.19,0,0.69,100,0,1,0,1,4,100,8,18,17,100,0,1,0,6,0,0,1,13,1,19,10,10
"agent NegotiatingAgent #299",NegotiatingAgent,0.26,0,0.69,100,0,2,0,2,6,100,4,24,22,100,0,2,0,8,0,2,8,19,2,26,10,10
"agent NegotiatingAgent #300",NegotiatingAgent,0.32,0,0.69,100,0,3,0,3,8,100,8,34,30,100,3,1,0,6,0,0,10,19,3,32,10,10
