agentName,agentType,averageSpeed,cumulatedUtilityReceived,freeWallRatio,numBacktrackAgents,numCFPAnswered,numDeadends,numDifferentEncounters,numDirectionChanges,numDownSteps,numForwardAgents,numLeftSteps,numMessagesReceived,numMessagesSent,numNegotiatingAgents,numProposalsAccepted,numProposalsRejected,numRandomAgents,numRightSteps,numSwarmAgents,numTotalEncounters,numUpSteps,numVisitedCells,startingPosition,stepsToExit,xsize,ysize
"agent BacktrackAgent #1",BacktrackAgent,0.16,0,0.69,100,0,0,0,0,6,100,2,0,0,100,0,0,0,6,0,1038,2,17,0,16,10,10
"agent BacktrackAgent #2",BacktrackAgent,0.11,0,0.69,100,0,0,0,0,4,100,4,0,0,100,0,0,0,2,0,425,1,12,1,11,10,10
"agent BacktrackAgent #3",BacktrackAgent,0.25,0,0.69,100,0,1,0,1,6,100,4,0,0,100,0,0,0,7,0,588,8,18,2,25,10,10
"agent BacktrackAgent #4",BacktrackAgent,0.32,0,0.69,100,0,2,0,2,6,100,10,0,0,100,0,0,0,8,0,951,8,19,3,32,10,10
"agent BacktrackAgent #5",BacktrackAgent,0.2,0,0.69,100,0,1,0,1,6,100,4,0,0,100,0,0,0,8,0,924,2,19,0,20,10,10
"agent BacktrackAgent #6",BacktrackAgent,0.11,0,0.69,100,0,0,0,0,4,100,4,0,0,100,0,0,0,2,0,362,1,12,1,11,10,10
"agent BacktrackAgent #7",BacktrackAgent,0.11,0,0.69,100,0,1,0,1,0,100,3,0,0,100,0,0,0,6,0,412,2,11,2,11,10,10
"agent BacktrackAgent #8",BacktrackAgent,0.04,0,0.69,100,0,0,0,0,0,100,2,0,0,100,0,0,0,0,0,112,2,5,3,4,10,10
"agent BacktrackAgent #9",BacktrackAgent,0.16,0,0.69,100,0,0,0,0,6,100,2,0,0,100,0,0,0,6,0,724,2,17,0,16,10,10
"agent BacktrackAgent #10",BacktrackAgent,0.11,0,0.69,100,0,0,0,0,4,100,4,0,0,100,0,0,0,2,0,458,1,12,1,11,10,10
"agent BacktrackAgent #11",BacktrackAgent,0.25,0,0.69,100,0,1,0,1,6,100,4,0,0,100,0,0,0,7,0,686,8,18,2,25,10,10
"agent BacktrackAgent #12",BacktrackAgent,0.32,0,0.69,100,0,2,0,2,6,100,10,0,0,100,0,0,0,8,0,1422,8,19,3,32,10,10
"agent BacktrackAgent #13",BacktrackAgent,0.16,0,0.69,100,0,0,0,0,6,100,2,0,0,100,0,0,0,6,0,1061,2,17,0,16,10,10
"agent BacktrackAgent #14",BacktrackAgent,0.11,0,0.69,100,0,0,0,0,4,100,4,0,0,100,0,0,0,2,0,447,1,12,1,11,10,10
"agent BacktrackAgent #15",BacktrackAgent,0.11,0,0.69,100,0,1,0,1,0,100,3,0,0,100,0,0,0,6,0,535,2,11,2,11,10,10
"agent BacktrackAgent #16",BacktrackAgent,0.04,0,0.69,100,0,0,0,0,0,100,2,0,0,100,0,0,0,0,0,163,2,5,3,4,10,10
"agent BacktrackAgent #17",BacktrackAgent,0.2,0,0.69,100,0,1,0,1,6,100,4,0,0,100,0,0,0,8,0,1094,2,19,0,20,10,10
"agent BacktrackAgent #18",BacktrackAgent,0.11,0,0.69,100,0,0,0,0,4,100,4,0,0,100,0,0,0,2,0,435,1,12,1,11,10,10
"agent BacktrackAgent #19",BacktrackAgent,0.25,0,0.69,100,0,1,0,1,6,100,4,0,0,100,0,0,0,7,0,657,8,18,2,25,10,10
"agent BacktrackAgent #20",BacktrackAgent,0.32,0,0.69,100,0,2,0,2,6,100,10,0,0,100,0,0,0,8,0,1091,8,19,3,32,10,10
"agent BacktrackAgent #21",BacktrackAgent,0.2,0,0.69,100,0,1,0,1,6,100,4,0,0,100,0,0,0,8,0,1063,2,19,0,20,10,10
"agent BacktrackAgent #22",BacktrackAgent,0.13,0,0.69,100,0,1,0,1,5,100,4,0,0,100,0,0,0,2,0,798,2,13,1,13,10,10
"agent BacktrackAgent #23",BacktrackAgent,0.09,0,0.69,100,0,0,0,0,0,100,2,0,0,100,0,0,0,5,0,235,2,10,2,9,10,10
"agent BacktrackAgent #24",BacktrackAgent,0.04,0,0.69,100,0,0,0,0,0,100,2,0,0,100,0,0,0,0,0,158,2,5,3,4,10,10
"agent BacktrackAgent #25",BacktrackAgent,0.16,0,0.69,100,0,0,0,0,6,100,2,0,0,100,0,0,0,6,0,1009,2,17,0,16,10,10
"agent BacktrackAgent #26",BacktrackAgent,0.13,0,0.69,100,0,1,0,1,5,100,4,0,0,100,0,0,0,2,0,785,2,13,1,13,10,10
"agent BacktrackAgent #27",BacktrackAgent,0.27,0,0.69,100,0,2,0,2,6,100,5,0,0,100,0,0,0,8,0,1088,8,19,2,27,10,10
"agent BacktrackAgent #28",BacktrackAgent,0.04,0,0.69,100,0,0,0,0,0,100,2,0,0,100,0,0,0,0,0,154,2,5,3,4,10,10
"agent BacktrackAgent #29",BacktrackAgent,0.2,0,0.69,100,0,1,0,1,6,100,4,0,0,100,0,0,0,8,0,1033,2,19,0,20,10,10
"agent BacktrackAgent #30",BacktrackAgent,0.11,0,0.69,100,0,0,0,0,4,100,4,0,0,100,0,0,0,2,0,412,1,12,1,11,10,10
"agent BacktrackAgent #31",BacktrackAgent,0.09,0,0.69,100,0,0,0,0,0,100,2,0,0,100,0,0,0,5,0,225,2,10,2,9,10,10
"agent BacktrackAgent #32",BacktrackAgent,0.04,0,0.69,100,0,0,0,0,0,100,2,0,0,100,0,0,0,0,0,150,2,5,3,4,10,10
"agent BacktrackAgent #33",BacktrackAgent,0.16,0,0.69,100,0,0,0,0,6,100,2,0,0,100,0,0,0,6,0,983,2,17,0,16,10,10
"agent BacktrackAgent #34",BacktrackAgent,0.13,0,0.69,100,0,1,0,1,5,100,4,0,0,100,0,0,0,2,0,761,2,13,1,13,10,10
"agent BacktrackAgent #35",BacktrackAgent,0.25,0,0.69,100,0,1,0,1,6,100,4,0,0,100,0,0,0,7,0,618,8,18,2,25,10,10
"agent BacktrackAgent #36",BacktrackAgent,0.32,0,0.69,100,0,2,0,2,6,100,10,0,0,100,0,0,0,8,0,1335,8,19,3,32,10,10
"agent BacktrackAgent #37",BacktrackAgent,0.16,0,0.69,100,0,0,0,0,6,100,2,0,0,100,0,0,0,6,0,964,2,17,0,16,10,10
"agent BacktrackAgent #38",BacktrackAgent,0.13,0,0.69,100,0,1,0,1,5,100,4,0,0,100,0,0,0,2,0,748,2,13,1,13,10,10
"agent BacktrackAgent #39",BacktrackAgent,0.09,0,0.69,100,0,0,0,0,0,100,2,0,0,100,0,0,0,5,0,213,2,10,2,9,10,10
"agent BacktrackAgent #40",BacktrackAgent,0.32,0,0.69,100,0,2,0,2,6,100,10,0,0,100,0,0,0,8,0,1298,8,19,3,32,10,10
"agent BacktrackAgent #41",BacktrackAgent,0.2,0,0.69,100,0,1,0,1,6,100,4,0,0,100,0,0,0,8,0,988,2,19,0,20,10,10
"agent BacktrackAgent #42",BacktrackAgent,0.13,0,0.69,100,0,1,0,1,5,100,4,0,0,100,0,0,0,2,0,735,2,13,1,13,10,10
"agent BacktrackAgent #43",BacktrackAgent,0.27,0,0.69,100,0,2,0,2,6,100,5,0,0,100,0,0,0,8,0,1023,8,19,2,27,10,10
"agent BacktrackAgent #44",BacktrackAgent,0.32,0,0.69,100,0,2,0,2,6,100,10,0,0,100,0,0,0,8,0,1002,8,19,3,32,10,10
"agent BacktrackAgent #45",BacktrackAgent,0.16,0,0.69,100,0,0,0,0,6,100,2,0,0,100,0,0,0,6,0,932,2,17,0,16,10,10
"agent BacktrackAgent #46",BacktrackAgent,0.13,0,0.69,100,0,1,0,1,5,100,4,0,0,100,0,0,0,2,0,722,2,13,1,13,10,10
"agent BacktrackAgent #47",BacktrackAgent,0.27,0,0.69,100,0,2,0,2,6,100,5,0,0,100,0,0,0,8,0,994,8,19,2,27,10,10
"agent BacktrackAgent #48",BacktrackAgent,0.32,0,0.69,100,0,2,0,2,6,100,10,0,0,100,0,0,0,8,0,1212,8,19,3,32,10,10
"agent BacktrackAgent #49",BacktrackAgent,0.16,0,0.69,100,0,0,0,0,6,100,2,0,0,100,0,0,0,6,0,913,2,17,0,16,10,10
"agent BacktrackAgent #50",BacktrackAgent,0.11,0,0.69,100,0,0,0,0,4,100,4,0,0,100,0,0,0,2,0,397,1,12,1,11,10,10
"agent BacktrackAgent #51",BacktrackAgent,0.11,0,0.69,100,0,1,0,1,0,100,3,0,0,100,0,0,0,6,0,469,2,11,2,11,10,10
"agent BacktrackAgent #52",BacktrackAgent,0.32,0,0.69,100,0,2,0,2,6,100,10,0,0,100,0,0,0,8,0,916,8,19,3,32,10,10
"agent BacktrackAgent #53",BacktrackAgent,0.16,0,0.69,100,0,0,0,0,6,100,2,0,0,100,0,0,0,6,0,894,2,17,0,16,10,10
"agent BacktrackAgent #54",BacktrackAgent,0.13,0,0.69,100,0,1,0,1,5,100,4,0,0,100,0,0,0,2,0,698,2,13,1,13,10,10
"agent BacktrackAgent #55",BacktrackAgent,0.11,0,0.69,100,0,1,0,1,0,100,3,0,0,100,0,0,0,6,0,457,2,11,2,11,10,10
"agent BacktrackAgent #56",BacktrackAgent,0.04,0,0.69,100,0,0,0,0,0,100,2,0,0,100,0,0,0,0,0,141,2,5,3,4,10,10
"agent BacktrackAgent #57",BacktrackAgent,0.16,0,0.69,100,0,0,0,0,6,100,2,0,0,100,0,0,0,6,0,878,2,17,0,16,10,10
"agent BacktrackAgent #58",BacktrackAgent,0.13,0,0.69,100,0,1,0,1,5,100,4,0,0,100,0,0,0,2,0,685,2,13,1,13,10,10
"agent BacktrackAgent #59",BacktrackAgent,0.25,0,0.69,100,0,1,0,1,6,100,4,0,0,100,0,0,0,7,0,546,8,18,2,25,10,10
"agent BacktrackAgent #60",BacktrackAgent,0.04,0,0.69,100,0,0,0,0,0,100,2,0,0,100,0,0,0,0,0,137,2,5,3,4,10,10
"agent BacktrackAgent #61",BacktrackAgent,0.2,0,0.69,100,0,1,0,1,6,100,4,0,0,100,0,0,0,8,0,903,2,19,0,20,10,10
"agent BacktrackAgent #62",BacktrackAgent,0.11,0,0.69,100,0,0,0,0,4,100,4,0,0,100,0,0,0,2,0,382,1,12,1,11,10,10
"agent BacktrackAgent #63",BacktrackAgent,0.25,0,0.69,100,0,1,0,1,6,100,4,0,0,100,0,0,0,7,0,518,8,18,2,25,10,10
"agent BacktrackAgent #64",BacktrackAgent,0.04,0,0.69,100,0,0,0,0,0,100,2,0,0,100,0,0,0,0,0,133,2,5,3,4,10,10
"agent BacktrackAgent #65",BacktrackAgent,0.2,0,0.69,100,0,1,0,1,6,100,4,0,0,100,0,0,0,8,0,882,2,19,0,20,10,10
"agent BacktrackAgent #66",BacktrackAgent,0.11,0,0.69,100,0,0,0,0,4,100,4,0,0,100,0,0,0,2,0,371,1,12,1,11,10,10
"agent BacktrackAgent #67",BacktrackAgent,0.09,0,0.69,100,0,0,0,0,0,100,2,0,0,100,0,0,0,5,0,189,2,10,2,9,10,10
"agent BacktrackAgent #68",BacktrackAgent,0.32,0,0.69,100,0,2,0,2,6,100,10,0,0,100,0,0,0,8,0,1132,8,19,3,32,10,10
"agent BacktrackAgent #69",BacktrackAgent,0.16,0,0.69,100,0,0,0,0,6,100,2,0,0,100,0,0,0,6,0,832,2,17,0,16,10,10
"agent BacktrackAgent #70",BacktrackAgent,0.11,0,0.69,100,0,0,0,0,4,100,4,0,0,100,0,0,0,2,0,350,1,12,1,11,10,10
"agent BacktrackAgent #71",BacktrackAgent,0.09,0,0.69,100,0,0,0,0,0,100,2,0,0,100,0,0,0,5,0,179,2,10,2,9,10,10
"agent BacktrackAgent #72",BacktrackAgent,0.04,0,0.69,100,0,0,0,0,0,100,2,0,0,100,0,0,0,0,0,128,2,5,3,4,10,10
"agent BacktrackAgent #73",BacktrackAgent,0.2,0,0.69,100,0,1,0,1,6,100,4,0,0,100,0,0,0,8,0,851,2,19,0,20,10,10
"agent BacktrackAgent #74",BacktrackAgent,0.13,0,0.69,100,0,1,0,1,5,100,4,0,0,100,0,0,0,2,0,639,2,13,1,13,10,10
"agent BacktrackAgent #75",BacktrackAgent,0.25,0,0.69,100,0,1,0,1,6,100,4,0,0,100,0,0,0,7,0,485,8,18,2,25,10,10
"agent BacktrackAgent #76",BacktrackAgent,0.04,0,0.69,100,0,0,0,0,0,100,2,0,0,100,0,0,0,0,0,124,2,5,3,4,10,10
"agent BacktrackAgent #77",BacktrackAgent,0.16,0,0.69,100,0,0,0,0,6,100,2,0,0,100,0,0,0,6,0,806,2,17,0,16,10,10
"agent BacktrackAgent #78",BacktrackAgent,0.13,0,0.69,100,0,1,0,1,5,100,4,0,0,100,0,0,0,2,0,626,2,13,1,13,10,10
"agent BacktrackAgent #79",BacktrackAgent,0.27,0,0.69,100,0,2,0,2,6,100,5,0,0,100,0,0,0,8,0,861,8,19,2,27,10,10
"agent BacktrackAgent #80",BacktrackAgent,0.04,0,0.69,100,0,0,0,0,0,100,2,0,0,100,0,0,0,0,0,120,2,5,3,4,10,10
"agent BacktrackAgent #81",BacktrackAgent,0.2,0,0.69,100,0,1,0,1,6,100,4,0,0,100,0,0,0,8,0,820,2,19,0,20,10,10
"agent BacktrackAgent #82",BacktrackAgent,0.13,0,0.69,100,0,1,0,1,5,100,4,0,0,100,0,0,0,2,0,613,2,13,1,13,10,10
"agent BacktrackAgent #83",BacktrackAgent,0.27,0,0.69,100,0,2,0,2,6,100,5,0,0,100,0,0,0,8,0,830,8,19,2,27,10,10
"agent BacktrackAgent #84",BacktrackAgent,0.04,0,0.69,100,0,0,0,0,0,100,2,0,0,100,0,0,0,0,0,116,2,5,3,4,10,10
"agent BacktrackAgent #85",BacktrackAgent,0.16,0,0.69,100,0,0,0,0,6,100,2,0,0,100,0,0,0,6,0,779,2,17,0,16,10,10
"agent BacktrackAgent #86",BacktrackAgent,0.11,0,0.69,100,0,0,0,0,4,100,4,0,0,100,0,0,0,2,0,336,1,12,1,11,10,10
"agent BacktrackAgent #87",BacktrackAgent,0.27,0,0.69,100,0,2,0,2,6,100,5,0,0,100,0,0,0,8,0,802,8,19,2,27,10,10
"agent BacktrackAgent #88",BacktrackAgent,0.32,0,0.69,100,0,2,0,2,6,100,10,0,0,100,0,0,0,8,0,1031,8,19,3,32,10,10
"agent BacktrackAgent #89",BacktrackAgent,0.2,0,0.69,100,0,1,0,1,6,100,4,0,0,100,0,0,0,8,0,787,2,19,0,20,10,10
"agent BacktrackAgent #90",BacktrackAgent,0.13,0,0.69,100,0,1,0,1,5,100,4,0,0,100,0,0,0,2,0,589,2,13,1,13,10,10
"agent BacktrackAgent #91",BacktrackAgent,0.09,0,0.69,100,0,0,0,0,0,100,2,0,0,100,0,0,0,5,0,164,2,10,2,9,10,10
"agent BacktrackAgent #92",BacktrackAgent,0.32,0,0.69,100,0,2,0,2,6,100,10,0,0,100,0,0,0,8,0,996,8,19,3,32,10,10
"agent BacktrackAgent #93",BacktrackAgent,0.2,0,0.69,100,0,1,0,1,6,100,4,0,0,100,0,0,0,8,0,765,2,19,0,20,10,10
"agent BacktrackAgent #94",BacktrackAgent,0.13,0,0.69,100,0,1,0,1,5,100,4,0,0,100,0,0,0,2,0,576,2,13,1,13,10,10
"agent BacktrackAgent #95",BacktrackAgent,0.11,0,0.69,100,0,1,0,1,0,100,3,0,0,100,0,0,0,6,0,381,2,11,2,11,10,10
"agent BacktrackAgent #96",BacktrackAgent,0.04,0,0.69,100,0,0,0,0,0,100,2,0,0,100,0,0,0,0,0,107,2,5,3,4,10,10
"agent BacktrackAgent #97",BacktrackAgent,0.16,0,0.69,100,0,0,0,0,6,100,2,0,0,100,0,0,0,6,0,740,2,17,0,16,10,10
"agent BacktrackAgent #98",BacktrackAgent,0.13,0,0.69,100,0,1,0,1,5,100,4,0,0,100,0,0,0,2,0,563,2,13,1,13,10,10
"agent BacktrackAgent #99",BacktrackAgent,0.25,0,0.69,100,0,1,0,1,6,100,4,0,0,100,0,0,0,7,0,440,8,18,2,25,10,10
"agent BacktrackAgent #100",BacktrackAgent,0.04,0,0.69,100,0,0,0,0,0,100,2,0,0,100,0,0,0,0,0,146,2,5,3,4,10,10
"agent ForwardAgent #101",ForwardAgent,0.4,0,0.69,100,0,3,0,3,12,100,8,0,0,100,0,0,0,12,0,855,8,19,0,40,10,10
"agent ForwardAgent #102",ForwardAgent,0.13,0,0.69,100,0,1,0,1,5,100,4,0,0,100,0,0,0,2,0,550,2,13,1,13,10,10
"agent ForwardAgent #103",ForwardAgent,0.29,0,0.69,100,0,2,0,2,6,100,6,0,0,100,0,0,0,9,0,520,8,19,2,29,10,10
"agent ForwardAgent #104",ForwardAgent,0.16,0,0.69,100,0,1,0,1,0,100,8,0,0,100,0,0,0,6,0,545,2,11,3,16,10,10
"agent ForwardAgent #105",ForwardAgent,0.16,0,0.69,100,0,0,0,0,6,100,2,0,0,100,0,0,0,6,0,689,2,17,0,16,10,10
"agent ForwardAgent #106",ForwardAgent,0.13,0,0.69,100,0,1,0,1,5,100,4,0,0,100,0,0,0,2,0,537,2,13,1,13,10,10
"agent ForwardAgent #107",ForwardAgent,0.11,0,0.69,100,0,1,0,1,0,100,3,0,0,100,0,0,0,6,0,363,2,11,2,11,10,10
"agent ForwardAgent #108",ForwardAgent,0.32,0,0.69,100,0,2,0,2,6,100,10,0,0,100,0,0,0,8,0,768,8,19,3,32,10,10
"agent ForwardAgent #109",ForwardAgent,0.2,0,0.69,100,0,1,0,1,6,100,4,0,0,100,0,0,0,8,0,700,2,19,0,20,10,10
"agent ForwardAgent #110",ForwardAgent,0.13,0,0.69,100,0,1,0,1,5,100,4,0,0,100,0,0,0,2,0,524,2,13,1,13,10,10
"agent ForwardAgent #111",ForwardAgent,0.25,0,0.69,100,0,1,0,1,6,100,4,0,0,100,0,0,0,7,0,389,8,18,2,25,10,10
"agent ForwardAgent #112",ForwardAgent,0.72,0,0.69,100,0,6,0,6,18,100,18,0,0,100,0,0,0,16,0,996,20,19,3,72,10,10
"agent ForwardAgent #113",ForwardAgent,0.16,0,0.69,100,0,0,0,0,6,100,2,0,0,100,0,0,0,6,0,659,2,17,0,16,10,10
"agent ForwardAgent #114",ForwardAgent,0.11,0,0.69,100,0,0,0,0,4,100,4,0,0,100,0,0,0,2,0,317,1,12,1,11,10,10
"agent ForwardAgent #115",ForwardAgent,0.25,0,0.69,100,0,1,0,1,6,100,4,0,0,100,0,0,0,7,0,362,8,18,2,25,10,10
"agent ForwardAgent #116",ForwardAgent,0.28,0,0.69,100,0,1,0,1,6,100,8,0,0,100,0,0,0,6,0,803,8,17,3,28,10,10
"agent ForwardAgent #117",ForwardAgent,0.16,0,0.69,100,0,0,0,0,6,100,2,0,0,100,0,0,0,6,0,640,2,17,0,16,10,10
"agent ForwardAgent #118",ForwardAgent,0.11,0,0.69,100,0,0,0,0,4,100,4,0,0,100,0,0,0,2,0,306,1,12,1,11,10,10
"agent ForwardAgent #119",ForwardAgent,0.27,0,0.69,100,0,2,0,2,6,100,5,0,0,100,0,0,0,8,0,654,8,19,2,27,10,10
"agent ForwardAgent #120",ForwardAgent,0.28,0,0.69,100,0,1,0,1,6,100,8,0,0,100,0,0,0,6,0,749,8,17,3,28,10,10
"agent ForwardAgent #121",ForwardAgent,0.2,0,0.69,100,0,1,0,1,6,100,4,0,0,100,0,0,0,8,0,653,2,19,0,20,10,10
"agent ForwardAgent #122",ForwardAgent,0.11,0,0.69,100,0,0,0,0,4,100,4,0,0,100,0,0,0,2,0,295,1,12,1,11,10,10
"agent ForwardAgent #123",ForwardAgent,0.25,0,0.69,100,0,1,0,1,6,100,4,0,0,100,0,0,0,7,0,330,8,18,2,25,10,10
"agent ForwardAgent #124",ForwardAgent,0.48,0,0.69,100,0,3,0,3,12,100,12,0,0,100,0,0,0,10,0,846,14,19,3,48,10,10
"agent ForwardAgent #125",ForwardAgent,0.8,0,0.69,100,0,7,0,7,24,100,16,0,0,100,0,0,0,20,0,774,20,19,0,80,10,10
"agent ForwardAgent #126",ForwardAgent,0.11,0,0.69,100,0,0,0,0,4,100,4,0,0,100,0,0,0,2,0,284,1,12,1,11,10,10
"agent ForwardAgent #127",ForwardAgent,0.09,0,0.69,100,0,0,0,0,0,100,2,0,0,100,0,0,0,5,0,135,2,10,2,9,10,10
"agent ForwardAgent #128",ForwardAgent,0.28,0,0.69,100,0,1,0,1,6,100,8,0,0,100,0,0,0,6,0,692,8,17,3,28,10,10
"agent ForwardAgent #129",ForwardAgent,0.16,0,0.69,100,0,0,0,0,6,100,2,0,0,100,0,0,0,6,0,598,2,17,0,16,10,10
"agent ForwardAgent #130",ForwardAgent,0.13,0,0.69,100,0,1,0,1,5,100,4,0,0,100,0,0,0,2,0,467,2,13,1,13,10,10
"agent ForwardAgent #131",ForwardAgent,0.31,0,0.69,100,0,3,0,3,6,100,7,0,0,100,0,0,0,10,0,598,8,19,2,31,10,10
"agent ForwardAgent #132",ForwardAgent,0.04,0,0.69,100,0,0,0,0,0,100,2,0,0,100,0,0,0,0,0,96,2,5,3,4,10,10
"agent ForwardAgent #133",ForwardAgent,0.16,0,0.69,100,0,0,0,0,6,100,2,0,0,100,0,0,0,6,0,581,2,17,0,16,10,10
"agent ForwardAgent #134",ForwardAgent,0.13,0,0.69,100,0,1,0,1,5,100,4,0,0,100,0,0,0,2,0,454,2,13,1,13,10,10
"agent ForwardAgent #135",ForwardAgent,0.31,0,0.69,100,0,3,0,3,6,100,7,0,0,100,0,0,0,10,0,566,8,19,2,31,10,10
"agent ForwardAgent #136",ForwardAgent,0.52,0,0.69,100,0,4,0,4,12,100,14,0,0,100,0,0,0,12,0,736,14,19,3,52,10,10
"agent ForwardAgent #137",ForwardAgent,0.2,0,0.69,100,0,1,0,1,6,100,4,0,0,100,0,0,0,8,0,593,2,19,0,20,10,10
"agent ForwardAgent #138",ForwardAgent,0.11,0,0.69,100,0,0,0,0,4,100,4,0,0,100,0,0,0,2,0,271,1,12,1,11,10,10
"agent ForwardAgent #139",ForwardAgent,0.25,0,0.69,100,0,1,0,1,6,100,4,0,0,100,0,0,0,7,0,289,8,18,2,25,10,10
"agent ForwardAgent #140",ForwardAgent,0.76,0,0.69,100,0,7,0,7,18,100,20,0,0,100,0,0,0,18,0,645,20,19,3,76,10,10
"agent ForwardAgent #141",ForwardAgent,0.16,0,0.69,100,0,0,0,0,6,100,2,0,0,100,0,0,0,6,0,550,2,17,0,16,10,10
"agent ForwardAgent #142",ForwardAgent,0.11,0,0.69,100,0,0,0,0,4,100,4,0,0,100,0,0,0,2,0,260,1,12,1,11,10,10
"agent ForwardAgent #143",ForwardAgent,0.09,0,0.69,100,0,0,0,0,0,100,2,0,0,100,0,0,0,5,0,119,2,10,2,9,10,10
"agent ForwardAgent #144",ForwardAgent,0.04,0,0.69,100,0,0,0,0,0,100,2,0,0,100,0,0,0,0,0,90,2,5,3,4,10,10
"agent ForwardAgent #145",ForwardAgent,0.36,0,0.69,100,0,2,0,2,12,100,6,0,0,100,0,0,0,10,0,625,8,19,0,36,10,10
"agent ForwardAgent #146",ForwardAgent,0.11,0,0.69,100,0,0,0,0,4,100,4,0,0,100,0,0,0,2,0,249,1,12,1,11,10,10
"agent ForwardAgent #147",ForwardAgent,0.27,0,0.69,100,0,2,0,2,6,100,5,0,0,100,0,0,0,8,0,517,8,19,2,27,10,10
"agent ForwardAgent #148",ForwardAgent,0.76,0,0.69,100,0,7,0,7,18,100,20,0,0,100,0,0,0,18,0,557,20,19,3,76,10,10
"agent ForwardAgent #149",ForwardAgent,0.16,0,0.69,100,0,0,0,0,6,100,2,0,0,100,0,0,0,6,0,522,2,17,0,16,10,10
"agent ForwardAgent #150",ForwardAgent,0.13,0,0.69,100,0,1,0,1,5,100,4,0,0,100,0,0,0,2,0,408,2,13,1,13,10,10
"agent ForwardAgent #151",ForwardAgent,0.67,0,0.69,100,0,6,0,6,18,100,13,0,0,100,0,0,0,16,0,544,20,19,2,67,10,10
"agent ForwardAgent #152",ForwardAgent,0.04,0,0.69,100,0,0,0,0,0,100,2,0,0,100,0,0,0,0,0,85,2,5,3,4,10,10
"agent ForwardAgent #153",ForwardAgent,0.16,0,0.69,100,0,0,0,0,6,100,2,0,0,100,0,0,0,6,0,505,2,17,0,16,10,10
"agent ForwardAgent #154",ForwardAgent,0.11,0,0.69,100,0,0,0,0,4,100,4,0,0,100,0,0,0,2,0,237,1,12,1,11,10,10
"agent ForwardAgent #155",ForwardAgent,0.47,0,0.69,100,0,4,0,4,12,100,9,0,0,100,0,0,0,12,0,502,14,19,2,47,10,10
"agent ForwardAgent #156",ForwardAgent,0.04,0,0.69,100,0,0,0,0,0,100,2,0,0,100,0,0,0,0,0,81,2,5,3,4,10,10
"agent ForwardAgent #157",ForwardAgent,0.2,0,0.69,100,0,1,0,1,6,100,4,0,0,100,0,0,0,8,0,525,2,19,0,20,10,10
"agent ForwardAgent #158",ForwardAgent,0.11,0,0.69,100,0,0,0,0,4,100,4,0,0,100,0,0,0,2,0,226,1,12,1,11,10,10
"agent ForwardAgent #159",ForwardAgent,0.11,0,0.69,100,0,1,0,1,0,100,3,0,0,100,0,0,0,6,0,280,2,11,2,11,10,10
"agent ForwardAgent #160",ForwardAgent,0.04,0,0.69,100,0,0,0,0,0,100,2,0,0,100,0,0,0,0,0,77,2,5,3,4,10,10
"agent ForwardAgent #161",ForwardAgent,0.16,0,0.69,100,0,0,0,0,6,100,2,0,0,100,0,0,0,6,0,479,2,17,0,16,10,10
"agent ForwardAgent #162",ForwardAgent,0.11,0,0.69,100,0,0,0,0,4,100,4,0,0,100,0,0,0,2,0,214,1,12,1,11,10,10
"agent ForwardAgent #163",ForwardAgent,0.27,0,0.69,100,0,2,0,2,6,100,5,0,0,100,0,0,0,8,0,441,8,19,2,27,10,10
"agent ForwardAgent #164",ForwardAgent,0.04,0,0.69,100,0,0,0,0,0,100,2,0,0,100,0,0,0,0,0,73,2,5,3,4,10,10
"agent ForwardAgent #165",ForwardAgent,0.4,0,0.69,100,0,3,0,3,12,100,8,0,0,100,0,0,0,12,0,546,8,19,0,40,10,10
"agent ForwardAgent #166",ForwardAgent,0.11,0,0.69,100,0,0,0,0,4,100,4,0,0,100,0,0,0,2,0,203,1,12,1,11,10,10
"agent ForwardAgent #167",ForwardAgent,0.11,0,0.69,100,0,1,0,1,0,100,3,0,0,100,0,0,0,6,0,263,2,11,2,11,10,10
"agent ForwardAgent #168",ForwardAgent,0.32,0,0.69,100,0,2,0,2,6,100,10,0,0,100,0,0,0,8,0,571,8,19,3,32,10,10
"agent ForwardAgent #169",ForwardAgent,0.16,0,0.69,100,0,0,0,0,6,100,2,0,0,100,0,0,0,6,0,451,2,17,0,16,10,10
"agent ForwardAgent #170",ForwardAgent,0.13,0,0.69,100,0,1,0,1,5,100,4,0,0,100,0,0,0,2,0,351,2,13,1,13,10,10
"agent ForwardAgent #171",ForwardAgent,0.11,0,0.69,100,0,1,0,1,0,100,3,0,0,100,0,0,0,6,0,251,2,11,2,11,10,10
"agent ForwardAgent #172",ForwardAgent,0.04,0,0.69,100,0,0,0,0,0,100,2,0,0,100,0,0,0,0,0,68,2,5,3,4,10,10
"agent ForwardAgent #173",ForwardAgent,0.6,0,0.69,100,0,5,0,5,18,100,12,0,0,100,0,0,0,16,0,511,14,19,0,60,10,10
"agent ForwardAgent #174",ForwardAgent,0.11,0,0.69,100,0,0,0,0,4,100,4,0,0,100,0,0,0,2,0,189,1,12,1,11,10,10
"agent ForwardAgent #175",ForwardAgent,0.09,0,0.69,100,0,0,0,0,0,100,2,0,0,100,0,0,0,5,0,101,2,10,2,9,10,10
"agent ForwardAgent #176",ForwardAgent,0.04,0,0.69,100,0,0,0,0,0,100,2,0,0,100,0,0,0,0,0,64,2,5,3,4,10,10
"agent ForwardAgent #177",ForwardAgent,0.16,0,0.69,100,0,0,0,0,6,100,2,0,0,100,0,0,0,6,0,426,2,17,0,16,10,10
"agent ForwardAgent #178",ForwardAgent,0.13,0,0.69,100,0,1,0,1,5,100,4,0,0,100,0,0,0,2,0,327,2,13,1,13,10,10
"agent ForwardAgent #179",ForwardAgent,0.29,0,0.69,100,0,2,0,2,6,100,6,0,0,100,0,0,0,9,0,295,8,19,2,29,10,10
"agent ForwardAgent #180",ForwardAgent,0.28,0,0.69,100,0,1,0,1,6,100,8,0,0,100,0,0,0,6,0,445,8,17,3,28,10,10
"agent ForwardAgent #181",ForwardAgent,0.4,0,0.69,100,0,3,0,3,12,100,8,0,0,100,0,0,0,12,0,445,8,19,0,40,10,10
"agent ForwardAgent #182",ForwardAgent,0.13,0,0.69,100,0,1,0,1,5,100,4,0,0,100,0,0,0,2,0,314,2,13,1,13,10,10
"agent ForwardAgent #183",ForwardAgent,0.09,0,0.69,100,0,0,0,0,0,100,2,0,0,100,0,0,0,5,0,89,2,10,2,9,10,10
"agent ForwardAgent #184",ForwardAgent,0.16,0,0.69,100,0,1,0,1,0,100,8,0,0,100,0,0,0,6,0,322,2,11,3,16,10,10
"agent ForwardAgent #185",ForwardAgent,0.16,0,0.69,100,0,0,0,0,6,100,2,0,0,100,0,0,0,6,0,389,2,17,0,16,10,10
"agent ForwardAgent #186",ForwardAgent,0.11,0,0.69,100,0,0,0,0,4,100,4,0,0,100,0,0,0,2,0,176,1,12,1,11,10,10
"agent ForwardAgent #187",ForwardAgent,0.29,0,0.69,100,0,2,0,2,6,100,6,0,0,100,0,0,0,9,0,252,8,19,2,29,10,10
"agent ForwardAgent #188",ForwardAgent,0.04,0,0.69,100,0,0,0,0,0,100,2,0,0,100,0,0,0,0,0,58,2,5,3,4,10,10
"agent ForwardAgent #189",ForwardAgent,0.16,0,0.69,100,0,0,0,0,6,100,2,0,0,100,0,0,0,6,0,372,2,17,0,16,10,10
"agent ForwardAgent #190",ForwardAgent,0.11,0,0.69,100,0,0,0,0,4,100,4,0,0,100,0,0,0,2,0,165,1,12,1,11,10,10
"agent ForwardAgent #191",ForwardAgent,0.11,0,0.69,100,0,1,0,1,0,100,3,0,0,100,0,0,0,6,0,211,2,11,2,11,10,10
"agent ForwardAgent #192",ForwardAgent,0.04,0,0.69,100,0,0,0,0,0,100,2,0,0,100,0,0,0,0,0,54,2,5,3,4,10,10
"agent ForwardAgent #193",ForwardAgent,0.16,0,0.69,100,0,0,0,0,6,100,2,0,0,100,0,0,0,6,0,356,2,17,0,16,10,10
"agent ForwardAgent #194",ForwardAgent,0.11,0,0.69,100,0,0,0,0,4,100,4,0,0,100,0,0,0,2,0,153,1,12,1,11,10,10
"agent ForwardAgent #195",ForwardAgent,0.09,0,0.69,100,0,0,0,0,0,100,2,0,0,100,0,0,0,5,0,76,2,10,2,9,10,10
"agent ForwardAgent #196",ForwardAgent,0.16,0,0.69,100,0,1,0,1,0,100,8,0,0,100,0,0,0,6,0,275,2,11,3,16,10,10
"agent ForwardAgent #197",ForwardAgent,0.16,0,0.69,100,0,0,0,0,6,100,2,0,0,100,0,0,0,6,0,331,2,17,0,16,10,10
"agent ForwardAgent #198",ForwardAgent,0.11,0,0.69,100,0,0,0,0,4,100,4,0,0,100,0,0,0,2,0,142,1,12,1,11,10,10
"agent ForwardAgent #199",ForwardAgent,0.11,0,0.69,100,0,1,0,1,0,100,3,0,0,100,0,0,0,6,0,188,2,11,2,11,10,10
"agent ForwardAgent #200",ForwardAgent,0.28,0,0.69,100,0,1,0,1,6,100,8,0,0,100,0,0,0,6,0,388,8,17,3,28,10,10
"agent NegotiatingAgent #201",NegotiatingAgent,0.2,0,0.69,100,20,1,0,1,6,100,4,40,34,100,0,0,0,8,0,130,2,19,0,20,10,10
"agent NegotiatingAgent #202",NegotiatingAgent,0.11,3,0.69,100,11,0,0,0,4,100,4,22,17,100,0,0,0,2,0,67,1,12,1,11,10,10
"agent NegotiatingAgent #203",NegotiatingAgent,0.25,13,0.69,100,23,1,0,1,6,100,4,46,46,100,0,0,0,7,0,119,8,18,2,25,10,10
"agent NegotiatingAgent #204",NegotiatingAgent,0.32,57,0.69,100,30,2,0,2,6,100,10,62,53,100,0,0,0,8,0,169,8,19,3,32,10,10
"agent NegotiatingAgent #205",NegotiatingAgent,0.16,0,0.69,100,9,0,0,0,6,100,2,20,22,100,0,0,0,6,0,271,2,17,0,16,10,10
"agent NegotiatingAgent #206",NegotiatingAgent,0.13,9,0.69,100,11,1,0,1,5,100,4,22,14,100,0,0,0,2,0,73,2,13,1,13,10,10
"agent NegotiatingAgent #207",NegotiatingAgent,0.25,0,0.69,100,18,1,0,1,6,100,4,37,34,100,0,0,0,7,0,184,8,18,2,25,10,10
"agent NegotiatingAgent #208",NegotiatingAgent,0.32,13,0.69,100,24,2,0,2,6,100,10,56,47,100,0,0,0,8,0,203,8,19,3,32,10,10
"agent NegotiatingAgent #209",NegotiatingAgent,0.2,0,0.69,100,11,1,0,1,6,100,4,29,29,100,0,1,0,8,0,289,2,19,0,20,10,10
"agent NegotiatingAgent #210",NegotiatingAgent,0.11,0,0.69,100,5,0,0,0,4,100,4,11,12,100,0,0,0,2,0,133,1,12,1,11,10,10
"agent NegotiatingAgent #211",NegotiatingAgent,0.09,0,0.69,100,1,0,0,0,0,100,2,5,7,100,0,1,0,5,0,58,2,10,2,9,10,10
"agent NegotiatingAgent #212",NegotiatingAgent,0.32,18,0.69,100,21,2,0,2,6,100,10,51,46,100,0,0,0,8,0,171,8,19,3,32,10,10
"agent NegotiatingAgent #213",NegotiatingAgent,0.2,0,0.69,100,14,1,0,1,6,100,4,33,32,100,0,0,0,8,0,121,2,19,0,20,10,10
"agent NegotiatingAgent #214",NegotiatingAgent,0.11,0,0.69,100,4,0,0,0,4,100,4,11,12,100,0,0,0,2,0,122,1,12,1,11,10,10
"agent NegotiatingAgent #215",NegotiatingAgent,0.27,15,0.69,100,21,2,0,2,6,100,5,48,45,100,0,0,0,8,0,140,8,19,2,27,10,10
"agent NegotiatingAgent #216",NegotiatingAgent,0.32,11,0.69,100,18,2,0,2,6,100,10,50,44,100,0,1,0,8,0,129,8,19,3,32,10,10
"agent NegotiatingAgent #217",NegotiatingAgent,0.16,0,0.69,100,0,0,0,0,6,100,2,14,14,100,0,0,0,6,0,275,2,17,0,16,10,10
"agent NegotiatingAgent #218",NegotiatingAgent,0.13,5,0.69,100,5,1,0,1,5,100,4,13,14,100,0,0,0,2,0,186,2,13,1,13,10,10
"agent NegotiatingAgent #219",NegotiatingAgent,0.11,0,0.69,100,0,1,0,1,0,100,3,8,9,100,0,1,0,6,0,152,2,11,2,11,10,10
"agent NegotiatingAgent #220",NegotiatingAgent,0.32,0,0.69,100,0,2,0,2,6,100,10,30,28,100,0,2,0,8,0,388,8,19,3,32,10,10
"agent NegotiatingAgent #221",NegotiatingAgent,0.16,0,0.69,100,0,0,0,0,6,100,2,14,14,100,0,0,0,6,0,257,2,17,0,16,10,10
"agent NegotiatingAgent #222",NegotiatingAgent,0.11,0,0.69,100,5,0,0,0,4,100,4,13,14,100,0,0,0,2,0,105,1,12,1,11,10,10
"agent NegotiatingAgent #223",NegotiatingAgent,0.25,0,0.69,100,10,1,0,1,6,100,4,33,31,100,0,1,0,7,0,142,8,18,2,25,10,10
"agent NegotiatingAgent #224",NegotiatingAgent,0.04,0,0.69,100,3,0,0,0,0,100,2,6,7,100,0,0,0,0,0,35,2,5,3,4,10,10
"agent NegotiatingAgent #225",NegotiatingAgent,0.16,0,0.69,100,0,0,0,0,6,100,2,14,13,100,0,1,0,6,0,239,2,17,0,16,10,10
"agent NegotiatingAgent #226",NegotiatingAgent,0.11,0,0.69,100,0,0,0,0,4,100,4,10,9,100,0,1,0,2,0,102,1,12,1,11,10,10
"agent NegotiatingAgent #227",NegotiatingAgent,0.09,0,0.69,100,0,0,0,0,0,100,2,7,7,100,0,1,0,5,0,40,2,10,2,9,10,10
"agent NegotiatingAgent #228",NegotiatingAgent,0.04,0,0.69,100,0,0,0,0,0,100,2,1,2,100,0,0,0,0,0,39,2,5,3,4,10,10
"agent NegotiatingAgent #229",NegotiatingAgent,0.2,0,0.69,100,0,1,0,1,6,100,4,18,17,100,0,1,0,8,0,308,2,19,0,20,10,10
"agent NegotiatingAgent #230",NegotiatingAgent,0.13,0,0.69,100,0,1,0,1,5,100,4,12,10,100,0,2,0,2,0,195,2,13,1,13,10,10
"agent NegotiatingAgent #231",NegotiatingAgent,0.27,5,0.69,100,9,2,0,2,6,100,5,29,29,100,0,1,0,8,0,155,8,19,2,27,10,10
"agent NegotiatingAgent #232",NegotiatingAgent,0.32,0,0.69,100,0,2,0,2,6,100,10,30,29,100,0,1,0,8,0,317,8,19,3,32,10,10
"agent NegotiatingAgent #233",NegotiatingAgent,0.16,0,0.69,100,0,0,0,0,6,100,2,14,13,100,0,1,0,6,0,211,2,17,0,16,10,10
"agent NegotiatingAgent #234",NegotiatingAgent,0.13,0,0.69,100,0,1,0,1,5,100,4,12,11,100,0,1,0,2,0,182,2,13,1,13,10,10
"agent NegotiatingAgent #235",NegotiatingAgent,0.09,0,0.69,100,0,0,0,0,0,100,2,8,6,100,0,2,0,5,0,29,2,10,2,9,10,10
"agent NegotiatingAgent #236",NegotiatingAgent,0.04,0,0.69,100,0,0,0,0,0,100,2,1,2,100,0,0,0,0,0,34,2,5,3,4,10,10
"agent NegotiatingAgent #237",NegotiatingAgent,0.2,0,0.69,100,0,1,0,1,6,100,4,18,18,100,0,0,0,8,0,276,2,19,0,20,10,10
"agent NegotiatingAgent #238",NegotiatingAgent,0.11,0,0.69,100,0,0,0,0,4,100,4,10,9,100,0,1,0,2,0,89,1,12,1,11,10,10
"agent NegotiatingAgent #239",NegotiatingAgent,0.27,0,0.69,100,0,2,0,2,6,100,5,25,22,100,0,3,0,8,0,227,8,19,2,27,10,10
"agent NegotiatingAgent #240",NegotiatingAgent,0.32,0,0.69,100,0,2,0,2,6,100,10,30,27,100,0,3,0,8,0,300,8,19,3,32,10,10
"agent NegotiatingAgent #241",NegotiatingAgent,0.16,0,0.69,100,0,0,0,0,6,100,2,14,13,100,0,1,0,6,0,183,2,17,0,16,10,10
"agent NegotiatingAgent #242",NegotiatingAgent,0.13,3,0.69,100,3,1,0,1,5,100,4,13,12,100,0,1,0,2,0,117,2,13,1,13,10,10
"agent NegotiatingAgent #243",NegotiatingAgent,0.11,0,0.69,100,0,1,0,1,0,100,3,10,9,100,0,1,0,6,0,107,2,11,2,11,10,10
"agent NegotiatingAgent #244",NegotiatingAgent,0.32,0,0.69,100,0,2,0,2,6,100,10,30,29,100,0,1,0,8,0,265,8,19,3,32,10,10
"agent NegotiatingAgent #245",NegotiatingAgent,0.2,0,0.69,100,0,1,0,1,6,100,4,18,18,100,0,0,0,8,0,242,2,19,0,20,10,10
"agent NegotiatingAgent #246",NegotiatingAgent,0.13,0,0.69,100,3,1,0,1,5,100,4,12,13,100,0,0,0,2,0,125,2,13,1,13,10,10
"agent NegotiatingAgent #247",NegotiatingAgent,0.27,0,0.69,100,0,2,0,2,6,100,5,25,23,100,0,2,0,8,0,192,8,19,2,27,10,10
"agent NegotiatingAgent #248",NegotiatingAgent,0.32,8,0.69,100,12,2,0,2,6,100,10,42,37,100,0,0,0,8,0,89,8,19,3,32,10,10
"agent NegotiatingAgent #249",NegotiatingAgent,0.2,0,0.69,100,0,1,0,1,6,100,4,18,18,100,0,0,0,8,0,214,2,19,0,20,10,10
"agent NegotiatingAgent #250",NegotiatingAgent,0.11,0,0.69,100,0,0,0,0,4,100,4,10,9,100,0,1,0,2,0,75,1,12,1,11,10,10
"agent NegotiatingAgent #251",NegotiatingAgent,0.27,5,0.69,100,6,2,0,2,6,100,5,31,30,100,0,1,0,8,0,197,8,19,2,27,10,10
"agent NegotiatingAgent #252",NegotiatingAgent,0.04,0,0.69,100,0,0,0,0,0,100,2,1,2,100,0,0,0,0,0,27,2,5,3,4,10,10
"agent NegotiatingAgent #253",NegotiatingAgent,0.2,0,0.69,100,0,1,0,1,6,100,4,18,16,100,0,2,0,8,0,192,2,19,0,20,10,10
"agent NegotiatingAgent #254",NegotiatingAgent,0.13,0,0.69,100,0,1,0,1,5,100,4,12,12,100,0,0,0,2,0,132,2,13,1,13,10,10
"agent NegotiatingAgent #255",NegotiatingAgent,0.25,0,0.69,100,0,1,0,1,6,100,4,23,20,100,0,3,0,7,0,83,8,18,2,25,10,10
"agent NegotiatingAgent #256",NegotiatingAgent,0.04,0,0.69,100,0,0,0,0,0,100,2,2,2,100,0,0,0,0,0,23,2,5,3,4,10,10
"agent NegotiatingAgent #257",NegotiatingAgent,0.16,0,0.69,100,0,0,0,0,6,100,2,14,13,100,0,1,0,6,0,131,2,17,0,16,10,10
"agent NegotiatingAgent #258",NegotiatingAgent,0.11,0,0.69,100,0,0,0,0,4,100,4,10,9,100,0,1,0,2,0,63,1,12,1,11,10,10
"agent NegotiatingAgent #259",NegotiatingAgent,0.11,0,0.69,100,0,1,0,1,0,100,3,10,9,100,0,1,0,6,0,81,2,11,2,11,10,10
"agent NegotiatingAgent #260",NegotiatingAgent,0.04,0,0.69,100,0,0,0,0,0,100,2,2,2,100,0,0,0,0,0,19,2,5,3,4,10,10
"agent NegotiatingAgent #261",NegotiatingAgent,0.16,0,0.69,100,0,0,0,0,6,100,2,14,14,100,0,0,0,6,0,115,2,17,0,16,10,10
"agent NegotiatingAgent #262",NegotiatingAgent,0.11,0,0.69,100,0,0,0,0,4,100,4,10,8,100,0,2,0,2,0,51,1,12,1,11,10,10
"agent NegotiatingAgent #263",NegotiatingAgent,0.27,4,0.69,100,4,2,0,2,6,100,5,31,30,100,0,2,0,8,0,165,8,19,2,27,10,10
"agent NegotiatingAgent #264",NegotiatingAgent,0.32,0,0.69,100,0,2,0,2,6,100,10,30,26,100,0,4,0,8,0,174,8,19,3,32,10,10
"agent NegotiatingAgent #265",NegotiatingAgent,0.16,0,0.69,100,5,0,0,0,6,100,2,16,15,100,0,0,0,6,0,87,2,17,0,16,10,10
"agent NegotiatingAgent #266",NegotiatingAgent,0.13,0,0.69,100,0,1,0,1,5,100,4,12,12,100,0,0,0,2,0,97,2,13,1,13,10,10
"agent NegotiatingAgent #267",NegotiatingAgent,0.11,0,0.69,100,4,1,0,1,0,100,3,12,12,100,0,0,0,6,0,56,2,11,2,11,10,10
"agent NegotiatingAgent #268",NegotiatingAgent,0.32,0,0.69,100,0,2,0,2,6,100,10,30,29,100,0,1,0,8,0,173,8,19,3,32,10,10
"agent NegotiatingAgent #269",NegotiatingAgent,0.2,0,0.69,100,0,1,0,1,6,100,4,18,18,100,0,0,0,8,0,132,2,19,0,20,10,10
"agent NegotiatingAgent #270",NegotiatingAgent,0.13,0,0.69,100,0,1,0,1,5,100,4,12,12,100,0,0,0,2,0,84,2,13,1,13,10,10
"agent NegotiatingAgent #271",NegotiatingAgent,0.11,0,0.69,100,0,1,0,1,0,100,3,10,9,100,0,1,0,6,0,55,2,11,2,11,10,10
"agent NegotiatingAgent #272",NegotiatingAgent,0.32,0,0.69,100,0,2,0,2,6,100,10,30,29,100,0,1,0,8,0,138,8,19,3,32,10,10
"agent NegotiatingAgent #273",NegotiatingAgent,0.2,0,0.69,100,0,1,0,1,6,100,4,18,18,100,0,0,0,8,0,110,2,19,0,20,10,10
"agent NegotiatingAgent #274",NegotiatingAgent,0.11,0,0.69,100,2,0,0,0,4,100,4,9,9,100,0,1,0,2,0,33,1,12,1,11,10,10
"agent NegotiatingAgent #275",NegotiatingAgent,0.25,0,0.69,100,0,1,0,1,6,100,4,23,19,100,0,4,0,7,0,44,8,18,2,25,10,10
"agent NegotiatingAgent #276",NegotiatingAgent,0.32,0,0.69,100,0,2,0,2,6,100,10,30,28,100,0,2,0,8,0,103,8,19,3,32,10,10
"agent NegotiatingAgent #277",NegotiatingAgent,0.2,0,0.69,100,0,1,0,1,6,100,4,18,18,100,0,0,0,8,0,87,2,19,0,20,10,10
"agent NegotiatingAgent #278",NegotiatingAgent,0.13,0,0.69,100,0,1,0,1,5,100,4,12,11,100,0,1,0,2,0,59,2,13,1,13,10,10
"agent NegotiatingAgent #279",NegotiatingAgent,0.27,0,0.69,100,0,2,0,2,6,100,5,25,25,100,0,0,0,8,0,72,8,19,2,27,10,10
"agent NegotiatingAgent #280",NegotiatingAgent,0.04,0,0.69,100,0,0,0,0,0,100,2,2,2,100,0,0,0,0,0,11,2,5,3,4,10,10
"agent NegotiatingAgent #281",NegotiatingAgent,0.16,0,0.69,100,0,0,0,0,6,100,2,14,14,100,0,0,0,6,0,51,2,17,0,16,10,10
"agent NegotiatingAgent #282",NegotiatingAgent,0.11,0,0.69,100,0,0,0,0,4,100,4,10,10,100,0,0,0,2,0,27,1,12,1,11,10,10
"agent NegotiatingAgent #283",NegotiatingAgent,0.27,0,0.69,100,0,2,0,2,6,100,5,25,24,100,0,1,0,8,0,44,8,19,2,27,10,10
"agent NegotiatingAgent #284",NegotiatingAgent,0.32,0,0.69,100,0,2,0,2,6,100,10,30,28,100,0,2,0,8,0,46,8,19,3,32,10,10
"agent NegotiatingAgent #285",NegotiatingAgent,0.2,0,0.69,100,0,1,0,1,6,100,4,18,17,100,0,1,0,8,0,54,2,19,0,20,10,10
"agent NegotiatingAgent #286",NegotiatingAgent,0.11,0,0.69,100,0,0,0,0,4,100,4,10,9,100,0,1,0,2,0,16,1,12,1,11,10,10
"agent NegotiatingAgent #287",NegotiatingAgent,0.11,0,0.69,100,0,1,0,1,0,100,3,10,10,100,0,0,0,6,0,28,2,11,2,11,10,10
"agent NegotiatingAgent #288",NegotiatingAgent,0.32,0,0.69,100,0,2,0,2,6,100,10,30,29,100,0,1,0,8,0,43,8,19,3,32,10,10
"agent NegotiatingAgent #289",NegotiatingAgent,0.2,0,0.69,100,0,1,0,1,6,100,4,18,17,100,0,1,0,8,0,32,2,19,0,20,10,10
"agent NegotiatingAgent #290",NegotiatingAgent,0.13,0,0.69,100,0,1,0,1,5,100,4,12,12,100,0,0,0,2,0,24,2,13,1,13,10,10
"agent NegotiatingAgent #291",NegotiatingAgent,0.25,0,0.69,100,0,1,0,1,6,100,4,23,20,100,0,3,0,7,0,5,8,18,2,25,10,10
"agent NegotiatingAgent #292",NegotiatingAgent,0.04,0,0.69,100,0,0,0,0,0,100,2,2,2,100,0,0,0,0,0,5,2,5,3,4,10,10
"agent NegotiatingAgent #293",NegotiatingAgent,0.16,0,0.69,100,0,0,0,0,6,100,2,14,14,100,0,0,0,6,0,11,2,17,0,16,10,10
"agent NegotiatingAgent #294",NegotiatingAgent,0.13,0,0.69,100,0,1,0,1,5,100,4,12,11,100,0,1,0,2,0,11,2,13,1,13,10,10
"agent NegotiatingAgent #295",NegotiatingAgent,0.11,0,0.69,100,0,1,0,1,0,100,3,10,10,100,0,0,0,6,0,13,2,11,2,11,10,10
"agent NegotiatingAgent #296",NegotiatingAgent,0.04,0,0.69,100,0,0,0,0,0,100,2,2,2,100,0,0,0,0,0,1,2,5,3,4,10,10
"agent NegotiatingAgent #297",NegotiatingAgent,0.2,0,0.69,100,0,1,0,1,6,100,4,18,18,100,0,0,0,8,0,2,2,19,0,20,10,10
"agent NegotiatingAgent #298",NegotiatingAgent,0.11,0,0.69,100,0,0,0,0,4,100,4,10,9,100,0,1,0,2,0,1,1,12,1,11,10,10
"agent NegotiatingAgent #299",NegotiatingAgent,0.11,0,0.69,100,0,1,0,1,0,100,3,10,10,100,0,0,0,6,0,1,2,11,2,11,10,10
"agent NegotiatingAgent #300",NegotiatingAgent,0.32,0,0.69,100,0,2,0,2,6,100,10,30,29,100,0,1,0,8,0,0,8,19,3,32,10,10
