agentName,agentType,averageSpeed,cumulatedUtilityReceived,freeWallRatio,numBacktrackAgents,numCFPAnswered,numDeadends,numDifferentEncounters,numDirectionChanges,numDownSteps,numForwardAgents,numLeftSteps,numMessagesReceived,numMessagesSent,numNegotiatingAgents,numProposalsAccepted,numProposalsRejected,numRandomAgents,numRightSteps,numSwarmAgents,numTotalEncounters,numUpSteps,numVisitedCells,startingPosition,stepsToExit,xsize,ysize
"agent BacktrackAgent #1",BacktrackAgent,0.2,0,0.69,10,0,0,0,0,6,10,4,0,0,10,0,0,0,8,0,117,2,21,0,20,10,10
"agent BacktrackAgent #2",BacktrackAgent,0.09,0,0.69,10,0,0,0,0,5,10,2,0,0,10,0,0,0,0,0,9,2,10,1,9,10,10
"agent BacktrackAgent #3",BacktrackAgent,0.35,0,0.69,10,0,1,0,1,6,10,9,0,0,10,0,0,0,12,0,66,8,21,2,35,10,10
"agent BacktrackAgent #4",BacktrackAgent,0.04,0,0.69,10,0,0,0,0,0,10,2,0,0,10,0,0,0,0,0,15,2,5,3,4,10,10
"agent BacktrackAgent #5",BacktrackAgent,0.2,0,0.69,10,0,0,0,0,6,10,4,0,0,10,0,0,0,8,0,96,2,21,0,20,10,10
"agent BacktrackAgent #6",BacktrackAgent,0.11,0,0.69,10,0,1,0,1,6,10,2,0,0,10,0,0,0,0,0,48,3,11,1,11,10,10
"agent BacktrackAgent #7",BacktrackAgent,0.05,0,0.69,10,0,0,0,0,0,10,0,0,0,10,0,0,0,3,0,14,2,6,2,5,10,10
"agent BacktrackAgent #8",BacktrackAgent,0.16,0,0.69,10,0,1,0,1,6,10,2,0,0,10,0,0,0,0,0,54,8,11,3,16,10,10
"agent BacktrackAgent #9",BacktrackAgent,0.2,0,0.69,10,0,0,0,0,6,10,4,0,0,10,0,0,0,8,0,76,2,21,0,20,10,10
"agent BacktrackAgent #10",BacktrackAgent,0.09,0,0.69,10,0,0,0,0,5,10,2,0,0,10,0,0,0,0,0,17,2,10,1,9,10,10
"agent ForwardAgent #11",ForwardAgent,0.05,0,0.69,10,0,0,0,0,0,10,0,0,0,10,0,0,0,3,0,9,2,6,2,5,10,10
"agent ForwardAgent #12",ForwardAgent,0.16,0,0.69,10,0,1,0,1,6,10,2,0,0,10,0,0,0,0,0,38,8,11,3,16,10,10
"agent ForwardAgent #13",ForwardAgent,0.2,0,0.69,10,0,0,0,0,6,10,4,0,0,10,0,0,0,8,0,56,2,21,0,20,10,10
"agent ForwardAgent #14",ForwardAgent,0.11,0,0.69,10,0,1,0,1,6,10,2,0,0,10,0,0,0,0,0,35,3,11,1,11,10,10
"agent ForwardAgent #15",ForwardAgent,0.35,0,0.69,10,0,1,0,1,6,10,9,0,0,10,0,0,0,12,0,26,8,21,2,35,10,10
"agent ForwardAgent #16",ForwardAgent,0.04,0,0.69,10,0,0,0,0,0,10,2,0,0,10,0,0,0,0,0,9,2,5,3,4,10,10
"agent ForwardAgent #17",ForwardAgent,0.2,0,0.69,10,0,0,0,0,6,10,4,0,0,10,0,0,0,8,0,35,2,21,0,20,10,10
"agent ForwardAgent #18",ForwardAgent,0.11,0,0.69,10,0,1,0,1,6,10,2,0,0,10,0,0,0,0,0,24,3,11,1,11,10,10
"agent ForwardAgent #19",ForwardAgent,0.05,0,0.69,10,0,0,0,0,0,10,0,0,0,10,0,0,0,3,0,3,2,6,2,5,10,10
"agent ForwardAgent #20",ForwardAgent,0.16,0,0.69,10,0,1,0,1,6,10,2,0,0,10,0,0,0,0,0,19,8,11,3,16,10,10
"agent NegotiatingAgent #21",NegotiatingAgent,0.2,0,0.69,10,9,0,0,0,6,10,4,13,19,10,0,0,0,8,0,19,2,21,0,20,10,10
"agent NegotiatingAgent #22",NegotiatingAgent,0.11,2,0.69,10,3,1,0,1,6,10,2,4,10,10,0,0,0,0,0,12,3,11,1,11,10,10
"agent NegotiatingAgent #23",NegotiatingAgent,0.35,0,0.69,10,5,1,0,1,6,10,9,6,11,10,0,0,0,12,0,11,8,21,2,35,10,10
"agent NegotiatingAgent #24",NegotiatingAgent,0.04,0,0.69,10,1,0,0,0,0,10,2,1,4,10,0,0,0,0,0,3,2,5,3,4,10,10
"agent NegotiatingAgent #25",NegotiatingAgent,0.2,0,0.69,10,3,0,0,0,6,10,4,15,12,10,0,3,0,8,0,9,2,21,0,20,10,10
"agent NegotiatingAgent #26",NegotiatingAgent,0.11,4,0.69,10,4,1,0,1,6,10,2,11,11,10,0,1,0,0,0,8,3,11,1,11,10,10
"agent NegotiatingAgent #27",NegotiatingAgent,0.35,0,0.69,10,1,1,0,1,6,10,9,13,8,10,0,6,0,12,0,1,8,21,2,35,10,10
"agent NegotiatingAgent #28",NegotiatingAgent,0.04,0,0.69,10,0,0,0,0,0,10,2,1,1,10,0,0,0,0,0,0,2,5,3,4,10,10
"agent NegotiatingAgent #29",NegotiatingAgent,0.2,0,0.69,10,0,0,0,0,6,10,4,18,9,10,0,9,0,8,0,0,2,21,0,20,10,10
"agent NegotiatingAgent #30",NegotiatingAgent,0.11,0,0.69,10,0,1,0,1,6,10,2,10,6,10,0,4,0,0,0,0,3,11,1,11,10,10
