agentName,agentType,averageSpeed,cumulatedUtilityReceived,freeWallRatio,numBacktrackAgents,numCFPAnswered,numDeadends,numDifferentEncounters,numDirectionChanges,numDownSteps,numForwardAgents,numLeftSteps,numMessagesReceived,numMessagesSent,numNegotiatingAgents,numProposalsAccepted,numProposalsRejected,numRandomAgents,numRightSteps,numSwarmAgents,numTotalEncounters,numUpSteps,numVisitedCells,startingPosition,stepsToExit,xsize,ysize
"agent BacktrackAgent #1",BacktrackAgent,0.12,0,0.69,100,0,0,0,0,6,100,0,0,0,100,0,0,0,4,0,838,2,13,0,12,10,10
"agent BacktrackAgent #2",BacktrackAgent,0.11,0,0.69,100,0,1,0,1,4,100,4,0,0,100,0,0,0,2,0,291,1,10,1,11,10,10
"agent BacktrackAgent #3",BacktrackAgent,0.21,0,0.69,100,0,1,0,1,6,100,2,0,0,100,0,0,0,5,0,647,8,14,2,21,10,10
"agent BacktrackAgent #4",BacktrackAgent,0.16,0,0.69,100,0,1,0,1,4,100,4,0,0,100,0,0,0,2,0,792,6,15,3,16,10,10
"agent BacktrackAgent #5",BacktrackAgent,0.2,0,0.69,100,0,1,0,1,8,100,2,0,0,100,0,0,0,6,0,853,4,17,0,20,10,10
"agent BacktrackAgent #6",BacktrackAgent,0.17,0,0.69,100,0,1,0,1,9,100,2,0,0,100,0,0,0,0,0,602,6,13,1,17,10,10
"agent BacktrackAgent #7",BacktrackAgent,0.21,0,0.69,100,0,1,0,1,6,100,2,0,0,100,0,0,0,5,0,493,8,14,2,21,10,10
"agent BacktrackAgent #8",BacktrackAgent,0.16,0,0.69,100,0,1,0,1,4,100,4,0,0,100,0,0,0,2,0,628,6,15,3,16,10,10
"agent BacktrackAgent #9",BacktrackAgent,0.12,0,0.69,100,0,0,0,0,6,100,0,0,0,100,0,0,0,4,0,580,2,13,0,12,10,10
"agent BacktrackAgent #10",BacktrackAgent,0.07,0,0.69,100,0,0,0,0,4,100,2,0,0,100,0,0,0,0,0,240,1,8,1,7,10,10
"agent BacktrackAgent #11",BacktrackAgent,0.27,0,0.69,100,0,2,0,2,8,100,3,0,0,100,0,0,0,6,0,586,10,17,2,27,10,10
"agent BacktrackAgent #12",BacktrackAgent,0.12,0,0.69,100,0,0,0,0,4,100,2,0,0,100,0,0,0,0,0,883,6,13,3,12,10,10
"agent BacktrackAgent #13",BacktrackAgent,0.12,0,0.69,100,0,0,0,0,6,100,0,0,0,100,0,0,0,4,0,867,2,13,0,12,10,10
"agent BacktrackAgent #14",BacktrackAgent,0.11,0,0.69,100,0,1,0,1,4,100,4,0,0,100,0,0,0,2,0,330,1,10,1,11,10,10
"agent BacktrackAgent #15",BacktrackAgent,0.11,0,0.69,100,0,1,0,1,2,100,1,0,0,100,0,0,0,4,0,306,4,9,2,11,10,10
"agent BacktrackAgent #16",BacktrackAgent,0.12,0,0.69,100,0,0,0,0,4,100,2,0,0,100,0,0,0,0,0,866,6,13,3,12,10,10
"agent BacktrackAgent #17",BacktrackAgent,0.12,0,0.69,100,0,0,0,0,6,100,0,0,0,100,0,0,0,4,0,850,2,13,0,12,10,10
"agent BacktrackAgent #18",BacktrackAgent,0.17,0,0.69,100,0,1,0,1,9,100,2,0,0,100,0,0,0,0,0,761,6,13,1,17,10,10
"agent BacktrackAgent #19",BacktrackAgent,0.21,0,0.69,100,0,1,0,1,6,100,2,0,0,100,0,0,0,5,0,744,8,14,2,21,10,10
"agent BacktrackAgent #20",BacktrackAgent,0.12,0,0.69,100,0,0,0,0,4,100,2,0,0,100,0,0,0,0,0,852,6,13,3,12,10,10
"agent BacktrackAgent #21",BacktrackAgent,0.2,0,0.69,100,0,1,0,1,8,100,2,0,0,100,0,0,0,6,0,1026,4,17,0,20,10,10
"agent BacktrackAgent #22",BacktrackAgent,0.11,0,0.69,100,0,1,0,1,4,100,4,0,0,100,0,0,0,2,0,316,1,10,1,11,10,10
"agent BacktrackAgent #23",BacktrackAgent,0.05,0,0.69,100,0,0,0,0,0,100,0,0,0,100,0,0,0,3,0,183,2,6,2,5,10,10
"agent BacktrackAgent #24",BacktrackAgent,0.12,0,0.69,100,0,0,0,0,4,100,2,0,0,100,0,0,0,0,0,836,6,13,3,12,10,10
"agent BacktrackAgent #25",BacktrackAgent,0.2,0,0.69,100,0,1,0,1,8,100,2,0,0,100,0,0,0,6,0,1006,4,17,0,20,10,10
"agent BacktrackAgent #26",BacktrackAgent,0.11,0,0.69,100,0,1,0,1,4,100,4,0,0,100,0,0,0,2,0,305,1,10,1,11,10,10
"agent BacktrackAgent #27",BacktrackAgent,0.21,0,0.69,100,0,1,0,1,6,100,2,0,0,100,0,0,0,5,0,709,8,14,2,21,10,10
"agent BacktrackAgent #28",BacktrackAgent,0.16,0,0.69,100,0,1,0,1,4,100,4,0,0,100,0,0,0,2,0,878,6,15,3,16,10,10
"agent BacktrackAgent #29",BacktrackAgent,0.2,0,0.69,100,0,1,0,1,8,100,2,0,0,100,0,0,0,6,0,985,4,17,0,20,10,10
"agent BacktrackAgent #30",BacktrackAgent,0.21,0,0.69,100,0,2,0,2,9,100,4,0,0,100,0,0,0,2,0,754,6,15,1,21,10,10
"agent BacktrackAgent #31",BacktrackAgent,0.05,0,0.69,100,0,0,0,0,0,100,0,0,0,100,0,0,0,3,0,176,2,6,2,5,10,10
"agent BacktrackAgent #32",BacktrackAgent,0.16,0,0.69,100,0,1,0,1,4,100,4,0,0,100,0,0,0,2,0,859,6,15,3,16,10,10
"agent BacktrackAgent #33",BacktrackAgent,0.2,0,0.69,100,0,1,0,1,8,100,2,0,0,100,0,0,0,6,0,965,4,17,0,20,10,10
"agent BacktrackAgent #34",BacktrackAgent,0.11,0,0.69,100,0,1,0,1,4,100,4,0,0,100,0,0,0,2,0,283,1,10,1,11,10,10
"agent BacktrackAgent #35",BacktrackAgent,0.21,0,0.69,100,0,1,0,1,6,100,2,0,0,100,0,0,0,5,0,675,8,14,2,21,10,10
"agent BacktrackAgent #36",BacktrackAgent,0.16,0,0.69,100,0,1,0,1,4,100,4,0,0,100,0,0,0,2,0,842,6,15,3,16,10,10
"agent BacktrackAgent #37",BacktrackAgent,0.2,0,0.69,100,0,1,0,1,8,100,2,0,0,100,0,0,0,6,0,944,4,17,0,20,10,10
"agent BacktrackAgent #38",BacktrackAgent,0.17,0,0.69,100,0,1,0,1,9,100,2,0,0,100,0,0,0,0,0,710,6,13,1,17,10,10
"agent BacktrackAgent #39",BacktrackAgent,0.05,0,0.69,100,0,0,0,0,0,100,0,0,0,100,0,0,0,3,0,169,2,6,2,5,10,10
"agent BacktrackAgent #40",BacktrackAgent,0.12,0,0.69,100,0,0,0,0,4,100,2,0,0,100,0,0,0,0,0,783,6,13,3,12,10,10
"agent BacktrackAgent #41",BacktrackAgent,0.12,0,0.69,100,0,0,0,0,6,100,0,0,0,100,0,0,0,4,0,774,2,13,0,12,10,10
"agent BacktrackAgent #42",BacktrackAgent,0.11,0,0.69,100,0,1,0,1,4,100,4,0,0,100,0,0,0,2,0,271,1,10,1,11,10,10
"agent BacktrackAgent #43",BacktrackAgent,0.11,0,0.69,100,0,1,0,1,2,100,1,0,0,100,0,0,0,4,0,280,4,9,2,11,10,10
"agent BacktrackAgent #44",BacktrackAgent,0.12,0,0.69,100,0,0,0,0,4,100,2,0,0,100,0,0,0,0,0,766,6,13,3,12,10,10
"agent BacktrackAgent #45",BacktrackAgent,0.12,0,0.69,100,0,0,0,0,6,100,0,0,0,100,0,0,0,4,0,757,2,13,0,12,10,10
"agent BacktrackAgent #46",BacktrackAgent,0.21,0,0.69,100,0,2,0,2,9,100,4,0,0,100,0,0,0,2,0,710,6,15,1,21,10,10
"agent BacktrackAgent #47",BacktrackAgent,0.21,0,0.69,100,0,1,0,1,6,100,2,0,0,100,0,0,0,5,0,623,8,14,2,21,10,10
"agent BacktrackAgent #48",BacktrackAgent,0.12,0,0.69,100,0,0,0,0,4,100,2,0,0,100,0,0,0,0,0,752,6,13,3,12,10,10
"agent BacktrackAgent #49",BacktrackAgent,0.12,0,0.69,100,0,0,0,0,6,100,0,0,0,100,0,0,0,4,0,743,2,13,0,12,10,10
"agent BacktrackAgent #50",BacktrackAgent,0.07,0,0.69,100,0,0,0,0,4,100,2,0,0,100,0,0,0,0,0,206,1,8,1,7,10,10
"agent BacktrackAgent #51",BacktrackAgent,0.21,0,0.69,100,0,1,0,1,6,100,2,0,0,100,0,0,0,5,0,601,8,14,2,21,10,10
"agent BacktrackAgent #52",BacktrackAgent,0.16,0,0.69,100,0,1,0,1,4,100,4,0,0,100,0,0,0,2,0,781,6,15,3,16,10,10
"agent BacktrackAgent #53",BacktrackAgent,0.2,0,0.69,100,0,1,0,1,8,100,2,0,0,100,0,0,0,6,0,887,4,17,0,20,10,10
"agent BacktrackAgent #54",BacktrackAgent,0.21,0,0.69,100,0,2,0,2,9,100,4,0,0,100,0,0,0,2,0,679,6,15,1,21,10,10
"agent BacktrackAgent #55",BacktrackAgent,0.05,0,0.69,100,0,0,0,0,0,100,0,0,0,100,0,0,0,3,0,158,2,6,2,5,10,10
"agent BacktrackAgent #56",BacktrackAgent,0.16,0,0.69,100,0,1,0,1,4,100,4,0,0,100,0,0,0,2,0,764,6,15,3,16,10,10
"agent BacktrackAgent #57",BacktrackAgent,0.12,0,0.69,100,0,0,0,0,6,100,0,0,0,100,0,0,0,4,0,721,2,13,0,12,10,10
"agent BacktrackAgent #58",BacktrackAgent,0.17,0,0.69,100,0,1,0,1,9,100,2,0,0,100,0,0,0,0,0,644,6,13,1,17,10,10
"agent BacktrackAgent #59",BacktrackAgent,0.21,0,0.69,100,0,1,0,1,6,100,2,0,0,100,0,0,0,5,0,571,8,14,2,21,10,10
"agent BacktrackAgent #60",BacktrackAgent,0.16,0,0.69,100,0,1,0,1,4,100,4,0,0,100,0,0,0,2,0,747,6,15,3,16,10,10
"agent BacktrackAgent #61",BacktrackAgent,0.2,0,0.69,100,0,1,0,1,8,100,2,0,0,100,0,0,0,6,0,838,4,17,0,20,10,10
"agent BacktrackAgent #62",BacktrackAgent,0.17,0,0.69,100,0,1,0,1,9,100,2,0,0,100,0,0,0,0,0,622,6,13,1,17,10,10
"agent BacktrackAgent #63",BacktrackAgent,0.05,0,0.69,100,0,0,0,0,0,100,0,0,0,100,0,0,0,3,0,151,2,6,2,5,10,10
"agent BacktrackAgent #64",BacktrackAgent,0.12,0,0.69,100,0,0,0,0,4,100,2,0,0,100,0,0,0,0,0,700,6,13,3,12,10,10
"agent BacktrackAgent #65",BacktrackAgent,0.2,0,0.69,100,0,1,0,1,8,100,2,0,0,100,0,0,0,6,0,818,4,17,0,20,10,10
"agent BacktrackAgent #66",BacktrackAgent,0.11,0,0.69,100,0,1,0,1,4,100,4,0,0,100,0,0,0,2,0,249,1,10,1,11,10,10
"agent BacktrackAgent #67",BacktrackAgent,0.27,0,0.69,100,0,2,0,2,8,100,3,0,0,100,0,0,0,6,0,501,10,17,2,27,10,10
"agent BacktrackAgent #68",BacktrackAgent,0.12,0,0.69,100,0,0,0,0,4,100,2,0,0,100,0,0,0,0,0,684,6,13,3,12,10,10
"agent BacktrackAgent #69",BacktrackAgent,0.2,0,0.69,100,0,1,0,1,8,100,2,0,0,100,0,0,0,6,0,797,4,17,0,20,10,10
"agent BacktrackAgent #70",BacktrackAgent,0.17,0,0.69,100,0,1,0,1,9,100,2,0,0,100,0,0,0,0,0,586,6,13,1,17,10,10
"agent BacktrackAgent #71",BacktrackAgent,0.11,0,0.69,100,0,1,0,1,2,100,1,0,0,100,0,0,0,4,0,253,4,9,2,11,10,10
"agent BacktrackAgent #72",BacktrackAgent,0.12,0,0.69,100,0,0,0,0,4,100,2,0,0,100,0,0,0,0,0,669,6,13,3,12,10,10
"agent BacktrackAgent #73",BacktrackAgent,0.12,0,0.69,100,0,0,0,0,6,100,0,0,0,100,0,0,0,4,0,665,2,13,0,12,10,10
"agent BacktrackAgent #74",BacktrackAgent,0.21,0,0.69,100,0,2,0,2,9,100,4,0,0,100,0,0,0,2,0,594,6,15,1,21,10,10
"agent BacktrackAgent #75",BacktrackAgent,0.21,0,0.69,100,0,1,0,1,6,100,2,0,0,100,0,0,0,5,0,521,8,14,2,21,10,10
"agent BacktrackAgent #76",BacktrackAgent,0.16,0,0.69,100,0,1,0,1,4,100,4,0,0,100,0,0,0,2,0,693,6,15,3,16,10,10
"agent BacktrackAgent #77",BacktrackAgent,0.2,0,0.69,100,0,1,0,1,8,100,2,0,0,100,0,0,0,6,0,766,4,17,0,20,10,10
"agent BacktrackAgent #78",BacktrackAgent,0.07,0,0.69,100,0,0,0,0,4,100,2,0,0,100,0,0,0,0,0,190,1,8,1,7,10,10
"agent BacktrackAgent #79",BacktrackAgent,0.05,0,0.69,100,0,0,0,0,0,100,0,0,0,100,0,0,0,3,0,142,2,6,2,5,10,10
"agent BacktrackAgent #80",BacktrackAgent,0.16,0,0.69,100,0,1,0,1,4,100,4,0,0,100,0,0,0,2,0,677,6,15,3,16,10,10
"agent BacktrackAgent #81",BacktrackAgent,0.12,0,0.69,100,0,0,0,0,6,100,0,0,0,100,0,0,0,4,0,641,2,13,0,12,10,10
"agent BacktrackAgent #82",BacktrackAgent,0.21,0,0.69,100,0,2,0,2,9,100,4,0,0,100,0,0,0,2,0,567,6,15,1,21,10,10
"agent BacktrackAgent #83",BacktrackAgent,0.11,0,0.69,100,0,1,0,1,2,100,1,0,0,100,0,0,0,4,0,240,4,9,2,11,10,10
"agent BacktrackAgent #84",BacktrackAgent,0.16,0,0.69,100,0,1,0,1,4,100,4,0,0,100,0,0,0,2,0,660,6,15,3,16,10,10
"agent BacktrackAgent #85",BacktrackAgent,0.12,0,0.69,100,0,0,0,0,6,100,0,0,0,100,0,0,0,4,0,625,2,13,0,12,10,10
"agent BacktrackAgent #86",BacktrackAgent,0.11,0,0.69,100,0,1,0,1,4,100,4,0,0,100,0,0,0,2,0,229,1,10,1,11,10,10
"agent BacktrackAgent #87",BacktrackAgent,0.21,0,0.69,100,0,1,0,1,6,100,2,0,0,100,0,0,0,5,0,469,8,14,2,21,10,10
"agent BacktrackAgent #88",BacktrackAgent,0.16,0,0.69,100,0,1,0,1,4,100,4,0,0,100,0,0,0,2,0,643,6,15,3,16,10,10
"agent BacktrackAgent #89",BacktrackAgent,0.2,0,0.69,100,0,1,0,1,8,100,2,0,0,100,0,0,0,6,0,719,4,17,0,20,10,10
"agent BacktrackAgent #90",BacktrackAgent,0.07,0,0.69,100,0,0,0,0,4,100,2,0,0,100,0,0,0,0,0,178,1,8,1,7,10,10
"agent BacktrackAgent #91",BacktrackAgent,0.27,0,0.69,100,0,2,0,2,8,100,3,0,0,100,0,0,0,6,0,444,10,17,2,27,10,10
"agent BacktrackAgent #92",BacktrackAgent,0.16,0,0.69,100,0,1,0,1,4,100,4,0,0,100,0,0,0,2,0,612,6,15,3,16,10,10
"agent BacktrackAgent #93",BacktrackAgent,0.2,0,0.69,100,0,1,0,1,8,100,2,0,0,100,0,0,0,6,0,698,4,17,0,20,10,10
"agent BacktrackAgent #94",BacktrackAgent,0.21,0,0.69,100,0,2,0,2,9,100,4,0,0,100,0,0,0,2,0,533,6,15,1,21,10,10
"agent BacktrackAgent #95",BacktrackAgent,0.21,0,0.69,100,0,1,0,1,6,100,2,0,0,100,0,0,0,5,0,434,8,14,2,21,10,10
"agent BacktrackAgent #96",BacktrackAgent,0.12,0,0.69,100,0,0,0,0,4,100,2,0,0,100,0,0,0,0,0,594,6,13,3,12,10,10
"agent BacktrackAgent #97",BacktrackAgent,0.12,0,0.69,100,0,0,0,0,6,100,0,0,0,100,0,0,0,4,0,591,2,13,0,12,10,10
"agent BacktrackAgent #98",BacktrackAgent,0.17,0,0.69,100,0,1,0,1,9,100,2,0,0,100,0,0,0,0,0,491,6,13,1,17,10,10
"agent BacktrackAgent #99",BacktrackAgent,0.05,0,0.69,100,0,0,0,0,0,100,0,0,0,100,0,0,0,3,0,130,2,6,2,5,10,10
"agent BacktrackAgent #100",BacktrackAgent,0.16,0,0.69,100,0,1,0,1,4,100,4,0,0,100,0,0,0,2,0,973,6,15,3,16,10,10
"agent ForwardAgent #101",ForwardAgent,0.36,0,0.69,100,0,2,0,2,14,100,4,0,0,100,0,0,0,8,0,757,10,17,0,36,10,10
"agent ForwardAgent #102",ForwardAgent,0.17,0,0.69,100,0,1,0,1,9,100,2,0,0,100,0,0,0,0,0,474,6,13,1,17,10,10
"agent ForwardAgent #103",ForwardAgent,0.11,0,0.69,100,0,1,0,1,2,100,1,0,0,100,0,0,0,4,0,212,4,9,2,11,10,10
"agent ForwardAgent #104",ForwardAgent,0.12,0,0.69,100,0,0,0,0,4,100,2,0,0,100,0,0,0,0,0,579,6,13,3,12,10,10
"agent ForwardAgent #105",ForwardAgent,0.2,0,0.69,100,0,1,0,1,8,100,2,0,0,100,0,0,0,6,0,642,4,17,0,20,10,10
"agent ForwardAgent #106",ForwardAgent,0.17,0,0.69,100,0,1,0,1,9,100,2,0,0,100,0,0,0,0,0,456,6,13,1,17,10,10
"agent ForwardAgent #107",ForwardAgent,0.05,0,0.69,100,0,0,0,0,0,100,0,0,0,100,0,0,0,3,0,124,2,6,2,5,10,10
"agent ForwardAgent #108",ForwardAgent,0.12,0,0.69,100,0,0,0,0,4,100,2,0,0,100,0,0,0,0,0,566,6,13,3,12,10,10
"agent ForwardAgent #109",ForwardAgent,0.68,0,0.69,100,0,5,0,5,24,100,10,0,0,100,0,0,0,14,0,738,20,17,0,68,10,10
"agent ForwardAgent #110",ForwardAgent,0.17,0,0.69,100,0,1,0,1,9,100,2,0,0,100,0,0,0,0,0,438,6,13,1,17,10,10
"agent ForwardAgent #111",ForwardAgent,0.29,0,0.69,100,0,2,0,2,8,100,4,0,0,100,0,0,0,7,0,407,10,17,2,29,10,10
"agent ForwardAgent #112",ForwardAgent,0.36,0,0.69,100,0,3,0,3,10,100,8,0,0,100,0,0,0,6,0,714,12,15,3,36,10,10
"agent ForwardAgent #113",ForwardAgent,0.12,0,0.69,100,0,0,0,0,6,100,0,0,0,100,0,0,0,4,0,534,2,13,0,12,10,10
"agent ForwardAgent #114",ForwardAgent,0.07,0,0.69,100,0,0,0,0,4,100,2,0,0,100,0,0,0,0,0,166,1,8,1,7,10,10
"agent ForwardAgent #115",ForwardAgent,0.05,0,0.69,100,0,0,0,0,0,100,0,0,0,100,0,0,0,3,0,117,2,6,2,5,10,10
"agent ForwardAgent #116",ForwardAgent,0.36,0,0.69,100,0,3,0,3,10,100,8,0,0,100,0,0,0,6,0,678,12,15,3,36,10,10
"agent ForwardAgent #117",ForwardAgent,0.2,0,0.69,100,0,1,0,1,8,100,2,0,0,100,0,0,0,6,0,595,4,17,0,20,10,10
"agent ForwardAgent #118",ForwardAgent,0.31,0,0.69,100,0,3,0,3,10,100,8,0,0,100,0,0,0,6,0,324,7,15,1,31,10,10
"agent ForwardAgent #119",ForwardAgent,0.21,0,0.69,100,0,1,0,1,6,100,2,0,0,100,0,0,0,5,0,370,8,14,2,21,10,10
"agent ForwardAgent #120",ForwardAgent,0.12,0,0.69,100,0,0,0,0,4,100,2,0,0,100,0,0,0,0,0,533,6,13,3,12,10,10
"agent ForwardAgent #121",ForwardAgent,0.2,0,0.69,100,0,1,0,1,8,100,2,0,0,100,0,0,0,6,0,574,4,17,0,20,10,10
"agent ForwardAgent #122",ForwardAgent,0.07,0,0.69,100,0,0,0,0,4,100,2,0,0,100,0,0,0,0,0,155,1,8,1,7,10,10
"agent ForwardAgent #123",ForwardAgent,0.05,0,0.69,100,0,0,0,0,0,100,0,0,0,100,0,0,0,3,0,110,2,6,2,5,10,10
"agent ForwardAgent #124",ForwardAgent,0.12,0,0.69,100,0,0,0,0,4,100,2,0,0,100,0,0,0,0,0,521,6,13,3,12,10,10
"agent ForwardAgent #125",ForwardAgent,0.12,0,0.69,100,0,0,0,0,6,100,0,0,0,100,0,0,0,4,0,501,2,13,0,12,10,10
"agent ForwardAgent #126",ForwardAgent,0.17,0,0.69,100,0,1,0,1,9,100,2,0,0,100,0,0,0,0,0,410,6,13,1,17,10,10
"agent ForwardAgent #127",ForwardAgent,0.11,0,0.69,100,0,1,0,1,2,100,1,0,0,100,0,0,0,4,0,196,4,9,2,11,10,10
"agent ForwardAgent #128",ForwardAgent,0.32,0,0.69,100,0,2,0,2,10,100,6,0,0,100,0,0,0,4,0,637,12,15,3,32,10,10
"agent ForwardAgent #129",ForwardAgent,0.44,0,0.69,100,0,3,0,3,16,100,6,0,0,100,0,0,0,10,0,616,12,17,0,44,10,10
"agent ForwardAgent #130",ForwardAgent,0.17,0,0.69,100,0,1,0,1,9,100,2,0,0,100,0,0,0,0,0,391,6,13,1,17,10,10
"agent ForwardAgent #131",ForwardAgent,0.11,0,0.69,100,0,1,0,1,2,100,1,0,0,100,0,0,0,4,0,185,4,9,2,11,10,10
"agent ForwardAgent #132",ForwardAgent,0.56,0,0.69,100,0,5,0,5,16,100,12,0,0,100,0,0,0,10,0,588,18,15,3,56,10,10
"agent ForwardAgent #133",ForwardAgent,0.36,0,0.69,100,0,2,0,2,14,100,4,0,0,100,0,0,0,8,0,577,10,17,0,36,10,10
"agent ForwardAgent #134",ForwardAgent,0.31,0,0.69,100,0,3,0,3,10,100,8,0,0,100,0,0,0,6,0,277,7,15,1,31,10,10
"agent ForwardAgent #135",ForwardAgent,0.27,0,0.69,100,0,2,0,2,8,100,3,0,0,100,0,0,0,6,0,363,10,17,2,27,10,10
"agent ForwardAgent #136",ForwardAgent,0.12,0,0.69,100,0,0,0,0,4,100,2,0,0,100,0,0,0,0,0,487,6,13,3,12,10,10
"agent ForwardAgent #137",ForwardAgent,0.2,0,0.69,100,0,1,0,1,8,100,2,0,0,100,0,0,0,6,0,508,4,17,0,20,10,10
"agent ForwardAgent #138",ForwardAgent,0.17,0,0.69,100,0,1,0,1,9,100,2,0,0,100,0,0,0,0,0,368,6,13,1,17,10,10
"agent ForwardAgent #139",ForwardAgent,0.05,0,0.69,100,0,0,0,0,0,100,0,0,0,100,0,0,0,3,0,102,2,6,2,5,10,10
"agent ForwardAgent #140",ForwardAgent,0.16,0,0.69,100,0,1,0,1,4,100,4,0,0,100,0,0,0,2,0,480,6,15,3,16,10,10
"agent ForwardAgent #141",ForwardAgent,0.12,0,0.69,100,0,0,0,0,6,100,0,0,0,100,0,0,0,4,0,452,2,13,0,12,10,10
"agent ForwardAgent #142",ForwardAgent,0.11,0,0.69,100,0,1,0,1,4,100,4,0,0,100,0,0,0,2,0,176,1,10,1,11,10,10
"agent ForwardAgent #143",ForwardAgent,0.29,0,0.69,100,0,2,0,2,8,100,4,0,0,100,0,0,0,7,0,332,10,17,2,29,10,10
"agent ForwardAgent #144",ForwardAgent,0.32,0,0.69,100,0,2,0,2,10,100,6,0,0,100,0,0,0,4,0,543,12,15,3,32,10,10
"agent ForwardAgent #145",ForwardAgent,0.12,0,0.69,100,0,0,0,0,6,100,0,0,0,100,0,0,0,4,0,439,2,13,0,12,10,10
"agent ForwardAgent #146",ForwardAgent,0.17,0,0.69,100,0,1,0,1,9,100,2,0,0,100,0,0,0,0,0,343,6,13,1,17,10,10
"agent ForwardAgent #147",ForwardAgent,0.05,0,0.69,100,0,0,0,0,0,100,0,0,0,100,0,0,0,3,0,95,2,6,2,5,10,10
"agent ForwardAgent #148",ForwardAgent,0.12,0,0.69,100,0,0,0,0,4,100,2,0,0,100,0,0,0,0,0,449,6,13,3,12,10,10
"agent ForwardAgent #149",ForwardAgent,0.2,0,0.69,100,0,1,0,1,8,100,2,0,0,100,0,0,0,6,0,469,4,17,0,20,10,10
"agent ForwardAgent #150",ForwardAgent,0.21,0,0.69,100,0,2,0,2,9,100,4,0,0,100,0,0,0,2,0,370,6,15,1,21,10,10
"agent ForwardAgent #151",ForwardAgent,0.11,0,0.69,100,0,1,0,1,2,100,1,0,0,100,0,0,0,4,0,162,4,9,2,11,10,10
"agent ForwardAgent #152",ForwardAgent,0.32,0,0.69,100,0,2,0,2,10,100,6,0,0,100,0,0,0,4,0,498,12,15,3,32,10,10
"agent ForwardAgent #153",ForwardAgent,0.12,0,0.69,100,0,0,0,0,6,100,0,0,0,100,0,0,0,4,0,413,2,13,0,12,10,10
"agent ForwardAgent #154",ForwardAgent,0.07,0,0.69,100,0,0,0,0,4,100,2,0,0,100,0,0,0,0,0,135,1,8,1,7,10,10
"agent ForwardAgent #155",ForwardAgent,0.29,0,0.69,100,0,2,0,2,8,100,4,0,0,100,0,0,0,7,0,296,10,17,2,29,10,10
"agent ForwardAgent #156",ForwardAgent,0.12,0,0.69,100,0,0,0,0,4,100,2,0,0,100,0,0,0,0,0,426,6,13,3,12,10,10
"agent ForwardAgent #157",ForwardAgent,0.2,0,0.69,100,0,1,0,1,8,100,2,0,0,100,0,0,0,6,0,438,4,17,0,20,10,10
"agent ForwardAgent #158",ForwardAgent,0.07,0,0.69,100,0,0,0,0,4,100,2,0,0,100,0,0,0,0,0,128,1,8,1,7,10,10
"agent ForwardAgent #159",ForwardAgent,0.27,0,0.69,100,0,2,0,2,8,100,3,0,0,100,0,0,0,6,0,314,10,17,2,27,10,10
"agent ForwardAgent #160",ForwardAgent,0.12,0,0.69,100,0,0,0,0,4,100,2,0,0,100,0,0,0,0,0,414,6,13,3,12,10,10
"agent ForwardAgent #161",ForwardAgent,0.12,0,0.69,100,0,0,0,0,6,100,0,0,0,100,0,0,0,4,0,388,2,13,0,12,10,10
"agent ForwardAgent #162",ForwardAgent,0.17,0,0.69,100,0,1,0,1,9,100,2,0,0,100,0,0,0,0,0,305,6,13,1,17,10,10
"agent ForwardAgent #163",ForwardAgent,0.21,0,0.69,100,0,1,0,1,6,100,2,0,0,100,0,0,0,5,0,268,8,14,2,21,10,10
"agent ForwardAgent #164",ForwardAgent,0.12,0,0.69,100,0,0,0,0,4,100,2,0,0,100,0,0,0,0,0,400,6,13,3,12,10,10
"agent ForwardAgent #165",ForwardAgent,0.12,0,0.69,100,0,0,0,0,6,100,0,0,0,100,0,0,0,4,0,374,2,13,0,12,10,10
"agent ForwardAgent #166",ForwardAgent,0.27,0,0.69,100,0,2,0,2,10,100,6,0,0,100,0,0,0,4,0,223,7,15,1,27,10,10
"agent ForwardAgent #167",ForwardAgent,0.21,0,0.69,100,0,1,0,1,6,100,2,0,0,100,0,0,0,5,0,246,8,14,2,21,10,10
"agent ForwardAgent #168",ForwardAgent,0.12,0,0.69,100,0,0,0,0,4,100,2,0,0,100,0,0,0,0,0,386,6,13,3,12,10,10
"agent ForwardAgent #169",ForwardAgent,0.12,0,0.69,100,0,0,0,0,6,100,0,0,0,100,0,0,0,4,0,360,2,13,0,12,10,10
"agent ForwardAgent #170",ForwardAgent,0.07,0,0.69,100,0,0,0,0,4,100,2,0,0,100,0,0,0,0,0,116,1,8,1,7,10,10
"agent ForwardAgent #171",ForwardAgent,0.05,0,0.69,100,0,0,0,0,0,100,0,0,0,100,0,0,0,3,0,82,2,6,2,5,10,10
"agent ForwardAgent #172",ForwardAgent,0.32,0,0.69,100,0,2,0,2,10,100,6,0,0,100,0,0,0,4,0,426,12,15,3,32,10,10
"agent ForwardAgent #173",ForwardAgent,0.2,0,0.69,100,0,1,0,1,8,100,2,0,0,100,0,0,0,6,0,388,4,17,0,20,10,10
"agent ForwardAgent #174",ForwardAgent,0.11,0,0.69,100,0,1,0,1,4,100,4,0,0,100,0,0,0,2,0,141,1,10,1,11,10,10
"agent ForwardAgent #175",ForwardAgent,0.11,0,0.69,100,0,1,0,1,2,100,1,0,0,100,0,0,0,4,0,138,4,9,2,11,10,10
"agent ForwardAgent #176",ForwardAgent,0.12,0,0.69,100,0,0,0,0,4,100,2,0,0,100,0,0,0,0,0,360,6,13,3,12,10,10
"agent ForwardAgent #177",ForwardAgent,0.12,0,0.69,100,0,0,0,0,6,100,0,0,0,100,0,0,0,4,0,334,2,13,0,12,10,10
"agent ForwardAgent #178",ForwardAgent,0.07,0,0.69,100,0,0,0,0,4,100,2,0,0,100,0,0,0,0,0,105,1,8,1,7,10,10
"agent ForwardAgent #179",ForwardAgent,0.11,0,0.69,100,0,1,0,1,2,100,1,0,0,100,0,0,0,4,0,127,4,9,2,11,10,10
"agent ForwardAgent #180",ForwardAgent,0.12,0,0.69,100,0,0,0,0,4,100,2,0,0,100,0,0,0,0,0,347,6,13,3,12,10,10
"agent ForwardAgent #181",ForwardAgent,0.12,0,0.69,100,0,0,0,0,6,100,0,0,0,100,0,0,0,4,0,317,2,13,0,12,10,10
"agent ForwardAgent #182",ForwardAgent,0.61,0,0.69,100,0,6,0,6,21,100,12,0,0,100,0,0,0,10,0,287,18,15,1,61,10,10
"agent ForwardAgent #183",ForwardAgent,0.05,0,0.69,100,0,0,0,0,0,100,0,0,0,100,0,0,0,3,0,75,2,6,2,5,10,10
"agent ForwardAgent #184",ForwardAgent,0.16,0,0.69,100,0,1,0,1,4,100,4,0,0,100,0,0,0,2,0,355,6,15,3,16,10,10
"agent ForwardAgent #185",ForwardAgent,0.12,0,0.69,100,0,0,0,0,6,100,0,0,0,100,0,0,0,4,0,305,2,13,0,12,10,10
"agent ForwardAgent #186",ForwardAgent,0.17,0,0.69,100,0,1,0,1,9,100,2,0,0,100,0,0,0,0,0,257,6,13,1,17,10,10
"agent ForwardAgent #187",ForwardAgent,0.05,0,0.69,100,0,0,0,0,0,100,0,0,0,100,0,0,0,3,0,70,2,6,2,5,10,10
"agent ForwardAgent #188",ForwardAgent,0.32,0,0.69,100,0,2,0,2,10,100,6,0,0,100,0,0,0,4,0,357,12,15,3,32,10,10
"agent ForwardAgent #189",ForwardAgent,0.36,0,0.69,100,0,2,0,2,14,100,4,0,0,100,0,0,0,8,0,377,10,17,0,36,10,10
"agent ForwardAgent #190",ForwardAgent,0.11,0,0.69,100,0,1,0,1,4,100,4,0,0,100,0,0,0,2,0,122,1,10,1,11,10,10
"agent ForwardAgent #191",ForwardAgent,0.11,0,0.69,100,0,1,0,1,2,100,1,0,0,100,0,0,0,4,0,113,4,9,2,11,10,10
"agent ForwardAgent #192",ForwardAgent,0.32,0,0.69,100,0,2,0,2,10,100,6,0,0,100,0,0,0,4,0,324,12,15,3,32,10,10
"agent ForwardAgent #193",ForwardAgent,0.68,0,0.69,100,0,5,0,5,24,100,10,0,0,100,0,0,0,14,0,340,20,17,0,68,10,10
"agent ForwardAgent #194",ForwardAgent,0.07,0,0.69,100,0,0,0,0,4,100,2,0,0,100,0,0,0,0,0,92,1,8,1,7,10,10
"agent ForwardAgent #195",ForwardAgent,0.05,0,0.69,100,0,0,0,0,0,100,0,0,0,100,0,0,0,3,0,64,2,6,2,5,10,10
"agent ForwardAgent #196",ForwardAgent,0.12,0,0.69,100,0,0,0,0,4,100,2,0,0,100,0,0,0,0,0,300,6,13,3,12,10,10
"agent ForwardAgent #197",ForwardAgent,0.12,0,0.69,100,0,0,0,0,6,100,0,0,0,100,0,0,0,4,0,270,2,13,0,12,10,10
"agent ForwardAgent #198",ForwardAgent,0.07,0,0.69,100,0,0,0,0,4,100,2,0,0,100,0,0,0,0,0,85,1,8,1,7,10,10
"agent ForwardAgent #199",ForwardAgent,0.05,0,0.69,100,0,0,0,0,0,100,0,0,0,100,0,0,0,3,0,59,2,6,2,5,10,10
"agent ForwardAgent #200",ForwardAgent,0.12,0,0.69,100,0,0,0,0,4,100,2,0,0,100,0,0,0,0,0,287,6,13,3,12,10,10
"agent NegotiatingAgent #201",NegotiatingAgent,0.12,0,0.69,100,12,0,0,0,6,100,0,24,25,100,0,0,0,4,0,133,2,13,0,12,10,10
"agent NegotiatingAgent #202",NegotiatingAgent,0.17,0,0.69,100,18,1,0,1,9,100,2,36,23,100,0,0,0,0,0,79,6,13,1,17,10,10
"agent NegotiatingAgent #203",NegotiatingAgent,0.05,0,0.69,100,1,0,0,0,0,100,0,2,4,100,0,0,0,3,0,54,2,6,2,5,10,10
"agent NegotiatingAgent #204",NegotiatingAgent,0.16,0,0.69,100,10,1,0,1,4,100,4,21,22,100,0,0,0,2,0,283,6,15,3,16,10,10
"agent NegotiatingAgent #205",NegotiatingAgent,0.2,0,0.69,100,18,1,0,1,8,100,2,38,32,100,0,0,0,6,0,112,4,17,0,20,10,10
"agent NegotiatingAgent #206",NegotiatingAgent,0.17,20,0.69,100,7,1,0,1,9,100,2,21,20,100,0,2,0,0,0,208,6,13,1,17,10,10
"agent NegotiatingAgent #207",NegotiatingAgent,0.11,12,0.69,100,11,1,0,1,2,100,1,22,20,100,0,0,0,4,0,84,4,9,2,11,10,10
"agent NegotiatingAgent #208",NegotiatingAgent,0.12,0,0.69,100,10,0,0,0,4,100,2,22,23,100,0,0,0,0,0,148,6,13,3,12,10,10
"agent NegotiatingAgent #209",NegotiatingAgent,0.2,0,0.69,100,13,1,0,1,8,100,2,31,29,100,0,1,0,6,0,214,4,17,0,20,10,10
"agent NegotiatingAgent #210",NegotiatingAgent,0.11,0,0.69,100,11,1,0,1,4,100,4,22,23,100,0,0,0,2,0,101,1,10,1,11,10,10
"agent NegotiatingAgent #211",NegotiatingAgent,0.27,42,0.69,100,17,2,0,2,8,100,3,39,28,100,0,1,0,6,0,133,10,17,2,27,10,10
"agent NegotiatingAgent #212",NegotiatingAgent,0.12,0,0.69,100,0,0,0,0,4,100,2,10,7,100,0,3,0,0,0,258,6,13,3,12,10,10
"agent NegotiatingAgent #213",NegotiatingAgent,0.2,9,0.69,100,8,1,0,1,8,100,2,24,23,100,0,1,0,6,0,265,4,17,0,20,10,10
"agent NegotiatingAgent #214",NegotiatingAgent,0.07,0,0.69,100,2,0,0,0,4,100,2,5,6,100,0,0,0,0,0,72,1,8,1,7,10,10
"agent NegotiatingAgent #215",NegotiatingAgent,0.11,0,0.69,100,4,1,0,1,2,100,1,11,12,100,0,0,0,4,0,116,4,9,2,11,10,10
"agent NegotiatingAgent #216",NegotiatingAgent,0.16,0,0.69,100,12,1,0,1,4,100,4,27,28,100,0,0,0,2,0,174,6,15,3,16,10,10
"agent NegotiatingAgent #217",NegotiatingAgent,0.12,0,0.69,100,0,0,0,0,6,100,0,10,8,100,0,2,0,4,0,227,2,13,0,12,10,10
"agent NegotiatingAgent #218",NegotiatingAgent,0.07,0,0.69,100,4,0,0,0,4,100,2,9,10,100,0,0,0,0,0,79,1,8,1,7,10,10
"agent NegotiatingAgent #219",NegotiatingAgent,0.05,0,0.69,100,1,0,0,0,0,100,0,3,4,100,0,0,0,3,0,46,2,6,2,5,10,10
"agent NegotiatingAgent #220",NegotiatingAgent,0.12,0,0.69,100,0,0,0,0,4,100,2,10,8,100,0,2,0,0,0,235,6,13,3,12,10,10
"agent NegotiatingAgent #221",NegotiatingAgent,0.12,0,0.69,100,5,0,0,0,6,100,0,16,15,100,0,1,0,4,0,171,2,13,0,12,10,10
"agent NegotiatingAgent #222",NegotiatingAgent,0.21,0,0.69,100,0,2,0,2,9,100,4,19,16,100,0,3,0,2,0,213,6,15,1,21,10,10
"agent NegotiatingAgent #223",NegotiatingAgent,0.27,3,0.69,100,8,2,0,2,8,100,3,33,31,100,0,2,0,6,0,129,10,17,2,27,10,10
"agent NegotiatingAgent #224",NegotiatingAgent,0.12,0,0.69,100,0,0,0,0,4,100,2,10,8,100,0,2,0,0,0,222,6,13,3,12,10,10
"agent NegotiatingAgent #225",NegotiatingAgent,0.2,0,0.69,100,10,1,0,1,8,100,2,24,24,100,0,0,0,6,0,172,4,17,0,20,10,10
"agent NegotiatingAgent #226",NegotiatingAgent,0.11,0,0.69,100,0,1,0,1,4,100,4,10,9,100,0,1,0,2,0,79,1,10,1,11,10,10
"agent NegotiatingAgent #227",NegotiatingAgent,0.21,0,0.69,100,12,1,0,1,6,100,2,26,28,100,0,0,0,5,0,111,8,14,2,21,10,10
"agent NegotiatingAgent #228",NegotiatingAgent,0.16,0,0.69,100,11,1,0,1,4,100,4,27,26,100,0,0,0,2,0,173,6,15,3,16,10,10
"agent NegotiatingAgent #229",NegotiatingAgent,0.2,0,0.69,100,0,1,0,1,8,100,2,18,16,100,0,2,0,6,0,228,4,17,0,20,10,10
"agent NegotiatingAgent #230",NegotiatingAgent,0.07,0,0.69,100,0,0,0,0,4,100,2,6,5,100,0,1,0,0,0,56,1,8,1,7,10,10
"agent NegotiatingAgent #231",NegotiatingAgent,0.05,0,0.69,100,0,0,0,0,0,100,0,3,4,100,0,0,0,3,0,38,2,6,2,5,10,10
"agent NegotiatingAgent #232",NegotiatingAgent,0.16,0,0.69,100,9,1,0,1,4,100,4,21,20,100,0,0,0,2,0,200,6,15,3,16,10,10
"agent NegotiatingAgent #233",NegotiatingAgent,0.2,0,0.69,100,0,1,0,1,8,100,2,18,18,100,0,0,0,6,0,208,4,17,0,20,10,10
"agent NegotiatingAgent #234",NegotiatingAgent,0.17,0,0.69,100,0,1,0,1,9,100,2,15,14,100,0,1,0,0,0,175,6,13,1,17,10,10
"agent NegotiatingAgent #235",NegotiatingAgent,0.21,0,0.69,100,8,1,0,1,6,100,2,26,26,100,0,0,0,5,0,126,8,14,2,21,10,10
"agent NegotiatingAgent #236",NegotiatingAgent,0.16,0,0.69,100,0,1,0,1,4,100,4,14,14,100,0,0,0,2,0,215,6,15,3,16,10,10
"agent NegotiatingAgent #237",NegotiatingAgent,0.12,0,0.69,100,0,0,0,0,6,100,0,10,10,100,0,0,0,4,0,176,2,13,0,12,10,10
"agent NegotiatingAgent #238",NegotiatingAgent,0.07,0,0.69,100,0,0,0,0,4,100,2,6,6,100,0,0,0,0,0,48,1,8,1,7,10,10
"agent NegotiatingAgent #239",NegotiatingAgent,0.27,0,0.69,100,9,2,0,2,8,100,3,33,31,100,0,0,0,6,0,77,10,17,2,27,10,10
"agent NegotiatingAgent #240",NegotiatingAgent,0.12,0,0.69,100,0,0,0,0,4,100,2,10,10,100,0,0,0,0,0,181,6,13,3,12,10,10
"agent NegotiatingAgent #241",NegotiatingAgent,0.12,0,0.69,100,0,0,0,0,6,100,0,10,10,100,0,0,0,4,0,162,2,13,0,12,10,10
"agent NegotiatingAgent #242",NegotiatingAgent,0.07,0,0.69,100,0,0,0,0,4,100,2,6,6,100,0,0,0,0,0,41,1,8,1,7,10,10
"agent NegotiatingAgent #243",NegotiatingAgent,0.05,0,0.69,100,0,0,0,0,0,100,0,3,4,100,0,0,0,3,0,30,2,6,2,5,10,10
"agent NegotiatingAgent #244",NegotiatingAgent,0.16,0,0.69,100,0,1,0,1,4,100,4,14,14,100,0,0,0,2,0,190,6,15,3,16,10,10
"agent NegotiatingAgent #245",NegotiatingAgent,0.2,0,0.69,100,0,1,0,1,8,100,2,18,17,100,0,1,0,6,0,166,4,17,0,20,10,10
"agent NegotiatingAgent #246",NegotiatingAgent,0.21,0,0.69,100,0,2,0,2,9,100,4,19,16,100,0,3,0,2,0,152,6,15,1,21,10,10
"agent NegotiatingAgent #247",NegotiatingAgent,0.05,0,0.69,100,0,0,0,0,0,100,0,3,4,100,0,0,0,3,0,25,2,6,2,5,10,10
"agent NegotiatingAgent #248",NegotiatingAgent,0.16,0,0.69,100,0,1,0,1,4,100,4,14,14,100,0,0,0,2,0,173,6,15,3,16,10,10
"agent NegotiatingAgent #249",NegotiatingAgent,0.12,0,0.69,100,0,0,0,0,6,100,0,10,10,100,0,0,0,4,0,141,2,13,0,12,10,10
"agent NegotiatingAgent #250",NegotiatingAgent,0.21,0,0.69,100,0,2,0,2,9,100,4,19,17,100,0,2,0,2,0,129,6,15,1,21,10,10
"agent NegotiatingAgent #251",NegotiatingAgent,0.27,0,0.69,100,0,2,0,2,8,100,3,25,20,100,0,5,0,6,0,148,10,17,2,27,10,10
"agent NegotiatingAgent #252",NegotiatingAgent,0.16,0,0.69,100,0,1,0,1,4,100,4,14,14,100,0,0,0,2,0,156,6,15,3,16,10,10
"agent NegotiatingAgent #253",NegotiatingAgent,0.12,0,0.69,100,0,0,0,0,6,100,0,10,10,100,0,0,0,4,0,128,2,13,0,12,10,10
"agent NegotiatingAgent #254",NegotiatingAgent,0.11,0,0.69,100,0,1,0,1,4,100,4,10,9,100,0,1,0,2,0,53,1,10,1,11,10,10
"agent NegotiatingAgent #255",NegotiatingAgent,0.11,0,0.69,100,0,1,0,1,2,100,1,10,10,100,0,0,0,4,0,52,4,9,2,11,10,10
"agent NegotiatingAgent #256",NegotiatingAgent,0.16,0,0.69,100,11,1,0,1,4,100,4,26,21,100,0,0,0,2,0,44,6,15,3,16,10,10
"agent NegotiatingAgent #257",NegotiatingAgent,0.2,0,0.69,100,0,1,0,1,8,100,2,18,17,100,0,1,0,6,0,126,4,17,0,20,10,10
"agent NegotiatingAgent #258",NegotiatingAgent,0.11,0,0.69,100,0,1,0,1,4,100,4,10,9,100,0,1,0,2,0,41,1,10,1,11,10,10
"agent NegotiatingAgent #259",NegotiatingAgent,0.27,0,0.69,100,0,2,0,2,8,100,3,27,24,100,1,2,0,6,0,109,10,17,2,27,10,10
"agent NegotiatingAgent #260",NegotiatingAgent,0.16,0,0.69,100,0,1,0,1,4,100,4,14,13,100,0,1,0,2,0,134,6,15,3,16,10,10
"agent NegotiatingAgent #261",NegotiatingAgent,0.12,0,0.69,100,0,0,0,0,6,100,0,10,9,100,0,1,0,4,0,102,2,13,0,12,10,10
"agent NegotiatingAgent #262",NegotiatingAgent,0.17,0,0.69,100,0,1,0,1,9,100,2,15,15,100,0,0,0,0,0,94,6,13,1,17,10,10
"agent NegotiatingAgent #263",NegotiatingAgent,0.21,0,0.69,100,0,1,0,1,6,100,2,19,16,100,0,3,0,5,0,103,8,14,2,21,10,10
"agent NegotiatingAgent #264",NegotiatingAgent,0.12,0,0.69,100,0,0,0,0,4,100,2,10,10,100,0,0,0,0,0,114,6,13,3,12,10,10
"agent NegotiatingAgent #265",NegotiatingAgent,0.2,0,0.69,100,0,1,0,1,8,100,2,18,17,100,0,1,0,6,0,95,4,17,0,20,10,10
"agent NegotiatingAgent #266",NegotiatingAgent,0.21,0,0.69,100,0,2,0,2,9,100,4,19,18,100,0,1,0,2,0,78,6,15,1,21,10,10
"agent NegotiatingAgent #267",NegotiatingAgent,0.27,0,0.69,100,0,2,0,2,8,100,3,25,23,100,0,2,0,6,0,83,10,17,2,27,10,10
"agent NegotiatingAgent #268",NegotiatingAgent,0.12,0,0.69,100,0,0,0,0,4,100,2,10,10,100,0,0,0,0,0,101,6,13,3,12,10,10
"agent NegotiatingAgent #269",NegotiatingAgent,0.2,0,0.69,100,0,1,0,1,8,100,2,18,18,100,0,0,0,6,0,74,4,17,0,20,10,10
"agent NegotiatingAgent #270",NegotiatingAgent,0.21,0,0.69,100,0,2,0,2,9,100,4,19,18,100,0,1,0,2,0,56,6,15,1,21,10,10
"agent NegotiatingAgent #271",NegotiatingAgent,0.21,0,0.69,100,0,1,0,1,6,100,2,19,17,100,0,2,0,5,0,67,8,14,2,21,10,10
"agent NegotiatingAgent #272",NegotiatingAgent,0.16,0,0.69,100,0,1,0,1,4,100,4,14,14,100,0,0,0,2,0,97,6,15,3,16,10,10
"agent NegotiatingAgent #273",NegotiatingAgent,0.2,0,0.69,100,3,1,0,1,8,100,2,21,22,100,0,0,0,6,0,37,4,17,0,20,10,10
"agent NegotiatingAgent #274",NegotiatingAgent,0.11,0,0.69,100,0,1,0,1,4,100,4,10,10,100,0,0,0,2,0,27,1,10,1,11,10,10
"agent NegotiatingAgent #275",NegotiatingAgent,0.21,0,0.69,100,0,1,0,1,6,100,2,19,17,100,0,2,0,5,0,44,8,14,2,21,10,10
"agent NegotiatingAgent #276",NegotiatingAgent,0.16,0,0.69,100,0,1,0,1,4,100,4,14,14,100,0,0,0,2,0,80,6,15,3,16,10,10
"agent NegotiatingAgent #277",NegotiatingAgent,0.2,0,0.69,100,0,1,0,1,8,100,2,18,17,100,0,1,0,6,0,45,4,17,0,20,10,10
"agent NegotiatingAgent #278",NegotiatingAgent,0.07,0,0.69,100,0,0,0,0,4,100,2,6,6,100,0,0,0,0,0,17,1,8,1,7,10,10
"agent NegotiatingAgent #279",NegotiatingAgent,0.27,0,0.69,100,0,2,0,2,8,100,3,25,22,100,0,3,0,6,0,46,10,17,2,27,10,10
"agent NegotiatingAgent #280",NegotiatingAgent,0.16,0,0.69,100,0,1,0,1,4,100,4,14,14,100,0,0,0,2,0,64,6,15,3,16,10,10
"agent NegotiatingAgent #281",NegotiatingAgent,0.12,0,0.69,100,0,0,0,0,6,100,0,10,10,100,0,0,0,4,0,51,2,13,0,12,10,10
"agent NegotiatingAgent #282",NegotiatingAgent,0.17,0,0.69,100,0,1,0,1,9,100,2,15,15,100,0,0,0,0,0,30,6,13,1,17,10,10
"agent NegotiatingAgent #283",NegotiatingAgent,0.21,0,0.69,100,0,1,0,1,6,100,2,19,16,100,0,3,0,5,0,14,8,14,2,21,10,10
"agent NegotiatingAgent #284",NegotiatingAgent,0.12,0,0.69,100,0,0,0,0,4,100,2,10,10,100,0,0,0,0,0,55,6,13,3,12,10,10
"agent NegotiatingAgent #285",NegotiatingAgent,0.12,0,0.69,100,2,0,0,0,6,100,0,13,12,100,0,0,0,4,0,14,2,13,0,12,10,10
"agent NegotiatingAgent #286",NegotiatingAgent,0.07,0,0.69,100,0,0,0,0,4,100,2,6,5,100,0,1,0,0,0,9,1,8,1,7,10,10
"agent NegotiatingAgent #287",NegotiatingAgent,0.27,0,0.69,100,0,2,0,2,8,100,3,25,20,100,0,5,0,6,0,13,10,17,2,27,10,10
"agent NegotiatingAgent #288",NegotiatingAgent,0.12,0,0.69,100,0,0,0,0,4,100,2,10,10,100,0,0,0,0,0,43,6,13,3,12,10,10
"agent NegotiatingAgent #289",NegotiatingAgent,0.12,0,0.69,100,0,0,0,0,6,100,0,10,10,100,0,0,0,4,0,30,2,13,0,12,10,10
"agent NegotiatingAgent #290",NegotiatingAgent,0.21,0,0.69,100,0,2,0,2,9,100,4,19,18,100,0,1,0,2,0,7,6,15,1,21,10,10
"agent NegotiatingAgent #291",NegotiatingAgent,0.05,0,0.69,100,0,0,0,0,0,100,0,3,4,100,0,0,0,3,0,6,2,6,2,5,10,10
"agent NegotiatingAgent #292",NegotiatingAgent,0.16,0,0.69,100,0,1,0,1,4,100,4,14,14,100,0,0,0,2,0,28,6,15,3,16,10,10
"agent NegotiatingAgent #293",NegotiatingAgent,0.12,0,0.69,100,0,0,0,0,6,100,0,10,10,100,0,0,0,4,0,18,2,13,0,12,10,10
"agent NegotiatingAgent #294",NegotiatingAgent,0.11,0,0.69,100,1,1,0,1,4,100,4,9,10,100,0,0,0,2,0,18,1,10,1,11,10,10
"agent NegotiatingAgent #295",NegotiatingAgent,0.05,0,0.69,100,0,0,0,0,0,100,0,4,4,100,0,0,0,3,0,1,2,6,2,5,10,10
"agent NegotiatingAgent #296",NegotiatingAgent,0.16,0,0.69,100,0,1,0,1,4,100,4,14,14,100,0,0,0,2,0,10,6,15,3,16,10,10
"agent NegotiatingAgent #297",NegotiatingAgent,0.12,0,0.69,100,0,0,0,0,6,100,0,10,10,100,0,0,0,4,0,5,2,13,0,12,10,10
"agent NegotiatingAgent #298",NegotiatingAgent,0.11,0,0.69,100,0,1,0,1,4,100,4,10,9,100,0,1,0,2,0,1,1,10,1,11,10,10
"agent NegotiatingAgent #299",NegotiatingAgent,0.11,0,0.69,100,0,1,0,1,2,100,1,10,10,100,0,0,0,4,0,0,4,9,2,11,10,10
"agent NegotiatingAgent #300",NegotiatingAgent,0.12,0,0.69,100,0,0,0,0,4,100,2,10,10,100,0,0,0,0,0,0,6,13,3,12,10,10
