agentName,agentType,averageSpeed,cumulatedUtilityReceived,freeWallRatio,numBacktrackAgents,numCFPAnswered,numDeadends,numDifferentEncounters,numDirectionChanges,numDownSteps,numForwardAgents,numLeftSteps,numMessagesReceived,numMessagesSent,numNegotiatingAgents,numProposalsAccepted,numProposalsRejected,numRandomAgents,numRightSteps,numSwarmAgents,numTotalEncounters,numUpSteps,numVisitedCells,startingPosition,stepsToExit,xsize,ysize
"agent BacktrackAgent #1",BacktrackAgent,0.12,0,0.69,100,0,0,0,0,4,100,2,0,0,100,0,0,0,6,0,829,0,13,0,12,10,10
"agent BacktrackAgent #2",BacktrackAgent,0.31,0,0.69,100,0,2,0,2,8,100,10,0,0,100,0,0,0,8,0,848,5,19,1,31,10,10
"agent BacktrackAgent #3",BacktrackAgent,0.13,0,0.69,100,0,0,0,0,2,100,2,0,0,100,0,0,0,5,0,562,4,14,2,13,10,10
"agent BacktrackAgent #4",BacktrackAgent,0.28,0,0.69,100,0,2,0,2,4,100,10,0,0,100,0,0,0,8,0,729,6,19,3,28,10,10
"agent BacktrackAgent #5",BacktrackAgent,0.12,0,0.69,100,0,0,0,0,4,100,2,0,0,100,0,0,0,6,0,697,0,13,0,12,10,10
"agent BacktrackAgent #6",BacktrackAgent,0.25,0,0.69,100,0,1,0,1,7,100,8,0,0,100,0,0,0,6,0,717,4,16,1,25,10,10
"agent BacktrackAgent #7",BacktrackAgent,0.15,0,0.69,100,0,1,0,1,2,100,3,0,0,100,0,0,0,6,0,765,4,15,2,15,10,10
"agent BacktrackAgent #8",BacktrackAgent,0.2,0,0.69,100,0,1,0,1,2,100,8,0,0,100,0,0,0,6,0,499,4,15,3,20,10,10
"agent BacktrackAgent #9",BacktrackAgent,0.12,0,0.69,100,0,0,0,0,4,100,2,0,0,100,0,0,0,6,0,565,0,13,0,12,10,10
"agent BacktrackAgent #10",BacktrackAgent,0.25,0,0.69,100,0,1,0,1,7,100,8,0,0,100,0,0,0,6,0,922,4,16,1,25,10,10
"agent BacktrackAgent #11",BacktrackAgent,0.21,0,0.69,100,0,1,0,1,4,100,4,0,0,100,0,0,0,7,0,878,6,18,2,21,10,10
"agent BacktrackAgent #12",BacktrackAgent,0.28,0,0.69,100,0,2,0,2,4,100,10,0,0,100,0,0,0,8,0,951,6,19,3,28,10,10
"agent BacktrackAgent #13",BacktrackAgent,0.12,0,0.69,100,0,0,0,0,4,100,2,0,0,100,0,0,0,6,0,851,0,13,0,12,10,10
"agent BacktrackAgent #14",BacktrackAgent,0.11,0,0.69,100,0,1,0,1,4,100,4,0,0,100,0,0,0,2,0,381,1,9,1,11,10,10
"agent BacktrackAgent #15",BacktrackAgent,0.23,0,0.69,100,0,2,0,2,4,100,5,0,0,100,0,0,0,8,0,1257,6,19,2,23,10,10
"agent BacktrackAgent #16",BacktrackAgent,0.28,0,0.69,100,0,2,0,2,4,100,10,0,0,100,0,0,0,8,0,921,6,19,3,28,10,10
"agent BacktrackAgent #17",BacktrackAgent,0.12,0,0.69,100,0,0,0,0,4,100,2,0,0,100,0,0,0,6,0,839,0,13,0,12,10,10
"agent BacktrackAgent #18",BacktrackAgent,0.25,0,0.69,100,0,1,0,1,7,100,8,0,0,100,0,0,0,6,0,886,4,16,1,25,10,10
"agent BacktrackAgent #19",BacktrackAgent,0.15,0,0.69,100,0,1,0,1,2,100,3,0,0,100,0,0,0,6,0,991,4,15,2,15,10,10
"agent BacktrackAgent #20",BacktrackAgent,0.2,0,0.69,100,0,1,0,1,2,100,8,0,0,100,0,0,0,6,0,785,4,15,3,20,10,10
"agent BacktrackAgent #21",BacktrackAgent,0.12,0,0.69,100,0,0,0,0,4,100,2,0,0,100,0,0,0,6,0,816,0,13,0,12,10,10
"agent BacktrackAgent #22",BacktrackAgent,0.25,0,0.69,100,0,1,0,1,7,100,8,0,0,100,0,0,0,6,0,858,4,16,1,25,10,10
"agent BacktrackAgent #23",BacktrackAgent,0.21,0,0.69,100,0,1,0,1,4,100,4,0,0,100,0,0,0,7,0,838,6,18,2,21,10,10
"agent BacktrackAgent #24",BacktrackAgent,0.2,0,0.69,100,0,1,0,1,2,100,8,0,0,100,0,0,0,6,0,763,4,15,3,20,10,10
"agent BacktrackAgent #25",BacktrackAgent,0.12,0,0.69,100,0,0,0,0,4,100,2,0,0,100,0,0,0,6,0,804,0,13,0,12,10,10
"agent BacktrackAgent #26",BacktrackAgent,0.11,0,0.69,100,0,1,0,1,4,100,4,0,0,100,0,0,0,2,0,367,1,9,1,11,10,10
"agent BacktrackAgent #27",BacktrackAgent,0.13,0,0.69,100,0,0,0,0,2,100,2,0,0,100,0,0,0,5,0,604,4,14,2,13,10,10
"agent BacktrackAgent #28",BacktrackAgent,0.2,0,0.69,100,0,1,0,1,2,100,8,0,0,100,0,0,0,6,0,742,4,15,3,20,10,10
"agent BacktrackAgent #29",BacktrackAgent,0.12,0,0.69,100,0,0,0,0,4,100,2,0,0,100,0,0,0,6,0,792,0,13,0,12,10,10
"agent BacktrackAgent #30",BacktrackAgent,0.11,0,0.69,100,0,1,0,1,4,100,4,0,0,100,0,0,0,2,0,349,1,9,1,11,10,10
"agent BacktrackAgent #31",BacktrackAgent,0.21,0,0.69,100,0,1,0,1,4,100,4,0,0,100,0,0,0,7,0,792,6,18,2,21,10,10
"agent BacktrackAgent #32",BacktrackAgent,0.2,0,0.69,100,0,1,0,1,2,100,8,0,0,100,0,0,0,6,0,719,4,15,3,20,10,10
"agent BacktrackAgent #33",BacktrackAgent,0.12,0,0.69,100,0,0,0,0,4,100,2,0,0,100,0,0,0,6,0,780,0,13,0,12,10,10
"agent BacktrackAgent #34",BacktrackAgent,0.25,0,0.69,100,0,1,0,1,7,100,8,0,0,100,0,0,0,6,0,821,4,16,1,25,10,10
"agent BacktrackAgent #35",BacktrackAgent,0.15,0,0.69,100,0,1,0,1,2,100,3,0,0,100,0,0,0,6,0,932,4,15,2,15,10,10
"agent BacktrackAgent #36",BacktrackAgent,0.16,0,0.69,100,0,1,0,1,4,100,4,0,0,100,0,0,0,2,0,541,6,13,3,16,10,10
"agent BacktrackAgent #37",BacktrackAgent,0.12,0,0.69,100,0,0,0,0,4,100,2,0,0,100,0,0,0,6,0,768,0,13,0,12,10,10
"agent BacktrackAgent #38",BacktrackAgent,0.05,0,0.69,100,0,0,0,0,3,100,2,0,0,100,0,0,0,0,0,149,0,6,1,5,10,10
"agent BacktrackAgent #39",BacktrackAgent,0.21,0,0.69,100,0,1,0,1,4,100,4,0,0,100,0,0,0,7,0,762,6,18,2,21,10,10
"agent BacktrackAgent #40",BacktrackAgent,0.2,0,0.69,100,0,1,0,1,2,100,8,0,0,100,0,0,0,6,0,693,4,15,3,20,10,10
"agent BacktrackAgent #41",BacktrackAgent,0.12,0,0.69,100,0,0,0,0,4,100,2,0,0,100,0,0,0,6,0,755,0,13,0,12,10,10
"agent BacktrackAgent #42",BacktrackAgent,0.31,0,0.69,100,0,2,0,2,8,100,10,0,0,100,0,0,0,8,0,793,5,19,1,31,10,10
"agent BacktrackAgent #43",BacktrackAgent,0.21,0,0.69,100,0,1,0,1,4,100,4,0,0,100,0,0,0,7,0,725,6,18,2,21,10,10
"agent BacktrackAgent #44",BacktrackAgent,0.28,0,0.69,100,0,2,0,2,4,100,10,0,0,100,0,0,0,8,0,788,6,19,3,28,10,10
"agent BacktrackAgent #45",BacktrackAgent,0.12,0,0.69,100,0,0,0,0,4,100,2,0,0,100,0,0,0,6,0,743,0,13,0,12,10,10
"agent BacktrackAgent #46",BacktrackAgent,0.25,0,0.69,100,0,1,0,1,7,100,8,0,0,100,0,0,0,6,0,781,4,16,1,25,10,10
"agent BacktrackAgent #47",BacktrackAgent,0.23,0,0.69,100,0,2,0,2,4,100,5,0,0,100,0,0,0,8,0,1094,6,19,2,23,10,10
"agent BacktrackAgent #48",BacktrackAgent,0.28,0,0.69,100,0,2,0,2,4,100,10,0,0,100,0,0,0,8,0,757,6,19,3,28,10,10
"agent BacktrackAgent #49",BacktrackAgent,0.12,0,0.69,100,0,0,0,0,4,100,2,0,0,100,0,0,0,6,0,731,0,13,0,12,10,10
"agent BacktrackAgent #50",BacktrackAgent,0.11,0,0.69,100,0,1,0,1,4,100,4,0,0,100,0,0,0,2,0,326,1,9,1,11,10,10
"agent BacktrackAgent #51",BacktrackAgent,0.23,0,0.69,100,0,2,0,2,4,100,5,0,0,100,0,0,0,8,0,1065,6,19,2,23,10,10
"agent BacktrackAgent #52",BacktrackAgent,0.2,0,0.69,100,0,1,0,1,2,100,8,0,0,100,0,0,0,6,0,618,4,15,3,20,10,10
"agent BacktrackAgent #53",BacktrackAgent,0.12,0,0.69,100,0,0,0,0,4,100,2,0,0,100,0,0,0,6,0,719,0,13,0,12,10,10
"agent BacktrackAgent #54",BacktrackAgent,0.11,0,0.69,100,0,1,0,1,4,100,4,0,0,100,0,0,0,2,0,315,1,9,1,11,10,10
"agent BacktrackAgent #55",BacktrackAgent,0.13,0,0.69,100,0,0,0,0,2,100,2,0,0,100,0,0,0,5,0,519,4,14,2,13,10,10
"agent BacktrackAgent #56",BacktrackAgent,0.2,0,0.69,100,0,1,0,1,2,100,8,0,0,100,0,0,0,6,0,597,4,15,3,20,10,10
"agent BacktrackAgent #57",BacktrackAgent,0.12,0,0.69,100,0,0,0,0,4,100,2,0,0,100,0,0,0,6,0,707,0,13,0,12,10,10
"agent BacktrackAgent #58",BacktrackAgent,0.05,0,0.69,100,0,0,0,0,3,100,2,0,0,100,0,0,0,0,0,139,0,6,1,5,10,10
"agent BacktrackAgent #59",BacktrackAgent,0.23,0,0.69,100,0,2,0,2,4,100,5,0,0,100,0,0,0,8,0,1029,6,19,2,23,10,10
"agent BacktrackAgent #60",BacktrackAgent,0.08,0,0.69,100,0,0,0,0,2,100,2,0,0,100,0,0,0,0,0,266,4,9,3,8,10,10
"agent BacktrackAgent #61",BacktrackAgent,0.12,0,0.69,100,0,0,0,0,4,100,2,0,0,100,0,0,0,6,0,684,0,13,0,12,10,10
"agent BacktrackAgent #62",BacktrackAgent,0.05,0,0.69,100,0,0,0,0,3,100,2,0,0,100,0,0,0,0,0,134,0,6,1,5,10,10
"agent BacktrackAgent #63",BacktrackAgent,0.21,0,0.69,100,0,1,0,1,4,100,4,0,0,100,0,0,0,7,0,661,6,18,2,21,10,10
"agent BacktrackAgent #64",BacktrackAgent,0.08,0,0.69,100,0,0,0,0,2,100,2,0,0,100,0,0,0,0,0,258,4,9,3,8,10,10
"agent BacktrackAgent #65",BacktrackAgent,0.12,0,0.69,100,0,0,0,0,4,100,2,0,0,100,0,0,0,6,0,672,0,13,0,12,10,10
"agent BacktrackAgent #66",BacktrackAgent,0.05,0,0.69,100,0,0,0,0,3,100,2,0,0,100,0,0,0,0,0,129,0,6,1,5,10,10
"agent BacktrackAgent #67",BacktrackAgent,0.15,0,0.69,100,0,1,0,1,2,100,3,0,0,100,0,0,0,6,0,824,4,15,2,15,10,10
"agent BacktrackAgent #68",BacktrackAgent,0.08,0,0.69,100,0,0,0,0,2,100,2,0,0,100,0,0,0,0,0,250,4,9,3,8,10,10
"agent BacktrackAgent #69",BacktrackAgent,0.12,0,0.69,100,0,0,0,0,4,100,2,0,0,100,0,0,0,6,0,660,0,13,0,12,10,10
"agent BacktrackAgent #70",BacktrackAgent,0.05,0,0.69,100,0,0,0,0,3,100,2,0,0,100,0,0,0,0,0,123,0,6,1,5,10,10
"agent BacktrackAgent #71",BacktrackAgent,0.21,0,0.69,100,0,1,0,1,4,100,4,0,0,100,0,0,0,7,0,638,6,18,2,21,10,10
"agent BacktrackAgent #72",BacktrackAgent,0.2,0,0.69,100,0,1,0,1,2,100,8,0,0,100,0,0,0,6,0,568,4,15,3,20,10,10
"agent BacktrackAgent #73",BacktrackAgent,0.12,0,0.69,100,0,0,0,0,4,100,2,0,0,100,0,0,0,6,0,648,0,13,0,12,10,10
"agent BacktrackAgent #74",BacktrackAgent,0.11,0,0.69,100,0,1,0,1,4,100,4,0,0,100,0,0,0,2,0,299,1,9,1,11,10,10
"agent BacktrackAgent #75",BacktrackAgent,0.13,0,0.69,100,0,0,0,0,2,100,2,0,0,100,0,0,0,5,0,477,4,14,2,13,10,10
"agent BacktrackAgent #76",BacktrackAgent,0.2,0,0.69,100,0,1,0,1,2,100,8,0,0,100,0,0,0,6,0,547,4,15,3,20,10,10
"agent BacktrackAgent #77",BacktrackAgent,0.12,0,0.69,100,0,0,0,0,4,100,2,0,0,100,0,0,0,6,0,636,0,13,0,12,10,10
"agent BacktrackAgent #78",BacktrackAgent,0.31,0,0.69,100,0,2,0,2,8,100,10,0,0,100,0,0,0,8,0,704,5,19,1,31,10,10
"agent BacktrackAgent #79",BacktrackAgent,0.15,0,0.69,100,0,1,0,1,2,100,3,0,0,100,0,0,0,6,0,780,4,15,2,15,10,10
"agent BacktrackAgent #80",BacktrackAgent,0.08,0,0.69,100,0,0,0,0,2,100,2,0,0,100,0,0,0,0,0,238,4,9,3,8,10,10
"agent BacktrackAgent #81",BacktrackAgent,0.12,0,0.69,100,0,0,0,0,4,100,2,0,0,100,0,0,0,6,0,624,0,13,0,12,10,10
"agent BacktrackAgent #82",BacktrackAgent,0.31,0,0.69,100,0,2,0,2,8,100,10,0,0,100,0,0,0,8,0,670,5,19,1,31,10,10
"agent BacktrackAgent #83",BacktrackAgent,0.15,0,0.69,100,0,1,0,1,2,100,3,0,0,100,0,0,0,6,0,749,4,15,2,15,10,10
"agent BacktrackAgent #84",BacktrackAgent,0.2,0,0.69,100,0,1,0,1,2,100,8,0,0,100,0,0,0,6,0,520,4,15,3,20,10,10
"agent BacktrackAgent #85",BacktrackAgent,0.12,0,0.69,100,0,0,0,0,4,100,2,0,0,100,0,0,0,6,0,612,0,13,0,12,10,10
"agent BacktrackAgent #86",BacktrackAgent,0.05,0,0.69,100,0,0,0,0,3,100,2,0,0,100,0,0,0,0,0,115,0,6,1,5,10,10
"agent BacktrackAgent #87",BacktrackAgent,0.15,0,0.69,100,0,1,0,1,2,100,3,0,0,100,0,0,0,6,0,733,4,15,2,15,10,10
"agent BacktrackAgent #88",BacktrackAgent,0.08,0,0.69,100,0,0,0,0,2,100,2,0,0,100,0,0,0,0,0,229,4,9,3,8,10,10
"agent BacktrackAgent #89",BacktrackAgent,0.12,0,0.69,100,0,0,0,0,4,100,2,0,0,100,0,0,0,6,0,600,0,13,0,12,10,10
"agent BacktrackAgent #90",BacktrackAgent,0.25,0,0.69,100,0,1,0,1,7,100,8,0,0,100,0,0,0,6,0,663,4,16,1,25,10,10
"agent BacktrackAgent #91",BacktrackAgent,0.21,0,0.69,100,0,1,0,1,4,100,4,0,0,100,0,0,0,7,0,575,6,18,2,21,10,10
"agent BacktrackAgent #92",BacktrackAgent,0.28,0,0.69,100,0,2,0,2,4,100,10,0,0,100,0,0,0,8,0,573,6,19,3,28,10,10
"agent BacktrackAgent #93",BacktrackAgent,0.12,0,0.69,100,0,0,0,0,4,100,2,0,0,100,0,0,0,6,0,588,0,13,0,12,10,10
"agent BacktrackAgent #94",BacktrackAgent,0.31,0,0.69,100,0,2,0,2,8,100,10,0,0,100,0,0,0,8,0,625,5,19,1,31,10,10
"agent BacktrackAgent #95",BacktrackAgent,0.15,0,0.69,100,0,1,0,1,2,100,3,0,0,100,0,0,0,6,0,700,4,15,2,15,10,10
"agent BacktrackAgent #96",BacktrackAgent,0.28,0,0.69,100,0,2,0,2,4,100,10,0,0,100,0,0,0,8,0,543,6,19,3,28,10,10
"agent BacktrackAgent #97",BacktrackAgent,0.12,0,0.69,100,0,0,0,0,4,100,2,0,0,100,0,0,0,6,0,576,0,13,0,12,10,10
"agent BacktrackAgent #98",BacktrackAgent,0.05,0,0.69,100,0,0,0,0,3,100,2,0,0,100,0,0,0,0,0,107,0,6,1,5,10,10
"agent BacktrackAgent #99",BacktrackAgent,0.23,0,0.69,100,0,2,0,2,4,100,5,0,0,100,0,0,0,8,0,843,6,19,2,23,10,10
"agent BacktrackAgent #100",BacktrackAgent,0.28,0,0.69,100,0,2,0,2,4,100,10,0,0,100,0,0,0,8,0,1006,6,19,3,28,10,10
"agent ForwardAgent #101",ForwardAgent,0.12,0,0.69,100,0,0,0,0,4,100,2,0,0,100,0,0,0,6,0,553,0,13,0,12,10,10
"agent ForwardAgent #102",ForwardAgent,0.31,0,0.69,100,0,2,0,2,8,100,10,0,0,100,0,0,0,8,0,588,5,19,1,31,10,10
"agent ForwardAgent #103",ForwardAgent,0.13,0,0.69,100,0,0,0,0,2,100,2,0,0,100,0,0,0,5,0,433,4,14,2,13,10,10
"agent ForwardAgent #104",ForwardAgent,0.16,0,0.69,100,0,1,0,1,4,100,4,0,0,100,0,0,0,2,0,445,6,13,3,16,10,10
"agent ForwardAgent #105",ForwardAgent,0.12,0,0.69,100,0,0,0,0,4,100,2,0,0,100,0,0,0,6,0,541,0,13,0,12,10,10
"agent ForwardAgent #106",ForwardAgent,0.33,0,0.69,100,0,2,0,2,9,100,10,0,0,100,0,0,0,8,0,681,6,19,1,33,10,10
"agent ForwardAgent #107",ForwardAgent,0.13,0,0.69,100,0,0,0,0,2,100,2,0,0,100,0,0,0,5,0,418,4,14,2,13,10,10
"agent ForwardAgent #108",ForwardAgent,0.28,0,0.69,100,0,2,0,2,4,100,10,0,0,100,0,0,0,8,0,507,6,19,3,28,10,10
"agent ForwardAgent #109",ForwardAgent,0.12,0,0.69,100,0,0,0,0,4,100,2,0,0,100,0,0,0,6,0,529,0,13,0,12,10,10
"agent ForwardAgent #110",ForwardAgent,0.39,0,0.69,100,0,3,0,3,10,100,12,0,0,100,0,0,0,10,0,593,7,19,1,39,10,10
"agent ForwardAgent #111",ForwardAgent,0.13,0,0.69,100,0,0,0,0,2,100,2,0,0,100,0,0,0,5,0,402,4,14,2,13,10,10
"agent ForwardAgent #112",ForwardAgent,0.16,0,0.69,100,0,1,0,1,4,100,4,0,0,100,0,0,0,2,0,426,6,13,3,16,10,10
"agent ForwardAgent #113",ForwardAgent,0.12,0,0.69,100,0,0,0,0,4,100,2,0,0,100,0,0,0,6,0,517,0,13,0,12,10,10
"agent ForwardAgent #114",ForwardAgent,0.05,0,0.69,100,0,0,0,0,3,100,2,0,0,100,0,0,0,0,0,98,0,6,1,5,10,10
"agent ForwardAgent #115",ForwardAgent,0.21,0,0.69,100,0,1,0,1,4,100,4,0,0,100,0,0,0,7,0,504,6,18,2,21,10,10
"agent ForwardAgent #116",ForwardAgent,0.16,0,0.69,100,0,1,0,1,4,100,4,0,0,100,0,0,0,2,0,409,6,13,3,16,10,10
"agent ForwardAgent #117",ForwardAgent,0.12,0,0.69,100,0,0,0,0,4,100,2,0,0,100,0,0,0,6,0,505,0,13,0,12,10,10
"agent ForwardAgent #118",ForwardAgent,0.11,0,0.69,100,0,1,0,1,4,100,4,0,0,100,0,0,0,2,0,239,1,9,1,11,10,10
"agent ForwardAgent #119",ForwardAgent,0.21,0,0.69,100,0,1,0,1,4,100,4,0,0,100,0,0,0,7,0,480,6,18,2,21,10,10
"agent ForwardAgent #120",ForwardAgent,0.48,0,0.69,100,0,3,0,3,8,100,16,0,0,100,0,0,0,14,0,600,10,19,3,48,10,10
"agent ForwardAgent #121",ForwardAgent,0.12,0,0.69,100,0,0,0,0,4,100,2,0,0,100,0,0,0,6,0,493,0,13,0,12,10,10
"agent ForwardAgent #122",ForwardAgent,0.53,0,0.69,100,0,3,0,3,13,100,16,0,0,100,0,0,0,14,0,683,10,19,1,53,10,10
"agent ForwardAgent #123",ForwardAgent,0.13,0,0.69,100,0,0,0,0,2,100,2,0,0,100,0,0,0,5,0,362,4,14,2,13,10,10
"agent ForwardAgent #124",ForwardAgent,0.36,0,0.69,100,0,2,0,2,8,100,10,0,0,100,0,0,0,8,0,532,10,19,3,36,10,10
"agent ForwardAgent #125",ForwardAgent,0.12,0,0.69,100,0,0,0,0,4,100,2,0,0,100,0,0,0,6,0,481,0,13,0,12,10,10
"agent ForwardAgent #126",ForwardAgent,0.25,0,0.69,100,0,1,0,1,7,100,8,0,0,100,0,0,0,6,0,549,4,16,1,25,10,10
"agent ForwardAgent #127",ForwardAgent,0.13,0,0.69,100,0,0,0,0,2,100,2,0,0,100,0,0,0,5,0,347,4,14,2,13,10,10
"agent ForwardAgent #128",ForwardAgent,0.48,0,0.69,100,0,3,0,3,8,100,16,0,0,100,0,0,0,14,0,541,10,19,3,48,10,10
"agent ForwardAgent #129",ForwardAgent,0.12,0,0.69,100,0,0,0,0,4,100,2,0,0,100,0,0,0,6,0,469,0,13,0,12,10,10
"agent ForwardAgent #130",ForwardAgent,0.11,0,0.69,100,0,1,0,1,4,100,4,0,0,100,0,0,0,2,0,225,1,9,1,11,10,10
"agent ForwardAgent #131",ForwardAgent,0.13,0,0.69,100,0,0,0,0,2,100,2,0,0,100,0,0,0,5,0,329,4,14,2,13,10,10
"agent ForwardAgent #132",ForwardAgent,0.08,0,0.69,100,0,0,0,0,2,100,2,0,0,100,0,0,0,0,0,192,4,9,3,8,10,10
"agent ForwardAgent #133",ForwardAgent,0.12,0,0.69,100,0,0,0,0,4,100,2,0,0,100,0,0,0,6,0,457,0,13,0,12,10,10
"agent ForwardAgent #134",ForwardAgent,0.11,0,0.69,100,0,1,0,1,4,100,4,0,0,100,0,0,0,2,0,214,1,9,1,11,10,10
"agent ForwardAgent #135",ForwardAgent,0.15,0,0.69,100,0,1,0,1,2,100,3,0,0,100,0,0,0,6,0,559,4,15,2,15,10,10
"agent ForwardAgent #136",ForwardAgent,0.72,0,0.69,100,0,5,0,5,16,100,20,0,0,100,0,0,0,18,0,501,18,19,3,72,10,10
"agent ForwardAgent #137",ForwardAgent,0.12,0,0.69,100,0,0,0,0,4,100,2,0,0,100,0,0,0,6,0,445,0,13,0,12,10,10
"agent ForwardAgent #138",ForwardAgent,0.05,0,0.69,100,0,0,0,0,3,100,2,0,0,100,0,0,0,0,0,86,0,6,1,5,10,10
"agent ForwardAgent #139",ForwardAgent,0.21,0,0.69,100,0,1,0,1,4,100,4,0,0,100,0,0,0,7,0,414,6,18,2,21,10,10
"agent ForwardAgent #140",ForwardAgent,0.36,0,0.69,100,0,2,0,2,8,100,10,0,0,100,0,0,0,8,0,447,10,19,3,36,10,10
"agent ForwardAgent #141",ForwardAgent,0.12,0,0.69,100,0,0,0,0,4,100,2,0,0,100,0,0,0,6,0,433,0,13,0,12,10,10
"agent ForwardAgent #142",ForwardAgent,0.33,0,0.69,100,0,2,0,2,9,100,10,0,0,100,0,0,0,8,0,551,6,19,1,33,10,10
"agent ForwardAgent #143",ForwardAgent,0.13,0,0.69,100,0,0,0,0,2,100,2,0,0,100,0,0,0,5,0,299,4,14,2,13,10,10
"agent ForwardAgent #144",ForwardAgent,0.2,0,0.69,100,0,1,0,1,2,100,8,0,0,100,0,0,0,6,0,359,4,15,3,20,10,10
"agent ForwardAgent #145",ForwardAgent,0.12,0,0.69,100,0,0,0,0,4,100,2,0,0,100,0,0,0,6,0,421,0,13,0,12,10,10
"agent ForwardAgent #146",ForwardAgent,0.53,0,0.69,100,0,3,0,3,13,100,16,0,0,100,0,0,0,14,0,547,10,19,1,53,10,10
"agent ForwardAgent #147",ForwardAgent,0.13,0,0.69,100,0,0,0,0,2,100,2,0,0,100,0,0,0,5,0,283,4,14,2,13,10,10
"agent ForwardAgent #148",ForwardAgent,0.08,0,0.69,100,0,0,0,0,2,100,2,0,0,100,0,0,0,0,0,171,4,9,3,8,10,10
"agent ForwardAgent #149",ForwardAgent,0.12,0,0.69,100,0,0,0,0,4,100,2,0,0,100,0,0,0,6,0,409,0,13,0,12,10,10
"agent ForwardAgent #150",ForwardAgent,0.05,0,0.69,100,0,0,0,0,3,100,2,0,0,100,0,0,0,0,0,77,0,6,1,5,10,10
"agent ForwardAgent #151",ForwardAgent,0.13,0,0.69,100,0,0,0,0,2,100,2,0,0,100,0,0,0,5,0,270,4,14,2,13,10,10
"agent ForwardAgent #152",ForwardAgent,0.16,0,0.69,100,0,1,0,1,4,100,4,0,0,100,0,0,0,2,0,328,6,13,3,16,10,10
"agent ForwardAgent #153",ForwardAgent,0.12,0,0.69,100,0,0,0,0,4,100,2,0,0,100,0,0,0,6,0,397,0,13,0,12,10,10
"agent ForwardAgent #154",ForwardAgent,0.39,0,0.69,100,0,3,0,3,10,100,12,0,0,100,0,0,0,10,0,472,7,19,1,39,10,10
"agent ForwardAgent #155",ForwardAgent,0.13,0,0.69,100,0,0,0,0,2,100,2,0,0,100,0,0,0,5,0,255,4,14,2,13,10,10
"agent ForwardAgent #156",ForwardAgent,0.2,0,0.69,100,0,1,0,1,2,100,8,0,0,100,0,0,0,6,0,332,4,15,3,20,10,10
"agent ForwardAgent #157",ForwardAgent,0.12,0,0.69,100,0,0,0,0,4,100,2,0,0,100,0,0,0,6,0,385,0,13,0,12,10,10
"agent ForwardAgent #158",ForwardAgent,0.05,0,0.69,100,0,0,0,0,3,100,2,0,0,100,0,0,0,0,0,71,0,6,1,5,10,10
"agent ForwardAgent #159",ForwardAgent,0.13,0,0.69,100,0,0,0,0,2,100,2,0,0,100,0,0,0,5,0,241,4,14,2,13,10,10
"agent ForwardAgent #160",ForwardAgent,0.36,0,0.69,100,0,2,0,2,8,100,10,0,0,100,0,0,0,8,0,380,10,19,3,36,10,10
"agent ForwardAgent #161",ForwardAgent,0.12,0,0.69,100,0,0,0,0,4,100,2,0,0,100,0,0,0,6,0,373,0,13,0,12,10,10
"agent ForwardAgent #162",ForwardAgent,0.39,0,0.69,100,0,3,0,3,10,100,12,0,0,100,0,0,0,10,0,425,7,19,1,39,10,10
"agent ForwardAgent #163",ForwardAgent,0.15,0,0.69,100,0,1,0,1,2,100,3,0,0,100,0,0,0,6,0,458,4,15,2,15,10,10
"agent ForwardAgent #164",ForwardAgent,0.08,0,0.69,100,0,0,0,0,2,100,2,0,0,100,0,0,0,0,0,152,4,9,3,8,10,10
"agent ForwardAgent #165",ForwardAgent,0.12,0,0.69,100,0,0,0,0,4,100,2,0,0,100,0,0,0,6,0,361,0,13,0,12,10,10
"agent ForwardAgent #166",ForwardAgent,0.59,0,0.69,100,0,4,0,4,14,100,18,0,0,100,0,0,0,16,0,401,11,19,1,59,10,10
"agent ForwardAgent #167",ForwardAgent,0.43,0,0.69,100,0,3,0,3,8,100,11,0,0,100,0,0,0,14,0,645,10,19,2,43,10,10
"agent ForwardAgent #168",ForwardAgent,0.16,0,0.69,100,0,1,0,1,4,100,4,0,0,100,0,0,0,2,0,285,6,13,3,16,10,10
"agent ForwardAgent #169",ForwardAgent,0.12,0,0.69,100,0,0,0,0,4,100,2,0,0,100,0,0,0,6,0,349,0,13,0,12,10,10
"agent ForwardAgent #170",ForwardAgent,0.11,0,0.69,100,0,1,0,1,4,100,4,0,0,100,0,0,0,2,0,169,1,9,1,11,10,10
"agent ForwardAgent #171",ForwardAgent,0.15,0,0.69,100,0,1,0,1,2,100,3,0,0,100,0,0,0,6,0,429,4,15,2,15,10,10
"agent ForwardAgent #172",ForwardAgent,0.48,0,0.69,100,0,3,0,3,8,100,16,0,0,100,0,0,0,14,0,411,10,19,3,48,10,10
"agent ForwardAgent #173",ForwardAgent,0.12,0,0.69,100,0,0,0,0,4,100,2,0,0,100,0,0,0,6,0,337,0,13,0,12,10,10
"agent ForwardAgent #174",ForwardAgent,0.53,0,0.69,100,0,3,0,3,13,100,16,0,0,100,0,0,0,14,0,443,10,19,1,53,10,10
"agent ForwardAgent #175",ForwardAgent,0.15,0,0.69,100,0,1,0,1,2,100,3,0,0,100,0,0,0,6,0,411,4,15,2,15,10,10
"agent ForwardAgent #176",ForwardAgent,0.08,0,0.69,100,0,0,0,0,2,100,2,0,0,100,0,0,0,0,0,137,4,9,3,8,10,10
"agent ForwardAgent #177",ForwardAgent,0.12,0,0.69,100,0,0,0,0,4,100,2,0,0,100,0,0,0,6,0,325,0,13,0,12,10,10
"agent ForwardAgent #178",ForwardAgent,0.31,0,0.69,100,0,2,0,2,8,100,10,0,0,100,0,0,0,8,0,329,5,19,1,31,10,10
"agent ForwardAgent #179",ForwardAgent,0.23,0,0.69,100,0,2,0,2,4,100,5,0,0,100,0,0,0,8,0,525,6,19,2,23,10,10
"agent ForwardAgent #180",ForwardAgent,0.44,0,0.69,100,0,3,0,3,10,100,12,0,0,100,0,0,0,10,0,305,12,19,3,44,10,10
"agent ForwardAgent #181",ForwardAgent,0.12,0,0.69,100,0,0,0,0,4,100,2,0,0,100,0,0,0,6,0,313,0,13,0,12,10,10
"agent ForwardAgent #182",ForwardAgent,0.11,0,0.69,100,0,1,0,1,4,100,4,0,0,100,0,0,0,2,0,148,1,9,1,11,10,10
"agent ForwardAgent #183",ForwardAgent,0.15,0,0.69,100,0,1,0,1,2,100,3,0,0,100,0,0,0,6,0,382,4,15,2,15,10,10
"agent ForwardAgent #184",ForwardAgent,0.2,0,0.69,100,0,1,0,1,2,100,8,0,0,100,0,0,0,6,0,275,4,15,3,20,10,10
"agent ForwardAgent #185",ForwardAgent,0.12,0,0.69,100,0,0,0,0,4,100,2,0,0,100,0,0,0,6,0,301,0,13,0,12,10,10
"agent ForwardAgent #186",ForwardAgent,0.25,0,0.69,100,0,1,0,1,7,100,8,0,0,100,0,0,0,6,0,381,4,16,1,25,10,10
"agent ForwardAgent #187",ForwardAgent,0.13,0,0.69,100,0,0,0,0,2,100,2,0,0,100,0,0,0,5,0,202,4,14,2,13,10,10
"agent ForwardAgent #188",ForwardAgent,0.48,0,0.69,100,0,3,0,3,8,100,16,0,0,100,0,0,0,14,0,329,10,19,3,48,10,10
"agent ForwardAgent #189",ForwardAgent,0.12,0,0.69,100,0,0,0,0,4,100,2,0,0,100,0,0,0,6,0,289,0,13,0,12,10,10
"agent ForwardAgent #190",ForwardAgent,0.11,0,0.69,100,0,1,0,1,4,100,4,0,0,100,0,0,0,2,0,136,1,9,1,11,10,10
"agent ForwardAgent #191",ForwardAgent,0.51,0,0.69,100,0,4,0,4,10,100,13,0,0,100,0,0,0,16,0,520,12,19,2,51,10,10
"agent ForwardAgent #192",ForwardAgent,0.16,0,0.69,100,0,1,0,1,4,100,4,0,0,100,0,0,0,2,0,228,6,13,3,16,10,10
"agent ForwardAgent #193",ForwardAgent,0.12,0,0.69,100,0,0,0,0,4,100,2,0,0,100,0,0,0,6,0,277,0,13,0,12,10,10
"agent ForwardAgent #194",ForwardAgent,0.25,0,0.69,100,0,1,0,1,7,100,8,0,0,100,0,0,0,6,0,347,4,16,1,25,10,10
"agent ForwardAgent #195",ForwardAgent,0.41,0,0.69,100,0,2,0,2,8,100,10,0,0,100,0,0,0,13,0,298,10,19,2,41,10,10
"agent ForwardAgent #196",ForwardAgent,0.08,0,0.69,100,0,0,0,0,2,100,2,0,0,100,0,0,0,0,0,115,4,9,3,8,10,10
"agent ForwardAgent #197",ForwardAgent,0.12,0,0.69,100,0,0,0,0,4,100,2,0,0,100,0,0,0,6,0,265,0,13,0,12,10,10
"agent ForwardAgent #198",ForwardAgent,0.05,0,0.69,100,0,0,0,0,3,100,2,0,0,100,0,0,0,0,0,54,0,6,1,5,10,10
"agent ForwardAgent #199",ForwardAgent,0.15,0,0.69,100,0,1,0,1,2,100,3,0,0,100,0,0,0,6,0,325,4,15,2,15,10,10
"agent ForwardAgent #200",ForwardAgent,0.08,0,0.69,100,0,0,0,0,2,100,2,0,0,100,0,0,0,0,0,107,4,9,3,8,10,10
"agent NegotiatingAgent #201",NegotiatingAgent,0.12,0,0.69,100,12,0,0,0,4,100,2,24,16,100,0,0,0,6,0,78,0,13,0,12,10,10
"agent NegotiatingAgent #202",NegotiatingAgent,0.05,0,0.69,100,4,0,0,0,3,100,2,8,9,100,0,0,0,0,0,48,0,6,1,5,10,10
"agent NegotiatingAgent #203",NegotiatingAgent,0.23,19,0.69,100,22,2,0,2,4,100,5,44,39,100,0,0,0,8,0,158,6,19,2,23,10,10
"agent NegotiatingAgent #204",NegotiatingAgent,0.2,7,0.69,100,24,1,0,1,2,100,8,49,48,100,0,0,0,6,0,102,4,15,3,20,10,10
"agent NegotiatingAgent #205",NegotiatingAgent,0.12,0,0.69,100,6,0,0,0,4,100,2,13,14,100,0,0,0,6,0,228,0,13,0,12,10,10
"agent NegotiatingAgent #206",NegotiatingAgent,0.31,26,0.69,100,15,2,0,2,8,100,10,35,35,100,0,0,0,8,0,113,5,19,1,31,10,10
"agent NegotiatingAgent #207",NegotiatingAgent,0.21,1,0.69,100,14,1,0,1,4,100,4,29,29,100,0,0,0,7,0,216,6,18,2,21,10,10
"agent NegotiatingAgent #208",NegotiatingAgent,0.08,0,0.69,100,8,0,0,0,2,100,2,16,17,100,0,0,0,0,0,94,4,9,3,8,10,10
"agent NegotiatingAgent #209",NegotiatingAgent,0.12,0,0.69,100,3,0,0,0,4,100,2,14,13,100,0,2,0,6,0,209,0,13,0,12,10,10
"agent NegotiatingAgent #210",NegotiatingAgent,0.05,0,0.69,100,4,0,0,0,3,100,2,8,9,100,0,0,0,0,0,42,0,6,1,5,10,10
"agent NegotiatingAgent #211",NegotiatingAgent,0.13,0,0.69,100,4,0,0,0,2,100,2,12,13,100,0,1,0,5,0,165,4,14,2,13,10,10
"agent NegotiatingAgent #212",NegotiatingAgent,0.2,18,0.69,100,5,1,0,1,2,100,8,21,19,100,0,3,0,6,0,239,4,15,3,20,10,10
"agent NegotiatingAgent #213",NegotiatingAgent,0.12,0,0.69,100,6,0,0,0,4,100,2,13,14,100,0,0,0,6,0,204,0,13,0,12,10,10
"agent NegotiatingAgent #214",NegotiatingAgent,0.31,28,0.69,100,21,2,0,2,8,100,10,48,38,100,0,0,0,8,0,162,5,19,1,31,10,10
"agent NegotiatingAgent #215",NegotiatingAgent,0.15,7,0.69,100,10,1,0,1,2,100,3,24,25,100,0,0,0,6,0,143,4,15,2,15,10,10
"agent NegotiatingAgent #216",NegotiatingAgent,0.08,0,0.69,100,2,0,0,0,2,100,2,7,7,100,0,1,0,0,0,83,4,9,3,8,10,10
"agent NegotiatingAgent #217",NegotiatingAgent,0.12,0,0.69,100,0,0,0,0,4,100,2,10,9,100,0,1,0,6,0,222,0,13,0,12,10,10
"agent NegotiatingAgent #218",NegotiatingAgent,0.05,0,0.69,100,0,0,0,0,3,100,2,4,3,100,0,1,0,0,0,39,0,6,1,5,10,10
"agent NegotiatingAgent #219",NegotiatingAgent,0.15,0,0.69,100,0,1,0,1,2,100,3,13,12,100,0,2,0,6,0,264,4,15,2,15,10,10
"agent NegotiatingAgent #220",NegotiatingAgent,0.16,0,0.69,100,8,1,0,1,4,100,4,18,19,100,0,0,0,2,0,144,6,13,3,16,10,10
"agent NegotiatingAgent #221",NegotiatingAgent,0.12,0,0.69,100,0,0,0,0,4,100,2,10,9,100,0,1,0,6,0,210,0,13,0,12,10,10
"agent NegotiatingAgent #222",NegotiatingAgent,0.31,0,0.69,100,0,2,0,2,8,100,10,24,28,100,1,2,0,8,0,211,5,19,1,31,10,10
"agent NegotiatingAgent #223",NegotiatingAgent,0.15,1,0.69,100,1,1,0,1,2,100,3,13,13,100,0,1,0,6,0,238,4,15,2,15,10,10
"agent NegotiatingAgent #224",NegotiatingAgent,0.08,0,0.69,100,0,0,0,0,2,100,2,7,6,100,0,1,0,0,0,74,4,9,3,8,10,10
"agent NegotiatingAgent #225",NegotiatingAgent,0.12,0,0.69,100,0,0,0,0,4,100,2,10,10,100,0,0,0,6,0,198,0,13,0,12,10,10
"agent NegotiatingAgent #226",NegotiatingAgent,0.05,0,0.69,100,0,0,0,0,3,100,2,4,3,100,0,1,0,0,0,33,0,6,1,5,10,10
"agent NegotiatingAgent #227",NegotiatingAgent,0.15,0,0.69,100,0,1,0,1,2,100,3,14,12,100,0,2,0,6,0,238,4,15,2,15,10,10
"agent NegotiatingAgent #228",NegotiatingAgent,0.08,0,0.69,100,0,0,0,0,2,100,2,7,6,100,0,1,0,0,0,66,4,9,3,8,10,10
"agent NegotiatingAgent #229",NegotiatingAgent,0.12,0,0.69,100,0,0,0,0,4,100,2,10,9,100,0,1,0,6,0,186,0,13,0,12,10,10
"agent NegotiatingAgent #230",NegotiatingAgent,0.31,16,0.69,100,8,2,0,2,8,100,10,38,34,100,0,1,0,8,0,138,5,19,1,31,10,10
"agent NegotiatingAgent #231",NegotiatingAgent,0.13,0,0.69,100,9,0,0,0,2,100,2,20,21,100,0,0,0,5,0,89,4,14,2,13,10,10
"agent NegotiatingAgent #232",NegotiatingAgent,0.16,0,0.69,100,4,1,0,1,4,100,4,18,19,100,0,0,0,2,0,138,6,13,3,16,10,10
"agent NegotiatingAgent #233",NegotiatingAgent,0.12,0,0.69,100,0,0,0,0,4,100,2,10,9,100,0,1,0,6,0,174,0,13,0,12,10,10
"agent NegotiatingAgent #234",NegotiatingAgent,0.11,0,0.69,100,0,1,0,1,4,100,4,10,8,100,0,2,0,2,0,81,1,9,1,11,10,10
"agent NegotiatingAgent #235",NegotiatingAgent,0.23,8,0.69,100,13,2,0,2,4,100,5,33,33,100,0,0,0,8,0,190,6,19,2,23,10,10
"agent NegotiatingAgent #236",NegotiatingAgent,0.2,0,0.69,100,0,1,0,1,2,100,8,18,18,100,0,0,0,6,0,159,4,15,3,20,10,10
"agent NegotiatingAgent #237",NegotiatingAgent,0.12,0,0.69,100,0,0,0,0,4,100,2,10,10,100,0,0,0,6,0,162,0,13,0,12,10,10
"agent NegotiatingAgent #238",NegotiatingAgent,0.25,2,0.69,100,11,1,0,1,7,100,8,32,32,100,0,1,0,6,0,144,4,16,1,25,10,10
"agent NegotiatingAgent #239",NegotiatingAgent,0.13,0,0.69,100,0,0,0,0,2,100,2,12,10,100,0,2,0,5,0,124,4,14,2,13,10,10
"agent NegotiatingAgent #240",NegotiatingAgent,0.2,0,0.69,100,0,1,0,1,2,100,8,18,16,100,0,2,0,6,0,136,4,15,3,20,10,10
"agent NegotiatingAgent #241",NegotiatingAgent,0.12,0,0.69,100,0,0,0,0,4,100,2,10,8,100,0,2,0,6,0,150,0,13,0,12,10,10
"agent NegotiatingAgent #242",NegotiatingAgent,0.25,0,0.69,100,10,1,0,1,7,100,8,27,25,100,0,1,0,6,0,120,4,16,1,25,10,10
"agent NegotiatingAgent #243",NegotiatingAgent,0.13,0,0.69,100,0,0,0,0,2,100,2,12,10,100,0,2,0,5,0,108,4,14,2,13,10,10
"agent NegotiatingAgent #244",NegotiatingAgent,0.2,0,0.69,100,0,1,0,1,2,100,8,18,17,100,0,1,0,6,0,113,4,15,3,20,10,10
"agent NegotiatingAgent #245",NegotiatingAgent,0.12,0,0.69,100,7,0,0,0,4,100,2,17,18,100,0,0,0,6,0,104,0,13,0,12,10,10
"agent NegotiatingAgent #246",NegotiatingAgent,0.05,0,0.69,100,0,0,0,0,3,100,2,4,4,100,0,0,0,0,0,22,0,6,1,5,10,10
"agent NegotiatingAgent #247",NegotiatingAgent,0.13,0,0.69,100,0,0,0,0,2,100,2,12,10,100,0,2,0,5,0,94,4,14,2,13,10,10
"agent NegotiatingAgent #248",NegotiatingAgent,0.08,0,0.69,100,0,0,0,0,2,100,2,7,7,100,0,0,0,0,0,48,4,9,3,8,10,10
"agent NegotiatingAgent #249",NegotiatingAgent,0.12,0,0.69,100,0,0,0,0,4,100,2,10,10,100,0,0,0,6,0,131,0,13,0,12,10,10
"agent NegotiatingAgent #250",NegotiatingAgent,0.25,0,0.69,100,0,1,0,1,7,100,8,23,19,100,0,4,0,6,0,207,4,16,1,25,10,10
"agent NegotiatingAgent #251",NegotiatingAgent,0.21,0,0.69,100,0,1,0,1,4,100,4,19,17,100,0,2,0,7,0,125,6,18,2,21,10,10
"agent NegotiatingAgent #252",NegotiatingAgent,0.28,6,0.69,100,6,2,0,2,4,100,10,32,31,100,0,2,0,8,0,126,6,19,3,28,10,10
"agent NegotiatingAgent #253",NegotiatingAgent,0.12,0,0.69,100,0,0,0,0,4,100,2,10,9,100,0,1,0,6,0,119,0,13,0,12,10,10
"agent NegotiatingAgent #254",NegotiatingAgent,0.11,3,0.69,100,3,1,0,1,4,100,4,12,13,100,0,0,0,2,0,62,1,9,1,11,10,10
"agent NegotiatingAgent #255",NegotiatingAgent,0.21,0,0.69,100,5,1,0,1,4,100,4,24,25,100,0,0,0,7,0,97,6,18,2,21,10,10
"agent NegotiatingAgent #256",NegotiatingAgent,0.16,0,0.69,100,0,1,0,1,4,100,4,14,12,100,0,2,0,2,0,106,6,13,3,16,10,10
"agent NegotiatingAgent #257",NegotiatingAgent,0.12,0,0.69,100,0,0,0,0,4,100,2,10,10,100,0,0,0,6,0,107,0,13,0,12,10,10
"agent NegotiatingAgent #258",NegotiatingAgent,0.25,0,0.69,100,0,1,0,1,7,100,8,23,20,100,0,3,0,6,0,170,4,16,1,25,10,10
"agent NegotiatingAgent #259",NegotiatingAgent,0.23,0,0.69,100,0,2,0,2,4,100,5,22,20,100,0,2,0,8,0,219,6,19,2,23,10,10
"agent NegotiatingAgent #260",NegotiatingAgent,0.16,0,0.69,100,8,1,0,1,4,100,4,23,23,100,0,0,0,2,0,96,6,13,3,16,10,10
"agent NegotiatingAgent #261",NegotiatingAgent,0.12,0,0.69,100,5,0,0,0,4,100,2,14,14,100,0,0,0,6,0,50,0,13,0,12,10,10
"agent NegotiatingAgent #262",NegotiatingAgent,0.11,0,0.69,100,2,1,0,1,4,100,4,9,9,100,0,1,0,2,0,60,1,9,1,11,10,10
"agent NegotiatingAgent #263",NegotiatingAgent,0.23,0,0.69,100,0,2,0,2,4,100,5,22,21,100,0,1,0,8,0,189,6,19,2,23,10,10
"agent NegotiatingAgent #264",NegotiatingAgent,0.16,0,0.69,100,0,1,0,1,4,100,4,14,13,100,0,1,0,2,0,80,6,13,3,16,10,10
"agent NegotiatingAgent #265",NegotiatingAgent,0.12,0,0.69,100,0,0,0,0,4,100,2,10,9,100,0,1,0,6,0,89,0,13,0,12,10,10
"agent NegotiatingAgent #266",NegotiatingAgent,0.25,0,0.69,100,0,1,0,1,7,100,8,23,22,100,0,1,0,6,0,126,4,16,1,25,10,10
"agent NegotiatingAgent #267",NegotiatingAgent,0.23,0,0.69,100,0,2,0,2,4,100,5,22,20,100,0,2,0,8,0,163,6,19,2,23,10,10
"agent NegotiatingAgent #268",NegotiatingAgent,0.28,0,0.69,100,4,2,0,2,4,100,10,31,30,100,0,2,0,8,0,101,6,19,3,28,10,10
"agent NegotiatingAgent #269",NegotiatingAgent,0.12,0,0.69,100,0,0,0,0,4,100,2,10,10,100,0,0,0,6,0,77,0,13,0,12,10,10
"agent NegotiatingAgent #270",NegotiatingAgent,0.31,0,0.69,100,0,2,0,2,8,100,10,30,26,100,0,4,0,8,0,77,5,19,1,31,10,10
"agent NegotiatingAgent #271",NegotiatingAgent,0.15,0,0.69,100,3,1,0,1,2,100,3,17,17,100,0,0,0,6,0,36,4,15,2,15,10,10
"agent NegotiatingAgent #272",NegotiatingAgent,0.2,0,0.69,100,3,1,0,1,2,100,8,20,20,100,0,1,0,6,0,66,4,15,3,20,10,10
"agent NegotiatingAgent #273",NegotiatingAgent,0.12,0,0.69,100,0,0,0,0,4,100,2,10,10,100,0,0,0,6,0,65,0,13,0,12,10,10
"agent NegotiatingAgent #274",NegotiatingAgent,0.11,0,0.69,100,0,1,0,1,4,100,4,10,10,100,0,0,0,2,0,36,1,9,1,11,10,10
"agent NegotiatingAgent #275",NegotiatingAgent,0.23,0,0.69,100,0,2,0,2,4,100,5,22,21,100,0,1,0,8,0,127,6,19,2,23,10,10
"agent NegotiatingAgent #276",NegotiatingAgent,0.28,0,0.69,100,3,2,0,2,4,100,10,29,29,100,0,0,0,8,0,41,6,19,3,28,10,10
"agent NegotiatingAgent #277",NegotiatingAgent,0.12,0,0.69,100,0,0,0,0,4,100,2,10,10,100,0,0,0,6,0,53,0,13,0,12,10,10
"agent NegotiatingAgent #278",NegotiatingAgent,0.31,6,0.69,100,3,2,0,2,8,100,10,31,30,100,0,0,0,8,0,38,5,19,1,31,10,10
"agent NegotiatingAgent #279",NegotiatingAgent,0.21,0,0.69,100,0,1,0,1,4,100,4,19,18,100,0,1,0,7,0,47,6,18,2,21,10,10
"agent NegotiatingAgent #280",NegotiatingAgent,0.2,0,0.69,100,0,1,0,1,2,100,8,18,17,100,0,1,0,6,0,28,4,15,3,20,10,10
"agent NegotiatingAgent #281",NegotiatingAgent,0.12,0,0.69,100,0,0,0,0,4,100,2,10,10,100,0,0,0,6,0,41,0,13,0,12,10,10
"agent NegotiatingAgent #282",NegotiatingAgent,0.11,0,0.69,100,0,1,0,1,4,100,4,10,10,100,0,0,0,2,0,17,1,9,1,11,10,10
"agent NegotiatingAgent #283",NegotiatingAgent,0.15,0,0.69,100,0,1,0,1,2,100,3,14,14,100,0,0,0,6,0,56,4,15,2,15,10,10
"agent NegotiatingAgent #284",NegotiatingAgent,0.16,0,0.69,100,0,1,0,1,4,100,4,14,13,100,0,1,0,2,0,48,6,13,3,16,10,10
"agent NegotiatingAgent #285",NegotiatingAgent,0.12,0,0.69,100,2,0,0,0,4,100,2,13,12,100,0,0,0,6,0,16,0,13,0,12,10,10
"agent NegotiatingAgent #286",NegotiatingAgent,0.25,0,0.69,100,0,1,0,1,7,100,8,23,22,100,0,1,0,6,0,48,4,16,1,25,10,10
"agent NegotiatingAgent #287",NegotiatingAgent,0.21,0,0.69,100,0,1,0,1,4,100,4,19,18,100,0,1,0,7,0,15,6,18,2,21,10,10
"agent NegotiatingAgent #288",NegotiatingAgent,0.28,0,0.69,100,0,2,0,2,4,100,10,27,26,100,0,1,0,8,0,9,6,19,3,28,10,10
"agent NegotiatingAgent #289",NegotiatingAgent,0.12,0,0.69,100,0,0,0,0,4,100,2,10,9,100,0,1,0,6,0,24,0,13,0,12,10,10
"agent NegotiatingAgent #290",NegotiatingAgent,0.05,0,0.69,100,0,0,0,0,3,100,2,4,4,100,0,0,0,0,0,3,0,6,1,5,10,10
"agent NegotiatingAgent #291",NegotiatingAgent,0.15,0,0.69,100,0,1,0,1,2,100,3,14,13,100,0,1,0,6,0,26,4,15,2,15,10,10
"agent NegotiatingAgent #292",NegotiatingAgent,0.16,0,0.69,100,0,1,0,1,4,100,4,14,14,100,0,0,0,2,0,25,6,13,3,16,10,10
"agent NegotiatingAgent #293",NegotiatingAgent,0.12,0,0.69,100,0,0,0,0,4,100,2,10,10,100,0,0,0,6,0,12,0,13,0,12,10,10
"agent NegotiatingAgent #294",NegotiatingAgent,0.25,0,0.69,100,0,1,0,1,7,100,8,23,22,100,0,1,0,6,0,15,4,16,1,25,10,10
"agent NegotiatingAgent #295",NegotiatingAgent,0.23,0,0.69,100,0,2,0,2,4,100,5,22,22,100,0,0,0,8,0,24,6,19,2,23,10,10
"agent NegotiatingAgent #296",NegotiatingAgent,0.08,0,0.69,100,0,0,0,0,2,100,2,7,7,100,0,0,0,0,0,5,4,9,3,8,10,10
"agent NegotiatingAgent #297",NegotiatingAgent,0.12,0,0.69,100,0,0,0,0,4,100,2,10,10,100,0,0,0,6,0,0,0,13,0,12,10,10
"agent NegotiatingAgent #298",NegotiatingAgent,0.11,0,0.69,100,0,1,0,1,4,100,4,10,9,100,0,1,0,2,0,1,1,9,1,11,10,10
"agent NegotiatingAgent #299",NegotiatingAgent,0.23,0,0.69,100,0,2,0,2,4,100,5,22,21,100,0,1,0,8,0,1,6,19,2,23,10,10
"agent NegotiatingAgent #300",NegotiatingAgent,0.16,0,0.69,100,0,1,0,1,4,100,4,14,14,100,0,0,0,2,0,0,6,13,3,16,10,10
