agentName,agentType,averageSpeed,cumulatedUtilityReceived,freeWallRatio,numBacktrackAgents,numCFPAnswered,numDeadends,numDifferentEncounters,numDirectionChanges,numDownSteps,numForwardAgents,numLeftSteps,numMessagesReceived,numMessagesSent,numNegotiatingAgents,numProposalsAccepted,numProposalsRejected,numRandomAgents,numRightSteps,numSwarmAgents,numTotalEncounters,numUpSteps,numVisitedCells,startingPosition,stepsToExit,xsize,ysize
"agent BacktrackAgent #1",BacktrackAgent,0.08,0,0.69,10,0,0,0,0,4,10,0,0,0,10,0,0,0,4,0,52,0,9,0,8,10,10
"agent BacktrackAgent #2",BacktrackAgent,0.11,0,0.69,10,0,1,0,1,4,10,4,0,0,10,0,0,0,2,0,43,1,9,1,11,10,10
"agent BacktrackAgent #3",BacktrackAgent,0.21,0,0.69,10,0,1,0,1,4,10,4,0,0,10,0,0,0,7,0,48,6,16,2,21,10,10
"agent BacktrackAgent #4",BacktrackAgent,0.16,0,0.69,10,0,1,0,1,4,10,4,0,0,10,0,0,0,2,0,49,6,11,3,16,10,10
"agent BacktrackAgent #5",BacktrackAgent,0.08,0,0.69,10,0,0,0,0,4,10,0,0,0,10,0,0,0,4,0,44,0,9,0,8,10,10
"agent BacktrackAgent #6",BacktrackAgent,0.11,0,0.69,10,0,1,0,1,4,10,4,0,0,10,0,0,0,2,0,29,1,9,1,11,10,10
"agent BacktrackAgent #7",BacktrackAgent,0.23,0,0.69,10,0,2,0,2,4,10,5,0,0,10,0,0,0,8,0,46,6,17,2,23,10,10
"agent BacktrackAgent #8",BacktrackAgent,0.16,0,0.69,10,0,1,0,1,4,10,4,0,0,10,0,0,0,2,0,32,6,11,3,16,10,10
"agent BacktrackAgent #9",BacktrackAgent,0.08,0,0.69,10,0,0,0,0,4,10,0,0,0,10,0,0,0,4,0,36,0,9,0,8,10,10
"agent BacktrackAgent #10",BacktrackAgent,0.05,0,0.69,10,0,0,0,0,3,10,2,0,0,10,0,0,0,0,0,25,0,6,1,5,10,10
"agent ForwardAgent #11",ForwardAgent,0.19,0,0.69,10,0,1,0,1,2,10,5,0,0,10,0,0,0,8,0,23,4,15,2,19,10,10
"agent ForwardAgent #12",ForwardAgent,0.16,0,0.69,10,0,1,0,1,4,10,4,0,0,10,0,0,0,2,0,16,6,11,3,16,10,10
"agent ForwardAgent #13",ForwardAgent,0.08,0,0.69,10,0,0,0,0,4,10,0,0,0,10,0,0,0,4,0,28,0,9,0,8,10,10
"agent ForwardAgent #14",ForwardAgent,0.05,0,0.69,10,0,0,0,0,3,10,2,0,0,10,0,0,0,0,0,15,0,6,1,5,10,10
"agent ForwardAgent #15",ForwardAgent,0.39,0,0.69,10,0,4,0,4,8,10,9,0,0,10,0,0,0,12,0,26,10,23,2,39,10,10
"agent ForwardAgent #16",ForwardAgent,0.64,0,0.69,10,0,4,0,4,12,10,20,0,0,10,0,0,0,18,0,42,14,23,3,64,10,10
"agent ForwardAgent #17",ForwardAgent,0.08,0,0.69,10,0,0,0,0,4,10,0,0,0,10,0,0,0,4,0,20,0,9,0,8,10,10
"agent ForwardAgent #18",ForwardAgent,0.55,0,0.69,10,0,5,0,5,14,10,16,0,0,10,0,0,0,14,0,23,11,23,1,55,10,10
"agent ForwardAgent #19",ForwardAgent,0.49,0,0.69,10,0,3,0,3,10,10,12,0,0,10,0,0,0,15,0,19,12,23,2,49,10,10
"agent ForwardAgent #20",ForwardAgent,0.04,0,0.69,10,0,0,0,0,0,10,2,0,0,10,0,0,0,0,0,4,2,5,3,4,10,10
"agent NegotiatingAgent #21",NegotiatingAgent,0.08,0,0.69,10,3,0,0,0,4,10,0,6,8,10,0,0,0,4,0,12,0,9,0,8,10,10
"agent NegotiatingAgent #22",NegotiatingAgent,0.11,0,0.69,10,2,1,0,1,4,10,4,2,6,10,0,0,0,2,0,3,1,9,1,11,10,10
"agent NegotiatingAgent #23",NegotiatingAgent,0.35,24,0.69,10,3,3,0,3,8,10,7,5,6,10,0,0,0,10,0,5,10,23,2,35,10,10
"agent NegotiatingAgent #24",NegotiatingAgent,0.4,0,0.69,10,1,3,0,3,8,10,12,7,7,10,2,1,0,10,0,2,10,23,3,40,10,10
"agent NegotiatingAgent #25",NegotiatingAgent,0.08,0,0.69,10,2,0,0,0,4,10,0,7,8,10,0,0,0,4,0,8,0,9,0,8,10,10
"agent NegotiatingAgent #26",NegotiatingAgent,0.05,0,0.69,10,2,0,0,0,3,10,2,3,6,10,0,0,0,0,0,5,0,6,1,5,10,10
"agent NegotiatingAgent #27",NegotiatingAgent,0.09,0,0.69,10,0,0,0,0,0,10,2,2,2,10,0,1,0,5,0,0,2,10,2,9,10,10
"agent NegotiatingAgent #28",NegotiatingAgent,0.16,0,0.69,10,1,1,0,1,4,10,4,7,6,10,0,2,0,2,0,1,6,11,3,16,10,10
"agent NegotiatingAgent #29",NegotiatingAgent,0.08,0,0.69,10,0,0,0,0,4,10,0,7,5,10,0,2,0,4,0,0,0,9,0,8,10,10
"agent NegotiatingAgent #30",NegotiatingAgent,0.05,0,0.69,10,0,0,0,0,3,10,2,4,3,10,0,1,0,0,0,0,0,6,1,5,10,10
