agentName,agentType,averageSpeed,cumulatedUtilityReceived,freeWallRatio,numBacktrackAgents,numCFPAnswered,numDeadends,numDifferentEncounters,numDirectionChanges,numDownSteps,numForwardAgents,numLeftSteps,numMessagesReceived,numMessagesSent,numNegotiatingAgents,numProposalsAccepted,numProposalsRejected,numRandomAgents,numRightSteps,numSwarmAgents,numTotalEncounters,numUpSteps,numVisitedCells,startingPosition,stepsToExit,xsize,ysize
"agent BacktrackAgent #1",BacktrackAgent,0.28,0,0.69,100,0,1,0,0,8,100,6,0,0,100,0,0,0,10,0,1530,4,29,0,28,10,10
"agent BacktrackAgent #2",BacktrackAgent,0.23,0,0.69,100,0,2,0,1,8,100,6,0,0,100,0,0,0,4,0,877,5,23,1,23,10,10
"agent BacktrackAgent #3",BacktrackAgent,0.11,0,0.69,100,0,1,0,0,2,100,1,0,0,100,0,0,0,4,0,324,4,12,2,11,10,10
"agent BacktrackAgent #4",BacktrackAgent,0.16,0,0.69,100,0,1,0,0,2,100,6,0,0,100,0,0,0,4,0,548,4,17,3,16,10,10
"agent BacktrackAgent #5",BacktrackAgent,0.32,0,0.69,100,0,2,0,1,10,100,6,0,0,100,0,0,0,10,0,1143,6,31,0,32,10,10
"agent BacktrackAgent #6",BacktrackAgent,0.39,0,0.69,100,0,3,0,2,10,100,12,0,0,100,0,0,0,10,0,1198,7,31,1,39,10,10
"agent BacktrackAgent #7",BacktrackAgent,0.49,0,0.69,100,0,3,0,2,10,100,12,0,0,100,0,0,0,15,0,1629,12,31,2,49,10,10
"agent BacktrackAgent #8",BacktrackAgent,0.16,0,0.69,100,0,1,0,0,2,100,6,0,0,100,0,0,0,4,0,424,4,17,3,16,10,10
"agent BacktrackAgent #9",BacktrackAgent,0.32,0,0.69,100,0,2,0,1,10,100,6,0,0,100,0,0,0,10,0,935,6,31,0,32,10,10
"agent BacktrackAgent #10",BacktrackAgent,0.39,0,0.69,100,0,3,0,2,10,100,12,0,0,100,0,0,0,10,0,1672,7,31,1,39,10,10
"agent BacktrackAgent #11",BacktrackAgent,0.11,0,0.69,100,0,1,0,0,2,100,1,0,0,100,0,0,0,4,0,360,4,12,2,11,10,10
"agent BacktrackAgent #12",BacktrackAgent,0.44,0,0.69,100,0,3,0,2,10,100,12,0,0,100,0,0,0,10,0,1890,12,31,3,44,10,10
"agent BacktrackAgent #13",BacktrackAgent,0.28,0,0.69,100,0,1,0,0,8,100,6,0,0,100,0,0,0,10,0,1572,4,29,0,28,10,10
"agent BacktrackAgent #14",BacktrackAgent,0.37,0,0.69,100,0,2,0,1,9,100,12,0,0,100,0,0,0,10,0,983,6,30,1,37,10,10
"agent BacktrackAgent #15",BacktrackAgent,0.49,0,0.69,100,0,3,0,2,10,100,12,0,0,100,0,0,0,15,0,2236,12,31,2,49,10,10
"agent BacktrackAgent #16",BacktrackAgent,0.44,0,0.69,100,0,3,0,2,10,100,12,0,0,100,0,0,0,10,0,1842,12,31,3,44,10,10
"agent BacktrackAgent #17",BacktrackAgent,0.32,0,0.69,100,0,2,0,1,10,100,6,0,0,100,0,0,0,10,0,1381,6,31,0,32,10,10
"agent BacktrackAgent #18",BacktrackAgent,0.37,0,0.69,100,0,2,0,1,9,100,12,0,0,100,0,0,0,10,0,942,6,30,1,37,10,10
"agent BacktrackAgent #19",BacktrackAgent,0.49,0,0.69,100,0,3,0,2,10,100,12,0,0,100,0,0,0,15,0,2182,12,31,2,49,10,10
"agent BacktrackAgent #20",BacktrackAgent,0.16,0,0.69,100,0,1,0,0,2,100,6,0,0,100,0,0,0,4,0,649,4,17,3,16,10,10
"agent BacktrackAgent #21",BacktrackAgent,0.32,0,0.69,100,0,2,0,1,10,100,6,0,0,100,0,0,0,10,0,1340,6,31,0,32,10,10
"agent BacktrackAgent #22",BacktrackAgent,0.21,0,0.69,100,0,1,0,0,7,100,6,0,0,100,0,0,0,4,0,400,4,22,1,21,10,10
"agent BacktrackAgent #23",BacktrackAgent,0.49,0,0.69,100,0,3,0,2,10,100,12,0,0,100,0,0,0,15,0,1974,12,31,2,49,10,10
"agent BacktrackAgent #24",BacktrackAgent,0.16,0,0.69,100,0,1,0,0,2,100,6,0,0,100,0,0,0,4,0,632,4,17,3,16,10,10
"agent BacktrackAgent #25",BacktrackAgent,0.28,0,0.69,100,0,1,0,0,8,100,6,0,0,100,0,0,0,10,0,1492,4,29,0,28,10,10
"agent BacktrackAgent #26",BacktrackAgent,0.39,0,0.69,100,0,3,0,2,10,100,12,0,0,100,0,0,0,10,0,1542,7,31,1,39,10,10
"agent BacktrackAgent #27",BacktrackAgent,0.49,0,0.69,100,0,3,0,2,10,100,12,0,0,100,0,0,0,15,0,1921,12,31,2,49,10,10
"agent BacktrackAgent #28",BacktrackAgent,0.44,0,0.69,100,0,3,0,2,10,100,12,0,0,100,0,0,0,10,0,1767,12,31,3,44,10,10
"agent BacktrackAgent #29",BacktrackAgent,0.28,0,0.69,100,0,1,0,0,8,100,6,0,0,100,0,0,0,10,0,1460,4,29,0,28,10,10
"agent BacktrackAgent #30",BacktrackAgent,0.39,0,0.69,100,0,3,0,2,10,100,12,0,0,100,0,0,0,10,0,1496,7,31,1,39,10,10
"agent BacktrackAgent #31",BacktrackAgent,0.11,0,0.69,100,0,1,0,0,2,100,1,0,0,100,0,0,0,4,0,345,4,12,2,11,10,10
"agent BacktrackAgent #32",BacktrackAgent,0.16,0,0.69,100,0,1,0,0,2,100,6,0,0,100,0,0,0,4,0,614,4,17,3,16,10,10
"agent BacktrackAgent #33",BacktrackAgent,0.28,0,0.69,100,0,1,0,0,8,100,6,0,0,100,0,0,0,10,0,1431,4,29,0,28,10,10
"agent BacktrackAgent #34",BacktrackAgent,0.39,0,0.69,100,0,3,0,2,10,100,12,0,0,100,0,0,0,10,0,1456,7,31,1,39,10,10
"agent BacktrackAgent #35",BacktrackAgent,0.49,0,0.69,100,0,3,0,2,10,100,12,0,0,100,0,0,0,15,0,2046,12,31,2,49,10,10
"agent BacktrackAgent #36",BacktrackAgent,0.16,0,0.69,100,0,1,0,0,2,100,6,0,0,100,0,0,0,4,0,597,4,17,3,16,10,10
"agent BacktrackAgent #37",BacktrackAgent,0.28,0,0.69,100,0,1,0,0,8,100,6,0,0,100,0,0,0,10,0,1401,4,29,0,28,10,10
"agent BacktrackAgent #38",BacktrackAgent,0.37,0,0.69,100,0,2,0,1,9,100,12,0,0,100,0,0,0,10,0,878,6,30,1,37,10,10
"agent BacktrackAgent #39",BacktrackAgent,0.11,0,0.69,100,0,1,0,0,2,100,1,0,0,100,0,0,0,4,0,333,4,12,2,11,10,10
"agent BacktrackAgent #40",BacktrackAgent,0.16,0,0.69,100,0,1,0,0,2,100,6,0,0,100,0,0,0,4,0,581,4,17,3,16,10,10
"agent BacktrackAgent #41",BacktrackAgent,0.32,0,0.69,100,0,2,0,1,10,100,6,0,0,100,0,0,0,10,0,1264,6,31,0,32,10,10
"agent BacktrackAgent #42",BacktrackAgent,0.37,0,0.69,100,0,2,0,1,9,100,12,0,0,100,0,0,0,10,0,840,6,30,1,37,10,10
"agent BacktrackAgent #43",BacktrackAgent,0.49,0,0.69,100,0,3,0,2,10,100,12,0,0,100,0,0,0,15,0,1988,12,31,2,49,10,10
"agent BacktrackAgent #44",BacktrackAgent,0.44,0,0.69,100,0,3,0,2,10,100,12,0,0,100,0,0,0,10,0,1672,12,31,3,44,10,10
"agent BacktrackAgent #45",BacktrackAgent,0.32,0,0.69,100,0,2,0,1,10,100,6,0,0,100,0,0,0,10,0,1229,6,31,0,32,10,10
"agent BacktrackAgent #46",BacktrackAgent,0.37,0,0.69,100,0,2,0,1,9,100,12,0,0,100,0,0,0,10,0,799,6,30,1,37,10,10
"agent BacktrackAgent #47",BacktrackAgent,0.11,0,0.69,100,0,1,0,0,2,100,1,0,0,100,0,0,0,4,0,311,4,12,2,11,10,10
"agent BacktrackAgent #48",BacktrackAgent,0.16,0,0.69,100,0,1,0,0,2,100,6,0,0,100,0,0,0,4,0,563,4,17,3,16,10,10
"agent BacktrackAgent #49",BacktrackAgent,0.32,0,0.69,100,0,2,0,1,10,100,6,0,0,100,0,0,0,10,0,1196,6,31,0,32,10,10
"agent BacktrackAgent #50",BacktrackAgent,0.21,0,0.69,100,0,1,0,0,7,100,6,0,0,100,0,0,0,4,0,360,4,22,1,21,10,10
"agent BacktrackAgent #51",BacktrackAgent,0.49,0,0.69,100,0,3,0,2,10,100,12,0,0,100,0,0,0,15,0,1927,12,31,2,49,10,10
"agent BacktrackAgent #52",BacktrackAgent,0.16,0,0.69,100,0,1,0,0,2,100,6,0,0,100,0,0,0,4,0,531,4,17,3,16,10,10
"agent BacktrackAgent #53",BacktrackAgent,0.28,0,0.69,100,0,1,0,0,8,100,6,0,0,100,0,0,0,10,0,1339,4,29,0,28,10,10
"agent BacktrackAgent #54",BacktrackAgent,0.37,0,0.69,100,0,2,0,1,9,100,12,0,0,100,0,0,0,10,0,756,6,30,1,37,10,10
"agent BacktrackAgent #55",BacktrackAgent,0.11,0,0.69,100,0,1,0,0,2,100,1,0,0,100,0,0,0,4,0,299,4,12,2,11,10,10
"agent BacktrackAgent #56",BacktrackAgent,0.16,0,0.69,100,0,1,0,0,2,100,6,0,0,100,0,0,0,4,0,515,4,17,3,16,10,10
"agent BacktrackAgent #57",BacktrackAgent,0.28,0,0.69,100,0,1,0,0,8,100,6,0,0,100,0,0,0,10,0,1310,4,29,0,28,10,10
"agent BacktrackAgent #58",BacktrackAgent,0.37,0,0.69,100,0,2,0,1,9,100,12,0,0,100,0,0,0,10,0,718,6,30,1,37,10,10
"agent BacktrackAgent #59",BacktrackAgent,0.49,0,0.69,100,0,3,0,2,10,100,12,0,0,100,0,0,0,15,0,1869,12,31,2,49,10,10
"agent BacktrackAgent #60",BacktrackAgent,0.44,0,0.69,100,0,3,0,2,10,100,12,0,0,100,0,0,0,10,0,1610,12,31,3,44,10,10
"agent BacktrackAgent #61",BacktrackAgent,0.28,0,0.69,100,0,1,0,0,8,100,6,0,0,100,0,0,0,10,0,1270,4,29,0,28,10,10
"agent BacktrackAgent #62",BacktrackAgent,0.23,0,0.69,100,0,2,0,1,8,100,6,0,0,100,0,0,0,4,0,798,5,23,1,23,10,10
"agent BacktrackAgent #63",BacktrackAgent,0.49,0,0.69,100,0,3,0,2,10,100,12,0,0,100,0,0,0,15,0,1813,12,31,2,49,10,10
"agent BacktrackAgent #64",BacktrackAgent,0.16,0,0.69,100,0,1,0,0,2,100,6,0,0,100,0,0,0,4,0,496,4,17,3,16,10,10
"agent BacktrackAgent #65",BacktrackAgent,0.32,0,0.69,100,0,2,0,1,10,100,6,0,0,100,0,0,0,10,0,1102,6,31,0,32,10,10
"agent BacktrackAgent #66",BacktrackAgent,0.21,0,0.69,100,0,1,0,0,7,100,6,0,0,100,0,0,0,4,0,327,4,22,1,21,10,10
"agent BacktrackAgent #67",BacktrackAgent,0.49,0,0.69,100,0,3,0,2,10,100,12,0,0,100,0,0,0,15,0,1760,12,31,2,49,10,10
"agent BacktrackAgent #68",BacktrackAgent,0.16,0,0.69,100,0,1,0,0,2,100,6,0,0,100,0,0,0,4,0,479,4,17,3,16,10,10
"agent BacktrackAgent #69",BacktrackAgent,0.32,0,0.69,100,0,2,0,1,10,100,6,0,0,100,0,0,0,10,0,1070,6,31,0,32,10,10
"agent BacktrackAgent #70",BacktrackAgent,0.37,0,0.69,100,0,2,0,1,9,100,12,0,0,100,0,0,0,10,0,665,6,30,1,37,10,10
"agent BacktrackAgent #71",BacktrackAgent,0.11,0,0.69,100,0,1,0,0,2,100,1,0,0,100,0,0,0,4,0,285,4,12,2,11,10,10
"agent BacktrackAgent #72",BacktrackAgent,0.44,0,0.69,100,0,3,0,2,10,100,12,0,0,100,0,0,0,10,0,1535,12,31,3,44,10,10
"agent BacktrackAgent #73",BacktrackAgent,0.28,0,0.69,100,0,1,0,0,8,100,6,0,0,100,0,0,0,10,0,1217,4,29,0,28,10,10
"agent BacktrackAgent #74",BacktrackAgent,0.39,0,0.69,100,0,3,0,2,10,100,12,0,0,100,0,0,0,10,0,1120,7,31,1,39,10,10
"agent BacktrackAgent #75",BacktrackAgent,0.49,0,0.69,100,0,3,0,2,10,100,12,0,0,100,0,0,0,15,0,1700,12,31,2,49,10,10
"agent BacktrackAgent #76",BacktrackAgent,0.44,0,0.69,100,0,3,0,2,10,100,12,0,0,100,0,0,0,10,0,1148,12,31,3,44,10,10
"agent BacktrackAgent #77",BacktrackAgent,0.28,0,0.69,100,0,1,0,0,8,100,6,0,0,100,0,0,0,10,0,1185,4,29,0,28,10,10
"agent BacktrackAgent #78",BacktrackAgent,0.23,0,0.69,100,0,2,0,1,8,100,6,0,0,100,0,0,0,4,0,736,5,23,1,23,10,10
"agent BacktrackAgent #79",BacktrackAgent,0.11,0,0.69,100,0,1,0,0,2,100,1,0,0,100,0,0,0,4,0,273,4,12,2,11,10,10
"agent BacktrackAgent #80",BacktrackAgent,0.16,0,0.69,100,0,1,0,0,2,100,6,0,0,100,0,0,0,4,0,458,4,17,3,16,10,10
"agent BacktrackAgent #81",BacktrackAgent,0.28,0,0.69,100,0,1,0,0,8,100,6,0,0,100,0,0,0,10,0,1155,4,29,0,28,10,10
"agent BacktrackAgent #82",BacktrackAgent,0.37,0,0.69,100,0,2,0,1,9,100,12,0,0,100,0,0,0,10,0,616,6,30,1,37,10,10
"agent BacktrackAgent #83",BacktrackAgent,0.49,0,0.69,100,0,3,0,2,10,100,12,0,0,100,0,0,0,15,0,1578,12,31,2,49,10,10
"agent BacktrackAgent #84",BacktrackAgent,0.44,0,0.69,100,0,3,0,2,10,100,12,0,0,100,0,0,0,10,0,1431,12,31,3,44,10,10
"agent BacktrackAgent #85",BacktrackAgent,0.32,0,0.69,100,0,2,0,1,10,100,6,0,0,100,0,0,0,10,0,998,6,31,0,32,10,10
"agent BacktrackAgent #86",BacktrackAgent,0.37,0,0.69,100,0,2,0,1,9,100,12,0,0,100,0,0,0,10,0,575,6,30,1,37,10,10
"agent BacktrackAgent #87",BacktrackAgent,0.49,0,0.69,100,0,3,0,2,10,100,12,0,0,100,0,0,0,15,0,1477,12,31,2,49,10,10
"agent BacktrackAgent #88",BacktrackAgent,0.16,0,0.69,100,0,1,0,0,2,100,6,0,0,100,0,0,0,4,0,439,4,17,3,16,10,10
"agent BacktrackAgent #89",BacktrackAgent,0.28,0,0.69,100,0,1,0,0,8,100,6,0,0,100,0,0,0,10,0,1112,4,29,0,28,10,10
"agent BacktrackAgent #90",BacktrackAgent,0.21,0,0.69,100,0,1,0,0,7,100,6,0,0,100,0,0,0,4,0,286,4,22,1,21,10,10
"agent BacktrackAgent #91",BacktrackAgent,0.11,0,0.69,100,0,1,0,0,2,100,1,0,0,100,0,0,0,4,0,260,4,12,2,11,10,10
"agent BacktrackAgent #92",BacktrackAgent,0.44,0,0.69,100,0,3,0,2,10,100,12,0,0,100,0,0,0,10,0,1379,12,31,3,44,10,10
"agent BacktrackAgent #93",BacktrackAgent,0.28,0,0.69,100,0,1,0,0,8,100,6,0,0,100,0,0,0,10,0,1082,4,29,0,28,10,10
"agent BacktrackAgent #94",BacktrackAgent,0.23,0,0.69,100,0,2,0,1,8,100,6,0,0,100,0,0,0,4,0,679,5,23,1,23,10,10
"agent BacktrackAgent #95",BacktrackAgent,0.49,0,0.69,100,0,3,0,2,10,100,12,0,0,100,0,0,0,15,0,1479,12,31,2,49,10,10
"agent BacktrackAgent #96",BacktrackAgent,0.16,0,0.69,100,0,1,0,0,2,100,6,0,0,100,0,0,0,4,0,406,4,17,3,16,10,10
"agent BacktrackAgent #97",BacktrackAgent,0.28,0,0.69,100,0,1,0,0,8,100,6,0,0,100,0,0,0,10,0,1053,4,29,0,28,10,10
"agent BacktrackAgent #98",BacktrackAgent,0.37,0,0.69,100,0,2,0,1,9,100,12,0,0,100,0,0,0,10,0,527,6,30,1,37,10,10
"agent BacktrackAgent #99",BacktrackAgent,0.11,0,0.69,100,0,1,0,0,2,100,1,0,0,100,0,0,0,4,0,248,4,12,2,11,10,10
"agent BacktrackAgent #100",BacktrackAgent,0.16,0,0.69,100,0,1,0,0,2,100,6,0,0,100,0,0,0,4,0,661,4,17,3,16,10,10
"agent ForwardAgent #101",ForwardAgent,0.28,0,0.69,100,0,1,0,0,8,100,6,0,0,100,0,0,0,10,0,1016,4,29,0,28,10,10
"agent ForwardAgent #102",ForwardAgent,0.39,0,0.69,100,0,3,0,2,10,100,12,0,0,100,0,0,0,10,0,938,7,31,1,39,10,10
"agent ForwardAgent #103",ForwardAgent,0.49,0,0.69,100,0,3,0,2,10,100,12,0,0,100,0,0,0,15,0,1420,12,31,2,49,10,10
"agent ForwardAgent #104",ForwardAgent,0.28,0,0.69,100,0,2,0,1,8,100,6,0,0,100,0,0,0,4,0,802,10,23,3,28,10,10
"agent ForwardAgent #105",ForwardAgent,0.28,0,0.69,100,0,1,0,0,8,100,6,0,0,100,0,0,0,10,0,965,4,29,0,28,10,10
"agent ForwardAgent #106",ForwardAgent,0.41,0,0.69,100,0,3,0,2,11,100,12,0,0,100,0,0,0,10,0,714,8,31,1,41,10,10
"agent ForwardAgent #107",ForwardAgent,0.11,0,0.69,100,0,1,0,0,2,100,1,0,0,100,0,0,0,4,0,236,4,12,2,11,10,10
"agent ForwardAgent #108",ForwardAgent,0.16,0,0.69,100,0,1,0,0,2,100,6,0,0,100,0,0,0,4,0,388,4,17,3,16,10,10
"agent ForwardAgent #109",ForwardAgent,0.48,0,0.69,100,0,3,0,2,12,100,12,0,0,100,0,0,0,16,0,990,8,31,0,48,10,10
"agent ForwardAgent #110",ForwardAgent,0.81,0,0.69,100,0,7,0,6,19,100,24,0,0,100,0,0,0,22,0,615,16,31,1,81,10,10
"agent ForwardAgent #111",ForwardAgent,0.11,0,0.69,100,0,1,0,0,2,100,1,0,0,100,0,0,0,4,0,225,4,12,2,11,10,10
"agent ForwardAgent #112",ForwardAgent,0.44,0,0.69,100,0,3,0,2,10,100,12,0,0,100,0,0,0,10,0,1290,12,31,3,44,10,10
"agent ForwardAgent #113",ForwardAgent,0.28,0,0.69,100,0,1,0,0,8,100,6,0,0,100,0,0,0,10,0,924,4,29,0,28,10,10
"agent ForwardAgent #114",ForwardAgent,0.21,0,0.69,100,0,1,0,0,7,100,6,0,0,100,0,0,0,4,0,250,4,22,1,21,10,10
"agent ForwardAgent #115",ForwardAgent,0.65,0,0.69,100,0,4,0,3,12,100,18,0,0,100,0,0,0,21,0,1034,14,31,2,65,10,10
"agent ForwardAgent #116",ForwardAgent,0.8,0,0.69,100,0,6,0,5,16,100,24,0,0,100,0,0,0,22,0,1051,18,31,3,80,10,10
"agent ForwardAgent #117",ForwardAgent,0.28,0,0.69,100,0,1,0,0,8,100,6,0,0,100,0,0,0,10,0,893,4,29,0,28,10,10
"agent ForwardAgent #118",ForwardAgent,0.59,0,0.69,100,0,5,0,4,14,100,18,0,0,100,0,0,0,16,0,815,11,31,1,59,10,10
"agent ForwardAgent #119",ForwardAgent,0.11,0,0.69,100,0,1,0,0,2,100,1,0,0,100,0,0,0,4,0,213,4,12,2,11,10,10
"agent ForwardAgent #120",ForwardAgent,0.44,0,0.69,100,0,3,0,2,10,100,12,0,0,100,0,0,0,10,0,1194,12,31,3,44,10,10
"agent ForwardAgent #121",ForwardAgent,0.48,0,0.69,100,0,3,0,2,12,100,12,0,0,100,0,0,0,16,0,903,8,31,0,48,10,10
"agent ForwardAgent #122",ForwardAgent,0.23,0,0.69,100,0,2,0,1,8,100,6,0,0,100,0,0,0,4,0,608,5,23,1,23,10,10
"agent ForwardAgent #123",ForwardAgent,0.11,0,0.69,100,0,1,0,0,2,100,1,0,0,100,0,0,0,4,0,202,4,12,2,11,10,10
"agent ForwardAgent #124",ForwardAgent,0.16,0,0.69,100,0,1,0,0,2,100,6,0,0,100,0,0,0,4,0,368,4,17,3,16,10,10
"agent ForwardAgent #125",ForwardAgent,0.32,0,0.69,100,0,2,0,1,10,100,6,0,0,100,0,0,0,10,0,829,6,31,0,32,10,10
"agent ForwardAgent #126",ForwardAgent,0.23,0,0.69,100,0,2,0,1,8,100,6,0,0,100,0,0,0,4,0,585,5,23,1,23,10,10
"agent ForwardAgent #127",ForwardAgent,0.49,0,0.69,100,0,3,0,2,10,100,12,0,0,100,0,0,0,15,0,1208,12,31,2,49,10,10
"agent ForwardAgent #128",ForwardAgent,0.16,0,0.69,100,0,1,0,0,2,100,6,0,0,100,0,0,0,4,0,351,4,17,3,16,10,10
"agent ForwardAgent #129",ForwardAgent,0.28,0,0.69,100,0,1,0,0,8,100,6,0,0,100,0,0,0,10,0,843,4,29,0,28,10,10
"agent ForwardAgent #130",ForwardAgent,0.39,0,0.69,100,0,3,0,2,10,100,12,0,0,100,0,0,0,10,0,812,7,31,1,39,10,10
"agent ForwardAgent #131",ForwardAgent,0.45,0,0.69,100,0,2,0,1,8,100,12,0,0,100,0,0,0,15,0,1176,10,29,2,45,10,10
"agent ForwardAgent #132",ForwardAgent,0.84,0,0.69,100,0,7,0,6,18,100,24,0,0,100,0,0,0,22,0,893,20,31,3,84,10,10
"agent ForwardAgent #133",ForwardAgent,0.28,0,0.69,100,0,1,0,0,8,100,6,0,0,100,0,0,0,10,0,811,4,29,0,28,10,10
"agent ForwardAgent #134",ForwardAgent,0.21,0,0.69,100,0,1,0,0,7,100,6,0,0,100,0,0,0,4,0,216,4,22,1,21,10,10
"agent ForwardAgent #135",ForwardAgent,0.49,0,0.69,100,0,3,0,2,10,100,12,0,0,100,0,0,0,15,0,1196,12,31,2,49,10,10
"agent ForwardAgent #136",ForwardAgent,0.16,0,0.69,100,0,1,0,0,2,100,6,0,0,100,0,0,0,4,0,332,4,17,3,16,10,10
"agent ForwardAgent #137",ForwardAgent,0.32,0,0.69,100,0,2,0,1,10,100,6,0,0,100,0,0,0,10,0,775,6,31,0,32,10,10
"agent ForwardAgent #138",ForwardAgent,0.23,0,0.69,100,0,2,0,1,8,100,6,0,0,100,0,0,0,4,0,530,5,23,1,23,10,10
"agent ForwardAgent #139",ForwardAgent,0.11,0,0.69,100,0,1,0,0,2,100,1,0,0,100,0,0,0,4,0,188,4,12,2,11,10,10
"agent ForwardAgent #140",ForwardAgent,0.64,0,0.69,100,0,5,0,4,14,100,18,0,0,100,0,0,0,16,0,854,16,31,3,64,10,10
"agent ForwardAgent #141",ForwardAgent,0.28,0,0.69,100,0,1,0,0,8,100,6,0,0,100,0,0,0,10,0,771,4,29,0,28,10,10
"agent ForwardAgent #142",ForwardAgent,0.23,0,0.69,100,0,2,0,1,8,100,6,0,0,100,0,0,0,4,0,506,5,23,1,23,10,10
"agent ForwardAgent #143",ForwardAgent,0.11,0,0.69,100,0,1,0,0,2,100,1,0,0,100,0,0,0,4,0,177,4,12,2,11,10,10
"agent ForwardAgent #144",ForwardAgent,0.16,0,0.69,100,0,1,0,0,2,100,6,0,0,100,0,0,0,4,0,315,4,17,3,16,10,10
"agent ForwardAgent #145",ForwardAgent,0.52,0,0.69,100,0,4,0,3,14,100,12,0,0,100,0,0,0,16,0,784,10,31,0,52,10,10
"agent ForwardAgent #146",ForwardAgent,0.23,0,0.69,100,0,2,0,1,8,100,6,0,0,100,0,0,0,4,0,483,5,23,1,23,10,10
"agent ForwardAgent #147",ForwardAgent,0.49,0,0.69,100,0,3,0,2,10,100,12,0,0,100,0,0,0,15,0,1066,12,31,2,49,10,10
"agent ForwardAgent #148",ForwardAgent,0.28,0,0.69,100,0,2,0,1,8,100,6,0,0,100,0,0,0,4,0,594,10,23,3,28,10,10
"agent ForwardAgent #149",ForwardAgent,0.28,0,0.69,100,0,1,0,0,8,100,6,0,0,100,0,0,0,10,0,712,4,29,0,28,10,10
"agent ForwardAgent #150",ForwardAgent,0.41,0,0.69,100,0,3,0,2,11,100,12,0,0,100,0,0,0,10,0,580,8,31,1,41,10,10
"agent ForwardAgent #151",ForwardAgent,0.45,0,0.69,100,0,2,0,1,8,100,12,0,0,100,0,0,0,15,0,1068,10,29,2,45,10,10
"agent ForwardAgent #152",ForwardAgent,0.4,0,0.69,100,0,2,0,1,8,100,12,0,0,100,0,0,0,10,0,801,10,29,3,40,10,10
"agent ForwardAgent #153",ForwardAgent,0.28,0,0.69,100,0,1,0,0,8,100,6,0,0,100,0,0,0,10,0,680,4,29,0,28,10,10
"agent ForwardAgent #154",ForwardAgent,0.23,0,0.69,100,0,2,0,1,8,100,6,0,0,100,0,0,0,4,0,451,5,23,1,23,10,10
"agent ForwardAgent #155",ForwardAgent,0.49,0,0.69,100,0,3,0,2,10,100,12,0,0,100,0,0,0,15,0,1063,12,31,2,49,10,10
"agent ForwardAgent #156",ForwardAgent,0.16,0,0.69,100,0,1,0,0,2,100,6,0,0,100,0,0,0,4,0,294,4,17,3,16,10,10
"agent ForwardAgent #157",ForwardAgent,0.32,0,0.69,100,0,2,0,1,10,100,6,0,0,100,0,0,0,10,0,695,6,31,0,32,10,10
"agent ForwardAgent #158",ForwardAgent,0.43,0,0.69,100,0,4,0,3,12,100,12,0,0,100,0,0,0,10,0,631,9,31,1,43,10,10
"agent ForwardAgent #159",ForwardAgent,0.11,0,0.69,100,0,1,0,0,2,100,1,0,0,100,0,0,0,4,0,163,4,12,2,11,10,10
"agent ForwardAgent #160",ForwardAgent,0.6,0,0.69,100,0,4,0,3,12,100,18,0,0,100,0,0,0,16,0,730,14,31,3,60,10,10
"agent ForwardAgent #161",ForwardAgent,0.28,0,0.69,100,0,1,0,0,8,100,6,0,0,100,0,0,0,10,0,639,4,29,0,28,10,10
"agent ForwardAgent #162",ForwardAgent,0.23,0,0.69,100,0,2,0,1,8,100,6,0,0,100,0,0,0,4,0,421,5,23,1,23,10,10
"agent ForwardAgent #163",ForwardAgent,0.11,0,0.69,100,0,1,0,0,2,100,1,0,0,100,0,0,0,4,0,152,4,12,2,11,10,10
"agent ForwardAgent #164",ForwardAgent,0.16,0,0.69,100,0,1,0,0,2,100,6,0,0,100,0,0,0,4,0,277,4,17,3,16,10,10
"agent ForwardAgent #165",ForwardAgent,0.48,0,0.69,100,0,3,0,2,12,100,12,0,0,100,0,0,0,16,0,695,8,31,0,48,10,10
"agent ForwardAgent #166",ForwardAgent,0.39,0,0.69,100,0,3,0,2,10,100,12,0,0,100,0,0,0,10,0,686,7,31,1,39,10,10
"agent ForwardAgent #167",ForwardAgent,0.33,0,0.69,100,0,2,0,1,8,100,6,0,0,100,0,0,0,9,0,660,10,23,2,33,10,10
"agent ForwardAgent #168",ForwardAgent,0.16,0,0.69,100,0,1,0,0,2,100,6,0,0,100,0,0,0,4,0,260,4,17,3,16,10,10
"agent ForwardAgent #169",ForwardAgent,0.48,0,0.69,100,0,3,0,2,12,100,12,0,0,100,0,0,0,16,0,644,8,31,0,48,10,10
"agent ForwardAgent #170",ForwardAgent,0.23,0,0.69,100,0,2,0,1,8,100,6,0,0,100,0,0,0,4,0,392,5,23,1,23,10,10
"agent ForwardAgent #171",ForwardAgent,0.11,0,0.69,100,0,1,0,0,2,100,1,0,0,100,0,0,0,4,0,140,4,12,2,11,10,10
"agent ForwardAgent #172",ForwardAgent,0.16,0,0.69,100,0,1,0,0,2,100,6,0,0,100,0,0,0,4,0,244,4,17,3,16,10,10
"agent ForwardAgent #173",ForwardAgent,0.28,0,0.69,100,0,1,0,0,8,100,6,0,0,100,0,0,0,10,0,591,4,29,0,28,10,10
"agent ForwardAgent #174",ForwardAgent,0.37,0,0.69,100,0,2,0,1,9,100,12,0,0,100,0,0,0,10,0,360,6,30,1,37,10,10
"agent ForwardAgent #175",ForwardAgent,0.11,0,0.69,100,0,1,0,0,2,100,1,0,0,100,0,0,0,4,0,129,4,12,2,11,10,10
"agent ForwardAgent #176",ForwardAgent,0.16,0,0.69,100,0,1,0,0,2,100,6,0,0,100,0,0,0,4,0,228,4,17,3,16,10,10
"agent ForwardAgent #177",ForwardAgent,0.48,0,0.69,100,0,3,0,2,12,100,12,0,0,100,0,0,0,16,0,585,8,31,0,48,10,10
"agent ForwardAgent #178",ForwardAgent,0.23,0,0.69,100,0,2,0,1,8,100,6,0,0,100,0,0,0,4,0,366,5,23,1,23,10,10
"agent ForwardAgent #179",ForwardAgent,0.49,0,0.69,100,0,3,0,2,10,100,12,0,0,100,0,0,0,15,0,910,12,31,2,49,10,10
"agent ForwardAgent #180",ForwardAgent,0.44,0,0.69,100,0,3,0,2,10,100,12,0,0,100,0,0,0,10,0,906,12,31,3,44,10,10
"agent ForwardAgent #181",ForwardAgent,0.32,0,0.69,100,0,2,0,1,10,100,6,0,0,100,0,0,0,10,0,598,6,31,0,32,10,10
"agent ForwardAgent #182",ForwardAgent,0.41,0,0.69,100,0,3,0,2,11,100,12,0,0,100,0,0,0,10,0,447,8,31,1,41,10,10
"agent ForwardAgent #183",ForwardAgent,0.11,0,0.69,100,0,1,0,0,2,100,1,0,0,100,0,0,0,4,0,117,4,12,2,11,10,10
"agent ForwardAgent #184",ForwardAgent,0.16,0,0.69,100,0,1,0,0,2,100,6,0,0,100,0,0,0,4,0,210,4,17,3,16,10,10
"agent ForwardAgent #185",ForwardAgent,0.28,0,0.69,100,0,1,0,0,8,100,6,0,0,100,0,0,0,10,0,540,4,29,0,28,10,10
"agent ForwardAgent #186",ForwardAgent,0.23,0,0.69,100,0,2,0,1,8,100,6,0,0,100,0,0,0,4,0,337,5,23,1,23,10,10
"agent ForwardAgent #187",ForwardAgent,0.53,0,0.69,100,0,4,0,3,12,100,12,0,0,100,0,0,0,15,0,599,14,31,2,53,10,10
"agent ForwardAgent #188",ForwardAgent,0.16,0,0.69,100,0,1,0,0,2,100,6,0,0,100,0,0,0,4,0,193,4,17,3,16,10,10
"agent ForwardAgent #189",ForwardAgent,0.32,0,0.69,100,0,2,0,1,10,100,6,0,0,100,0,0,0,10,0,555,6,31,0,32,10,10
"agent ForwardAgent #190",ForwardAgent,0.57,0,0.69,100,0,4,0,3,13,100,18,0,0,100,0,0,0,16,0,372,10,31,1,57,10,10
"agent ForwardAgent #191",ForwardAgent,0.11,0,0.69,100,0,1,0,0,2,100,1,0,0,100,0,0,0,4,0,105,4,12,2,11,10,10
"agent ForwardAgent #192",ForwardAgent,0.16,0,0.69,100,0,1,0,0,2,100,6,0,0,100,0,0,0,4,0,177,4,17,3,16,10,10
"agent ForwardAgent #193",ForwardAgent,0.28,0,0.69,100,0,1,0,0,8,100,6,0,0,100,0,0,0,10,0,501,4,29,0,28,10,10
"agent ForwardAgent #194",ForwardAgent,0.23,0,0.69,100,0,2,0,1,8,100,6,0,0,100,0,0,0,4,0,309,5,23,1,23,10,10
"agent ForwardAgent #195",ForwardAgent,0.33,0,0.69,100,0,2,0,1,8,100,6,0,0,100,0,0,0,9,0,524,10,23,2,33,10,10
"agent ForwardAgent #196",ForwardAgent,0.44,0,0.69,100,0,3,0,2,10,100,12,0,0,100,0,0,0,10,0,844,12,31,3,44,10,10
"agent ForwardAgent #197",ForwardAgent,0.28,0,0.69,100,0,1,0,0,8,100,6,0,0,100,0,0,0,10,0,470,4,29,0,28,10,10
"agent ForwardAgent #198",ForwardAgent,0.37,0,0.69,100,0,2,0,1,9,100,12,0,0,100,0,0,0,10,0,271,6,30,1,37,10,10
"agent ForwardAgent #199",ForwardAgent,0.33,0,0.69,100,0,2,0,1,8,100,6,0,0,100,0,0,0,9,0,490,10,23,2,33,10,10
"agent ForwardAgent #200",ForwardAgent,0.16,0,0.69,100,0,1,0,0,2,100,6,0,0,100,0,0,0,4,0,158,4,17,3,16,10,10
"agent NegotiatingAgent #201",NegotiatingAgent,0.28,2,0.69,100,28,1,0,0,8,100,6,56,57,100,0,0,0,10,0,289,4,29,0,28,10,10
"agent NegotiatingAgent #202",NegotiatingAgent,0.37,18,0.69,100,37,2,0,1,9,100,12,76,70,100,0,0,0,10,0,205,6,30,1,37,10,10
"agent NegotiatingAgent #203",NegotiatingAgent,0.49,156,0.69,100,47,3,0,2,10,100,12,94,70,100,0,0,0,15,0,143,12,31,2,49,10,10
"agent NegotiatingAgent #204",NegotiatingAgent,0.16,0,0.69,100,11,1,0,0,2,100,6,24,24,100,0,1,0,4,0,118,4,17,3,16,10,10
"agent NegotiatingAgent #205",NegotiatingAgent,0.32,6,0.69,100,23,2,0,1,10,100,6,50,50,100,0,1,0,10,0,428,6,31,0,32,10,10
"agent NegotiatingAgent #206",NegotiatingAgent,0.21,1,0.69,100,20,1,0,0,7,100,6,40,41,100,0,0,0,4,0,129,4,22,1,21,10,10
"agent NegotiatingAgent #207",NegotiatingAgent,0.11,0,0.69,100,11,1,0,0,2,100,1,22,23,100,0,0,0,4,0,71,4,12,2,11,10,10
"agent NegotiatingAgent #208",NegotiatingAgent,0.16,0,0.69,100,15,1,0,0,2,100,6,32,32,100,0,0,0,4,0,103,4,17,3,16,10,10
"agent NegotiatingAgent #209",NegotiatingAgent,0.28,0,0.69,100,26,1,0,0,8,100,6,55,56,100,0,0,0,10,0,242,4,29,0,28,10,10
"agent NegotiatingAgent #210",NegotiatingAgent,0.21,6,0.69,100,10,1,0,0,7,100,6,26,23,100,0,1,0,4,0,152,4,22,1,21,10,10
"agent NegotiatingAgent #211",NegotiatingAgent,0.11,0,0.69,100,10,1,0,0,2,100,1,21,19,100,0,0,0,4,0,54,4,12,2,11,10,10
"agent NegotiatingAgent #212",NegotiatingAgent,0.16,0,0.69,100,0,1,0,0,2,100,6,13,12,100,0,2,0,4,0,119,4,17,3,16,10,10
"agent NegotiatingAgent #213",NegotiatingAgent,0.32,26,0.69,100,13,2,0,1,10,100,6,38,38,100,0,2,0,10,0,354,6,31,0,32,10,10
"agent NegotiatingAgent #214",NegotiatingAgent,0.39,40,0.69,100,43,3,0,2,10,100,12,88,67,100,0,0,0,10,0,183,7,31,1,39,10,10
"agent NegotiatingAgent #215",NegotiatingAgent,0.11,0,0.69,100,4,1,0,0,2,100,1,13,14,100,0,1,0,4,0,77,4,12,2,11,10,10
"agent NegotiatingAgent #216",NegotiatingAgent,0.44,10,0.69,100,32,3,0,2,10,100,12,70,70,100,0,0,0,10,0,394,12,31,3,44,10,10
"agent NegotiatingAgent #217",NegotiatingAgent,0.32,8,0.69,100,4,2,0,1,10,100,6,37,34,100,3,2,0,10,0,361,6,31,0,32,10,10
"agent NegotiatingAgent #218",NegotiatingAgent,0.37,137,0.69,100,30,2,0,1,9,100,12,70,66,100,0,2,0,10,0,250,6,30,1,37,10,10
"agent NegotiatingAgent #219",NegotiatingAgent,0.49,22,0.69,100,19,3,0,2,10,100,12,64,62,100,0,2,0,15,0,313,12,31,2,49,10,10
"agent NegotiatingAgent #220",NegotiatingAgent,0.16,0,0.69,100,0,1,0,0,2,100,6,14,12,100,0,2,0,4,0,97,4,17,3,16,10,10
"agent NegotiatingAgent #221",NegotiatingAgent,0.28,2,0.69,100,14,1,0,0,8,100,6,41,40,100,0,0,0,10,0,266,4,29,0,28,10,10
"agent NegotiatingAgent #222",NegotiatingAgent,0.39,16,0.69,100,21,3,0,2,10,100,12,55,54,100,0,1,0,10,0,415,7,31,1,39,10,10
"agent NegotiatingAgent #223",NegotiatingAgent,0.49,2,0.69,100,12,3,0,2,10,100,12,56,49,100,0,2,0,15,0,373,12,31,2,49,10,10
"agent NegotiatingAgent #224",NegotiatingAgent,0.44,17,0.69,100,27,3,0,2,10,100,12,64,59,100,0,0,0,10,0,202,12,31,3,44,10,10
"agent NegotiatingAgent #225",NegotiatingAgent,0.32,0,0.69,100,0,2,0,1,10,100,6,30,27,100,1,3,0,10,0,411,6,31,0,32,10,10
"agent NegotiatingAgent #226",NegotiatingAgent,0.39,14,0.69,100,17,3,0,2,10,100,12,51,52,100,0,0,0,10,0,385,7,31,1,39,10,10
"agent NegotiatingAgent #227",NegotiatingAgent,0.49,30,0.69,100,24,3,0,2,10,100,12,69,52,100,0,1,0,15,0,211,12,31,2,49,10,10
"agent NegotiatingAgent #228",NegotiatingAgent,0.44,0,0.69,100,0,3,0,2,10,100,12,42,38,100,0,4,0,10,0,554,12,31,3,44,10,10
"agent NegotiatingAgent #229",NegotiatingAgent,0.32,0,0.69,100,0,2,0,1,10,100,6,33,31,100,1,2,0,10,0,365,6,31,0,32,10,10
"agent NegotiatingAgent #230",NegotiatingAgent,0.23,0,0.69,100,0,2,0,1,8,100,6,22,20,100,0,2,0,4,0,207,5,23,1,23,10,10
"agent NegotiatingAgent #231",NegotiatingAgent,0.11,0,0.69,100,3,1,0,0,2,100,1,13,12,100,0,1,0,4,0,59,4,12,2,11,10,10
"agent NegotiatingAgent #232",NegotiatingAgent,0.44,0,0.69,100,0,3,0,2,10,100,12,42,37,100,0,5,0,10,0,507,12,31,3,44,10,10
"agent NegotiatingAgent #233",NegotiatingAgent,0.28,0,0.69,100,0,1,0,0,8,100,6,26,26,100,0,1,0,10,0,343,4,29,0,28,10,10
"agent NegotiatingAgent #234",NegotiatingAgent,0.23,0,0.69,100,0,2,0,1,8,100,6,22,19,100,0,3,0,4,0,183,5,23,1,23,10,10
"agent NegotiatingAgent #235",NegotiatingAgent,0.49,0,0.69,100,0,3,0,2,10,100,12,50,44,100,1,6,0,15,0,469,12,31,2,49,10,10
"agent NegotiatingAgent #236",NegotiatingAgent,0.16,0,0.69,100,0,1,0,0,2,100,6,13,14,100,0,0,0,4,0,71,4,17,3,16,10,10
"agent NegotiatingAgent #237",NegotiatingAgent,0.32,0,0.69,100,0,2,0,1,10,100,6,33,30,100,1,3,0,10,0,321,6,31,0,32,10,10
"agent NegotiatingAgent #238",NegotiatingAgent,0.39,0,0.69,100,0,3,0,2,10,100,12,38,33,100,0,5,0,10,0,367,7,31,1,39,10,10
"agent NegotiatingAgent #239",NegotiatingAgent,0.11,0,0.69,100,2,1,0,0,2,100,1,9,10,100,0,0,0,4,0,60,4,12,2,11,10,10
"agent NegotiatingAgent #240",NegotiatingAgent,0.44,0,0.69,100,0,3,0,2,10,100,12,42,39,100,0,3,0,10,0,571,12,31,3,44,10,10
"agent NegotiatingAgent #241",NegotiatingAgent,0.32,0,0.69,100,0,2,0,1,10,100,6,33,30,100,1,2,0,10,0,286,6,31,0,32,10,10
"agent NegotiatingAgent #242",NegotiatingAgent,0.39,3,0.69,100,14,3,0,2,10,100,12,51,51,100,0,1,0,10,0,237,7,31,1,39,10,10
"agent NegotiatingAgent #243",NegotiatingAgent,0.11,0,0.69,100,0,1,0,0,2,100,1,10,8,100,0,2,0,4,0,54,4,12,2,11,10,10
"agent NegotiatingAgent #244",NegotiatingAgent,0.44,0,0.69,100,7,3,0,2,10,100,12,46,45,100,0,2,0,10,0,496,12,31,3,44,10,10
"agent NegotiatingAgent #245",NegotiatingAgent,0.32,0,0.69,100,0,2,0,1,10,100,6,30,27,100,0,3,0,10,0,262,6,31,0,32,10,10
"agent NegotiatingAgent #246",NegotiatingAgent,0.39,0,0.69,100,0,3,0,2,10,100,12,38,37,100,0,1,0,10,0,317,7,31,1,39,10,10
"agent NegotiatingAgent #247",NegotiatingAgent,0.11,0,0.69,100,0,1,0,0,2,100,1,10,9,100,0,1,0,4,0,43,4,12,2,11,10,10
"agent NegotiatingAgent #248",NegotiatingAgent,0.44,10,0.69,100,15,3,0,2,10,100,12,56,47,100,0,1,0,10,0,289,12,31,3,44,10,10
"agent NegotiatingAgent #249",NegotiatingAgent,0.32,0,0.69,100,0,2,0,1,10,100,6,30,28,100,0,2,0,10,0,227,6,31,0,32,10,10
"agent NegotiatingAgent #250",NegotiatingAgent,0.37,0,0.69,100,12,2,0,1,9,100,12,46,45,100,0,0,0,10,0,172,6,30,1,37,10,10
"agent NegotiatingAgent #251",NegotiatingAgent,0.49,1,0.69,100,19,3,0,2,10,100,12,64,52,100,0,0,0,15,0,132,12,31,2,49,10,10
"agent NegotiatingAgent #252",NegotiatingAgent,0.16,0,0.69,100,0,1,0,0,2,100,6,14,13,100,0,1,0,4,0,51,4,17,3,16,10,10
"agent NegotiatingAgent #253",NegotiatingAgent,0.28,0,0.69,100,0,1,0,0,8,100,6,27,24,100,0,3,0,10,0,265,4,29,0,28,10,10
"agent NegotiatingAgent #254",NegotiatingAgent,0.37,0,0.69,100,10,2,0,1,9,100,12,44,40,100,0,2,0,10,0,230,6,30,1,37,10,10
"agent NegotiatingAgent #255",NegotiatingAgent,0.49,0,0.69,100,0,3,0,2,10,100,12,47,46,100,0,1,0,15,0,478,12,31,2,49,10,10
"agent NegotiatingAgent #256",NegotiatingAgent,0.44,0,0.69,100,0,3,0,2,10,100,12,42,40,100,0,2,0,10,0,347,12,31,3,44,10,10
"agent NegotiatingAgent #257",NegotiatingAgent,0.28,0,0.69,100,0,1,0,0,8,100,6,27,26,100,0,1,0,10,0,232,4,29,0,28,10,10
"agent NegotiatingAgent #258",NegotiatingAgent,0.39,0,0.69,100,0,3,0,2,10,100,12,38,33,100,0,5,0,10,0,217,7,31,1,39,10,10
"agent NegotiatingAgent #259",NegotiatingAgent,0.49,0,0.69,100,0,3,0,2,10,100,12,47,43,100,0,4,0,15,0,409,12,31,2,49,10,10
"agent NegotiatingAgent #260",NegotiatingAgent,0.16,0,0.69,100,0,1,0,0,2,100,6,14,13,100,0,1,0,4,0,32,4,17,3,16,10,10
"agent NegotiatingAgent #261",NegotiatingAgent,0.28,0,0.69,100,0,1,0,0,8,100,6,27,24,100,0,3,0,10,0,202,4,29,0,28,10,10
"agent NegotiatingAgent #262",NegotiatingAgent,0.21,0,0.69,100,0,1,0,0,7,100,6,19,17,100,0,2,0,4,0,74,4,22,1,21,10,10
"agent NegotiatingAgent #263",NegotiatingAgent,0.11,0,0.69,100,0,1,0,0,2,100,1,10,9,100,0,1,0,4,0,29,4,12,2,11,10,10
"agent NegotiatingAgent #264",NegotiatingAgent,0.44,0,0.69,100,0,3,0,2,10,100,12,42,39,100,0,3,0,10,0,294,12,31,3,44,10,10
"agent NegotiatingAgent #265",NegotiatingAgent,0.28,0,0.69,100,0,1,0,0,8,100,6,27,24,100,0,3,0,10,0,172,4,29,0,28,10,10
"agent NegotiatingAgent #266",NegotiatingAgent,0.37,0,0.69,100,2,2,0,1,9,100,12,36,36,100,0,1,0,10,0,82,6,30,1,37,10,10
"agent NegotiatingAgent #267",NegotiatingAgent,0.11,0,0.69,100,0,1,0,0,2,100,1,10,9,100,0,1,0,4,0,18,4,12,2,11,10,10
"agent NegotiatingAgent #268",NegotiatingAgent,0.16,0,0.69,100,0,1,0,0,2,100,6,14,13,100,0,1,0,4,0,15,4,17,3,16,10,10
"agent NegotiatingAgent #269",NegotiatingAgent,0.28,0,0.69,100,0,1,0,0,8,100,6,27,23,100,0,4,0,10,0,143,4,29,0,28,10,10
"agent NegotiatingAgent #270",NegotiatingAgent,0.39,0,0.69,100,3,3,0,2,10,100,12,38,38,100,0,1,0,10,0,193,7,31,1,39,10,10
"agent NegotiatingAgent #271",NegotiatingAgent,0.49,0,0.69,100,0,3,0,2,10,100,12,47,41,100,0,6,0,15,0,330,12,31,2,49,10,10
"agent NegotiatingAgent #272",NegotiatingAgent,0.44,0,0.69,100,0,3,0,2,10,100,12,42,39,100,0,3,0,10,0,335,12,31,3,44,10,10
"agent NegotiatingAgent #273",NegotiatingAgent,0.28,0,0.69,100,0,1,0,0,8,100,6,27,26,100,0,1,0,10,0,111,4,29,0,28,10,10
"agent NegotiatingAgent #274",NegotiatingAgent,0.39,0,0.69,100,0,3,0,2,10,100,12,38,35,100,0,3,0,10,0,117,7,31,1,39,10,10
"agent NegotiatingAgent #275",NegotiatingAgent,0.49,0,0.69,100,0,3,0,2,10,100,12,47,42,100,0,5,0,15,0,221,12,31,2,49,10,10
"agent NegotiatingAgent #276",NegotiatingAgent,0.44,0,0.69,100,0,3,0,2,10,100,12,42,39,100,0,3,0,10,0,208,12,31,3,44,10,10
"agent NegotiatingAgent #277",NegotiatingAgent,0.28,0,0.69,100,3,1,0,0,8,100,6,29,29,100,0,0,0,10,0,95,4,29,0,28,10,10
"agent NegotiatingAgent #278",NegotiatingAgent,0.23,0,0.69,100,0,2,0,1,8,100,6,22,18,100,0,4,0,4,0,88,5,23,1,23,10,10
"agent NegotiatingAgent #279",NegotiatingAgent,0.49,0,0.69,100,0,3,0,2,10,100,12,47,42,100,0,5,0,15,0,223,12,31,2,49,10,10
"agent NegotiatingAgent #280",NegotiatingAgent,0.44,0,0.69,100,0,3,0,2,10,100,12,42,41,100,0,1,0,10,0,239,12,31,3,44,10,10
"agent NegotiatingAgent #281",NegotiatingAgent,0.32,0,0.69,100,0,2,0,1,10,100,6,30,29,100,0,1,0,10,0,95,6,31,0,32,10,10
"agent NegotiatingAgent #282",NegotiatingAgent,0.21,0,0.69,100,0,1,0,0,7,100,6,19,16,100,0,3,0,4,0,38,4,22,1,21,10,10
"agent NegotiatingAgent #283",NegotiatingAgent,0.49,0,0.69,100,0,3,0,2,10,100,12,47,43,100,0,4,0,15,0,169,12,31,2,49,10,10
"agent NegotiatingAgent #284",NegotiatingAgent,0.44,0,0.69,100,0,3,0,2,10,100,12,42,42,100,0,0,0,10,0,191,12,31,3,44,10,10
"agent NegotiatingAgent #285",NegotiatingAgent,0.28,0,0.69,100,0,1,0,0,8,100,6,27,26,100,0,1,0,10,0,59,4,29,0,28,10,10
"agent NegotiatingAgent #286",NegotiatingAgent,0.37,0,0.69,100,0,2,0,1,9,100,12,35,32,100,0,3,0,10,0,19,6,30,1,37,10,10
"agent NegotiatingAgent #287",NegotiatingAgent,0.49,0,0.69,100,0,3,0,2,10,100,12,47,45,100,0,2,0,15,0,115,12,31,2,49,10,10
"agent NegotiatingAgent #288",NegotiatingAgent,0.44,0,0.69,100,0,3,0,2,10,100,12,42,40,100,0,2,0,10,0,96,12,31,3,44,10,10
"agent NegotiatingAgent #289",NegotiatingAgent,0.32,0,0.69,100,0,2,0,1,10,100,6,30,30,100,0,0,0,10,0,49,6,31,0,32,10,10
"agent NegotiatingAgent #290",NegotiatingAgent,0.21,0,0.69,100,0,1,0,0,7,100,6,19,17,100,0,2,0,4,0,9,4,22,1,21,10,10
"agent NegotiatingAgent #291",NegotiatingAgent,0.49,0,0.69,100,0,3,0,2,10,100,12,47,43,100,0,4,0,15,0,46,12,31,2,49,10,10
"agent NegotiatingAgent #292",NegotiatingAgent,0.44,0,0.69,100,0,3,0,2,10,100,12,42,41,100,0,1,0,10,0,111,12,31,3,44,10,10
"agent NegotiatingAgent #293",NegotiatingAgent,0.28,0,0.69,100,0,1,0,0,8,100,6,27,26,100,0,1,0,10,0,15,4,29,0,28,10,10
"agent NegotiatingAgent #294",NegotiatingAgent,0.23,0,0.69,100,0,2,0,1,8,100,6,22,18,100,0,4,0,4,0,8,5,23,1,23,10,10
"agent NegotiatingAgent #295",NegotiatingAgent,0.11,0,0.69,100,0,1,0,0,2,100,1,10,8,100,0,2,0,4,0,1,4,12,2,11,10,10
"agent NegotiatingAgent #296",NegotiatingAgent,0.44,0,0.69,100,0,3,0,2,10,100,12,42,40,100,0,2,0,10,0,64,12,31,3,44,10,10
"agent NegotiatingAgent #297",NegotiatingAgent,0.32,0,0.69,100,0,2,0,1,10,100,6,30,30,100,0,0,0,10,0,4,6,31,0,32,10,10
"agent NegotiatingAgent #298",NegotiatingAgent,0.39,0,0.69,100,0,3,0,2,10,100,12,38,37,100,0,1,0,10,0,3,7,31,1,39,10,10
"agent NegotiatingAgent #299",NegotiatingAgent,0.49,0,0.69,100,0,3,0,2,10,100,12,47,42,100,0,5,0,15,0,1,12,31,2,49,10,10
"agent NegotiatingAgent #300",NegotiatingAgent,0.44,0,0.69,100,0,3,0,2,10,100,12,42,39,100,0,3,0,10,0,0,12,31,3,44,10,10
