agentName,agentType,averageSpeed,cumulatedUtilityReceived,freeWallRatio,numBacktrackAgents,numCFPAnswered,numDeadends,numDifferentEncounters,numDirectionChanges,numDownSteps,numForwardAgents,numLeftSteps,numMessagesReceived,numMessagesSent,numNegotiatingAgents,numProposalsAccepted,numProposalsRejected,numRandomAgents,numRightSteps,numSwarmAgents,numTotalEncounters,numUpSteps,numVisitedCells,startingPosition,stepsToExit,xsize,ysize
"agent BacktrackAgent #1",BacktrackAgent,0.1222,0,0.5199,10,0,15,0,15,334,10,278,0,0,10,0,0,0,326,0,864,284,1129,0,1222,100,100
"agent BacktrackAgent #2",BacktrackAgent,0.261,0,0.5199,10,0,68,0,68,648,10,706,0,0,10,0,0,0,658,0,364,598,1709,1,2610,100,100
"agent BacktrackAgent #3",BacktrackAgent,0.2305,0,0.5199,10,0,65,0,65,582,10,524,0,0,10,0,0,0,571,0,226,628,1502,2,2305,100,100
"agent BacktrackAgent #4",BacktrackAgent,0.6478,0,0.5199,10,0,149,0,149,1586,10,1654,0,0,10,0,0,0,1606,0,751,1632,3417,3,6478,100,100
"agent BacktrackAgent #5",BacktrackAgent,0.1162,0,0.5199,10,0,12,0,12,322,10,260,0,0,10,0,0,0,308,0,593,272,1099,0,1162,100,100
"agent BacktrackAgent #6",BacktrackAgent,0.1562,0,0.5199,10,0,42,0,42,400,10,430,0,0,10,0,0,0,382,0,125,350,1185,1,1562,100,100
"agent BacktrackAgent #7",BacktrackAgent,0.4817,0,0.5199,10,0,108,0,108,1238,10,1124,0,0,10,0,0,0,1171,0,171,1284,2758,2,4817,100,100
"agent BacktrackAgent #8",BacktrackAgent,0.409,0,0.5199,10,0,117,0,117,954,10,1092,0,0,10,0,0,0,1044,0,196,1000,2223,3,4090,100,100
"agent BacktrackAgent #9",BacktrackAgent,0.1486,0,0.5199,10,0,26,0,26,416,10,328,0,0,10,0,0,0,376,0,227,366,1261,0,1486,100,100
"agent BacktrackAgent #10",BacktrackAgent,0.6854,0,0.5199,10,0,166,0,166,1796,10,1680,0,0,10,0,0,0,1632,0,716,1746,3831,1,6854,100,100
"agent ForwardAgent #11",ForwardAgent,0.2725,0,0.5199,10,0,64,0,64,660,10,656,0,0,10,0,0,0,703,0,76,706,929,2,2725,100,100
"agent ForwardAgent #12",ForwardAgent,1.6042,0,0.5199,10,0,518,0,518,3744,10,4278,0,0,10,0,0,0,4230,0,122,3790,1479,3,16042,100,100
"agent ForwardAgent #13",ForwardAgent,0.8946,0,0.5199,10,0,87,0,87,2424,10,2050,0,0,10,0,0,0,2098,0,163,2374,1293,0,8946,100,100
"agent ForwardAgent #14",ForwardAgent,1.1798,0,0.5199,10,0,286,0,286,2846,10,3102,0,0,10,0,0,0,3054,0,157,2796,2305,1,11798,100,100
"agent ForwardAgent #15",ForwardAgent,9.8201,0,0.5199,10,0,2728,0,2728,24126,10,24928,0,0,10,0,0,0,24975,0,71,24172,4671,2,98201,100,100
"agent ForwardAgent #16",ForwardAgent,0.8422,0,0.5199,10,0,252,0,252,2094,10,2118,0,0,10,0,0,0,2070,0,58,2140,1291,3,8422,100,100
"agent ForwardAgent #17",ForwardAgent,11.0798,0,0.5199,10,0,2401,0,2401,27900,10,27500,0,0,10,0,0,0,27548,0,284,27850,4327,0,110798,100,100
"agent ForwardAgent #18",ForwardAgent,3.3014,0,0.5199,10,0,952,0,952,8170,10,8386,0,0,10,0,0,0,8338,0,126,8120,3221,1,33014,100,100
"agent ForwardAgent #19",ForwardAgent,0.4901,0,0.5199,10,0,157,0,157,1230,10,1174,0,0,10,0,0,0,1221,0,53,1276,1175,2,4901,100,100
"agent ForwardAgent #20",ForwardAgent,6.7502,0,0.5199,10,0,1796,0,1796,16846,10,16906,0,0,10,0,0,0,16858,0,28,16892,4059,3,67502,100,100
"agent NegotiatingAgent #21",NegotiatingAgent,0.7854,514,0.5199,10,12,206,0,206,1982,10,1946,23,25,10,0,0,0,1994,0,263,1932,4445,0,7854,100,100
"agent NegotiatingAgent #22",NegotiatingAgent,0.3938,1068,0.5199,10,21,69,0,69,1048,10,970,41,47,10,1,0,0,922,0,109,998,2373,1,3938,100,100
"agent NegotiatingAgent #23",NegotiatingAgent,0.3377,298,0.5199,10,3,50,0,50,854,10,788,10,11,10,2,0,0,835,0,5,900,2038,2,3377,100,100
"agent NegotiatingAgent #24",NegotiatingAgent,0.591,500,0.5199,10,8,122,0,122,1448,10,1508,19,22,10,3,0,0,1460,0,21,1494,3133,3,5910,100,100
"agent NegotiatingAgent #25",NegotiatingAgent,0.7614,316,0.5199,10,9,174,0,174,1920,10,1888,34,38,10,8,0,0,1936,0,20,1870,4325,0,7614,100,100
"agent NegotiatingAgent #26",NegotiatingAgent,0.577,1036,0.5199,10,17,165,0,165,1452,10,1482,55,56,10,8,2,0,1434,0,27,1402,3289,1,5770,100,100
"agent NegotiatingAgent #27",NegotiatingAgent,0.4715,0,0.5199,10,0,138,0,138,1110,10,1201,2,3,10,1,0,0,1248,0,0,1156,2707,2,4715,100,100
"agent NegotiatingAgent #28",NegotiatingAgent,0.569,200,0.5199,10,2,113,0,113,1390,10,1456,20,19,10,5,3,0,1408,0,1,1436,3023,3,5690,100,100
"agent NegotiatingAgent #29",NegotiatingAgent,0.1306,0,0.5199,10,0,22,0,22,360,10,294,25,17,10,4,8,0,342,0,0,310,1171,0,1306,100,100
"agent NegotiatingAgent #30",NegotiatingAgent,0.2686,0,0.5199,10,0,63,0,63,664,10,728,54,42,10,15,11,0,680,0,0,614,1747,1,2686,100,100
