agentName,agentType,averageSpeed,cumulatedUtilityReceived,freeWallRatio,numBacktrackAgents,numCFPAnswered,numDeadends,numDifferentEncounters,numDirectionChanges,numDownSteps,numForwardAgents,numLeftSteps,numMessagesReceived,numMessagesSent,numNegotiatingAgents,numProposalsAccepted,numProposalsRejected,numRandomAgents,numRightSteps,numSwarmAgents,numTotalEncounters,numUpSteps,numVisitedCells,startingPosition,stepsToExit,xsize,ysize
"agent BacktrackAgent #1",BacktrackAgent,0.08,0,0.69,10,0,0,0,0,4,10,0,0,0,10,0,0,0,4,0,51,0,9,0,8,10,10
"agent BacktrackAgent #2",BacktrackAgent,0.19,0,0.69,10,0,1,0,1,6,10,6,0,0,10,0,0,0,4,0,74,3,13,1,19,10,10
"agent BacktrackAgent #3",BacktrackAgent,0.29,0,0.69,10,0,1,0,1,6,10,6,0,0,10,0,0,0,9,0,72,8,22,2,29,10,10
"agent BacktrackAgent #4",BacktrackAgent,0.2,0,0.69,10,0,1,0,1,2,10,8,0,0,10,0,0,0,6,0,74,4,15,3,20,10,10
"agent BacktrackAgent #5",BacktrackAgent,0.08,0,0.69,10,0,0,0,0,4,10,0,0,0,10,0,0,0,4,0,43,0,9,0,8,10,10
"agent BacktrackAgent #6",BacktrackAgent,0.39,0,0.69,10,0,2,0,2,10,10,12,0,0,10,0,0,0,10,0,109,7,23,1,39,10,10
"agent BacktrackAgent #7",BacktrackAgent,0.13,0,0.69,10,0,0,0,0,2,10,2,0,0,10,0,0,0,5,0,43,4,14,2,13,10,10
"agent BacktrackAgent #8",BacktrackAgent,0.08,0,0.69,10,0,0,0,0,2,10,2,0,0,10,0,0,0,0,0,17,4,9,3,8,10,10
"agent BacktrackAgent #9",BacktrackAgent,0.08,0,0.69,10,0,0,0,0,4,10,0,0,0,10,0,0,0,4,0,34,0,9,0,8,10,10
"agent BacktrackAgent #10",BacktrackAgent,0.39,0,0.69,10,0,2,0,2,10,10,12,0,0,10,0,0,0,10,0,165,7,23,1,39,10,10
"agent ForwardAgent #11",ForwardAgent,0.31,0,0.69,10,0,2,0,2,6,10,7,0,0,10,0,0,0,10,0,70,8,23,2,31,10,10
"agent ForwardAgent #12",ForwardAgent,0.36,0,0.69,10,0,2,0,2,6,10,12,0,0,10,0,0,0,10,0,57,8,23,3,36,10,10
"agent ForwardAgent #13",ForwardAgent,0.08,0,0.69,10,0,0,0,0,4,10,0,0,0,10,0,0,0,4,0,26,0,9,0,8,10,10
"agent ForwardAgent #14",ForwardAgent,0.75,0,0.69,10,0,4,0,4,18,10,22,0,0,10,0,0,0,20,0,71,15,23,1,75,10,10
"agent ForwardAgent #15",ForwardAgent,0.13,0,0.69,10,0,0,0,0,2,10,2,0,0,10,0,0,0,5,0,28,4,14,2,13,10,10
"agent ForwardAgent #16",ForwardAgent,0.2,0,0.69,10,0,1,0,1,2,10,8,0,0,10,0,0,0,6,0,31,4,15,3,20,10,10
"agent ForwardAgent #17",ForwardAgent,0.08,0,0.69,10,0,0,0,0,4,10,0,0,0,10,0,0,0,4,0,18,0,9,0,8,10,10
"agent ForwardAgent #18",ForwardAgent,0.39,0,0.69,10,0,2,0,2,10,10,12,0,0,10,0,0,0,10,0,30,7,23,1,39,10,10
"agent ForwardAgent #19",ForwardAgent,0.15,0,0.69,10,0,1,0,1,2,10,3,0,0,10,0,0,0,6,0,32,4,15,2,15,10,10
"agent ForwardAgent #20",ForwardAgent,0.08,0,0.69,10,0,0,0,0,2,10,2,0,0,10,0,0,0,0,0,4,4,9,3,8,10,10
"agent NegotiatingAgent #21",NegotiatingAgent,0.08,0,0.69,10,5,0,0,0,4,10,0,7,12,10,0,0,0,4,0,14,0,9,0,8,10,10
"agent NegotiatingAgent #22",NegotiatingAgent,0.19,6,0.69,10,4,1,0,1,6,10,6,5,8,10,0,0,0,4,0,8,3,13,1,19,10,10
"agent NegotiatingAgent #23",NegotiatingAgent,0.13,0,0.69,10,5,0,0,0,2,10,2,9,11,10,0,0,0,5,0,15,4,14,2,13,10,10
"agent NegotiatingAgent #24",NegotiatingAgent,0.36,91,0.69,10,10,2,0,2,6,10,12,21,23,10,0,0,0,10,0,27,8,23,3,36,10,10
"agent NegotiatingAgent #25",NegotiatingAgent,0.08,0,0.69,10,1,0,0,0,4,10,0,7,6,10,0,1,0,4,0,6,0,9,0,8,10,10
"agent NegotiatingAgent #26",NegotiatingAgent,0.25,53,0.69,10,5,1,0,1,7,10,8,8,12,10,0,0,0,6,0,8,4,16,1,25,10,10
"agent NegotiatingAgent #27",NegotiatingAgent,0.13,0,0.69,10,0,0,0,0,2,10,2,8,7,10,0,2,0,5,0,1,4,14,2,13,10,10
"agent NegotiatingAgent #28",NegotiatingAgent,0.36,0,0.69,10,0,2,0,2,6,10,12,28,20,10,6,8,0,10,0,1,8,23,3,36,10,10
"agent NegotiatingAgent #29",NegotiatingAgent,0.08,0,0.69,10,0,0,0,0,4,10,0,6,4,10,0,2,0,4,0,0,0,9,0,8,10,10
"agent NegotiatingAgent #30",NegotiatingAgent,0.27,0,0.69,10,0,1,0,2,10,10,6,15,12,10,4,3,0,4,0,0,7,17,1,27,10,10
