agentName,agentType,averageSpeed,cumulatedUtilityReceived,freeWallRatio,numBacktrackAgents,numCFPAnswered,numDeadends,numDifferentEncounters,numDirectionChanges,numDownSteps,numForwardAgents,numLeftSteps,numMessagesReceived,numMessagesSent,numNegotiatingAgents,numProposalsAccepted,numProposalsRejected,numRandomAgents,numRightSteps,numSwarmAgents,numTotalEncounters,numUpSteps,numVisitedCells,startingPosition,stepsToExit,xsize,ysize
"agent BacktrackAgent #1",BacktrackAgent,0.12,0,0.69,10,0,0,0,0,4,10,2,0,0,10,0,0,0,6,0,74,0,13,0,12,10,10
"agent BacktrackAgent #2",BacktrackAgent,0.05,0,0.69,10,0,0,0,0,3,10,2,0,0,10,0,0,0,0,0,24,0,6,1,5,10,10
"agent BacktrackAgent #3",BacktrackAgent,0.17,0,0.69,10,0,1,0,1,4,10,2,0,0,10,0,0,0,5,0,49,6,14,2,17,10,10
"agent BacktrackAgent #4",BacktrackAgent,0.24,0,0.69,10,0,1,0,1,4,10,8,0,0,10,0,0,0,6,0,80,6,15,3,24,10,10
"agent BacktrackAgent #5",BacktrackAgent,0.12,0,0.69,10,0,0,0,0,4,10,2,0,0,10,0,0,0,6,0,62,0,13,0,12,10,10
"agent BacktrackAgent #6",BacktrackAgent,0.05,0,0.69,10,0,0,0,0,3,10,2,0,0,10,0,0,0,0,0,19,0,6,1,5,10,10
"agent BacktrackAgent #7",BacktrackAgent,0.27,0,0.69,10,0,2,0,2,8,10,3,0,0,10,0,0,0,6,0,57,10,19,2,27,10,10
"agent BacktrackAgent #8",BacktrackAgent,0.04,0,0.69,10,0,0,0,0,0,10,2,0,0,10,0,0,0,0,0,9,2,5,3,4,10,10
"agent BacktrackAgent #9",BacktrackAgent,0.12,0,0.69,10,0,0,0,0,4,10,2,0,0,10,0,0,0,6,0,50,0,13,0,12,10,10
"agent BacktrackAgent #10",BacktrackAgent,0.31,0,0.69,10,0,2,0,2,10,10,8,0,0,10,0,0,0,6,0,68,7,19,1,31,10,10
"agent ForwardAgent #11",ForwardAgent,0.09,0,0.69,10,0,0,0,0,0,10,2,0,0,10,0,0,0,5,0,29,2,10,2,9,10,10
"agent ForwardAgent #12",ForwardAgent,0.24,0,0.69,10,0,1,0,1,4,10,8,0,0,10,0,0,0,6,0,53,6,15,3,24,10,10
"agent ForwardAgent #13",ForwardAgent,0.12,0,0.69,10,0,0,0,0,4,10,2,0,0,10,0,0,0,6,0,38,0,13,0,12,10,10
"agent ForwardAgent #14",ForwardAgent,0.05,0,0.69,10,0,0,0,0,3,10,2,0,0,10,0,0,0,0,0,12,0,6,1,5,10,10
"agent ForwardAgent #15",ForwardAgent,0.17,0,0.69,10,0,1,0,1,4,10,2,0,0,10,0,0,0,5,0,21,6,14,2,17,10,10
"agent ForwardAgent #16",ForwardAgent,0.64,0,0.69,10,0,4,0,4,18,10,14,0,0,10,0,0,0,12,0,39,20,19,3,64,10,10
"agent ForwardAgent #17",ForwardAgent,0.12,0,0.69,10,0,0,0,0,4,10,2,0,0,10,0,0,0,6,0,26,0,13,0,12,10,10
"agent ForwardAgent #18",ForwardAgent,0.37,0,0.69,10,0,2,0,2,13,10,8,0,0,10,0,0,0,6,0,18,10,19,1,37,10,10
"agent ForwardAgent #19",ForwardAgent,0.19,0,0.69,10,0,1,0,1,4,10,3,0,0,10,0,0,0,6,0,20,6,15,2,19,10,10
"agent ForwardAgent #20",ForwardAgent,0.32,0,0.69,10,0,2,0,2,8,10,8,0,0,10,0,0,0,6,0,5,10,19,3,32,10,10
"agent NegotiatingAgent #21",NegotiatingAgent,0.12,0,0.69,10,4,0,0,0,4,10,2,8,9,10,0,0,0,6,0,17,0,13,0,12,10,10
"agent NegotiatingAgent #22",NegotiatingAgent,0.05,0,0.69,10,1,0,0,0,3,10,2,2,4,10,0,0,0,0,0,4,0,6,1,5,10,10
"agent NegotiatingAgent #23",NegotiatingAgent,0.27,0,0.69,10,0,2,0,2,8,10,3,0,1,10,0,0,0,6,0,1,10,19,2,27,10,10
"agent NegotiatingAgent #24",NegotiatingAgent,0.12,1,0.69,10,5,1,0,1,4,10,2,7,11,10,0,0,0,0,0,13,6,9,3,12,10,10
"agent NegotiatingAgent #25",NegotiatingAgent,0.12,0,0.69,10,2,0,0,0,4,10,2,8,12,10,0,0,0,6,0,11,0,13,0,12,10,10
"agent NegotiatingAgent #26",NegotiatingAgent,0.07,1,0.69,10,3,1,0,1,4,10,2,6,9,10,0,0,0,0,0,7,1,7,1,7,10,10
"agent NegotiatingAgent #27",NegotiatingAgent,0.09,0,0.69,10,0,0,0,0,0,10,2,2,2,10,0,0,0,5,0,2,2,10,2,9,10,10
"agent NegotiatingAgent #28",NegotiatingAgent,0.12,1,0.69,10,1,1,0,1,4,10,2,9,7,10,0,2,0,0,0,2,6,9,3,12,10,10
"agent NegotiatingAgent #29",NegotiatingAgent,0.12,0,0.69,10,0,0,0,0,4,10,2,9,6,10,0,3,0,6,0,0,0,13,0,12,10,10
"agent NegotiatingAgent #30",NegotiatingAgent,0.07,0,0.69,10,0,1,0,1,4,10,2,6,5,10,0,1,0,0,0,0,1,7,1,7,10,10
