agentName,agentType,averageSpeed,cumulatedUtilityReceived,freeWallRatio,numBacktrackAgents,numCFPAnswered,numDeadends,numDifferentEncounters,numDirectionChanges,numDownSteps,numForwardAgents,numLeftSteps,numMessagesReceived,numMessagesSent,numNegotiatingAgents,numProposalsAccepted,numProposalsRejected,numRandomAgents,numRightSteps,numSwarmAgents,numTotalEncounters,numUpSteps,numVisitedCells,startingPosition,stepsToExit,xsize,ysize
"agent BacktrackAgent #1",BacktrackAgent,0.6678,0,0.5199,10,0,170,0,170,1668,10,1672,0,0,10,0,0,0,1720,0,763,1618,4183,0,6678,100,100
"agent BacktrackAgent #2",BacktrackAgent,0.2411,0,0.5199,10,0,67,0,67,640,10,614,0,0,10,0,0,0,566,0,144,591,1975,1,2411,100,100
"agent BacktrackAgent #3",BacktrackAgent,0.6443,0,0.5199,10,0,153,0,153,1544,10,1631,0,0,10,0,0,0,1678,0,123,1590,3415,2,6443,100,100
"agent BacktrackAgent #4",BacktrackAgent,0.7886,0,0.5199,10,0,204,0,204,1926,10,2018,0,0,10,0,0,0,1970,0,459,1972,4505,3,7886,100,100
"agent BacktrackAgent #5",BacktrackAgent,0.273,0,0.5199,10,0,60,0,60,700,10,666,0,0,10,0,0,0,714,0,251,650,2209,0,2730,100,100
"agent BacktrackAgent #6",BacktrackAgent,0.5881,0,0.5199,10,0,154,0,154,1493,10,1496,0,0,10,0,0,0,1448,0,149,1444,3710,1,5881,100,100
"agent BacktrackAgent #7",BacktrackAgent,0.6451,0,0.5199,10,0,153,0,153,1554,10,1625,0,0,10,0,0,0,1672,0,106,1600,3419,2,6451,100,100
"agent BacktrackAgent #8",BacktrackAgent,0.4498,0,0.5199,10,0,110,0,110,1080,10,1170,0,0,10,0,0,0,1122,0,78,1126,2811,3,4498,100,100
"agent BacktrackAgent #9",BacktrackAgent,0.3078,0,0.5199,10,0,74,0,74,746,10,794,0,0,10,0,0,0,842,0,444,696,2383,0,3078,100,100
"agent BacktrackAgent #10",BacktrackAgent,0.2759,0,0.5199,10,0,73,0,73,698,10,730,0,0,10,0,0,0,682,0,238,649,2149,1,2759,100,100
"agent ForwardAgent #11",ForwardAgent,0.2275,0,0.5199,10,0,114,0,114,446,10,645,0,0,10,0,0,0,692,0,37,492,553,2,2275,100,100
"agent ForwardAgent #12",ForwardAgent,1.515,0,0.5199,10,0,370,0,370,3692,10,3884,0,0,10,0,0,0,3836,0,135,3738,2365,3,15150,100,100
"agent ForwardAgent #13",ForwardAgent,6.0702,0,0.5199,10,0,1512,0,1512,15034,10,15318,0,0,10,0,0,0,15366,0,417,14984,2859,0,60702,100,100
"agent ForwardAgent #14",ForwardAgent,1.9865,0,0.5199,10,0,504,0,504,4949,10,5032,0,0,10,0,0,0,4984,0,74,4900,2659,1,19865,100,100
"agent ForwardAgent #15",ForwardAgent,0.5441,0,0.5199,10,0,202,0,202,1324,10,1350,0,0,10,0,0,0,1397,0,156,1370,1131,2,5441,100,100
"agent ForwardAgent #16",ForwardAgent,1.5978,0,0.5199,10,0,455,0,455,4006,10,3984,0,0,10,0,0,0,3936,0,91,4052,1629,3,15978,100,100
"agent ForwardAgent #17",ForwardAgent,4.3406,0,0.5199,10,0,952,0,952,10636,10,11068,0,0,10,0,0,0,11116,0,191,10586,2891,0,43406,100,100
"agent ForwardAgent #18",ForwardAgent,2.9907,0,0.5199,10,0,770,0,770,7298,10,7704,0,0,10,0,0,0,7656,0,157,7249,2867,1,29907,100,100
"agent ForwardAgent #19",ForwardAgent,2.0549,0,0.5199,10,0,611,0,611,5114,10,5114,0,0,10,0,0,0,5161,0,43,5160,1849,2,20549,100,100
"agent ForwardAgent #20",ForwardAgent,7.195,0,0.5199,10,0,1511,0,1511,17370,10,18606,0,0,10,0,0,0,18558,0,22,17416,2829,3,71950,100,100
"agent NegotiatingAgent #21",NegotiatingAgent,0.3078,640,0.5199,10,18,81,0,81,816,10,724,32,39,10,0,0,0,772,0,31,766,2383,0,3078,100,100
"agent NegotiatingAgent #22",NegotiatingAgent,0.3727,1195,0.5199,10,12,89,0,89,918,10,994,28,30,10,2,0,0,946,0,16,869,2633,1,3727,100,100
"agent NegotiatingAgent #23",NegotiatingAgent,0.8983,700,0.5199,10,7,228,0,228,2184,10,2261,14,14,10,0,0,0,2308,0,11,2230,4685,2,8983,100,100
"agent NegotiatingAgent #24",NegotiatingAgent,0.7172,300,0.5199,10,3,162,0,163,1761,10,1826,12,14,10,3,0,0,1778,0,13,1807,4148,3,7172,100,100
"agent NegotiatingAgent #25",NegotiatingAgent,0.6446,1682,0.5199,10,20,162,0,162,1622,10,1602,54,53,10,2,3,0,1650,0,194,1572,4067,0,6446,100,100
"agent NegotiatingAgent #26",NegotiatingAgent,0.6653,494,0.5199,10,7,146,0,147,1649,10,1726,28,30,10,8,0,0,1678,0,10,1600,4096,1,6653,100,100
"agent NegotiatingAgent #27",NegotiatingAgent,0.6141,400,0.5199,10,4,137,0,138,1488,10,1536,16,17,10,4,0,0,1583,0,4,1534,3264,2,6141,100,100
"agent NegotiatingAgent #28",NegotiatingAgent,0.4614,0,0.5199,10,0,112,0,112,1112,10,1196,6,6,10,3,0,0,1148,0,0,1158,2869,3,4614,100,100
"agent NegotiatingAgent #29",NegotiatingAgent,0.3138,64,0.5199,10,1,72,0,72,810,10,760,64,59,10,23,7,0,808,0,1,760,2413,0,3138,100,100
"agent NegotiatingAgent #30",NegotiatingAgent,0.2993,0,0.5199,10,0,48,0,48,757,10,788,33,30,10,14,2,0,740,0,0,708,2266,1,2993,100,100
