agentName,agentType,averageSpeed,cumulatedUtilityReceived,freeWallRatio,numBacktrackAgents,numCFPAnswered,numDeadends,numDifferentEncounters,numDirectionChanges,numDownSteps,numForwardAgents,numLeftSteps,numMessagesReceived,numMessagesSent,numNegotiatingAgents,numProposalsAccepted,numProposalsRejected,numRandomAgents,numRightSteps,numSwarmAgents,numTotalEncounters,numUpSteps,numVisitedCells,startingPosition,stepsToExit,xsize,ysize
"agent BacktrackAgent #1",BacktrackAgent,0.2,0,0.69,10,0,0,0,0,6,10,4,0,0,10,0,0,0,8,0,83,2,21,0,20,10,10
"agent BacktrackAgent #2",BacktrackAgent,0.11,0,0.69,10,0,1,0,1,4,10,4,0,0,10,0,0,0,2,0,36,1,9,1,11,10,10
"agent BacktrackAgent #3",BacktrackAgent,0.35,0,0.69,10,0,2,0,2,8,10,7,0,0,10,0,0,0,10,0,51,10,23,2,35,10,10
"agent BacktrackAgent #4",BacktrackAgent,0.4,0,0.69,10,0,2,0,2,8,10,12,0,0,10,0,0,0,10,0,79,10,23,3,40,10,10
"agent BacktrackAgent #5",BacktrackAgent,0.2,0,0.69,10,0,0,0,0,6,10,4,0,0,10,0,0,0,8,0,60,2,21,0,20,10,10
"agent BacktrackAgent #6",BacktrackAgent,0.11,0,0.69,10,0,1,0,1,4,10,4,0,0,10,0,0,0,2,0,25,1,9,1,11,10,10
"agent BacktrackAgent #7",BacktrackAgent,0.09,0,0.69,10,0,0,0,0,0,10,2,0,0,10,0,0,0,5,0,29,2,10,2,9,10,10
"agent BacktrackAgent #8",BacktrackAgent,0.04,0,0.69,10,0,0,0,0,0,10,2,0,0,10,0,0,0,0,0,20,2,5,3,4,10,10
"agent BacktrackAgent #9",BacktrackAgent,0.24,0,0.69,10,0,1,0,1,8,10,4,0,0,10,0,0,0,8,0,62,4,23,0,24,10,10
"agent BacktrackAgent #10",BacktrackAgent,0.05,0,0.69,10,0,0,0,0,3,10,2,0,0,10,0,0,0,0,0,17,0,6,1,5,10,10
"agent ForwardAgent #11",ForwardAgent,0.09,0,0.69,10,0,0,0,0,0,10,2,0,0,10,0,0,0,5,0,20,2,10,2,9,10,10
"agent ForwardAgent #12",ForwardAgent,0.04,0,0.69,10,0,0,0,0,0,10,2,0,0,10,0,0,0,0,0,16,2,5,3,4,10,10
"agent ForwardAgent #13",ForwardAgent,0.24,0,0.69,10,0,1,0,1,8,10,4,0,0,10,0,0,0,8,0,38,4,23,0,24,10,10
"agent ForwardAgent #14",ForwardAgent,0.05,0,0.69,10,0,0,0,0,3,10,2,0,0,10,0,0,0,0,0,12,0,6,1,5,10,10
"agent ForwardAgent #15",ForwardAgent,0.09,0,0.69,10,0,0,0,0,0,10,2,0,0,10,0,0,0,5,0,11,2,10,2,9,10,10
"agent ForwardAgent #16",ForwardAgent,0.04,0,0.69,10,0,0,0,0,0,10,2,0,0,10,0,0,0,0,0,12,2,5,3,4,10,10
"agent ForwardAgent #17",ForwardAgent,0.4,0,0.69,10,0,2,0,2,12,10,8,0,0,10,0,0,0,12,0,48,8,23,0,40,10,10
"agent ForwardAgent #18",ForwardAgent,0.11,0,0.69,10,0,1,0,1,4,10,4,0,0,10,0,0,0,2,0,13,1,9,1,11,10,10
"agent ForwardAgent #19",ForwardAgent,0.59,0,0.69,10,0,5,0,5,16,10,11,0,0,10,0,0,0,14,0,19,18,23,2,59,10,10
"agent ForwardAgent #20",ForwardAgent,0.04,0,0.69,10,0,0,0,0,0,10,2,0,0,10,0,0,0,0,0,8,2,5,3,4,10,10
"agent NegotiatingAgent #21",NegotiatingAgent,0.24,4,0.69,10,4,1,0,1,8,10,4,9,11,10,0,0,0,8,0,26,4,23,0,24,10,10
"agent NegotiatingAgent #22",NegotiatingAgent,0.05,0,0.69,10,2,0,0,0,3,10,2,2,5,10,0,0,0,0,0,4,0,6,1,5,10,10
"agent NegotiatingAgent #23",NegotiatingAgent,0.35,0,0.69,10,2,2,0,2,8,10,7,7,9,10,1,0,0,10,0,4,10,23,2,35,10,10
"agent NegotiatingAgent #24",NegotiatingAgent,0.04,0,0.69,10,1,0,0,0,0,10,2,1,4,10,0,0,0,0,0,4,2,5,3,4,10,10
"agent NegotiatingAgent #25",NegotiatingAgent,0.24,0,0.69,10,2,1,0,1,8,10,4,10,10,10,0,2,0,8,0,8,4,23,0,24,10,10
"agent NegotiatingAgent #26",NegotiatingAgent,0.05,0,0.69,10,0,0,0,0,3,10,2,3,3,10,0,1,0,0,0,1,0,6,1,5,10,10
"agent NegotiatingAgent #27",NegotiatingAgent,0.09,0,0.69,10,0,0,0,0,0,10,2,0,1,10,0,0,0,5,0,0,2,10,2,9,10,10
"agent NegotiatingAgent #28",NegotiatingAgent,0.04,0,0.69,10,0,0,0,0,0,10,2,1,1,10,0,0,0,0,0,0,2,5,3,4,10,10
"agent NegotiatingAgent #29",NegotiatingAgent,0.2,0,0.69,10,0,0,0,0,6,10,4,9,6,10,0,3,0,8,0,0,2,21,0,20,10,10
"agent NegotiatingAgent #30",NegotiatingAgent,0.11,0,0.69,10,0,1,0,1,4,10,4,0,0,10,0,0,0,2,0,0,1,9,1,11,10,10
