agentName,agentType,averageSpeed,cumulatedUtilityReceived,freeWallRatio,numBacktrackAgents,numCFPAnswered,numDeadends,numDifferentEncounters,numDirectionChanges,numDownSteps,numForwardAgents,numLeftSteps,numMessagesReceived,numMessagesSent,numNegotiatingAgents,numProposalsAccepted,numProposalsRejected,numRandomAgents,numRightSteps,numSwarmAgents,numTotalEncounters,numUpSteps,numVisitedCells,startingPosition,stepsToExit,xsize,ysize
"agent BacktrackAgent #1",BacktrackAgent,0.2,0,0.69,10,0,0,0,0,8,10,2,0,0,10,0,0,0,6,0,123,4,21,0,20,10,10
"agent BacktrackAgent #2",BacktrackAgent,0.31,0,0.69,10,0,1,0,1,10,10,8,0,0,10,0,0,0,6,0,89,7,21,1,31,10,10
"agent BacktrackAgent #3",BacktrackAgent,0.11,0,0.69,10,0,1,0,1,2,10,1,0,0,10,0,0,0,4,0,49,4,9,2,11,10,10
"agent BacktrackAgent #4",BacktrackAgent,0.36,0,0.69,10,0,1,0,1,10,10,8,0,0,10,0,0,0,6,0,97,12,21,3,36,10,10
"agent BacktrackAgent #5",BacktrackAgent,0.2,0,0.69,10,0,0,0,0,8,10,2,0,0,10,0,0,0,6,0,100,4,21,0,20,10,10
"agent BacktrackAgent #6",BacktrackAgent,0.31,0,0.69,10,0,1,0,1,10,10,8,0,0,10,0,0,0,6,0,56,7,21,1,31,10,10
"agent BacktrackAgent #7",BacktrackAgent,0.11,0,0.69,10,0,1,0,1,2,10,1,0,0,10,0,0,0,4,0,38,4,9,2,11,10,10
"agent BacktrackAgent #8",BacktrackAgent,0.04,0,0.69,10,0,0,0,0,0,10,2,0,0,10,0,0,0,0,0,14,2,5,3,4,10,10
"agent BacktrackAgent #9",BacktrackAgent,0.2,0,0.69,10,0,0,0,0,8,10,2,0,0,10,0,0,0,6,0,79,4,21,0,20,10,10
"agent BacktrackAgent #10",BacktrackAgent,0.31,0,0.69,10,0,1,0,1,10,10,8,0,0,10,0,0,0,6,0,123,7,21,1,31,10,10
"agent ForwardAgent #11",ForwardAgent,0.05,0,0.69,10,0,0,0,0,0,10,0,0,0,10,0,0,0,3,0,5,2,6,2,5,10,10
"agent ForwardAgent #12",ForwardAgent,0.36,0,0.69,10,0,1,0,1,10,10,8,0,0,10,0,0,0,6,0,55,12,21,3,36,10,10
"agent ForwardAgent #13",ForwardAgent,0.2,0,0.69,10,0,0,0,0,8,10,2,0,0,10,0,0,0,6,0,57,4,21,0,20,10,10
"agent ForwardAgent #14",ForwardAgent,0.09,0,0.69,10,0,0,0,0,5,10,2,0,0,10,0,0,0,0,0,16,2,10,1,9,10,10
"agent ForwardAgent #15",ForwardAgent,0.11,0,0.69,10,0,1,0,1,2,10,1,0,0,10,0,0,0,4,0,26,4,9,2,11,10,10
"agent ForwardAgent #16",ForwardAgent,0.36,0,0.69,10,0,1,0,1,10,10,8,0,0,10,0,0,0,6,0,16,12,21,3,36,10,10
"agent ForwardAgent #17",ForwardAgent,0.2,0,0.69,10,0,0,0,0,8,10,2,0,0,10,0,0,0,6,0,35,4,21,0,20,10,10
"agent ForwardAgent #18",ForwardAgent,0.31,0,0.69,10,0,1,0,1,10,10,8,0,0,10,0,0,0,6,0,19,7,21,1,31,10,10
"agent ForwardAgent #19",ForwardAgent,0.11,0,0.69,10,0,1,0,1,2,10,1,0,0,10,0,0,0,4,0,15,4,9,2,11,10,10
"agent ForwardAgent #20",ForwardAgent,0.04,0,0.69,10,0,0,0,0,0,10,2,0,0,10,0,0,0,0,0,8,2,5,3,4,10,10
"agent NegotiatingAgent #21",NegotiatingAgent,0.2,0,0.69,10,7,0,0,0,8,10,2,11,15,10,0,0,0,6,0,21,4,21,0,20,10,10
"agent NegotiatingAgent #22",NegotiatingAgent,0.09,0,0.69,10,2,0,0,0,5,10,2,2,4,10,0,0,0,0,0,4,2,10,1,9,10,10
"agent NegotiatingAgent #23",NegotiatingAgent,0.11,0,0.69,10,3,1,0,1,2,10,1,3,8,10,0,0,0,4,0,9,4,9,2,11,10,10
"agent NegotiatingAgent #24",NegotiatingAgent,0.04,0,0.69,10,1,0,0,0,0,10,2,1,4,10,0,0,0,0,0,3,2,5,3,4,10,10
"agent NegotiatingAgent #25",NegotiatingAgent,0.2,0,0.69,10,4,0,0,0,8,10,2,15,13,10,0,2,0,6,0,13,4,21,0,20,10,10
"agent NegotiatingAgent #26",NegotiatingAgent,0.31,0,0.69,10,1,1,0,1,10,10,8,5,6,10,0,2,0,6,0,2,7,21,1,31,10,10
"agent NegotiatingAgent #27",NegotiatingAgent,0.11,0,0.69,10,0,1,0,1,2,10,1,6,4,10,0,3,0,4,0,0,4,9,2,11,10,10
"agent NegotiatingAgent #28",NegotiatingAgent,0.04,0,0.69,10,0,0,0,0,0,10,2,1,1,10,0,0,0,0,0,0,2,5,3,4,10,10
"agent NegotiatingAgent #29",NegotiatingAgent,0.2,0,0.69,10,0,0,0,0,8,10,2,14,9,10,0,5,0,6,0,0,4,21,0,20,10,10
"agent NegotiatingAgent #30",NegotiatingAgent,0.09,0,0.69,10,0,0,0,0,5,10,2,4,2,10,0,2,0,0,0,0,2,10,1,9,10,10
