agentName,agentType,averageSpeed,cumulatedUtilityReceived,freeWallRatio,numBacktrackAgents,numCFPAnswered,numDeadends,numDifferentEncounters,numDirectionChanges,numDownSteps,numForwardAgents,numLeftSteps,numMessagesReceived,numMessagesSent,numNegotiatingAgents,numProposalsAccepted,numProposalsRejected,numRandomAgents,numRightSteps,numSwarmAgents,numTotalEncounters,numUpSteps,numVisitedCells,startingPosition,stepsToExit,xsize,ysize
"agent BacktrackAgent #1",BacktrackAgent,0.16,0,0.69,100,0,0,0,0,6,100,2,0,0,100,0,0,0,6,0,1209,2,17,0,16,10,10
"agent BacktrackAgent #2",BacktrackAgent,0.13,0,0.69,100,0,1,0,1,5,100,4,0,0,100,0,0,0,2,0,732,2,13,1,13,10,10
"agent BacktrackAgent #3",BacktrackAgent,0.09,0,0.69,100,0,0,0,0,0,100,2,0,0,100,0,0,0,5,0,370,2,10,2,9,10,10
"agent BacktrackAgent #4",BacktrackAgent,0.04,0,0.69,100,0,0,0,0,0,100,2,0,0,100,0,0,0,0,0,156,2,5,3,4,10,10
"agent BacktrackAgent #5",BacktrackAgent,0.16,0,0.69,100,0,0,0,0,6,100,2,0,0,100,0,0,0,6,0,1020,2,17,0,16,10,10
"agent BacktrackAgent #6",BacktrackAgent,0.17,0,0.69,100,0,2,0,2,7,100,4,0,0,100,0,0,0,2,0,670,4,15,1,17,10,10
"agent BacktrackAgent #7",BacktrackAgent,0.23,0,0.69,100,0,1,0,1,6,100,3,0,0,100,0,0,0,6,0,627,8,17,2,23,10,10
"agent BacktrackAgent #8",BacktrackAgent,0.04,0,0.69,100,0,0,0,0,0,100,2,0,0,100,0,0,0,0,0,121,2,5,3,4,10,10
"agent BacktrackAgent #9",BacktrackAgent,0.16,0,0.69,100,0,0,0,0,6,100,2,0,0,100,0,0,0,6,0,827,2,17,0,16,10,10
"agent BacktrackAgent #10",BacktrackAgent,0.11,0,0.69,100,0,0,0,0,4,100,4,0,0,100,0,0,0,2,0,362,1,12,1,11,10,10
"agent BacktrackAgent #11",BacktrackAgent,0.23,0,0.69,100,0,1,0,1,6,100,3,0,0,100,0,0,0,6,0,872,8,17,2,23,10,10
"agent BacktrackAgent #12",BacktrackAgent,0.04,0,0.69,100,0,0,0,0,0,100,2,0,0,100,0,0,0,0,0,176,2,5,3,4,10,10
"agent BacktrackAgent #13",BacktrackAgent,0.16,0,0.69,100,0,0,0,0,6,100,2,0,0,100,0,0,0,6,0,1243,2,17,0,16,10,10
"agent BacktrackAgent #14",BacktrackAgent,0.13,0,0.69,100,0,1,0,1,5,100,4,0,0,100,0,0,0,2,0,773,2,13,1,13,10,10
"agent BacktrackAgent #15",BacktrackAgent,0.23,0,0.69,100,0,1,0,1,6,100,3,0,0,100,0,0,0,6,0,848,8,17,2,23,10,10
"agent BacktrackAgent #16",BacktrackAgent,0.28,0,0.69,100,0,1,0,1,6,100,8,0,0,100,0,0,0,6,0,1302,8,17,3,28,10,10
"agent BacktrackAgent #17",BacktrackAgent,0.16,0,0.69,100,0,0,0,0,6,100,2,0,0,100,0,0,0,6,0,1224,2,17,0,16,10,10
"agent BacktrackAgent #18",BacktrackAgent,0.11,0,0.69,100,0,0,0,0,4,100,4,0,0,100,0,0,0,2,0,350,1,12,1,11,10,10
"agent BacktrackAgent #19",BacktrackAgent,0.09,0,0.69,100,0,0,0,0,0,100,2,0,0,100,0,0,0,5,0,419,2,10,2,9,10,10
"agent BacktrackAgent #20",BacktrackAgent,0.28,0,0.69,100,0,1,0,1,6,100,8,0,0,100,0,0,0,6,0,1270,8,17,3,28,10,10
"agent BacktrackAgent #21",BacktrackAgent,0.16,0,0.69,100,0,0,0,0,6,100,2,0,0,100,0,0,0,6,0,1191,2,17,0,16,10,10
"agent BacktrackAgent #22",BacktrackAgent,0.17,0,0.69,100,0,2,0,2,7,100,4,0,0,100,0,0,0,2,0,835,4,15,1,17,10,10
"agent BacktrackAgent #23",BacktrackAgent,0.09,0,0.69,100,0,0,0,0,0,100,2,0,0,100,0,0,0,5,0,409,2,10,2,9,10,10
"agent BacktrackAgent #24",BacktrackAgent,0.28,0,0.69,100,0,1,0,1,6,100,8,0,0,100,0,0,0,6,0,1239,8,17,3,28,10,10
"agent BacktrackAgent #25",BacktrackAgent,0.16,0,0.69,100,0,0,0,0,6,100,2,0,0,100,0,0,0,6,0,1173,2,17,0,16,10,10
"agent BacktrackAgent #26",BacktrackAgent,0.15,0,0.69,100,0,1,0,1,6,100,4,0,0,100,0,0,0,2,0,503,3,14,1,15,10,10
"agent BacktrackAgent #27",BacktrackAgent,0.09,0,0.69,100,0,0,0,0,0,100,2,0,0,100,0,0,0,5,0,399,2,10,2,9,10,10
"agent BacktrackAgent #28",BacktrackAgent,0.28,0,0.69,100,0,1,0,1,6,100,8,0,0,100,0,0,0,6,0,1208,8,17,3,28,10,10
"agent BacktrackAgent #29",BacktrackAgent,0.16,0,0.69,100,0,0,0,0,6,100,2,0,0,100,0,0,0,6,0,1155,2,17,0,16,10,10
"agent BacktrackAgent #30",BacktrackAgent,0.17,0,0.69,100,0,2,0,2,7,100,4,0,0,100,0,0,0,2,0,794,4,15,1,17,10,10
"agent BacktrackAgent #31",BacktrackAgent,0.09,0,0.69,100,0,0,0,0,0,100,2,0,0,100,0,0,0,5,0,389,2,10,2,9,10,10
"agent BacktrackAgent #32",BacktrackAgent,0.28,0,0.69,100,0,1,0,1,6,100,8,0,0,100,0,0,0,6,0,1177,8,17,3,28,10,10
"agent BacktrackAgent #33",BacktrackAgent,0.16,0,0.69,100,0,0,0,0,6,100,2,0,0,100,0,0,0,6,0,1137,2,17,0,16,10,10
"agent BacktrackAgent #34",BacktrackAgent,0.13,0,0.69,100,0,1,0,1,5,100,4,0,0,100,0,0,0,2,0,708,2,13,1,13,10,10
"agent BacktrackAgent #35",BacktrackAgent,0.23,0,0.69,100,0,1,0,1,6,100,3,0,0,100,0,0,0,6,0,809,8,17,2,23,10,10
"agent BacktrackAgent #36",BacktrackAgent,0.28,0,0.69,100,0,1,0,1,6,100,8,0,0,100,0,0,0,6,0,1146,8,17,3,28,10,10
"agent BacktrackAgent #37",BacktrackAgent,0.16,0,0.69,100,0,0,0,0,6,100,2,0,0,100,0,0,0,6,0,1118,2,17,0,16,10,10
"agent BacktrackAgent #38",BacktrackAgent,0.13,0,0.69,100,0,1,0,1,5,100,4,0,0,100,0,0,0,2,0,695,2,13,1,13,10,10
"agent BacktrackAgent #39",BacktrackAgent,0.09,0,0.69,100,0,0,0,0,0,100,2,0,0,100,0,0,0,5,0,377,2,10,2,9,10,10
"agent BacktrackAgent #40",BacktrackAgent,0.04,0,0.69,100,0,0,0,0,0,100,2,0,0,100,0,0,0,0,0,166,2,5,3,4,10,10
"agent BacktrackAgent #41",BacktrackAgent,0.16,0,0.69,100,0,0,0,0,6,100,2,0,0,100,0,0,0,6,0,1102,2,17,0,16,10,10
"agent BacktrackAgent #42",BacktrackAgent,0.17,0,0.69,100,0,2,0,2,7,100,4,0,0,100,0,0,0,2,0,757,4,15,1,17,10,10
"agent BacktrackAgent #43",BacktrackAgent,0.09,0,0.69,100,0,0,0,0,0,100,2,0,0,100,0,0,0,5,0,360,2,10,2,9,10,10
"agent BacktrackAgent #44",BacktrackAgent,0.04,0,0.69,100,0,0,0,0,0,100,2,0,0,100,0,0,0,0,0,162,2,5,3,4,10,10
"agent BacktrackAgent #45",BacktrackAgent,0.16,0,0.69,100,0,0,0,0,6,100,2,0,0,100,0,0,0,6,0,1086,2,17,0,16,10,10
"agent BacktrackAgent #46",BacktrackAgent,0.13,0,0.69,100,0,1,0,1,5,100,4,0,0,100,0,0,0,2,0,672,2,13,1,13,10,10
"agent BacktrackAgent #47",BacktrackAgent,0.23,0,0.69,100,0,1,0,1,6,100,3,0,0,100,0,0,0,6,0,780,8,17,2,23,10,10
"agent BacktrackAgent #48",BacktrackAgent,0.04,0,0.69,100,0,0,0,0,0,100,2,0,0,100,0,0,0,0,0,158,2,5,3,4,10,10
"agent BacktrackAgent #49",BacktrackAgent,0.16,0,0.69,100,0,0,0,0,6,100,2,0,0,100,0,0,0,6,0,1069,2,17,0,16,10,10
"agent BacktrackAgent #50",BacktrackAgent,0.13,0,0.69,100,0,1,0,1,5,100,4,0,0,100,0,0,0,2,0,659,2,13,1,13,10,10
"agent BacktrackAgent #51",BacktrackAgent,0.23,0,0.69,100,0,1,0,1,6,100,3,0,0,100,0,0,0,6,0,756,8,17,2,23,10,10
"agent BacktrackAgent #52",BacktrackAgent,0.04,0,0.69,100,0,0,0,0,0,100,2,0,0,100,0,0,0,0,0,151,2,5,3,4,10,10
"agent BacktrackAgent #53",BacktrackAgent,0.16,0,0.69,100,0,0,0,0,6,100,2,0,0,100,0,0,0,6,0,1052,2,17,0,16,10,10
"agent BacktrackAgent #54",BacktrackAgent,0.11,0,0.69,100,0,0,0,0,4,100,4,0,0,100,0,0,0,2,0,324,1,12,1,11,10,10
"agent BacktrackAgent #55",BacktrackAgent,0.09,0,0.69,100,0,0,0,0,0,100,2,0,0,100,0,0,0,5,0,349,2,10,2,9,10,10
"agent BacktrackAgent #56",BacktrackAgent,0.04,0,0.69,100,0,0,0,0,0,100,2,0,0,100,0,0,0,0,0,147,2,5,3,4,10,10
"agent BacktrackAgent #57",BacktrackAgent,0.16,0,0.69,100,0,0,0,0,6,100,2,0,0,100,0,0,0,6,0,1036,2,17,0,16,10,10
"agent BacktrackAgent #58",BacktrackAgent,0.13,0,0.69,100,0,1,0,1,5,100,4,0,0,100,0,0,0,2,0,635,2,13,1,13,10,10
"agent BacktrackAgent #59",BacktrackAgent,0.09,0,0.69,100,0,0,0,0,0,100,2,0,0,100,0,0,0,5,0,340,2,10,2,9,10,10
"agent BacktrackAgent #60",BacktrackAgent,0.04,0,0.69,100,0,0,0,0,0,100,2,0,0,100,0,0,0,0,0,143,2,5,3,4,10,10
"agent BacktrackAgent #61",BacktrackAgent,0.16,0,0.69,100,0,0,0,0,6,100,2,0,0,100,0,0,0,6,0,1005,2,17,0,16,10,10
"agent BacktrackAgent #62",BacktrackAgent,0.15,0,0.69,100,0,1,0,1,6,100,4,0,0,100,0,0,0,2,0,448,3,14,1,15,10,10
"agent BacktrackAgent #63",BacktrackAgent,0.09,0,0.69,100,0,0,0,0,0,100,2,0,0,100,0,0,0,5,0,331,2,10,2,9,10,10
"agent BacktrackAgent #64",BacktrackAgent,0.04,0,0.69,100,0,0,0,0,0,100,2,0,0,100,0,0,0,0,0,139,2,5,3,4,10,10
"agent BacktrackAgent #65",BacktrackAgent,0.16,0,0.69,100,0,0,0,0,6,100,2,0,0,100,0,0,0,6,0,989,2,17,0,16,10,10
"agent BacktrackAgent #66",BacktrackAgent,0.17,0,0.69,100,0,2,0,2,7,100,4,0,0,100,0,0,0,2,0,686,4,15,1,17,10,10
"agent BacktrackAgent #67",BacktrackAgent,0.23,0,0.69,100,0,1,0,1,6,100,3,0,0,100,0,0,0,6,0,724,8,17,2,23,10,10
"agent BacktrackAgent #68",BacktrackAgent,0.04,0,0.69,100,0,0,0,0,0,100,2,0,0,100,0,0,0,0,0,135,2,5,3,4,10,10
"agent BacktrackAgent #69",BacktrackAgent,0.16,0,0.69,100,0,0,0,0,6,100,2,0,0,100,0,0,0,6,0,972,2,17,0,16,10,10
"agent BacktrackAgent #70",BacktrackAgent,0.17,0,0.69,100,0,2,0,2,7,100,4,0,0,100,0,0,0,2,0,653,4,15,1,17,10,10
"agent BacktrackAgent #71",BacktrackAgent,0.23,0,0.69,100,0,1,0,1,6,100,3,0,0,100,0,0,0,6,0,700,8,17,2,23,10,10
"agent BacktrackAgent #72",BacktrackAgent,0.28,0,0.69,100,0,1,0,1,6,100,8,0,0,100,0,0,0,6,0,1080,8,17,3,28,10,10
"agent BacktrackAgent #73",BacktrackAgent,0.16,0,0.69,100,0,0,0,0,6,100,2,0,0,100,0,0,0,6,0,952,2,17,0,16,10,10
"agent BacktrackAgent #74",BacktrackAgent,0.13,0,0.69,100,0,1,0,1,5,100,4,0,0,100,0,0,0,2,0,584,2,13,1,13,10,10
"agent BacktrackAgent #75",BacktrackAgent,0.23,0,0.69,100,0,1,0,1,6,100,3,0,0,100,0,0,0,6,0,675,8,17,2,23,10,10
"agent BacktrackAgent #76",BacktrackAgent,0.28,0,0.69,100,0,1,0,1,6,100,8,0,0,100,0,0,0,6,0,1049,8,17,3,28,10,10
"agent BacktrackAgent #77",BacktrackAgent,0.16,0,0.69,100,0,0,0,0,6,100,2,0,0,100,0,0,0,6,0,933,2,17,0,16,10,10
"agent BacktrackAgent #78",BacktrackAgent,0.13,0,0.69,100,0,1,0,1,5,100,4,0,0,100,0,0,0,2,0,571,2,13,1,13,10,10
"agent BacktrackAgent #79",BacktrackAgent,0.23,0,0.69,100,0,1,0,1,6,100,3,0,0,100,0,0,0,6,0,650,8,17,2,23,10,10
"agent BacktrackAgent #80",BacktrackAgent,0.04,0,0.69,100,0,0,0,0,0,100,2,0,0,100,0,0,0,0,0,129,2,5,3,4,10,10
"agent BacktrackAgent #81",BacktrackAgent,0.16,0,0.69,100,0,0,0,0,6,100,2,0,0,100,0,0,0,6,0,914,2,17,0,16,10,10
"agent BacktrackAgent #82",BacktrackAgent,0.11,0,0.69,100,0,0,0,0,4,100,4,0,0,100,0,0,0,2,0,300,1,12,1,11,10,10
"agent BacktrackAgent #83",BacktrackAgent,0.09,0,0.69,100,0,0,0,0,0,100,2,0,0,100,0,0,0,5,0,316,2,10,2,9,10,10
"agent BacktrackAgent #84",BacktrackAgent,0.04,0,0.69,100,0,0,0,0,0,100,2,0,0,100,0,0,0,0,0,125,2,5,3,4,10,10
"agent BacktrackAgent #85",BacktrackAgent,0.16,0,0.69,100,0,0,0,0,6,100,2,0,0,100,0,0,0,6,0,898,2,17,0,16,10,10
"agent BacktrackAgent #86",BacktrackAgent,0.15,0,0.69,100,0,1,0,1,6,100,4,0,0,100,0,0,0,2,0,408,3,14,1,15,10,10
"agent BacktrackAgent #87",BacktrackAgent,0.23,0,0.69,100,0,1,0,1,6,100,3,0,0,100,0,0,0,6,0,602,8,17,2,23,10,10
"agent BacktrackAgent #88",BacktrackAgent,0.28,0,0.69,100,0,1,0,1,6,100,8,0,0,100,0,0,0,6,0,1008,8,17,3,28,10,10
"agent BacktrackAgent #89",BacktrackAgent,0.16,0,0.69,100,0,0,0,0,6,100,2,0,0,100,0,0,0,6,0,879,2,17,0,16,10,10
"agent BacktrackAgent #90",BacktrackAgent,0.13,0,0.69,100,0,1,0,1,5,100,4,0,0,100,0,0,0,2,0,538,2,13,1,13,10,10
"agent BacktrackAgent #91",BacktrackAgent,0.23,0,0.69,100,0,1,0,1,6,100,3,0,0,100,0,0,0,6,0,577,8,17,2,23,10,10
"agent BacktrackAgent #92",BacktrackAgent,0.28,0,0.69,100,0,1,0,1,6,100,8,0,0,100,0,0,0,6,0,977,8,17,3,28,10,10
"agent BacktrackAgent #93",BacktrackAgent,0.16,0,0.69,100,0,0,0,0,6,100,2,0,0,100,0,0,0,6,0,860,2,17,0,16,10,10
"agent BacktrackAgent #94",BacktrackAgent,0.17,0,0.69,100,0,2,0,2,7,100,4,0,0,100,0,0,0,2,0,582,4,15,1,17,10,10
"agent BacktrackAgent #95",BacktrackAgent,0.23,0,0.69,100,0,1,0,1,6,100,3,0,0,100,0,0,0,6,0,552,8,17,2,23,10,10
"agent BacktrackAgent #96",BacktrackAgent,0.04,0,0.69,100,0,0,0,0,0,100,2,0,0,100,0,0,0,0,0,116,2,5,3,4,10,10
"agent BacktrackAgent #97",BacktrackAgent,0.16,0,0.69,100,0,0,0,0,6,100,2,0,0,100,0,0,0,6,0,843,2,17,0,16,10,10
"agent BacktrackAgent #98",BacktrackAgent,0.11,0,0.69,100,0,0,0,0,4,100,4,0,0,100,0,0,0,2,0,279,1,12,1,11,10,10
"agent BacktrackAgent #99",BacktrackAgent,0.23,0,0.69,100,0,1,0,1,6,100,3,0,0,100,0,0,0,6,0,528,8,17,2,23,10,10
"agent BacktrackAgent #100",BacktrackAgent,0.04,0,0.69,100,0,0,0,0,0,100,2,0,0,100,0,0,0,0,0,158,2,5,3,4,10,10
"agent ForwardAgent #101",ForwardAgent,0.16,0,0.69,100,0,0,0,0,6,100,2,0,0,100,0,0,0,6,0,811,2,17,0,16,10,10
"agent ForwardAgent #102",ForwardAgent,0.31,0,0.69,100,0,2,0,2,10,100,8,0,0,100,0,0,0,6,0,402,7,15,1,31,10,10
"agent ForwardAgent #103",ForwardAgent,0.09,0,0.69,100,0,0,0,0,0,100,2,0,0,100,0,0,0,5,0,301,2,10,2,9,10,10
"agent ForwardAgent #104",ForwardAgent,0.28,0,0.69,100,0,1,0,1,6,100,8,0,0,100,0,0,0,6,0,938,8,17,3,28,10,10
"agent ForwardAgent #105",ForwardAgent,0.16,0,0.69,100,0,0,0,0,6,100,2,0,0,100,0,0,0,6,0,793,2,17,0,16,10,10
"agent ForwardAgent #106",ForwardAgent,0.33,0,0.69,100,0,3,0,3,11,100,8,0,0,100,0,0,0,6,0,596,8,15,1,33,10,10
"agent ForwardAgent #107",ForwardAgent,0.23,0,0.69,100,0,1,0,1,6,100,3,0,0,100,0,0,0,6,0,499,8,17,2,23,10,10
"agent ForwardAgent #108",ForwardAgent,0.28,0,0.69,100,0,1,0,1,6,100,8,0,0,100,0,0,0,6,0,907,8,17,3,28,10,10
"agent ForwardAgent #109",ForwardAgent,0.16,0,0.69,100,0,0,0,0,6,100,2,0,0,100,0,0,0,6,0,774,2,17,0,16,10,10
"agent ForwardAgent #110",ForwardAgent,0.13,0,0.69,100,0,1,0,1,5,100,4,0,0,100,0,0,0,2,0,485,2,13,1,13,10,10
"agent ForwardAgent #111",ForwardAgent,0.23,0,0.69,100,0,1,0,1,6,100,3,0,0,100,0,0,0,6,0,474,8,17,2,23,10,10
"agent ForwardAgent #112",ForwardAgent,0.04,0,0.69,100,0,0,0,0,0,100,2,0,0,100,0,0,0,0,0,110,2,5,3,4,10,10
"agent ForwardAgent #113",ForwardAgent,0.16,0,0.69,100,0,0,0,0,6,100,2,0,0,100,0,0,0,6,0,757,2,17,0,16,10,10
"agent ForwardAgent #114",ForwardAgent,0.13,0,0.69,100,0,1,0,1,5,100,4,0,0,100,0,0,0,2,0,472,2,13,1,13,10,10
"agent ForwardAgent #115",ForwardAgent,0.23,0,0.69,100,0,1,0,1,6,100,3,0,0,100,0,0,0,6,0,450,8,17,2,23,10,10
"agent ForwardAgent #116",ForwardAgent,0.04,0,0.69,100,0,0,0,0,0,100,2,0,0,100,0,0,0,0,0,106,2,5,3,4,10,10
"agent ForwardAgent #117",ForwardAgent,0.16,0,0.69,100,0,0,0,0,6,100,2,0,0,100,0,0,0,6,0,740,2,17,0,16,10,10
"agent ForwardAgent #118",ForwardAgent,0.17,0,0.69,100,0,2,0,2,7,100,4,0,0,100,0,0,0,2,0,509,4,15,1,17,10,10
"agent ForwardAgent #119",ForwardAgent,0.09,0,0.69,100,0,0,0,0,0,100,2,0,0,100,0,0,0,5,0,287,2,10,2,9,10,10
"agent ForwardAgent #120",ForwardAgent,0.28,0,0.69,100,0,1,0,1,6,100,8,0,0,100,0,0,0,6,0,868,8,17,3,28,10,10
"agent ForwardAgent #121",ForwardAgent,0.16,0,0.69,100,0,0,0,0,6,100,2,0,0,100,0,0,0,6,0,722,2,17,0,16,10,10
"agent ForwardAgent #122",ForwardAgent,0.11,0,0.69,100,0,0,0,0,4,100,4,0,0,100,0,0,0,2,0,256,1,12,1,11,10,10
"agent ForwardAgent #123",ForwardAgent,0.09,0,0.69,100,0,0,0,0,0,100,2,0,0,100,0,0,0,5,0,277,2,10,2,9,10,10
"agent ForwardAgent #124",ForwardAgent,0.28,0,0.69,100,0,1,0,1,6,100,8,0,0,100,0,0,0,6,0,837,8,17,3,28,10,10
"agent ForwardAgent #125",ForwardAgent,0.16,0,0.69,100,0,0,0,0,6,100,2,0,0,100,0,0,0,6,0,704,2,17,0,16,10,10
"agent ForwardAgent #126",ForwardAgent,0.13,0,0.69,100,0,1,0,1,5,100,4,0,0,100,0,0,0,2,0,438,2,13,1,13,10,10
"agent ForwardAgent #127",ForwardAgent,0.09,0,0.69,100,0,0,0,0,0,100,2,0,0,100,0,0,0,5,0,267,2,10,2,9,10,10
"agent ForwardAgent #128",ForwardAgent,0.04,0,0.69,100,0,0,0,0,0,100,2,0,0,100,0,0,0,0,0,100,2,5,3,4,10,10
"agent ForwardAgent #129",ForwardAgent,0.16,0,0.69,100,0,0,0,0,6,100,2,0,0,100,0,0,0,6,0,688,2,17,0,16,10,10
"agent ForwardAgent #130",ForwardAgent,0.11,0,0.69,100,0,0,0,0,4,100,4,0,0,100,0,0,0,2,0,244,1,12,1,11,10,10
"agent ForwardAgent #131",ForwardAgent,0.09,0,0.69,100,0,0,0,0,0,100,2,0,0,100,0,0,0,5,0,258,2,10,2,9,10,10
"agent ForwardAgent #132",ForwardAgent,0.28,0,0.69,100,0,1,0,1,6,100,8,0,0,100,0,0,0,6,0,802,8,17,3,28,10,10
"agent ForwardAgent #133",ForwardAgent,0.16,0,0.69,100,0,0,0,0,6,100,2,0,0,100,0,0,0,6,0,670,2,17,0,16,10,10
"agent ForwardAgent #134",ForwardAgent,0.15,0,0.69,100,0,1,0,1,6,100,4,0,0,100,0,0,0,2,0,327,3,14,1,15,10,10
"agent ForwardAgent #135",ForwardAgent,0.09,0,0.69,100,0,0,0,0,0,100,2,0,0,100,0,0,0,5,0,248,2,10,2,9,10,10
"agent ForwardAgent #136",ForwardAgent,0.04,0,0.69,100,0,0,0,0,0,100,2,0,0,100,0,0,0,0,0,95,2,5,3,4,10,10
"agent ForwardAgent #137",ForwardAgent,0.16,0,0.69,100,0,0,0,0,6,100,2,0,0,100,0,0,0,6,0,654,2,17,0,16,10,10
"agent ForwardAgent #138",ForwardAgent,0.15,0,0.69,100,0,1,0,1,6,100,4,0,0,100,0,0,0,2,0,312,3,14,1,15,10,10
"agent ForwardAgent #139",ForwardAgent,0.09,0,0.69,100,0,0,0,0,0,100,2,0,0,100,0,0,0,5,0,239,2,10,2,9,10,10
"agent ForwardAgent #140",ForwardAgent,0.04,0,0.69,100,0,0,0,0,0,100,2,0,0,100,0,0,0,0,0,91,2,5,3,4,10,10
"agent ForwardAgent #141",ForwardAgent,0.16,0,0.69,100,0,0,0,0,6,100,2,0,0,100,0,0,0,6,0,638,2,17,0,16,10,10
"agent ForwardAgent #142",ForwardAgent,0.31,0,0.69,100,0,2,0,2,10,100,8,0,0,100,0,0,0,6,0,314,7,15,1,31,10,10
"agent ForwardAgent #143",ForwardAgent,0.09,0,0.69,100,0,0,0,0,0,100,2,0,0,100,0,0,0,5,0,230,2,10,2,9,10,10
"agent ForwardAgent #144",ForwardAgent,0.28,0,0.69,100,0,1,0,1,6,100,8,0,0,100,0,0,0,6,0,763,8,17,3,28,10,10
"agent ForwardAgent #145",ForwardAgent,0.16,0,0.69,100,0,0,0,0,6,100,2,0,0,100,0,0,0,6,0,620,2,17,0,16,10,10
"agent ForwardAgent #146",ForwardAgent,0.75,0,0.69,100,0,7,0,7,24,100,16,0,0,100,0,0,0,14,0,294,21,15,1,75,10,10
"agent ForwardAgent #147",ForwardAgent,0.23,0,0.69,100,0,1,0,1,6,100,3,0,0,100,0,0,0,6,0,408,8,17,2,23,10,10
"agent ForwardAgent #148",ForwardAgent,0.04,0,0.69,100,0,0,0,0,0,100,2,0,0,100,0,0,0,0,0,86,2,5,3,4,10,10
"agent ForwardAgent #149",ForwardAgent,0.16,0,0.69,100,0,0,0,0,6,100,2,0,0,100,0,0,0,6,0,603,2,17,0,16,10,10
"agent ForwardAgent #150",ForwardAgent,0.35,0,0.69,100,0,3,0,3,12,100,8,0,0,100,0,0,0,6,0,267,9,15,1,35,10,10
"agent ForwardAgent #151",ForwardAgent,0.09,0,0.69,100,0,0,0,0,0,100,2,0,0,100,0,0,0,5,0,219,2,10,2,9,10,10
"agent ForwardAgent #152",ForwardAgent,0.28,0,0.69,100,0,1,0,1,6,100,8,0,0,100,0,0,0,6,0,728,8,17,3,28,10,10
"agent ForwardAgent #153",ForwardAgent,0.16,0,0.69,100,0,0,0,0,6,100,2,0,0,100,0,0,0,6,0,585,2,17,0,16,10,10
"agent ForwardAgent #154",ForwardAgent,0.35,0,0.69,100,0,3,0,3,12,100,8,0,0,100,0,0,0,6,0,232,9,15,1,35,10,10
"agent ForwardAgent #155",ForwardAgent,0.09,0,0.69,100,0,0,0,0,0,100,2,0,0,100,0,0,0,5,0,209,2,10,2,9,10,10
"agent ForwardAgent #156",ForwardAgent,0.28,0,0.69,100,0,1,0,1,6,100,8,0,0,100,0,0,0,6,0,697,8,17,3,28,10,10
"agent ForwardAgent #157",ForwardAgent,0.16,0,0.69,100,0,0,0,0,6,100,2,0,0,100,0,0,0,6,0,567,2,17,0,16,10,10
"agent ForwardAgent #158",ForwardAgent,0.13,0,0.69,100,0,1,0,1,5,100,4,0,0,100,0,0,0,2,0,360,2,13,1,13,10,10
"agent ForwardAgent #159",ForwardAgent,0.09,0,0.69,100,0,0,0,0,0,100,2,0,0,100,0,0,0,5,0,199,2,10,2,9,10,10
"agent ForwardAgent #160",ForwardAgent,0.28,0,0.69,100,0,1,0,1,6,100,8,0,0,100,0,0,0,6,0,666,8,17,3,28,10,10
"agent ForwardAgent #161",ForwardAgent,0.16,0,0.69,100,0,0,0,0,6,100,2,0,0,100,0,0,0,6,0,549,2,17,0,16,10,10
"agent ForwardAgent #162",ForwardAgent,0.11,0,0.69,100,0,0,0,0,4,100,4,0,0,100,0,0,0,2,0,184,1,12,1,11,10,10
"agent ForwardAgent #163",ForwardAgent,0.23,0,0.69,100,0,1,0,1,6,100,3,0,0,100,0,0,0,6,0,375,8,17,2,23,10,10
"agent ForwardAgent #164",ForwardAgent,0.28,0,0.69,100,0,1,0,1,6,100,8,0,0,100,0,0,0,6,0,635,8,17,3,28,10,10
"agent ForwardAgent #165",ForwardAgent,0.16,0,0.69,100,0,0,0,0,6,100,2,0,0,100,0,0,0,6,0,530,2,17,0,16,10,10
"agent ForwardAgent #166",ForwardAgent,0.13,0,0.69,100,0,1,0,1,5,100,4,0,0,100,0,0,0,2,0,336,2,13,1,13,10,10
"agent ForwardAgent #167",ForwardAgent,0.09,0,0.69,100,0,0,0,0,0,100,2,0,0,100,0,0,0,5,0,187,2,10,2,9,10,10
"agent ForwardAgent #168",ForwardAgent,0.28,0,0.69,100,0,1,0,1,6,100,8,0,0,100,0,0,0,6,0,604,8,17,3,28,10,10
"agent ForwardAgent #169",ForwardAgent,0.16,0,0.69,100,0,0,0,0,6,100,2,0,0,100,0,0,0,6,0,512,2,17,0,16,10,10
"agent ForwardAgent #170",ForwardAgent,0.11,0,0.69,100,0,0,0,0,4,100,4,0,0,100,0,0,0,2,0,172,1,12,1,11,10,10
"agent ForwardAgent #171",ForwardAgent,0.23,0,0.69,100,0,1,0,1,6,100,3,0,0,100,0,0,0,6,0,347,8,17,2,23,10,10
"agent ForwardAgent #172",ForwardAgent,0.04,0,0.69,100,0,0,0,0,0,100,2,0,0,100,0,0,0,0,0,77,2,5,3,4,10,10
"agent ForwardAgent #173",ForwardAgent,0.16,0,0.69,100,0,0,0,0,6,100,2,0,0,100,0,0,0,6,0,495,2,17,0,16,10,10
"agent ForwardAgent #174",ForwardAgent,0.11,0,0.69,100,0,0,0,0,4,100,4,0,0,100,0,0,0,2,0,161,1,12,1,11,10,10
"agent ForwardAgent #175",ForwardAgent,0.23,0,0.69,100,0,1,0,1,6,100,3,0,0,100,0,0,0,6,0,323,8,17,2,23,10,10
"agent ForwardAgent #176",ForwardAgent,0.04,0,0.69,100,0,0,0,0,0,100,2,0,0,100,0,0,0,0,0,73,2,5,3,4,10,10
"agent ForwardAgent #177",ForwardAgent,0.16,0,0.69,100,0,0,0,0,6,100,2,0,0,100,0,0,0,6,0,478,2,17,0,16,10,10
"agent ForwardAgent #178",ForwardAgent,0.11,0,0.69,100,0,0,0,0,4,100,4,0,0,100,0,0,0,2,0,150,1,12,1,11,10,10
"agent ForwardAgent #179",ForwardAgent,0.09,0,0.69,100,0,0,0,0,0,100,2,0,0,100,0,0,0,5,0,175,2,10,2,9,10,10
"agent ForwardAgent #180",ForwardAgent,0.04,0,0.69,100,0,0,0,0,0,100,2,0,0,100,0,0,0,0,0,69,2,5,3,4,10,10
"agent ForwardAgent #181",ForwardAgent,0.16,0,0.69,100,0,0,0,0,6,100,2,0,0,100,0,0,0,6,0,462,2,17,0,16,10,10
"agent ForwardAgent #182",ForwardAgent,0.13,0,0.69,100,0,1,0,1,5,100,4,0,0,100,0,0,0,2,0,290,2,13,1,13,10,10
"agent ForwardAgent #183",ForwardAgent,0.23,0,0.69,100,0,1,0,1,6,100,3,0,0,100,0,0,0,6,0,297,8,17,2,23,10,10
"agent ForwardAgent #184",ForwardAgent,0.04,0,0.69,100,0,0,0,0,0,100,2,0,0,100,0,0,0,0,0,65,2,5,3,4,10,10
"agent ForwardAgent #185",ForwardAgent,0.16,0,0.69,100,0,0,0,0,6,100,2,0,0,100,0,0,0,6,0,445,2,17,0,16,10,10
"agent ForwardAgent #186",ForwardAgent,0.11,0,0.69,100,0,0,0,0,4,100,4,0,0,100,0,0,0,2,0,138,1,12,1,11,10,10
"agent ForwardAgent #187",ForwardAgent,0.23,0,0.69,100,0,1,0,1,6,100,3,0,0,100,0,0,0,6,0,273,8,17,2,23,10,10
"agent ForwardAgent #188",ForwardAgent,0.04,0,0.69,100,0,0,0,0,0,100,2,0,0,100,0,0,0,0,0,61,2,5,3,4,10,10
"agent ForwardAgent #189",ForwardAgent,0.16,0,0.69,100,0,0,0,0,6,100,2,0,0,100,0,0,0,6,0,428,2,17,0,16,10,10
"agent ForwardAgent #190",ForwardAgent,0.13,0,0.69,100,0,1,0,1,5,100,4,0,0,100,0,0,0,2,0,266,2,13,1,13,10,10
"agent ForwardAgent #191",ForwardAgent,0.23,0,0.69,100,0,1,0,1,6,100,3,0,0,100,0,0,0,6,0,249,8,17,2,23,10,10
"agent ForwardAgent #192",ForwardAgent,0.28,0,0.69,100,0,1,0,1,6,100,8,0,0,100,0,0,0,6,0,553,8,17,3,28,10,10
"agent ForwardAgent #193",ForwardAgent,0.16,0,0.69,100,0,0,0,0,6,100,2,0,0,100,0,0,0,6,0,409,2,17,0,16,10,10
"agent ForwardAgent #194",ForwardAgent,0.17,0,0.69,100,0,2,0,2,7,100,4,0,0,100,0,0,0,2,0,297,4,15,1,17,10,10
"agent ForwardAgent #195",ForwardAgent,0.23,0,0.69,100,0,1,0,1,6,100,3,0,0,100,0,0,0,6,0,224,8,17,2,23,10,10
"agent ForwardAgent #196",ForwardAgent,0.28,0,0.69,100,0,1,0,1,6,100,8,0,0,100,0,0,0,6,0,522,8,17,3,28,10,10
"agent ForwardAgent #197",ForwardAgent,0.16,0,0.69,100,0,0,0,0,6,100,2,0,0,100,0,0,0,6,0,390,2,17,0,16,10,10
"agent ForwardAgent #198",ForwardAgent,0.37,0,0.69,100,0,4,0,4,13,100,8,0,0,100,0,0,0,6,0,261,10,15,1,37,10,10
"agent ForwardAgent #199",ForwardAgent,0.09,0,0.69,100,0,0,0,0,0,100,2,0,0,100,0,0,0,5,0,160,2,10,2,9,10,10
"agent ForwardAgent #200",ForwardAgent,0.28,0,0.69,100,0,1,0,1,6,100,8,0,0,100,0,0,0,6,0,491,8,17,3,28,10,10
"agent NegotiatingAgent #201",NegotiatingAgent,0.16,0,0.69,100,17,0,0,0,6,100,2,34,35,100,0,0,0,6,0,156,2,17,0,16,10,10
"agent NegotiatingAgent #202",NegotiatingAgent,0.11,3,0.69,100,11,0,0,0,4,100,4,22,17,100,0,0,0,2,0,72,1,12,1,11,10,10
"agent NegotiatingAgent #203",NegotiatingAgent,0.23,0,0.69,100,20,1,0,1,6,100,3,41,40,100,0,0,0,6,0,139,8,17,2,23,10,10
"agent NegotiatingAgent #204",NegotiatingAgent,0.04,0,0.69,100,1,0,0,0,0,100,2,1,4,100,0,0,0,0,0,46,2,5,3,4,10,10
"agent NegotiatingAgent #205",NegotiatingAgent,0.16,0,0.69,100,11,0,0,0,6,100,2,24,25,100,0,0,0,6,0,128,2,17,0,16,10,10
"agent NegotiatingAgent #206",NegotiatingAgent,0.17,8,0.69,100,9,2,0,2,7,100,4,18,11,100,0,0,0,2,0,72,4,15,1,17,10,10
"agent NegotiatingAgent #207",NegotiatingAgent,0.09,0,0.69,100,9,0,0,0,0,100,2,18,19,100,0,0,0,5,0,102,2,10,2,9,10,10
"agent NegotiatingAgent #208",NegotiatingAgent,0.04,0,0.69,100,3,0,0,0,0,100,2,6,7,100,0,0,0,0,0,42,2,5,3,4,10,10
"agent NegotiatingAgent #209",NegotiatingAgent,0.16,0,0.69,100,7,0,0,0,6,100,2,20,20,100,0,1,0,6,0,266,2,17,0,16,10,10
"agent NegotiatingAgent #210",NegotiatingAgent,0.11,0,0.69,100,6,0,0,0,4,100,4,14,15,100,0,0,0,2,0,117,1,12,1,11,10,10
"agent NegotiatingAgent #211",NegotiatingAgent,0.09,0,0.69,100,7,0,0,0,0,100,2,16,17,100,0,0,0,5,0,110,2,10,2,9,10,10
"agent NegotiatingAgent #212",NegotiatingAgent,0.28,0,0.69,100,18,1,0,1,6,100,8,43,31,100,0,2,0,6,0,205,8,17,3,28,10,10
"agent NegotiatingAgent #213",NegotiatingAgent,0.16,0,0.69,100,9,0,0,0,6,100,2,23,23,100,0,0,0,6,0,226,2,17,0,16,10,10
"agent NegotiatingAgent #214",NegotiatingAgent,0.15,0,0.69,100,7,1,0,1,6,100,4,18,18,100,0,0,0,2,0,126,3,14,1,15,10,10
"agent NegotiatingAgent #215",NegotiatingAgent,0.09,0,0.69,100,5,0,0,0,0,100,2,12,13,100,0,0,0,5,0,117,2,10,2,9,10,10
"agent NegotiatingAgent #216",NegotiatingAgent,0.04,0,0.69,100,0,0,0,0,0,100,2,2,2,100,0,0,0,0,0,45,2,5,3,4,10,10
"agent NegotiatingAgent #217",NegotiatingAgent,0.16,0,0.69,100,0,0,0,0,6,100,2,14,13,100,0,1,0,6,0,333,2,17,0,16,10,10
"agent NegotiatingAgent #218",NegotiatingAgent,0.15,0,0.69,100,0,1,0,1,6,100,4,14,11,100,0,3,0,2,0,156,3,14,1,15,10,10
"agent NegotiatingAgent #219",NegotiatingAgent,0.23,0,0.69,100,13,1,0,1,6,100,3,33,31,100,0,1,0,6,0,141,8,17,2,23,10,10
"agent NegotiatingAgent #220",NegotiatingAgent,0.28,12,0.69,100,1,1,0,1,6,100,8,24,24,100,0,2,0,6,0,399,8,17,3,28,10,10
"agent NegotiatingAgent #221",NegotiatingAgent,0.16,0,0.69,100,0,0,0,0,6,100,2,14,12,100,0,2,0,6,0,314,2,17,0,16,10,10
"agent NegotiatingAgent #222",NegotiatingAgent,0.13,4,0.69,100,4,1,0,1,5,100,4,13,13,100,0,1,0,2,0,187,2,13,1,13,10,10
"agent NegotiatingAgent #223",NegotiatingAgent,0.09,0,0.69,100,7,0,0,0,0,100,2,16,14,100,0,0,0,5,0,89,2,10,2,9,10,10
"agent NegotiatingAgent #224",NegotiatingAgent,0.28,0,0.69,100,0,1,0,1,6,100,8,28,24,100,1,4,0,6,0,369,8,17,3,28,10,10
"agent NegotiatingAgent #225",NegotiatingAgent,0.16,0,0.69,100,0,0,0,0,6,100,2,14,12,100,0,2,0,6,0,292,2,17,0,16,10,10
"agent NegotiatingAgent #226",NegotiatingAgent,0.13,0,0.69,100,4,1,0,1,5,100,4,13,14,100,0,0,0,2,0,174,2,13,1,13,10,10
"agent NegotiatingAgent #227",NegotiatingAgent,0.23,0,0.69,100,13,1,0,1,6,100,3,31,29,100,0,0,0,6,0,150,8,17,2,23,10,10
"agent NegotiatingAgent #228",NegotiatingAgent,0.28,0,0.69,100,13,1,0,1,6,100,8,38,26,100,0,2,0,6,0,205,8,17,3,28,10,10
"agent NegotiatingAgent #229",NegotiatingAgent,0.16,0,0.69,100,0,0,0,0,6,100,2,14,12,100,0,2,0,6,0,273,2,17,0,16,10,10
"agent NegotiatingAgent #230",NegotiatingAgent,0.11,0,0.69,100,6,0,0,0,4,100,4,14,14,100,0,0,0,2,0,74,1,12,1,11,10,10
"agent NegotiatingAgent #231",NegotiatingAgent,0.09,0,0.69,100,0,0,0,0,0,100,2,8,7,100,0,1,0,5,0,120,2,10,2,9,10,10
"agent NegotiatingAgent #232",NegotiatingAgent,0.28,0,0.69,100,0,1,0,1,6,100,8,27,21,100,0,6,0,6,0,329,8,17,3,28,10,10
"agent NegotiatingAgent #233",NegotiatingAgent,0.16,0,0.69,100,0,0,0,0,6,100,2,14,12,100,0,2,0,6,0,255,2,17,0,16,10,10
"agent NegotiatingAgent #234",NegotiatingAgent,0.11,0,0.69,100,0,0,0,0,4,100,4,10,10,100,0,0,0,2,0,88,1,12,1,11,10,10
"agent NegotiatingAgent #235",NegotiatingAgent,0.09,0,0.69,100,0,0,0,0,0,100,2,8,8,100,0,0,0,5,0,110,2,10,2,9,10,10
"agent NegotiatingAgent #236",NegotiatingAgent,0.04,0,0.69,100,0,0,0,0,0,100,2,1,2,100,0,0,0,0,0,37,2,5,3,4,10,10
"agent NegotiatingAgent #237",NegotiatingAgent,0.16,0,0.69,100,0,0,0,0,6,100,2,14,13,100,0,1,0,6,0,239,2,17,0,16,10,10
"agent NegotiatingAgent #238",NegotiatingAgent,0.17,0,0.69,100,0,2,0,2,7,100,4,15,12,100,0,3,0,2,0,170,4,15,1,17,10,10
"agent NegotiatingAgent #239",NegotiatingAgent,0.09,0,0.69,100,4,0,0,0,0,100,2,9,8,100,0,0,0,5,0,84,2,10,2,9,10,10
"agent NegotiatingAgent #240",NegotiatingAgent,0.28,0,0.69,100,0,1,0,1,6,100,8,27,24,100,0,3,0,6,0,294,8,17,3,28,10,10
"agent NegotiatingAgent #241",NegotiatingAgent,0.16,0,0.69,100,7,0,0,0,6,100,2,21,22,100,0,0,0,6,0,92,2,17,0,16,10,10
"agent NegotiatingAgent #242",NegotiatingAgent,0.13,0,0.69,100,0,1,0,1,5,100,4,12,12,100,0,0,0,2,0,149,2,13,1,13,10,10
"agent NegotiatingAgent #243",NegotiatingAgent,0.23,0,0.69,100,2,1,0,1,6,100,3,23,24,100,0,0,0,6,0,60,8,17,2,23,10,10
"agent NegotiatingAgent #244",NegotiatingAgent,0.04,0,0.69,100,0,0,0,0,0,100,2,2,2,100,0,0,0,0,0,32,2,5,3,4,10,10
"agent NegotiatingAgent #245",NegotiatingAgent,0.16,0,0.69,100,0,0,0,0,6,100,2,14,14,100,0,0,0,6,0,216,2,17,0,16,10,10
"agent NegotiatingAgent #246",NegotiatingAgent,0.11,0,0.69,100,0,0,0,0,4,100,4,10,8,100,0,2,0,2,0,75,1,12,1,11,10,10
"agent NegotiatingAgent #247",NegotiatingAgent,0.23,0,0.69,100,0,1,0,1,6,100,3,22,20,100,0,2,0,6,0,112,8,17,2,23,10,10
"agent NegotiatingAgent #248",NegotiatingAgent,0.04,0,0.69,100,0,0,0,0,0,100,2,2,2,100,0,0,0,0,0,28,2,5,3,4,10,10
"agent NegotiatingAgent #249",NegotiatingAgent,0.16,0,0.69,100,0,0,0,0,6,100,2,14,14,100,0,0,0,6,0,199,2,17,0,16,10,10
"agent NegotiatingAgent #250",NegotiatingAgent,0.13,0,0.69,100,0,1,0,1,5,100,4,12,12,100,0,0,0,2,0,125,2,13,1,13,10,10
"agent NegotiatingAgent #251",NegotiatingAgent,0.09,0,0.69,100,0,0,0,0,0,100,2,8,8,100,0,0,0,5,0,94,2,10,2,9,10,10
"agent NegotiatingAgent #252",NegotiatingAgent,0.28,0,0.69,100,0,1,0,1,6,100,8,27,25,100,0,2,0,6,0,237,8,17,3,28,10,10
"agent NegotiatingAgent #253",NegotiatingAgent,0.16,0,0.69,100,0,0,0,0,6,100,2,14,13,100,0,1,0,6,0,181,2,17,0,16,10,10
"agent NegotiatingAgent #254",NegotiatingAgent,0.15,0,0.69,100,0,1,0,1,6,100,4,14,11,100,0,3,0,2,0,96,3,14,1,15,10,10
"agent NegotiatingAgent #255",NegotiatingAgent,0.09,0,0.69,100,0,0,0,0,0,100,2,8,8,100,0,0,0,5,0,84,2,10,2,9,10,10
"agent NegotiatingAgent #256",NegotiatingAgent,0.28,0,0.69,100,0,1,0,1,6,100,8,27,26,100,0,1,0,6,0,206,8,17,3,28,10,10
"agent NegotiatingAgent #257",NegotiatingAgent,0.16,0,0.69,100,0,0,0,0,6,100,2,14,14,100,0,0,0,6,0,163,2,17,0,16,10,10
"agent NegotiatingAgent #258",NegotiatingAgent,0.15,0,0.69,100,0,1,0,1,6,100,4,14,12,100,0,2,0,2,0,81,3,14,1,15,10,10
"agent NegotiatingAgent #259",NegotiatingAgent,0.09,0,0.69,100,0,0,0,0,0,100,2,8,8,100,0,0,0,5,0,74,2,10,2,9,10,10
"agent NegotiatingAgent #260",NegotiatingAgent,0.04,0,0.69,100,3,0,0,0,0,100,2,6,7,100,0,0,0,0,0,18,2,5,3,4,10,10
"agent NegotiatingAgent #261",NegotiatingAgent,0.16,0,0.69,100,0,0,0,0,6,100,2,14,13,100,0,1,0,6,0,147,2,17,0,16,10,10
"agent NegotiatingAgent #262",NegotiatingAgent,0.17,0,0.69,100,0,2,0,2,7,100,4,15,13,100,0,2,0,2,0,94,4,15,1,17,10,10
"agent NegotiatingAgent #263",NegotiatingAgent,0.09,0,0.69,100,0,0,0,0,0,100,2,8,8,100,0,0,0,5,0,63,2,10,2,9,10,10
"agent NegotiatingAgent #264",NegotiatingAgent,0.28,0,0.69,100,0,1,0,1,6,100,8,27,24,100,0,3,0,6,0,171,8,17,3,28,10,10
"agent NegotiatingAgent #265",NegotiatingAgent,0.16,0,0.69,100,0,0,0,0,6,100,2,14,14,100,0,0,0,6,0,129,2,17,0,16,10,10
"agent NegotiatingAgent #266",NegotiatingAgent,0.15,0,0.69,100,0,1,0,1,6,100,4,14,12,100,0,2,0,2,0,63,3,14,1,15,10,10
"agent NegotiatingAgent #267",NegotiatingAgent,0.23,0,0.69,100,0,1,0,1,6,100,3,22,20,100,0,2,0,6,0,77,8,17,2,23,10,10
"agent NegotiatingAgent #268",NegotiatingAgent,0.04,0,0.69,100,0,0,0,0,0,100,2,2,2,100,0,0,0,0,0,17,2,5,3,4,10,10
"agent NegotiatingAgent #269",NegotiatingAgent,0.16,0,0.69,100,0,0,0,0,6,100,2,14,13,100,0,1,0,6,0,112,2,17,0,16,10,10
"agent NegotiatingAgent #270",NegotiatingAgent,0.13,0,0.69,100,0,1,0,1,5,100,4,12,12,100,0,0,0,2,0,75,2,13,1,13,10,10
"agent NegotiatingAgent #271",NegotiatingAgent,0.09,0,0.69,100,0,0,0,0,0,100,2,8,8,100,0,0,0,5,0,52,2,10,2,9,10,10
"agent NegotiatingAgent #272",NegotiatingAgent,0.28,0,0.69,100,0,1,0,1,6,100,8,27,26,100,0,1,0,6,0,136,8,17,3,28,10,10
"agent NegotiatingAgent #273",NegotiatingAgent,0.16,0,0.69,100,4,0,0,0,6,100,2,18,17,100,0,0,0,6,0,22,2,17,0,16,10,10
"agent NegotiatingAgent #274",NegotiatingAgent,0.11,0,0.69,100,2,0,0,0,4,100,4,12,13,100,0,0,0,2,0,30,1,12,1,11,10,10
"agent NegotiatingAgent #275",NegotiatingAgent,0.09,0,0.69,100,0,0,0,0,0,100,2,8,8,100,0,0,0,5,0,42,2,10,2,9,10,10
"agent NegotiatingAgent #276",NegotiatingAgent,0.28,0,0.69,100,0,1,0,1,6,100,8,27,24,100,0,3,0,6,0,105,8,17,3,28,10,10
"agent NegotiatingAgent #277",NegotiatingAgent,0.16,0,0.69,100,0,0,0,0,6,100,2,14,14,100,0,0,0,6,0,88,2,17,0,16,10,10
"agent NegotiatingAgent #278",NegotiatingAgent,0.15,0,0.69,100,0,1,0,1,6,100,4,14,12,100,0,2,0,2,0,34,3,14,1,15,10,10
"agent NegotiatingAgent #279",NegotiatingAgent,0.09,0,0.69,100,0,0,0,0,0,100,2,8,8,100,0,0,0,5,0,32,2,10,2,9,10,10
"agent NegotiatingAgent #280",NegotiatingAgent,0.28,0,0.69,100,0,1,0,1,6,100,8,27,25,100,0,2,0,6,0,74,8,17,3,28,10,10
"agent NegotiatingAgent #281",NegotiatingAgent,0.16,0,0.69,100,0,0,0,0,6,100,2,14,14,100,0,0,0,6,0,70,2,17,0,16,10,10
"agent NegotiatingAgent #282",NegotiatingAgent,0.13,0,0.69,100,0,1,0,1,5,100,4,12,12,100,0,0,0,2,0,46,2,13,1,13,10,10
"agent NegotiatingAgent #283",NegotiatingAgent,0.09,0,0.69,100,0,0,0,0,0,100,2,8,7,100,0,1,0,5,0,22,2,10,2,9,10,10
"agent NegotiatingAgent #284",NegotiatingAgent,0.28,0,0.69,100,0,1,0,1,6,100,8,27,26,100,0,1,0,6,0,43,8,17,3,28,10,10
"agent NegotiatingAgent #285",NegotiatingAgent,0.16,0,0.69,100,0,0,0,0,6,100,2,14,13,100,0,1,0,6,0,52,2,17,0,16,10,10
"agent NegotiatingAgent #286",NegotiatingAgent,0.11,0,0.69,100,0,0,0,0,4,100,4,10,9,100,0,1,0,2,0,23,1,12,1,11,10,10
"agent NegotiatingAgent #287",NegotiatingAgent,0.09,0,0.69,100,0,0,0,0,0,100,2,8,8,100,0,0,0,5,0,12,2,10,2,9,10,10
"agent NegotiatingAgent #288",NegotiatingAgent,0.04,0,0.69,100,0,0,0,0,0,100,2,2,2,100,0,0,0,0,0,9,2,5,3,4,10,10
"agent NegotiatingAgent #289",NegotiatingAgent,0.16,0,0.69,100,0,0,0,0,6,100,2,14,14,100,0,0,0,6,0,36,2,17,0,16,10,10
"agent NegotiatingAgent #290",NegotiatingAgent,0.11,0,0.69,100,0,0,0,0,4,100,4,10,10,100,0,0,0,2,0,12,1,12,1,11,10,10
"agent NegotiatingAgent #291",NegotiatingAgent,0.23,0,0.69,100,0,1,0,1,6,100,3,22,20,100,0,2,0,6,0,27,8,17,2,23,10,10
"agent NegotiatingAgent #292",NegotiatingAgent,0.04,0,0.69,100,0,0,0,0,0,100,2,2,2,100,0,0,0,0,0,5,2,5,3,4,10,10
"agent NegotiatingAgent #293",NegotiatingAgent,0.16,0,0.69,100,0,0,0,0,6,100,2,14,14,100,0,0,0,6,0,19,2,17,0,16,10,10
"agent NegotiatingAgent #294",NegotiatingAgent,0.13,0,0.69,100,0,1,0,1,5,100,4,12,10,100,0,2,0,2,0,11,2,13,1,13,10,10
"agent NegotiatingAgent #295",NegotiatingAgent,0.09,0,0.69,100,0,0,0,0,0,100,2,8,8,100,0,0,0,5,0,2,2,10,2,9,10,10
"agent NegotiatingAgent #296",NegotiatingAgent,0.04,0,0.69,100,0,0,0,0,0,100,2,1,1,100,0,0,0,0,0,1,2,5,3,4,10,10
"agent NegotiatingAgent #297",NegotiatingAgent,0.16,0,0.69,100,0,0,0,0,6,100,2,14,13,100,0,1,0,6,0,3,2,17,0,16,10,10
"agent NegotiatingAgent #298",NegotiatingAgent,0.11,0,0.69,100,0,0,0,0,4,100,4,10,10,100,0,0,0,2,0,0,1,12,1,11,10,10
"agent NegotiatingAgent #299",NegotiatingAgent,0.23,0,0.69,100,0,1,0,1,6,100,3,22,19,100,0,3,0,6,0,1,8,17,2,23,10,10
"agent NegotiatingAgent #300",NegotiatingAgent,0.28,0,0.69,100,0,1,0,1,6,100,8,27,25,100,0,2,0,6,0,0,8,17,3,28,10,10
