agentName,agentType,averageSpeed,cumulatedUtilityReceived,freeWallRatio,numBacktrackAgents,numCFPAnswered,numDeadends,numDifferentEncounters,numDirectionChanges,numDownSteps,numForwardAgents,numLeftSteps,numMessagesReceived,numMessagesSent,numNegotiatingAgents,numProposalsAccepted,numProposalsRejected,numRandomAgents,numRightSteps,numSwarmAgents,numTotalEncounters,numUpSteps,numVisitedCells,startingPosition,stepsToExit,xsize,ysize
"agent BacktrackAgent #1",BacktrackAgent,0.2,0,0.69,25,0,1,0,1,6,25,4,0,0,50,0,0,25,8,25,469,2,19,0,20,10,10
"agent BacktrackAgent #2",BacktrackAgent,0.17,0,0.69,25,0,1,0,1,9,25,2,0,0,50,0,0,25,0,25,362,6,13,1,17,10,10
"agent BacktrackAgent #3",BacktrackAgent,0.05,0,0.69,25,0,0,0,0,0,25,0,0,0,50,0,0,25,3,25,69,2,6,2,5,10,10
"agent BacktrackAgent #4",BacktrackAgent,0.12,0,0.69,25,0,0,0,0,4,25,2,0,0,50,0,0,25,0,25,344,6,13,3,12,10,10
"agent BacktrackAgent #5",BacktrackAgent,0.2,0,0.69,25,0,1,0,1,6,25,4,0,0,50,0,0,25,8,25,422,2,19,0,20,10,10
"agent BacktrackAgent #6",BacktrackAgent,0.07,0,0.69,25,0,0,0,0,4,25,2,0,0,50,0,0,25,0,25,103,1,8,1,7,10,10
"agent BacktrackAgent #7",BacktrackAgent,0.29,0,0.69,25,0,1,0,1,6,25,6,0,0,50,0,0,25,9,25,195,8,18,2,29,10,10
"agent BacktrackAgent #8",BacktrackAgent,0.12,0,0.69,25,0,0,0,0,4,25,2,0,0,50,0,0,25,0,25,332,6,13,3,12,10,10
"agent BacktrackAgent #9",BacktrackAgent,0.16,0,0.69,25,0,0,0,0,6,25,2,0,0,50,0,0,25,6,25,344,2,17,0,16,10,10
"agent BacktrackAgent #10",BacktrackAgent,0.17,0,0.69,25,0,1,0,1,9,25,2,0,0,50,0,0,25,0,25,402,6,13,1,17,10,10
"agent BacktrackAgent #11",BacktrackAgent,0.07,0,0.69,25,0,1,0,1,0,25,1,0,0,50,0,0,25,4,25,176,2,7,2,7,10,10
"agent BacktrackAgent #12",BacktrackAgent,0.12,0,0.69,25,0,0,0,0,4,25,2,0,0,50,0,0,25,0,25,393,6,13,3,12,10,10
"agent BacktrackAgent #13",BacktrackAgent,0.2,0,0.69,25,0,1,0,1,6,25,4,0,0,50,0,0,25,8,25,508,2,19,0,20,10,10
"agent BacktrackAgent #14",BacktrackAgent,0.17,0,0.69,25,0,1,0,1,9,25,2,0,0,50,0,0,25,0,25,384,6,13,1,17,10,10
"agent BacktrackAgent #15",BacktrackAgent,0.07,0,0.69,25,0,1,0,1,0,25,1,0,0,50,0,0,25,4,25,169,2,7,2,7,10,10
"agent BacktrackAgent #16",BacktrackAgent,0.12,0,0.69,25,0,0,0,0,4,25,2,0,0,50,0,0,25,0,25,380,6,13,3,12,10,10
"agent BacktrackAgent #17",BacktrackAgent,0.2,0,0.69,25,0,1,0,1,6,25,4,0,0,50,0,0,25,8,25,488,2,19,0,20,10,10
"agent BacktrackAgent #18",BacktrackAgent,0.07,0,0.69,25,0,0,0,0,4,25,2,0,0,50,0,0,25,0,25,116,1,8,1,7,10,10
"agent BacktrackAgent #19",BacktrackAgent,0.31,0,0.69,25,0,2,0,2,6,25,7,0,0,50,0,0,25,10,25,414,8,19,2,31,10,10
"agent BacktrackAgent #20",BacktrackAgent,0.12,0,0.69,25,0,0,0,0,4,25,2,0,0,50,0,0,25,0,25,368,6,13,3,12,10,10
"agent BacktrackAgent #21",BacktrackAgent,0.16,0,0.69,25,0,0,0,0,6,25,2,0,0,50,0,0,25,6,25,391,2,17,0,16,10,10
"agent BacktrackAgent #22",BacktrackAgent,0.07,0,0.69,25,0,0,0,0,4,25,2,0,0,50,0,0,25,0,25,109,1,8,1,7,10,10
"agent BacktrackAgent #23",BacktrackAgent,0.31,0,0.69,25,0,2,0,2,6,25,7,0,0,50,0,0,25,10,25,380,8,19,2,31,10,10
"agent BacktrackAgent #24",BacktrackAgent,0.12,0,0.69,25,0,0,0,0,4,25,2,0,0,50,0,0,25,0,25,356,6,13,3,12,10,10
"agent BacktrackAgent #25",BacktrackAgent,0.16,0,0.69,25,0,0,0,0,6,25,2,0,0,50,0,0,25,6,25,374,2,17,0,16,10,10
"agent ForwardAgent #26",ForwardAgent,0.07,0,0.69,25,0,0,0,0,4,25,2,0,0,50,0,0,25,0,25,96,1,8,1,7,10,10
"agent ForwardAgent #27",ForwardAgent,0.31,0,0.69,25,0,2,0,2,6,25,7,0,0,50,0,0,25,10,25,343,8,19,2,31,10,10
"agent ForwardAgent #28",ForwardAgent,0.12,0,0.69,25,0,0,0,0,4,25,2,0,0,50,0,0,25,0,25,320,6,13,3,12,10,10
"agent ForwardAgent #29",ForwardAgent,0.16,0,0.69,25,0,0,0,0,6,25,2,0,0,50,0,0,25,6,25,327,2,17,0,16,10,10
"agent ForwardAgent #30",ForwardAgent,0.17,0,0.69,25,0,1,0,1,9,25,2,0,0,50,0,0,25,0,25,340,6,13,1,17,10,10
"agent ForwardAgent #31",ForwardAgent,0.35,0,0.69,25,0,3,0,3,6,25,9,0,0,50,0,0,25,12,25,318,8,19,2,35,10,10
"agent ForwardAgent #32",ForwardAgent,0.12,0,0.69,25,0,0,0,0,4,25,2,0,0,50,0,0,25,0,25,307,6,13,3,12,10,10
"agent ForwardAgent #33",ForwardAgent,0.2,0,0.69,25,0,1,0,1,6,25,4,0,0,50,0,0,25,8,25,373,2,19,0,20,10,10
"agent ForwardAgent #34",ForwardAgent,0.07,0,0.69,25,0,0,0,0,4,25,2,0,0,50,0,0,25,0,25,88,1,8,1,7,10,10
"agent ForwardAgent #35",ForwardAgent,0.05,0,0.69,25,0,0,0,0,0,25,0,0,0,50,0,0,25,3,25,60,2,6,2,5,10,10
"agent ForwardAgent #36",ForwardAgent,0.12,0,0.69,25,0,0,0,0,4,25,2,0,0,50,0,0,25,0,25,295,6,13,3,12,10,10
"agent ForwardAgent #37",ForwardAgent,0.44,0,0.69,25,0,2,0,2,12,25,10,0,0,50,0,0,25,14,25,435,8,19,0,44,10,10
"agent ForwardAgent #38",ForwardAgent,0.17,0,0.69,25,0,1,0,1,9,25,2,0,0,50,0,0,25,0,25,320,6,13,1,17,10,10
"agent ForwardAgent #39",ForwardAgent,0.29,0,0.69,25,0,1,0,1,6,25,6,0,0,50,0,0,25,9,25,153,8,18,2,29,10,10
"agent ForwardAgent #40",ForwardAgent,0.12,0,0.69,25,0,0,0,0,4,25,2,0,0,50,0,0,25,0,25,282,6,13,3,12,10,10
"agent ForwardAgent #41",ForwardAgent,0.16,0,0.69,25,0,0,0,0,6,25,2,0,0,50,0,0,25,6,25,283,2,17,0,16,10,10
"agent ForwardAgent #42",ForwardAgent,0.17,0,0.69,25,0,1,0,1,9,25,2,0,0,50,0,0,25,0,25,302,6,13,1,17,10,10
"agent ForwardAgent #43",ForwardAgent,0.05,0,0.69,25,0,0,0,0,0,25,0,0,0,50,0,0,25,3,25,53,2,6,2,5,10,10
"agent ForwardAgent #44",ForwardAgent,0.12,0,0.69,25,0,0,0,0,4,25,2,0,0,50,0,0,25,0,25,269,6,13,3,12,10,10
"agent ForwardAgent #45",ForwardAgent,0.2,0,0.69,25,0,1,0,1,6,25,4,0,0,50,0,0,25,8,25,322,2,19,0,20,10,10
"agent ForwardAgent #46",ForwardAgent,0.17,0,0.69,25,0,1,0,1,9,25,2,0,0,50,0,0,25,0,25,284,6,13,1,17,10,10
"agent ForwardAgent #47",ForwardAgent,0.59,0,0.69,25,0,4,0,4,12,25,15,0,0,50,0,0,25,18,25,291,14,19,2,59,10,10
"agent ForwardAgent #48",ForwardAgent,0.12,0,0.69,25,0,0,0,0,4,25,2,0,0,50,0,0,25,0,25,256,6,13,3,12,10,10
"agent ForwardAgent #49",ForwardAgent,0.72,0,0.69,25,0,4,0,4,18,25,18,0,0,50,0,0,25,22,25,405,14,19,0,72,10,10
"agent ForwardAgent #50",ForwardAgent,0.17,0,0.69,25,0,1,0,1,9,25,2,0,0,50,0,0,25,0,25,266,6,13,1,17,10,10
"agent RandomAgent #51",RandomAgent,2.53,0,0.69,25,0,16,0,123,53,25,71,0,0,50,0,0,25,74,25,271,55,19,2,253,10,10
"agent RandomAgent #52",RandomAgent,2.36,0,0.69,25,0,28,0,134,105,25,13,0,0,50,0,0,25,11,25,300,107,13,3,236,10,10
"agent RandomAgent #53",RandomAgent,0.44,0,0.69,25,0,0,0,21,13,25,9,0,0,50,0,0,25,13,25,93,9,18,0,44,10,10
"agent RandomAgent #54",RandomAgent,0.23,0,0.69,25,0,0,0,12,10,25,4,0,0,50,0,0,25,2,25,82,7,8,1,23,10,10
"agent RandomAgent #55",RandomAgent,0.07,0,0.69,25,0,1,0,1,0,25,1,0,0,50,0,0,25,4,25,57,2,7,2,7,10,10
"agent RandomAgent #56",RandomAgent,1.5,0,0.69,25,0,1,0,70,54,25,21,0,0,50,0,0,25,19,25,251,56,13,3,150,10,10
"agent RandomAgent #57",RandomAgent,1.56,0,0.69,25,0,22,0,95,29,25,49,0,0,50,0,0,25,53,25,274,25,18,0,156,10,10
"agent RandomAgent #58",RandomAgent,0.61,0,0.69,25,0,0,0,32,24,25,9,0,0,50,0,0,25,7,25,137,21,11,1,61,10,10
"agent RandomAgent #59",RandomAgent,0.71,0,0.69,25,0,8,0,40,13,25,20,0,0,50,0,0,25,23,25,110,15,14,2,71,10,10
"agent RandomAgent #60",RandomAgent,0.78,0,0.69,25,0,4,0,42,34,25,5,0,0,50,0,0,25,3,25,140,36,13,3,78,10,10
"agent RandomAgent #61",RandomAgent,2.24,0,0.69,25,0,9,0,106,54,25,58,0,0,50,0,0,25,62,25,252,50,17,0,224,10,10
"agent RandomAgent #62",RandomAgent,4.39,0,0.69,25,0,37,0,228,194,25,28,0,0,50,0,0,25,26,25,293,191,13,1,439,10,10
"agent RandomAgent #63",RandomAgent,0.33,0,0.69,25,0,3,0,15,4,25,10,0,0,50,0,0,25,13,25,88,6,9,2,33,10,10
"agent RandomAgent #64",RandomAgent,0.5,0,0.69,25,0,0,0,26,23,25,2,0,0,50,0,0,25,0,25,114,25,13,3,50,10,10
"agent RandomAgent #65",RandomAgent,1.78,0,0.69,25,0,21,0,100,29,25,60,0,0,50,0,0,25,64,25,146,25,19,0,178,10,10
"agent RandomAgent #66",RandomAgent,0.27,0,0.69,25,0,0,0,10,8,25,8,0,0,50,0,0,25,6,25,50,5,8,1,27,10,10
"agent RandomAgent #67",RandomAgent,0.57,0,0.69,25,0,4,0,25,8,25,18,0,0,50,0,0,25,21,25,79,10,11,2,57,10,10
"agent RandomAgent #68",RandomAgent,0.34,0,0.69,25,0,2,0,18,15,25,2,0,0,50,0,0,25,0,25,61,17,13,3,34,10,10
"agent RandomAgent #69",RandomAgent,2.36,0,0.69,25,0,23,0,128,43,25,75,0,0,50,0,0,25,79,25,120,39,19,0,236,10,10
"agent RandomAgent #70",RandomAgent,1.95,0,0.69,25,0,13,0,102,90,25,10,0,0,50,0,0,25,8,25,163,87,13,1,195,10,10
"agent RandomAgent #71",RandomAgent,0.59,0,0.69,25,0,10,0,34,9,25,18,0,0,50,0,0,25,21,25,38,11,12,2,59,10,10
"agent RandomAgent #72",RandomAgent,0.4,0,0.69,25,0,2,0,22,15,25,5,0,0,50,0,0,25,3,25,44,17,13,3,40,10,10
"agent RandomAgent #73",RandomAgent,4.94,0,0.69,25,0,28,0,267,97,25,150,0,0,50,0,0,25,154,25,26,93,19,0,494,10,10
"agent RandomAgent #74",RandomAgent,2.61,0,0.69,25,0,23,0,125,127,25,6,0,0,50,0,0,25,4,25,39,124,13,1,261,10,10
"agent RandomAgent #75",RandomAgent,0.09,0,0.69,25,0,0,0,4,0,25,2,0,0,50,0,0,25,5,25,36,2,6,2,9,10,10
"agent NegotiatingAgent #76",NegotiatingAgent,0.12,0,0.69,25,0,0,0,0,4,25,2,10,10,50,0,0,25,0,25,172,6,13,3,12,10,10
"agent NegotiatingAgent #77",NegotiatingAgent,0.2,0,0.69,25,0,1,0,1,6,25,4,18,15,50,0,3,25,8,25,204,2,19,0,20,10,10
"agent NegotiatingAgent #78",NegotiatingAgent,0.07,0,0.69,25,2,0,0,0,4,25,2,8,8,50,0,1,25,0,25,43,1,8,1,7,10,10
"agent NegotiatingAgent #79",NegotiatingAgent,0.07,0,0.69,25,0,1,0,1,0,25,1,5,5,50,0,1,25,4,25,93,2,7,2,7,10,10
"agent NegotiatingAgent #80",NegotiatingAgent,0.12,0,0.69,25,0,0,0,0,4,25,2,10,9,50,0,1,25,0,25,157,6,13,3,12,10,10
"agent NegotiatingAgent #81",NegotiatingAgent,0.16,0,0.69,25,2,0,0,0,6,25,2,17,16,50,0,2,25,6,25,145,2,17,0,16,10,10
"agent NegotiatingAgent #82",NegotiatingAgent,0.17,0,0.69,25,0,1,0,1,9,25,2,15,14,50,0,1,25,0,25,158,6,13,1,17,10,10
"agent NegotiatingAgent #83",NegotiatingAgent,0.05,0,0.69,25,1,0,0,0,0,25,0,3,4,50,0,0,25,3,25,28,2,6,2,5,10,10
"agent NegotiatingAgent #84",NegotiatingAgent,0.12,0,0.69,25,0,0,0,0,4,25,2,10,9,50,0,1,25,0,25,144,6,13,3,12,10,10
"agent NegotiatingAgent #85",NegotiatingAgent,0.2,0,0.69,25,0,1,0,1,6,25,4,18,15,50,0,3,25,8,25,169,2,19,0,20,10,10
"agent NegotiatingAgent #86",NegotiatingAgent,0.17,0,0.69,25,0,1,0,1,9,25,2,15,14,50,0,1,25,0,25,140,6,13,1,17,10,10
"agent NegotiatingAgent #87",NegotiatingAgent,0.05,0,0.69,25,1,0,0,0,0,25,0,5,5,50,0,1,25,3,25,31,2,6,2,5,10,10
"agent NegotiatingAgent #88",NegotiatingAgent,0.12,0,0.69,25,0,0,0,0,4,25,2,10,10,50,0,0,25,0,25,131,6,13,3,12,10,10
"agent NegotiatingAgent #89",NegotiatingAgent,0.16,0,0.69,25,1,0,0,0,6,25,2,16,17,50,0,0,25,6,25,146,2,17,0,16,10,10
"agent NegotiatingAgent #90",NegotiatingAgent,0.07,0,0.69,25,1,0,0,0,4,25,2,5,6,50,0,0,25,0,25,51,1,8,1,7,10,10
"agent NegotiatingAgent #91",NegotiatingAgent,0.05,0,0.69,25,1,0,0,0,0,25,0,5,6,50,0,0,25,3,25,25,2,6,2,5,10,10
"agent NegotiatingAgent #92",NegotiatingAgent,0.12,0,0.69,25,0,0,0,0,4,25,2,10,10,50,0,0,25,0,25,119,6,13,3,12,10,10
"agent NegotiatingAgent #93",NegotiatingAgent,0.2,0,0.69,25,0,1,0,1,6,25,4,18,15,50,0,3,25,8,25,140,2,19,0,20,10,10
"agent NegotiatingAgent #94",NegotiatingAgent,0.07,0,0.69,25,1,0,0,0,4,25,2,7,7,50,0,1,25,0,25,32,1,8,1,7,10,10
"agent NegotiatingAgent #95",NegotiatingAgent,0.07,0,0.69,25,0,1,0,1,0,25,1,6,6,50,0,0,25,4,25,66,2,7,2,7,10,10
"agent NegotiatingAgent #96",NegotiatingAgent,0.12,0,0.69,25,0,0,0,0,4,25,2,10,10,50,0,0,25,0,25,107,6,13,3,12,10,10
"agent NegotiatingAgent #97",NegotiatingAgent,0.16,0,0.69,25,0,0,0,0,6,25,2,14,13,50,0,1,25,6,25,125,2,17,0,16,10,10
"agent NegotiatingAgent #98",NegotiatingAgent,0.07,0,0.69,25,0,0,0,0,4,25,2,6,5,50,0,1,25,0,25,37,1,8,1,7,10,10
"agent NegotiatingAgent #99",NegotiatingAgent,0.05,0,0.69,25,0,0,0,0,0,25,0,4,4,50,0,0,25,3,25,12,2,6,2,5,10,10
"agent NegotiatingAgent #100",NegotiatingAgent,0.12,0,0.69,25,6,0,0,0,4,25,2,12,14,50,0,0,25,0,25,199,6,13,3,12,10,10
"agent NegotiatingAgent #101",NegotiatingAgent,0.2,42,0.69,25,23,1,0,1,6,25,4,39,42,50,0,0,25,8,25,110,2,19,0,20,10,10
"agent NegotiatingAgent #102",NegotiatingAgent,0.17,0,0.69,25,10,1,0,1,9,25,2,21,22,50,0,0,25,0,25,210,6,13,1,17,10,10
"agent NegotiatingAgent #103",NegotiatingAgent,0.31,3,0.69,25,15,2,0,2,6,25,7,29,41,50,0,1,25,10,25,151,8,19,2,31,10,10
"agent NegotiatingAgent #104",NegotiatingAgent,0.12,0,0.69,25,9,0,0,0,4,25,2,20,21,50,0,0,25,0,25,144,6,13,3,12,10,10
"agent NegotiatingAgent #105",NegotiatingAgent,0.16,1,0.69,25,8,0,0,0,6,25,2,23,23,50,0,1,25,6,25,117,2,17,0,16,10,10
"agent NegotiatingAgent #106",NegotiatingAgent,0.17,0,0.69,25,0,1,0,1,9,25,2,12,13,50,0,2,25,0,25,233,6,13,1,17,10,10
"agent NegotiatingAgent #107",NegotiatingAgent,0.29,2,0.69,25,9,1,0,1,6,25,6,29,34,50,0,4,25,9,25,100,8,18,2,29,10,10
"agent NegotiatingAgent #108",NegotiatingAgent,0.12,0,0.69,25,0,0,0,0,4,25,2,8,10,50,0,0,25,0,25,224,6,13,3,12,10,10
"agent NegotiatingAgent #109",NegotiatingAgent,0.2,0,0.69,25,12,1,0,1,6,25,4,29,28,50,0,0,25,8,25,114,2,19,0,20,10,10
"agent NegotiatingAgent #110",NegotiatingAgent,0.07,0,0.69,25,4,0,0,0,4,25,2,8,10,50,0,0,25,0,25,59,1,8,1,7,10,10
"agent NegotiatingAgent #111",NegotiatingAgent,0.29,6,0.69,25,11,1,0,1,6,25,6,27,34,50,0,2,25,9,25,112,8,18,2,29,10,10
"agent NegotiatingAgent #112",NegotiatingAgent,0.12,0,0.69,25,0,0,0,0,4,25,2,10,9,50,0,1,25,0,25,208,6,13,3,12,10,10
"agent NegotiatingAgent #113",NegotiatingAgent,0.2,4,0.69,25,5,1,0,1,6,25,4,21,18,50,0,4,25,8,25,244,2,19,0,20,10,10
"agent NegotiatingAgent #114",NegotiatingAgent,0.17,10,0.69,25,5,1,0,1,9,25,2,21,21,50,0,1,25,0,25,155,6,13,1,17,10,10
"agent NegotiatingAgent #115",NegotiatingAgent,0.31,3,0.69,25,3,2,0,2,6,25,7,24,25,50,0,7,25,10,25,153,8,19,2,31,10,10
"agent NegotiatingAgent #116",NegotiatingAgent,0.12,0,0.69,25,0,0,0,0,4,25,2,10,8,50,0,2,25,0,25,195,6,13,3,12,10,10
"agent NegotiatingAgent #117",NegotiatingAgent,0.16,1,0.69,25,3,0,0,0,6,25,2,17,15,50,0,3,25,6,25,206,2,17,0,16,10,10
"agent NegotiatingAgent #118",NegotiatingAgent,0.17,0,0.69,25,0,1,0,1,9,25,2,15,11,50,0,4,25,0,25,203,6,13,1,17,10,10
"agent NegotiatingAgent #119",NegotiatingAgent,0.05,1,0.69,25,3,0,0,0,0,25,0,6,8,50,0,0,25,3,25,25,2,6,2,5,10,10
"agent NegotiatingAgent #120",NegotiatingAgent,0.12,0,0.69,25,9,0,0,0,4,25,2,21,22,50,0,0,25,0,25,95,6,13,3,12,10,10
"agent NegotiatingAgent #121",NegotiatingAgent,0.2,0,0.69,25,0,1,0,1,6,25,4,18,13,50,0,5,25,8,25,226,2,19,0,20,10,10
"agent NegotiatingAgent #122",NegotiatingAgent,0.17,0,0.69,25,0,1,0,1,9,25,2,15,14,50,0,1,25,0,25,180,6,13,1,17,10,10
"agent NegotiatingAgent #123",NegotiatingAgent,0.31,0,0.69,25,1,2,0,2,6,25,7,28,20,50,0,9,25,10,25,141,8,19,2,31,10,10
"agent NegotiatingAgent #124",NegotiatingAgent,0.12,0,0.69,25,0,0,0,0,4,25,2,10,10,50,0,0,25,0,25,177,6,13,3,12,10,10
"agent NegotiatingAgent #125",NegotiatingAgent,0.2,2,0.69,25,9,1,0,1,6,25,4,32,30,50,0,2,25,8,25,141,2,19,0,20,10,10
"agent SwarmAgent #126",SwarmAgent,0.07,0,0.69,25,0,0,0,0,4,25,2,0,0,50,0,0,25,0,25,22,1,8,1,7,10,10
"agent SwarmAgent #127",SwarmAgent,0.05,0,0.69,25,0,0,0,0,0,25,0,0,0,50,0,0,25,3,25,6,2,6,2,5,10,10
"agent SwarmAgent #128",SwarmAgent,0.12,0,0.69,25,0,0,0,0,4,25,2,0,0,50,0,0,25,0,25,64,6,13,3,12,10,10
"agent SwarmAgent #129",SwarmAgent,0.16,0,0.69,25,0,0,0,0,6,25,2,0,0,50,0,0,25,6,25,75,2,17,0,16,10,10
"agent SwarmAgent #130",SwarmAgent,0.07,0,0.69,25,0,0,0,0,4,25,2,0,0,50,0,0,25,0,25,15,1,8,1,7,10,10
"agent SwarmAgent #131",SwarmAgent,0.07,0,0.69,25,0,1,0,1,0,25,1,0,0,50,0,0,25,4,25,25,2,7,2,7,10,10
"agent SwarmAgent #132",SwarmAgent,0.12,0,0.69,25,0,0,0,0,4,25,2,0,0,50,0,0,25,0,25,52,6,13,3,12,10,10
"agent SwarmAgent #133",SwarmAgent,0.18,0,0.69,25,0,0,0,1,6,25,3,0,0,50,0,0,25,7,25,67,2,18,0,18,10,10
"agent SwarmAgent #134",SwarmAgent,0.17,0,0.69,25,0,1,0,1,9,25,2,0,0,50,0,0,25,0,25,56,6,13,1,17,10,10
"agent SwarmAgent #135",SwarmAgent,0.07,0,0.69,25,0,1,0,1,0,25,1,0,0,50,0,0,25,4,25,18,2,7,2,7,10,10
"agent SwarmAgent #136",SwarmAgent,0.12,0,0.69,25,0,0,0,0,4,25,2,0,0,50,0,0,25,0,25,39,6,13,3,12,10,10
"agent SwarmAgent #137",SwarmAgent,0.16,0,0.69,25,0,0,0,0,6,25,2,0,0,50,0,0,25,6,25,46,2,17,0,16,10,10
"agent SwarmAgent #138",SwarmAgent,0.17,0,0.69,25,0,1,0,1,9,25,2,0,0,50,0,0,25,0,25,38,6,13,1,17,10,10
"agent SwarmAgent #139",SwarmAgent,0.07,0,0.69,25,0,1,0,1,0,25,1,0,0,50,0,0,25,4,25,11,2,7,2,7,10,10
"agent SwarmAgent #140",SwarmAgent,0.12,0,0.69,25,0,0,0,0,4,25,2,0,0,50,0,0,25,0,25,26,6,13,3,12,10,10
"agent SwarmAgent #141",SwarmAgent,0.16,0,0.69,25,0,0,0,0,6,25,2,0,0,50,0,0,25,6,25,30,2,17,0,16,10,10
"agent SwarmAgent #142",SwarmAgent,0.07,0,0.69,25,0,0,0,0,4,25,2,0,0,50,0,0,25,0,25,3,1,8,1,7,10,10
"agent SwarmAgent #143",SwarmAgent,0.29,0,0.69,25,0,1,0,1,6,25,6,0,0,50,0,0,25,9,25,3,8,18,2,29,10,10
"agent SwarmAgent #144",SwarmAgent,0.12,0,0.69,25,0,0,0,0,4,25,2,0,0,50,0,0,25,0,25,14,6,13,3,12,10,10
"agent SwarmAgent #145",SwarmAgent,0.16,0,0.69,25,0,0,0,0,6,25,2,0,0,50,0,0,25,6,25,13,2,17,0,16,10,10
"agent SwarmAgent #146",SwarmAgent,0.17,0,0.69,25,0,1,0,1,9,25,2,0,0,50,0,0,25,0,25,18,6,13,1,17,10,10
"agent SwarmAgent #147",SwarmAgent,0.07,0,0.69,25,0,1,0,1,0,25,1,0,0,50,0,0,25,4,25,0,2,7,2,7,10,10
"agent SwarmAgent #148",SwarmAgent,0.12,0,0.69,25,0,0,0,0,4,25,2,0,0,50,0,0,25,0,25,1,6,13,3,12,10,10
"agent SwarmAgent #149",SwarmAgent,0.18,0,0.69,25,0,0,0,1,6,25,3,0,0,50,0,0,25,7,25,0,2,18,0,18,10,10
"agent SwarmAgent #150",SwarmAgent,0.17,0,0.69,25,0,1,0,1,9,25,2,0,0,50,0,0,25,0,25,0,6,13,1,17,10,10
