agentName,agentType,averageSpeed,cumulatedUtilityReceived,freeWallRatio,numBacktrackAgents,numCFPAnswered,numDeadends,numDifferentEncounters,numDirectionChanges,numDownSteps,numForwardAgents,numLeftSteps,numMessagesReceived,numMessagesSent,numNegotiatingAgents,numProposalsAccepted,numProposalsRejected,numRandomAgents,numRightSteps,numSwarmAgents,numTotalEncounters,numUpSteps,numVisitedCells,startingPosition,stepsToExit,xsize,ysize
"agent BacktrackAgent #1",BacktrackAgent,0.08,0,0.69,25,0,0,0,0,4,25,0,0,0,25,0,0,25,4,50,246,0,9,0,8,10,10
"agent BacktrackAgent #2",BacktrackAgent,0.19,0,0.69,25,0,2,0,2,6,25,6,0,0,25,0,0,25,4,50,271,3,13,1,19,10,10
"agent BacktrackAgent #3",BacktrackAgent,0.35,0,0.69,25,0,3,0,3,8,25,7,0,0,25,0,0,25,10,50,450,10,23,2,35,10,10
"agent BacktrackAgent #4",BacktrackAgent,0.4,0,0.69,25,0,3,0,3,8,25,12,0,0,25,0,0,25,10,50,414,10,23,3,40,10,10
"agent BacktrackAgent #5",BacktrackAgent,0.08,0,0.69,25,0,0,0,0,4,25,0,0,0,25,0,0,25,4,50,222,0,9,0,8,10,10
"agent BacktrackAgent #6",BacktrackAgent,0.25,0,0.69,25,0,1,0,1,7,25,8,0,0,25,0,0,25,6,50,303,4,16,1,25,10,10
"agent BacktrackAgent #7",BacktrackAgent,0.35,0,0.69,25,0,3,0,3,8,25,7,0,0,25,0,0,25,10,50,411,10,23,2,35,10,10
"agent BacktrackAgent #8",BacktrackAgent,0.2,0,0.69,25,0,1,0,1,2,25,8,0,0,25,0,0,25,6,50,303,4,13,3,20,10,10
"agent BacktrackAgent #9",BacktrackAgent,0.08,0,0.69,25,0,0,0,0,4,25,0,0,0,25,0,0,25,4,50,214,0,9,0,8,10,10
"agent BacktrackAgent #10",BacktrackAgent,0.25,0,0.69,25,0,1,0,1,7,25,8,0,0,25,0,0,25,6,50,376,4,16,1,25,10,10
"agent BacktrackAgent #11",BacktrackAgent,0.09,0,0.69,25,0,0,0,0,0,25,2,0,0,25,0,0,25,5,50,173,2,10,2,9,10,10
"agent BacktrackAgent #12",BacktrackAgent,0.04,0,0.69,25,0,0,0,0,0,25,2,0,0,25,0,0,25,0,50,87,2,5,3,4,10,10
"agent BacktrackAgent #13",BacktrackAgent,0.08,0,0.69,25,0,0,0,0,4,25,0,0,0,25,0,0,25,4,50,259,0,9,0,8,10,10
"agent BacktrackAgent #14",BacktrackAgent,0.39,0,0.69,25,0,3,0,3,10,25,12,0,0,25,0,0,25,10,50,443,7,23,1,39,10,10
"agent BacktrackAgent #15",BacktrackAgent,0.09,0,0.69,25,0,0,0,0,0,25,2,0,0,25,0,0,25,5,50,164,2,10,2,9,10,10
"agent BacktrackAgent #16",BacktrackAgent,0.24,0,0.69,25,0,2,0,2,6,25,6,0,0,25,0,0,25,4,50,288,8,15,3,24,10,10
"agent BacktrackAgent #17",BacktrackAgent,0.08,0,0.69,25,0,0,0,0,4,25,0,0,0,25,0,0,25,4,50,251,0,9,0,8,10,10
"agent BacktrackAgent #18",BacktrackAgent,0.25,0,0.69,25,0,1,0,1,7,25,8,0,0,25,0,0,25,6,50,340,4,16,1,25,10,10
"agent BacktrackAgent #19",BacktrackAgent,0.35,0,0.69,25,0,3,0,3,8,25,7,0,0,25,0,0,25,10,50,506,10,23,2,35,10,10
"agent BacktrackAgent #20",BacktrackAgent,0.4,0,0.69,25,0,3,0,3,8,25,12,0,0,25,0,0,25,10,50,474,10,23,3,40,10,10
"agent BacktrackAgent #21",BacktrackAgent,0.08,0,0.69,25,0,0,0,0,4,25,0,0,0,25,0,0,25,4,50,236,0,9,0,8,10,10
"agent BacktrackAgent #22",BacktrackAgent,0.05,0,0.69,25,0,0,0,0,3,25,2,0,0,25,0,0,25,0,50,105,0,6,1,5,10,10
"agent BacktrackAgent #23",BacktrackAgent,0.15,0,0.69,25,0,1,0,1,2,25,3,0,0,25,0,0,25,6,50,300,4,13,2,15,10,10
"agent BacktrackAgent #24",BacktrackAgent,0.2,0,0.69,25,0,1,0,1,2,25,8,0,0,25,0,0,25,6,50,348,4,13,3,20,10,10
"agent BacktrackAgent #25",BacktrackAgent,0.08,0,0.69,25,0,0,0,0,4,25,0,0,0,25,0,0,25,4,50,228,0,9,0,8,10,10
"agent ForwardAgent #26",ForwardAgent,1.01,0,0.69,25,0,6,0,6,25,25,28,0,0,25,0,0,25,26,50,454,22,23,1,101,10,10
"agent ForwardAgent #27",ForwardAgent,0.79,0,0.69,25,0,7,0,7,18,25,19,0,0,25,0,0,25,22,50,460,20,23,2,79,10,10
"agent ForwardAgent #28",ForwardAgent,0.04,0,0.69,25,0,0,0,0,0,25,2,0,0,25,0,0,25,0,50,76,2,5,3,4,10,10
"agent ForwardAgent #29",ForwardAgent,0.08,0,0.69,25,0,0,0,0,4,25,0,0,0,25,0,0,25,4,50,206,0,9,0,8,10,10
"agent ForwardAgent #30",ForwardAgent,0.05,0,0.69,25,0,0,0,0,3,25,2,0,0,25,0,0,25,0,50,91,0,6,1,5,10,10
"agent ForwardAgent #31",ForwardAgent,0.53,0,0.69,25,0,4,0,4,10,25,14,0,0,25,0,0,25,17,50,411,12,23,2,53,10,10
"agent ForwardAgent #32",ForwardAgent,0.44,0,0.69,25,0,4,0,4,10,25,12,0,0,25,0,0,25,10,50,337,12,23,3,44,10,10
"agent ForwardAgent #33",ForwardAgent,0.08,0,0.69,25,0,0,0,0,4,25,0,0,0,25,0,0,25,4,50,198,0,9,0,8,10,10
"agent ForwardAgent #34",ForwardAgent,0.05,0,0.69,25,0,0,0,0,3,25,2,0,0,25,0,0,25,0,50,86,0,6,1,5,10,10
"agent ForwardAgent #35",ForwardAgent,0.15,0,0.69,25,0,1,0,1,2,25,3,0,0,25,0,0,25,6,50,235,4,13,2,15,10,10
"agent ForwardAgent #36",ForwardAgent,0.2,0,0.69,25,0,1,0,1,6,25,4,0,0,25,0,0,25,2,50,341,8,13,3,20,10,10
"agent ForwardAgent #37",ForwardAgent,0.08,0,0.69,25,0,0,0,0,4,25,0,0,0,25,0,0,25,4,50,190,0,9,0,8,10,10
"agent ForwardAgent #38",ForwardAgent,0.95,0,0.69,25,0,7,0,7,24,25,26,0,0,25,0,0,25,24,50,457,21,23,1,95,10,10
"agent ForwardAgent #39",ForwardAgent,0.31,0,0.69,25,0,2,0,2,6,25,7,0,0,25,0,0,25,10,50,356,8,21,2,31,10,10
"agent ForwardAgent #40",ForwardAgent,0.96,0,0.69,25,0,6,0,6,20,25,28,0,0,25,0,0,25,26,50,422,22,23,3,96,10,10
"agent ForwardAgent #41",ForwardAgent,0.08,0,0.69,25,0,0,0,0,4,25,0,0,0,25,0,0,25,4,50,182,0,9,0,8,10,10
"agent ForwardAgent #42",ForwardAgent,0.31,0,0.69,25,0,5,0,5,8,25,10,0,0,25,0,0,25,8,50,287,5,13,1,31,10,10
"agent ForwardAgent #43",ForwardAgent,2.11,0,0.69,25,0,19,0,19,50,25,53,0,0,25,0,0,25,56,50,487,52,23,2,211,10,10
"agent ForwardAgent #44",ForwardAgent,0.04,0,0.69,25,0,0,0,0,0,25,2,0,0,25,0,0,25,0,50,67,2,5,3,4,10,10
"agent ForwardAgent #45",ForwardAgent,0.08,0,0.69,25,0,0,0,0,4,25,0,0,0,25,0,0,25,4,50,174,0,9,0,8,10,10
"agent ForwardAgent #46",ForwardAgent,0.35,0,0.69,25,0,2,0,2,10,25,10,0,0,25,0,0,25,8,50,276,7,21,1,35,10,10
"agent ForwardAgent #47",ForwardAgent,0.65,0,0.69,25,0,4,0,4,14,25,16,0,0,25,0,0,25,19,50,341,16,23,2,65,10,10
"agent ForwardAgent #48",ForwardAgent,0.4,0,0.69,25,0,6,0,6,10,25,10,0,0,25,0,0,25,8,50,208,12,15,3,40,10,10
"agent ForwardAgent #49",ForwardAgent,0.08,0,0.69,25,0,0,0,0,4,25,0,0,0,25,0,0,25,4,50,166,0,9,0,8,10,10
"agent ForwardAgent #50",ForwardAgent,0.63,0,0.69,25,0,6,0,6,18,25,16,0,0,25,0,0,25,14,50,312,15,23,1,63,10,10
"agent RandomAgent #51",RandomAgent,0.33,0,0.69,25,0,0,0,6,2,25,12,0,0,25,0,0,25,15,50,247,4,11,2,33,10,10
"agent RandomAgent #52",RandomAgent,2.34,0,0.69,25,0,22,0,123,55,25,62,0,0,25,0,0,25,60,50,205,57,16,3,234,10,10
"agent RandomAgent #53",RandomAgent,1.04,0,0.69,25,0,17,0,62,40,25,12,0,0,25,0,0,25,16,50,246,36,9,0,104,10,10
"agent RandomAgent #54",RandomAgent,0.23,0,0.69,25,0,0,0,15,12,25,2,0,0,25,0,0,25,0,50,186,9,7,1,23,10,10
"agent RandomAgent #55",RandomAgent,0.53,0,0.69,25,0,0,0,25,4,25,20,0,0,25,0,0,25,23,50,237,6,13,2,53,10,10
"agent RandomAgent #56",RandomAgent,1.94,0,0.69,25,0,14,0,91,34,25,63,0,0,25,0,0,25,61,50,324,36,14,3,194,10,10
"agent RandomAgent #57",RandomAgent,0.62,0,0.69,25,0,6,0,36,19,25,12,0,0,25,0,0,25,16,50,154,15,9,0,62,10,10
"agent RandomAgent #58",RandomAgent,0.05,0,0.69,25,0,0,0,0,3,25,2,0,0,25,0,0,25,0,50,51,0,6,1,5,10,10
"agent RandomAgent #59",RandomAgent,0.25,0,0.69,25,0,0,0,11,4,25,6,0,0,25,0,0,25,9,50,179,6,12,2,25,10,10
"agent RandomAgent #60",RandomAgent,1.32,0,0.69,25,0,18,0,66,33,25,33,0,0,25,0,0,25,31,50,200,35,14,3,132,10,10
"agent RandomAgent #61",RandomAgent,0.9,0,0.69,25,0,5,0,30,27,25,18,0,0,25,0,0,25,22,50,180,23,9,0,90,10,10
"agent RandomAgent #62",RandomAgent,0.11,0,0.69,25,0,0,0,6,6,25,2,0,0,25,0,0,25,0,50,69,3,6,1,11,10,10
"agent RandomAgent #63",RandomAgent,0.99,0,0.69,25,0,0,0,46,14,25,33,0,0,25,0,0,25,36,50,188,16,16,2,99,10,10
"agent RandomAgent #64",RandomAgent,0.62,0,0.69,25,0,1,0,28,20,25,11,0,0,25,0,0,25,9,50,124,22,15,3,62,10,10
"agent RandomAgent #65",RandomAgent,0.46,0,0.69,25,0,2,0,24,17,25,6,0,0,25,0,0,25,10,50,86,13,9,0,46,10,10
"agent RandomAgent #66",RandomAgent,0.55,0,0.69,25,0,4,0,21,15,25,15,0,0,25,0,0,25,13,50,151,12,12,1,55,10,10
"agent RandomAgent #67",RandomAgent,1.05,0,0.69,25,0,12,0,57,25,25,25,0,0,25,0,0,25,28,50,180,27,13,2,105,10,10
"agent RandomAgent #68",RandomAgent,2.28,0,0.69,25,0,13,0,117,51,25,63,0,0,25,0,0,25,61,50,118,53,23,3,228,10,10
"agent RandomAgent #69",RandomAgent,0.28,0,0.69,25,0,3,0,12,10,25,4,0,0,25,0,0,25,8,50,111,6,9,0,28,10,10
"agent RandomAgent #70",RandomAgent,0.13,0,0.69,25,0,0,0,4,6,25,3,0,0,25,0,0,25,1,50,55,3,9,1,13,10,10
"agent RandomAgent #71",RandomAgent,2.03,0,0.69,25,0,14,0,115,43,25,56,0,0,25,0,0,25,59,50,112,45,13,2,203,10,10
"agent RandomAgent #72",RandomAgent,0.06,0,0.69,25,0,0,0,2,0,25,3,0,0,25,0,0,25,1,50,44,2,5,3,6,10,10
"agent RandomAgent #73",RandomAgent,1.16,0,0.69,25,0,13,0,60,33,25,25,0,0,25,0,0,25,29,50,39,29,9,0,116,10,10
"agent RandomAgent #74",RandomAgent,0.37,0,0.69,25,0,0,0,20,11,25,10,0,0,25,0,0,25,8,50,115,8,10,1,37,10,10
"agent RandomAgent #75",RandomAgent,0.61,0,0.69,25,0,0,0,29,3,25,25,0,0,25,0,0,25,28,50,94,5,12,2,61,10,10
"agent NegotiatingAgent #76",NegotiatingAgent,0.24,20,0.69,25,13,2,0,2,6,25,6,24,33,25,0,0,25,4,50,149,8,15,3,24,10,10
"agent NegotiatingAgent #77",NegotiatingAgent,0.08,0,0.69,25,6,0,0,0,4,25,0,11,13,25,0,0,25,4,50,73,0,9,0,8,10,10
"agent NegotiatingAgent #78",NegotiatingAgent,0.39,91,0.69,25,13,3,0,3,10,25,12,32,45,25,1,0,25,10,50,139,7,23,1,39,10,10
"agent NegotiatingAgent #79",NegotiatingAgent,0.09,0,0.69,25,4,0,0,0,0,25,2,8,12,25,0,1,25,5,50,74,2,10,2,9,10,10
"agent NegotiatingAgent #80",NegotiatingAgent,0.24,21,0.69,25,11,2,0,2,6,25,6,29,30,25,0,1,25,4,50,166,8,15,3,24,10,10
"agent NegotiatingAgent #81",NegotiatingAgent,0.08,0,0.69,25,1,0,0,0,4,25,0,5,6,25,0,1,25,4,50,148,0,9,0,8,10,10
"agent NegotiatingAgent #82",NegotiatingAgent,0.25,3,0.69,25,6,1,0,1,7,25,8,23,26,25,0,2,25,6,50,191,4,16,1,25,10,10
"agent NegotiatingAgent #83",NegotiatingAgent,0.35,25,0.69,25,9,3,0,3,8,25,7,19,35,25,2,0,25,10,50,154,10,23,2,35,10,10
"agent NegotiatingAgent #84",NegotiatingAgent,0.2,0,0.69,25,6,1,0,1,2,25,8,17,22,25,0,2,25,6,50,140,4,13,3,20,10,10
"agent NegotiatingAgent #85",NegotiatingAgent,0.08,0,0.69,25,2,0,0,0,4,25,0,6,7,25,0,0,25,4,50,140,0,9,0,8,10,10
"agent NegotiatingAgent #86",NegotiatingAgent,0.19,6,0.69,25,4,2,0,2,6,25,6,19,20,25,1,1,25,4,50,179,3,13,1,19,10,10
"agent NegotiatingAgent #87",NegotiatingAgent,0.15,0,0.69,25,0,1,0,1,2,25,3,13,12,25,2,3,25,6,50,147,4,13,2,15,10,10
"agent NegotiatingAgent #88",NegotiatingAgent,0.04,0,0.69,25,0,0,0,0,0,25,2,1,2,25,0,0,25,0,50,49,2,5,3,4,10,10
"agent NegotiatingAgent #89",NegotiatingAgent,0.08,0,0.69,25,0,0,0,0,4,25,0,7,5,25,0,2,25,4,50,132,0,9,0,8,10,10
"agent NegotiatingAgent #90",NegotiatingAgent,0.39,0,0.69,25,1,3,0,3,10,25,12,35,46,25,8,1,25,10,50,204,7,23,1,39,10,10
"agent NegotiatingAgent #91",NegotiatingAgent,0.29,0,0.69,25,1,2,0,2,6,25,6,27,20,25,0,8,25,9,50,193,8,20,2,29,10,10
"agent NegotiatingAgent #92",NegotiatingAgent,0.04,0,0.69,25,0,0,0,0,0,25,2,1,2,25,0,0,25,0,50,45,2,5,3,4,10,10
"agent NegotiatingAgent #93",NegotiatingAgent,0.08,0,0.69,25,1,0,0,0,4,25,0,7,9,25,0,0,25,4,50,100,0,9,0,8,10,10
"agent NegotiatingAgent #94",NegotiatingAgent,0.25,0,0.69,25,0,1,0,1,7,25,8,23,16,25,0,7,25,6,50,163,4,16,1,25,10,10
"agent NegotiatingAgent #95",NegotiatingAgent,0.09,0,0.69,25,1,0,0,0,0,25,2,6,8,25,0,0,25,5,50,99,2,10,2,9,10,10
"agent NegotiatingAgent #96",NegotiatingAgent,0.2,0,0.69,25,0,1,0,1,2,25,8,17,12,25,0,6,25,6,50,212,4,13,3,20,10,10
"agent NegotiatingAgent #97",NegotiatingAgent,0.08,0,0.69,25,0,0,0,0,4,25,0,7,6,25,0,1,25,4,50,119,0,9,0,8,10,10
"agent NegotiatingAgent #98",NegotiatingAgent,0.19,0,0.69,25,0,2,0,2,6,25,6,17,14,25,1,4,25,4,50,199,3,13,1,19,10,10
"agent NegotiatingAgent #99",NegotiatingAgent,0.09,0,0.69,25,0,0,0,0,0,25,2,7,6,25,0,2,25,5,50,89,2,10,2,9,10,10
"agent NegotiatingAgent #100",NegotiatingAgent,0.4,51,0.69,25,15,3,0,3,8,25,12,26,48,25,0,0,25,10,50,159,10,23,3,40,10,10
"agent SwarmAgent #101",SwarmAgent,0.08,0,0.69,25,0,0,0,0,4,25,0,0,0,25,0,0,25,4,50,96,0,9,0,8,10,10
"agent SwarmAgent #102",SwarmAgent,0.19,0,0.69,25,0,2,0,2,6,25,6,0,0,25,0,0,25,4,50,130,3,13,1,19,10,10
"agent SwarmAgent #103",SwarmAgent,0.25,0,0.69,25,0,1,0,1,6,25,4,0,0,25,0,0,25,7,50,112,8,18,2,25,10,10
"agent SwarmAgent #104",SwarmAgent,0.2,0,0.69,25,0,1,0,1,6,25,4,0,0,25,0,0,25,2,50,162,8,13,3,20,10,10
"agent SwarmAgent #105",SwarmAgent,0.08,0,0.69,25,0,0,0,0,4,25,0,0,0,25,0,0,25,4,50,88,0,9,0,8,10,10
"agent SwarmAgent #106",SwarmAgent,0.19,0,0.69,25,0,0,0,1,5,25,7,0,0,25,0,0,25,5,50,84,2,13,1,19,10,10
"agent SwarmAgent #107",SwarmAgent,0.15,0,0.69,25,0,1,0,1,2,25,3,0,0,25,0,0,25,6,50,96,4,13,2,15,10,10
"agent SwarmAgent #108",SwarmAgent,0.2,0,0.69,25,0,1,0,1,2,25,8,0,0,25,0,0,25,6,50,106,4,13,3,20,10,10
"agent SwarmAgent #109",SwarmAgent,0.08,0,0.69,25,0,0,0,0,4,25,0,0,0,25,0,0,25,4,50,80,0,9,0,8,10,10
"agent SwarmAgent #110",SwarmAgent,0.05,0,0.69,25,0,0,0,0,3,25,2,0,0,25,0,0,25,0,50,32,0,6,1,5,10,10
"agent SwarmAgent #111",SwarmAgent,0.25,0,0.69,25,0,1,0,1,6,25,4,0,0,25,0,0,25,7,50,82,8,18,2,25,10,10
"agent SwarmAgent #112",SwarmAgent,0.2,0,0.69,25,0,1,0,1,2,25,8,0,0,25,0,0,25,6,50,85,4,13,3,20,10,10
"agent SwarmAgent #113",SwarmAgent,0.08,0,0.69,25,0,0,0,0,4,25,0,0,0,25,0,0,25,4,50,72,0,9,0,8,10,10
"agent SwarmAgent #114",SwarmAgent,0.19,0,0.69,25,0,2,0,2,6,25,6,0,0,25,0,0,25,4,50,101,3,13,1,19,10,10
"agent SwarmAgent #115",SwarmAgent,0.25,0,0.69,25,0,1,0,1,6,25,4,0,0,25,0,0,25,7,50,54,8,18,2,25,10,10
"agent SwarmAgent #116",SwarmAgent,0.2,0,0.69,25,0,1,0,1,2,25,8,0,0,25,0,0,25,6,50,62,4,13,3,20,10,10
"agent SwarmAgent #117",SwarmAgent,0.08,0,0.69,25,0,0,0,0,4,25,0,0,0,25,0,0,25,4,50,64,0,9,0,8,10,10
"agent SwarmAgent #118",SwarmAgent,0.05,0,0.69,25,0,0,0,0,3,25,2,0,0,25,0,0,25,0,50,26,0,6,1,5,10,10
"agent SwarmAgent #119",SwarmAgent,0.15,0,0.69,25,0,1,0,1,2,25,3,0,0,25,0,0,25,6,50,76,4,13,2,15,10,10
"agent SwarmAgent #120",SwarmAgent,0.2,0,0.69,25,0,1,0,1,6,25,4,0,0,25,0,0,25,2,50,111,8,13,3,20,10,10
"agent SwarmAgent #121",SwarmAgent,0.08,0,0.69,25,0,0,0,0,4,25,0,0,0,25,0,0,25,4,50,56,0,9,0,8,10,10
"agent SwarmAgent #122",SwarmAgent,0.19,0,0.69,25,0,2,0,2,6,25,6,0,0,25,0,0,25,4,50,78,3,13,1,19,10,10
"agent SwarmAgent #123",SwarmAgent,0.15,0,0.69,25,0,1,0,1,2,25,3,0,0,25,0,0,25,6,50,61,4,13,2,15,10,10
"agent SwarmAgent #124",SwarmAgent,0.2,0,0.69,25,0,1,0,1,6,25,4,0,0,25,0,0,25,2,50,79,8,13,3,20,10,10
"agent SwarmAgent #125",SwarmAgent,0.08,0,0.69,25,0,0,0,0,4,25,0,0,0,25,0,0,25,4,50,48,0,9,0,8,10,10
"agent SwarmAgent #126",SwarmAgent,0.19,0,0.69,25,0,2,0,2,6,25,6,0,0,25,0,0,25,4,50,58,3,13,1,19,10,10
"agent SwarmAgent #127",SwarmAgent,0.21,0,0.69,25,0,1,0,2,5,25,3,0,0,25,0,0,25,6,50,61,7,16,2,21,10,10
"agent SwarmAgent #128",SwarmAgent,0.04,0,0.69,25,0,0,0,0,0,25,2,0,0,25,0,0,25,0,50,16,2,5,3,4,10,10
"agent SwarmAgent #129",SwarmAgent,0.08,0,0.69,25,0,0,0,0,4,25,0,0,0,25,0,0,25,4,50,40,0,9,0,8,10,10
"agent SwarmAgent #130",SwarmAgent,0.15,0,0.69,25,0,1,0,1,6,25,4,0,0,25,0,0,25,2,50,47,3,11,1,15,10,10
"agent SwarmAgent #131",SwarmAgent,0.15,0,0.69,25,0,0,0,1,3,25,2,0,0,25,0,0,25,5,50,39,5,13,2,15,10,10
"agent SwarmAgent #132",SwarmAgent,0.04,0,0.69,25,0,0,0,0,0,25,2,0,0,25,0,0,25,0,50,12,2,5,3,4,10,10
"agent SwarmAgent #133",SwarmAgent,0.08,0,0.69,25,0,0,0,0,4,25,0,0,0,25,0,0,25,4,50,32,0,9,0,8,10,10
"agent SwarmAgent #134",SwarmAgent,0.19,0,0.69,25,0,2,0,2,6,25,6,0,0,25,0,0,25,4,50,31,3,13,1,19,10,10
"agent SwarmAgent #135",SwarmAgent,0.15,0,0.69,25,0,1,0,1,2,25,3,0,0,25,0,0,25,6,50,25,4,13,2,15,10,10
"agent SwarmAgent #136",SwarmAgent,0.04,0,0.69,25,0,0,0,0,0,25,2,0,0,25,0,0,25,0,50,8,2,5,3,4,10,10
"agent SwarmAgent #137",SwarmAgent,0.08,0,0.69,25,0,0,0,0,4,25,0,0,0,25,0,0,25,4,50,24,0,9,0,8,10,10
"agent SwarmAgent #138",SwarmAgent,0.19,0,0.69,25,0,2,0,2,6,25,6,0,0,25,0,0,25,4,50,12,3,13,1,19,10,10
"agent SwarmAgent #139",SwarmAgent,0.09,0,0.69,25,0,0,0,0,0,25,2,0,0,25,0,0,25,5,50,12,2,10,2,9,10,10
"agent SwarmAgent #140",SwarmAgent,0.2,0,0.69,25,0,1,0,1,2,25,8,0,0,25,0,0,25,6,50,17,4,13,3,20,10,10
"agent SwarmAgent #141",SwarmAgent,0.08,0,0.69,25,0,0,0,0,4,25,0,0,0,25,0,0,25,4,50,16,0,9,0,8,10,10
"agent SwarmAgent #142",SwarmAgent,0.05,0,0.69,25,0,0,0,0,3,25,2,0,0,25,0,0,25,0,50,8,0,6,1,5,10,10
"agent SwarmAgent #143",SwarmAgent,0.15,0,0.69,25,0,1,0,1,2,25,3,0,0,25,0,0,25,6,50,8,4,13,2,15,10,10
"agent SwarmAgent #144",SwarmAgent,0.04,0,0.69,25,0,0,0,0,0,25,2,0,0,25,0,0,25,0,50,3,2,5,3,4,10,10
"agent SwarmAgent #145",SwarmAgent,0.08,0,0.69,25,0,0,0,0,4,25,0,0,0,25,0,0,25,4,50,8,0,9,0,8,10,10
"agent SwarmAgent #146",SwarmAgent,0.29,0,0.69,25,0,1,0,2,8,25,9,0,0,25,0,0,25,7,50,9,5,18,1,29,10,10
"agent SwarmAgent #147",SwarmAgent,0.15,0,0.69,25,0,0,0,1,3,25,2,0,0,25,0,0,25,5,50,2,5,13,2,15,10,10
"agent SwarmAgent #148",SwarmAgent,0.2,0,0.69,25,0,1,0,1,6,25,4,0,0,25,0,0,25,2,50,3,8,13,3,20,10,10
"agent SwarmAgent #149",SwarmAgent,0.08,0,0.69,25,0,0,0,0,4,25,0,0,0,25,0,0,25,4,50,0,0,9,0,8,10,10
"agent SwarmAgent #150",SwarmAgent,0.19,0,0.69,25,0,0,0,1,5,25,7,0,0,25,0,0,25,5,50,0,2,13,1,19,10,10
