agentName,agentType,averageSpeed,cumulatedUtilityReceived,freeWallRatio,numBacktrackAgents,numCFPAnswered,numDeadends,numDifferentEncounters,numDirectionChanges,numDownSteps,numForwardAgents,numLeftSteps,numMessagesReceived,numMessagesSent,numNegotiatingAgents,numProposalsAccepted,numProposalsRejected,numRandomAgents,numRightSteps,numSwarmAgents,numTotalEncounters,numUpSteps,numVisitedCells,startingPosition,stepsToExit,xsize,ysize
"agent BacktrackAgent #1",BacktrackAgent,0.2,0,0.69,100,0,0,0,0,6,100,4,0,0,100,0,0,0,8,100,1919,2,21,0,20,10,10
"agent BacktrackAgent #2",BacktrackAgent,0.09,0,0.69,100,0,0,0,0,5,100,2,0,0,100,0,0,0,0,100,510,2,10,1,9,10,10
"agent BacktrackAgent #3",BacktrackAgent,0.05,0,0.69,100,0,0,0,0,0,100,0,0,0,100,0,0,0,3,100,272,2,6,2,5,10,10
"agent BacktrackAgent #4",BacktrackAgent,0.04,0,0.69,100,0,0,0,0,0,100,2,0,0,100,0,0,0,0,100,208,2,5,3,4,10,10
"agent BacktrackAgent #5",BacktrackAgent,0.2,0,0.69,100,0,0,0,0,6,100,4,0,0,100,0,0,0,8,100,1695,2,21,0,20,10,10
"agent BacktrackAgent #6",BacktrackAgent,0.09,0,0.69,100,0,0,0,0,5,100,2,0,0,100,0,0,0,0,100,446,2,10,1,9,10,10
"agent BacktrackAgent #7",BacktrackAgent,0.35,0,0.69,100,0,1,0,1,6,100,9,0,0,100,0,0,0,12,100,1482,8,21,2,35,10,10
"agent BacktrackAgent #8",BacktrackAgent,0.04,0,0.69,100,0,0,0,0,0,100,2,0,0,100,0,0,0,0,100,179,2,5,3,4,10,10
"agent BacktrackAgent #9",BacktrackAgent,0.2,0,0.69,100,0,0,0,0,6,100,4,0,0,100,0,0,0,8,100,1469,2,21,0,20,10,10
"agent BacktrackAgent #10",BacktrackAgent,0.09,0,0.69,100,0,0,0,0,5,100,2,0,0,100,0,0,0,0,100,531,2,10,1,9,10,10
"agent BacktrackAgent #11",BacktrackAgent,0.05,0,0.69,100,0,0,0,0,0,100,0,0,0,100,0,0,0,3,100,286,2,6,2,5,10,10
"agent BacktrackAgent #12",BacktrackAgent,0.16,0,0.69,100,0,1,0,1,6,100,2,0,0,100,0,0,0,0,100,912,8,11,3,16,10,10
"agent BacktrackAgent #13",BacktrackAgent,0.2,0,0.69,100,0,0,0,0,6,100,4,0,0,100,0,0,0,8,100,1959,2,21,0,20,10,10
"agent BacktrackAgent #14",BacktrackAgent,0.11,0,0.69,100,0,1,0,1,6,100,2,0,0,100,0,0,0,0,100,1007,3,11,1,11,10,10
"agent BacktrackAgent #15",BacktrackAgent,0.35,0,0.69,100,0,1,0,1,6,100,9,0,0,100,0,0,0,12,100,1791,8,21,2,35,10,10
"agent BacktrackAgent #16",BacktrackAgent,0.04,0,0.69,100,0,0,0,0,0,100,2,0,0,100,0,0,0,0,100,231,2,5,3,4,10,10
"agent BacktrackAgent #17",BacktrackAgent,0.2,0,0.69,100,0,0,0,0,6,100,4,0,0,100,0,0,0,8,100,1938,2,21,0,20,10,10
"agent BacktrackAgent #18",BacktrackAgent,0.09,0,0.69,100,0,0,0,0,5,100,2,0,0,100,0,0,0,0,100,520,2,10,1,9,10,10
"agent BacktrackAgent #19",BacktrackAgent,0.35,0,0.69,100,0,1,0,1,6,100,9,0,0,100,0,0,0,12,100,1755,8,21,2,35,10,10
"agent BacktrackAgent #20",BacktrackAgent,0.04,0,0.69,100,0,0,0,0,0,100,2,0,0,100,0,0,0,0,100,227,2,5,3,4,10,10
"agent BacktrackAgent #21",BacktrackAgent,0.2,0,0.69,100,0,0,0,0,6,100,4,0,0,100,0,0,0,8,100,1898,2,21,0,20,10,10
"agent BacktrackAgent #22",BacktrackAgent,0.11,0,0.69,100,0,1,0,1,6,100,2,0,0,100,0,0,0,0,100,987,3,11,1,11,10,10
"agent BacktrackAgent #23",BacktrackAgent,0.05,0,0.69,100,0,0,0,0,0,100,0,0,0,100,0,0,0,3,100,279,2,6,2,5,10,10
"agent BacktrackAgent #24",BacktrackAgent,0.04,0,0.69,100,0,0,0,0,0,100,2,0,0,100,0,0,0,0,100,223,2,5,3,4,10,10
"agent BacktrackAgent #25",BacktrackAgent,0.2,0,0.69,100,0,0,0,0,6,100,4,0,0,100,0,0,0,8,100,1878,2,21,0,20,10,10
"agent BacktrackAgent #26",BacktrackAgent,0.11,0,0.69,100,0,1,0,1,6,100,2,0,0,100,0,0,0,0,100,976,3,11,1,11,10,10
"agent BacktrackAgent #27",BacktrackAgent,0.35,0,0.69,100,0,1,0,1,6,100,9,0,0,100,0,0,0,12,100,1715,8,21,2,35,10,10
"agent BacktrackAgent #28",BacktrackAgent,0.16,0,0.69,100,0,1,0,1,6,100,2,0,0,100,0,0,0,0,100,889,8,11,3,16,10,10
"agent BacktrackAgent #29",BacktrackAgent,0.2,0,0.69,100,0,0,0,0,6,100,4,0,0,100,0,0,0,8,100,1857,2,21,0,20,10,10
"agent BacktrackAgent #30",BacktrackAgent,0.11,0,0.69,100,0,1,0,1,6,100,2,0,0,100,0,0,0,0,100,964,3,11,1,11,10,10
"agent BacktrackAgent #31",BacktrackAgent,0.35,0,0.69,100,0,1,0,1,6,100,9,0,0,100,0,0,0,12,100,1679,8,21,2,35,10,10
"agent BacktrackAgent #32",BacktrackAgent,0.16,0,0.69,100,0,1,0,1,6,100,2,0,0,100,0,0,0,0,100,870,8,11,3,16,10,10
"agent BacktrackAgent #33",BacktrackAgent,0.2,0,0.69,100,0,0,0,0,6,100,4,0,0,100,0,0,0,8,100,1836,2,21,0,20,10,10
"agent BacktrackAgent #34",BacktrackAgent,0.09,0,0.69,100,0,0,0,0,5,100,2,0,0,100,0,0,0,0,100,498,2,10,1,9,10,10
"agent BacktrackAgent #35",BacktrackAgent,0.35,0,0.69,100,0,1,0,1,6,100,9,0,0,100,0,0,0,12,100,1643,8,21,2,35,10,10
"agent BacktrackAgent #36",BacktrackAgent,0.04,0,0.69,100,0,0,0,0,0,100,2,0,0,100,0,0,0,0,100,217,2,5,3,4,10,10
"agent BacktrackAgent #37",BacktrackAgent,0.2,0,0.69,100,0,0,0,0,6,100,4,0,0,100,0,0,0,8,100,1815,2,21,0,20,10,10
"agent BacktrackAgent #38",BacktrackAgent,0.09,0,0.69,100,0,0,0,0,5,100,2,0,0,100,0,0,0,0,100,489,2,10,1,9,10,10
"agent BacktrackAgent #39",BacktrackAgent,0.35,0,0.69,100,0,1,0,1,6,100,9,0,0,100,0,0,0,12,100,1607,8,21,2,35,10,10
"agent BacktrackAgent #40",BacktrackAgent,0.04,0,0.69,100,0,0,0,0,0,100,2,0,0,100,0,0,0,0,100,212,2,5,3,4,10,10
"agent BacktrackAgent #41",BacktrackAgent,0.2,0,0.69,100,0,0,0,0,6,100,4,0,0,100,0,0,0,8,100,1794,2,21,0,20,10,10
"agent BacktrackAgent #42",BacktrackAgent,0.09,0,0.69,100,0,0,0,0,5,100,2,0,0,100,0,0,0,0,100,480,2,10,1,9,10,10
"agent BacktrackAgent #43",BacktrackAgent,0.05,0,0.69,100,0,0,0,0,0,100,0,0,0,100,0,0,0,3,100,266,2,6,2,5,10,10
"agent BacktrackAgent #44",BacktrackAgent,0.16,0,0.69,100,0,1,0,1,6,100,2,0,0,100,0,0,0,0,100,849,8,11,3,16,10,10
"agent BacktrackAgent #45",BacktrackAgent,0.2,0,0.69,100,0,0,0,0,6,100,4,0,0,100,0,0,0,8,100,1774,2,21,0,20,10,10
"agent BacktrackAgent #46",BacktrackAgent,0.11,0,0.69,100,0,1,0,1,6,100,2,0,0,100,0,0,0,0,100,924,3,11,1,11,10,10
"agent BacktrackAgent #47",BacktrackAgent,0.05,0,0.69,100,0,0,0,0,0,100,0,0,0,100,0,0,0,3,100,261,2,6,2,5,10,10
"agent BacktrackAgent #48",BacktrackAgent,0.16,0,0.69,100,0,1,0,1,6,100,2,0,0,100,0,0,0,0,100,832,8,11,3,16,10,10
"agent BacktrackAgent #49",BacktrackAgent,0.2,0,0.69,100,0,0,0,0,6,100,4,0,0,100,0,0,0,8,100,1754,2,21,0,20,10,10
"agent BacktrackAgent #50",BacktrackAgent,0.11,0,0.69,100,0,1,0,1,6,100,2,0,0,100,0,0,0,0,100,912,3,11,1,11,10,10
"agent BacktrackAgent #51",BacktrackAgent,0.05,0,0.69,100,0,0,0,0,0,100,0,0,0,100,0,0,0,3,100,256,2,6,2,5,10,10
"agent BacktrackAgent #52",BacktrackAgent,0.04,0,0.69,100,0,0,0,0,0,100,2,0,0,100,0,0,0,0,100,203,2,5,3,4,10,10
"agent BacktrackAgent #53",BacktrackAgent,0.2,0,0.69,100,0,0,0,0,6,100,4,0,0,100,0,0,0,8,100,1734,2,21,0,20,10,10
"agent BacktrackAgent #54",BacktrackAgent,0.11,0,0.69,100,0,1,0,1,6,100,2,0,0,100,0,0,0,0,100,901,3,11,1,11,10,10
"agent BacktrackAgent #55",BacktrackAgent,0.05,0,0.69,100,0,0,0,0,0,100,0,0,0,100,0,0,0,3,100,251,2,6,2,5,10,10
"agent BacktrackAgent #56",BacktrackAgent,0.04,0,0.69,100,0,0,0,0,0,100,2,0,0,100,0,0,0,0,100,199,2,5,3,4,10,10
"agent BacktrackAgent #57",BacktrackAgent,0.2,0,0.69,100,0,0,0,0,6,100,4,0,0,100,0,0,0,8,100,1714,2,21,0,20,10,10
"agent BacktrackAgent #58",BacktrackAgent,0.09,0,0.69,100,0,0,0,0,5,100,2,0,0,100,0,0,0,0,100,466,2,10,1,9,10,10
"agent BacktrackAgent #59",BacktrackAgent,0.05,0,0.69,100,0,0,0,0,0,100,0,0,0,100,0,0,0,3,100,246,2,6,2,5,10,10
"agent BacktrackAgent #60",BacktrackAgent,0.04,0,0.69,100,0,0,0,0,0,100,2,0,0,100,0,0,0,0,100,195,2,5,3,4,10,10
"agent BacktrackAgent #61",BacktrackAgent,0.2,0,0.69,100,0,0,0,0,6,100,4,0,0,100,0,0,0,8,100,1675,2,21,0,20,10,10
"agent BacktrackAgent #62",BacktrackAgent,0.09,0,0.69,100,0,0,0,0,5,100,2,0,0,100,0,0,0,0,100,457,2,10,1,9,10,10
"agent BacktrackAgent #63",BacktrackAgent,0.35,0,0.69,100,0,1,0,1,6,100,9,0,0,100,0,0,0,12,100,1559,8,21,2,35,10,10
"agent BacktrackAgent #64",BacktrackAgent,0.16,0,0.69,100,0,1,0,1,6,100,2,0,0,100,0,0,0,0,100,809,8,11,3,16,10,10
"agent BacktrackAgent #65",BacktrackAgent,0.2,0,0.69,100,0,0,0,0,6,100,4,0,0,100,0,0,0,8,100,1654,2,21,0,20,10,10
"agent BacktrackAgent #66",BacktrackAgent,0.11,0,0.69,100,0,1,0,1,6,100,2,0,0,100,0,0,0,0,100,871,3,11,1,11,10,10
"agent BacktrackAgent #67",BacktrackAgent,0.05,0,0.69,100,0,0,0,0,0,100,0,0,0,100,0,0,0,3,100,240,2,6,2,5,10,10
"agent BacktrackAgent #68",BacktrackAgent,0.16,0,0.69,100,0,1,0,1,6,100,2,0,0,100,0,0,0,0,100,792,8,11,3,16,10,10
"agent BacktrackAgent #69",BacktrackAgent,0.2,0,0.69,100,0,0,0,0,6,100,4,0,0,100,0,0,0,8,100,1634,2,21,0,20,10,10
"agent BacktrackAgent #70",BacktrackAgent,0.11,0,0.69,100,0,1,0,1,6,100,2,0,0,100,0,0,0,0,100,859,3,11,1,11,10,10
"agent BacktrackAgent #71",BacktrackAgent,0.35,0,0.69,100,0,1,0,1,6,100,9,0,0,100,0,0,0,12,100,1521,8,21,2,35,10,10
"agent BacktrackAgent #72",BacktrackAgent,0.16,0,0.69,100,0,1,0,1,6,100,2,0,0,100,0,0,0,0,100,773,8,11,3,16,10,10
"agent BacktrackAgent #73",BacktrackAgent,0.2,0,0.69,100,0,0,0,0,6,100,4,0,0,100,0,0,0,8,100,1613,2,21,0,20,10,10
"agent BacktrackAgent #74",BacktrackAgent,0.11,0,0.69,100,0,1,0,1,6,100,2,0,0,100,0,0,0,0,100,847,3,11,1,11,10,10
"agent BacktrackAgent #75",BacktrackAgent,0.05,0,0.69,100,0,0,0,0,0,100,0,0,0,100,0,0,0,3,100,234,2,6,2,5,10,10
"agent BacktrackAgent #76",BacktrackAgent,0.16,0,0.69,100,0,1,0,1,6,100,2,0,0,100,0,0,0,0,100,756,8,11,3,16,10,10
"agent BacktrackAgent #77",BacktrackAgent,0.2,0,0.69,100,0,0,0,0,6,100,4,0,0,100,0,0,0,8,100,1593,2,21,0,20,10,10
"agent BacktrackAgent #78",BacktrackAgent,0.09,0,0.69,100,0,0,0,0,5,100,2,0,0,100,0,0,0,0,100,433,2,10,1,9,10,10
"agent BacktrackAgent #79",BacktrackAgent,0.05,0,0.69,100,0,0,0,0,0,100,0,0,0,100,0,0,0,3,100,229,2,6,2,5,10,10
"agent BacktrackAgent #80",BacktrackAgent,0.04,0,0.69,100,0,0,0,0,0,100,2,0,0,100,0,0,0,0,100,187,2,5,3,4,10,10
"agent BacktrackAgent #81",BacktrackAgent,0.2,0,0.69,100,0,0,0,0,6,100,4,0,0,100,0,0,0,8,100,1571,2,21,0,20,10,10
"agent BacktrackAgent #82",BacktrackAgent,0.09,0,0.69,100,0,0,0,0,5,100,2,0,0,100,0,0,0,0,100,424,2,10,1,9,10,10
"agent BacktrackAgent #83",BacktrackAgent,0.35,0,0.69,100,0,1,0,1,6,100,9,0,0,100,0,0,0,12,100,1447,8,21,2,35,10,10
"agent BacktrackAgent #84",BacktrackAgent,0.16,0,0.69,100,0,1,0,1,6,100,2,0,0,100,0,0,0,0,100,737,8,11,3,16,10,10
"agent BacktrackAgent #85",BacktrackAgent,0.2,0,0.69,100,0,0,0,0,6,100,4,0,0,100,0,0,0,8,100,1550,2,21,0,20,10,10
"agent BacktrackAgent #86",BacktrackAgent,0.09,0,0.69,100,0,0,0,0,5,100,2,0,0,100,0,0,0,0,100,414,2,10,1,9,10,10
"agent BacktrackAgent #87",BacktrackAgent,0.05,0,0.69,100,0,0,0,0,0,100,0,0,0,100,0,0,0,3,100,223,2,6,2,5,10,10
"agent BacktrackAgent #88",BacktrackAgent,0.04,0,0.69,100,0,0,0,0,0,100,2,0,0,100,0,0,0,0,100,182,2,5,3,4,10,10
"agent BacktrackAgent #89",BacktrackAgent,0.2,0,0.69,100,0,0,0,0,6,100,4,0,0,100,0,0,0,8,100,1530,2,21,0,20,10,10
"agent BacktrackAgent #90",BacktrackAgent,0.09,0,0.69,100,0,0,0,0,5,100,2,0,0,100,0,0,0,0,100,405,2,10,1,9,10,10
"agent BacktrackAgent #91",BacktrackAgent,0.05,0,0.69,100,0,0,0,0,0,100,0,0,0,100,0,0,0,3,100,218,2,6,2,5,10,10
"agent BacktrackAgent #92",BacktrackAgent,0.04,0,0.69,100,0,0,0,0,0,100,2,0,0,100,0,0,0,0,100,175,2,5,3,4,10,10
"agent BacktrackAgent #93",BacktrackAgent,0.2,0,0.69,100,0,0,0,0,6,100,4,0,0,100,0,0,0,8,100,1510,2,21,0,20,10,10
"agent BacktrackAgent #94",BacktrackAgent,0.09,0,0.69,100,0,0,0,0,5,100,2,0,0,100,0,0,0,0,100,396,2,10,1,9,10,10
"agent BacktrackAgent #95",BacktrackAgent,0.35,0,0.69,100,0,1,0,1,6,100,9,0,0,100,0,0,0,12,100,1407,8,21,2,35,10,10
"agent BacktrackAgent #96",BacktrackAgent,0.16,0,0.69,100,0,1,0,1,6,100,2,0,0,100,0,0,0,0,100,716,8,11,3,16,10,10
"agent BacktrackAgent #97",BacktrackAgent,0.2,0,0.69,100,0,0,0,0,6,100,4,0,0,100,0,0,0,8,100,1489,2,21,0,20,10,10
"agent BacktrackAgent #98",BacktrackAgent,0.11,0,0.69,100,0,1,0,1,6,100,2,0,0,100,0,0,0,0,100,788,3,11,1,11,10,10
"agent BacktrackAgent #99",BacktrackAgent,0.35,0,0.69,100,0,1,0,1,6,100,9,0,0,100,0,0,0,12,100,1371,8,21,2,35,10,10
"agent BacktrackAgent #100",BacktrackAgent,0.16,0,0.69,100,0,1,0,1,6,100,2,0,0,100,0,0,0,0,100,930,8,11,3,16,10,10
"agent ForwardAgent #101",ForwardAgent,0.2,0,0.69,100,0,0,0,0,6,100,4,0,0,100,0,0,0,8,100,1449,2,21,0,20,10,10
"agent ForwardAgent #102",ForwardAgent,0.11,0,0.69,100,0,1,0,1,6,100,2,0,0,100,0,0,0,0,100,777,3,11,1,11,10,10
"agent ForwardAgent #103",ForwardAgent,0.35,0,0.69,100,0,1,0,1,6,100,9,0,0,100,0,0,0,12,100,1333,8,21,2,35,10,10
"agent ForwardAgent #104",ForwardAgent,0.16,0,0.69,100,0,1,0,1,6,100,2,0,0,100,0,0,0,0,100,698,8,11,3,16,10,10
"agent ForwardAgent #105",ForwardAgent,0.2,0,0.69,100,0,0,0,0,6,100,4,0,0,100,0,0,0,8,100,1428,2,21,0,20,10,10
"agent ForwardAgent #106",ForwardAgent,0.11,0,0.69,100,0,1,0,1,6,100,2,0,0,100,0,0,0,0,100,765,3,11,1,11,10,10
"agent ForwardAgent #107",ForwardAgent,0.05,0,0.69,100,0,0,0,0,0,100,0,0,0,100,0,0,0,3,100,210,2,6,2,5,10,10
"agent ForwardAgent #108",ForwardAgent,0.04,0,0.69,100,0,0,0,0,0,100,2,0,0,100,0,0,0,0,100,169,2,5,3,4,10,10
"agent ForwardAgent #109",ForwardAgent,0.2,0,0.69,100,0,0,0,0,6,100,4,0,0,100,0,0,0,8,100,1408,2,21,0,20,10,10
"agent ForwardAgent #110",ForwardAgent,0.11,0,0.69,100,0,1,0,1,6,100,2,0,0,100,0,0,0,0,100,754,3,11,1,11,10,10
"agent ForwardAgent #111",ForwardAgent,0.05,0,0.69,100,0,0,0,0,0,100,0,0,0,100,0,0,0,3,100,205,2,6,2,5,10,10
"agent ForwardAgent #112",ForwardAgent,0.04,0,0.69,100,0,0,0,0,0,100,2,0,0,100,0,0,0,0,100,165,2,5,3,4,10,10
"agent ForwardAgent #113",ForwardAgent,0.2,0,0.69,100,0,0,0,0,6,100,4,0,0,100,0,0,0,8,100,1388,2,21,0,20,10,10
"agent ForwardAgent #114",ForwardAgent,0.09,0,0.69,100,0,0,0,0,5,100,2,0,0,100,0,0,0,0,100,381,2,10,1,9,10,10
"agent ForwardAgent #115",ForwardAgent,0.35,0,0.69,100,0,1,0,1,6,100,9,0,0,100,0,0,0,12,100,1293,8,21,2,35,10,10
"agent ForwardAgent #116",ForwardAgent,0.04,0,0.69,100,0,0,0,0,0,100,2,0,0,100,0,0,0,0,100,161,2,5,3,4,10,10
"agent ForwardAgent #117",ForwardAgent,0.2,0,0.69,100,0,0,0,0,6,100,4,0,0,100,0,0,0,8,100,1367,2,21,0,20,10,10
"agent ForwardAgent #118",ForwardAgent,0.11,0,0.69,100,0,1,0,1,6,100,2,0,0,100,0,0,0,0,100,734,3,11,1,11,10,10
"agent ForwardAgent #119",ForwardAgent,0.35,0,0.69,100,0,1,0,1,6,100,9,0,0,100,0,0,0,12,100,1257,8,21,2,35,10,10
"agent ForwardAgent #120",ForwardAgent,0.04,0,0.69,100,0,0,0,0,0,100,2,0,0,100,0,0,0,0,100,157,2,5,3,4,10,10
"agent ForwardAgent #121",ForwardAgent,0.2,0,0.69,100,0,0,0,0,6,100,4,0,0,100,0,0,0,8,100,1346,2,21,0,20,10,10
"agent ForwardAgent #122",ForwardAgent,0.09,0,0.69,100,0,0,0,0,5,100,2,0,0,100,0,0,0,0,100,371,2,10,1,9,10,10
"agent ForwardAgent #123",ForwardAgent,0.35,0,0.69,100,0,1,0,1,6,100,9,0,0,100,0,0,0,12,100,1221,8,21,2,35,10,10
"agent ForwardAgent #124",ForwardAgent,0.16,0,0.69,100,0,1,0,1,6,100,2,0,0,100,0,0,0,0,100,673,8,11,3,16,10,10
"agent ForwardAgent #125",ForwardAgent,0.2,0,0.69,100,0,0,0,0,6,100,4,0,0,100,0,0,0,8,100,1325,2,21,0,20,10,10
"agent ForwardAgent #126",ForwardAgent,0.09,0,0.69,100,0,0,0,0,5,100,2,0,0,100,0,0,0,0,100,361,2,10,1,9,10,10
"agent ForwardAgent #127",ForwardAgent,0.35,0,0.69,100,0,1,0,1,6,100,9,0,0,100,0,0,0,12,100,1185,8,21,2,35,10,10
"agent ForwardAgent #128",ForwardAgent,0.16,0,0.69,100,0,1,0,1,6,100,2,0,0,100,0,0,0,0,100,656,8,11,3,16,10,10
"agent ForwardAgent #129",ForwardAgent,0.2,0,0.69,100,0,0,0,0,6,100,4,0,0,100,0,0,0,8,100,1304,2,21,0,20,10,10
"agent ForwardAgent #130",ForwardAgent,0.11,0,0.69,100,0,1,0,1,6,100,2,0,0,100,0,0,0,0,100,703,3,11,1,11,10,10
"agent ForwardAgent #131",ForwardAgent,0.05,0,0.69,100,0,0,0,0,0,100,0,0,0,100,0,0,0,3,100,196,2,6,2,5,10,10
"agent ForwardAgent #132",ForwardAgent,0.04,0,0.69,100,0,0,0,0,0,100,2,0,0,100,0,0,0,0,100,151,2,5,3,4,10,10
"agent ForwardAgent #133",ForwardAgent,0.2,0,0.69,100,0,0,0,0,6,100,4,0,0,100,0,0,0,8,100,1284,2,21,0,20,10,10
"agent ForwardAgent #134",ForwardAgent,0.11,0,0.69,100,0,1,0,1,6,100,2,0,0,100,0,0,0,0,100,692,3,11,1,11,10,10
"agent ForwardAgent #135",ForwardAgent,0.05,0,0.69,100,0,0,0,0,0,100,0,0,0,100,0,0,0,3,100,191,2,6,2,5,10,10
"agent ForwardAgent #136",ForwardAgent,0.16,0,0.69,100,0,1,0,1,6,100,2,0,0,100,0,0,0,0,100,637,8,11,3,16,10,10
"agent ForwardAgent #137",ForwardAgent,0.2,0,0.69,100,0,0,0,0,6,100,4,0,0,100,0,0,0,8,100,1264,2,21,0,20,10,10
"agent ForwardAgent #138",ForwardAgent,0.09,0,0.69,100,0,0,0,0,5,100,2,0,0,100,0,0,0,0,100,348,2,10,1,9,10,10
"agent ForwardAgent #139",ForwardAgent,0.05,0,0.69,100,0,0,0,0,0,100,0,0,0,100,0,0,0,3,100,186,2,6,2,5,10,10
"agent ForwardAgent #140",ForwardAgent,0.16,0,0.69,100,0,1,0,1,6,100,2,0,0,100,0,0,0,0,100,620,8,11,3,16,10,10
"agent ForwardAgent #141",ForwardAgent,0.2,0,0.69,100,0,0,0,0,6,100,4,0,0,100,0,0,0,8,100,1244,2,21,0,20,10,10
"agent ForwardAgent #142",ForwardAgent,0.09,0,0.69,100,0,0,0,0,5,100,2,0,0,100,0,0,0,0,100,338,2,10,1,9,10,10
"agent ForwardAgent #143",ForwardAgent,0.05,0,0.69,100,0,0,0,0,0,100,0,0,0,100,0,0,0,3,100,181,2,6,2,5,10,10
"agent ForwardAgent #144",ForwardAgent,0.04,0,0.69,100,0,0,0,0,0,100,2,0,0,100,0,0,0,0,100,145,2,5,3,4,10,10
"agent ForwardAgent #145",ForwardAgent,0.2,0,0.69,100,0,0,0,0,6,100,4,0,0,100,0,0,0,8,100,1224,2,21,0,20,10,10
"agent ForwardAgent #146",ForwardAgent,0.11,0,0.69,100,0,1,0,1,6,100,2,0,0,100,0,0,0,0,100,661,3,11,1,11,10,10
"agent ForwardAgent #147",ForwardAgent,0.35,0,0.69,100,0,1,0,1,6,100,9,0,0,100,0,0,0,12,100,1141,8,21,2,35,10,10
"agent ForwardAgent #148",ForwardAgent,0.16,0,0.69,100,0,1,0,1,6,100,2,0,0,100,0,0,0,0,100,601,8,11,3,16,10,10
"agent ForwardAgent #149",ForwardAgent,0.2,0,0.69,100,0,0,0,0,6,100,4,0,0,100,0,0,0,8,100,1203,2,21,0,20,10,10
"agent ForwardAgent #150",ForwardAgent,0.09,0,0.69,100,0,0,0,0,5,100,2,0,0,100,0,0,0,0,100,327,2,10,1,9,10,10
"agent ForwardAgent #151",ForwardAgent,0.35,0,0.69,100,0,1,0,1,6,100,9,0,0,100,0,0,0,12,100,1105,8,21,2,35,10,10
"agent ForwardAgent #152",ForwardAgent,0.04,0,0.69,100,0,0,0,0,0,100,2,0,0,100,0,0,0,0,100,140,2,5,3,4,10,10
"agent ForwardAgent #153",ForwardAgent,0.2,0,0.69,100,0,0,0,0,6,100,4,0,0,100,0,0,0,8,100,1182,2,21,0,20,10,10
"agent ForwardAgent #154",ForwardAgent,0.09,0,0.69,100,0,0,0,0,5,100,2,0,0,100,0,0,0,0,100,318,2,10,1,9,10,10
"agent ForwardAgent #155",ForwardAgent,0.35,0,0.69,100,0,1,0,1,6,100,9,0,0,100,0,0,0,12,100,1069,8,21,2,35,10,10
"agent ForwardAgent #156",ForwardAgent,0.04,0,0.69,100,0,0,0,0,0,100,2,0,0,100,0,0,0,0,100,136,2,5,3,4,10,10
"agent ForwardAgent #157",ForwardAgent,0.2,0,0.69,100,0,0,0,0,6,100,4,0,0,100,0,0,0,8,100,1161,2,21,0,20,10,10
"agent ForwardAgent #158",ForwardAgent,0.11,0,0.69,100,0,1,0,1,6,100,2,0,0,100,0,0,0,0,100,631,3,11,1,11,10,10
"agent ForwardAgent #159",ForwardAgent,0.35,0,0.69,100,0,1,0,1,6,100,9,0,0,100,0,0,0,12,100,1033,8,21,2,35,10,10
"agent ForwardAgent #160",ForwardAgent,0.04,0,0.69,100,0,0,0,0,0,100,2,0,0,100,0,0,0,0,100,132,2,5,3,4,10,10
"agent ForwardAgent #161",ForwardAgent,0.2,0,0.69,100,0,0,0,0,6,100,4,0,0,100,0,0,0,8,100,1140,2,21,0,20,10,10
"agent ForwardAgent #162",ForwardAgent,0.09,0,0.69,100,0,0,0,0,5,100,2,0,0,100,0,0,0,0,100,308,2,10,1,9,10,10
"agent ForwardAgent #163",ForwardAgent,0.35,0,0.69,100,0,1,0,1,6,100,9,0,0,100,0,0,0,12,100,997,8,21,2,35,10,10
"agent ForwardAgent #164",ForwardAgent,0.16,0,0.69,100,0,1,0,1,6,100,2,0,0,100,0,0,0,0,100,578,8,11,3,16,10,10
"agent ForwardAgent #165",ForwardAgent,0.2,0,0.69,100,0,0,0,0,6,100,4,0,0,100,0,0,0,8,100,1119,2,21,0,20,10,10
"agent ForwardAgent #166",ForwardAgent,0.11,0,0.69,100,0,1,0,1,6,100,2,0,0,100,0,0,0,0,100,610,3,11,1,11,10,10
"agent ForwardAgent #167",ForwardAgent,0.05,0,0.69,100,0,0,0,0,0,100,0,0,0,100,0,0,0,3,100,171,2,6,2,5,10,10
"agent ForwardAgent #168",ForwardAgent,0.16,0,0.69,100,0,1,0,1,6,100,2,0,0,100,0,0,0,0,100,561,8,11,3,16,10,10
"agent ForwardAgent #169",ForwardAgent,0.2,0,0.69,100,0,0,0,0,6,100,4,0,0,100,0,0,0,8,100,1099,2,21,0,20,10,10
"agent ForwardAgent #170",ForwardAgent,0.11,0,0.69,100,0,1,0,1,6,100,2,0,0,100,0,0,0,0,100,598,3,11,1,11,10,10
"agent ForwardAgent #171",ForwardAgent,0.05,0,0.69,100,0,0,0,0,0,100,0,0,0,100,0,0,0,3,100,166,2,6,2,5,10,10
"agent ForwardAgent #172",ForwardAgent,0.04,0,0.69,100,0,0,0,0,0,100,2,0,0,100,0,0,0,0,100,126,2,5,3,4,10,10
"agent ForwardAgent #173",ForwardAgent,0.2,0,0.69,100,0,0,0,0,6,100,4,0,0,100,0,0,0,8,100,1079,2,21,0,20,10,10
"agent ForwardAgent #174",ForwardAgent,0.11,0,0.69,100,0,1,0,1,6,100,2,0,0,100,0,0,0,0,100,587,3,11,1,11,10,10
"agent ForwardAgent #175",ForwardAgent,0.35,0,0.69,100,0,1,0,1,6,100,9,0,0,100,0,0,0,12,100,957,8,21,2,35,10,10
"agent ForwardAgent #176",ForwardAgent,0.04,0,0.69,100,0,0,0,0,0,100,2,0,0,100,0,0,0,0,100,122,2,5,3,4,10,10
"agent ForwardAgent #177",ForwardAgent,0.2,0,0.69,100,0,0,0,0,6,100,4,0,0,100,0,0,0,8,100,1058,2,21,0,20,10,10
"agent ForwardAgent #178",ForwardAgent,0.09,0,0.69,100,0,0,0,0,5,100,2,0,0,100,0,0,0,0,100,294,2,10,1,9,10,10
"agent ForwardAgent #179",ForwardAgent,0.35,0,0.69,100,0,1,0,1,6,100,9,0,0,100,0,0,0,12,100,921,8,21,2,35,10,10
"agent ForwardAgent #180",ForwardAgent,0.16,0,0.69,100,0,1,0,1,6,100,2,0,0,100,0,0,0,0,100,540,8,11,3,16,10,10
"agent ForwardAgent #181",ForwardAgent,0.2,0,0.69,100,0,0,0,0,6,100,4,0,0,100,0,0,0,8,100,1037,2,21,0,20,10,10
"agent ForwardAgent #182",ForwardAgent,0.11,0,0.69,100,0,1,0,1,6,100,2,0,0,100,0,0,0,0,100,566,3,11,1,11,10,10
"agent ForwardAgent #183",ForwardAgent,0.35,0,0.69,100,0,1,0,1,6,100,9,0,0,100,0,0,0,12,100,885,8,21,2,35,10,10
"agent ForwardAgent #184",ForwardAgent,0.16,0,0.69,100,0,1,0,1,6,100,2,0,0,100,0,0,0,0,100,523,8,11,3,16,10,10
"agent ForwardAgent #185",ForwardAgent,0.2,0,0.69,100,0,0,0,0,6,100,4,0,0,100,0,0,0,8,100,1016,2,21,0,20,10,10
"agent ForwardAgent #186",ForwardAgent,0.09,0,0.69,100,0,0,0,0,5,100,2,0,0,100,0,0,0,0,100,282,2,10,1,9,10,10
"agent ForwardAgent #187",ForwardAgent,0.35,0,0.69,100,0,1,0,1,6,100,9,0,0,100,0,0,0,12,100,849,8,21,2,35,10,10
"agent ForwardAgent #188",ForwardAgent,0.04,0,0.69,100,0,0,0,0,0,100,2,0,0,100,0,0,0,0,100,116,2,5,3,4,10,10
"agent ForwardAgent #189",ForwardAgent,0.2,0,0.69,100,0,0,0,0,6,100,4,0,0,100,0,0,0,8,100,995,2,21,0,20,10,10
"agent ForwardAgent #190",ForwardAgent,0.09,0,0.69,100,0,0,0,0,5,100,2,0,0,100,0,0,0,0,100,273,2,10,1,9,10,10
"agent ForwardAgent #191",ForwardAgent,0.05,0,0.69,100,0,0,0,0,0,100,0,0,0,100,0,0,0,3,100,157,2,6,2,5,10,10
"agent ForwardAgent #192",ForwardAgent,0.04,0,0.69,100,0,0,0,0,0,100,2,0,0,100,0,0,0,0,100,112,2,5,3,4,10,10
"agent ForwardAgent #193",ForwardAgent,0.2,0,0.69,100,0,0,0,0,6,100,4,0,0,100,0,0,0,8,100,975,2,21,0,20,10,10
"agent ForwardAgent #194",ForwardAgent,0.11,0,0.69,100,0,1,0,1,6,100,2,0,0,100,0,0,0,0,100,536,3,11,1,11,10,10
"agent ForwardAgent #195",ForwardAgent,0.35,0,0.69,100,0,1,0,1,6,100,9,0,0,100,0,0,0,12,100,811,8,21,2,35,10,10
"agent ForwardAgent #196",ForwardAgent,0.04,0,0.69,100,0,0,0,0,0,100,2,0,0,100,0,0,0,0,100,108,2,5,3,4,10,10
"agent ForwardAgent #197",ForwardAgent,0.2,0,0.69,100,0,0,0,0,6,100,4,0,0,100,0,0,0,8,100,954,2,21,0,20,10,10
"agent ForwardAgent #198",ForwardAgent,0.09,0,0.69,100,0,0,0,0,5,100,2,0,0,100,0,0,0,0,100,263,2,10,1,9,10,10
"agent ForwardAgent #199",ForwardAgent,0.35,0,0.69,100,0,1,0,1,6,100,9,0,0,100,0,0,0,12,100,775,8,21,2,35,10,10
"agent ForwardAgent #200",ForwardAgent,0.16,0,0.69,100,0,1,0,1,6,100,2,0,0,100,0,0,0,0,100,500,8,11,3,16,10,10
"agent NegotiatingAgent #201",NegotiatingAgent,0.2,0,0.69,100,20,0,0,0,6,100,4,40,37,100,0,0,0,8,100,245,2,21,0,20,10,10
"agent NegotiatingAgent #202",NegotiatingAgent,0.11,4,0.69,100,11,1,0,1,6,100,2,22,20,100,0,0,0,0,100,199,3,11,1,11,10,10
"agent NegotiatingAgent #203",NegotiatingAgent,0.05,0,0.69,100,4,0,0,0,0,100,0,8,7,100,0,0,0,3,100,100,2,6,2,5,10,10
"agent NegotiatingAgent #204",NegotiatingAgent,0.16,1,0.69,100,12,1,0,1,6,100,2,26,22,100,0,0,0,0,100,172,8,11,3,16,10,10
"agent NegotiatingAgent #205",NegotiatingAgent,0.2,0,0.69,100,14,0,0,0,6,100,4,31,31,100,0,1,0,8,100,430,2,21,0,20,10,10
"agent NegotiatingAgent #206",NegotiatingAgent,0.11,5,0.69,100,6,1,0,1,6,100,2,14,15,100,0,0,0,0,100,442,3,11,1,11,10,10
"agent NegotiatingAgent #207",NegotiatingAgent,0.05,0,0.69,100,1,0,0,0,0,100,0,3,4,100,0,0,0,3,100,146,2,6,2,5,10,10
"agent NegotiatingAgent #208",NegotiatingAgent,0.16,5,0.69,100,12,1,0,1,6,100,2,26,27,100,0,0,0,0,100,266,8,11,3,16,10,10
"agent NegotiatingAgent #209",NegotiatingAgent,0.2,0,0.69,100,10,0,0,0,6,100,4,26,23,100,0,2,0,8,100,671,2,21,0,20,10,10
"agent NegotiatingAgent #210",NegotiatingAgent,0.09,0,0.69,100,4,0,0,0,5,100,2,11,12,100,0,1,0,0,100,251,2,10,1,9,10,10
"agent NegotiatingAgent #211",NegotiatingAgent,0.05,0,0.69,100,0,0,0,0,0,100,0,4,3,100,0,1,0,3,100,141,2,6,2,5,10,10
"agent NegotiatingAgent #212",NegotiatingAgent,0.04,0,0.69,100,3,0,0,0,0,100,2,5,7,100,0,0,0,0,100,83,2,5,3,4,10,10
"agent NegotiatingAgent #213",NegotiatingAgent,0.2,0,0.69,100,12,0,0,0,6,100,4,30,33,100,0,0,0,8,100,486,2,21,0,20,10,10
"agent NegotiatingAgent #214",NegotiatingAgent,0.09,0,0.69,100,4,0,0,0,5,100,2,11,11,100,0,1,0,0,100,236,2,10,1,9,10,10
"agent NegotiatingAgent #215",NegotiatingAgent,0.35,0,0.69,100,29,1,0,1,6,100,9,58,43,100,0,0,0,12,100,332,8,21,2,35,10,10
"agent NegotiatingAgent #216",NegotiatingAgent,0.04,0,0.69,100,0,0,0,0,0,100,2,1,2,100,0,0,0,0,100,97,2,5,3,4,10,10
"agent NegotiatingAgent #217",NegotiatingAgent,0.2,0,0.69,100,12,0,0,0,6,100,4,29,27,100,0,0,0,8,100,429,2,21,0,20,10,10
"agent NegotiatingAgent #218",NegotiatingAgent,0.09,0,0.69,100,2,0,0,0,5,100,2,8,9,100,0,0,0,0,100,214,2,10,1,9,10,10
"agent NegotiatingAgent #219",NegotiatingAgent,0.05,0,0.69,100,0,0,0,0,0,100,0,3,3,100,0,1,0,3,100,134,2,6,2,5,10,10
"agent NegotiatingAgent #220",NegotiatingAgent,0.16,0,0.69,100,10,1,0,1,6,100,2,24,19,100,0,0,0,0,100,153,8,11,3,16,10,10
"agent NegotiatingAgent #221",NegotiatingAgent,0.2,0,0.69,100,10,0,0,0,6,100,4,27,20,100,0,0,0,8,100,176,2,21,0,20,10,10
"agent NegotiatingAgent #222",NegotiatingAgent,0.09,0,0.69,100,0,0,0,0,5,100,2,8,7,100,0,1,0,0,100,224,2,10,1,9,10,10
"agent NegotiatingAgent #223",NegotiatingAgent,0.05,0,0.69,100,0,0,0,0,0,100,0,3,4,100,0,0,0,3,100,129,2,6,2,5,10,10
"agent NegotiatingAgent #224",NegotiatingAgent,0.04,0,0.69,100,0,0,0,0,0,100,2,1,2,100,0,0,0,0,100,92,2,5,3,4,10,10
"agent NegotiatingAgent #225",NegotiatingAgent,0.2,0,0.69,100,0,0,0,0,6,100,4,18,17,100,0,1,0,8,100,886,2,21,0,20,10,10
"agent NegotiatingAgent #226",NegotiatingAgent,0.09,0,0.69,100,0,0,0,0,5,100,2,8,8,100,0,0,0,0,100,215,2,10,1,9,10,10
"agent NegotiatingAgent #227",NegotiatingAgent,0.05,0,0.69,100,1,0,0,0,0,100,0,3,4,100,0,0,0,3,100,124,2,6,2,5,10,10
"agent NegotiatingAgent #228",NegotiatingAgent,0.16,0,0.69,100,0,1,0,1,6,100,2,14,14,100,0,0,0,0,100,444,8,11,3,16,10,10
"agent NegotiatingAgent #229",NegotiatingAgent,0.2,0,0.69,100,0,0,0,0,6,100,4,18,16,100,0,2,0,8,100,866,2,21,0,20,10,10
"agent NegotiatingAgent #230",NegotiatingAgent,0.09,0,0.69,100,0,0,0,0,5,100,2,8,7,100,0,1,0,0,100,205,2,10,1,9,10,10
"agent NegotiatingAgent #231",NegotiatingAgent,0.35,0,0.69,100,23,1,0,1,6,100,9,51,40,100,0,0,0,12,100,315,8,21,2,35,10,10
"agent NegotiatingAgent #232",NegotiatingAgent,0.16,0,0.69,100,0,1,0,1,6,100,2,14,13,100,0,1,0,0,100,427,8,11,3,16,10,10
"agent NegotiatingAgent #233",NegotiatingAgent,0.2,0,0.69,100,0,0,0,0,6,100,4,18,18,100,0,0,0,8,100,844,2,21,0,20,10,10
"agent NegotiatingAgent #234",NegotiatingAgent,0.09,0,0.69,100,0,0,0,0,5,100,2,8,8,100,0,0,0,0,100,195,2,10,1,9,10,10
"agent NegotiatingAgent #235",NegotiatingAgent,0.05,0,0.69,100,0,0,0,0,0,100,0,4,4,100,0,0,0,3,100,118,2,6,2,5,10,10
"agent NegotiatingAgent #236",NegotiatingAgent,0.16,0,0.69,100,0,1,0,1,6,100,2,14,14,100,0,0,0,0,100,410,8,11,3,16,10,10
"agent NegotiatingAgent #237",NegotiatingAgent,0.2,0,0.69,100,0,0,0,0,6,100,4,18,18,100,0,0,0,8,100,824,2,21,0,20,10,10
"agent NegotiatingAgent #238",NegotiatingAgent,0.11,0,0.69,100,0,1,0,1,6,100,2,10,10,100,0,0,0,0,100,430,3,11,1,11,10,10
"agent NegotiatingAgent #239",NegotiatingAgent,0.05,0,0.69,100,0,0,0,0,0,100,0,4,4,100,0,0,0,3,100,113,2,6,2,5,10,10
"agent NegotiatingAgent #240",NegotiatingAgent,0.04,0,0.69,100,0,0,0,0,0,100,2,1,2,100,0,0,0,0,100,85,2,5,3,4,10,10
"agent NegotiatingAgent #241",NegotiatingAgent,0.2,0,0.69,100,0,0,0,0,6,100,4,18,18,100,0,0,0,8,100,804,2,21,0,20,10,10
"agent NegotiatingAgent #242",NegotiatingAgent,0.11,0,0.69,100,0,1,0,1,6,100,2,10,9,100,0,1,0,0,100,419,3,11,1,11,10,10
"agent NegotiatingAgent #243",NegotiatingAgent,0.05,0,0.69,100,0,0,0,0,0,100,0,4,4,100,0,0,0,3,100,108,2,6,2,5,10,10
"agent NegotiatingAgent #244",NegotiatingAgent,0.16,0,0.69,100,0,1,0,1,6,100,2,14,14,100,0,0,0,0,100,391,8,11,3,16,10,10
"agent NegotiatingAgent #245",NegotiatingAgent,0.2,0,0.69,100,0,0,0,0,6,100,4,18,18,100,0,0,0,8,100,784,2,21,0,20,10,10
"agent NegotiatingAgent #246",NegotiatingAgent,0.11,0,0.69,100,0,1,0,1,6,100,2,10,10,100,0,0,0,0,100,407,3,11,1,11,10,10
"agent NegotiatingAgent #247",NegotiatingAgent,0.05,0,0.69,100,0,0,0,0,0,100,0,4,4,100,0,0,0,3,100,103,2,6,2,5,10,10
"agent NegotiatingAgent #248",NegotiatingAgent,0.04,0,0.69,100,0,0,0,0,0,100,2,1,2,100,0,0,0,0,100,80,2,5,3,4,10,10
"agent NegotiatingAgent #249",NegotiatingAgent,0.2,0,0.69,100,0,0,0,0,6,100,4,18,17,100,0,1,0,8,100,764,2,21,0,20,10,10
"agent NegotiatingAgent #250",NegotiatingAgent,0.09,0,0.69,100,0,0,0,0,5,100,2,8,8,100,0,0,0,0,100,181,2,10,1,9,10,10
"agent NegotiatingAgent #251",NegotiatingAgent,0.35,45,0.69,100,7,1,0,1,6,100,9,38,34,100,0,7,0,12,100,638,8,21,2,35,10,10
"agent NegotiatingAgent #252",NegotiatingAgent,0.16,0,0.69,100,0,1,0,1,6,100,2,14,14,100,0,0,0,0,100,372,8,11,3,16,10,10
"agent NegotiatingAgent #253",NegotiatingAgent,0.2,0,0.69,100,0,0,0,0,6,100,4,18,17,100,0,1,0,8,100,743,2,21,0,20,10,10
"agent NegotiatingAgent #254",NegotiatingAgent,0.09,0,0.69,100,0,0,0,0,5,100,2,8,7,100,0,1,0,0,100,171,2,10,1,9,10,10
"agent NegotiatingAgent #255",NegotiatingAgent,0.35,0,0.69,100,5,1,0,1,6,100,9,36,35,100,0,4,0,12,100,616,8,21,2,35,10,10
"agent NegotiatingAgent #256",NegotiatingAgent,0.04,0,0.69,100,0,0,0,0,0,100,2,1,2,100,0,0,0,0,100,75,2,5,3,4,10,10
"agent NegotiatingAgent #257",NegotiatingAgent,0.2,0,0.69,100,0,0,0,0,6,100,4,18,18,100,0,0,0,8,100,722,2,21,0,20,10,10
"agent NegotiatingAgent #258",NegotiatingAgent,0.11,0,0.69,100,0,1,0,1,6,100,2,10,9,100,0,1,0,0,100,377,3,11,1,11,10,10
"agent NegotiatingAgent #259",NegotiatingAgent,0.05,0,0.69,100,0,0,0,0,0,100,0,4,4,100,0,0,0,3,100,96,2,6,2,5,10,10
"agent NegotiatingAgent #260",NegotiatingAgent,0.16,0,0.69,100,0,1,0,1,6,100,2,14,14,100,0,0,0,0,100,353,8,11,3,16,10,10
"agent NegotiatingAgent #261",NegotiatingAgent,0.2,0,0.69,100,0,0,0,0,6,100,4,18,18,100,0,0,0,8,100,702,2,21,0,20,10,10
"agent NegotiatingAgent #262",NegotiatingAgent,0.11,0,0.69,100,0,1,0,1,6,100,2,10,9,100,0,1,0,0,100,365,3,11,1,11,10,10
"agent NegotiatingAgent #263",NegotiatingAgent,0.35,0,0.69,100,8,1,0,1,6,100,9,40,38,100,0,4,0,12,100,520,8,21,2,35,10,10
"agent NegotiatingAgent #264",NegotiatingAgent,0.04,0,0.69,100,1,0,0,0,0,100,2,3,4,100,0,0,0,0,100,73,2,5,3,4,10,10
"agent NegotiatingAgent #265",NegotiatingAgent,0.2,0,0.69,100,0,0,0,0,6,100,4,18,18,100,0,0,0,8,100,681,2,21,0,20,10,10
"agent NegotiatingAgent #266",NegotiatingAgent,0.09,0,0.69,100,0,0,0,0,5,100,2,8,8,100,0,0,0,0,100,159,2,10,1,9,10,10
"agent NegotiatingAgent #267",NegotiatingAgent,0.05,0,0.69,100,0,0,0,0,0,100,0,4,4,100,0,0,0,3,100,89,2,6,2,5,10,10
"agent NegotiatingAgent #268",NegotiatingAgent,0.16,0,0.69,100,2,1,0,1,6,100,2,17,18,100,0,0,0,0,100,131,8,11,3,16,10,10
"agent NegotiatingAgent #269",NegotiatingAgent,0.2,0,0.69,100,0,0,0,0,6,100,4,18,15,100,0,3,0,8,100,661,2,21,0,20,10,10
"agent NegotiatingAgent #270",NegotiatingAgent,0.11,3,0.69,100,3,1,0,1,6,100,2,11,12,100,0,0,0,0,100,283,3,11,1,11,10,10
"agent NegotiatingAgent #271",NegotiatingAgent,0.35,0,0.69,100,6,1,0,1,6,100,9,37,32,100,0,4,0,12,100,167,8,21,2,35,10,10
"agent NegotiatingAgent #272",NegotiatingAgent,0.04,0,0.69,100,0,0,0,0,0,100,2,2,2,100,0,0,0,0,100,65,2,5,3,4,10,10
"agent NegotiatingAgent #273",NegotiatingAgent,0.2,0,0.69,100,0,0,0,0,6,100,4,18,17,100,0,1,0,8,100,639,2,21,0,20,10,10
"agent NegotiatingAgent #274",NegotiatingAgent,0.11,0,0.69,100,0,1,0,1,6,100,2,10,9,100,0,1,0,0,100,336,3,11,1,11,10,10
"agent NegotiatingAgent #275",NegotiatingAgent,0.35,0,0.69,100,7,1,0,1,6,100,9,40,35,100,0,1,0,12,100,344,8,21,2,35,10,10
"agent NegotiatingAgent #276",NegotiatingAgent,0.16,0,0.69,100,0,1,0,1,6,100,2,14,14,100,0,0,0,0,100,324,8,11,3,16,10,10
"agent NegotiatingAgent #277",NegotiatingAgent,0.2,0,0.69,100,0,0,0,0,6,100,4,18,18,100,0,0,0,8,100,618,2,21,0,20,10,10
"agent NegotiatingAgent #278",NegotiatingAgent,0.11,0,0.69,100,0,1,0,1,6,100,2,10,10,100,0,0,0,0,100,324,3,11,1,11,10,10
"agent NegotiatingAgent #279",NegotiatingAgent,0.35,0,0.69,100,0,1,0,1,6,100,9,34,28,100,0,6,0,12,100,577,8,21,2,35,10,10
"agent NegotiatingAgent #280",NegotiatingAgent,0.04,0,0.69,100,0,0,0,0,0,100,2,2,2,100,0,0,0,0,100,60,2,5,3,4,10,10
"agent NegotiatingAgent #281",NegotiatingAgent,0.2,0,0.69,100,0,0,0,0,6,100,4,18,16,100,0,2,0,8,100,597,2,21,0,20,10,10
"agent NegotiatingAgent #282",NegotiatingAgent,0.11,0,0.69,100,0,1,0,1,6,100,2,10,9,100,0,1,0,0,100,313,3,11,1,11,10,10
"agent NegotiatingAgent #283",NegotiatingAgent,0.35,0,0.69,100,0,1,0,1,6,100,9,34,28,100,0,6,0,12,100,541,8,21,2,35,10,10
"agent NegotiatingAgent #284",NegotiatingAgent,0.04,0,0.69,100,0,0,0,0,0,100,2,2,2,100,0,0,0,0,100,56,2,5,3,4,10,10
"agent NegotiatingAgent #285",NegotiatingAgent,0.2,0,0.69,100,0,0,0,0,6,100,4,18,18,100,0,0,0,8,100,576,2,21,0,20,10,10
"agent NegotiatingAgent #286",NegotiatingAgent,0.11,0,0.69,100,0,1,0,1,6,100,2,10,10,100,0,0,0,0,100,302,3,11,1,11,10,10
"agent NegotiatingAgent #287",NegotiatingAgent,0.05,0,0.69,100,0,0,0,0,0,100,0,4,4,100,0,0,0,3,100,80,2,6,2,5,10,10
"agent NegotiatingAgent #288",NegotiatingAgent,0.04,0,0.69,100,0,0,0,0,0,100,2,2,2,100,0,0,0,0,100,52,2,5,3,4,10,10
"agent NegotiatingAgent #289",NegotiatingAgent,0.2,0,0.69,100,0,0,0,0,6,100,4,18,18,100,0,0,0,8,100,556,2,21,0,20,10,10
"agent NegotiatingAgent #290",NegotiatingAgent,0.09,0,0.69,100,0,0,0,0,5,100,2,8,8,100,0,0,0,0,100,143,2,10,1,9,10,10
"agent NegotiatingAgent #291",NegotiatingAgent,0.35,0,0.69,100,2,1,0,1,6,100,9,36,33,100,0,3,0,12,100,431,8,21,2,35,10,10
"agent NegotiatingAgent #292",NegotiatingAgent,0.04,0,0.69,100,0,0,0,0,0,100,2,2,2,100,0,0,0,0,100,48,2,5,3,4,10,10
"agent NegotiatingAgent #293",NegotiatingAgent,0.2,0,0.69,100,0,0,0,0,6,100,4,18,18,100,0,0,0,8,100,534,2,21,0,20,10,10
"agent NegotiatingAgent #294",NegotiatingAgent,0.09,0,0.69,100,0,0,0,0,5,100,2,8,8,100,0,0,0,0,100,134,2,10,1,9,10,10
"agent NegotiatingAgent #295",NegotiatingAgent,0.05,0,0.69,100,0,0,0,0,0,100,0,4,4,100,0,0,0,3,100,74,2,6,2,5,10,10
"agent NegotiatingAgent #296",NegotiatingAgent,0.16,0,0.69,100,0,1,0,1,6,100,2,14,13,100,0,1,0,0,100,299,8,11,3,16,10,10
"agent NegotiatingAgent #297",NegotiatingAgent,0.2,0,0.69,100,0,0,0,0,6,100,4,18,18,100,0,0,0,8,100,514,2,21,0,20,10,10
"agent NegotiatingAgent #298",NegotiatingAgent,0.11,0,0.69,100,0,1,0,1,6,100,2,10,10,100,0,0,0,0,100,272,3,11,1,11,10,10
"agent NegotiatingAgent #299",NegotiatingAgent,0.35,0,0.69,100,0,1,0,1,6,100,9,34,29,100,0,5,0,12,100,492,8,21,2,35,10,10
"agent NegotiatingAgent #300",NegotiatingAgent,0.04,0,0.69,100,0,0,0,0,0,100,2,2,2,100,0,0,0,0,100,43,2,5,3,4,10,10
"agent SwarmAgent #301",SwarmAgent,0.2,0,0.69,100,0,0,0,0,6,100,4,0,0,100,0,0,0,8,100,493,2,21,0,20,10,10
"agent SwarmAgent #302",SwarmAgent,0.11,0,0.69,100,0,1,0,1,6,100,2,0,0,100,0,0,0,0,100,261,3,11,1,11,10,10
"agent SwarmAgent #303",SwarmAgent,0.35,0,0.69,100,0,1,0,1,6,100,9,0,0,100,0,0,0,12,100,456,8,21,2,35,10,10
"agent SwarmAgent #304",SwarmAgent,0.14,0,0.69,100,0,0,0,1,5,100,2,0,0,100,0,0,0,0,100,282,7,10,3,14,10,10
"agent SwarmAgent #305",SwarmAgent,0.2,0,0.69,100,0,0,0,0,6,100,4,0,0,100,0,0,0,8,100,472,2,21,0,20,10,10
"agent SwarmAgent #306",SwarmAgent,0.11,0,0.69,100,0,1,0,1,6,100,2,0,0,100,0,0,0,0,100,249,3,11,1,11,10,10
"agent SwarmAgent #307",SwarmAgent,0.05,0,0.69,100,0,0,0,0,0,100,0,0,0,100,0,0,0,3,100,67,2,6,2,5,10,10
"agent SwarmAgent #308",SwarmAgent,0.14,0,0.69,100,0,0,0,1,5,100,2,0,0,100,0,0,0,0,100,267,7,10,3,14,10,10
"agent SwarmAgent #309",SwarmAgent,0.2,0,0.69,100,0,0,0,0,6,100,4,0,0,100,0,0,0,8,100,452,2,21,0,20,10,10
"agent SwarmAgent #310",SwarmAgent,0.11,0,0.69,100,0,1,0,1,6,100,2,0,0,100,0,0,0,0,100,237,3,11,1,11,10,10
"agent SwarmAgent #311",SwarmAgent,0.35,0,0.69,100,0,1,0,1,6,100,9,0,0,100,0,0,0,12,100,418,8,21,2,35,10,10
"agent SwarmAgent #312",SwarmAgent,0.14,0,0.69,100,0,0,0,1,5,100,2,0,0,100,0,0,0,0,100,252,7,10,3,14,10,10
"agent SwarmAgent #313",SwarmAgent,0.2,0,0.69,100,0,0,0,0,6,100,4,0,0,100,0,0,0,8,100,431,2,21,0,20,10,10
"agent SwarmAgent #314",SwarmAgent,0.09,0,0.69,100,0,0,0,0,5,100,2,0,0,100,0,0,0,0,100,117,2,10,1,9,10,10
"agent SwarmAgent #315",SwarmAgent,0.05,0,0.69,100,0,0,0,0,0,100,0,0,0,100,0,0,0,3,100,61,2,6,2,5,10,10
"agent SwarmAgent #316",SwarmAgent,0.14,0,0.69,100,0,0,0,1,5,100,2,0,0,100,0,0,0,0,100,237,7,10,3,14,10,10
"agent SwarmAgent #317",SwarmAgent,0.2,0,0.69,100,0,0,0,0,6,100,4,0,0,100,0,0,0,8,100,411,2,21,0,20,10,10
"agent SwarmAgent #318",SwarmAgent,0.11,0,0.69,100,0,1,0,1,6,100,2,0,0,100,0,0,0,0,100,215,3,11,1,11,10,10
"agent SwarmAgent #319",SwarmAgent,0.05,0,0.69,100,0,0,0,0,0,100,0,0,0,100,0,0,0,3,100,56,2,6,2,5,10,10
"agent SwarmAgent #320",SwarmAgent,0.14,0,0.69,100,0,0,0,1,5,100,2,0,0,100,0,0,0,0,100,222,7,10,3,14,10,10
"agent SwarmAgent #321",SwarmAgent,0.2,0,0.69,100,0,0,0,0,6,100,4,0,0,100,0,0,0,8,100,391,2,21,0,20,10,10
"agent SwarmAgent #322",SwarmAgent,0.11,0,0.69,100,0,1,0,1,6,100,2,0,0,100,0,0,0,0,100,203,3,11,1,11,10,10
"agent SwarmAgent #323",SwarmAgent,0.05,0,0.69,100,0,0,0,0,0,100,0,0,0,100,0,0,0,3,100,51,2,6,2,5,10,10
"agent SwarmAgent #324",SwarmAgent,0.04,0,0.69,100,0,0,0,0,0,100,2,0,0,100,0,0,0,0,100,34,2,5,3,4,10,10
"agent SwarmAgent #325",SwarmAgent,0.2,0,0.69,100,0,0,0,0,6,100,4,0,0,100,0,0,0,8,100,371,2,21,0,20,10,10
"agent SwarmAgent #326",SwarmAgent,0.11,0,0.69,100,0,1,0,1,6,100,2,0,0,100,0,0,0,0,100,192,3,11,1,11,10,10
"agent SwarmAgent #327",SwarmAgent,0.05,0,0.69,100,0,0,0,0,0,100,0,0,0,100,0,0,0,3,100,46,2,6,2,5,10,10
"agent SwarmAgent #328",SwarmAgent,0.14,0,0.69,100,0,0,0,1,5,100,2,0,0,100,0,0,0,0,100,205,7,10,3,14,10,10
"agent SwarmAgent #329",SwarmAgent,0.2,0,0.69,100,0,0,0,0,6,100,4,0,0,100,0,0,0,8,100,351,2,21,0,20,10,10
"agent SwarmAgent #330",SwarmAgent,0.09,0,0.69,100,0,0,0,0,5,100,2,0,0,100,0,0,0,0,100,102,2,10,1,9,10,10
"agent SwarmAgent #331",SwarmAgent,0.35,0,0.69,100,0,1,0,1,6,100,9,0,0,100,0,0,0,12,100,374,8,21,2,35,10,10
"agent SwarmAgent #332",SwarmAgent,0.14,0,0.69,100,0,0,0,1,5,100,2,0,0,100,0,0,0,0,100,190,7,10,3,14,10,10
"agent SwarmAgent #333",SwarmAgent,0.2,0,0.69,100,0,0,0,0,6,100,4,0,0,100,0,0,0,8,100,330,2,21,0,20,10,10
"agent SwarmAgent #334",SwarmAgent,0.09,0,0.69,100,0,0,0,0,5,100,2,0,0,100,0,0,0,0,100,92,2,10,1,9,10,10
"agent SwarmAgent #335",SwarmAgent,0.35,0,0.69,100,0,1,0,1,6,100,9,0,0,100,0,0,0,12,100,338,8,21,2,35,10,10
"agent SwarmAgent #336",SwarmAgent,0.04,0,0.69,100,0,0,0,0,0,100,2,0,0,100,0,0,0,0,100,28,2,5,3,4,10,10
"agent SwarmAgent #337",SwarmAgent,0.2,0,0.69,100,0,0,0,0,6,100,4,0,0,100,0,0,0,8,100,309,2,21,0,20,10,10
"agent SwarmAgent #338",SwarmAgent,0.09,0,0.69,100,0,0,0,0,5,100,2,0,0,100,0,0,0,0,100,83,2,10,1,9,10,10
"agent SwarmAgent #339",SwarmAgent,0.35,0,0.69,100,0,1,0,1,6,100,9,0,0,100,0,0,0,12,100,302,8,21,2,35,10,10
"agent SwarmAgent #340",SwarmAgent,0.04,0,0.69,100,0,0,0,0,0,100,2,0,0,100,0,0,0,0,100,24,2,5,3,4,10,10
"agent SwarmAgent #341",SwarmAgent,0.2,0,0.69,100,0,0,0,0,6,100,4,0,0,100,0,0,0,8,100,288,2,21,0,20,10,10
"agent SwarmAgent #342",SwarmAgent,0.09,0,0.69,100,0,0,0,0,5,100,2,0,0,100,0,0,0,0,100,74,2,10,1,9,10,10
"agent SwarmAgent #343",SwarmAgent,0.05,0,0.69,100,0,0,0,0,0,100,0,0,0,100,0,0,0,3,100,38,2,6,2,5,10,10
"agent SwarmAgent #344",SwarmAgent,0.14,0,0.69,100,0,0,0,1,5,100,2,0,0,100,0,0,0,0,100,171,7,10,3,14,10,10
"agent SwarmAgent #345",SwarmAgent,0.2,0,0.69,100,0,0,0,0,6,100,4,0,0,100,0,0,0,8,100,268,2,21,0,20,10,10
"agent SwarmAgent #346",SwarmAgent,0.11,0,0.69,100,0,1,0,1,6,100,2,0,0,100,0,0,0,0,100,142,3,11,1,11,10,10
"agent SwarmAgent #347",SwarmAgent,0.35,0,0.69,100,0,1,0,1,6,100,9,0,0,100,0,0,0,12,100,264,8,21,2,35,10,10
"agent SwarmAgent #348",SwarmAgent,0.14,0,0.69,100,0,0,0,1,5,100,2,0,0,100,0,0,0,0,100,156,7,10,3,14,10,10
"agent SwarmAgent #349",SwarmAgent,0.2,0,0.69,100,0,0,0,0,6,100,4,0,0,100,0,0,0,8,100,247,2,21,0,20,10,10
"agent SwarmAgent #350",SwarmAgent,0.09,0,0.69,100,0,0,0,0,5,100,2,0,0,100,0,0,0,0,100,62,2,10,1,9,10,10
"agent SwarmAgent #351",SwarmAgent,0.05,0,0.69,100,0,0,0,0,0,100,0,0,0,100,0,0,0,3,100,32,2,6,2,5,10,10
"agent SwarmAgent #352",SwarmAgent,0.04,0,0.69,100,0,0,0,0,0,100,2,0,0,100,0,0,0,0,100,18,2,5,3,4,10,10
"agent SwarmAgent #353",SwarmAgent,0.2,0,0.69,100,0,0,0,0,6,100,4,0,0,100,0,0,0,8,100,227,2,21,0,20,10,10
"agent SwarmAgent #354",SwarmAgent,0.09,0,0.69,100,0,0,0,0,5,100,2,0,0,100,0,0,0,0,100,53,2,10,1,9,10,10
"agent SwarmAgent #355",SwarmAgent,0.05,0,0.69,100,0,0,0,0,0,100,0,0,0,100,0,0,0,3,100,27,2,6,2,5,10,10
"agent SwarmAgent #356",SwarmAgent,0.14,0,0.69,100,0,0,0,1,5,100,2,0,0,100,0,0,0,0,100,139,7,10,3,14,10,10
"agent SwarmAgent #357",SwarmAgent,0.2,0,0.69,100,0,0,0,0,6,100,4,0,0,100,0,0,0,8,100,207,2,21,0,20,10,10
"agent SwarmAgent #358",SwarmAgent,0.09,0,0.69,100,0,0,0,0,5,100,2,0,0,100,0,0,0,0,100,43,2,10,1,9,10,10
"agent SwarmAgent #359",SwarmAgent,0.35,0,0.69,100,0,1,0,1,6,100,9,0,0,100,0,0,0,12,100,224,8,21,2,35,10,10
"agent SwarmAgent #360",SwarmAgent,0.14,0,0.69,100,0,0,0,1,5,100,2,0,0,100,0,0,0,0,100,124,7,10,3,14,10,10
"agent SwarmAgent #361",SwarmAgent,0.2,0,0.69,100,0,0,0,0,6,100,4,0,0,100,0,0,0,8,100,186,2,21,0,20,10,10
"agent SwarmAgent #362",SwarmAgent,0.11,0,0.69,100,0,1,0,1,6,100,2,0,0,100,0,0,0,0,100,101,3,11,1,11,10,10
"agent SwarmAgent #363",SwarmAgent,0.35,0,0.69,100,0,1,0,1,6,100,9,0,0,100,0,0,0,12,100,188,8,21,2,35,10,10
"agent SwarmAgent #364",SwarmAgent,0.14,0,0.69,100,0,0,0,1,5,100,2,0,0,100,0,0,0,0,100,109,7,10,3,14,10,10
"agent SwarmAgent #365",SwarmAgent,0.2,0,0.69,100,0,0,0,0,6,100,4,0,0,100,0,0,0,8,100,165,2,21,0,20,10,10
"agent SwarmAgent #366",SwarmAgent,0.11,0,0.69,100,0,1,0,1,6,100,2,0,0,100,0,0,0,0,100,89,3,11,1,11,10,10
"agent SwarmAgent #367",SwarmAgent,0.05,0,0.69,100,0,0,0,0,0,100,0,0,0,100,0,0,0,3,100,20,2,6,2,5,10,10
"agent SwarmAgent #368",SwarmAgent,0.04,0,0.69,100,0,0,0,0,0,100,2,0,0,100,0,0,0,0,100,11,2,5,3,4,10,10
"agent SwarmAgent #369",SwarmAgent,0.2,0,0.69,100,0,0,0,0,6,100,4,0,0,100,0,0,0,8,100,145,2,21,0,20,10,10
"agent SwarmAgent #370",SwarmAgent,0.11,0,0.69,100,0,1,0,1,6,100,2,0,0,100,0,0,0,0,100,78,3,11,1,11,10,10
"agent SwarmAgent #371",SwarmAgent,0.35,0,0.69,100,0,1,0,1,6,100,9,0,0,100,0,0,0,12,100,150,8,21,2,35,10,10
"agent SwarmAgent #372",SwarmAgent,0.14,0,0.69,100,0,0,0,1,5,100,2,0,0,100,0,0,0,0,100,92,7,10,3,14,10,10
"agent SwarmAgent #373",SwarmAgent,0.2,0,0.69,100,0,0,0,0,6,100,4,0,0,100,0,0,0,8,100,124,2,21,0,20,10,10
"agent SwarmAgent #374",SwarmAgent,0.09,0,0.69,100,0,0,0,0,5,100,2,0,0,100,0,0,0,0,100,28,2,10,1,9,10,10
"agent SwarmAgent #375",SwarmAgent,0.05,0,0.69,100,0,0,0,0,0,100,0,0,0,100,0,0,0,3,100,14,2,6,2,5,10,10
"agent SwarmAgent #376",SwarmAgent,0.14,0,0.69,100,0,0,0,1,5,100,2,0,0,100,0,0,0,0,100,77,7,10,3,14,10,10
"agent SwarmAgent #377",SwarmAgent,0.2,0,0.69,100,0,0,0,0,6,100,4,0,0,100,0,0,0,8,100,104,2,21,0,20,10,10
"agent SwarmAgent #378",SwarmAgent,0.09,0,0.69,100,0,0,0,0,5,100,2,0,0,100,0,0,0,0,100,18,2,10,1,9,10,10
"agent SwarmAgent #379",SwarmAgent,0.05,0,0.69,100,0,0,0,0,0,100,0,0,0,100,0,0,0,3,100,9,2,6,2,5,10,10
"agent SwarmAgent #380",SwarmAgent,0.04,0,0.69,100,0,0,0,0,0,100,2,0,0,100,0,0,0,0,100,5,2,5,3,4,10,10
"agent SwarmAgent #381",SwarmAgent,0.2,0,0.69,100,0,0,0,0,6,100,4,0,0,100,0,0,0,8,100,84,2,21,0,20,10,10
"agent SwarmAgent #382",SwarmAgent,0.11,0,0.69,100,0,1,0,1,6,100,2,0,0,100,0,0,0,0,100,47,3,11,1,11,10,10
"agent SwarmAgent #383",SwarmAgent,0.35,0,0.69,100,0,1,0,1,6,100,9,0,0,100,0,0,0,12,100,110,8,21,2,35,10,10
"agent SwarmAgent #384",SwarmAgent,0.14,0,0.69,100,0,0,0,1,5,100,2,0,0,100,0,0,0,0,100,60,7,10,3,14,10,10
"agent SwarmAgent #385",SwarmAgent,0.2,0,0.69,100,0,0,0,0,6,100,4,0,0,100,0,0,0,8,100,63,2,21,0,20,10,10
"agent SwarmAgent #386",SwarmAgent,0.11,0,0.69,100,0,1,0,1,6,100,2,0,0,100,0,0,0,0,100,35,3,11,1,11,10,10
"agent SwarmAgent #387",SwarmAgent,0.35,0,0.69,100,0,1,0,1,6,100,9,0,0,100,0,0,0,12,100,74,8,21,2,35,10,10
"agent SwarmAgent #388",SwarmAgent,0.14,0,0.69,100,0,0,0,1,5,100,2,0,0,100,0,0,0,0,100,45,7,10,3,14,10,10
"agent SwarmAgent #389",SwarmAgent,0.2,0,0.69,100,0,0,0,0,6,100,4,0,0,100,0,0,0,8,100,42,2,21,0,20,10,10
"agent SwarmAgent #390",SwarmAgent,0.11,0,0.69,100,0,1,0,1,6,100,2,0,0,100,0,0,0,0,100,23,3,11,1,11,10,10
"agent SwarmAgent #391",SwarmAgent,0.05,0,0.69,100,0,0,0,0,0,100,0,0,0,100,0,0,0,3,100,2,2,6,2,5,10,10
"agent SwarmAgent #392",SwarmAgent,0.14,0,0.69,100,0,0,0,1,5,100,2,0,0,100,0,0,0,0,100,30,7,10,3,14,10,10
"agent SwarmAgent #393",SwarmAgent,0.2,0,0.69,100,0,0,0,0,6,100,4,0,0,100,0,0,0,8,100,22,2,21,0,20,10,10
"agent SwarmAgent #394",SwarmAgent,0.11,0,0.69,100,0,1,0,1,6,100,2,0,0,100,0,0,0,0,100,11,3,11,1,11,10,10
"agent SwarmAgent #395",SwarmAgent,0.35,0,0.69,100,0,1,0,1,6,100,9,0,0,100,0,0,0,12,100,36,8,21,2,35,10,10
"agent SwarmAgent #396",SwarmAgent,0.14,0,0.69,100,0,0,0,1,5,100,2,0,0,100,0,0,0,0,100,15,7,10,3,14,10,10
"agent SwarmAgent #397",SwarmAgent,0.2,0,0.69,100,0,0,0,0,6,100,4,0,0,100,0,0,0,8,100,1,2,21,0,20,10,10
"agent SwarmAgent #398",SwarmAgent,0.09,0,0.69,100,0,0,0,0,5,100,2,0,0,100,0,0,0,0,100,1,2,10,1,9,10,10
"agent SwarmAgent #399",SwarmAgent,0.35,0,0.69,100,0,1,0,1,6,100,9,0,0,100,0,0,0,12,100,0,8,21,2,35,10,10
"agent SwarmAgent #400",SwarmAgent,0.14,0,0.69,100,0,0,0,1,5,100,2,0,0,100,0,0,0,0,100,0,7,10,3,14,10,10
