agentName,agentType,averageSpeed,cumulatedUtilityReceived,freeWallRatio,numBacktrackAgents,numCFPAnswered,numDeadends,numDifferentEncounters,numDirectionChanges,numDownSteps,numForwardAgents,numLeftSteps,numMessagesReceived,numMessagesSent,numNegotiatingAgents,numProposalsAccepted,numProposalsRejected,numRandomAgents,numRightSteps,numSwarmAgents,numTotalEncounters,numUpSteps,numVisitedCells,startingPosition,stepsToExit,xsize,ysize
"agent BacktrackAgent #1",BacktrackAgent,0.2,0,0.69,100,0,1,0,1,6,100,4,0,0,100,0,0,0,8,100,1219,2,19,0,20,10,10
"agent BacktrackAgent #2",BacktrackAgent,0.31,0,0.69,100,0,2,0,2,8,100,10,0,0,100,0,0,0,8,100,933,5,19,1,31,10,10
"agent BacktrackAgent #3",BacktrackAgent,0.07,0,0.69,100,0,0,0,0,0,100,1,0,0,100,0,0,0,4,100,369,2,8,2,7,10,10
"agent BacktrackAgent #4",BacktrackAgent,0.12,0,0.69,100,0,0,0,0,0,100,6,0,0,100,0,0,0,4,100,1084,2,13,3,12,10,10
"agent BacktrackAgent #5",BacktrackAgent,0.16,0,0.69,100,0,0,0,0,6,100,2,0,0,100,0,0,0,6,100,1221,2,17,0,16,10,10
"agent BacktrackAgent #6",BacktrackAgent,0.05,0,0.69,100,0,0,0,0,3,100,2,0,0,100,0,0,0,0,100,238,0,6,1,5,10,10
"agent BacktrackAgent #7",BacktrackAgent,0.07,0,0.69,100,0,0,0,0,0,100,1,0,0,100,0,0,0,4,100,316,2,8,2,7,10,10
"agent BacktrackAgent #8",BacktrackAgent,0.12,0,0.69,100,0,0,0,0,0,100,6,0,0,100,0,0,0,4,100,948,2,13,3,12,10,10
"agent BacktrackAgent #9",BacktrackAgent,0.16,0,0.69,100,0,0,0,0,6,100,2,0,0,100,0,0,0,6,100,1097,2,17,0,16,10,10
"agent BacktrackAgent #10",BacktrackAgent,0.31,0,0.69,100,0,2,0,2,8,100,10,0,0,100,0,0,0,8,100,1191,5,19,1,31,10,10
"agent BacktrackAgent #11",BacktrackAgent,0.17,0,0.69,100,0,1,0,1,0,100,6,0,0,100,0,0,0,9,100,950,2,13,2,17,10,10
"agent BacktrackAgent #12",BacktrackAgent,0.12,0,0.69,100,0,0,0,0,0,100,6,0,0,100,0,0,0,4,100,1208,2,13,3,12,10,10
"agent BacktrackAgent #13",BacktrackAgent,0.16,0,0.69,100,0,0,0,0,6,100,2,0,0,100,0,0,0,6,100,1393,2,17,0,16,10,10
"agent BacktrackAgent #14",BacktrackAgent,0.31,0,0.69,100,0,2,0,2,8,100,10,0,0,100,0,0,0,8,100,1001,5,19,1,31,10,10
"agent BacktrackAgent #15",BacktrackAgent,0.07,0,0.69,100,0,0,0,0,0,100,1,0,0,100,0,0,0,4,100,392,2,8,2,7,10,10
"agent BacktrackAgent #16",BacktrackAgent,0.12,0,0.69,100,0,0,0,0,0,100,6,0,0,100,0,0,0,4,100,1196,2,13,3,12,10,10
"agent BacktrackAgent #17",BacktrackAgent,0.16,0,0.69,100,0,0,0,0,6,100,2,0,0,100,0,0,0,6,100,1376,2,17,0,16,10,10
"agent BacktrackAgent #18",BacktrackAgent,0.31,0,0.69,100,0,2,0,2,8,100,10,0,0,100,0,0,0,8,100,1143,5,19,1,31,10,10
"agent BacktrackAgent #19",BacktrackAgent,0.17,0,0.69,100,0,1,0,1,0,100,6,0,0,100,0,0,0,9,100,930,2,13,2,17,10,10
"agent BacktrackAgent #20",BacktrackAgent,0.12,0,0.69,100,0,0,0,0,0,100,6,0,0,100,0,0,0,4,100,1183,2,13,3,12,10,10
"agent BacktrackAgent #21",BacktrackAgent,0.16,0,0.69,100,0,0,0,0,6,100,2,0,0,100,0,0,0,6,100,1351,2,17,0,16,10,10
"agent BacktrackAgent #22",BacktrackAgent,0.05,0,0.69,100,0,0,0,0,3,100,2,0,0,100,0,0,0,0,100,273,0,6,1,5,10,10
"agent BacktrackAgent #23",BacktrackAgent,0.07,0,0.69,100,0,0,0,0,0,100,1,0,0,100,0,0,0,4,100,384,2,8,2,7,10,10
"agent BacktrackAgent #24",BacktrackAgent,0.12,0,0.69,100,0,0,0,0,0,100,6,0,0,100,0,0,0,4,100,1171,2,13,3,12,10,10
"agent BacktrackAgent #25",BacktrackAgent,0.16,0,0.69,100,0,0,0,0,6,100,2,0,0,100,0,0,0,6,100,1335,2,17,0,16,10,10
"agent BacktrackAgent #26",BacktrackAgent,0.31,0,0.69,100,0,2,0,2,8,100,10,0,0,100,0,0,0,8,100,1107,5,19,1,31,10,10
"agent BacktrackAgent #27",BacktrackAgent,0.17,0,0.69,100,0,1,0,1,0,100,6,0,0,100,0,0,0,9,100,910,2,13,2,17,10,10
"agent BacktrackAgent #28",BacktrackAgent,0.12,0,0.69,100,0,0,0,0,0,100,6,0,0,100,0,0,0,4,100,1158,2,13,3,12,10,10
"agent BacktrackAgent #29",BacktrackAgent,0.2,0,0.69,100,0,1,0,1,6,100,4,0,0,100,0,0,0,8,100,1179,2,19,0,20,10,10
"agent BacktrackAgent #30",BacktrackAgent,0.31,0,0.69,100,0,2,0,2,8,100,10,0,0,100,0,0,0,8,100,1063,5,19,1,31,10,10
"agent BacktrackAgent #31",BacktrackAgent,0.17,0,0.69,100,0,1,0,1,0,100,6,0,0,100,0,0,0,9,100,892,2,13,2,17,10,10
"agent BacktrackAgent #32",BacktrackAgent,0.12,0,0.69,100,0,0,0,0,0,100,6,0,0,100,0,0,0,4,100,1145,2,13,3,12,10,10
"agent BacktrackAgent #33",BacktrackAgent,0.2,0,0.69,100,0,1,0,1,6,100,4,0,0,100,0,0,0,8,100,1156,2,19,0,20,10,10
"agent BacktrackAgent #34",BacktrackAgent,0.05,0,0.69,100,0,0,0,0,3,100,2,0,0,100,0,0,0,0,100,266,0,6,1,5,10,10
"agent BacktrackAgent #35",BacktrackAgent,0.07,0,0.69,100,0,0,0,0,0,100,1,0,0,100,0,0,0,4,100,375,2,8,2,7,10,10
"agent BacktrackAgent #36",BacktrackAgent,0.12,0,0.69,100,0,0,0,0,0,100,6,0,0,100,0,0,0,4,100,1133,2,13,3,12,10,10
"agent BacktrackAgent #37",BacktrackAgent,0.2,0,0.69,100,0,1,0,1,6,100,4,0,0,100,0,0,0,8,100,1136,2,19,0,20,10,10
"agent BacktrackAgent #38",BacktrackAgent,0.05,0,0.69,100,0,0,0,0,3,100,2,0,0,100,0,0,0,0,100,261,0,6,1,5,10,10
"agent BacktrackAgent #39",BacktrackAgent,0.17,0,0.69,100,0,1,0,1,0,100,6,0,0,100,0,0,0,9,100,872,2,13,2,17,10,10
"agent BacktrackAgent #40",BacktrackAgent,0.12,0,0.69,100,0,0,0,0,0,100,6,0,0,100,0,0,0,4,100,1120,2,13,3,12,10,10
"agent BacktrackAgent #41",BacktrackAgent,0.2,0,0.69,100,0,1,0,1,6,100,4,0,0,100,0,0,0,8,100,1116,2,19,0,20,10,10
"agent BacktrackAgent #42",BacktrackAgent,0.31,0,0.69,100,0,2,0,2,8,100,10,0,0,100,0,0,0,8,100,883,5,19,1,31,10,10
"agent BacktrackAgent #43",BacktrackAgent,0.17,0,0.69,100,0,1,0,1,0,100,6,0,0,100,0,0,0,9,100,854,2,13,2,17,10,10
"agent BacktrackAgent #44",BacktrackAgent,0.12,0,0.69,100,0,0,0,0,0,100,6,0,0,100,0,0,0,4,100,1107,2,13,3,12,10,10
"agent BacktrackAgent #45",BacktrackAgent,0.16,0,0.69,100,0,0,0,0,6,100,2,0,0,100,0,0,0,6,100,1278,2,17,0,16,10,10
"agent BacktrackAgent #46",BacktrackAgent,0.05,0,0.69,100,0,0,0,0,3,100,2,0,0,100,0,0,0,0,100,255,0,6,1,5,10,10
"agent BacktrackAgent #47",BacktrackAgent,0.17,0,0.69,100,0,1,0,1,0,100,6,0,0,100,0,0,0,9,100,836,2,13,2,17,10,10
"agent BacktrackAgent #48",BacktrackAgent,0.12,0,0.69,100,0,0,0,0,0,100,6,0,0,100,0,0,0,4,100,1094,2,13,3,12,10,10
"agent BacktrackAgent #49",BacktrackAgent,0.2,0,0.69,100,0,1,0,1,6,100,4,0,0,100,0,0,0,8,100,1086,2,19,0,20,10,10
"agent BacktrackAgent #50",BacktrackAgent,0.31,0,0.69,100,0,2,0,2,8,100,10,0,0,100,0,0,0,8,100,1009,5,19,1,31,10,10
"agent BacktrackAgent #51",BacktrackAgent,0.17,0,0.69,100,0,1,0,1,0,100,6,0,0,100,0,0,0,9,100,816,2,13,2,17,10,10
"agent BacktrackAgent #52",BacktrackAgent,0.12,0,0.69,100,0,0,0,0,0,100,6,0,0,100,0,0,0,4,100,1070,2,13,3,12,10,10
"agent BacktrackAgent #53",BacktrackAgent,0.16,0,0.69,100,0,0,0,0,6,100,2,0,0,100,0,0,0,6,100,1252,2,17,0,16,10,10
"agent BacktrackAgent #54",BacktrackAgent,0.05,0,0.69,100,0,0,0,0,3,100,2,0,0,100,0,0,0,0,100,249,0,6,1,5,10,10
"agent BacktrackAgent #55",BacktrackAgent,0.07,0,0.69,100,0,0,0,0,0,100,1,0,0,100,0,0,0,4,100,358,2,8,2,7,10,10
"agent BacktrackAgent #56",BacktrackAgent,0.12,0,0.69,100,0,0,0,0,0,100,6,0,0,100,0,0,0,4,100,1058,2,13,3,12,10,10
"agent BacktrackAgent #57",BacktrackAgent,0.16,0,0.69,100,0,0,0,0,6,100,2,0,0,100,0,0,0,6,100,1236,2,17,0,16,10,10
"agent BacktrackAgent #58",BacktrackAgent,0.31,0,0.69,100,0,2,0,2,8,100,10,0,0,100,0,0,0,8,100,831,5,19,1,31,10,10
"agent BacktrackAgent #59",BacktrackAgent,0.17,0,0.69,100,0,1,0,1,0,100,6,0,0,100,0,0,0,9,100,796,2,13,2,17,10,10
"agent BacktrackAgent #60",BacktrackAgent,0.12,0,0.69,100,0,0,0,0,0,100,6,0,0,100,0,0,0,4,100,1045,2,13,3,12,10,10
"agent BacktrackAgent #61",BacktrackAgent,0.2,0,0.69,100,0,1,0,1,6,100,4,0,0,100,0,0,0,8,100,1038,2,19,0,20,10,10
"agent BacktrackAgent #62",BacktrackAgent,0.05,0,0.69,100,0,0,0,0,3,100,2,0,0,100,0,0,0,0,100,243,0,6,1,5,10,10
"agent BacktrackAgent #63",BacktrackAgent,0.07,0,0.69,100,0,0,0,0,0,100,1,0,0,100,0,0,0,4,100,350,2,8,2,7,10,10
"agent BacktrackAgent #64",BacktrackAgent,0.12,0,0.69,100,0,0,0,0,0,100,6,0,0,100,0,0,0,4,100,1033,2,13,3,12,10,10
"agent BacktrackAgent #65",BacktrackAgent,0.2,0,0.69,100,0,1,0,1,6,100,4,0,0,100,0,0,0,8,100,1018,2,19,0,20,10,10
"agent BacktrackAgent #66",BacktrackAgent,0.31,0,0.69,100,0,2,0,2,8,100,10,0,0,100,0,0,0,8,100,955,5,19,1,31,10,10
"agent BacktrackAgent #67",BacktrackAgent,0.07,0,0.69,100,0,0,0,0,0,100,1,0,0,100,0,0,0,4,100,343,2,8,2,7,10,10
"agent BacktrackAgent #68",BacktrackAgent,0.12,0,0.69,100,0,0,0,0,0,100,6,0,0,100,0,0,0,4,100,1021,2,13,3,12,10,10
"agent BacktrackAgent #69",BacktrackAgent,0.2,0,0.69,100,0,1,0,1,6,100,4,0,0,100,0,0,0,8,100,997,2,19,0,20,10,10
"agent BacktrackAgent #70",BacktrackAgent,0.05,0,0.69,100,0,0,0,0,3,100,2,0,0,100,0,0,0,0,100,233,0,6,1,5,10,10
"agent BacktrackAgent #71",BacktrackAgent,0.07,0,0.69,100,0,0,0,0,0,100,1,0,0,100,0,0,0,4,100,336,2,8,2,7,10,10
"agent BacktrackAgent #72",BacktrackAgent,0.12,0,0.69,100,0,0,0,0,0,100,6,0,0,100,0,0,0,4,100,1009,2,13,3,12,10,10
"agent BacktrackAgent #73",BacktrackAgent,0.2,0,0.69,100,0,1,0,1,6,100,4,0,0,100,0,0,0,8,100,977,2,19,0,20,10,10
"agent BacktrackAgent #74",BacktrackAgent,0.05,0,0.69,100,0,0,0,0,3,100,2,0,0,100,0,0,0,0,100,228,0,6,1,5,10,10
"agent BacktrackAgent #75",BacktrackAgent,0.07,0,0.69,100,0,0,0,0,0,100,1,0,0,100,0,0,0,4,100,329,2,8,2,7,10,10
"agent BacktrackAgent #76",BacktrackAgent,0.12,0,0.69,100,0,0,0,0,0,100,6,0,0,100,0,0,0,4,100,997,2,13,3,12,10,10
"agent BacktrackAgent #77",BacktrackAgent,0.2,0,0.69,100,0,1,0,1,6,100,4,0,0,100,0,0,0,8,100,957,2,19,0,20,10,10
"agent BacktrackAgent #78",BacktrackAgent,0.31,0,0.69,100,0,2,0,2,8,100,10,0,0,100,0,0,0,8,100,919,5,19,1,31,10,10
"agent BacktrackAgent #79",BacktrackAgent,0.07,0,0.69,100,0,0,0,0,0,100,1,0,0,100,0,0,0,4,100,322,2,8,2,7,10,10
"agent BacktrackAgent #80",BacktrackAgent,0.12,0,0.69,100,0,0,0,0,0,100,6,0,0,100,0,0,0,4,100,985,2,13,3,12,10,10
"agent BacktrackAgent #81",BacktrackAgent,0.16,0,0.69,100,0,0,0,0,6,100,2,0,0,100,0,0,0,6,100,1157,2,17,0,16,10,10
"agent BacktrackAgent #82",BacktrackAgent,0.05,0,0.69,100,0,0,0,0,3,100,2,0,0,100,0,0,0,0,100,222,0,6,1,5,10,10
"agent BacktrackAgent #83",BacktrackAgent,0.17,0,0.69,100,0,1,0,1,0,100,6,0,0,100,0,0,0,9,100,768,2,13,2,17,10,10
"agent BacktrackAgent #84",BacktrackAgent,0.12,0,0.69,100,0,0,0,0,0,100,6,0,0,100,0,0,0,4,100,972,2,13,3,12,10,10
"agent BacktrackAgent #85",BacktrackAgent,0.2,0,0.69,100,0,1,0,1,6,100,4,0,0,100,0,0,0,8,100,927,2,19,0,20,10,10
"agent BacktrackAgent #86",BacktrackAgent,0.05,0,0.69,100,0,0,0,0,3,100,2,0,0,100,0,0,0,0,100,217,0,6,1,5,10,10
"agent BacktrackAgent #87",BacktrackAgent,0.17,0,0.69,100,0,1,0,1,0,100,6,0,0,100,0,0,0,9,100,750,2,13,2,17,10,10
"agent BacktrackAgent #88",BacktrackAgent,0.12,0,0.69,100,0,0,0,0,0,100,6,0,0,100,0,0,0,4,100,959,2,13,3,12,10,10
"agent BacktrackAgent #89",BacktrackAgent,0.2,0,0.69,100,0,1,0,1,6,100,4,0,0,100,0,0,0,8,100,907,2,19,0,20,10,10
"agent BacktrackAgent #90",BacktrackAgent,0.05,0,0.69,100,0,0,0,0,3,100,2,0,0,100,0,0,0,0,100,212,0,6,1,5,10,10
"agent BacktrackAgent #91",BacktrackAgent,0.07,0,0.69,100,0,0,0,0,0,100,1,0,0,100,0,0,0,4,100,307,2,8,2,7,10,10
"agent BacktrackAgent #92",BacktrackAgent,0.12,0,0.69,100,0,0,0,0,0,100,6,0,0,100,0,0,0,4,100,936,2,13,3,12,10,10
"agent BacktrackAgent #93",BacktrackAgent,0.2,0,0.69,100,0,1,0,1,6,100,4,0,0,100,0,0,0,8,100,887,2,19,0,20,10,10
"agent BacktrackAgent #94",BacktrackAgent,0.31,0,0.69,100,0,2,0,2,8,100,10,0,0,100,0,0,0,8,100,881,5,19,1,31,10,10
"agent BacktrackAgent #95",BacktrackAgent,0.07,0,0.69,100,0,0,0,0,0,100,1,0,0,100,0,0,0,4,100,300,2,8,2,7,10,10
"agent BacktrackAgent #96",BacktrackAgent,0.12,0,0.69,100,0,0,0,0,0,100,6,0,0,100,0,0,0,4,100,924,2,13,3,12,10,10
"agent BacktrackAgent #97",BacktrackAgent,0.16,0,0.69,100,0,0,0,0,6,100,2,0,0,100,0,0,0,6,100,1113,2,17,0,16,10,10
"agent BacktrackAgent #98",BacktrackAgent,0.31,0,0.69,100,0,2,0,2,8,100,10,0,0,100,0,0,0,8,100,737,5,19,1,31,10,10
"agent BacktrackAgent #99",BacktrackAgent,0.17,0,0.69,100,0,1,0,1,0,100,6,0,0,100,0,0,0,9,100,726,2,13,2,17,10,10
"agent BacktrackAgent #100",BacktrackAgent,0.12,0,0.69,100,0,0,0,0,0,100,6,0,0,100,0,0,0,4,100,1211,2,13,3,12,10,10
"agent ForwardAgent #101",ForwardAgent,0.16,0,0.69,100,0,0,0,0,6,100,2,0,0,100,0,0,0,6,100,1081,2,17,0,16,10,10
"agent ForwardAgent #102",ForwardAgent,0.05,0,0.69,100,0,0,0,0,3,100,2,0,0,100,0,0,0,0,100,205,0,6,1,5,10,10
"agent ForwardAgent #103",ForwardAgent,0.17,0,0.69,100,0,1,0,1,0,100,6,0,0,100,0,0,0,9,100,709,2,13,2,17,10,10
"agent ForwardAgent #104",ForwardAgent,0.12,0,0.69,100,0,0,0,0,0,100,6,0,0,100,0,0,0,4,100,910,2,13,3,12,10,10
"agent ForwardAgent #105",ForwardAgent,0.16,0,0.69,100,0,0,0,0,6,100,2,0,0,100,0,0,0,6,100,1065,2,17,0,16,10,10
"agent ForwardAgent #106",ForwardAgent,0.27,0,0.69,100,0,1,0,1,8,100,8,0,0,100,0,0,0,6,100,604,5,17,1,27,10,10
"agent ForwardAgent #107",ForwardAgent,0.07,0,0.69,100,0,0,0,0,0,100,1,0,0,100,0,0,0,4,100,291,2,8,2,7,10,10
"agent ForwardAgent #108",ForwardAgent,0.12,0,0.69,100,0,0,0,0,0,100,6,0,0,100,0,0,0,4,100,898,2,13,3,12,10,10
"agent ForwardAgent #109",ForwardAgent,0.16,0,0.69,100,0,0,0,0,6,100,2,0,0,100,0,0,0,6,100,1048,2,17,0,16,10,10
"agent ForwardAgent #110",ForwardAgent,0.35,0,0.69,100,0,3,0,3,8,100,12,0,0,100,0,0,0,10,100,745,5,19,1,35,10,10
"agent ForwardAgent #111",ForwardAgent,0.17,0,0.69,100,0,1,0,1,0,100,6,0,0,100,0,0,0,9,100,689,2,13,2,17,10,10
"agent ForwardAgent #112",ForwardAgent,0.12,0,0.69,100,0,0,0,0,0,100,6,0,0,100,0,0,0,4,100,885,2,13,3,12,10,10
"agent ForwardAgent #113",ForwardAgent,0.16,0,0.69,100,0,0,0,0,6,100,2,0,0,100,0,0,0,6,100,1031,2,17,0,16,10,10
"agent ForwardAgent #114",ForwardAgent,0.47,0,0.69,100,0,3,0,3,12,100,14,0,0,100,0,0,0,12,100,587,9,19,1,47,10,10
"agent ForwardAgent #115",ForwardAgent,0.17,0,0.69,100,0,1,0,1,0,100,6,0,0,100,0,0,0,9,100,671,2,13,2,17,10,10
"agent ForwardAgent #116",ForwardAgent,0.12,0,0.69,100,0,0,0,0,0,100,6,0,0,100,0,0,0,4,100,872,2,13,3,12,10,10
"agent ForwardAgent #117",ForwardAgent,0.36,0,0.69,100,0,2,0,2,10,100,8,0,0,100,0,0,0,12,100,936,6,19,0,36,10,10
"agent ForwardAgent #118",ForwardAgent,0.31,0,0.69,100,0,2,0,2,8,100,10,0,0,100,0,0,0,8,100,645,5,19,1,31,10,10
"agent ForwardAgent #119",ForwardAgent,0.07,0,0.69,100,0,0,0,0,0,100,1,0,0,100,0,0,0,4,100,282,2,8,2,7,10,10
"agent ForwardAgent #120",ForwardAgent,0.12,0,0.69,100,0,0,0,0,0,100,6,0,0,100,0,0,0,4,100,860,2,13,3,12,10,10
"agent ForwardAgent #121",ForwardAgent,0.2,0,0.69,100,0,1,0,1,6,100,4,0,0,100,0,0,0,8,100,795,2,19,0,20,10,10
"agent ForwardAgent #122",ForwardAgent,0.27,0,0.69,100,0,1,0,1,8,100,8,0,0,100,0,0,0,6,100,526,5,17,1,27,10,10
"agent ForwardAgent #123",ForwardAgent,0.17,0,0.69,100,0,1,0,1,0,100,6,0,0,100,0,0,0,9,100,651,2,13,2,17,10,10
"agent ForwardAgent #124",ForwardAgent,0.12,0,0.69,100,0,0,0,0,0,100,6,0,0,100,0,0,0,4,100,847,2,13,3,12,10,10
"agent ForwardAgent #125",ForwardAgent,0.4,0,0.69,100,0,3,0,3,10,100,10,0,0,100,0,0,0,14,100,922,6,19,0,40,10,10
"agent ForwardAgent #126",ForwardAgent,0.05,0,0.69,100,0,0,0,0,3,100,2,0,0,100,0,0,0,0,100,195,0,6,1,5,10,10
"agent ForwardAgent #127",ForwardAgent,0.17,0,0.69,100,0,1,0,1,0,100,6,0,0,100,0,0,0,9,100,633,2,13,2,17,10,10
"agent ForwardAgent #128",ForwardAgent,0.12,0,0.69,100,0,0,0,0,0,100,6,0,0,100,0,0,0,4,100,834,2,13,3,12,10,10
"agent ForwardAgent #129",ForwardAgent,0.4,0,0.69,100,0,3,0,3,10,100,10,0,0,100,0,0,0,14,100,882,6,19,0,40,10,10
"agent ForwardAgent #130",ForwardAgent,0.27,0,0.69,100,0,1,0,1,8,100,8,0,0,100,0,0,0,6,100,494,5,17,1,27,10,10
"agent ForwardAgent #131",ForwardAgent,0.07,0,0.69,100,0,0,0,0,0,100,1,0,0,100,0,0,0,4,100,273,2,8,2,7,10,10
"agent ForwardAgent #132",ForwardAgent,0.12,0,0.69,100,0,0,0,0,0,100,6,0,0,100,0,0,0,4,100,822,2,13,3,12,10,10
"agent ForwardAgent #133",ForwardAgent,0.16,0,0.69,100,0,0,0,0,6,100,2,0,0,100,0,0,0,6,100,975,2,17,0,16,10,10
"agent ForwardAgent #134",ForwardAgent,0.35,0,0.69,100,0,3,0,3,8,100,12,0,0,100,0,0,0,10,100,672,5,19,1,35,10,10
"agent ForwardAgent #135",ForwardAgent,0.07,0,0.69,100,0,0,0,0,0,100,1,0,0,100,0,0,0,4,100,266,2,8,2,7,10,10
"agent ForwardAgent #136",ForwardAgent,0.12,0,0.69,100,0,0,0,0,0,100,6,0,0,100,0,0,0,4,100,810,2,13,3,12,10,10
"agent ForwardAgent #137",ForwardAgent,0.2,0,0.69,100,0,1,0,1,6,100,4,0,0,100,0,0,0,8,100,737,2,19,0,20,10,10
"agent ForwardAgent #138",ForwardAgent,0.05,0,0.69,100,0,0,0,0,3,100,2,0,0,100,0,0,0,0,100,188,0,6,1,5,10,10
"agent ForwardAgent #139",ForwardAgent,0.17,0,0.69,100,0,1,0,1,0,100,6,0,0,100,0,0,0,9,100,611,2,13,2,17,10,10
"agent ForwardAgent #140",ForwardAgent,0.12,0,0.69,100,0,0,0,0,0,100,6,0,0,100,0,0,0,4,100,797,2,13,3,12,10,10
"agent ForwardAgent #141",ForwardAgent,0.4,0,0.69,100,0,3,0,3,10,100,10,0,0,100,0,0,0,14,100,815,6,19,0,40,10,10
"agent ForwardAgent #142",ForwardAgent,0.15,0,0.69,100,0,1,0,1,4,100,6,0,0,100,0,0,0,4,100,281,1,11,1,15,10,10
"agent ForwardAgent #143",ForwardAgent,0.17,0,0.69,100,0,1,0,1,0,100,6,0,0,100,0,0,0,9,100,593,2,13,2,17,10,10
"agent ForwardAgent #144",ForwardAgent,0.12,0,0.69,100,0,0,0,0,0,100,6,0,0,100,0,0,0,4,100,784,2,13,3,12,10,10
"agent ForwardAgent #145",ForwardAgent,0.16,0,0.69,100,0,0,0,0,6,100,2,0,0,100,0,0,0,6,100,932,2,17,0,16,10,10
"agent ForwardAgent #146",ForwardAgent,0.05,0,0.69,100,0,0,0,0,3,100,2,0,0,100,0,0,0,0,100,182,0,6,1,5,10,10
"agent ForwardAgent #147",ForwardAgent,0.07,0,0.69,100,0,0,0,0,0,100,1,0,0,100,0,0,0,4,100,257,2,8,2,7,10,10
"agent ForwardAgent #148",ForwardAgent,0.12,0,0.69,100,0,0,0,0,0,100,6,0,0,100,0,0,0,4,100,772,2,13,3,12,10,10
"agent ForwardAgent #149",ForwardAgent,0.16,0,0.69,100,0,0,0,0,6,100,2,0,0,100,0,0,0,6,100,916,2,17,0,16,10,10
"agent ForwardAgent #150",ForwardAgent,0.15,0,0.69,100,0,1,0,1,4,100,6,0,0,100,0,0,0,4,100,265,1,11,1,15,10,10
"agent ForwardAgent #151",ForwardAgent,0.17,0,0.69,100,0,1,0,1,0,100,6,0,0,100,0,0,0,9,100,573,2,13,2,17,10,10
"agent ForwardAgent #152",ForwardAgent,0.12,0,0.69,100,0,0,0,0,0,100,6,0,0,100,0,0,0,4,100,759,2,13,3,12,10,10
"agent ForwardAgent #153",ForwardAgent,0.4,0,0.69,100,0,3,0,3,10,100,10,0,0,100,0,0,0,14,100,755,6,19,0,40,10,10
"agent ForwardAgent #154",ForwardAgent,0.27,0,0.69,100,0,1,0,1,8,100,8,0,0,100,0,0,0,6,100,443,5,17,1,27,10,10
"agent ForwardAgent #155",ForwardAgent,0.17,0,0.69,100,0,1,0,1,0,100,6,0,0,100,0,0,0,9,100,555,2,13,2,17,10,10
"agent ForwardAgent #156",ForwardAgent,0.12,0,0.69,100,0,0,0,0,0,100,6,0,0,100,0,0,0,4,100,746,2,13,3,12,10,10
"agent ForwardAgent #157",ForwardAgent,0.16,0,0.69,100,0,0,0,0,6,100,2,0,0,100,0,0,0,6,100,882,2,17,0,16,10,10
"agent ForwardAgent #158",ForwardAgent,0.15,0,0.69,100,0,1,0,1,4,100,6,0,0,100,0,0,0,4,100,246,1,11,1,15,10,10
"agent ForwardAgent #159",ForwardAgent,0.07,0,0.69,100,0,0,0,0,0,100,1,0,0,100,0,0,0,4,100,248,2,8,2,7,10,10
"agent ForwardAgent #160",ForwardAgent,0.12,0,0.69,100,0,0,0,0,0,100,6,0,0,100,0,0,0,4,100,734,2,13,3,12,10,10
"agent ForwardAgent #161",ForwardAgent,0.16,0,0.69,100,0,0,0,0,6,100,2,0,0,100,0,0,0,6,100,858,2,17,0,16,10,10
"agent ForwardAgent #162",ForwardAgent,0.05,0,0.69,100,0,0,0,0,3,100,2,0,0,100,0,0,0,0,100,174,0,6,1,5,10,10
"agent ForwardAgent #163",ForwardAgent,0.07,0,0.69,100,0,0,0,0,0,100,1,0,0,100,0,0,0,4,100,241,2,8,2,7,10,10
"agent ForwardAgent #164",ForwardAgent,0.12,0,0.69,100,0,0,0,0,0,100,6,0,0,100,0,0,0,4,100,722,2,13,3,12,10,10
"agent ForwardAgent #165",ForwardAgent,0.16,0,0.69,100,0,0,0,0,6,100,2,0,0,100,0,0,0,6,100,842,2,17,0,16,10,10
"agent ForwardAgent #166",ForwardAgent,0.27,0,0.69,100,0,1,0,1,8,100,8,0,0,100,0,0,0,6,100,408,5,17,1,27,10,10
"agent ForwardAgent #167",ForwardAgent,0.07,0,0.69,100,0,0,0,0,0,100,1,0,0,100,0,0,0,4,100,234,2,8,2,7,10,10
"agent ForwardAgent #168",ForwardAgent,0.12,0,0.69,100,0,0,0,0,0,100,6,0,0,100,0,0,0,4,100,710,2,13,3,12,10,10
"agent ForwardAgent #169",ForwardAgent,0.2,0,0.69,100,0,1,0,1,6,100,4,0,0,100,0,0,0,8,100,641,2,19,0,20,10,10
"agent ForwardAgent #170",ForwardAgent,0.05,0,0.69,100,0,0,0,0,3,100,2,0,0,100,0,0,0,0,100,168,0,6,1,5,10,10
"agent ForwardAgent #171",ForwardAgent,0.07,0,0.69,100,0,0,0,0,0,100,1,0,0,100,0,0,0,4,100,227,2,8,2,7,10,10
"agent ForwardAgent #172",ForwardAgent,0.12,0,0.69,100,0,0,0,0,0,100,6,0,0,100,0,0,0,4,100,698,2,13,3,12,10,10
"agent ForwardAgent #173",ForwardAgent,0.4,0,0.69,100,0,3,0,3,10,100,10,0,0,100,0,0,0,14,100,670,6,19,0,40,10,10
"agent ForwardAgent #174",ForwardAgent,0.15,0,0.69,100,0,1,0,1,4,100,6,0,0,100,0,0,0,4,100,225,1,11,1,15,10,10
"agent ForwardAgent #175",ForwardAgent,0.07,0,0.69,100,0,0,0,0,0,100,1,0,0,100,0,0,0,4,100,220,2,8,2,7,10,10
"agent ForwardAgent #176",ForwardAgent,0.12,0,0.69,100,0,0,0,0,0,100,6,0,0,100,0,0,0,4,100,686,2,13,3,12,10,10
"agent ForwardAgent #177",ForwardAgent,0.16,0,0.69,100,0,0,0,0,6,100,2,0,0,100,0,0,0,6,100,799,2,17,0,16,10,10
"agent ForwardAgent #178",ForwardAgent,0.05,0,0.69,100,0,0,0,0,3,100,2,0,0,100,0,0,0,0,100,162,0,6,1,5,10,10
"agent ForwardAgent #179",ForwardAgent,0.07,0,0.69,100,0,0,0,0,0,100,1,0,0,100,0,0,0,4,100,213,2,8,2,7,10,10
"agent ForwardAgent #180",ForwardAgent,0.12,0,0.69,100,0,0,0,0,0,100,6,0,0,100,0,0,0,4,100,674,2,13,3,12,10,10
"agent ForwardAgent #181",ForwardAgent,0.2,0,0.69,100,0,1,0,1,6,100,4,0,0,100,0,0,0,8,100,598,2,19,0,20,10,10
"agent ForwardAgent #182",ForwardAgent,0.35,0,0.69,100,0,3,0,3,8,100,12,0,0,100,0,0,0,10,100,573,5,19,1,35,10,10
"agent ForwardAgent #183",ForwardAgent,0.07,0,0.69,100,0,0,0,0,0,100,1,0,0,100,0,0,0,4,100,206,2,8,2,7,10,10
"agent ForwardAgent #184",ForwardAgent,0.12,0,0.69,100,0,0,0,0,0,100,6,0,0,100,0,0,0,4,100,662,2,13,3,12,10,10
"agent ForwardAgent #185",ForwardAgent,0.36,0,0.69,100,0,2,0,2,10,100,8,0,0,100,0,0,0,12,100,606,6,19,0,36,10,10
"agent ForwardAgent #186",ForwardAgent,0.15,0,0.69,100,0,1,0,1,4,100,6,0,0,100,0,0,0,4,100,201,1,11,1,15,10,10
"agent ForwardAgent #187",ForwardAgent,0.17,0,0.69,100,0,1,0,1,0,100,6,0,0,100,0,0,0,9,100,523,2,13,2,17,10,10
"agent ForwardAgent #188",ForwardAgent,0.12,0,0.69,100,0,0,0,0,0,100,6,0,0,100,0,0,0,4,100,649,2,13,3,12,10,10
"agent ForwardAgent #189",ForwardAgent,0.16,0,0.69,100,0,0,0,0,6,100,2,0,0,100,0,0,0,6,100,756,2,17,0,16,10,10
"agent ForwardAgent #190",ForwardAgent,0.05,0,0.69,100,0,0,0,0,3,100,2,0,0,100,0,0,0,0,100,155,0,6,1,5,10,10
"agent ForwardAgent #191",ForwardAgent,0.07,0,0.69,100,0,0,0,0,0,100,1,0,0,100,0,0,0,4,100,198,2,8,2,7,10,10
"agent ForwardAgent #192",ForwardAgent,0.12,0,0.69,100,0,0,0,0,0,100,6,0,0,100,0,0,0,4,100,637,2,13,3,12,10,10
"agent ForwardAgent #193",ForwardAgent,0.2,0,0.69,100,0,1,0,1,6,100,4,0,0,100,0,0,0,8,100,554,2,19,0,20,10,10
"agent ForwardAgent #194",ForwardAgent,0.05,0,0.69,100,0,0,0,0,3,100,2,0,0,100,0,0,0,0,100,150,0,6,1,5,10,10
"agent ForwardAgent #195",ForwardAgent,0.17,0,0.69,100,0,1,0,1,0,100,6,0,0,100,0,0,0,9,100,503,2,13,2,17,10,10
"agent ForwardAgent #196",ForwardAgent,0.12,0,0.69,100,0,0,0,0,0,100,6,0,0,100,0,0,0,4,100,624,2,13,3,12,10,10
"agent ForwardAgent #197",ForwardAgent,0.2,0,0.69,100,0,1,0,1,6,100,4,0,0,100,0,0,0,8,100,534,2,19,0,20,10,10
"agent ForwardAgent #198",ForwardAgent,0.51,0,0.69,100,0,4,0,4,12,100,16,0,0,100,0,0,0,14,100,542,9,19,1,51,10,10
"agent ForwardAgent #199",ForwardAgent,0.17,0,0.69,100,0,1,0,1,0,100,6,0,0,100,0,0,0,9,100,485,2,13,2,17,10,10
"agent ForwardAgent #200",ForwardAgent,0.12,0,0.69,100,0,0,0,0,0,100,6,0,0,100,0,0,0,4,100,611,2,13,3,12,10,10
"agent NegotiatingAgent #201",NegotiatingAgent,0.16,0,0.69,100,17,0,0,0,6,100,2,34,35,100,0,0,0,6,100,235,2,17,0,16,10,10
"agent NegotiatingAgent #202",NegotiatingAgent,0.31,0,0.69,100,23,2,0,2,8,100,10,48,49,100,0,0,0,8,100,290,5,19,1,31,10,10
"agent NegotiatingAgent #203",NegotiatingAgent,0.17,0,0.69,100,18,1,0,1,0,100,6,36,24,100,0,0,0,9,100,172,2,13,2,17,10,10
"agent NegotiatingAgent #204",NegotiatingAgent,0.12,0,0.69,100,5,0,0,0,0,100,6,12,13,100,0,1,0,4,100,508,2,13,3,12,10,10
"agent NegotiatingAgent #205",NegotiatingAgent,0.2,0,0.69,100,14,1,0,1,6,100,4,29,28,100,0,0,0,8,100,474,2,19,0,20,10,10
"agent NegotiatingAgent #206",NegotiatingAgent,0.31,33,0.69,100,20,2,0,2,8,100,10,43,37,100,0,1,0,8,100,265,5,19,1,31,10,10
"agent NegotiatingAgent #207",NegotiatingAgent,0.07,0,0.69,100,7,0,0,0,0,100,1,14,15,100,0,0,0,4,100,165,2,8,2,7,10,10
"agent NegotiatingAgent #208",NegotiatingAgent,0.12,0,0.69,100,6,0,0,0,0,100,6,13,12,100,0,0,0,4,100,400,2,13,3,12,10,10
"agent NegotiatingAgent #209",NegotiatingAgent,0.16,0,0.69,100,8,0,0,0,6,100,2,21,22,100,0,0,0,6,100,489,2,17,0,16,10,10
"agent NegotiatingAgent #210",NegotiatingAgent,0.31,16,0.69,100,20,2,0,2,8,100,10,49,40,100,0,2,0,8,100,281,5,19,1,31,10,10
"agent NegotiatingAgent #211",NegotiatingAgent,0.17,10,0.69,100,7,1,0,1,0,100,6,20,20,100,0,1,0,9,100,334,2,13,2,17,10,10
"agent NegotiatingAgent #212",NegotiatingAgent,0.12,0,0.69,100,5,0,0,0,0,100,6,16,15,100,0,1,0,4,100,465,2,13,3,12,10,10
"agent NegotiatingAgent #213",NegotiatingAgent,0.2,0,0.69,100,0,1,0,1,6,100,4,18,15,100,0,3,0,8,100,480,2,19,0,20,10,10
"agent NegotiatingAgent #214",NegotiatingAgent,0.31,12,0.69,100,20,2,0,2,8,100,10,48,38,100,0,0,0,8,100,310,5,19,1,31,10,10
"agent NegotiatingAgent #215",NegotiatingAgent,0.17,0,0.69,100,11,1,0,1,0,100,6,23,22,100,0,0,0,9,100,233,2,13,2,17,10,10
"agent NegotiatingAgent #216",NegotiatingAgent,0.12,0,0.69,100,0,0,0,0,0,100,6,10,9,100,0,1,0,4,100,570,2,13,3,12,10,10
"agent NegotiatingAgent #217",NegotiatingAgent,0.16,0,0.69,100,0,0,0,0,6,100,2,14,12,100,0,2,0,6,100,683,2,17,0,16,10,10
"agent NegotiatingAgent #218",NegotiatingAgent,0.31,13,0.69,100,1,2,0,2,8,100,10,31,28,100,1,3,0,8,100,509,5,19,1,31,10,10
"agent NegotiatingAgent #219",NegotiatingAgent,0.07,0,0.69,100,0,0,0,0,0,100,1,3,5,100,0,1,0,4,100,182,2,8,2,7,10,10
"agent NegotiatingAgent #220",NegotiatingAgent,0.12,0,0.69,100,0,0,0,0,0,100,6,10,10,100,0,0,0,4,100,558,2,13,3,12,10,10
"agent NegotiatingAgent #221",NegotiatingAgent,0.16,0,0.69,100,0,0,0,0,6,100,2,14,13,100,0,1,0,6,100,666,2,17,0,16,10,10
"agent NegotiatingAgent #222",NegotiatingAgent,0.05,0,0.69,100,4,0,0,0,3,100,2,8,9,100,0,0,0,0,100,93,0,6,1,5,10,10
"agent NegotiatingAgent #223",NegotiatingAgent,0.17,0,0.69,100,0,1,0,1,0,100,6,14,13,100,0,2,0,9,100,425,2,13,2,17,10,10
"agent NegotiatingAgent #224",NegotiatingAgent,0.12,0,0.69,100,0,0,0,0,0,100,6,10,10,100,0,0,0,4,100,545,2,13,3,12,10,10
"agent NegotiatingAgent #225",NegotiatingAgent,0.2,0,0.69,100,9,1,0,1,6,100,4,27,25,100,0,0,0,8,100,228,2,19,0,20,10,10
"agent NegotiatingAgent #226",NegotiatingAgent,0.31,0,0.69,100,0,2,0,2,8,100,10,30,26,100,0,4,0,8,100,495,5,19,1,31,10,10
"agent NegotiatingAgent #227",NegotiatingAgent,0.17,5,0.69,100,1,1,0,1,0,100,6,16,15,100,0,2,0,9,100,391,2,13,2,17,10,10
"agent NegotiatingAgent #228",NegotiatingAgent,0.12,0,0.69,100,0,0,0,0,0,100,6,10,9,100,0,1,0,4,100,532,2,13,3,12,10,10
"agent NegotiatingAgent #229",NegotiatingAgent,0.16,0,0.69,100,0,0,0,0,6,100,2,14,14,100,0,0,0,6,100,644,2,17,0,16,10,10
"agent NegotiatingAgent #230",NegotiatingAgent,0.05,0,0.69,100,0,0,0,0,3,100,2,3,3,100,0,1,0,0,100,134,0,6,1,5,10,10
"agent NegotiatingAgent #231",NegotiatingAgent,0.07,0,0.69,100,2,0,0,0,0,100,1,5,6,100,0,0,0,4,100,173,2,8,2,7,10,10
"agent NegotiatingAgent #232",NegotiatingAgent,0.12,0,0.69,100,0,0,0,0,0,100,6,10,10,100,0,0,0,4,100,520,2,13,3,12,10,10
"agent NegotiatingAgent #233",NegotiatingAgent,0.16,0,0.69,100,0,0,0,0,6,100,2,14,13,100,0,1,0,6,100,628,2,17,0,16,10,10
"agent NegotiatingAgent #234",NegotiatingAgent,0.05,0,0.69,100,2,0,0,0,3,100,2,6,7,100,0,0,0,0,100,109,0,6,1,5,10,10
"agent NegotiatingAgent #235",NegotiatingAgent,0.17,0,0.69,100,0,1,0,1,0,100,6,15,13,100,0,2,0,9,100,390,2,13,2,17,10,10
"agent NegotiatingAgent #236",NegotiatingAgent,0.12,0,0.69,100,0,0,0,0,0,100,6,10,10,100,0,0,0,4,100,507,2,13,3,12,10,10
"agent NegotiatingAgent #237",NegotiatingAgent,0.2,0,0.69,100,0,1,0,1,6,100,4,18,18,100,0,0,0,8,100,412,2,19,0,20,10,10
"agent NegotiatingAgent #238",NegotiatingAgent,0.05,0,0.69,100,0,0,0,0,3,100,2,3,4,100,0,0,0,0,100,124,0,6,1,5,10,10
"agent NegotiatingAgent #239",NegotiatingAgent,0.17,0,0.69,100,0,1,0,1,0,100,6,18,16,100,1,1,0,9,100,338,2,13,2,17,10,10
"agent NegotiatingAgent #240",NegotiatingAgent,0.12,0,0.69,100,10,0,0,0,0,100,6,21,15,100,0,0,0,4,100,156,2,13,3,12,10,10
"agent NegotiatingAgent #241",NegotiatingAgent,0.16,0,0.69,100,0,0,0,0,6,100,2,14,13,100,0,1,0,6,100,603,2,17,0,16,10,10
"agent NegotiatingAgent #242",NegotiatingAgent,0.05,0,0.69,100,1,0,0,0,3,100,2,3,4,100,0,0,0,0,100,119,0,6,1,5,10,10
"agent NegotiatingAgent #243",NegotiatingAgent,0.07,0,0.69,100,2,0,0,0,0,100,1,6,7,100,0,0,0,4,100,144,2,8,2,7,10,10
"agent NegotiatingAgent #244",NegotiatingAgent,0.12,0,0.69,100,0,0,0,0,0,100,6,10,10,100,0,0,0,4,100,490,2,13,3,12,10,10
"agent NegotiatingAgent #245",NegotiatingAgent,0.16,0,0.69,100,0,0,0,0,6,100,2,14,13,100,0,1,0,6,100,587,2,17,0,16,10,10
"agent NegotiatingAgent #246",NegotiatingAgent,0.05,0,0.69,100,0,0,0,0,3,100,2,4,4,100,0,0,0,0,100,114,0,6,1,5,10,10
"agent NegotiatingAgent #247",NegotiatingAgent,0.17,0,0.69,100,0,1,0,1,0,100,6,15,15,100,0,0,0,9,100,349,2,13,2,17,10,10
"agent NegotiatingAgent #248",NegotiatingAgent,0.12,0,0.69,100,0,0,0,0,0,100,6,10,10,100,0,0,0,4,100,477,2,13,3,12,10,10
"agent NegotiatingAgent #249",NegotiatingAgent,0.16,0,0.69,100,0,0,0,0,6,100,2,14,14,100,0,0,0,6,100,571,2,17,0,16,10,10
"agent NegotiatingAgent #250",NegotiatingAgent,0.05,0,0.69,100,0,0,0,0,3,100,2,4,4,100,0,0,0,0,100,109,0,6,1,5,10,10
"agent NegotiatingAgent #251",NegotiatingAgent,0.07,0,0.69,100,0,0,0,0,0,100,1,6,5,100,0,1,0,4,100,155,2,8,2,7,10,10
"agent NegotiatingAgent #252",NegotiatingAgent,0.12,0,0.69,100,0,0,0,0,0,100,6,10,9,100,0,1,0,4,100,465,2,13,3,12,10,10
"agent NegotiatingAgent #253",NegotiatingAgent,0.16,0,0.69,100,6,0,0,0,6,100,2,21,20,100,0,0,0,6,100,179,2,17,0,16,10,10
"agent NegotiatingAgent #254",NegotiatingAgent,0.31,12,0.69,100,11,2,0,2,8,100,10,36,30,100,0,2,0,8,100,228,5,19,1,31,10,10
"agent NegotiatingAgent #255",NegotiatingAgent,0.17,0,0.69,100,0,1,0,1,0,100,6,15,14,100,0,1,0,9,100,329,2,13,2,17,10,10
"agent NegotiatingAgent #256",NegotiatingAgent,0.12,0,0.69,100,0,0,0,0,0,100,6,10,9,100,0,1,0,4,100,452,2,13,3,12,10,10
"agent NegotiatingAgent #257",NegotiatingAgent,0.16,0,0.69,100,0,0,0,0,6,100,2,14,12,100,0,2,0,6,100,548,2,17,0,16,10,10
"agent NegotiatingAgent #258",NegotiatingAgent,0.05,0,0.69,100,0,0,0,0,3,100,2,4,4,100,0,0,0,0,100,103,0,6,1,5,10,10
"agent NegotiatingAgent #259",NegotiatingAgent,0.07,0,0.69,100,0,0,0,0,0,100,1,6,5,100,0,1,0,4,100,147,2,8,2,7,10,10
"agent NegotiatingAgent #260",NegotiatingAgent,0.12,0,0.69,100,0,0,0,0,0,100,6,10,10,100,0,0,0,4,100,440,2,13,3,12,10,10
"agent NegotiatingAgent #261",NegotiatingAgent,0.16,0,0.69,100,0,0,0,0,6,100,2,14,13,100,0,1,0,6,100,532,2,17,0,16,10,10
"agent NegotiatingAgent #262",NegotiatingAgent,0.05,0,0.69,100,0,0,0,0,3,100,2,4,4,100,0,0,0,0,100,98,0,6,1,5,10,10
"agent NegotiatingAgent #263",NegotiatingAgent,0.07,0,0.69,100,3,0,0,0,0,100,1,9,8,100,0,0,0,4,100,89,2,8,2,7,10,10
"agent NegotiatingAgent #264",NegotiatingAgent,0.12,0,0.69,100,0,0,0,0,0,100,6,10,10,100,0,0,0,4,100,424,2,13,3,12,10,10
"agent NegotiatingAgent #265",NegotiatingAgent,0.16,0,0.69,100,4,0,0,0,6,100,2,18,19,100,0,0,0,6,100,303,2,17,0,16,10,10
"agent NegotiatingAgent #266",NegotiatingAgent,0.05,0,0.69,100,0,0,0,0,3,100,2,4,4,100,0,0,0,0,100,93,0,6,1,5,10,10
"agent NegotiatingAgent #267",NegotiatingAgent,0.17,0,0.69,100,0,1,0,1,0,100,6,15,14,100,0,1,0,9,100,307,2,13,2,17,10,10
"agent NegotiatingAgent #268",NegotiatingAgent,0.12,0,0.69,100,0,0,0,0,0,100,6,10,10,100,0,0,0,4,100,411,2,13,3,12,10,10
"agent NegotiatingAgent #269",NegotiatingAgent,0.2,0,0.69,100,0,1,0,1,6,100,4,18,17,100,0,1,0,8,100,328,2,19,0,20,10,10
"agent NegotiatingAgent #270",NegotiatingAgent,0.31,0,0.69,100,0,2,0,2,8,100,10,30,26,100,0,4,0,8,100,327,5,19,1,31,10,10
"agent NegotiatingAgent #271",NegotiatingAgent,0.07,0,0.69,100,0,0,0,0,0,100,1,6,6,100,0,0,0,4,100,134,2,8,2,7,10,10
"agent NegotiatingAgent #272",NegotiatingAgent,0.12,0,0.69,100,0,0,0,0,0,100,6,10,10,100,0,0,0,4,100,399,2,13,3,12,10,10
"agent NegotiatingAgent #273",NegotiatingAgent,0.16,0,0.69,100,0,0,0,0,6,100,2,14,14,100,0,0,0,6,100,499,2,17,0,16,10,10
"agent NegotiatingAgent #274",NegotiatingAgent,0.31,0,0.69,100,0,2,0,2,8,100,10,30,28,100,0,2,0,8,100,417,5,19,1,31,10,10
"agent NegotiatingAgent #275",NegotiatingAgent,0.07,0,0.69,100,0,0,0,0,0,100,1,6,6,100,0,0,0,4,100,127,2,8,2,7,10,10
"agent NegotiatingAgent #276",NegotiatingAgent,0.12,0,0.69,100,0,0,0,0,0,100,6,10,10,100,0,0,0,4,100,387,2,13,3,12,10,10
"agent NegotiatingAgent #277",NegotiatingAgent,0.16,0,0.69,100,0,0,0,0,6,100,2,14,14,100,0,0,0,6,100,482,2,17,0,16,10,10
"agent NegotiatingAgent #278",NegotiatingAgent,0.31,0,0.69,100,0,2,0,2,8,100,10,30,27,100,1,3,0,8,100,385,5,19,1,31,10,10
"agent NegotiatingAgent #279",NegotiatingAgent,0.07,0,0.69,100,0,0,0,0,0,100,1,6,6,100,0,0,0,4,100,120,2,8,2,7,10,10
"agent NegotiatingAgent #280",NegotiatingAgent,0.12,0,0.69,100,0,0,0,0,0,100,6,10,9,100,0,1,0,4,100,375,2,13,3,12,10,10
"agent NegotiatingAgent #281",NegotiatingAgent,0.16,0,0.69,100,0,0,0,0,6,100,2,14,14,100,0,0,0,6,100,465,2,17,0,16,10,10
"agent NegotiatingAgent #282",NegotiatingAgent,0.05,0,0.69,100,0,0,0,0,3,100,2,4,4,100,0,0,0,0,100,85,0,6,1,5,10,10
"agent NegotiatingAgent #283",NegotiatingAgent,0.07,0,0.69,100,1,0,0,0,0,100,1,6,7,100,0,0,0,4,100,99,2,8,2,7,10,10
"agent NegotiatingAgent #284",NegotiatingAgent,0.12,0,0.69,100,0,0,0,0,0,100,6,10,10,100,0,0,0,4,100,363,2,13,3,12,10,10
"agent NegotiatingAgent #285",NegotiatingAgent,0.16,0,0.69,100,0,0,0,0,6,100,2,14,14,100,0,0,0,6,100,449,2,17,0,16,10,10
"agent NegotiatingAgent #286",NegotiatingAgent,0.31,0,0.69,100,0,2,0,2,8,100,10,30,26,100,0,4,0,8,100,351,5,19,1,31,10,10
"agent NegotiatingAgent #287",NegotiatingAgent,0.07,0,0.69,100,0,0,0,0,0,100,1,5,6,100,0,0,0,4,100,106,2,8,2,7,10,10
"agent NegotiatingAgent #288",NegotiatingAgent,0.12,0,0.69,100,0,0,0,0,0,100,6,10,10,100,0,0,0,4,100,351,2,13,3,12,10,10
"agent NegotiatingAgent #289",NegotiatingAgent,0.16,0,0.69,100,0,0,0,0,6,100,2,14,14,100,0,0,0,6,100,432,2,17,0,16,10,10
"agent NegotiatingAgent #290",NegotiatingAgent,0.05,0,0.69,100,0,0,0,0,3,100,2,4,4,100,0,0,0,0,100,79,0,6,1,5,10,10
"agent NegotiatingAgent #291",NegotiatingAgent,0.17,0,0.69,100,0,1,0,1,0,100,6,15,14,100,0,1,0,9,100,279,2,13,2,17,10,10
"agent NegotiatingAgent #292",NegotiatingAgent,0.12,0,0.69,100,0,0,0,0,0,100,6,10,10,100,0,0,0,4,100,338,2,13,3,12,10,10
"agent NegotiatingAgent #293",NegotiatingAgent,0.2,0,0.69,100,0,1,0,1,6,100,4,18,17,100,0,1,0,8,100,259,2,19,0,20,10,10
"agent NegotiatingAgent #294",NegotiatingAgent,0.31,0,0.69,100,0,2,0,2,8,100,10,30,28,100,0,2,0,8,100,317,5,19,1,31,10,10
"agent NegotiatingAgent #295",NegotiatingAgent,0.17,0,0.69,100,0,1,0,1,0,100,6,15,14,100,0,1,0,9,100,261,2,13,2,17,10,10
"agent NegotiatingAgent #296",NegotiatingAgent,0.12,0,0.69,100,0,0,0,0,0,100,6,10,10,100,0,0,0,4,100,325,2,13,3,12,10,10
"agent NegotiatingAgent #297",NegotiatingAgent,0.2,0,0.69,100,0,1,0,1,6,100,4,18,17,100,0,1,0,8,100,238,2,19,0,20,10,10
"agent NegotiatingAgent #298",NegotiatingAgent,0.05,0,0.69,100,0,0,0,0,3,100,2,4,4,100,0,0,0,0,100,73,0,6,1,5,10,10
"agent NegotiatingAgent #299",NegotiatingAgent,0.07,0,0.69,100,0,0,0,0,0,100,1,6,6,100,0,0,0,4,100,97,2,8,2,7,10,10
"agent NegotiatingAgent #300",NegotiatingAgent,0.12,0,0.69,100,0,0,0,0,0,100,6,10,10,100,0,0,0,4,100,313,2,13,3,12,10,10
"agent SwarmAgent #301",SwarmAgent,0.16,0,0.69,100,0,0,0,0,6,100,2,0,0,100,0,0,0,6,100,397,2,17,0,16,10,10
"agent SwarmAgent #302",SwarmAgent,0.05,0,0.69,100,0,0,0,0,3,100,2,0,0,100,0,0,0,0,100,68,0,6,1,5,10,10
"agent SwarmAgent #303",SwarmAgent,0.07,0,0.69,100,0,0,0,0,0,100,1,0,0,100,0,0,0,4,100,90,2,8,2,7,10,10
"agent SwarmAgent #304",SwarmAgent,0.12,0,0.69,100,0,0,0,0,0,100,6,0,0,100,0,0,0,4,100,301,2,13,3,12,10,10
"agent SwarmAgent #305",SwarmAgent,0.16,0,0.69,100,0,0,0,0,6,100,2,0,0,100,0,0,0,6,100,381,2,17,0,16,10,10
"agent SwarmAgent #306",SwarmAgent,0.05,0,0.69,100,0,0,0,0,3,100,2,0,0,100,0,0,0,0,100,63,0,6,1,5,10,10
"agent SwarmAgent #307",SwarmAgent,0.17,0,0.69,100,0,1,0,1,0,100,6,0,0,100,0,0,0,9,100,239,2,13,2,17,10,10
"agent SwarmAgent #308",SwarmAgent,0.12,0,0.69,100,0,0,0,0,0,100,6,0,0,100,0,0,0,4,100,288,2,13,3,12,10,10
"agent SwarmAgent #309",SwarmAgent,0.16,0,0.69,100,0,0,0,0,6,100,2,0,0,100,0,0,0,6,100,365,2,17,0,16,10,10
"agent SwarmAgent #310",SwarmAgent,0.05,0,0.69,100,0,0,0,0,3,100,2,0,0,100,0,0,0,0,100,58,0,6,1,5,10,10
"agent SwarmAgent #311",SwarmAgent,0.07,0,0.69,100,0,0,0,0,0,100,1,0,0,100,0,0,0,4,100,82,2,8,2,7,10,10
"agent SwarmAgent #312",SwarmAgent,0.12,0,0.69,100,0,0,0,0,0,100,6,0,0,100,0,0,0,4,100,276,2,13,3,12,10,10
"agent SwarmAgent #313",SwarmAgent,0.16,0,0.69,100,0,0,0,0,6,100,2,0,0,100,0,0,0,6,100,349,2,17,0,16,10,10
"agent SwarmAgent #314",SwarmAgent,0.05,0,0.69,100,0,0,0,0,3,100,2,0,0,100,0,0,0,0,100,53,0,6,1,5,10,10
"agent SwarmAgent #315",SwarmAgent,0.07,0,0.69,100,0,0,0,0,0,100,1,0,0,100,0,0,0,4,100,75,2,8,2,7,10,10
"agent SwarmAgent #316",SwarmAgent,0.12,0,0.69,100,0,0,0,0,0,100,6,0,0,100,0,0,0,4,100,264,2,13,3,12,10,10
"agent SwarmAgent #317",SwarmAgent,0.16,0,0.69,100,0,0,0,0,6,100,2,0,0,100,0,0,0,6,100,333,2,17,0,16,10,10
"agent SwarmAgent #318",SwarmAgent,0.05,0,0.69,100,0,0,0,0,3,100,2,0,0,100,0,0,0,0,100,48,0,6,1,5,10,10
"agent SwarmAgent #319",SwarmAgent,0.17,0,0.69,100,0,1,0,1,0,100,6,0,0,100,0,0,0,9,100,217,2,13,2,17,10,10
"agent SwarmAgent #320",SwarmAgent,0.12,0,0.69,100,0,0,0,0,0,100,6,0,0,100,0,0,0,4,100,251,2,13,3,12,10,10
"agent SwarmAgent #321",SwarmAgent,0.16,0,0.69,100,0,0,0,0,6,100,2,0,0,100,0,0,0,6,100,317,2,17,0,16,10,10
"agent SwarmAgent #322",SwarmAgent,0.31,0,0.69,100,0,2,0,2,8,100,10,0,0,100,0,0,0,8,100,273,5,19,1,31,10,10
"agent SwarmAgent #323",SwarmAgent,0.17,0,0.69,100,0,1,0,1,0,100,6,0,0,100,0,0,0,9,100,199,2,13,2,17,10,10
"agent SwarmAgent #324",SwarmAgent,0.12,0,0.69,100,0,0,0,0,0,100,6,0,0,100,0,0,0,4,100,238,2,13,3,12,10,10
"agent SwarmAgent #325",SwarmAgent,0.16,0,0.69,100,0,0,0,0,6,100,2,0,0,100,0,0,0,6,100,300,2,17,0,16,10,10
"agent SwarmAgent #326",SwarmAgent,0.05,0,0.69,100,0,0,0,0,3,100,2,0,0,100,0,0,0,0,100,42,0,6,1,5,10,10
"agent SwarmAgent #327",SwarmAgent,0.17,0,0.69,100,0,1,0,1,0,100,6,0,0,100,0,0,0,9,100,181,2,13,2,17,10,10
"agent SwarmAgent #328",SwarmAgent,0.12,0,0.69,100,0,0,0,0,0,100,6,0,0,100,0,0,0,4,100,225,2,13,3,12,10,10
"agent SwarmAgent #329",SwarmAgent,0.16,0,0.69,100,0,0,0,0,6,100,2,0,0,100,0,0,0,6,100,284,2,17,0,16,10,10
"agent SwarmAgent #330",SwarmAgent,0.05,0,0.69,100,0,0,0,0,3,100,2,0,0,100,0,0,0,0,100,37,0,6,1,5,10,10
"agent SwarmAgent #331",SwarmAgent,0.17,0,0.69,100,0,1,0,1,0,100,6,0,0,100,0,0,0,9,100,163,2,13,2,17,10,10
"agent SwarmAgent #332",SwarmAgent,0.12,0,0.69,100,0,0,0,0,0,100,6,0,0,100,0,0,0,4,100,212,2,13,3,12,10,10
"agent SwarmAgent #333",SwarmAgent,0.16,0,0.69,100,0,0,0,0,6,100,2,0,0,100,0,0,0,6,100,268,2,17,0,16,10,10
"agent SwarmAgent #334",SwarmAgent,0.31,0,0.69,100,0,2,0,2,8,100,10,0,0,100,0,0,0,8,100,237,5,19,1,31,10,10
"agent SwarmAgent #335",SwarmAgent,0.07,0,0.69,100,0,0,0,0,0,100,1,0,0,100,0,0,0,4,100,64,2,8,2,7,10,10
"agent SwarmAgent #336",SwarmAgent,0.12,0,0.69,100,0,0,0,0,0,100,6,0,0,100,0,0,0,4,100,200,2,13,3,12,10,10
"agent SwarmAgent #337",SwarmAgent,0.16,0,0.69,100,0,0,0,0,6,100,2,0,0,100,0,0,0,6,100,251,2,17,0,16,10,10
"agent SwarmAgent #338",SwarmAgent,0.31,0,0.69,100,0,2,0,2,8,100,10,0,0,100,0,0,0,8,100,205,5,19,1,31,10,10
"agent SwarmAgent #339",SwarmAgent,0.17,0,0.69,100,0,1,0,1,0,100,6,0,0,100,0,0,0,9,100,143,2,13,2,17,10,10
"agent SwarmAgent #340",SwarmAgent,0.12,0,0.69,100,0,0,0,0,0,100,6,0,0,100,0,0,0,4,100,187,2,13,3,12,10,10
"agent SwarmAgent #341",SwarmAgent,0.16,0,0.69,100,0,0,0,0,6,100,2,0,0,100,0,0,0,6,100,234,2,17,0,16,10,10
"agent SwarmAgent #342",SwarmAgent,0.05,0,0.69,100,0,0,0,0,3,100,2,0,0,100,0,0,0,0,100,30,0,6,1,5,10,10
"agent SwarmAgent #343",SwarmAgent,0.17,0,0.69,100,0,1,0,1,0,100,6,0,0,100,0,0,0,9,100,125,2,13,2,17,10,10
"agent SwarmAgent #344",SwarmAgent,0.12,0,0.69,100,0,0,0,0,0,100,6,0,0,100,0,0,0,4,100,174,2,13,3,12,10,10
"agent SwarmAgent #345",SwarmAgent,0.16,0,0.69,100,0,0,0,0,6,100,2,0,0,100,0,0,0,6,100,218,2,17,0,16,10,10
"agent SwarmAgent #346",SwarmAgent,0.31,0,0.69,100,0,2,0,2,8,100,10,0,0,100,0,0,0,8,100,171,5,19,1,31,10,10
"agent SwarmAgent #347",SwarmAgent,0.07,0,0.69,100,0,0,0,0,0,100,1,0,0,100,0,0,0,4,100,55,2,8,2,7,10,10
"agent SwarmAgent #348",SwarmAgent,0.12,0,0.69,100,0,0,0,0,0,100,6,0,0,100,0,0,0,4,100,162,2,13,3,12,10,10
"agent SwarmAgent #349",SwarmAgent,0.16,0,0.69,100,0,0,0,0,6,100,2,0,0,100,0,0,0,6,100,201,2,17,0,16,10,10
"agent SwarmAgent #350",SwarmAgent,0.05,0,0.69,100,0,0,0,0,3,100,2,0,0,100,0,0,0,0,100,24,0,6,1,5,10,10
"agent SwarmAgent #351",SwarmAgent,0.17,0,0.69,100,0,1,0,1,0,100,6,0,0,100,0,0,0,9,100,105,2,13,2,17,10,10
"agent SwarmAgent #352",SwarmAgent,0.12,0,0.69,100,0,0,0,0,0,100,6,0,0,100,0,0,0,4,100,149,2,13,3,12,10,10
"agent SwarmAgent #353",SwarmAgent,0.16,0,0.69,100,0,0,0,0,6,100,2,0,0,100,0,0,0,6,100,185,2,17,0,16,10,10
"agent SwarmAgent #354",SwarmAgent,0.31,0,0.69,100,0,2,0,2,8,100,10,0,0,100,0,0,0,8,100,137,5,19,1,31,10,10
"agent SwarmAgent #355",SwarmAgent,0.07,0,0.69,100,0,0,0,0,0,100,1,0,0,100,0,0,0,4,100,47,2,8,2,7,10,10
"agent SwarmAgent #356",SwarmAgent,0.12,0,0.69,100,0,0,0,0,0,100,6,0,0,100,0,0,0,4,100,137,2,13,3,12,10,10
"agent SwarmAgent #357",SwarmAgent,0.16,0,0.69,100,0,0,0,0,6,100,2,0,0,100,0,0,0,6,100,168,2,17,0,16,10,10
"agent SwarmAgent #358",SwarmAgent,0.05,0,0.69,100,0,0,0,0,3,100,2,0,0,100,0,0,0,0,100,18,0,6,1,5,10,10
"agent SwarmAgent #359",SwarmAgent,0.17,0,0.69,100,0,1,0,1,0,100,6,0,0,100,0,0,0,9,100,85,2,13,2,17,10,10
"agent SwarmAgent #360",SwarmAgent,0.12,0,0.69,100,0,0,0,0,0,100,6,0,0,100,0,0,0,4,100,124,2,13,3,12,10,10
"agent SwarmAgent #361",SwarmAgent,0.16,0,0.69,100,0,0,0,0,6,100,2,0,0,100,0,0,0,6,100,152,2,17,0,16,10,10
"agent SwarmAgent #362",SwarmAgent,0.31,0,0.69,100,0,2,0,2,8,100,10,0,0,100,0,0,0,8,100,103,5,19,1,31,10,10
"agent SwarmAgent #363",SwarmAgent,0.17,0,0.69,100,0,1,0,1,0,100,6,0,0,100,0,0,0,9,100,67,2,13,2,17,10,10
"agent SwarmAgent #364",SwarmAgent,0.12,0,0.69,100,0,0,0,0,0,100,6,0,0,100,0,0,0,4,100,111,2,13,3,12,10,10
"agent SwarmAgent #365",SwarmAgent,0.16,0,0.69,100,0,0,0,0,6,100,2,0,0,100,0,0,0,6,100,135,2,17,0,16,10,10
"agent SwarmAgent #366",SwarmAgent,0.27,0,0.69,100,0,1,0,1,8,100,8,0,0,100,0,0,0,6,100,130,5,17,1,27,10,10
"agent SwarmAgent #367",SwarmAgent,0.07,0,0.69,100,0,0,0,0,0,100,1,0,0,100,0,0,0,4,100,38,2,8,2,7,10,10
"agent SwarmAgent #368",SwarmAgent,0.12,0,0.69,100,0,0,0,0,0,100,6,0,0,100,0,0,0,4,100,99,2,13,3,12,10,10
"agent SwarmAgent #369",SwarmAgent,0.16,0,0.69,100,0,0,0,0,6,100,2,0,0,100,0,0,0,6,100,118,2,17,0,16,10,10
"agent SwarmAgent #370",SwarmAgent,0.27,0,0.69,100,0,1,0,1,8,100,8,0,0,100,0,0,0,6,100,102,5,17,1,27,10,10
"agent SwarmAgent #371",SwarmAgent,0.17,0,0.69,100,0,1,0,1,0,100,6,0,0,100,0,0,0,9,100,47,2,13,2,17,10,10
"agent SwarmAgent #372",SwarmAgent,0.12,0,0.69,100,0,0,0,0,0,100,6,0,0,100,0,0,0,4,100,86,2,13,3,12,10,10
"agent SwarmAgent #373",SwarmAgent,0.16,0,0.69,100,0,0,0,0,6,100,2,0,0,100,0,0,0,6,100,101,2,17,0,16,10,10
"agent SwarmAgent #374",SwarmAgent,0.05,0,0.69,100,0,0,0,0,3,100,2,0,0,100,0,0,0,0,100,10,0,6,1,5,10,10
"agent SwarmAgent #375",SwarmAgent,0.07,0,0.69,100,0,0,0,0,0,100,1,0,0,100,0,0,0,4,100,30,2,8,2,7,10,10
"agent SwarmAgent #376",SwarmAgent,0.12,0,0.69,100,0,0,0,0,0,100,6,0,0,100,0,0,0,4,100,74,2,13,3,12,10,10
"agent SwarmAgent #377",SwarmAgent,0.16,0,0.69,100,0,0,0,0,6,100,2,0,0,100,0,0,0,6,100,85,2,17,0,16,10,10
"agent SwarmAgent #378",SwarmAgent,0.05,0,0.69,100,0,0,0,0,3,100,2,0,0,100,0,0,0,0,100,5,0,6,1,5,10,10
"agent SwarmAgent #379",SwarmAgent,0.07,0,0.69,100,0,0,0,0,0,100,1,0,0,100,0,0,0,4,100,23,2,8,2,7,10,10
"agent SwarmAgent #380",SwarmAgent,0.12,0,0.69,100,0,0,0,0,0,100,6,0,0,100,0,0,0,4,100,62,2,13,3,12,10,10
"agent SwarmAgent #381",SwarmAgent,0.16,0,0.69,100,0,0,0,0,6,100,2,0,0,100,0,0,0,6,100,69,2,17,0,16,10,10
"agent SwarmAgent #382",SwarmAgent,0.31,0,0.69,100,0,2,0,2,8,100,10,0,0,100,0,0,0,8,100,53,5,19,1,31,10,10
"agent SwarmAgent #383",SwarmAgent,0.07,0,0.69,100,0,0,0,0,0,100,1,0,0,100,0,0,0,4,100,16,2,8,2,7,10,10
"agent SwarmAgent #384",SwarmAgent,0.12,0,0.69,100,0,0,0,0,0,100,6,0,0,100,0,0,0,4,100,50,2,13,3,12,10,10
"agent SwarmAgent #385",SwarmAgent,0.16,0,0.69,100,0,0,0,0,6,100,2,0,0,100,0,0,0,6,100,52,2,17,0,16,10,10
"agent SwarmAgent #386",SwarmAgent,0.31,0,0.69,100,0,2,0,2,8,100,10,0,0,100,0,0,0,8,100,21,5,19,1,31,10,10
"agent SwarmAgent #387",SwarmAgent,0.17,0,0.69,100,0,1,0,1,0,100,6,0,0,100,0,0,0,9,100,23,2,13,2,17,10,10
"agent SwarmAgent #388",SwarmAgent,0.12,0,0.69,100,0,0,0,0,0,100,6,0,0,100,0,0,0,4,100,37,2,13,3,12,10,10
"agent SwarmAgent #389",SwarmAgent,0.16,0,0.69,100,0,0,0,0,6,100,2,0,0,100,0,0,0,6,100,35,2,17,0,16,10,10
"agent SwarmAgent #390",SwarmAgent,0.27,0,0.69,100,0,1,0,1,8,100,8,0,0,100,0,0,0,6,100,56,5,17,1,27,10,10
"agent SwarmAgent #391",SwarmAgent,0.17,0,0.69,100,0,1,0,1,0,100,6,0,0,100,0,0,0,9,100,5,2,13,2,17,10,10
"agent SwarmAgent #392",SwarmAgent,0.12,0,0.69,100,0,0,0,0,0,100,6,0,0,100,0,0,0,4,100,24,2,13,3,12,10,10
"agent SwarmAgent #393",SwarmAgent,0.16,0,0.69,100,0,0,0,0,6,100,2,0,0,100,0,0,0,6,100,18,2,17,0,16,10,10
"agent SwarmAgent #394",SwarmAgent,0.27,0,0.69,100,0,1,0,1,8,100,8,0,0,100,0,0,0,6,100,28,5,17,1,27,10,10
"agent SwarmAgent #395",SwarmAgent,0.07,0,0.69,100,0,0,0,0,0,100,1,0,0,100,0,0,0,4,100,7,2,8,2,7,10,10
"agent SwarmAgent #396",SwarmAgent,0.12,0,0.69,100,0,0,0,0,0,100,6,0,0,100,0,0,0,4,100,12,2,13,3,12,10,10
"agent SwarmAgent #397",SwarmAgent,0.16,0,0.69,100,0,0,0,0,6,100,2,0,0,100,0,0,0,6,100,1,2,17,0,16,10,10
"agent SwarmAgent #398",SwarmAgent,0.27,0,0.69,100,0,1,0,1,8,100,8,0,0,100,0,0,0,6,100,0,5,17,1,27,10,10
"agent SwarmAgent #399",SwarmAgent,0.07,0,0.69,100,0,0,0,0,0,100,1,0,0,100,0,0,0,4,100,0,2,8,2,7,10,10
"agent SwarmAgent #400",SwarmAgent,0.12,0,0.69,100,0,0,0,0,0,100,6,0,0,100,0,0,0,4,100,0,2,13,3,12,10,10
