agentName,agentType,averageSpeed,cumulatedUtilityReceived,freeWallRatio,numBacktrackAgents,numCFPAnswered,numDeadends,numDifferentEncounters,numDirectionChanges,numDownSteps,numForwardAgents,numLeftSteps,numMessagesReceived,numMessagesSent,numNegotiatingAgents,numProposalsAccepted,numProposalsRejected,numRandomAgents,numRightSteps,numSwarmAgents,numTotalEncounters,numUpSteps,numVisitedCells,startingPosition,stepsToExit,xsize,ysize
"agent BacktrackAgent #1",BacktrackAgent,0.08,0,0.69,100,0,0,0,0,4,100,0,0,0,100,0,0,0,4,100,773,0,9,0,8,10,10
"agent BacktrackAgent #2",BacktrackAgent,0.34,0,0.69,100,0,2,0,2,8,100,12,0,0,100,0,0,0,10,100,1314,4,23,1,34,10,10
"agent BacktrackAgent #3",BacktrackAgent,0.11,0,0.69,100,0,1,0,1,0,100,3,0,0,100,0,0,0,6,100,990,2,11,2,11,10,10
"agent BacktrackAgent #4",BacktrackAgent,0.04,0,0.69,100,0,0,0,0,0,100,2,0,0,100,0,0,0,0,100,199,2,5,3,4,10,10
"agent BacktrackAgent #5",BacktrackAgent,0.08,0,0.69,100,0,0,0,0,4,100,0,0,0,100,0,0,0,4,100,685,0,9,0,8,10,10
"agent BacktrackAgent #6",BacktrackAgent,0.1,0,0.69,100,0,0,0,0,4,100,4,0,0,100,0,0,0,2,100,609,0,11,1,10,10,10
"agent BacktrackAgent #7",BacktrackAgent,0.11,0,0.69,100,0,1,0,1,0,100,3,0,0,100,0,0,0,6,100,865,2,11,2,11,10,10
"agent BacktrackAgent #8",BacktrackAgent,0.28,0,0.69,100,0,2,0,2,6,100,8,0,0,100,0,0,0,6,100,779,8,17,3,28,10,10
"agent BacktrackAgent #9",BacktrackAgent,0.08,0,0.69,100,0,0,0,0,4,100,0,0,0,100,0,0,0,4,100,597,0,9,0,8,10,10
"agent BacktrackAgent #10",BacktrackAgent,0.26,0,0.69,100,0,1,0,1,6,100,10,0,0,100,0,0,0,8,100,1193,2,19,1,26,10,10
"agent BacktrackAgent #11",BacktrackAgent,0.09,0,0.69,100,0,0,0,0,0,100,2,0,0,100,0,0,0,5,100,462,2,10,2,9,10,10
"agent BacktrackAgent #12",BacktrackAgent,0.4,0,0.69,100,0,3,0,3,6,100,14,0,0,100,0,0,0,12,100,1652,8,23,3,40,10,10
"agent BacktrackAgent #13",BacktrackAgent,0.08,0,0.69,100,0,0,0,0,4,100,0,0,0,100,0,0,0,4,100,786,0,9,0,8,10,10
"agent BacktrackAgent #14",BacktrackAgent,0.34,0,0.69,100,0,2,0,2,8,100,12,0,0,100,0,0,0,10,100,1440,4,23,1,34,10,10
"agent BacktrackAgent #15",BacktrackAgent,0.35,0,0.69,100,0,3,0,3,6,100,9,0,0,100,0,0,0,12,100,1837,8,23,2,35,10,10
"agent BacktrackAgent #16",BacktrackAgent,0.28,0,0.69,100,0,2,0,2,6,100,8,0,0,100,0,0,0,6,100,935,8,17,3,28,10,10
"agent BacktrackAgent #17",BacktrackAgent,0.08,0,0.69,100,0,0,0,0,4,100,0,0,0,100,0,0,0,4,100,778,0,9,0,8,10,10
"agent BacktrackAgent #18",BacktrackAgent,0.34,0,0.69,100,0,2,0,2,8,100,12,0,0,100,0,0,0,10,100,1403,4,23,1,34,10,10
"agent BacktrackAgent #19",BacktrackAgent,0.11,0,0.69,100,0,1,0,1,0,100,3,0,0,100,0,0,0,6,100,1055,2,11,2,11,10,10
"agent BacktrackAgent #20",BacktrackAgent,0.28,0,0.69,100,0,2,0,2,6,100,8,0,0,100,0,0,0,6,100,905,8,17,3,28,10,10
"agent BacktrackAgent #21",BacktrackAgent,0.08,0,0.69,100,0,0,0,0,4,100,0,0,0,100,0,0,0,4,100,763,0,9,0,8,10,10
"agent BacktrackAgent #22",BacktrackAgent,0.34,0,0.69,100,0,2,0,2,8,100,12,0,0,100,0,0,0,10,100,1367,4,23,1,34,10,10
"agent BacktrackAgent #23",BacktrackAgent,0.35,0,0.69,100,0,3,0,3,6,100,9,0,0,100,0,0,0,12,100,1784,8,23,2,35,10,10
"agent BacktrackAgent #24",BacktrackAgent,0.16,0,0.69,100,0,1,0,1,0,100,8,0,0,100,0,0,0,6,100,922,2,11,3,16,10,10
"agent BacktrackAgent #25",BacktrackAgent,0.08,0,0.69,100,0,0,0,0,4,100,0,0,0,100,0,0,0,4,100,755,0,9,0,8,10,10
"agent BacktrackAgent #26",BacktrackAgent,0.18,0,0.69,100,0,1,0,1,6,100,6,0,0,100,0,0,0,4,100,1029,2,15,1,18,10,10
"agent BacktrackAgent #27",BacktrackAgent,0.09,0,0.69,100,0,0,0,0,0,100,2,0,0,100,0,0,0,5,100,448,2,10,2,9,10,10
"agent BacktrackAgent #28",BacktrackAgent,0.4,0,0.69,100,0,3,0,3,6,100,14,0,0,100,0,0,0,12,100,1497,8,23,3,40,10,10
"agent BacktrackAgent #29",BacktrackAgent,0.08,0,0.69,100,0,0,0,0,4,100,0,0,0,100,0,0,0,4,100,747,0,9,0,8,10,10
"agent BacktrackAgent #30",BacktrackAgent,0.34,0,0.69,100,0,2,0,2,8,100,12,0,0,100,0,0,0,10,100,1278,4,23,1,34,10,10
"agent BacktrackAgent #31",BacktrackAgent,0.11,0,0.69,100,0,1,0,1,0,100,3,0,0,100,0,0,0,6,100,1023,2,11,2,11,10,10
"agent BacktrackAgent #32",BacktrackAgent,0.04,0,0.69,100,0,0,0,0,0,100,2,0,0,100,0,0,0,0,100,210,2,5,3,4,10,10
"agent BacktrackAgent #33",BacktrackAgent,0.08,0,0.69,100,0,0,0,0,4,100,0,0,0,100,0,0,0,4,100,739,0,9,0,8,10,10
"agent BacktrackAgent #34",BacktrackAgent,0.1,0,0.69,100,0,0,0,0,4,100,4,0,0,100,0,0,0,2,100,694,0,11,1,10,10,10
"agent BacktrackAgent #35",BacktrackAgent,0.11,0,0.69,100,0,1,0,1,0,100,3,0,0,100,0,0,0,6,100,1010,2,11,2,11,10,10
"agent BacktrackAgent #36",BacktrackAgent,0.4,0,0.69,100,0,3,0,3,6,100,14,0,0,100,0,0,0,12,100,1451,8,23,3,40,10,10
"agent BacktrackAgent #37",BacktrackAgent,0.08,0,0.69,100,0,0,0,0,4,100,0,0,0,100,0,0,0,4,100,731,0,9,0,8,10,10
"agent BacktrackAgent #38",BacktrackAgent,0.26,0,0.69,100,0,1,0,1,6,100,10,0,0,100,0,0,0,8,100,1113,2,19,1,26,10,10
"agent BacktrackAgent #39",BacktrackAgent,0.09,0,0.69,100,0,0,0,0,0,100,2,0,0,100,0,0,0,5,100,435,2,10,2,9,10,10
"agent BacktrackAgent #40",BacktrackAgent,0.16,0,0.69,100,0,1,0,1,0,100,8,0,0,100,0,0,0,6,100,867,2,11,3,16,10,10
"agent BacktrackAgent #41",BacktrackAgent,0.08,0,0.69,100,0,0,0,0,4,100,0,0,0,100,0,0,0,4,100,723,0,9,0,8,10,10
"agent BacktrackAgent #42",BacktrackAgent,0.26,0,0.69,100,0,1,0,1,6,100,10,0,0,100,0,0,0,8,100,1082,2,19,1,26,10,10
"agent BacktrackAgent #43",BacktrackAgent,0.35,0,0.69,100,0,3,0,3,6,100,9,0,0,100,0,0,0,12,100,1667,8,23,2,35,10,10
"agent BacktrackAgent #44",BacktrackAgent,0.28,0,0.69,100,0,2,0,2,6,100,8,0,0,100,0,0,0,6,100,943,8,17,3,28,10,10
"agent BacktrackAgent #45",BacktrackAgent,0.08,0,0.69,100,0,0,0,0,4,100,0,0,0,100,0,0,0,4,100,715,0,9,0,8,10,10
"agent BacktrackAgent #46",BacktrackAgent,0.34,0,0.69,100,0,2,0,2,8,100,12,0,0,100,0,0,0,10,100,1224,4,23,1,34,10,10
"agent BacktrackAgent #47",BacktrackAgent,0.09,0,0.69,100,0,0,0,0,0,100,2,0,0,100,0,0,0,5,100,424,2,10,2,9,10,10
"agent BacktrackAgent #48",BacktrackAgent,0.04,0,0.69,100,0,0,0,0,0,100,2,0,0,100,0,0,0,0,100,201,2,5,3,4,10,10
"agent BacktrackAgent #49",BacktrackAgent,0.08,0,0.69,100,0,0,0,0,4,100,0,0,0,100,0,0,0,4,100,707,0,9,0,8,10,10
"agent BacktrackAgent #50",BacktrackAgent,0.26,0,0.69,100,0,1,0,1,6,100,10,0,0,100,0,0,0,8,100,1047,2,19,1,26,10,10
"agent BacktrackAgent #51",BacktrackAgent,0.35,0,0.69,100,0,3,0,3,6,100,9,0,0,100,0,0,0,12,100,1644,8,23,2,35,10,10
"agent BacktrackAgent #52",BacktrackAgent,0.16,0,0.69,100,0,1,0,1,0,100,8,0,0,100,0,0,0,6,100,842,2,11,3,16,10,10
"agent BacktrackAgent #53",BacktrackAgent,0.08,0,0.69,100,0,0,0,0,4,100,0,0,0,100,0,0,0,4,100,699,0,9,0,8,10,10
"agent BacktrackAgent #54",BacktrackAgent,0.18,0,0.69,100,0,1,0,1,6,100,6,0,0,100,0,0,0,4,100,937,2,15,1,18,10,10
"agent BacktrackAgent #55",BacktrackAgent,0.11,0,0.69,100,0,1,0,1,0,100,3,0,0,100,0,0,0,6,100,945,2,11,2,11,10,10
"agent BacktrackAgent #56",BacktrackAgent,0.4,0,0.69,100,0,3,0,3,6,100,14,0,0,100,0,0,0,12,100,1429,8,23,3,40,10,10
"agent BacktrackAgent #57",BacktrackAgent,0.08,0,0.69,100,0,0,0,0,4,100,0,0,0,100,0,0,0,4,100,691,0,9,0,8,10,10
"agent BacktrackAgent #58",BacktrackAgent,0.1,0,0.69,100,0,0,0,0,4,100,4,0,0,100,0,0,0,2,100,642,0,11,1,10,10,10
"agent BacktrackAgent #59",BacktrackAgent,0.35,0,0.69,100,0,3,0,3,6,100,9,0,0,100,0,0,0,12,100,1576,8,23,2,35,10,10
"agent BacktrackAgent #60",BacktrackAgent,0.04,0,0.69,100,0,0,0,0,0,100,2,0,0,100,0,0,0,0,100,192,2,5,3,4,10,10
"agent BacktrackAgent #61",BacktrackAgent,0.08,0,0.69,100,0,0,0,0,4,100,0,0,0,100,0,0,0,4,100,676,0,9,0,8,10,10
"agent BacktrackAgent #62",BacktrackAgent,0.26,0,0.69,100,0,1,0,1,6,100,10,0,0,100,0,0,0,8,100,1002,2,19,1,26,10,10
"agent BacktrackAgent #63",BacktrackAgent,0.33,0,0.69,100,0,2,0,2,6,100,8,0,0,100,0,0,0,11,100,965,8,22,2,33,10,10
"agent BacktrackAgent #64",BacktrackAgent,0.28,0,0.69,100,0,2,0,2,6,100,8,0,0,100,0,0,0,6,100,799,8,17,3,28,10,10
"agent BacktrackAgent #65",BacktrackAgent,0.08,0,0.69,100,0,0,0,0,4,100,0,0,0,100,0,0,0,4,100,668,0,9,0,8,10,10
"agent BacktrackAgent #66",BacktrackAgent,0.1,0,0.69,100,0,0,0,0,4,100,4,0,0,100,0,0,0,2,100,620,0,11,1,10,10,10
"agent BacktrackAgent #67",BacktrackAgent,0.35,0,0.69,100,0,3,0,3,6,100,9,0,0,100,0,0,0,12,100,1513,8,23,2,35,10,10
"agent BacktrackAgent #68",BacktrackAgent,0.04,0,0.69,100,0,0,0,0,0,100,2,0,0,100,0,0,0,0,100,185,2,5,3,4,10,10
"agent BacktrackAgent #69",BacktrackAgent,0.08,0,0.69,100,0,0,0,0,4,100,0,0,0,100,0,0,0,4,100,660,0,9,0,8,10,10
"agent BacktrackAgent #70",BacktrackAgent,0.1,0,0.69,100,0,0,0,0,4,100,4,0,0,100,0,0,0,2,100,601,0,11,1,10,10,10
"agent BacktrackAgent #71",BacktrackAgent,0.09,0,0.69,100,0,0,0,0,0,100,2,0,0,100,0,0,0,5,100,398,2,10,2,9,10,10
"agent BacktrackAgent #72",BacktrackAgent,0.4,0,0.69,100,0,3,0,3,6,100,14,0,0,100,0,0,0,12,100,1311,8,23,3,40,10,10
"agent BacktrackAgent #73",BacktrackAgent,0.08,0,0.69,100,0,0,0,0,4,100,0,0,0,100,0,0,0,4,100,652,0,9,0,8,10,10
"agent BacktrackAgent #74",BacktrackAgent,0.1,0,0.69,100,0,0,0,0,4,100,4,0,0,100,0,0,0,2,100,589,0,11,1,10,10,10
"agent BacktrackAgent #75",BacktrackAgent,0.09,0,0.69,100,0,0,0,0,0,100,2,0,0,100,0,0,0,5,100,388,2,10,2,9,10,10
"agent BacktrackAgent #76",BacktrackAgent,0.16,0,0.69,100,0,1,0,1,0,100,8,0,0,100,0,0,0,6,100,785,2,11,3,16,10,10
"agent BacktrackAgent #77",BacktrackAgent,0.08,0,0.69,100,0,0,0,0,4,100,0,0,0,100,0,0,0,4,100,644,0,9,0,8,10,10
"agent BacktrackAgent #78",BacktrackAgent,0.34,0,0.69,100,0,2,0,2,8,100,12,0,0,100,0,0,0,10,100,1133,4,23,1,34,10,10
"agent BacktrackAgent #79",BacktrackAgent,0.33,0,0.69,100,0,2,0,2,6,100,8,0,0,100,0,0,0,11,100,894,8,22,2,33,10,10
"agent BacktrackAgent #80",BacktrackAgent,0.28,0,0.69,100,0,2,0,2,6,100,8,0,0,100,0,0,0,6,100,844,8,17,3,28,10,10
"agent BacktrackAgent #81",BacktrackAgent,0.08,0,0.69,100,0,0,0,0,4,100,0,0,0,100,0,0,0,4,100,636,0,9,0,8,10,10
"agent BacktrackAgent #82",BacktrackAgent,0.26,0,0.69,100,0,1,0,1,6,100,10,0,0,100,0,0,0,8,100,921,2,19,1,26,10,10
"agent BacktrackAgent #83",BacktrackAgent,0.11,0,0.69,100,0,1,0,1,0,100,3,0,0,100,0,0,0,6,100,853,2,11,2,11,10,10
"agent BacktrackAgent #84",BacktrackAgent,0.16,0,0.69,100,0,1,0,1,0,100,8,0,0,100,0,0,0,6,100,762,2,11,3,16,10,10
"agent BacktrackAgent #85",BacktrackAgent,0.08,0,0.69,100,0,0,0,0,4,100,0,0,0,100,0,0,0,4,100,628,0,9,0,8,10,10
"agent BacktrackAgent #86",BacktrackAgent,0.26,0,0.69,100,0,1,0,1,6,100,10,0,0,100,0,0,0,8,100,892,2,19,1,26,10,10
"agent BacktrackAgent #87",BacktrackAgent,0.35,0,0.69,100,0,3,0,3,6,100,9,0,0,100,0,0,0,12,100,1402,8,23,2,35,10,10
"agent BacktrackAgent #88",BacktrackAgent,0.28,0,0.69,100,0,2,0,2,6,100,8,0,0,100,0,0,0,6,100,806,8,17,3,28,10,10
"agent BacktrackAgent #89",BacktrackAgent,0.08,0,0.69,100,0,0,0,0,4,100,0,0,0,100,0,0,0,4,100,620,0,9,0,8,10,10
"agent BacktrackAgent #90",BacktrackAgent,0.34,0,0.69,100,0,2,0,2,8,100,12,0,0,100,0,0,0,10,100,1078,4,23,1,34,10,10
"agent BacktrackAgent #91",BacktrackAgent,0.09,0,0.69,100,0,0,0,0,0,100,2,0,0,100,0,0,0,5,100,367,2,10,2,9,10,10
"agent BacktrackAgent #92",BacktrackAgent,0.16,0,0.69,100,0,1,0,1,0,100,8,0,0,100,0,0,0,6,100,741,2,11,3,16,10,10
"agent BacktrackAgent #93",BacktrackAgent,0.08,0,0.69,100,0,0,0,0,4,100,0,0,0,100,0,0,0,4,100,612,0,9,0,8,10,10
"agent BacktrackAgent #94",BacktrackAgent,0.1,0,0.69,100,0,0,0,0,4,100,4,0,0,100,0,0,0,2,100,542,0,11,1,10,10,10
"agent BacktrackAgent #95",BacktrackAgent,0.11,0,0.69,100,0,1,0,1,0,100,3,0,0,100,0,0,0,6,100,818,2,11,2,11,10,10
"agent BacktrackAgent #96",BacktrackAgent,0.28,0,0.69,100,0,2,0,2,6,100,8,0,0,100,0,0,0,6,100,681,8,17,3,28,10,10
"agent BacktrackAgent #97",BacktrackAgent,0.08,0,0.69,100,0,0,0,0,4,100,0,0,0,100,0,0,0,4,100,604,0,9,0,8,10,10
"agent BacktrackAgent #98",BacktrackAgent,0.34,0,0.69,100,0,2,0,2,8,100,12,0,0,100,0,0,0,10,100,1037,4,23,1,34,10,10
"agent BacktrackAgent #99",BacktrackAgent,0.09,0,0.69,100,0,0,0,0,0,100,2,0,0,100,0,0,0,5,100,356,2,10,2,9,10,10
"agent BacktrackAgent #100",BacktrackAgent,0.04,0,0.69,100,0,0,0,0,0,100,2,0,0,100,0,0,0,0,100,201,2,5,3,4,10,10
"agent ForwardAgent #101",ForwardAgent,0.08,0,0.69,100,0,0,0,0,4,100,0,0,0,100,0,0,0,4,100,589,0,9,0,8,10,10
"agent ForwardAgent #102",ForwardAgent,0.5,0,0.69,100,0,3,0,3,12,100,16,0,0,100,0,0,0,14,100,1106,8,23,1,50,10,10
"agent ForwardAgent #103",ForwardAgent,0.25,0,0.69,100,0,1,0,1,4,100,6,0,0,100,0,0,0,9,100,685,6,18,2,25,10,10
"agent ForwardAgent #104",ForwardAgent,0.04,0,0.69,100,0,0,0,0,0,100,2,0,0,100,0,0,0,0,100,166,2,5,3,4,10,10
"agent ForwardAgent #105",ForwardAgent,0.08,0,0.69,100,0,0,0,0,4,100,0,0,0,100,0,0,0,4,100,581,0,9,0,8,10,10
"agent ForwardAgent #106",ForwardAgent,0.22,0,0.69,100,0,2,0,2,6,100,8,0,0,100,0,0,0,6,100,747,2,15,1,22,10,10
"agent ForwardAgent #107",ForwardAgent,0.29,0,0.69,100,0,1,0,1,6,100,6,0,0,100,0,0,0,9,100,714,8,20,2,29,10,10
"agent ForwardAgent #108",ForwardAgent,0.68,0,0.69,100,0,6,0,6,10,100,24,0,0,100,0,0,0,22,100,1216,12,23,3,68,10,10
"agent ForwardAgent #109",ForwardAgent,0.08,0,0.69,100,0,0,0,0,4,100,0,0,0,100,0,0,0,4,100,573,0,9,0,8,10,10
"agent ForwardAgent #110",ForwardAgent,0.18,0,0.69,100,0,1,0,1,6,100,6,0,0,100,0,0,0,4,100,786,2,15,1,18,10,10
"agent ForwardAgent #111",ForwardAgent,0.09,0,0.69,100,0,0,0,0,0,100,2,0,0,100,0,0,0,5,100,330,2,10,2,9,10,10
"agent ForwardAgent #112",ForwardAgent,0.04,0,0.69,100,0,0,0,0,0,100,2,0,0,100,0,0,0,0,100,161,2,5,3,4,10,10
"agent ForwardAgent #113",ForwardAgent,0.08,0,0.69,100,0,0,0,0,4,100,0,0,0,100,0,0,0,4,100,565,0,9,0,8,10,10
"agent ForwardAgent #114",ForwardAgent,0.1,0,0.69,100,0,0,0,0,4,100,4,0,0,100,0,0,0,2,100,512,0,11,1,10,10,10
"agent ForwardAgent #115",ForwardAgent,0.29,0,0.69,100,0,1,0,1,6,100,6,0,0,100,0,0,0,9,100,673,8,20,2,29,10,10
"agent ForwardAgent #116",ForwardAgent,0.4,0,0.69,100,0,2,0,2,8,100,12,0,0,100,0,0,0,10,100,698,10,21,3,40,10,10
"agent ForwardAgent #117",ForwardAgent,0.08,0,0.69,100,0,0,0,0,4,100,0,0,0,100,0,0,0,4,100,557,0,9,0,8,10,10
"agent ForwardAgent #118",ForwardAgent,0.74,0,0.69,100,0,5,0,5,16,100,24,0,0,100,0,0,0,22,100,1126,12,23,1,74,10,10
"agent ForwardAgent #119",ForwardAgent,1.33,0,0.69,100,0,12,0,12,24,100,40,0,0,100,0,0,0,43,100,757,26,23,2,133,10,10
"agent ForwardAgent #120",ForwardAgent,0.04,0,0.69,100,0,0,0,0,0,100,2,0,0,100,0,0,0,0,100,154,2,5,3,4,10,10
"agent ForwardAgent #121",ForwardAgent,0.08,0,0.69,100,0,0,0,0,4,100,0,0,0,100,0,0,0,4,100,549,0,9,0,8,10,10
"agent ForwardAgent #122",ForwardAgent,0.74,0,0.69,100,0,7,0,7,16,100,24,0,0,100,0,0,0,22,100,900,12,23,1,74,10,10
"agent ForwardAgent #123",ForwardAgent,0.11,0,0.69,100,0,1,0,1,0,100,3,0,0,100,0,0,0,6,100,750,2,11,2,11,10,10
"agent ForwardAgent #124",ForwardAgent,0.04,0,0.69,100,0,0,0,0,0,100,2,0,0,100,0,0,0,0,100,150,2,5,3,4,10,10
"agent ForwardAgent #125",ForwardAgent,0.08,0,0.69,100,0,0,0,0,4,100,0,0,0,100,0,0,0,4,100,541,0,9,0,8,10,10
"agent ForwardAgent #126",ForwardAgent,0.38,0,0.69,100,0,3,0,3,8,100,14,0,0,100,0,0,0,12,100,745,4,23,1,38,10,10
"agent ForwardAgent #127",ForwardAgent,0.27,0,0.69,100,0,2,0,2,4,100,7,0,0,100,0,0,0,10,100,1149,6,19,2,27,10,10
"agent ForwardAgent #128",ForwardAgent,0.32,0,0.69,100,0,2,0,2,4,100,12,0,0,100,0,0,0,10,100,1082,6,19,3,32,10,10
"agent ForwardAgent #129",ForwardAgent,0.08,0,0.69,100,0,0,0,0,4,100,0,0,0,100,0,0,0,4,100,533,0,9,0,8,10,10
"agent ForwardAgent #130",ForwardAgent,0.74,0,0.69,100,0,5,0,5,16,100,24,0,0,100,0,0,0,22,100,1023,12,23,1,74,10,10
"agent ForwardAgent #131",ForwardAgent,0.27,0,0.69,100,0,2,0,2,4,100,7,0,0,100,0,0,0,10,100,1118,6,19,2,27,10,10
"agent ForwardAgent #132",ForwardAgent,0.56,0,0.69,100,0,5,0,5,10,100,18,0,0,100,0,0,0,16,100,720,12,23,3,56,10,10
"agent ForwardAgent #133",ForwardAgent,0.08,0,0.69,100,0,0,0,0,4,100,0,0,0,100,0,0,0,4,100,525,0,9,0,8,10,10
"agent ForwardAgent #134",ForwardAgent,1.02,0,0.69,100,0,7,0,7,24,100,30,0,0,100,0,0,0,28,100,972,20,23,1,102,10,10
"agent ForwardAgent #135",ForwardAgent,0.11,0,0.69,100,0,1,0,1,0,100,3,0,0,100,0,0,0,6,100,717,2,11,2,11,10,10
"agent ForwardAgent #136",ForwardAgent,0.4,0,0.69,100,0,3,0,3,6,100,14,0,0,100,0,0,0,12,100,1151,8,23,3,40,10,10
"agent ForwardAgent #137",ForwardAgent,0.08,0,0.69,100,0,0,0,0,4,100,0,0,0,100,0,0,0,4,100,517,0,9,0,8,10,10
"agent ForwardAgent #138",ForwardAgent,0.3,0,0.69,100,0,3,0,3,8,100,10,0,0,100,0,0,0,8,100,736,4,15,1,30,10,10
"agent ForwardAgent #139",ForwardAgent,0.47,0,0.69,100,0,5,0,5,8,100,13,0,0,100,0,0,0,16,100,1172,10,23,2,47,10,10
"agent ForwardAgent #140",ForwardAgent,1.64,0,0.69,100,0,13,0,13,30,100,52,0,0,100,0,0,0,50,100,1146,32,23,3,164,10,10
"agent ForwardAgent #141",ForwardAgent,0.08,0,0.69,100,0,0,0,0,4,100,0,0,0,100,0,0,0,4,100,509,0,9,0,8,10,10
"agent ForwardAgent #142",ForwardAgent,0.18,0,0.69,100,0,1,0,1,6,100,6,0,0,100,0,0,0,4,100,680,2,15,1,18,10,10
"agent ForwardAgent #143",ForwardAgent,0.11,0,0.69,100,0,1,0,1,0,100,3,0,0,100,0,0,0,6,100,694,2,11,2,11,10,10
"agent ForwardAgent #144",ForwardAgent,0.36,0,0.69,100,0,2,0,2,6,100,12,0,0,100,0,0,0,10,100,1060,8,21,3,36,10,10
"agent ForwardAgent #145",ForwardAgent,0.08,0,0.69,100,0,0,0,0,4,100,0,0,0,100,0,0,0,4,100,501,0,9,0,8,10,10
"agent ForwardAgent #146",ForwardAgent,0.26,0,0.69,100,0,1,0,1,6,100,10,0,0,100,0,0,0,8,100,736,2,19,1,26,10,10
"agent ForwardAgent #147",ForwardAgent,0.71,0,0.69,100,0,5,0,5,14,100,19,0,0,100,0,0,0,22,100,1127,16,23,2,71,10,10
"agent ForwardAgent #148",ForwardAgent,0.04,0,0.69,100,0,0,0,0,0,100,2,0,0,100,0,0,0,0,100,139,2,5,3,4,10,10
"agent ForwardAgent #149",ForwardAgent,0.08,0,0.69,100,0,0,0,0,4,100,0,0,0,100,0,0,0,4,100,493,0,9,0,8,10,10
"agent ForwardAgent #150",ForwardAgent,0.18,0,0.69,100,0,1,0,1,6,100,6,0,0,100,0,0,0,4,100,656,2,15,1,18,10,10
"agent ForwardAgent #151",ForwardAgent,0.11,0,0.69,100,0,1,0,1,0,100,3,0,0,100,0,0,0,6,100,671,2,11,2,11,10,10
"agent ForwardAgent #152",ForwardAgent,0.16,0,0.69,100,0,1,0,1,0,100,8,0,0,100,0,0,0,6,100,623,2,11,3,16,10,10
"agent ForwardAgent #153",ForwardAgent,0.08,0,0.69,100,0,0,0,0,4,100,0,0,0,100,0,0,0,4,100,485,0,9,0,8,10,10
"agent ForwardAgent #154",ForwardAgent,0.74,0,0.69,100,0,5,0,5,16,100,24,0,0,100,0,0,0,22,100,852,12,23,1,74,10,10
"agent ForwardAgent #155",ForwardAgent,0.11,0,0.69,100,0,1,0,1,0,100,3,0,0,100,0,0,0,6,100,659,2,11,2,11,10,10
"agent ForwardAgent #156",ForwardAgent,0.4,0,0.69,100,0,2,0,2,8,100,12,0,0,100,0,0,0,10,100,532,10,21,3,40,10,10
"agent ForwardAgent #157",ForwardAgent,0.08,0,0.69,100,0,0,0,0,4,100,0,0,0,100,0,0,0,4,100,477,0,9,0,8,10,10
"agent ForwardAgent #158",ForwardAgent,0.58,0,0.69,100,0,3,0,3,12,100,20,0,0,100,0,0,0,18,100,877,8,19,1,58,10,10
"agent ForwardAgent #159",ForwardAgent,0.11,0,0.69,100,0,1,0,1,0,100,3,0,0,100,0,0,0,6,100,647,2,11,2,11,10,10
"agent ForwardAgent #160",ForwardAgent,0.16,0,0.69,100,0,1,0,1,0,100,8,0,0,100,0,0,0,6,100,602,2,11,3,16,10,10
"agent ForwardAgent #161",ForwardAgent,0.08,0,0.69,100,0,0,0,0,4,100,0,0,0,100,0,0,0,4,100,469,0,9,0,8,10,10
"agent ForwardAgent #162",ForwardAgent,0.98,0,0.69,100,0,7,0,7,22,100,30,0,0,100,0,0,0,28,100,788,18,23,1,98,10,10
"agent ForwardAgent #163",ForwardAgent,0.51,0,0.69,100,0,4,0,4,8,100,15,0,0,100,0,0,0,18,100,1096,10,23,2,51,10,10
"agent ForwardAgent #164",ForwardAgent,0.76,0,0.69,100,0,9,0,9,12,100,26,0,0,100,0,0,0,24,100,937,14,23,3,76,10,10
"agent ForwardAgent #165",ForwardAgent,0.08,0,0.69,100,0,0,0,0,4,100,0,0,0,100,0,0,0,4,100,461,0,9,0,8,10,10
"agent ForwardAgent #166",ForwardAgent,0.1,0,0.69,100,0,0,0,0,4,100,4,0,0,100,0,0,0,2,100,434,0,11,1,10,10,10
"agent ForwardAgent #167",ForwardAgent,0.11,0,0.69,100,0,1,0,1,0,100,3,0,0,100,0,0,0,6,100,621,2,11,2,11,10,10
"agent ForwardAgent #168",ForwardAgent,0.04,0,0.69,100,0,0,0,0,0,100,2,0,0,100,0,0,0,0,100,129,2,5,3,4,10,10
"agent ForwardAgent #169",ForwardAgent,0.08,0,0.69,100,0,0,0,0,4,100,0,0,0,100,0,0,0,4,100,453,0,9,0,8,10,10
"agent ForwardAgent #170",ForwardAgent,0.46,0,0.69,100,0,4,0,4,10,100,16,0,0,100,0,0,0,14,100,682,6,23,1,46,10,10
"agent ForwardAgent #171",ForwardAgent,0.11,0,0.69,100,0,1,0,1,0,100,3,0,0,100,0,0,0,6,100,610,2,11,2,11,10,10
"agent ForwardAgent #172",ForwardAgent,0.48,0,0.69,100,0,3,0,3,6,100,18,0,0,100,0,0,0,16,100,931,8,19,3,48,10,10
"agent ForwardAgent #173",ForwardAgent,0.08,0,0.69,100,0,0,0,0,4,100,0,0,0,100,0,0,0,4,100,445,0,9,0,8,10,10
"agent ForwardAgent #174",ForwardAgent,0.34,0,0.69,100,0,2,0,2,8,100,12,0,0,100,0,0,0,10,100,691,4,23,1,34,10,10
"agent ForwardAgent #175",ForwardAgent,0.43,0,0.69,100,0,4,0,4,8,100,11,0,0,100,0,0,0,14,100,961,10,23,2,43,10,10
"agent ForwardAgent #176",ForwardAgent,0.48,0,0.69,100,0,3,0,3,6,100,18,0,0,100,0,0,0,16,100,877,8,19,3,48,10,10
"agent ForwardAgent #177",ForwardAgent,0.08,0,0.69,100,0,0,0,0,4,100,0,0,0,100,0,0,0,4,100,437,0,9,0,8,10,10
"agent ForwardAgent #178",ForwardAgent,0.26,0,0.69,100,0,1,0,1,6,100,10,0,0,100,0,0,0,8,100,613,2,19,1,26,10,10
"agent ForwardAgent #179",ForwardAgent,0.31,0,0.69,100,0,2,0,2,6,100,7,0,0,100,0,0,0,10,100,906,8,21,2,31,10,10
"agent ForwardAgent #180",ForwardAgent,0.16,0,0.69,100,0,1,0,1,0,100,8,0,0,100,0,0,0,6,100,531,2,11,3,16,10,10
"agent ForwardAgent #181",ForwardAgent,0.08,0,0.69,100,0,0,0,0,4,100,0,0,0,100,0,0,0,4,100,429,0,9,0,8,10,10
"agent ForwardAgent #182",ForwardAgent,0.18,0,0.69,100,0,1,0,1,6,100,6,0,0,100,0,0,0,4,100,564,2,15,1,18,10,10
"agent ForwardAgent #183",ForwardAgent,0.57,0,0.69,100,0,4,0,4,10,100,16,0,0,100,0,0,0,19,100,568,12,23,2,57,10,10
"agent ForwardAgent #184",ForwardAgent,0.64,0,0.69,100,0,4,0,4,10,100,22,0,0,100,0,0,0,20,100,832,12,19,3,64,10,10
"agent ForwardAgent #185",ForwardAgent,0.08,0,0.69,100,0,0,0,0,4,100,0,0,0,100,0,0,0,4,100,421,0,9,0,8,10,10
"agent ForwardAgent #186",ForwardAgent,0.26,0,0.69,100,0,1,0,1,6,100,10,0,0,100,0,0,0,8,100,578,2,19,1,26,10,10
"agent ForwardAgent #187",ForwardAgent,0.09,0,0.69,100,0,0,0,0,0,100,2,0,0,100,0,0,0,5,100,271,2,10,2,9,10,10
"agent ForwardAgent #188",ForwardAgent,0.36,0,0.69,100,0,2,0,2,6,100,12,0,0,100,0,0,0,10,100,828,8,21,3,36,10,10
"agent ForwardAgent #189",ForwardAgent,0.08,0,0.69,100,0,0,0,0,4,100,0,0,0,100,0,0,0,4,100,413,0,9,0,8,10,10
"agent ForwardAgent #190",ForwardAgent,0.62,0,0.69,100,0,5,0,5,14,100,20,0,0,100,0,0,0,18,100,590,10,23,1,62,10,10
"agent ForwardAgent #191",ForwardAgent,0.59,0,0.69,100,0,7,0,7,10,100,17,0,0,100,0,0,0,20,100,912,12,23,2,59,10,10
"agent ForwardAgent #192",ForwardAgent,0.04,0,0.69,100,0,0,0,0,0,100,2,0,0,100,0,0,0,0,100,120,2,5,3,4,10,10
"agent ForwardAgent #193",ForwardAgent,0.08,0,0.69,100,0,0,0,0,4,100,0,0,0,100,0,0,0,4,100,405,0,9,0,8,10,10
"agent ForwardAgent #194",ForwardAgent,0.22,0,0.69,100,0,2,0,2,6,100,8,0,0,100,0,0,0,6,100,484,2,15,1,22,10,10
"agent ForwardAgent #195",ForwardAgent,0.09,0,0.69,100,0,0,0,0,0,100,2,0,0,100,0,0,0,5,100,260,2,10,2,9,10,10
"agent ForwardAgent #196",ForwardAgent,0.36,0,0.69,100,0,2,0,2,6,100,12,0,0,100,0,0,0,10,100,776,8,21,3,36,10,10
"agent ForwardAgent #197",ForwardAgent,0.08,0,0.69,100,0,0,0,0,4,100,0,0,0,100,0,0,0,4,100,397,0,9,0,8,10,10
"agent ForwardAgent #198",ForwardAgent,1.22,0,0.69,100,0,10,0,10,24,100,40,0,0,100,0,0,0,38,100,630,20,23,1,122,10,10
"agent ForwardAgent #199",ForwardAgent,0.25,0,0.69,100,0,1,0,1,4,100,6,0,0,100,0,0,0,9,100,484,6,18,2,25,10,10
"agent ForwardAgent #200",ForwardAgent,0.04,0,0.69,100,0,0,0,0,0,100,2,0,0,100,0,0,0,0,100,115,2,5,3,4,10,10
"agent NegotiatingAgent #201",NegotiatingAgent,0.08,0,0.69,100,3,0,0,0,4,100,0,6,8,100,0,0,0,4,100,354,0,9,0,8,10,10
"agent NegotiatingAgent #202",NegotiatingAgent,0.26,5,0.69,100,24,1,0,1,6,100,10,48,41,100,0,0,0,8,100,272,2,19,1,26,10,10
"agent NegotiatingAgent #203",NegotiatingAgent,0.33,39,0.69,100,32,2,0,2,6,100,8,64,54,100,0,0,0,11,100,274,8,22,2,33,10,10
"agent NegotiatingAgent #204",NegotiatingAgent,0.16,4,0.69,100,10,1,0,1,0,100,8,21,22,100,0,0,0,6,100,334,2,11,3,16,10,10
"agent NegotiatingAgent #205",NegotiatingAgent,0.08,0,0.69,100,3,0,0,0,4,100,0,7,8,100,0,0,0,4,100,346,0,9,0,8,10,10
"agent NegotiatingAgent #206",NegotiatingAgent,0.1,0,0.69,100,8,0,0,0,4,100,4,18,19,100,0,0,0,2,100,222,0,11,1,10,10,10
"agent NegotiatingAgent #207",NegotiatingAgent,0.11,8,0.69,100,10,1,0,1,0,100,3,21,22,100,0,0,0,6,100,205,2,11,2,11,10,10
"agent NegotiatingAgent #208",NegotiatingAgent,0.16,0,0.69,100,5,1,0,1,0,100,8,17,17,100,0,1,0,6,100,372,2,11,3,16,10,10
"agent NegotiatingAgent #209",NegotiatingAgent,0.08,0,0.69,100,5,0,0,0,4,100,0,11,9,100,0,0,0,4,100,141,0,9,0,8,10,10
"agent NegotiatingAgent #210",NegotiatingAgent,0.18,0,0.69,100,11,1,0,1,6,100,6,23,24,100,0,0,0,4,100,377,2,15,1,18,10,10
"agent NegotiatingAgent #211",NegotiatingAgent,0.11,5,0.69,100,10,1,0,1,0,100,3,21,21,100,0,0,0,6,100,180,2,11,2,11,10,10
"agent NegotiatingAgent #212",NegotiatingAgent,0.04,0,0.69,100,3,0,0,0,0,100,2,6,7,100,0,0,0,0,100,144,2,5,3,4,10,10
"agent NegotiatingAgent #213",NegotiatingAgent,0.08,0,0.69,100,0,0,0,0,4,100,0,7,7,100,0,0,0,4,100,368,0,9,0,8,10,10
"agent NegotiatingAgent #214",NegotiatingAgent,0.18,27,0.69,100,15,1,0,1,6,100,6,34,34,100,0,1,0,4,100,295,2,15,1,18,10,10
"agent NegotiatingAgent #215",NegotiatingAgent,0.11,0,0.69,100,0,1,0,1,0,100,3,9,9,100,0,1,0,6,100,508,2,11,2,11,10,10
"agent NegotiatingAgent #216",NegotiatingAgent,0.28,31,0.69,100,17,2,0,2,6,100,8,39,41,100,0,0,0,6,100,362,8,17,3,28,10,10
"agent NegotiatingAgent #217",NegotiatingAgent,0.08,0,0.69,100,0,0,0,0,4,100,0,7,6,100,0,1,0,4,100,360,0,9,0,8,10,10
"agent NegotiatingAgent #218",NegotiatingAgent,0.34,0,0.69,100,0,2,0,2,8,100,12,26,29,100,0,4,0,10,100,538,4,23,1,34,10,10
"agent NegotiatingAgent #219",NegotiatingAgent,0.35,28,0.69,100,7,3,0,3,6,100,9,37,35,100,0,3,0,12,100,702,8,23,2,35,10,10
"agent NegotiatingAgent #220",NegotiatingAgent,0.04,0,0.69,100,0,0,0,0,0,100,2,1,2,100,0,0,0,0,100,102,2,5,3,4,10,10
"agent NegotiatingAgent #221",NegotiatingAgent,0.08,0,0.69,100,0,0,0,0,4,100,0,7,7,100,0,0,0,4,100,352,0,9,0,8,10,10
"agent NegotiatingAgent #222",NegotiatingAgent,0.26,0,0.69,100,21,1,0,1,6,100,10,43,34,100,0,0,0,8,100,394,2,19,1,26,10,10
"agent NegotiatingAgent #223",NegotiatingAgent,0.33,26,0.69,100,20,2,0,2,6,100,8,51,49,100,0,2,0,11,100,431,8,22,2,33,10,10
"agent NegotiatingAgent #224",NegotiatingAgent,0.4,24,0.69,100,12,3,0,3,6,100,14,50,46,100,0,3,0,12,100,467,8,23,3,40,10,10
"agent NegotiatingAgent #225",NegotiatingAgent,0.08,0,0.69,100,0,0,0,0,4,100,0,7,6,100,0,1,0,4,100,344,0,9,0,8,10,10
"agent NegotiatingAgent #226",NegotiatingAgent,0.18,0,0.69,100,5,1,0,1,6,100,6,18,17,100,0,2,0,4,100,426,2,15,1,18,10,10
"agent NegotiatingAgent #227",NegotiatingAgent,0.11,0,0.69,100,0,1,0,1,0,100,3,10,8,100,0,2,0,6,100,475,2,11,2,11,10,10
"agent NegotiatingAgent #228",NegotiatingAgent,0.4,0,0.69,100,0,3,0,3,6,100,14,39,35,100,0,4,0,12,100,632,8,23,3,40,10,10
"agent NegotiatingAgent #229",NegotiatingAgent,0.08,0,0.69,100,0,0,0,0,4,100,0,7,7,100,0,0,0,4,100,336,0,9,0,8,10,10
"agent NegotiatingAgent #230",NegotiatingAgent,0.18,0,0.69,100,0,1,0,1,6,100,6,17,15,100,0,2,0,4,100,441,2,15,1,18,10,10
"agent NegotiatingAgent #231",NegotiatingAgent,0.11,0,0.69,100,0,1,0,1,0,100,3,10,8,100,0,2,0,6,100,463,2,11,2,11,10,10
"agent NegotiatingAgent #232",NegotiatingAgent,0.28,2,0.69,100,4,2,0,2,6,100,8,31,28,100,0,4,0,6,100,376,8,17,3,28,10,10
"agent NegotiatingAgent #233",NegotiatingAgent,0.08,0,0.69,100,0,0,0,0,4,100,0,7,6,100,0,1,0,4,100,328,0,9,0,8,10,10
"agent NegotiatingAgent #234",NegotiatingAgent,0.34,0,0.69,100,0,2,0,2,8,100,12,33,28,100,1,5,0,10,100,460,4,23,1,34,10,10
"agent NegotiatingAgent #235",NegotiatingAgent,0.11,0,0.69,100,4,1,0,1,0,100,3,12,13,100,0,0,0,6,100,287,2,11,2,11,10,10
"agent NegotiatingAgent #236",NegotiatingAgent,0.04,0,0.69,100,0,0,0,0,0,100,2,1,2,100,0,0,0,0,100,93,2,5,3,4,10,10
"agent NegotiatingAgent #237",NegotiatingAgent,0.08,0,0.69,100,0,0,0,0,4,100,0,7,7,100,0,0,0,4,100,320,0,9,0,8,10,10
"agent NegotiatingAgent #238",NegotiatingAgent,0.26,3,0.69,100,7,1,0,1,6,100,10,28,27,100,0,1,0,8,100,440,2,19,1,26,10,10
"agent NegotiatingAgent #239",NegotiatingAgent,0.33,4,0.69,100,22,2,0,2,6,100,8,51,41,100,0,0,0,11,100,360,8,22,2,33,10,10
"agent NegotiatingAgent #240",NegotiatingAgent,0.16,0,0.69,100,0,1,0,1,0,100,8,14,13,100,0,1,0,6,100,371,2,11,3,16,10,10
"agent NegotiatingAgent #241",NegotiatingAgent,0.08,0,0.69,100,0,0,0,0,4,100,0,7,7,100,0,0,0,4,100,312,0,9,0,8,10,10
"agent NegotiatingAgent #242",NegotiatingAgent,0.1,0,0.69,100,0,0,0,0,4,100,4,9,7,100,0,2,0,2,100,325,0,11,1,10,10,10
"agent NegotiatingAgent #243",NegotiatingAgent,0.09,0,0.69,100,0,0,0,0,0,100,2,8,7,100,0,1,0,5,100,210,2,10,2,9,10,10
"agent NegotiatingAgent #244",NegotiatingAgent,0.16,0,0.69,100,0,1,0,1,0,100,8,14,13,100,0,1,0,6,100,354,2,11,3,16,10,10
"agent NegotiatingAgent #245",NegotiatingAgent,0.08,0,0.69,100,0,0,0,0,4,100,0,7,7,100,0,0,0,4,100,304,0,9,0,8,10,10
"agent NegotiatingAgent #246",NegotiatingAgent,0.26,0,0.69,100,0,1,0,1,6,100,10,23,22,100,0,2,0,8,100,403,2,19,1,26,10,10
"agent NegotiatingAgent #247",NegotiatingAgent,0.35,0,0.69,100,0,3,0,3,6,100,9,34,31,100,0,3,0,12,100,660,8,23,2,35,10,10
"agent NegotiatingAgent #248",NegotiatingAgent,0.4,0,0.69,100,0,3,0,3,6,100,14,39,37,100,0,2,0,12,100,531,8,23,3,40,10,10
"agent NegotiatingAgent #249",NegotiatingAgent,0.08,0,0.69,100,0,0,0,0,4,100,0,7,7,100,0,0,0,4,100,296,0,9,0,8,10,10
"agent NegotiatingAgent #250",NegotiatingAgent,0.18,0,0.69,100,10,1,0,1,6,100,6,26,26,100,0,0,0,4,100,219,2,15,1,18,10,10
"agent NegotiatingAgent #251",NegotiatingAgent,0.09,0,0.69,100,3,0,0,0,0,100,2,8,9,100,0,0,0,5,100,201,2,10,2,9,10,10
"agent NegotiatingAgent #252",NegotiatingAgent,0.16,0,0.69,100,0,1,0,1,0,100,8,14,14,100,0,0,0,6,100,319,2,11,3,16,10,10
"agent NegotiatingAgent #253",NegotiatingAgent,0.08,0,0.69,100,0,0,0,0,4,100,0,7,7,100,0,0,0,4,100,288,0,9,0,8,10,10
"agent NegotiatingAgent #254",NegotiatingAgent,0.34,0,0.69,100,0,2,0,2,8,100,12,33,29,100,0,4,0,10,100,397,4,23,1,34,10,10
"agent NegotiatingAgent #255",NegotiatingAgent,0.35,0,0.69,100,0,3,0,3,6,100,9,34,33,100,0,1,0,12,100,681,8,23,2,35,10,10
"agent NegotiatingAgent #256",NegotiatingAgent,0.28,6,0.69,100,8,2,0,2,6,100,8,34,33,100,0,2,0,6,100,291,8,17,3,28,10,10
"agent NegotiatingAgent #257",NegotiatingAgent,0.08,0,0.69,100,0,0,0,0,4,100,0,7,7,100,0,0,0,4,100,280,0,9,0,8,10,10
"agent NegotiatingAgent #258",NegotiatingAgent,0.18,0,0.69,100,0,1,0,1,6,100,6,17,15,100,0,2,0,4,100,358,2,15,1,18,10,10
"agent NegotiatingAgent #259",NegotiatingAgent,0.11,0,0.69,100,0,1,0,1,0,100,3,10,10,100,0,0,0,6,100,391,2,11,2,11,10,10
"agent NegotiatingAgent #260",NegotiatingAgent,0.04,0,0.69,100,0,0,0,0,0,100,2,2,2,100,0,0,0,0,100,82,2,5,3,4,10,10
"agent NegotiatingAgent #261",NegotiatingAgent,0.08,0,0.69,100,0,0,0,0,4,100,0,7,7,100,0,0,0,4,100,272,0,9,0,8,10,10
"agent NegotiatingAgent #262",NegotiatingAgent,0.1,0,0.69,100,0,0,0,0,4,100,4,9,9,100,0,0,0,2,100,290,0,11,1,10,10,10
"agent NegotiatingAgent #263",NegotiatingAgent,0.35,0,0.69,100,0,3,0,3,6,100,9,34,33,100,1,1,0,12,100,614,8,23,2,35,10,10
"agent NegotiatingAgent #264",NegotiatingAgent,0.28,0,0.69,100,0,2,0,2,6,100,8,27,22,100,0,5,0,6,100,322,8,17,3,28,10,10
"agent NegotiatingAgent #265",NegotiatingAgent,0.08,0,0.69,100,0,0,0,0,4,100,0,7,7,100,0,0,0,4,100,264,0,9,0,8,10,10
"agent NegotiatingAgent #266",NegotiatingAgent,0.1,0,0.69,100,0,0,0,0,4,100,4,9,8,100,0,1,0,2,100,278,0,11,1,10,10,10
"agent NegotiatingAgent #267",NegotiatingAgent,0.33,0,0.69,100,0,2,0,2,6,100,8,32,31,100,0,1,0,11,100,375,8,22,2,33,10,10
"agent NegotiatingAgent #268",NegotiatingAgent,0.4,0,0.69,100,0,3,0,3,6,100,14,39,36,100,0,3,0,12,100,435,8,23,3,40,10,10
"agent NegotiatingAgent #269",NegotiatingAgent,0.08,0,0.69,100,3,0,0,0,4,100,0,7,8,100,0,0,0,4,100,234,0,9,0,8,10,10
"agent NegotiatingAgent #270",NegotiatingAgent,0.26,0,0.69,100,0,1,0,1,6,100,10,24,20,100,0,4,0,8,100,332,2,19,1,26,10,10
"agent NegotiatingAgent #271",NegotiatingAgent,0.33,0,0.69,100,0,2,0,2,6,100,8,32,29,100,0,3,0,11,100,339,8,22,2,33,10,10
"agent NegotiatingAgent #272",NegotiatingAgent,0.28,0,0.69,100,0,2,0,2,6,100,8,27,22,100,0,5,0,6,100,320,8,17,3,28,10,10
"agent NegotiatingAgent #273",NegotiatingAgent,0.08,0,0.69,100,0,0,0,0,4,100,0,7,7,100,0,0,0,4,100,248,0,9,0,8,10,10
"agent NegotiatingAgent #274",NegotiatingAgent,0.34,0,0.69,100,0,2,0,2,8,100,12,33,30,100,0,3,0,10,100,317,4,23,1,34,10,10
"agent NegotiatingAgent #275",NegotiatingAgent,0.33,0,0.69,100,0,2,0,2,6,100,8,32,29,100,0,3,0,11,100,304,8,22,2,33,10,10
"agent NegotiatingAgent #276",NegotiatingAgent,0.04,0,0.69,100,1,0,0,0,0,100,2,3,4,100,0,0,0,0,100,63,2,5,3,4,10,10
"agent NegotiatingAgent #277",NegotiatingAgent,0.08,0,0.69,100,0,0,0,0,4,100,0,7,7,100,0,0,0,4,100,240,0,9,0,8,10,10
"agent NegotiatingAgent #278",NegotiatingAgent,0.18,0,0.69,100,0,1,0,1,6,100,6,17,15,100,0,2,0,4,100,304,2,15,1,18,10,10
"agent NegotiatingAgent #279",NegotiatingAgent,0.33,0,0.69,100,0,2,0,2,6,100,8,32,29,100,0,3,0,11,100,270,8,22,2,33,10,10
"agent NegotiatingAgent #280",NegotiatingAgent,0.16,0,0.69,100,0,1,0,1,0,100,8,14,13,100,0,1,0,6,100,274,2,11,3,16,10,10
"agent NegotiatingAgent #281",NegotiatingAgent,0.08,0,0.69,100,0,0,0,0,4,100,0,7,7,100,0,0,0,4,100,232,0,9,0,8,10,10
"agent NegotiatingAgent #282",NegotiatingAgent,0.18,0,0.69,100,0,1,0,1,6,100,6,17,17,100,0,0,0,4,100,283,2,15,1,18,10,10
"agent NegotiatingAgent #283",NegotiatingAgent,0.09,0,0.69,100,0,0,0,0,0,100,2,8,8,100,0,0,0,5,100,150,2,10,2,9,10,10
"agent NegotiatingAgent #284",NegotiatingAgent,0.4,0,0.69,100,0,3,0,3,6,100,14,39,37,100,0,2,0,12,100,361,8,23,3,40,10,10
"agent NegotiatingAgent #285",NegotiatingAgent,0.08,0,0.69,100,0,0,0,0,4,100,0,7,7,100,0,0,0,4,100,224,0,9,0,8,10,10
"agent NegotiatingAgent #286",NegotiatingAgent,0.1,0,0.69,100,0,0,0,0,4,100,4,9,9,100,0,0,0,2,100,242,0,11,1,10,10,10
"agent NegotiatingAgent #287",NegotiatingAgent,0.09,0,0.69,100,0,0,0,0,0,100,2,8,8,100,0,0,0,5,100,140,2,10,2,9,10,10
"agent NegotiatingAgent #288",NegotiatingAgent,0.04,0,0.69,100,0,0,0,0,0,100,2,2,2,100,0,0,0,0,100,65,2,5,3,4,10,10
"agent NegotiatingAgent #289",NegotiatingAgent,0.08,0,0.69,100,0,0,0,0,4,100,0,7,7,100,0,0,0,4,100,216,0,9,0,8,10,10
"agent NegotiatingAgent #290",NegotiatingAgent,0.26,0,0.69,100,0,1,0,1,6,100,10,24,21,100,0,3,0,8,100,275,2,19,1,26,10,10
"agent NegotiatingAgent #291",NegotiatingAgent,0.11,0,0.69,100,0,1,0,1,0,100,3,10,10,100,0,0,0,6,100,305,2,11,2,11,10,10
"agent NegotiatingAgent #292",NegotiatingAgent,0.4,0,0.69,100,0,3,0,3,6,100,14,39,37,100,0,2,0,12,100,316,8,23,3,40,10,10
"agent NegotiatingAgent #293",NegotiatingAgent,0.08,0,0.69,100,0,0,0,0,4,100,0,7,7,100,0,0,0,4,100,208,0,9,0,8,10,10
"agent NegotiatingAgent #294",NegotiatingAgent,0.1,0,0.69,100,0,0,0,0,4,100,4,8,9,100,0,0,0,2,100,221,0,11,1,10,10,10
"agent NegotiatingAgent #295",NegotiatingAgent,0.35,0,0.69,100,0,3,0,3,6,100,9,34,34,100,0,0,0,12,100,383,8,23,2,35,10,10
"agent NegotiatingAgent #296",NegotiatingAgent,0.16,0,0.69,100,0,1,0,1,0,100,8,14,14,100,0,0,0,6,100,221,2,11,3,16,10,10
"agent NegotiatingAgent #297",NegotiatingAgent,0.08,0,0.69,100,0,0,0,0,4,100,0,7,6,100,0,1,0,4,100,200,0,9,0,8,10,10
"agent NegotiatingAgent #298",NegotiatingAgent,0.1,0,0.69,100,0,0,0,0,4,100,4,8,9,100,0,0,0,2,100,211,0,11,1,10,10,10
"agent NegotiatingAgent #299",NegotiatingAgent,0.35,0,0.69,100,0,3,0,3,6,100,9,34,32,100,0,2,0,12,100,346,8,23,2,35,10,10
"agent NegotiatingAgent #300",NegotiatingAgent,0.16,0,0.69,100,0,1,0,1,0,100,8,14,14,100,0,0,0,6,100,204,2,11,3,16,10,10
"agent SwarmAgent #301",SwarmAgent,0.08,0,0.69,100,0,0,0,0,4,100,0,0,0,100,0,0,0,4,100,192,0,9,0,8,10,10
"agent SwarmAgent #302",SwarmAgent,0.1,0,0.69,100,0,0,0,0,4,100,4,0,0,100,0,0,0,2,100,201,0,11,1,10,10,10
"agent SwarmAgent #303",SwarmAgent,0.11,0,0.69,100,0,1,0,1,0,100,3,0,0,100,0,0,0,6,100,265,2,11,2,11,10,10
"agent SwarmAgent #304",SwarmAgent,0.3,0,0.69,100,0,1,0,2,4,100,11,0,0,100,0,0,0,9,100,324,6,18,3,30,10,10
"agent SwarmAgent #305",SwarmAgent,0.08,0,0.69,100,0,0,0,0,4,100,0,0,0,100,0,0,0,4,100,184,0,9,0,8,10,10
"agent SwarmAgent #306",SwarmAgent,0.18,0,0.69,100,0,1,0,1,6,100,6,0,0,100,0,0,0,4,100,238,2,15,1,18,10,10
"agent SwarmAgent #307",SwarmAgent,0.27,0,0.69,100,0,2,0,2,4,100,7,0,0,100,0,0,0,10,100,409,6,19,2,27,10,10
"agent SwarmAgent #308",SwarmAgent,0.14,0,0.69,100,0,0,0,1,0,100,7,0,0,100,0,0,0,5,100,176,2,10,3,14,10,10
"agent SwarmAgent #309",SwarmAgent,0.08,0,0.69,100,0,0,0,0,4,100,0,0,0,100,0,0,0,4,100,176,0,9,0,8,10,10
"agent SwarmAgent #310",SwarmAgent,0.1,0,0.69,100,0,0,0,0,4,100,4,0,0,100,0,0,0,2,100,188,0,11,1,10,10,10
"agent SwarmAgent #311",SwarmAgent,0.11,0,0.69,100,0,1,0,1,0,100,3,0,0,100,0,0,0,6,100,240,2,11,2,11,10,10
"agent SwarmAgent #312",SwarmAgent,0.28,0,0.69,100,0,2,0,2,6,100,8,0,0,100,0,0,0,6,100,235,8,17,3,28,10,10
"agent SwarmAgent #313",SwarmAgent,0.08,0,0.69,100,0,0,0,0,4,100,0,0,0,100,0,0,0,4,100,168,0,9,0,8,10,10
"agent SwarmAgent #314",SwarmAgent,0.1,0,0.69,100,0,0,0,0,4,100,4,0,0,100,0,0,0,2,100,176,0,11,1,10,10,10
"agent SwarmAgent #315",SwarmAgent,0.25,0,0.69,100,0,1,0,1,4,100,6,0,0,100,0,0,0,9,100,221,6,18,2,25,10,10
"agent SwarmAgent #316",SwarmAgent,0.2,0,0.69,100,0,1,0,1,4,100,6,0,0,100,0,0,0,4,100,239,6,13,3,20,10,10
"agent SwarmAgent #317",SwarmAgent,0.08,0,0.69,100,0,0,0,0,4,100,0,0,0,100,0,0,0,4,100,160,0,9,0,8,10,10
"agent SwarmAgent #318",SwarmAgent,0.14,0,0.69,100,0,0,0,1,6,100,4,0,0,100,0,0,0,2,100,220,2,13,1,14,10,10
"agent SwarmAgent #319",SwarmAgent,0.25,0,0.69,100,0,1,0,1,4,100,6,0,0,100,0,0,0,9,100,194,6,18,2,25,10,10
"agent SwarmAgent #320",SwarmAgent,0.04,0,0.69,100,0,0,0,0,0,100,2,0,0,100,0,0,0,0,100,50,2,5,3,4,10,10
"agent SwarmAgent #321",SwarmAgent,0.08,0,0.69,100,0,0,0,0,4,100,0,0,0,100,0,0,0,4,100,152,0,9,0,8,10,10
"agent SwarmAgent #322",SwarmAgent,0.18,0,0.69,100,0,1,0,1,6,100,6,0,0,100,0,0,0,4,100,204,2,15,1,18,10,10
"agent SwarmAgent #323",SwarmAgent,0.11,0,0.69,100,0,1,0,1,0,100,3,0,0,100,0,0,0,6,100,208,2,11,2,11,10,10
"agent SwarmAgent #324",SwarmAgent,0.04,0,0.69,100,0,0,0,0,0,100,2,0,0,100,0,0,0,0,100,46,2,5,3,4,10,10
"agent SwarmAgent #325",SwarmAgent,0.08,0,0.69,100,0,0,0,0,4,100,0,0,0,100,0,0,0,4,100,144,0,9,0,8,10,10
"agent SwarmAgent #326",SwarmAgent,0.18,0,0.69,100,0,1,0,1,6,100,6,0,0,100,0,0,0,4,100,186,2,15,1,18,10,10
"agent SwarmAgent #327",SwarmAgent,0.09,0,0.69,100,0,0,0,0,0,100,2,0,0,100,0,0,0,5,100,103,2,10,2,9,10,10
"agent SwarmAgent #328",SwarmAgent,0.14,0,0.69,100,0,0,0,1,0,100,7,0,0,100,0,0,0,5,100,148,2,10,3,14,10,10
"agent SwarmAgent #329",SwarmAgent,0.08,0,0.69,100,0,0,0,0,4,100,0,0,0,100,0,0,0,4,100,136,0,9,0,8,10,10
"agent SwarmAgent #330",SwarmAgent,0.14,0,0.69,100,0,0,0,1,6,100,4,0,0,100,0,0,0,2,100,192,2,13,1,14,10,10
"agent SwarmAgent #331",SwarmAgent,0.09,0,0.69,100,0,0,0,0,0,100,2,0,0,100,0,0,0,5,100,93,2,10,2,9,10,10
"agent SwarmAgent #332",SwarmAgent,0.3,0,0.69,100,0,1,0,2,4,100,11,0,0,100,0,0,0,9,100,226,6,18,3,30,10,10
"agent SwarmAgent #333",SwarmAgent,0.08,0,0.69,100,0,0,0,0,4,100,0,0,0,100,0,0,0,4,100,128,0,9,0,8,10,10
"agent SwarmAgent #334",SwarmAgent,0.1,0,0.69,100,0,0,0,0,4,100,4,0,0,100,0,0,0,2,100,134,0,11,1,10,10,10
"agent SwarmAgent #335",SwarmAgent,0.25,0,0.69,100,0,1,0,1,4,100,6,0,0,100,0,0,0,9,100,145,6,18,2,25,10,10
"agent SwarmAgent #336",SwarmAgent,0.04,0,0.69,100,0,0,0,0,0,100,2,0,0,100,0,0,0,0,100,40,2,5,3,4,10,10
"agent SwarmAgent #337",SwarmAgent,0.08,0,0.69,100,0,0,0,0,4,100,0,0,0,100,0,0,0,4,100,120,0,9,0,8,10,10
"agent SwarmAgent #338",SwarmAgent,0.18,0,0.69,100,0,1,0,1,6,100,6,0,0,100,0,0,0,4,100,159,2,15,1,18,10,10
"agent SwarmAgent #339",SwarmAgent,0.27,0,0.69,100,0,2,0,2,4,100,7,0,0,100,0,0,0,10,100,255,6,19,2,27,10,10
"agent SwarmAgent #340",SwarmAgent,0.3,0,0.69,100,0,1,0,2,4,100,11,0,0,100,0,0,0,9,100,189,6,18,3,30,10,10
"agent SwarmAgent #341",SwarmAgent,0.08,0,0.69,100,0,0,0,0,4,100,0,0,0,100,0,0,0,4,100,112,0,9,0,8,10,10
"agent SwarmAgent #342",SwarmAgent,0.18,0,0.69,100,0,1,0,1,6,100,6,0,0,100,0,0,0,4,100,138,2,15,1,18,10,10
"agent SwarmAgent #343",SwarmAgent,0.09,0,0.69,100,0,0,0,0,0,100,2,0,0,100,0,0,0,5,100,73,2,10,2,9,10,10
"agent SwarmAgent #344",SwarmAgent,0.14,0,0.69,100,0,0,0,1,0,100,7,0,0,100,0,0,0,5,100,98,2,10,3,14,10,10
"agent SwarmAgent #345",SwarmAgent,0.08,0,0.69,100,0,0,0,0,4,100,0,0,0,100,0,0,0,4,100,104,0,9,0,8,10,10
"agent SwarmAgent #346",SwarmAgent,0.14,0,0.69,100,0,0,0,1,6,100,4,0,0,100,0,0,0,2,100,146,2,13,1,14,10,10
"agent SwarmAgent #347",SwarmAgent,0.11,0,0.69,100,0,1,0,1,0,100,3,0,0,100,0,0,0,6,100,143,2,11,2,11,10,10
"agent SwarmAgent #348",SwarmAgent,0.28,0,0.69,100,0,2,0,2,6,100,8,0,0,100,0,0,0,6,100,148,8,17,3,28,10,10
"agent SwarmAgent #349",SwarmAgent,0.08,0,0.69,100,0,0,0,0,4,100,0,0,0,100,0,0,0,4,100,96,0,9,0,8,10,10
"agent SwarmAgent #350",SwarmAgent,0.18,0,0.69,100,0,1,0,1,6,100,6,0,0,100,0,0,0,4,100,115,2,15,1,18,10,10
"agent SwarmAgent #351",SwarmAgent,0.27,0,0.69,100,0,2,0,2,4,100,7,0,0,100,0,0,0,10,100,202,6,19,2,27,10,10
"agent SwarmAgent #352",SwarmAgent,0.04,0,0.69,100,0,0,0,0,0,100,2,0,0,100,0,0,0,0,100,31,2,5,3,4,10,10
"agent SwarmAgent #353",SwarmAgent,0.08,0,0.69,100,0,0,0,0,4,100,0,0,0,100,0,0,0,4,100,88,0,9,0,8,10,10
"agent SwarmAgent #354",SwarmAgent,0.1,0,0.69,100,0,0,0,0,4,100,4,0,0,100,0,0,0,2,100,101,0,11,1,10,10,10
"agent SwarmAgent #355",SwarmAgent,0.09,0,0.69,100,0,0,0,0,0,100,2,0,0,100,0,0,0,5,100,61,2,10,2,9,10,10
"agent SwarmAgent #356",SwarmAgent,0.04,0,0.69,100,0,0,0,0,0,100,2,0,0,100,0,0,0,0,100,27,2,5,3,4,10,10
"agent SwarmAgent #357",SwarmAgent,0.08,0,0.69,100,0,0,0,0,4,100,0,0,0,100,0,0,0,4,100,80,0,9,0,8,10,10
"agent SwarmAgent #358",SwarmAgent,0.18,0,0.69,100,0,1,0,1,6,100,6,0,0,100,0,0,0,4,100,93,2,15,1,18,10,10
"agent SwarmAgent #359",SwarmAgent,0.27,0,0.69,100,0,2,0,2,4,100,7,0,0,100,0,0,0,10,100,164,6,19,2,27,10,10
"agent SwarmAgent #360",SwarmAgent,0.2,0,0.69,100,0,1,0,1,4,100,6,0,0,100,0,0,0,4,100,124,6,13,3,20,10,10
"agent SwarmAgent #361",SwarmAgent,0.08,0,0.69,100,0,0,0,0,4,100,0,0,0,100,0,0,0,4,100,72,0,9,0,8,10,10
"agent SwarmAgent #362",SwarmAgent,0.18,0,0.69,100,0,1,0,1,6,100,6,0,0,100,0,0,0,4,100,72,2,15,1,18,10,10
"agent SwarmAgent #363",SwarmAgent,0.09,0,0.69,100,0,0,0,0,0,100,2,0,0,100,0,0,0,5,100,51,2,10,2,9,10,10
"agent SwarmAgent #364",SwarmAgent,0.04,0,0.69,100,0,0,0,0,0,100,2,0,0,100,0,0,0,0,100,20,2,5,3,4,10,10
"agent SwarmAgent #365",SwarmAgent,0.08,0,0.69,100,0,0,0,0,4,100,0,0,0,100,0,0,0,4,100,64,0,9,0,8,10,10
"agent SwarmAgent #366",SwarmAgent,0.1,0,0.69,100,0,0,0,0,4,100,4,0,0,100,0,0,0,2,100,79,0,11,1,10,10,10
"agent SwarmAgent #367",SwarmAgent,0.27,0,0.69,100,0,2,0,2,4,100,7,0,0,100,0,0,0,10,100,125,6,19,2,27,10,10
"agent SwarmAgent #368",SwarmAgent,0.3,0,0.69,100,0,1,0,2,4,100,11,0,0,100,0,0,0,9,100,105,6,18,3,30,10,10
"agent SwarmAgent #369",SwarmAgent,0.08,0,0.69,100,0,0,0,0,4,100,0,0,0,100,0,0,0,4,100,56,0,9,0,8,10,10
"agent SwarmAgent #370",SwarmAgent,0.14,0,0.69,100,0,0,0,1,6,100,4,0,0,100,0,0,0,2,100,91,2,13,1,14,10,10
"agent SwarmAgent #371",SwarmAgent,0.11,0,0.69,100,0,1,0,1,0,100,3,0,0,100,0,0,0,6,100,78,2,11,2,11,10,10
"agent SwarmAgent #372",SwarmAgent,0.2,0,0.69,100,0,1,0,1,4,100,6,0,0,100,0,0,0,4,100,85,6,13,3,20,10,10
"agent SwarmAgent #373",SwarmAgent,0.08,0,0.69,100,0,0,0,0,4,100,0,0,0,100,0,0,0,4,100,48,0,9,0,8,10,10
"agent SwarmAgent #374",SwarmAgent,0.14,0,0.69,100,0,0,0,1,6,100,4,0,0,100,0,0,0,2,100,74,2,13,1,14,10,10
"agent SwarmAgent #375",SwarmAgent,0.25,0,0.69,100,0,1,0,1,4,100,6,0,0,100,0,0,0,9,100,64,6,18,2,25,10,10
"agent SwarmAgent #376",SwarmAgent,0.2,0,0.69,100,0,1,0,1,4,100,6,0,0,100,0,0,0,4,100,62,6,13,3,20,10,10
"agent SwarmAgent #377",SwarmAgent,0.08,0,0.69,100,0,0,0,0,4,100,0,0,0,100,0,0,0,4,100,40,0,9,0,8,10,10
"agent SwarmAgent #378",SwarmAgent,0.18,0,0.69,100,0,1,0,1,6,100,6,0,0,100,0,0,0,4,100,37,2,15,1,18,10,10
"agent SwarmAgent #379",SwarmAgent,0.09,0,0.69,100,0,0,0,0,0,100,2,0,0,100,0,0,0,5,100,31,2,10,2,9,10,10
"agent SwarmAgent #380",SwarmAgent,0.04,0,0.69,100,0,0,0,0,0,100,2,0,0,100,0,0,0,0,100,9,2,5,3,4,10,10
"agent SwarmAgent #381",SwarmAgent,0.08,0,0.69,100,0,0,0,0,4,100,0,0,0,100,0,0,0,4,100,32,0,9,0,8,10,10
"agent SwarmAgent #382",SwarmAgent,0.18,0,0.69,100,0,1,0,1,6,100,6,0,0,100,0,0,0,4,100,19,2,15,1,18,10,10
"agent SwarmAgent #383",SwarmAgent,0.11,0,0.69,100,0,1,0,1,0,100,3,0,0,100,0,0,0,6,100,48,2,11,2,11,10,10
"agent SwarmAgent #384",SwarmAgent,0.2,0,0.69,100,0,1,0,1,4,100,6,0,0,100,0,0,0,4,100,23,6,13,3,20,10,10
"agent SwarmAgent #385",SwarmAgent,0.08,0,0.69,100,0,0,0,0,4,100,0,0,0,100,0,0,0,4,100,24,0,9,0,8,10,10
"agent SwarmAgent #386",SwarmAgent,0.14,0,0.69,100,0,0,0,1,6,100,4,0,0,100,0,0,0,2,100,47,2,13,1,14,10,10
"agent SwarmAgent #387",SwarmAgent,0.09,0,0.69,100,0,0,0,0,0,100,2,0,0,100,0,0,0,5,100,21,2,10,2,9,10,10
"agent SwarmAgent #388",SwarmAgent,0.28,0,0.69,100,0,2,0,2,6,100,8,0,0,100,0,0,0,6,100,12,8,17,3,28,10,10
"agent SwarmAgent #389",SwarmAgent,0.08,0,0.69,100,0,0,0,0,4,100,0,0,0,100,0,0,0,4,100,16,0,9,0,8,10,10
"agent SwarmAgent #390",SwarmAgent,0.1,0,0.69,100,0,0,0,0,4,100,4,0,0,100,0,0,0,2,100,23,0,11,1,10,10,10
"agent SwarmAgent #391",SwarmAgent,0.09,0,0.69,100,0,0,0,0,0,100,2,0,0,100,0,0,0,5,100,12,2,10,2,9,10,10
"agent SwarmAgent #392",SwarmAgent,0.3,0,0.69,100,0,1,0,2,4,100,11,0,0,100,0,0,0,9,100,29,6,18,3,30,10,10
"agent SwarmAgent #393",SwarmAgent,0.08,0,0.69,100,0,0,0,0,4,100,0,0,0,100,0,0,0,4,100,8,0,9,0,8,10,10
"agent SwarmAgent #394",SwarmAgent,0.1,0,0.69,100,0,0,0,0,4,100,4,0,0,100,0,0,0,2,100,11,0,11,1,10,10,10
"agent SwarmAgent #395",SwarmAgent,0.25,0,0.69,100,0,1,0,1,4,100,6,0,0,100,0,0,0,9,100,4,6,18,2,25,10,10
"agent SwarmAgent #396",SwarmAgent,0.14,0,0.69,100,0,0,0,1,0,100,7,0,0,100,0,0,0,5,100,15,2,10,3,14,10,10
"agent SwarmAgent #397",SwarmAgent,0.08,0,0.69,100,0,0,0,0,4,100,0,0,0,100,0,0,0,4,100,0,0,9,0,8,10,10
"agent SwarmAgent #398",SwarmAgent,0.1,0,0.69,100,0,0,0,0,4,100,4,0,0,100,0,0,0,2,100,0,0,11,1,10,10,10
"agent SwarmAgent #399",SwarmAgent,0.11,0,0.69,100,0,1,0,1,0,100,3,0,0,100,0,0,0,6,100,1,2,11,2,11,10,10
"agent SwarmAgent #400",SwarmAgent,0.14,0,0.69,100,0,0,0,1,0,100,7,0,0,100,0,0,0,5,100,0,2,10,3,14,10,10
