agentName,agentType,averageSpeed,cumulatedUtilityReceived,freeWallRatio,numBacktrackAgents,numCFPAnswered,numDeadends,numDifferentEncounters,numDirectionChanges,numDownSteps,numForwardAgents,numLeftSteps,numMessagesReceived,numMessagesSent,numNegotiatingAgents,numProposalsAccepted,numProposalsRejected,numRandomAgents,numRightSteps,numSwarmAgents,numTotalEncounters,numUpSteps,numVisitedCells,startingPosition,stepsToExit,xsize,ysize
"agent BacktrackAgent #1",BacktrackAgent,0.36,0,0.69,10,0,2,0,1,12,10,6,0,0,10,0,0,0,10,10,239,8,29,0,36,10,10
"agent BacktrackAgent #2",BacktrackAgent,0.31,0,0.69,10,0,3,0,2,8,10,10,0,0,10,0,0,0,8,10,197,5,23,1,31,10,10
"agent BacktrackAgent #3",BacktrackAgent,0.1,0,0.69,10,0,1,0,0,2,10,0,0,0,10,0,0,0,4,10,88,4,11,2,10,10,10
"agent BacktrackAgent #4",BacktrackAgent,0.08,0,0.69,10,0,1,0,0,0,10,4,0,0,10,0,0,0,2,10,28,2,9,3,8,10,10
"agent BacktrackAgent #5",BacktrackAgent,0.36,0,0.69,10,0,2,0,1,12,10,6,0,0,10,0,0,0,10,10,202,8,29,0,36,10,10
"agent BacktrackAgent #6",BacktrackAgent,0.45,0,0.69,10,0,3,0,2,13,10,12,0,0,10,0,0,0,10,10,95,10,30,1,45,10,10
"agent BacktrackAgent #7",BacktrackAgent,0.1,0,0.69,10,0,1,0,0,2,10,0,0,0,10,0,0,0,4,10,76,4,11,2,10,10,10
"agent BacktrackAgent #8",BacktrackAgent,0.36,0,0.69,10,0,3,0,2,8,10,10,0,0,10,0,0,0,8,10,169,10,23,3,36,10,10
"agent BacktrackAgent #9",BacktrackAgent,0.2,0,0.69,10,0,1,0,0,6,10,4,0,0,10,0,0,0,8,10,148,2,21,0,20,10,10
"agent BacktrackAgent #10",BacktrackAgent,0.15,0,0.69,10,0,2,0,1,6,10,4,0,0,10,0,0,0,2,10,62,3,15,1,15,10,10
"agent ForwardAgent #11",ForwardAgent,0.5,0,0.69,10,0,3,0,2,16,10,6,0,0,10,0,0,0,10,10,174,18,23,2,50,10,10
"agent ForwardAgent #12",ForwardAgent,0.2,0,0.69,10,0,2,0,1,6,10,4,0,0,10,0,0,0,2,10,113,8,15,3,20,10,10
"agent ForwardAgent #13",ForwardAgent,0.2,0,0.69,10,0,1,0,0,6,10,4,0,0,10,0,0,0,8,10,113,2,21,0,20,10,10
"agent ForwardAgent #14",ForwardAgent,0.31,0,0.69,10,0,3,0,2,8,10,10,0,0,10,0,0,0,8,10,132,5,23,1,31,10,10
"agent ForwardAgent #15",ForwardAgent,0.66,0,0.69,10,0,4,0,3,18,10,12,0,0,10,0,0,0,16,10,132,20,31,2,66,10,10
"agent ForwardAgent #16",ForwardAgent,0.08,0,0.69,10,0,1,0,0,0,10,4,0,0,10,0,0,0,2,10,18,2,9,3,8,10,10
"agent ForwardAgent #17",ForwardAgent,0.92,0,0.69,10,0,5,0,4,24,10,22,0,0,10,0,0,0,26,10,109,20,31,0,92,10,10
"agent ForwardAgent #18",ForwardAgent,0.55,0,0.69,10,0,4,0,3,20,10,10,0,0,10,0,0,0,8,10,56,17,23,1,55,10,10
"agent ForwardAgent #19",ForwardAgent,0.1,0,0.69,10,0,1,0,0,2,10,0,0,0,10,0,0,0,4,10,46,4,11,2,10,10,10
"agent ForwardAgent #20",ForwardAgent,0.24,0,0.69,10,0,2,0,1,6,10,6,0,0,10,0,0,0,4,10,23,8,17,3,24,10,10
"agent NegotiatingAgent #21",NegotiatingAgent,0.4,214,0.69,10,18,3,0,2,14,10,6,33,47,10,0,0,0,10,10,93,10,31,0,40,10,10
"agent NegotiatingAgent #22",NegotiatingAgent,0.31,150,0.69,10,17,3,0,2,8,10,10,27,38,10,0,1,0,8,10,67,5,23,1,31,10,10
"agent NegotiatingAgent #23",NegotiatingAgent,0.5,17,0.69,10,7,3,0,2,12,10,10,18,22,10,0,3,0,14,10,36,14,31,2,50,10,10
"agent NegotiatingAgent #24",NegotiatingAgent,0.24,0,0.69,10,1,2,0,1,6,10,6,4,4,10,0,1,0,4,10,12,8,17,3,24,10,10
"agent NegotiatingAgent #25",NegotiatingAgent,0.2,1,0.69,10,6,1,0,0,6,10,4,18,16,10,0,3,0,8,10,38,2,21,0,20,10,10
"agent NegotiatingAgent #26",NegotiatingAgent,0.47,327,0.69,10,17,4,0,3,14,10,12,49,48,10,3,4,0,10,10,68,11,31,1,47,10,10
"agent NegotiatingAgent #27",NegotiatingAgent,0.1,0,0.69,10,0,1,0,0,2,10,0,6,6,10,0,3,0,4,10,28,4,11,2,10,10,10
"agent NegotiatingAgent #28",NegotiatingAgent,0.52,4,0.69,10,5,4,0,3,14,10,12,49,47,10,9,6,0,10,10,51,16,31,3,52,10,10
"agent NegotiatingAgent #29",NegotiatingAgent,0.2,0,0.69,10,0,1,0,0,6,10,4,17,11,10,0,7,0,8,10,52,2,21,0,20,10,10
"agent NegotiatingAgent #30",NegotiatingAgent,0.47,0,0.69,10,0,4,0,3,14,10,12,50,42,10,11,10,0,10,10,69,11,31,1,47,10,10
"agent SwarmAgent #31",SwarmAgent,0.1,0,0.69,10,0,1,0,0,2,10,0,0,0,10,0,0,0,4,10,18,4,11,2,10,10,10
"agent SwarmAgent #32",SwarmAgent,0.52,0,0.69,10,0,4,0,3,14,10,12,0,0,10,0,0,0,10,10,51,16,31,3,52,10,10
"agent SwarmAgent #33",SwarmAgent,0.2,0,0.69,10,0,1,0,0,6,10,4,0,0,10,0,0,0,8,10,29,2,21,0,20,10,10
"agent SwarmAgent #34",SwarmAgent,0.13,0,0.69,10,0,1,0,0,5,10,4,0,0,10,0,0,0,2,10,6,2,14,1,13,10,10
"agent SwarmAgent #35",SwarmAgent,0.3,0,0.69,10,0,1,0,1,8,10,4,0,0,10,0,0,0,8,10,43,10,21,2,30,10,10
"agent SwarmAgent #36",SwarmAgent,0.36,0,0.69,10,0,3,0,2,8,10,10,0,0,10,0,0,0,8,10,10,10,23,3,36,10,10
"agent SwarmAgent #37",SwarmAgent,0.2,0,0.69,10,0,1,0,0,6,10,4,0,0,10,0,0,0,8,10,5,2,21,0,20,10,10
"agent SwarmAgent #38",SwarmAgent,0.45,0,0.69,10,0,3,0,2,13,10,12,0,0,10,0,0,0,10,10,3,10,30,1,45,10,10
"agent SwarmAgent #39",SwarmAgent,0.3,0,0.69,10,0,1,0,1,8,10,4,0,0,10,0,0,0,8,10,0,10,21,2,30,10,10
"agent SwarmAgent #40",SwarmAgent,0.48,0,0.69,10,0,3,0,2,12,10,12,0,0,10,0,0,0,10,10,0,14,29,3,48,10,10
