agentName,agentType,averageSpeed,cumulatedUtilityReceived,freeWallRatio,numBacktrackAgents,numCFPAnswered,numDeadends,numDifferentEncounters,numDirectionChanges,numDownSteps,numForwardAgents,numLeftSteps,numMessagesReceived,numMessagesSent,numNegotiatingAgents,numProposalsAccepted,numProposalsRejected,numRandomAgents,numRightSteps,numSwarmAgents,numTotalEncounters,numUpSteps,numVisitedCells,startingPosition,stepsToExit,xsize,ysize
"agent BacktrackAgent #1",BacktrackAgent,0.16,0,0.69,25,0,0,0,0,6,25,2,0,0,25,0,0,25,6,50,450,2,17,0,16,10,10
"agent BacktrackAgent #2",BacktrackAgent,0.27,0,0.69,25,0,1,0,1,8,25,8,0,0,25,0,0,25,6,50,377,5,17,1,27,10,10
"agent BacktrackAgent #3",BacktrackAgent,0.23,0,0.69,25,0,2,0,2,4,25,5,0,0,25,0,0,25,8,50,312,6,15,2,23,10,10
"agent BacktrackAgent #4",BacktrackAgent,0.2,0,0.69,25,0,1,0,1,2,25,8,0,0,25,0,0,25,6,50,299,4,13,3,20,10,10
"agent BacktrackAgent #5",BacktrackAgent,0.16,0,0.69,25,0,0,0,0,6,25,2,0,0,25,0,0,25,6,50,401,2,17,0,16,10,10
"agent BacktrackAgent #6",BacktrackAgent,0.27,0,0.69,25,0,1,0,1,8,25,8,0,0,25,0,0,25,6,50,349,5,17,1,27,10,10
"agent BacktrackAgent #7",BacktrackAgent,0.05,0,0.69,25,0,0,0,0,0,25,0,0,0,25,0,0,25,3,50,113,2,6,2,5,10,10
"agent BacktrackAgent #8",BacktrackAgent,0.2,0,0.69,25,0,1,0,1,2,25,8,0,0,25,0,0,25,6,50,278,4,13,3,20,10,10
"agent BacktrackAgent #9",BacktrackAgent,0.16,0,0.69,25,0,0,0,0,6,25,2,0,0,25,0,0,25,6,50,384,2,17,0,16,10,10
"agent BacktrackAgent #10",BacktrackAgent,0.05,0,0.69,25,0,0,0,0,3,25,2,0,0,25,0,0,25,0,50,126,0,6,1,5,10,10
"agent BacktrackAgent #11",BacktrackAgent,0.13,0,0.69,25,0,1,0,1,2,25,2,0,0,25,0,0,25,5,50,170,4,10,2,13,10,10
"agent BacktrackAgent #12",BacktrackAgent,0.08,0,0.69,25,0,1,0,1,2,25,2,0,0,25,0,0,25,0,50,143,4,7,3,8,10,10
"agent BacktrackAgent #13",BacktrackAgent,0.16,0,0.69,25,0,0,0,0,6,25,2,0,0,25,0,0,25,6,50,482,2,17,0,16,10,10
"agent BacktrackAgent #14",BacktrackAgent,0.05,0,0.69,25,0,0,0,0,3,25,2,0,0,25,0,0,25,0,50,121,0,6,1,5,10,10
"agent BacktrackAgent #15",BacktrackAgent,0.15,0,0.69,25,0,1,0,1,2,25,3,0,0,25,0,0,25,6,50,297,4,11,2,15,10,10
"agent BacktrackAgent #16",BacktrackAgent,0.24,0,0.69,25,0,2,0,2,4,25,8,0,0,25,0,0,25,6,50,297,6,15,3,24,10,10
"agent BacktrackAgent #17",BacktrackAgent,0.16,0,0.69,25,0,0,0,0,6,25,2,0,0,25,0,0,25,6,50,466,2,17,0,16,10,10
"agent BacktrackAgent #18",BacktrackAgent,0.27,0,0.69,25,0,1,0,1,8,25,8,0,0,25,0,0,25,6,50,409,5,17,1,27,10,10
"agent BacktrackAgent #19",BacktrackAgent,0.05,0,0.69,25,0,0,0,0,0,25,0,0,0,25,0,0,25,3,50,124,2,6,2,5,10,10
"agent BacktrackAgent #20",BacktrackAgent,0.04,0,0.69,25,0,0,0,0,0,25,2,0,0,25,0,0,25,0,50,77,2,5,3,4,10,10
"agent BacktrackAgent #21",BacktrackAgent,0.16,0,0.69,25,0,0,0,0,6,25,2,0,0,25,0,0,25,6,50,434,2,17,0,16,10,10
"agent BacktrackAgent #22",BacktrackAgent,0.05,0,0.69,25,0,0,0,0,3,25,2,0,0,25,0,0,25,0,50,114,0,6,1,5,10,10
"agent BacktrackAgent #23",BacktrackAgent,0.15,0,0.69,25,0,1,0,1,2,25,3,0,0,25,0,0,25,6,50,279,4,11,2,15,10,10
"agent BacktrackAgent #24",BacktrackAgent,0.08,0,0.69,25,0,1,0,1,2,25,2,0,0,25,0,0,25,0,50,127,4,7,3,8,10,10
"agent BacktrackAgent #25",BacktrackAgent,0.16,0,0.69,25,0,0,0,0,6,25,2,0,0,25,0,0,25,6,50,418,2,17,0,16,10,10
"agent ForwardAgent #26",ForwardAgent,0.05,0,0.69,25,0,0,0,0,3,25,2,0,0,25,0,0,25,0,50,109,0,6,1,5,10,10
"agent ForwardAgent #27",ForwardAgent,0.29,0,0.69,25,0,2,0,2,4,25,8,0,0,25,0,0,25,11,50,276,6,15,2,29,10,10
"agent ForwardAgent #28",ForwardAgent,0.04,0,0.69,25,0,0,0,0,0,25,2,0,0,25,0,0,25,0,50,65,2,5,3,4,10,10
"agent ForwardAgent #29",ForwardAgent,0.16,0,0.69,25,0,0,0,0,6,25,2,0,0,25,0,0,25,6,50,368,2,17,0,16,10,10
"agent ForwardAgent #30",ForwardAgent,0.27,0,0.69,25,0,1,0,1,8,25,8,0,0,25,0,0,25,6,50,319,5,17,1,27,10,10
"agent ForwardAgent #31",ForwardAgent,0.47,0,0.69,25,0,4,0,4,8,25,13,0,0,25,0,0,25,16,50,406,10,15,2,47,10,10
"agent ForwardAgent #32",ForwardAgent,0.24,0,0.69,25,0,2,0,2,4,25,8,0,0,25,0,0,25,6,50,253,6,15,3,24,10,10
"agent ForwardAgent #33",ForwardAgent,0.16,0,0.69,25,0,0,0,0,6,25,2,0,0,25,0,0,25,6,50,351,2,17,0,16,10,10
"agent ForwardAgent #34",ForwardAgent,0.05,0,0.69,25,0,0,0,0,3,25,2,0,0,25,0,0,25,0,50,103,0,6,1,5,10,10
"agent ForwardAgent #35",ForwardAgent,0.05,0,0.69,25,0,0,0,0,0,25,0,0,0,25,0,0,25,3,50,98,2,6,2,5,10,10
"agent ForwardAgent #36",ForwardAgent,0.28,0,0.69,25,0,2,0,2,4,25,10,0,0,25,0,0,25,8,50,257,6,15,3,28,10,10
"agent ForwardAgent #37",ForwardAgent,0.16,0,0.69,25,0,0,0,0,6,25,2,0,0,25,0,0,25,6,50,335,2,17,0,16,10,10
"agent ForwardAgent #38",ForwardAgent,0.05,0,0.69,25,0,0,0,0,3,25,2,0,0,25,0,0,25,0,50,97,0,6,1,5,10,10
"agent ForwardAgent #39",ForwardAgent,0.77,0,0.69,25,0,6,0,6,12,25,24,0,0,25,0,0,25,27,50,329,14,15,2,77,10,10
"agent ForwardAgent #40",ForwardAgent,0.04,0,0.69,25,0,0,0,0,0,25,2,0,0,25,0,0,25,0,50,57,2,5,3,4,10,10
"agent ForwardAgent #41",ForwardAgent,0.16,0,0.69,25,0,0,0,0,6,25,2,0,0,25,0,0,25,6,50,319,2,17,0,16,10,10
"agent ForwardAgent #42",ForwardAgent,0.27,0,0.69,25,0,1,0,1,8,25,8,0,0,25,0,0,25,6,50,287,5,17,1,27,10,10
"agent ForwardAgent #43",ForwardAgent,0.47,0,0.69,25,0,4,0,4,8,25,13,0,0,25,0,0,25,16,50,347,10,15,2,47,10,10
"agent ForwardAgent #44",ForwardAgent,0.08,0,0.69,25,0,1,0,1,2,25,2,0,0,25,0,0,25,0,50,107,4,7,3,8,10,10
"agent ForwardAgent #45",ForwardAgent,0.16,0,0.69,25,0,0,0,0,6,25,2,0,0,25,0,0,25,6,50,302,2,17,0,16,10,10
"agent ForwardAgent #46",ForwardAgent,0.27,0,0.69,25,0,1,0,1,8,25,8,0,0,25,0,0,25,6,50,259,5,17,1,27,10,10
"agent ForwardAgent #47",ForwardAgent,0.39,0,0.69,25,0,3,0,3,6,25,11,0,0,25,0,0,25,14,50,303,8,15,2,39,10,10
"agent ForwardAgent #48",ForwardAgent,0.72,0,0.69,25,0,6,0,6,12,25,24,0,0,25,0,0,25,22,50,317,14,15,3,72,10,10
"agent ForwardAgent #49",ForwardAgent,0.16,0,0.69,25,0,0,0,0,6,25,2,0,0,25,0,0,25,6,50,285,2,17,0,16,10,10
"agent ForwardAgent #50",ForwardAgent,0.27,0,0.69,25,0,1,0,1,8,25,8,0,0,25,0,0,25,6,50,231,5,17,1,27,10,10
"agent RandomAgent #51",RandomAgent,0.95,0,0.69,25,0,1,0,48,9,25,36,0,0,25,0,0,25,39,50,302,11,13,2,95,10,10
"agent RandomAgent #52",RandomAgent,0.22,0,0.69,25,0,1,0,7,3,25,8,0,0,25,0,0,25,6,50,130,5,8,3,22,10,10
"agent RandomAgent #53",RandomAgent,1.14,0,0.69,25,0,9,0,56,35,25,22,0,0,25,0,0,25,26,50,295,31,17,0,114,10,10
"agent RandomAgent #54",RandomAgent,0.29,0,0.69,25,0,0,0,10,7,25,10,0,0,25,0,0,25,8,50,125,4,11,1,29,10,10
"agent RandomAgent #55",RandomAgent,3.11,0,0.69,25,0,42,0,181,78,25,75,0,0,25,0,0,25,78,50,248,80,15,2,311,10,10
"agent RandomAgent #56",RandomAgent,0.22,0,0.69,25,0,0,0,11,1,25,10,0,0,25,0,0,25,8,50,155,3,7,3,22,10,10
"agent RandomAgent #57",RandomAgent,3.06,0,0.69,25,0,17,0,166,79,25,74,0,0,25,0,0,25,78,50,417,75,17,0,306,10,10
"agent RandomAgent #58",RandomAgent,0.13,0,0.69,25,0,0,0,6,4,25,5,0,0,25,0,0,25,3,50,66,1,6,1,13,10,10
"agent RandomAgent #59",RandomAgent,0.05,0,0.69,25,0,0,0,0,0,25,0,0,0,25,0,0,25,3,50,58,2,6,2,5,10,10
"agent RandomAgent #60",RandomAgent,0.86,0,0.69,25,0,17,0,47,10,25,33,0,0,25,0,0,25,31,50,213,12,15,3,86,10,10
"agent RandomAgent #61",RandomAgent,1.68,0,0.69,25,0,3,0,78,34,25,50,0,0,25,0,0,25,54,50,326,30,17,0,168,10,10
"agent RandomAgent #62",RandomAgent,9.11,0,0.69,25,0,44,0,489,221,25,237,0,0,25,0,0,25,235,50,252,218,17,1,911,10,10
"agent RandomAgent #63",RandomAgent,0.63,0,0.69,25,0,1,0,36,9,25,20,0,0,25,0,0,25,23,50,107,11,11,2,63,10,10
"agent RandomAgent #64",RandomAgent,0.48,0,0.69,25,0,2,0,25,5,25,19,0,0,25,0,0,25,17,50,169,7,13,3,48,10,10
"agent RandomAgent #65",RandomAgent,2.62,0,0.69,25,0,13,0,136,63,25,68,0,0,25,0,0,25,72,50,261,59,17,0,262,10,10
"agent RandomAgent #66",RandomAgent,0.11,0,0.69,25,0,0,0,6,5,25,3,0,0,25,0,0,25,1,50,45,2,6,1,11,10,10
"agent RandomAgent #67",RandomAgent,1.57,0,0.69,25,0,15,0,73,30,25,46,0,0,25,0,0,25,49,50,189,32,15,2,157,10,10
"agent RandomAgent #68",RandomAgent,1.32,0,0.69,25,0,4,0,66,22,25,44,0,0,25,0,0,25,42,50,141,24,15,3,132,10,10
"agent RandomAgent #69",RandomAgent,4.34,0,0.69,25,0,30,0,234,119,25,98,0,0,25,0,0,25,102,50,128,115,17,0,434,10,10
"agent RandomAgent #70",RandomAgent,0.05,0,0.69,25,0,0,0,0,3,25,2,0,0,25,0,0,25,0,50,52,0,6,1,5,10,10
"agent RandomAgent #71",RandomAgent,1.01,0,0.69,25,0,5,0,50,10,25,38,0,0,25,0,0,25,41,50,142,12,12,2,101,10,10
"agent RandomAgent #72",RandomAgent,0.66,0,0.69,25,0,7,0,26,13,25,20,0,0,25,0,0,25,18,50,99,15,15,3,66,10,10
"agent RandomAgent #73",RandomAgent,1.32,0,0.69,25,0,11,0,72,40,25,26,0,0,25,0,0,25,30,50,87,36,17,0,132,10,10
"agent RandomAgent #74",RandomAgent,1.37,0,0.69,25,0,1,0,74,27,25,44,0,0,25,0,0,25,42,50,67,24,17,1,137,10,10
"agent RandomAgent #75",RandomAgent,0.69,0,0.69,25,0,6,0,34,12,25,20,0,0,25,0,0,25,23,50,87,14,13,2,69,10,10
"agent NegotiatingAgent #76",NegotiatingAgent,0.04,0,0.69,25,0,0,0,0,0,25,2,1,2,25,0,0,25,0,50,47,2,5,3,4,10,10
"agent NegotiatingAgent #77",NegotiatingAgent,0.16,0,0.69,25,7,0,0,0,6,25,2,12,19,25,0,0,25,6,50,83,2,17,0,16,10,10
"agent NegotiatingAgent #78",NegotiatingAgent,0.05,0,0.69,25,3,0,0,0,3,25,2,5,8,25,0,0,25,0,50,53,0,6,1,5,10,10
"agent NegotiatingAgent #79",NegotiatingAgent,0.05,0,0.69,25,1,0,0,0,0,25,0,3,4,25,0,0,25,3,50,54,2,6,2,5,10,10
"agent NegotiatingAgent #80",NegotiatingAgent,0.2,23,0.69,25,9,1,0,1,2,25,8,21,26,25,0,1,25,6,50,155,4,13,3,20,10,10
"agent NegotiatingAgent #81",NegotiatingAgent,0.16,0,0.69,25,3,0,0,0,6,25,2,13,15,25,0,3,25,6,50,124,2,17,0,16,10,10
"agent NegotiatingAgent #82",NegotiatingAgent,0.05,0,0.69,25,3,0,0,0,3,25,2,6,8,25,0,0,25,0,50,61,0,6,1,5,10,10
"agent NegotiatingAgent #83",NegotiatingAgent,0.23,5,0.69,25,7,2,0,2,4,25,5,25,28,25,2,4,25,8,50,117,6,15,2,23,10,10
"agent NegotiatingAgent #84",NegotiatingAgent,0.04,0,0.69,25,0,0,0,0,0,25,2,2,2,25,0,0,25,0,50,40,2,5,3,4,10,10
"agent NegotiatingAgent #85",NegotiatingAgent,0.16,0,0.69,25,6,0,0,0,6,25,2,17,18,25,0,0,25,6,50,209,2,17,0,16,10,10
"agent NegotiatingAgent #86",NegotiatingAgent,0.05,0,0.69,25,1,0,0,0,3,25,2,3,4,25,0,0,25,0,50,74,0,6,1,5,10,10
"agent NegotiatingAgent #87",NegotiatingAgent,0.13,2,0.69,25,1,1,0,1,2,25,2,6,11,25,0,1,25,5,50,98,4,10,2,13,10,10
"agent NegotiatingAgent #88",NegotiatingAgent,0.08,2,0.69,25,3,1,0,1,2,25,2,6,9,25,0,0,25,0,50,54,4,7,3,8,10,10
"agent NegotiatingAgent #89",NegotiatingAgent,0.16,0,0.69,25,2,0,0,0,6,25,2,15,16,25,0,2,25,6,50,219,2,17,0,16,10,10
"agent NegotiatingAgent #90",NegotiatingAgent,0.05,0,0.69,25,0,0,0,0,3,25,2,4,3,25,0,1,25,0,50,69,0,6,1,5,10,10
"agent NegotiatingAgent #91",NegotiatingAgent,0.15,0,0.69,25,3,1,0,1,2,25,3,17,16,25,1,3,25,6,50,115,4,11,2,15,10,10
"agent NegotiatingAgent #92",NegotiatingAgent,0.08,2,0.69,25,2,1,0,1,2,25,2,6,8,25,0,1,25,0,50,68,4,7,3,8,10,10
"agent NegotiatingAgent #93",NegotiatingAgent,0.16,0,0.69,25,2,0,0,0,6,25,2,17,14,25,0,3,25,6,50,204,2,17,0,16,10,10
"agent NegotiatingAgent #94",NegotiatingAgent,0.05,0,0.69,25,0,0,0,0,3,25,2,4,4,25,0,0,25,0,50,64,0,6,1,5,10,10
"agent NegotiatingAgent #95",NegotiatingAgent,0.15,0,0.69,25,2,1,0,1,2,25,3,10,12,25,0,2,25,6,50,163,4,11,2,15,10,10
"agent NegotiatingAgent #96",NegotiatingAgent,0.24,0,0.69,25,0,2,0,2,4,25,8,27,25,25,6,2,25,6,50,134,6,15,3,24,10,10
"agent NegotiatingAgent #97",NegotiatingAgent,0.16,0,0.69,25,0,0,0,0,6,25,2,13,10,25,0,4,25,6,50,229,2,17,0,16,10,10
"agent NegotiatingAgent #98",NegotiatingAgent,0.05,0,0.69,25,0,0,0,0,3,25,2,4,4,25,0,0,25,0,50,59,0,6,1,5,10,10
"agent NegotiatingAgent #99",NegotiatingAgent,0.23,0,0.69,25,0,2,0,2,4,25,5,18,16,25,2,6,25,8,50,162,6,15,2,23,10,10
"agent NegotiatingAgent #100",NegotiatingAgent,0.2,33,0.69,25,11,1,0,1,2,25,8,18,27,25,0,0,25,6,50,129,4,13,3,20,10,10
"agent SwarmAgent #101",SwarmAgent,0.16,0,0.69,25,0,0,0,0,6,25,2,0,0,25,0,0,25,6,50,197,2,17,0,16,10,10
"agent SwarmAgent #102",SwarmAgent,0.27,0,0.69,25,0,1,0,1,8,25,8,0,0,25,0,0,25,6,50,128,5,17,1,27,10,10
"agent SwarmAgent #103",SwarmAgent,0.05,0,0.69,25,0,0,0,0,0,25,0,0,0,25,0,0,25,3,50,44,2,6,2,5,10,10
"agent SwarmAgent #104",SwarmAgent,0.2,0,0.69,25,0,1,0,1,2,25,8,0,0,25,0,0,25,6,50,114,4,13,3,20,10,10
"agent SwarmAgent #105",SwarmAgent,0.16,0,0.69,25,0,0,0,0,6,25,2,0,0,25,0,0,25,6,50,180,2,17,0,16,10,10
"agent SwarmAgent #106",SwarmAgent,0.27,0,0.69,25,0,1,0,1,8,25,8,0,0,25,0,0,25,6,50,100,5,17,1,27,10,10
"agent SwarmAgent #107",SwarmAgent,0.05,0,0.69,25,0,0,0,0,0,25,0,0,0,25,0,0,25,3,50,38,2,6,2,5,10,10
"agent SwarmAgent #108",SwarmAgent,0.2,0,0.69,25,0,1,0,1,2,25,8,0,0,25,0,0,25,6,50,93,4,13,3,20,10,10
"agent SwarmAgent #109",SwarmAgent,0.16,0,0.69,25,0,0,0,0,6,25,2,0,0,25,0,0,25,6,50,163,2,17,0,16,10,10
"agent SwarmAgent #110",SwarmAgent,0.05,0,0.69,25,0,0,0,0,3,25,2,0,0,25,0,0,25,0,50,41,0,6,1,5,10,10
"agent SwarmAgent #111",SwarmAgent,0.05,0,0.69,25,0,0,0,0,0,25,0,0,0,25,0,0,25,3,50,31,2,6,2,5,10,10
"agent SwarmAgent #112",SwarmAgent,0.04,0,0.69,25,0,0,0,0,0,25,2,0,0,25,0,0,25,0,50,18,2,5,3,4,10,10
"agent SwarmAgent #113",SwarmAgent,0.16,0,0.69,25,0,0,0,0,6,25,2,0,0,25,0,0,25,6,50,147,2,17,0,16,10,10
"agent SwarmAgent #114",SwarmAgent,0.05,0,0.69,25,0,0,0,0,3,25,2,0,0,25,0,0,25,0,50,35,0,6,1,5,10,10
"agent SwarmAgent #115",SwarmAgent,0.19,0,0.69,25,0,1,0,2,2,25,5,0,0,25,0,0,25,8,50,106,4,13,2,19,10,10
"agent SwarmAgent #116",SwarmAgent,0.08,0,0.69,25,0,1,0,1,2,25,2,0,0,25,0,0,25,0,50,34,4,7,3,8,10,10
"agent SwarmAgent #117",SwarmAgent,0.16,0,0.69,25,0,0,0,0,6,25,2,0,0,25,0,0,25,6,50,131,2,17,0,16,10,10
"agent SwarmAgent #118",SwarmAgent,0.27,0,0.69,25,0,1,0,1,8,25,8,0,0,25,0,0,25,6,50,68,5,17,1,27,10,10
"agent SwarmAgent #119",SwarmAgent,0.19,0,0.69,25,0,1,0,2,2,25,5,0,0,25,0,0,25,8,50,87,4,13,2,19,10,10
"agent SwarmAgent #120",SwarmAgent,0.24,0,0.69,25,0,2,0,2,4,25,8,0,0,25,0,0,25,6,50,53,6,15,3,24,10,10
"agent SwarmAgent #121",SwarmAgent,0.16,0,0.69,25,0,0,0,0,6,25,2,0,0,25,0,0,25,6,50,114,2,17,0,16,10,10
"agent SwarmAgent #122",SwarmAgent,0.27,0,0.69,25,0,1,0,1,8,25,8,0,0,25,0,0,25,6,50,40,5,17,1,27,10,10
"agent SwarmAgent #123",SwarmAgent,0.05,0,0.69,25,0,0,0,0,0,25,0,0,0,25,0,0,25,3,50,21,2,6,2,5,10,10
"agent SwarmAgent #124",SwarmAgent,0.2,0,0.69,25,0,1,0,1,2,25,8,0,0,25,0,0,25,6,50,58,4,13,3,20,10,10
"agent SwarmAgent #125",SwarmAgent,0.16,0,0.69,25,0,0,0,0,6,25,2,0,0,25,0,0,25,6,50,97,2,17,0,16,10,10
"agent SwarmAgent #126",SwarmAgent,0.27,0,0.69,25,0,1,0,1,8,25,8,0,0,25,0,0,25,6,50,12,5,17,1,27,10,10
"agent SwarmAgent #127",SwarmAgent,0.19,0,0.69,25,0,1,0,2,2,25,5,0,0,25,0,0,25,8,50,65,4,13,2,19,10,10
"agent SwarmAgent #128",SwarmAgent,0.2,0,0.69,25,0,1,0,1,2,25,8,0,0,25,0,0,25,6,50,35,4,13,3,20,10,10
"agent SwarmAgent #129",SwarmAgent,0.16,0,0.69,25,0,0,0,0,6,25,2,0,0,25,0,0,25,6,50,80,2,17,0,16,10,10
"agent SwarmAgent #130",SwarmAgent,0.05,0,0.69,25,0,0,0,0,3,25,2,0,0,25,0,0,25,0,50,26,0,6,1,5,10,10
"agent SwarmAgent #131",SwarmAgent,0.19,0,0.69,25,0,1,0,2,2,25,5,0,0,25,0,0,25,8,50,45,4,13,2,19,10,10
"agent SwarmAgent #132",SwarmAgent,0.24,0,0.69,25,0,2,0,2,4,25,8,0,0,25,0,0,25,6,50,21,6,15,3,24,10,10
"agent SwarmAgent #133",SwarmAgent,0.16,0,0.69,25,0,0,0,0,6,25,2,0,0,25,0,0,25,6,50,64,2,17,0,16,10,10
"agent SwarmAgent #134",SwarmAgent,0.05,0,0.69,25,0,0,0,0,3,25,2,0,0,25,0,0,25,0,50,21,0,6,1,5,10,10
"agent SwarmAgent #135",SwarmAgent,0.15,0,0.69,25,0,1,0,1,2,25,3,0,0,25,0,0,25,6,50,32,4,11,2,15,10,10
"agent SwarmAgent #136",SwarmAgent,0.04,0,0.69,25,0,0,0,0,0,25,2,0,0,25,0,0,25,0,50,5,2,5,3,4,10,10
"agent SwarmAgent #137",SwarmAgent,0.16,0,0.69,25,0,0,0,0,6,25,2,0,0,25,0,0,25,6,50,48,2,17,0,16,10,10
"agent SwarmAgent #138",SwarmAgent,0.05,0,0.69,25,0,0,0,0,3,25,2,0,0,25,0,0,25,0,50,16,0,6,1,5,10,10
"agent SwarmAgent #139",SwarmAgent,0.15,0,0.69,25,0,1,0,1,2,25,3,0,0,25,0,0,25,6,50,17,4,11,2,15,10,10
"agent SwarmAgent #140",SwarmAgent,0.2,0,0.69,25,0,1,0,1,2,25,8,0,0,25,0,0,25,6,50,4,4,13,3,20,10,10
"agent SwarmAgent #141",SwarmAgent,0.16,0,0.69,25,0,0,0,0,6,25,2,0,0,25,0,0,25,6,50,32,2,17,0,16,10,10
"agent SwarmAgent #142",SwarmAgent,0.05,0,0.69,25,0,0,0,0,3,25,2,0,0,25,0,0,25,0,50,11,0,6,1,5,10,10
"agent SwarmAgent #143",SwarmAgent,0.05,0,0.69,25,0,0,0,0,0,25,0,0,0,25,0,0,25,3,50,3,2,6,2,5,10,10
"agent SwarmAgent #144",SwarmAgent,0.08,0,0.69,25,0,1,0,1,2,25,2,0,0,25,0,0,25,0,50,8,4,7,3,8,10,10
"agent SwarmAgent #145",SwarmAgent,0.16,0,0.69,25,0,0,0,0,6,25,2,0,0,25,0,0,25,6,50,16,2,17,0,16,10,10
"agent SwarmAgent #146",SwarmAgent,0.05,0,0.69,25,0,0,0,0,3,25,2,0,0,25,0,0,25,0,50,5,0,6,1,5,10,10
"agent SwarmAgent #147",SwarmAgent,0.15,0,0.69,25,0,1,0,1,2,25,3,0,0,25,0,0,25,6,50,0,4,11,2,15,10,10
"agent SwarmAgent #148",SwarmAgent,0.08,0,0.69,25,0,1,0,1,2,25,2,0,0,25,0,0,25,0,50,0,4,7,3,8,10,10
"agent SwarmAgent #149",SwarmAgent,0.16,0,0.69,25,0,0,0,0,6,25,2,0,0,25,0,0,25,6,50,0,2,17,0,16,10,10
"agent SwarmAgent #150",SwarmAgent,0.05,0,0.69,25,0,0,0,0,3,25,2,0,0,25,0,0,25,0,50,0,0,6,1,5,10,10
