agentName,agentType,averageSpeed,cumulatedUtilityReceived,freeWallRatio,numBacktrackAgents,numCFPAnswered,numDeadends,numDifferentEncounters,numDirectionChanges,numDownSteps,numForwardAgents,numLeftSteps,numMessagesReceived,numMessagesSent,numNegotiatingAgents,numProposalsAccepted,numProposalsRejected,numRandomAgents,numRightSteps,numSwarmAgents,numTotalEncounters,numUpSteps,numVisitedCells,startingPosition,stepsToExit,xsize,ysize
"agent BacktrackAgent #1",BacktrackAgent,0.16,0,0.69,25,0,0,0,0,6,25,2,0,0,50,0,0,25,6,25,451,2,17,0,16,10,10
"agent BacktrackAgent #2",BacktrackAgent,0.14,0,0.69,25,0,0,0,0,6,25,4,0,0,50,0,0,25,2,25,395,2,15,1,14,10,10
"agent BacktrackAgent #3",BacktrackAgent,0.05,0,0.69,25,0,0,0,0,0,25,0,0,0,50,0,0,25,3,25,86,2,6,2,5,10,10
"agent BacktrackAgent #4",BacktrackAgent,0.04,0,0.69,25,0,0,0,0,0,25,2,0,0,50,0,0,25,0,25,67,2,5,3,4,10,10
"agent BacktrackAgent #5",BacktrackAgent,0.16,0,0.69,25,0,0,0,0,6,25,2,0,0,50,0,0,25,6,25,403,2,17,0,16,10,10
"agent BacktrackAgent #6",BacktrackAgent,0.14,0,0.69,25,0,0,0,0,6,25,4,0,0,50,0,0,25,2,25,381,2,15,1,14,10,10
"agent BacktrackAgent #7",BacktrackAgent,0.05,0,0.69,25,0,0,0,0,0,25,0,0,0,50,0,0,25,3,25,81,2,6,2,5,10,10
"agent BacktrackAgent #8",BacktrackAgent,0.04,0,0.69,25,0,0,0,0,0,25,2,0,0,50,0,0,25,0,25,63,2,5,3,4,10,10
"agent BacktrackAgent #9",BacktrackAgent,0.16,0,0.69,25,0,0,0,0,6,25,2,0,0,50,0,0,25,6,25,387,2,17,0,16,10,10
"agent BacktrackAgent #10",BacktrackAgent,0.14,0,0.69,25,0,0,0,0,6,25,4,0,0,50,0,0,25,2,25,455,2,15,1,14,10,10
"agent BacktrackAgent #11",BacktrackAgent,0.05,0,0.69,25,0,0,0,0,0,25,0,0,0,50,0,0,25,3,25,96,2,6,2,5,10,10
"agent BacktrackAgent #12",BacktrackAgent,0.04,0,0.69,25,0,0,0,0,0,25,2,0,0,50,0,0,25,0,25,74,2,5,3,4,10,10
"agent BacktrackAgent #13",BacktrackAgent,0.16,0,0.69,25,0,0,0,0,6,25,2,0,0,50,0,0,25,6,25,482,2,17,0,16,10,10
"agent BacktrackAgent #14",BacktrackAgent,0.14,0,0.69,25,0,0,0,0,6,25,4,0,0,50,0,0,25,2,25,441,2,15,1,14,10,10
"agent BacktrackAgent #15",BacktrackAgent,0.27,0,0.69,25,0,1,0,1,6,25,5,0,0,50,0,0,25,8,25,388,8,17,2,27,10,10
"agent BacktrackAgent #16",BacktrackAgent,0.24,0,0.69,25,0,1,0,1,6,25,6,0,0,50,0,0,25,4,25,487,8,15,3,24,10,10
"agent BacktrackAgent #17",BacktrackAgent,0.16,0,0.69,25,0,0,0,0,6,25,2,0,0,50,0,0,25,6,25,465,2,17,0,16,10,10
"agent BacktrackAgent #18",BacktrackAgent,0.14,0,0.69,25,0,0,0,0,6,25,4,0,0,50,0,0,25,2,25,425,2,15,1,14,10,10
"agent BacktrackAgent #19",BacktrackAgent,0.27,0,0.69,25,0,1,0,1,6,25,5,0,0,50,0,0,25,8,25,360,8,17,2,27,10,10
"agent BacktrackAgent #20",BacktrackAgent,0.24,0,0.69,25,0,1,0,1,6,25,6,0,0,50,0,0,25,4,25,461,8,15,3,24,10,10
"agent BacktrackAgent #21",BacktrackAgent,0.16,0,0.69,25,0,0,0,0,6,25,2,0,0,50,0,0,25,6,25,433,2,17,0,16,10,10
"agent BacktrackAgent #22",BacktrackAgent,0.14,0,0.69,25,0,0,0,0,6,25,4,0,0,50,0,0,25,2,25,409,2,15,1,14,10,10
"agent BacktrackAgent #23",BacktrackAgent,0.05,0,0.69,25,0,0,0,0,0,25,0,0,0,50,0,0,25,3,25,89,2,6,2,5,10,10
"agent BacktrackAgent #24",BacktrackAgent,0.24,0,0.69,25,0,1,0,1,6,25,6,0,0,50,0,0,25,4,25,435,8,15,3,24,10,10
"agent BacktrackAgent #25",BacktrackAgent,0.16,0,0.69,25,0,0,0,0,6,25,2,0,0,50,0,0,25,6,25,417,2,17,0,16,10,10
"agent ForwardAgent #26",ForwardAgent,0.14,0,0.69,25,0,0,0,0,6,25,4,0,0,50,0,0,25,2,25,367,2,15,1,14,10,10
"agent ForwardAgent #27",ForwardAgent,0.27,0,0.69,25,0,1,0,1,6,25,5,0,0,50,0,0,25,8,25,324,8,17,2,27,10,10
"agent ForwardAgent #28",ForwardAgent,0.04,0,0.69,25,0,0,0,0,0,25,2,0,0,50,0,0,25,0,25,59,2,5,3,4,10,10
"agent ForwardAgent #29",ForwardAgent,0.16,0,0.69,25,0,0,0,0,6,25,2,0,0,50,0,0,25,6,25,370,2,17,0,16,10,10
"agent ForwardAgent #30",ForwardAgent,0.14,0,0.69,25,0,0,0,0,6,25,4,0,0,50,0,0,25,2,25,353,2,15,1,14,10,10
"agent ForwardAgent #31",ForwardAgent,0.05,0,0.69,25,0,0,0,0,0,25,0,0,0,50,0,0,25,3,25,75,2,6,2,5,10,10
"agent ForwardAgent #32",ForwardAgent,0.04,0,0.69,25,0,0,0,0,0,25,2,0,0,50,0,0,25,0,25,55,2,5,3,4,10,10
"agent ForwardAgent #33",ForwardAgent,0.16,0,0.69,25,0,0,0,0,6,25,2,0,0,50,0,0,25,6,25,354,2,17,0,16,10,10
"agent ForwardAgent #34",ForwardAgent,0.14,0,0.69,25,0,0,0,0,6,25,4,0,0,50,0,0,25,2,25,339,2,15,1,14,10,10
"agent ForwardAgent #35",ForwardAgent,0.05,0,0.69,25,0,0,0,0,0,25,0,0,0,50,0,0,25,3,25,70,2,6,2,5,10,10
"agent ForwardAgent #36",ForwardAgent,0.04,0,0.69,25,0,0,0,0,0,25,2,0,0,50,0,0,25,0,25,51,2,5,3,4,10,10
"agent ForwardAgent #37",ForwardAgent,0.16,0,0.69,25,0,0,0,0,6,25,2,0,0,50,0,0,25,6,25,338,2,17,0,16,10,10
"agent ForwardAgent #38",ForwardAgent,0.14,0,0.69,25,0,0,0,0,6,25,4,0,0,50,0,0,25,2,25,325,2,15,1,14,10,10
"agent ForwardAgent #39",ForwardAgent,0.05,0,0.69,25,0,0,0,0,0,25,0,0,0,50,0,0,25,3,25,65,2,6,2,5,10,10
"agent ForwardAgent #40",ForwardAgent,0.04,0,0.69,25,0,0,0,0,0,25,2,0,0,50,0,0,25,0,25,47,2,5,3,4,10,10
"agent ForwardAgent #41",ForwardAgent,0.16,0,0.69,25,0,0,0,0,6,25,2,0,0,50,0,0,25,6,25,322,2,17,0,16,10,10
"agent ForwardAgent #42",ForwardAgent,0.14,0,0.69,25,0,0,0,0,6,25,4,0,0,50,0,0,25,2,25,311,2,15,1,14,10,10
"agent ForwardAgent #43",ForwardAgent,0.27,0,0.69,25,0,1,0,1,6,25,5,0,0,50,0,0,25,8,25,290,8,17,2,27,10,10
"agent ForwardAgent #44",ForwardAgent,0.24,0,0.69,25,0,1,0,1,6,25,6,0,0,50,0,0,25,4,25,395,8,15,3,24,10,10
"agent ForwardAgent #45",ForwardAgent,0.16,0,0.69,25,0,0,0,0,6,25,2,0,0,50,0,0,25,6,25,305,2,17,0,16,10,10
"agent ForwardAgent #46",ForwardAgent,0.14,0,0.69,25,0,0,0,0,6,25,4,0,0,50,0,0,25,2,25,295,2,15,1,14,10,10
"agent ForwardAgent #47",ForwardAgent,0.27,0,0.69,25,0,1,0,1,6,25,5,0,0,50,0,0,25,8,25,262,8,17,2,27,10,10
"agent ForwardAgent #48",ForwardAgent,0.24,0,0.69,25,0,1,0,1,6,25,6,0,0,50,0,0,25,4,25,369,8,15,3,24,10,10
"agent ForwardAgent #49",ForwardAgent,0.16,0,0.69,25,0,0,0,0,6,25,2,0,0,50,0,0,25,6,25,288,2,17,0,16,10,10
"agent ForwardAgent #50",ForwardAgent,0.14,0,0.69,25,0,0,0,0,6,25,4,0,0,50,0,0,25,2,25,279,2,15,1,14,10,10
"agent RandomAgent #51",RandomAgent,3.09,0,0.69,25,0,20,0,171,80,25,72,0,0,50,0,0,25,75,25,433,82,17,2,309,10,10
"agent RandomAgent #52",RandomAgent,0.08,0,0.69,25,0,0,0,1,2,25,2,0,0,50,0,0,25,0,25,40,4,7,3,8,10,10
"agent RandomAgent #53",RandomAgent,0.78,0,0.69,25,0,2,0,38,25,25,14,0,0,50,0,0,25,18,25,265,21,17,0,78,10,10
"agent RandomAgent #54",RandomAgent,1.98,0,0.69,25,0,10,0,104,56,25,46,0,0,50,0,0,25,44,25,329,52,15,1,198,10,10
"agent RandomAgent #55",RandomAgent,3.47,0,0.69,25,0,16,0,192,89,25,82,0,0,50,0,0,25,85,25,319,91,17,2,347,10,10
"agent RandomAgent #56",RandomAgent,0.08,0,0.69,25,0,0,0,3,2,25,2,0,0,50,0,0,25,0,25,36,4,6,3,8,10,10
"agent RandomAgent #57",RandomAgent,1.74,0,0.69,25,0,5,0,96,48,25,39,0,0,50,0,0,25,43,25,207,44,17,0,174,10,10
"agent RandomAgent #58",RandomAgent,1.4,0,0.69,25,0,5,0,74,45,25,28,0,0,50,0,0,25,26,25,287,41,15,1,140,10,10
"agent RandomAgent #59",RandomAgent,0.23,0,0.69,25,0,0,0,9,5,25,4,0,0,50,0,0,25,7,25,54,7,8,2,23,10,10
"agent RandomAgent #60",RandomAgent,0.46,0,0.69,25,0,0,0,28,17,25,6,0,0,50,0,0,25,4,25,116,19,9,3,46,10,10
"agent RandomAgent #61",RandomAgent,1.04,0,0.69,25,0,5,0,62,29,25,23,0,0,50,0,0,25,27,25,114,25,17,0,104,10,10
"agent RandomAgent #62",RandomAgent,4.44,0,0.69,25,0,15,0,228,119,25,106,0,0,50,0,0,25,104,25,210,115,15,1,444,10,10
"agent RandomAgent #63",RandomAgent,3.11,0,0.69,25,0,32,0,161,64,25,89,0,0,50,0,0,25,92,25,219,66,17,2,311,10,10
"agent RandomAgent #64",RandomAgent,0.74,0,0.69,25,0,0,0,42,17,25,20,0,0,50,0,0,25,18,25,148,19,13,3,74,10,10
"agent RandomAgent #65",RandomAgent,1.12,0,0.69,25,0,4,0,58,33,25,23,0,0,50,0,0,25,27,25,120,29,17,0,112,10,10
"agent RandomAgent #66",RandomAgent,1.06,0,0.69,25,0,13,0,56,22,25,34,0,0,50,0,0,25,32,25,125,18,15,1,106,10,10
"agent RandomAgent #67",RandomAgent,0.17,0,0.69,25,0,0,0,7,1,25,5,0,0,50,0,0,25,8,25,59,3,7,2,17,10,10
"agent RandomAgent #68",RandomAgent,0.64,0,0.69,25,0,0,0,37,26,25,6,0,0,50,0,0,25,4,25,100,28,10,3,64,10,10
"agent RandomAgent #69",RandomAgent,1.48,0,0.69,25,0,16,0,68,29,25,45,0,0,50,0,0,25,49,25,57,25,17,0,148,10,10
"agent RandomAgent #70",RandomAgent,0.74,0,0.69,25,0,2,0,38,21,25,19,0,0,50,0,0,25,17,25,78,17,15,1,74,10,10
"agent RandomAgent #71",RandomAgent,0.13,0,0.69,25,0,0,0,6,4,25,0,0,0,50,0,0,25,3,25,19,6,6,2,13,10,10
"agent RandomAgent #72",RandomAgent,0.08,0,0.69,25,0,0,0,3,1,25,3,0,0,50,0,0,25,1,25,16,3,6,3,8,10,10
"agent RandomAgent #73",RandomAgent,0.54,0,0.69,25,0,0,0,22,17,25,10,0,0,50,0,0,25,14,25,65,13,17,0,54,10,10
"agent RandomAgent #74",RandomAgent,1.24,0,0.69,25,0,10,0,70,30,25,35,0,0,50,0,0,25,33,25,69,26,15,1,124,10,10
"agent RandomAgent #75",RandomAgent,2.45,0,0.69,25,0,9,0,137,62,25,58,0,0,50,0,0,25,61,25,54,64,17,2,245,10,10
"agent NegotiatingAgent #76",NegotiatingAgent,0.24,0,0.69,25,6,1,0,1,6,25,6,26,25,50,0,0,25,4,25,220,8,15,3,24,10,10
"agent NegotiatingAgent #77",NegotiatingAgent,0.16,0,0.69,25,3,0,0,0,6,25,2,14,15,50,0,0,25,6,25,201,2,17,0,16,10,10
"agent NegotiatingAgent #78",NegotiatingAgent,0.14,0,0.69,25,3,0,0,0,6,25,4,13,13,50,0,1,25,2,25,185,2,15,1,14,10,10
"agent NegotiatingAgent #79",NegotiatingAgent,0.05,0,0.69,25,0,0,0,0,0,25,0,3,4,50,0,0,25,3,25,33,2,6,2,5,10,10
"agent NegotiatingAgent #80",NegotiatingAgent,0.24,0,0.69,25,0,1,0,1,6,25,6,22,19,50,0,3,25,4,25,206,8,15,3,24,10,10
"agent NegotiatingAgent #81",NegotiatingAgent,0.16,0,0.69,25,0,0,0,0,6,25,2,14,12,50,0,2,25,6,25,200,2,17,0,16,10,10
"agent NegotiatingAgent #82",NegotiatingAgent,0.14,0,0.69,25,0,0,0,0,6,25,4,13,13,50,0,0,25,2,25,179,2,15,1,14,10,10
"agent NegotiatingAgent #83",NegotiatingAgent,0.27,11,0.69,25,7,1,0,1,6,25,5,33,28,50,0,6,25,8,25,117,8,17,2,27,10,10
"agent NegotiatingAgent #84",NegotiatingAgent,0.24,0,0.69,25,0,1,0,1,6,25,6,22,19,50,0,3,25,4,25,180,8,15,3,24,10,10
"agent NegotiatingAgent #85",NegotiatingAgent,0.16,0,0.69,25,0,0,0,0,6,25,2,14,13,50,0,1,25,6,25,182,2,17,0,16,10,10
"agent NegotiatingAgent #86",NegotiatingAgent,0.14,0,0.69,25,0,0,0,0,6,25,4,13,13,50,0,0,25,2,25,163,2,15,1,14,10,10
"agent NegotiatingAgent #87",NegotiatingAgent,0.27,0,0.69,25,2,1,0,1,6,25,5,26,23,50,0,4,25,8,25,175,8,17,2,27,10,10
"agent NegotiatingAgent #88",NegotiatingAgent,0.04,0,0.69,25,0,0,0,0,0,25,2,1,2,50,0,0,25,0,25,19,2,5,3,4,10,10
"agent NegotiatingAgent #89",NegotiatingAgent,0.16,0,0.69,25,0,0,0,0,6,25,2,14,12,50,0,2,25,6,25,164,2,17,0,16,10,10
"agent NegotiatingAgent #90",NegotiatingAgent,0.14,0,0.69,25,0,0,0,0,6,25,4,13,12,50,0,1,25,2,25,149,2,15,1,14,10,10
"agent NegotiatingAgent #91",NegotiatingAgent,0.05,0,0.69,25,1,0,0,0,0,25,0,3,4,50,0,0,25,3,25,24,2,6,2,5,10,10
"agent NegotiatingAgent #92",NegotiatingAgent,0.04,0,0.69,25,0,0,0,0,0,25,2,1,2,50,0,0,25,0,25,15,2,5,3,4,10,10
"agent NegotiatingAgent #93",NegotiatingAgent,0.16,0,0.69,25,1,0,0,0,6,25,2,13,14,50,0,0,25,6,25,148,2,17,0,16,10,10
"agent NegotiatingAgent #94",NegotiatingAgent,0.14,0,0.69,25,0,0,0,0,6,25,4,13,11,50,0,2,25,2,25,135,2,15,1,14,10,10
"agent NegotiatingAgent #95",NegotiatingAgent,0.05,0,0.69,25,0,0,0,0,0,25,0,4,3,50,0,1,25,3,25,22,2,6,2,5,10,10
"agent NegotiatingAgent #96",NegotiatingAgent,0.24,0,0.69,25,0,1,0,1,6,25,6,22,19,50,0,3,25,4,25,148,8,15,3,24,10,10
"agent NegotiatingAgent #97",NegotiatingAgent,0.16,0,0.69,25,0,0,0,0,6,25,2,14,13,50,0,1,25,6,25,132,2,17,0,16,10,10
"agent NegotiatingAgent #98",NegotiatingAgent,0.14,0,0.69,25,0,0,0,0,6,25,4,13,13,50,0,0,25,2,25,119,2,15,1,14,10,10
"agent NegotiatingAgent #99",NegotiatingAgent,0.27,0,0.69,25,0,1,0,1,6,25,5,25,19,50,0,6,25,8,25,155,8,17,2,27,10,10
"agent NegotiatingAgent #100",NegotiatingAgent,0.24,20,0.69,25,19,1,0,1,6,25,6,34,44,50,0,0,25,4,25,134,8,15,3,24,10,10
"agent NegotiatingAgent #101",NegotiatingAgent,0.16,0,0.69,25,17,0,0,0,6,25,2,34,35,50,0,0,25,6,25,115,2,17,0,16,10,10
"agent NegotiatingAgent #102",NegotiatingAgent,0.14,0,0.69,25,15,0,0,0,6,25,4,29,30,50,0,0,25,2,25,125,2,15,1,14,10,10
"agent NegotiatingAgent #103",NegotiatingAgent,0.05,0,0.69,25,4,0,0,0,0,25,0,7,9,50,0,0,25,3,25,33,2,6,2,5,10,10
"agent NegotiatingAgent #104",NegotiatingAgent,0.24,0,0.69,25,16,1,0,1,6,25,6,38,39,50,0,0,25,4,25,113,8,15,3,24,10,10
"agent NegotiatingAgent #105",NegotiatingAgent,0.16,0,0.69,25,9,0,0,0,6,25,2,21,21,50,0,1,25,6,25,203,2,17,0,16,10,10
"agent NegotiatingAgent #106",NegotiatingAgent,0.14,0,0.69,25,13,0,0,0,6,25,4,27,27,50,0,0,25,2,25,111,2,15,1,14,10,10
"agent NegotiatingAgent #107",NegotiatingAgent,0.27,11,0.69,25,12,1,0,1,6,25,5,25,35,50,0,1,25,8,25,125,8,17,2,27,10,10
"agent NegotiatingAgent #108",NegotiatingAgent,0.04,0,0.69,25,1,0,0,0,0,25,2,1,4,50,0,0,25,0,25,30,2,5,3,4,10,10
"agent NegotiatingAgent #109",NegotiatingAgent,0.16,0,0.69,25,11,0,0,0,6,25,2,26,27,50,0,0,25,6,25,109,2,17,0,16,10,10
"agent NegotiatingAgent #110",NegotiatingAgent,0.14,0,0.69,25,1,0,0,0,6,25,4,11,12,50,0,2,25,2,25,231,2,15,1,14,10,10
"agent NegotiatingAgent #111",NegotiatingAgent,0.27,44,0.69,25,14,1,0,1,6,25,5,32,33,50,0,2,25,8,25,156,8,17,2,27,10,10
"agent NegotiatingAgent #112",NegotiatingAgent,0.24,10,0.69,25,7,1,0,1,6,25,6,27,24,50,0,5,25,4,25,240,8,15,3,24,10,10
"agent NegotiatingAgent #113",NegotiatingAgent,0.16,0,0.69,25,3,0,0,0,6,25,2,14,16,50,0,1,25,6,25,225,2,17,0,16,10,10
"agent NegotiatingAgent #114",NegotiatingAgent,0.14,0,0.69,25,4,0,0,0,6,25,4,14,14,50,0,1,25,2,25,173,2,15,1,14,10,10
"agent NegotiatingAgent #115",NegotiatingAgent,0.05,0,0.69,25,0,0,0,0,0,25,0,3,3,50,0,1,25,3,25,40,2,6,2,5,10,10
"agent NegotiatingAgent #116",NegotiatingAgent,0.04,0,0.69,25,0,0,0,0,0,25,2,1,2,50,0,0,25,0,25,24,2,5,3,4,10,10
"agent NegotiatingAgent #117",NegotiatingAgent,0.16,0,0.69,25,0,0,0,0,6,25,2,14,10,50,0,4,25,6,25,249,2,17,0,16,10,10
"agent NegotiatingAgent #118",NegotiatingAgent,0.14,0,0.69,25,0,0,0,0,6,25,4,13,11,50,0,2,25,2,25,211,2,15,1,14,10,10
"agent NegotiatingAgent #119",NegotiatingAgent,0.05,0,0.69,25,0,0,0,0,0,25,0,3,4,50,0,0,25,3,25,35,2,6,2,5,10,10
"agent NegotiatingAgent #120",NegotiatingAgent,0.24,0,0.69,25,0,1,0,1,6,25,6,22,15,50,0,7,25,4,25,252,8,15,3,24,10,10
"agent NegotiatingAgent #121",NegotiatingAgent,0.16,0,0.69,25,0,0,0,0,6,25,2,13,10,50,0,4,25,6,25,233,2,17,0,16,10,10
"agent NegotiatingAgent #122",NegotiatingAgent,0.14,0,0.69,25,3,0,0,0,6,25,4,16,16,50,0,1,25,2,25,68,2,15,1,14,10,10
"agent NegotiatingAgent #123",NegotiatingAgent,0.27,11,0.69,25,5,1,0,1,6,25,5,27,28,50,0,2,25,8,25,182,8,17,2,27,10,10
"agent NegotiatingAgent #124",NegotiatingAgent,0.24,0,0.69,25,6,1,0,1,6,25,6,26,26,50,0,1,25,4,25,221,8,15,3,24,10,10
"agent NegotiatingAgent #125",NegotiatingAgent,0.16,0,0.69,25,4,0,0,0,6,25,2,20,19,50,0,2,25,6,25,80,2,17,0,16,10,10
"agent SwarmAgent #126",SwarmAgent,0.14,0,0.69,25,0,0,0,0,6,25,4,0,0,50,0,0,25,2,25,92,2,15,1,14,10,10
"agent SwarmAgent #127",SwarmAgent,0.27,0,0.69,25,0,1,0,1,6,25,5,0,0,50,0,0,25,8,25,63,8,17,2,27,10,10
"agent SwarmAgent #128",SwarmAgent,0.04,0,0.69,25,0,0,0,0,0,25,2,0,0,50,0,0,25,0,25,8,2,5,3,4,10,10
"agent SwarmAgent #129",SwarmAgent,0.16,0,0.69,25,0,0,0,0,6,25,2,0,0,50,0,0,25,6,25,82,2,17,0,16,10,10
"agent SwarmAgent #130",SwarmAgent,0.14,0,0.69,25,0,0,0,0,6,25,4,0,0,50,0,0,25,2,25,78,2,15,1,14,10,10
"agent SwarmAgent #131",SwarmAgent,0.27,0,0.69,25,0,1,0,1,6,25,5,0,0,50,0,0,25,8,25,35,8,17,2,27,10,10
"agent SwarmAgent #132",SwarmAgent,0.24,0,0.69,25,0,1,0,1,6,25,6,0,0,50,0,0,25,4,25,83,8,15,3,24,10,10
"agent SwarmAgent #133",SwarmAgent,0.16,0,0.69,25,0,0,0,0,6,25,2,0,0,50,0,0,25,6,25,65,2,17,0,16,10,10
"agent SwarmAgent #134",SwarmAgent,0.14,0,0.69,25,0,0,0,0,6,25,4,0,0,50,0,0,25,2,25,62,2,15,1,14,10,10
"agent SwarmAgent #135",SwarmAgent,0.27,0,0.69,25,0,1,0,1,6,25,5,0,0,50,0,0,25,8,25,7,8,17,2,27,10,10
"agent SwarmAgent #136",SwarmAgent,0.24,0,0.69,25,0,1,0,1,6,25,6,0,0,50,0,0,25,4,25,57,8,15,3,24,10,10
"agent SwarmAgent #137",SwarmAgent,0.16,0,0.69,25,0,0,0,0,6,25,2,0,0,50,0,0,25,6,25,48,2,17,0,16,10,10
"agent SwarmAgent #138",SwarmAgent,0.14,0,0.69,25,0,0,0,0,6,25,4,0,0,50,0,0,25,2,25,46,2,15,1,14,10,10
"agent SwarmAgent #139",SwarmAgent,0.05,0,0.69,25,0,0,0,0,0,25,0,0,0,50,0,0,25,3,25,10,2,6,2,5,10,10
"agent SwarmAgent #140",SwarmAgent,0.24,0,0.69,25,0,1,0,1,6,25,6,0,0,50,0,0,25,4,25,31,8,15,3,24,10,10
"agent SwarmAgent #141",SwarmAgent,0.16,0,0.69,25,0,0,0,0,6,25,2,0,0,50,0,0,25,6,25,32,2,17,0,16,10,10
"agent SwarmAgent #142",SwarmAgent,0.14,0,0.69,25,0,0,0,0,6,25,4,0,0,50,0,0,25,2,25,30,2,15,1,14,10,10
"agent SwarmAgent #143",SwarmAgent,0.05,0,0.69,25,0,0,0,0,0,25,0,0,0,50,0,0,25,3,25,5,2,6,2,5,10,10
"agent SwarmAgent #144",SwarmAgent,0.24,0,0.69,25,0,1,0,1,6,25,6,0,0,50,0,0,25,4,25,5,8,15,3,24,10,10
"agent SwarmAgent #145",SwarmAgent,0.16,0,0.69,25,0,0,0,0,6,25,2,0,0,50,0,0,25,6,25,16,2,17,0,16,10,10
"agent SwarmAgent #146",SwarmAgent,0.14,0,0.69,25,0,0,0,0,6,25,4,0,0,50,0,0,25,2,25,14,2,15,1,14,10,10
"agent SwarmAgent #147",SwarmAgent,0.05,0,0.69,25,0,0,0,0,0,25,0,0,0,50,0,0,25,3,25,0,2,6,2,5,10,10
"agent SwarmAgent #148",SwarmAgent,0.04,0,0.69,25,0,0,0,0,0,25,2,0,0,50,0,0,25,0,25,0,2,5,3,4,10,10
"agent SwarmAgent #149",SwarmAgent,0.16,0,0.69,25,0,0,0,0,6,25,2,0,0,50,0,0,25,6,25,0,2,17,0,16,10,10
"agent SwarmAgent #150",SwarmAgent,0.14,0,0.69,25,0,0,0,0,6,25,4,0,0,50,0,0,25,2,25,0,2,15,1,14,10,10
