agentName,agentType,averageSpeed,cumulatedUtilityReceived,freeWallRatio,numBacktrackAgents,numCFPAnswered,numDeadends,numDifferentEncounters,numDirectionChanges,numDownSteps,numForwardAgents,numLeftSteps,numMessagesReceived,numMessagesSent,numNegotiatingAgents,numProposalsAccepted,numProposalsRejected,numRandomAgents,numRightSteps,numSwarmAgents,numTotalEncounters,numUpSteps,numVisitedCells,startingPosition,stepsToExit,xsize,ysize
"agent BacktrackAgent #1",BacktrackAgent,0.36,0,0.69,100,0,2,0,1,10,100,8,0,0,100,0,0,0,12,100,3055,6,31,0,36,10,10
"agent BacktrackAgent #2",BacktrackAgent,0.1,0,0.69,100,0,1,0,0,4,100,4,0,0,100,0,0,0,2,100,790,0,11,1,10,10,10
"agent BacktrackAgent #3",BacktrackAgent,0.43,0,0.69,100,0,3,0,2,10,100,9,0,0,100,0,0,0,12,100,1926,12,31,2,43,10,10
"agent BacktrackAgent #4",BacktrackAgent,0.24,0,0.69,100,0,2,0,1,4,100,8,0,0,100,0,0,0,6,100,1274,6,19,3,24,10,10
"agent BacktrackAgent #5",BacktrackAgent,0.36,0,0.69,100,0,2,0,1,10,100,8,0,0,100,0,0,0,12,100,2659,6,31,0,36,10,10
"agent BacktrackAgent #6",BacktrackAgent,0.1,0,0.69,100,0,1,0,0,4,100,4,0,0,100,0,0,0,2,100,695,0,11,1,10,10,10
"agent BacktrackAgent #7",BacktrackAgent,0.31,0,0.69,100,0,2,0,1,8,100,5,0,0,100,0,0,0,8,100,1531,10,25,2,31,10,10
"agent BacktrackAgent #8",BacktrackAgent,0.36,0,0.69,100,0,2,0,1,8,100,10,0,0,100,0,0,0,8,100,1889,10,25,3,36,10,10
"agent BacktrackAgent #9",BacktrackAgent,0.24,0,0.69,100,0,1,0,0,8,100,4,0,0,100,0,0,0,8,100,1940,4,25,0,24,10,10
"agent BacktrackAgent #10",BacktrackAgent,0.5,0,0.69,100,0,2,0,1,14,100,14,0,0,100,0,0,0,12,100,2962,10,31,1,50,10,10
"agent BacktrackAgent #11",BacktrackAgent,0.31,0,0.69,100,0,2,0,1,8,100,5,0,0,100,0,0,0,8,100,1917,10,25,2,31,10,10
"agent BacktrackAgent #12",BacktrackAgent,0.12,0,0.69,100,0,1,0,0,2,100,4,0,0,100,0,0,0,2,100,822,4,13,3,12,10,10
"agent BacktrackAgent #13",BacktrackAgent,0.36,0,0.69,100,0,2,0,1,10,100,8,0,0,100,0,0,0,12,100,3127,6,31,0,36,10,10
"agent BacktrackAgent #14",BacktrackAgent,0.1,0,0.69,100,0,1,0,0,4,100,4,0,0,100,0,0,0,2,100,822,0,11,1,10,10,10
"agent BacktrackAgent #15",BacktrackAgent,0.31,0,0.69,100,0,2,0,1,8,100,5,0,0,100,0,0,0,8,100,1885,10,25,2,31,10,10
"agent BacktrackAgent #16",BacktrackAgent,0.12,0,0.69,100,0,1,0,0,2,100,4,0,0,100,0,0,0,2,100,806,4,13,3,12,10,10
"agent BacktrackAgent #17",BacktrackAgent,0.36,0,0.69,100,0,2,0,1,10,100,8,0,0,100,0,0,0,12,100,3090,6,31,0,36,10,10
"agent BacktrackAgent #18",BacktrackAgent,0.5,0,0.69,100,0,2,0,1,14,100,14,0,0,100,0,0,0,12,100,2895,10,31,1,50,10,10
"agent BacktrackAgent #19",BacktrackAgent,0.17,0,0.69,100,0,1,0,0,2,100,4,0,0,100,0,0,0,7,100,815,4,18,2,17,10,10
"agent BacktrackAgent #20",BacktrackAgent,0.24,0,0.69,100,0,2,0,1,4,100,8,0,0,100,0,0,0,6,100,1379,6,19,3,24,10,10
"agent BacktrackAgent #21",BacktrackAgent,0.36,0,0.69,100,0,2,0,1,10,100,8,0,0,100,0,0,0,12,100,3015,6,31,0,36,10,10
"agent BacktrackAgent #22",BacktrackAgent,0.1,0,0.69,100,0,1,0,0,4,100,4,0,0,100,0,0,0,2,100,805,0,11,1,10,10,10
"agent BacktrackAgent #23",BacktrackAgent,0.43,0,0.69,100,0,3,0,2,10,100,9,0,0,100,0,0,0,12,100,2020,12,31,2,43,10,10
"agent BacktrackAgent #24",BacktrackAgent,0.12,0,0.69,100,0,1,0,0,2,100,4,0,0,100,0,0,0,2,100,779,4,13,3,12,10,10
"agent BacktrackAgent #25",BacktrackAgent,0.36,0,0.69,100,0,2,0,1,10,100,8,0,0,100,0,0,0,12,100,2977,6,31,0,36,10,10
"agent BacktrackAgent #26",BacktrackAgent,0.5,0,0.69,100,0,2,0,1,14,100,14,0,0,100,0,0,0,12,100,2827,10,31,1,50,10,10
"agent BacktrackAgent #27",BacktrackAgent,0.29,0,0.69,100,0,2,0,1,4,100,8,0,0,100,0,0,0,11,100,1142,6,24,2,29,10,10
"agent BacktrackAgent #28",BacktrackAgent,0.36,0,0.69,100,0,2,0,1,8,100,10,0,0,100,0,0,0,8,100,2384,10,25,3,36,10,10
"agent BacktrackAgent #29",BacktrackAgent,0.24,0,0.69,100,0,1,0,0,8,100,4,0,0,100,0,0,0,8,100,2437,4,25,0,24,10,10
"agent BacktrackAgent #30",BacktrackAgent,0.5,0,0.69,100,0,2,0,1,14,100,14,0,0,100,0,0,0,12,100,2766,10,31,1,50,10,10
"agent BacktrackAgent #31",BacktrackAgent,0.17,0,0.69,100,0,1,0,0,2,100,4,0,0,100,0,0,0,7,100,780,4,18,2,17,10,10
"agent BacktrackAgent #32",BacktrackAgent,0.48,0,0.69,100,0,3,0,2,10,100,14,0,0,100,0,0,0,12,100,2456,12,31,3,48,10,10
"agent BacktrackAgent #33",BacktrackAgent,0.36,0,0.69,100,0,2,0,1,10,100,8,0,0,100,0,0,0,12,100,2904,6,31,0,36,10,10
"agent BacktrackAgent #34",BacktrackAgent,0.1,0,0.69,100,0,1,0,0,4,100,4,0,0,100,0,0,0,2,100,772,0,11,1,10,10,10
"agent BacktrackAgent #35",BacktrackAgent,0.31,0,0.69,100,0,2,0,1,8,100,5,0,0,100,0,0,0,8,100,1807,10,25,2,31,10,10
"agent BacktrackAgent #36",BacktrackAgent,0.48,0,0.69,100,0,3,0,2,10,100,14,0,0,100,0,0,0,12,100,2403,12,31,3,48,10,10
"agent BacktrackAgent #37",BacktrackAgent,0.24,0,0.69,100,0,1,0,0,8,100,4,0,0,100,0,0,0,8,100,2385,4,25,0,24,10,10
"agent BacktrackAgent #38",BacktrackAgent,0.5,0,0.69,100,0,2,0,1,14,100,14,0,0,100,0,0,0,12,100,2691,10,31,1,50,10,10
"agent BacktrackAgent #39",BacktrackAgent,0.29,0,0.69,100,0,2,0,1,4,100,8,0,0,100,0,0,0,11,100,1092,6,24,2,29,10,10
"agent BacktrackAgent #40",BacktrackAgent,0.24,0,0.69,100,0,2,0,1,4,100,8,0,0,100,0,0,0,6,100,1315,6,19,3,24,10,10
"agent BacktrackAgent #41",BacktrackAgent,0.36,0,0.69,100,0,2,0,1,10,100,8,0,0,100,0,0,0,12,100,2833,6,31,0,36,10,10
"agent BacktrackAgent #42",BacktrackAgent,0.1,0,0.69,100,0,1,0,0,4,100,4,0,0,100,0,0,0,2,100,755,0,11,1,10,10,10
"agent BacktrackAgent #43",BacktrackAgent,0.17,0,0.69,100,0,1,0,0,2,100,4,0,0,100,0,0,0,7,100,745,4,18,2,17,10,10
"agent BacktrackAgent #44",BacktrackAgent,0.36,0,0.69,100,0,2,0,1,8,100,10,0,0,100,0,0,0,8,100,2253,10,25,3,36,10,10
"agent BacktrackAgent #45",BacktrackAgent,0.36,0,0.69,100,0,2,0,1,10,100,8,0,0,100,0,0,0,12,100,2790,6,31,0,36,10,10
"agent BacktrackAgent #46",BacktrackAgent,0.5,0,0.69,100,0,2,0,1,14,100,14,0,0,100,0,0,0,12,100,2622,10,31,1,50,10,10
"agent BacktrackAgent #47",BacktrackAgent,0.43,0,0.69,100,0,3,0,2,10,100,9,0,0,100,0,0,0,12,100,1879,12,31,2,43,10,10
"agent BacktrackAgent #48",BacktrackAgent,0.12,0,0.69,100,0,1,0,0,2,100,4,0,0,100,0,0,0,2,100,738,4,13,3,12,10,10
"agent BacktrackAgent #49",BacktrackAgent,0.24,0,0.69,100,0,1,0,0,8,100,4,0,0,100,0,0,0,8,100,2305,4,25,0,24,10,10
"agent BacktrackAgent #50",BacktrackAgent,0.1,0,0.69,100,0,1,0,0,4,100,4,0,0,100,0,0,0,2,100,738,0,11,1,10,10,10
"agent BacktrackAgent #51",BacktrackAgent,0.17,0,0.69,100,0,1,0,0,2,100,4,0,0,100,0,0,0,7,100,725,4,18,2,17,10,10
"agent BacktrackAgent #52",BacktrackAgent,0.36,0,0.69,100,0,2,0,1,8,100,10,0,0,100,0,0,0,8,100,2203,10,25,3,36,10,10
"agent BacktrackAgent #53",BacktrackAgent,0.24,0,0.69,100,0,1,0,0,8,100,4,0,0,100,0,0,0,8,100,2275,4,25,0,24,10,10
"agent BacktrackAgent #54",BacktrackAgent,0.1,0,0.69,100,0,1,0,0,4,100,4,0,0,100,0,0,0,2,100,728,0,11,1,10,10,10
"agent BacktrackAgent #55",BacktrackAgent,0.31,0,0.69,100,0,2,0,1,8,100,5,0,0,100,0,0,0,8,100,1704,10,25,2,31,10,10
"agent BacktrackAgent #56",BacktrackAgent,0.48,0,0.69,100,0,3,0,2,10,100,14,0,0,100,0,0,0,12,100,2259,12,31,3,48,10,10
"agent BacktrackAgent #57",BacktrackAgent,0.36,0,0.69,100,0,2,0,1,10,100,8,0,0,100,0,0,0,12,100,2695,6,31,0,36,10,10
"agent BacktrackAgent #58",BacktrackAgent,0.5,0,0.69,100,0,2,0,1,14,100,14,0,0,100,0,0,0,12,100,2538,10,31,1,50,10,10
"agent BacktrackAgent #59",BacktrackAgent,0.31,0,0.69,100,0,2,0,1,8,100,5,0,0,100,0,0,0,8,100,1670,10,25,2,31,10,10
"agent BacktrackAgent #60",BacktrackAgent,0.48,0,0.69,100,0,3,0,2,10,100,14,0,0,100,0,0,0,12,100,2202,12,31,3,48,10,10
"agent BacktrackAgent #61",BacktrackAgent,0.24,0,0.69,100,0,1,0,0,8,100,4,0,0,100,0,0,0,8,100,2202,4,25,0,24,10,10
"agent BacktrackAgent #62",BacktrackAgent,0.5,0,0.69,100,0,2,0,1,14,100,14,0,0,100,0,0,0,12,100,2478,10,31,1,50,10,10
"agent BacktrackAgent #63",BacktrackAgent,0.43,0,0.69,100,0,3,0,2,10,100,9,0,0,100,0,0,0,12,100,1763,12,31,2,43,10,10
"agent BacktrackAgent #64",BacktrackAgent,0.48,0,0.69,100,0,3,0,2,10,100,14,0,0,100,0,0,0,12,100,2148,12,31,3,48,10,10
"agent BacktrackAgent #65",BacktrackAgent,0.36,0,0.69,100,0,2,0,1,10,100,8,0,0,100,0,0,0,12,100,2588,6,31,0,36,10,10
"agent BacktrackAgent #66",BacktrackAgent,0.1,0,0.69,100,0,1,0,0,4,100,4,0,0,100,0,0,0,2,100,704,0,11,1,10,10,10
"agent BacktrackAgent #67",BacktrackAgent,0.43,0,0.69,100,0,3,0,2,10,100,9,0,0,100,0,0,0,12,100,1716,12,31,2,43,10,10
"agent BacktrackAgent #68",BacktrackAgent,0.36,0,0.69,100,0,2,0,1,8,100,10,0,0,100,0,0,0,8,100,2037,10,25,3,36,10,10
"agent BacktrackAgent #69",BacktrackAgent,0.36,0,0.69,100,0,2,0,1,10,100,8,0,0,100,0,0,0,12,100,2543,6,31,0,36,10,10
"agent BacktrackAgent #70",BacktrackAgent,0.1,0,0.69,100,0,1,0,0,4,100,4,0,0,100,0,0,0,2,100,685,0,11,1,10,10,10
"agent BacktrackAgent #71",BacktrackAgent,0.31,0,0.69,100,0,2,0,1,8,100,5,0,0,100,0,0,0,8,100,1574,10,25,2,31,10,10
"agent BacktrackAgent #72",BacktrackAgent,0.48,0,0.69,100,0,3,0,2,10,100,14,0,0,100,0,0,0,12,100,2056,12,31,3,48,10,10
"agent BacktrackAgent #73",BacktrackAgent,0.24,0,0.69,100,0,1,0,0,8,100,4,0,0,100,0,0,0,8,100,2125,4,25,0,24,10,10
"agent BacktrackAgent #74",BacktrackAgent,0.5,0,0.69,100,0,2,0,1,14,100,14,0,0,100,0,0,0,12,100,2385,10,31,1,50,10,10
"agent BacktrackAgent #75",BacktrackAgent,0.29,0,0.69,100,0,2,0,1,4,100,8,0,0,100,0,0,0,11,100,1008,6,24,2,29,10,10
"agent BacktrackAgent #76",BacktrackAgent,0.12,0,0.69,100,0,1,0,0,2,100,4,0,0,100,0,0,0,2,100,690,4,13,3,12,10,10
"agent BacktrackAgent #77",BacktrackAgent,0.24,0,0.69,100,0,1,0,0,8,100,4,0,0,100,0,0,0,8,100,2099,4,25,0,24,10,10
"agent BacktrackAgent #78",BacktrackAgent,0.5,0,0.69,100,0,2,0,1,14,100,14,0,0,100,0,0,0,12,100,2330,10,31,1,50,10,10
"agent BacktrackAgent #79",BacktrackAgent,0.17,0,0.69,100,0,1,0,0,2,100,4,0,0,100,0,0,0,7,100,679,4,18,2,17,10,10
"agent BacktrackAgent #80",BacktrackAgent,0.24,0,0.69,100,0,2,0,1,4,100,8,0,0,100,0,0,0,6,100,1186,6,19,3,24,10,10
"agent BacktrackAgent #81",BacktrackAgent,0.36,0,0.69,100,0,2,0,1,10,100,8,0,0,100,0,0,0,12,100,2451,6,31,0,36,10,10
"agent BacktrackAgent #82",BacktrackAgent,0.5,0,0.69,100,0,2,0,1,14,100,14,0,0,100,0,0,0,12,100,2273,10,31,1,50,10,10
"agent BacktrackAgent #83",BacktrackAgent,0.17,0,0.69,100,0,1,0,0,2,100,4,0,0,100,0,0,0,7,100,661,4,18,2,17,10,10
"agent BacktrackAgent #84",BacktrackAgent,0.48,0,0.69,100,0,3,0,2,10,100,14,0,0,100,0,0,0,12,100,1987,12,31,3,48,10,10
"agent BacktrackAgent #85",BacktrackAgent,0.36,0,0.69,100,0,2,0,1,10,100,8,0,0,100,0,0,0,12,100,2409,6,31,0,36,10,10
"agent BacktrackAgent #86",BacktrackAgent,0.1,0,0.69,100,0,1,0,0,4,100,4,0,0,100,0,0,0,2,100,654,0,11,1,10,10,10
"agent BacktrackAgent #87",BacktrackAgent,0.17,0,0.69,100,0,1,0,0,2,100,4,0,0,100,0,0,0,7,100,643,4,18,2,17,10,10
"agent BacktrackAgent #88",BacktrackAgent,0.24,0,0.69,100,0,2,0,1,4,100,8,0,0,100,0,0,0,6,100,1153,6,19,3,24,10,10
"agent BacktrackAgent #89",BacktrackAgent,0.36,0,0.69,100,0,2,0,1,10,100,8,0,0,100,0,0,0,12,100,2371,6,31,0,36,10,10
"agent BacktrackAgent #90",BacktrackAgent,0.5,0,0.69,100,0,2,0,1,14,100,14,0,0,100,0,0,0,12,100,2201,10,31,1,50,10,10
"agent BacktrackAgent #91",BacktrackAgent,0.29,0,0.69,100,0,2,0,1,4,100,8,0,0,100,0,0,0,11,100,926,6,24,2,29,10,10
"agent BacktrackAgent #92",BacktrackAgent,0.48,0,0.69,100,0,3,0,2,10,100,14,0,0,100,0,0,0,12,100,1894,12,31,3,48,10,10
"agent BacktrackAgent #93",BacktrackAgent,0.24,0,0.69,100,0,1,0,0,8,100,4,0,0,100,0,0,0,8,100,1989,4,25,0,24,10,10
"agent BacktrackAgent #94",BacktrackAgent,0.5,0,0.69,100,0,2,0,1,14,100,14,0,0,100,0,0,0,12,100,2142,10,31,1,50,10,10
"agent BacktrackAgent #95",BacktrackAgent,0.29,0,0.69,100,0,2,0,1,4,100,8,0,0,100,0,0,0,11,100,895,6,24,2,29,10,10
"agent BacktrackAgent #96",BacktrackAgent,0.48,0,0.69,100,0,3,0,2,10,100,14,0,0,100,0,0,0,12,100,1841,12,31,3,48,10,10
"agent BacktrackAgent #97",BacktrackAgent,0.36,0,0.69,100,0,2,0,1,10,100,8,0,0,100,0,0,0,12,100,2295,6,31,0,36,10,10
"agent BacktrackAgent #98",BacktrackAgent,0.1,0,0.69,100,0,1,0,0,4,100,4,0,0,100,0,0,0,2,100,630,0,11,1,10,10,10
"agent BacktrackAgent #99",BacktrackAgent,0.31,0,0.69,100,0,2,0,1,8,100,5,0,0,100,0,0,0,8,100,1477,10,25,2,31,10,10
"agent BacktrackAgent #100",BacktrackAgent,0.48,0,0.69,100,0,3,0,2,10,100,14,0,0,100,0,0,0,12,100,2532,12,31,3,48,10,10
"agent ForwardAgent #101",ForwardAgent,0.24,0,0.69,100,0,1,0,0,8,100,4,0,0,100,0,0,0,8,100,1916,4,25,0,24,10,10
"agent ForwardAgent #102",ForwardAgent,0.1,0,0.69,100,0,1,0,0,4,100,4,0,0,100,0,0,0,2,100,620,0,11,1,10,10,10
"agent ForwardAgent #103",ForwardAgent,0.29,0,0.69,100,0,2,0,1,4,100,8,0,0,100,0,0,0,11,100,863,6,24,2,29,10,10
"agent ForwardAgent #104",ForwardAgent,0.24,0,0.69,100,0,2,0,1,4,100,8,0,0,100,0,0,0,6,100,1098,6,19,3,24,10,10
"agent ForwardAgent #105",ForwardAgent,0.36,0,0.69,100,0,2,0,1,10,100,8,0,0,100,0,0,0,12,100,2214,6,31,0,36,10,10
"agent ForwardAgent #106",ForwardAgent,0.5,0,0.69,100,0,2,0,1,14,100,14,0,0,100,0,0,0,12,100,2060,10,31,1,50,10,10
"agent ForwardAgent #107",ForwardAgent,0.83,0,0.69,100,0,4,0,3,20,100,19,0,0,100,0,0,0,22,100,1674,22,31,2,83,10,10
"agent ForwardAgent #108",ForwardAgent,0.12,0,0.69,100,0,1,0,0,2,100,4,0,0,100,0,0,0,2,100,626,4,13,3,12,10,10
"agent ForwardAgent #109",ForwardAgent,0.24,0,0.69,100,0,1,0,0,8,100,4,0,0,100,0,0,0,8,100,1863,4,25,0,24,10,10
"agent ForwardAgent #110",ForwardAgent,0.1,0,0.69,100,0,1,0,0,4,100,4,0,0,100,0,0,0,2,100,603,0,11,1,10,10,10
"agent ForwardAgent #111",ForwardAgent,0.29,0,0.69,100,0,2,0,1,4,100,8,0,0,100,0,0,0,11,100,830,6,24,2,29,10,10
"agent ForwardAgent #112",ForwardAgent,0.64,0,0.69,100,0,3,0,2,14,100,18,0,0,100,0,0,0,16,100,1240,16,31,3,64,10,10
"agent ForwardAgent #113",ForwardAgent,0.24,0,0.69,100,0,1,0,0,8,100,4,0,0,100,0,0,0,8,100,1837,4,25,0,24,10,10
"agent ForwardAgent #114",ForwardAgent,0.5,0,0.69,100,0,2,0,1,14,100,14,0,0,100,0,0,0,12,100,1990,10,31,1,50,10,10
"agent ForwardAgent #115",ForwardAgent,0.17,0,0.69,100,0,1,0,0,2,100,4,0,0,100,0,0,0,7,100,560,4,18,2,17,10,10
"agent ForwardAgent #116",ForwardAgent,0.48,0,0.69,100,0,3,0,2,10,100,14,0,0,100,0,0,0,12,100,1763,12,31,3,48,10,10
"agent ForwardAgent #117",ForwardAgent,0.36,0,0.69,100,0,2,0,1,10,100,8,0,0,100,0,0,0,12,100,2123,6,31,0,36,10,10
"agent ForwardAgent #118",ForwardAgent,1.02,0,0.69,100,0,4,0,3,26,100,28,0,0,100,0,0,0,26,100,2050,22,31,1,102,10,10
"agent ForwardAgent #119",ForwardAgent,0.17,0,0.69,100,0,1,0,0,2,100,4,0,0,100,0,0,0,7,100,541,4,18,2,17,10,10
"agent ForwardAgent #120",ForwardAgent,0.48,0,0.69,100,0,3,0,2,10,100,14,0,0,100,0,0,0,12,100,1708,12,31,3,48,10,10
"agent ForwardAgent #121",ForwardAgent,0.24,0,0.69,100,0,1,0,0,8,100,4,0,0,100,0,0,0,8,100,1784,4,25,0,24,10,10
"agent ForwardAgent #122",ForwardAgent,0.1,0,0.69,100,0,1,0,0,4,100,4,0,0,100,0,0,0,2,100,579,0,11,1,10,10,10
"agent ForwardAgent #123",ForwardAgent,1.35,0,0.69,100,0,6,0,5,32,100,33,0,0,100,0,0,0,36,100,1582,34,31,2,135,10,10
"agent ForwardAgent #124",ForwardAgent,0.64,0,0.69,100,0,3,0,2,14,100,18,0,0,100,0,0,0,16,100,1150,16,31,3,64,10,10
"agent ForwardAgent #125",ForwardAgent,0.36,0,0.69,100,0,2,0,1,10,100,8,0,0,100,0,0,0,12,100,2056,6,31,0,36,10,10
"agent ForwardAgent #126",ForwardAgent,0.1,0,0.69,100,0,1,0,0,4,100,4,0,0,100,0,0,0,2,100,569,0,11,1,10,10,10
"agent ForwardAgent #127",ForwardAgent,0.43,0,0.69,100,0,3,0,2,10,100,9,0,0,100,0,0,0,12,100,1440,12,31,2,43,10,10
"agent ForwardAgent #128",ForwardAgent,0.88,0,0.69,100,0,4,0,3,20,100,24,0,0,100,0,0,0,22,100,1756,22,31,3,88,10,10
"agent ForwardAgent #129",ForwardAgent,0.76,0,0.69,100,0,3,0,2,20,100,18,0,0,100,0,0,0,22,100,2039,16,31,0,76,10,10
"agent ForwardAgent #130",ForwardAgent,0.5,0,0.69,100,0,2,0,1,14,100,14,0,0,100,0,0,0,12,100,1844,10,31,1,50,10,10
"agent ForwardAgent #131",ForwardAgent,0.17,0,0.69,100,0,1,0,0,2,100,4,0,0,100,0,0,0,7,100,519,4,18,2,17,10,10
"agent ForwardAgent #132",ForwardAgent,0.88,0,0.69,100,0,4,0,3,20,100,24,0,0,100,0,0,0,22,100,1657,22,31,3,88,10,10
"agent ForwardAgent #133",ForwardAgent,0.76,0,0.69,100,0,3,0,2,20,100,18,0,0,100,0,0,0,22,100,1953,16,31,0,76,10,10
"agent ForwardAgent #134",ForwardAgent,0.1,0,0.69,100,0,1,0,0,4,100,4,0,0,100,0,0,0,2,100,552,0,11,1,10,10,10
"agent ForwardAgent #135",ForwardAgent,0.43,0,0.69,100,0,3,0,2,10,100,9,0,0,100,0,0,0,12,100,1387,12,31,2,43,10,10
"agent ForwardAgent #136",ForwardAgent,0.36,0,0.69,100,0,2,0,1,8,100,10,0,0,100,0,0,0,8,100,1575,10,25,3,36,10,10
"agent ForwardAgent #137",ForwardAgent,0.24,0,0.69,100,0,1,0,0,8,100,4,0,0,100,0,0,0,8,100,1684,4,25,0,24,10,10
"agent ForwardAgent #138",ForwardAgent,0.1,0,0.69,100,0,1,0,0,4,100,4,0,0,100,0,0,0,2,100,542,0,11,1,10,10,10
"agent ForwardAgent #139",ForwardAgent,0.31,0,0.69,100,0,2,0,1,8,100,5,0,0,100,0,0,0,8,100,1298,10,25,2,31,10,10
"agent ForwardAgent #140",ForwardAgent,0.36,0,0.69,100,0,2,0,1,8,100,10,0,0,100,0,0,0,8,100,1536,10,25,3,36,10,10
"agent ForwardAgent #141",ForwardAgent,0.24,0,0.69,100,0,1,0,0,8,100,4,0,0,100,0,0,0,8,100,1657,4,25,0,24,10,10
"agent ForwardAgent #142",ForwardAgent,0.62,0,0.69,100,0,3,0,2,16,100,18,0,0,100,0,0,0,16,100,1764,12,31,1,62,10,10
"agent ForwardAgent #143",ForwardAgent,0.69,0,0.69,100,0,3,0,2,14,100,18,0,0,100,0,0,0,21,100,945,16,31,2,69,10,10
"agent ForwardAgent #144",ForwardAgent,0.12,0,0.69,100,0,1,0,0,2,100,4,0,0,100,0,0,0,2,100,562,4,13,3,12,10,10
"agent ForwardAgent #145",ForwardAgent,0.24,0,0.69,100,0,1,0,0,8,100,4,0,0,100,0,0,0,8,100,1631,4,25,0,24,10,10
"agent ForwardAgent #146",ForwardAgent,0.62,0,0.69,100,0,3,0,2,16,100,18,0,0,100,0,0,0,16,100,1696,12,31,1,62,10,10
"agent ForwardAgent #147",ForwardAgent,0.43,0,0.69,100,0,3,0,2,10,100,9,0,0,100,0,0,0,12,100,1306,12,31,2,43,10,10
"agent ForwardAgent #148",ForwardAgent,0.36,0,0.69,100,0,2,0,1,8,100,10,0,0,100,0,0,0,8,100,1488,10,25,3,36,10,10
"agent ForwardAgent #149",ForwardAgent,0.24,0,0.69,100,0,1,0,0,8,100,4,0,0,100,0,0,0,8,100,1602,4,25,0,24,10,10
"agent ForwardAgent #150",ForwardAgent,0.1,0,0.69,100,0,1,0,0,4,100,4,0,0,100,0,0,0,2,100,518,0,11,1,10,10,10
"agent ForwardAgent #151",ForwardAgent,0.31,0,0.69,100,0,2,0,1,8,100,5,0,0,100,0,0,0,8,100,1229,10,25,2,31,10,10
"agent ForwardAgent #152",ForwardAgent,0.24,0,0.69,100,0,2,0,1,4,100,8,0,0,100,0,0,0,6,100,936,6,19,3,24,10,10
"agent ForwardAgent #153",ForwardAgent,0.88,0,0.69,100,0,4,0,3,22,100,22,0,0,100,0,0,0,26,100,1784,18,31,0,88,10,10
"agent ForwardAgent #154",ForwardAgent,0.5,0,0.69,100,0,2,0,1,14,100,14,0,0,100,0,0,0,12,100,1642,10,31,1,50,10,10
"agent ForwardAgent #155",ForwardAgent,0.17,0,0.69,100,0,1,0,0,2,100,4,0,0,100,0,0,0,7,100,477,4,18,2,17,10,10
"agent ForwardAgent #156",ForwardAgent,0.36,0,0.69,100,0,2,0,1,8,100,10,0,0,100,0,0,0,8,100,1441,10,25,3,36,10,10
"agent ForwardAgent #157",ForwardAgent,0.24,0,0.69,100,0,1,0,0,8,100,4,0,0,100,0,0,0,8,100,1547,4,25,0,24,10,10
"agent ForwardAgent #158",ForwardAgent,0.5,0,0.69,100,0,2,0,1,14,100,14,0,0,100,0,0,0,12,100,1587,10,31,1,50,10,10
"agent ForwardAgent #159",ForwardAgent,0.43,0,0.69,100,0,3,0,2,10,100,9,0,0,100,0,0,0,12,100,1226,12,31,2,43,10,10
"agent ForwardAgent #160",ForwardAgent,0.12,0,0.69,100,0,1,0,0,2,100,4,0,0,100,0,0,0,2,100,529,4,13,3,12,10,10
"agent ForwardAgent #161",ForwardAgent,0.24,0,0.69,100,0,1,0,0,8,100,4,0,0,100,0,0,0,8,100,1520,4,25,0,24,10,10
"agent ForwardAgent #162",ForwardAgent,0.1,0,0.69,100,0,1,0,0,4,100,4,0,0,100,0,0,0,2,100,494,0,11,1,10,10,10
"agent ForwardAgent #163",ForwardAgent,0.31,0,0.69,100,0,2,0,1,8,100,5,0,0,100,0,0,0,8,100,1163,10,25,2,31,10,10
"agent ForwardAgent #164",ForwardAgent,0.76,0,0.69,100,0,4,0,3,16,100,22,0,0,100,0,0,0,20,100,973,18,31,3,76,10,10
"agent ForwardAgent #165",ForwardAgent,0.24,0,0.69,100,0,1,0,0,8,100,4,0,0,100,0,0,0,8,100,1493,4,25,0,24,10,10
"agent ForwardAgent #166",ForwardAgent,1.14,0,0.69,100,0,5,0,4,28,100,32,0,0,100,0,0,0,30,100,1552,24,31,1,114,10,10
"agent ForwardAgent #167",ForwardAgent,0.17,0,0.69,100,0,1,0,0,2,100,4,0,0,100,0,0,0,7,100,455,4,18,2,17,10,10
"agent ForwardAgent #168",ForwardAgent,0.48,0,0.69,100,0,3,0,2,10,100,14,0,0,100,0,0,0,12,100,1367,12,31,3,48,10,10
"agent ForwardAgent #169",ForwardAgent,0.24,0,0.69,100,0,1,0,0,8,100,4,0,0,100,0,0,0,8,100,1465,4,25,0,24,10,10
"agent ForwardAgent #170",ForwardAgent,1.02,0,0.69,100,0,4,0,3,26,100,28,0,0,100,0,0,0,26,100,1446,22,31,1,102,10,10
"agent ForwardAgent #171",ForwardAgent,1.21,0,0.69,100,0,5,0,4,26,100,32,0,0,100,0,0,0,35,100,895,28,31,2,121,10,10
"agent ForwardAgent #172",ForwardAgent,0.12,0,0.69,100,0,1,0,0,2,100,4,0,0,100,0,0,0,2,100,499,4,13,3,12,10,10
"agent ForwardAgent #173",ForwardAgent,0.24,0,0.69,100,0,1,0,0,8,100,4,0,0,100,0,0,0,8,100,1439,4,25,0,24,10,10
"agent ForwardAgent #174",ForwardAgent,0.1,0,0.69,100,0,1,0,0,4,100,4,0,0,100,0,0,0,2,100,470,0,11,1,10,10,10
"agent ForwardAgent #175",ForwardAgent,0.43,0,0.69,100,0,3,0,2,10,100,9,0,0,100,0,0,0,12,100,1142,12,31,2,43,10,10
"agent ForwardAgent #176",ForwardAgent,0.12,0,0.69,100,0,1,0,0,2,100,4,0,0,100,0,0,0,2,100,483,4,13,3,12,10,10
"agent ForwardAgent #177",ForwardAgent,0.36,0,0.69,100,0,2,0,1,10,100,8,0,0,100,0,0,0,12,100,1659,6,31,0,36,10,10
"agent ForwardAgent #178",ForwardAgent,0.1,0,0.69,100,0,1,0,0,4,100,4,0,0,100,0,0,0,2,100,460,0,11,1,10,10,10
"agent ForwardAgent #179",ForwardAgent,0.31,0,0.69,100,0,2,0,1,8,100,5,0,0,100,0,0,0,8,100,1092,10,25,2,31,10,10
"agent ForwardAgent #180",ForwardAgent,0.12,0,0.69,100,0,1,0,0,2,100,4,0,0,100,0,0,0,2,100,467,4,13,3,12,10,10
"agent ForwardAgent #181",ForwardAgent,0.24,0,0.69,100,0,1,0,0,8,100,4,0,0,100,0,0,0,8,100,1392,4,25,0,24,10,10
"agent ForwardAgent #182",ForwardAgent,0.5,0,0.69,100,0,2,0,1,14,100,14,0,0,100,0,0,0,12,100,1385,10,31,1,50,10,10
"agent ForwardAgent #183",ForwardAgent,1.21,0,0.69,100,0,5,0,4,26,100,32,0,0,100,0,0,0,35,100,765,28,31,2,121,10,10
"agent ForwardAgent #184",ForwardAgent,0.64,0,0.69,100,0,3,0,2,14,100,18,0,0,100,0,0,0,16,100,825,16,31,3,64,10,10
"agent ForwardAgent #185",ForwardAgent,0.24,0,0.69,100,0,1,0,0,8,100,4,0,0,100,0,0,0,8,100,1364,4,25,0,24,10,10
"agent ForwardAgent #186",ForwardAgent,0.5,0,0.69,100,0,2,0,1,14,100,14,0,0,100,0,0,0,12,100,1327,10,31,1,50,10,10
"agent ForwardAgent #187",ForwardAgent,0.31,0,0.69,100,0,2,0,1,8,100,5,0,0,100,0,0,0,8,100,1053,10,25,2,31,10,10
"agent ForwardAgent #188",ForwardAgent,0.36,0,0.69,100,0,2,0,1,8,100,10,0,0,100,0,0,0,8,100,1321,10,25,3,36,10,10
"agent ForwardAgent #189",ForwardAgent,0.24,0,0.69,100,0,1,0,0,8,100,4,0,0,100,0,0,0,8,100,1335,4,25,0,24,10,10
"agent ForwardAgent #190",ForwardAgent,0.62,0,0.69,100,0,3,0,2,16,100,18,0,0,100,0,0,0,16,100,1235,12,31,1,62,10,10
"agent ForwardAgent #191",ForwardAgent,0.83,0,0.69,100,0,4,0,3,20,100,19,0,0,100,0,0,0,22,100,1062,22,31,2,83,10,10
"agent ForwardAgent #192",ForwardAgent,0.36,0,0.69,100,0,2,0,1,8,100,10,0,0,100,0,0,0,8,100,1280,10,25,3,36,10,10
"agent ForwardAgent #193",ForwardAgent,0.24,0,0.69,100,0,1,0,0,8,100,4,0,0,100,0,0,0,8,100,1306,4,25,0,24,10,10
"agent ForwardAgent #194",ForwardAgent,0.1,0,0.69,100,0,1,0,0,4,100,4,0,0,100,0,0,0,2,100,429,0,11,1,10,10,10
"agent ForwardAgent #195",ForwardAgent,0.43,0,0.69,100,0,3,0,2,10,100,9,0,0,100,0,0,0,12,100,988,12,31,2,43,10,10
"agent ForwardAgent #196",ForwardAgent,0.36,0,0.69,100,0,2,0,1,8,100,10,0,0,100,0,0,0,8,100,1241,10,25,3,36,10,10
"agent ForwardAgent #197",ForwardAgent,0.24,0,0.69,100,0,1,0,0,8,100,4,0,0,100,0,0,0,8,100,1279,4,25,0,24,10,10
"agent ForwardAgent #198",ForwardAgent,0.1,0,0.69,100,0,1,0,0,4,100,4,0,0,100,0,0,0,2,100,419,0,11,1,10,10,10
"agent ForwardAgent #199",ForwardAgent,0.29,0,0.69,100,0,2,0,1,4,100,8,0,0,100,0,0,0,11,100,605,6,24,2,29,10,10
"agent ForwardAgent #200",ForwardAgent,0.12,0,0.69,100,0,1,0,0,2,100,4,0,0,100,0,0,0,2,100,429,4,13,3,12,10,10
"agent NegotiatingAgent #201",NegotiatingAgent,0.24,0,0.69,100,23,1,0,0,8,100,4,46,43,100,0,0,0,8,100,358,4,25,0,24,10,10
"agent NegotiatingAgent #202",NegotiatingAgent,0.5,135,0.69,100,48,2,0,1,14,100,14,96,71,100,0,0,0,12,100,300,10,31,1,50,10,10
"agent NegotiatingAgent #203",NegotiatingAgent,0.31,0,0.69,100,28,2,0,1,8,100,5,58,58,100,0,0,0,8,100,264,10,25,2,31,10,10
"agent NegotiatingAgent #204",NegotiatingAgent,0.48,47,0.69,100,46,3,0,2,10,100,14,94,78,100,0,0,0,12,100,308,12,31,3,48,10,10
"agent NegotiatingAgent #205",NegotiatingAgent,0.24,0,0.69,100,15,1,0,0,8,100,4,33,33,100,0,1,0,8,100,781,4,25,0,24,10,10
"agent NegotiatingAgent #206",NegotiatingAgent,0.5,0,0.69,100,44,2,0,1,14,100,14,90,66,100,0,0,0,12,100,625,10,31,1,50,10,10
"agent NegotiatingAgent #207",NegotiatingAgent,0.31,0,0.69,100,24,2,0,1,8,100,5,51,51,100,0,0,0,8,100,522,10,25,2,31,10,10
"agent NegotiatingAgent #208",NegotiatingAgent,0.48,42,0.69,100,38,3,0,2,10,100,14,90,69,100,0,0,0,12,100,274,12,31,3,48,10,10
"agent NegotiatingAgent #209",NegotiatingAgent,0.36,0,0.69,100,22,2,0,1,10,100,8,56,45,100,0,1,0,12,100,425,6,31,0,36,10,10
"agent NegotiatingAgent #210",NegotiatingAgent,0.1,0,0.69,100,1,1,0,0,4,100,4,9,8,100,0,2,0,2,100,374,0,11,1,10,10,10
"agent NegotiatingAgent #211",NegotiatingAgent,0.17,0,0.69,100,13,1,0,0,2,100,4,29,24,100,0,1,0,7,100,475,4,18,2,17,10,10
"agent NegotiatingAgent #212",NegotiatingAgent,0.12,0,0.69,100,12,1,0,0,2,100,4,24,25,100,0,0,0,2,100,256,4,13,3,12,10,10
"agent NegotiatingAgent #213",NegotiatingAgent,0.24,0,0.69,100,12,1,0,0,8,100,4,29,26,100,0,0,0,8,100,776,4,25,0,24,10,10
"agent NegotiatingAgent #214",NegotiatingAgent,0.1,0,0.69,100,8,1,0,0,4,100,4,17,16,100,0,0,0,2,100,187,0,11,1,10,10,10
"agent NegotiatingAgent #215",NegotiatingAgent,0.43,116,0.69,100,11,3,0,2,10,100,9,50,46,100,0,3,0,12,100,889,12,31,2,43,10,10
"agent NegotiatingAgent #216",NegotiatingAgent,0.48,7,0.69,100,37,3,0,2,10,100,14,81,67,100,0,0,0,12,100,303,12,31,3,48,10,10
"agent NegotiatingAgent #217",NegotiatingAgent,0.24,0,0.69,100,0,1,0,0,8,100,4,22,19,100,0,3,0,8,100,1203,4,25,0,24,10,10
"agent NegotiatingAgent #218",NegotiatingAgent,0.1,0,0.69,100,0,1,0,0,4,100,4,8,9,100,0,0,0,2,100,384,0,11,1,10,10,10
"agent NegotiatingAgent #219",NegotiatingAgent,0.43,24,0.69,100,2,3,0,2,10,100,9,47,45,100,3,4,0,12,100,881,12,31,2,43,10,10
"agent NegotiatingAgent #220",NegotiatingAgent,0.24,0,0.69,100,15,2,0,1,4,100,8,36,37,100,0,1,0,6,100,535,6,19,3,24,10,10
"agent NegotiatingAgent #221",NegotiatingAgent,0.24,0,0.69,100,12,1,0,0,8,100,4,34,30,100,0,0,0,8,100,229,4,25,0,24,10,10
"agent NegotiatingAgent #222",NegotiatingAgent,0.1,0,0.69,100,0,1,0,0,4,100,4,9,9,100,0,0,0,2,100,374,0,11,1,10,10,10
"agent NegotiatingAgent #223",NegotiatingAgent,0.43,0,0.69,100,0,3,0,2,10,100,9,38,41,100,2,3,0,12,100,803,12,31,2,43,10,10
"agent NegotiatingAgent #224",NegotiatingAgent,0.36,0,0.69,100,0,2,0,1,8,100,10,34,30,100,0,4,0,8,100,1105,10,25,3,36,10,10
"agent NegotiatingAgent #225",NegotiatingAgent,0.36,0,0.69,100,0,2,0,1,10,100,8,34,30,100,0,4,0,12,100,1378,6,31,0,36,10,10
"agent NegotiatingAgent #226",NegotiatingAgent,0.1,0,0.69,100,0,1,0,0,4,100,4,8,9,100,0,0,0,2,100,364,0,11,1,10,10,10
"agent NegotiatingAgent #227",NegotiatingAgent,0.29,0,0.69,100,16,2,0,1,4,100,8,43,39,100,0,2,0,11,100,398,6,24,2,29,10,10
"agent NegotiatingAgent #228",NegotiatingAgent,0.12,0,0.69,100,5,1,0,0,2,100,4,13,12,100,0,0,0,2,100,249,4,13,3,12,10,10
"agent NegotiatingAgent #229",NegotiatingAgent,0.24,0,0.69,100,0,1,0,0,8,100,4,22,21,100,0,1,0,8,100,1150,4,25,0,24,10,10
"agent NegotiatingAgent #230",NegotiatingAgent,0.5,60,0.69,100,7,2,0,1,14,100,14,54,49,100,0,5,0,12,100,1044,10,31,1,50,10,10
"agent NegotiatingAgent #231",NegotiatingAgent,0.31,0,0.69,100,0,2,0,1,8,100,5,30,29,100,0,1,0,8,100,797,10,25,2,31,10,10
"agent NegotiatingAgent #232",NegotiatingAgent,0.48,21,0.69,100,30,3,0,2,10,100,14,78,53,100,0,1,0,12,100,249,12,31,3,48,10,10
"agent NegotiatingAgent #233",NegotiatingAgent,0.24,0,0.69,100,0,1,0,0,8,100,4,22,22,100,0,0,0,8,100,1121,4,25,0,24,10,10
"agent NegotiatingAgent #234",NegotiatingAgent,0.1,0,0.69,100,0,1,0,0,4,100,4,8,9,100,0,0,0,2,100,347,0,11,1,10,10,10
"agent NegotiatingAgent #235",NegotiatingAgent,0.17,0,0.69,100,9,1,0,0,2,100,4,23,23,100,0,0,0,7,100,352,4,18,2,17,10,10
"agent NegotiatingAgent #236",NegotiatingAgent,0.36,0,0.69,100,0,2,0,1,8,100,10,34,33,100,0,1,0,8,100,1043,10,25,3,36,10,10
"agent NegotiatingAgent #237",NegotiatingAgent,0.36,0,0.69,100,0,2,0,1,10,100,8,34,31,100,0,3,0,12,100,1275,6,31,0,36,10,10
"agent NegotiatingAgent #238",NegotiatingAgent,0.1,0,0.69,100,0,1,0,0,4,100,4,9,8,100,0,1,0,2,100,337,0,11,1,10,10,10
"agent NegotiatingAgent #239",NegotiatingAgent,0.29,0,0.69,100,9,2,0,1,4,100,8,33,33,100,0,1,0,11,100,521,6,24,2,29,10,10
"agent NegotiatingAgent #240",NegotiatingAgent,0.24,0,0.69,100,13,2,0,1,4,100,8,33,30,100,0,0,0,6,100,240,6,19,3,24,10,10
"agent NegotiatingAgent #241",NegotiatingAgent,0.36,0,0.69,100,0,2,0,1,10,100,8,34,33,100,0,1,0,12,100,1221,6,31,0,36,10,10
"agent NegotiatingAgent #242",NegotiatingAgent,0.5,0,0.69,100,0,2,0,1,14,100,14,49,44,100,0,5,0,12,100,992,10,31,1,50,10,10
"agent NegotiatingAgent #243",NegotiatingAgent,0.17,0,0.69,100,0,1,0,0,2,100,4,15,12,100,0,3,0,7,100,319,4,18,2,17,10,10
"agent NegotiatingAgent #244",NegotiatingAgent,0.24,0,0.69,100,0,2,0,1,4,100,8,22,19,100,0,3,0,6,100,653,6,19,3,24,10,10
"agent NegotiatingAgent #245",NegotiatingAgent,0.24,0,0.69,100,0,1,0,0,8,100,4,22,21,100,0,1,0,8,100,1040,4,25,0,24,10,10
"agent NegotiatingAgent #246",NegotiatingAgent,0.5,0,0.69,100,0,2,0,1,14,100,14,49,44,100,0,5,0,12,100,937,10,31,1,50,10,10
"agent NegotiatingAgent #247",NegotiatingAgent,0.31,0,0.69,100,0,2,0,1,8,100,5,30,27,100,0,3,0,8,100,754,10,25,2,31,10,10
"agent NegotiatingAgent #248",NegotiatingAgent,0.12,0,0.69,100,0,1,0,0,2,100,4,10,9,100,0,1,0,2,100,347,4,13,3,12,10,10
"agent NegotiatingAgent #249",NegotiatingAgent,0.36,0,0.69,100,0,2,0,1,10,100,8,34,31,100,0,3,0,12,100,1157,6,31,0,36,10,10
"agent NegotiatingAgent #250",NegotiatingAgent,0.1,0,0.69,100,0,1,0,0,4,100,4,9,9,100,0,0,0,2,100,313,0,11,1,10,10,10
"agent NegotiatingAgent #251",NegotiatingAgent,0.29,0,0.69,100,0,2,0,1,4,100,8,27,24,100,0,3,0,11,100,473,6,24,2,29,10,10
"agent NegotiatingAgent #252",NegotiatingAgent,0.48,0,0.69,100,0,3,0,2,10,100,14,47,42,100,0,5,0,12,100,932,12,31,3,48,10,10
"agent NegotiatingAgent #253",NegotiatingAgent,0.36,0,0.69,100,0,2,0,1,10,100,8,34,31,100,0,3,0,12,100,1116,6,31,0,36,10,10
"agent NegotiatingAgent #254",NegotiatingAgent,0.1,0,0.69,100,0,1,0,0,4,100,4,9,8,100,0,1,0,2,100,303,0,11,1,10,10,10
"agent NegotiatingAgent #255",NegotiatingAgent,0.43,0,0.69,100,0,3,0,2,10,100,9,41,37,100,0,4,0,12,100,668,12,31,2,43,10,10
"agent NegotiatingAgent #256",NegotiatingAgent,0.24,0,0.69,100,0,2,0,1,4,100,8,22,17,100,0,5,0,6,100,603,6,19,3,24,10,10
"agent NegotiatingAgent #257",NegotiatingAgent,0.36,0,0.69,100,0,2,0,1,10,100,8,34,33,100,0,1,0,12,100,1076,6,31,0,36,10,10
"agent NegotiatingAgent #258",NegotiatingAgent,0.5,0,0.69,100,0,2,0,1,14,100,14,49,41,100,0,8,0,12,100,854,10,31,1,50,10,10
"agent NegotiatingAgent #259",NegotiatingAgent,0.29,0,0.69,100,0,2,0,1,4,100,8,27,21,100,0,6,0,11,100,438,6,24,2,29,10,10
"agent NegotiatingAgent #260",NegotiatingAgent,0.48,0,0.69,100,0,3,0,2,10,100,14,47,43,100,0,4,0,12,100,870,12,31,3,48,10,10
"agent NegotiatingAgent #261",NegotiatingAgent,0.36,0,0.69,100,0,2,0,1,10,100,8,34,34,100,0,0,0,12,100,1033,6,31,0,36,10,10
"agent NegotiatingAgent #262",NegotiatingAgent,0.5,0,0.69,100,0,2,0,1,14,100,14,49,44,100,0,5,0,12,100,795,10,31,1,50,10,10
"agent NegotiatingAgent #263",NegotiatingAgent,0.31,0,0.69,100,0,2,0,1,8,100,5,30,26,100,0,4,0,8,100,677,10,25,2,31,10,10
"agent NegotiatingAgent #264",NegotiatingAgent,0.12,0,0.69,100,0,1,0,0,2,100,4,10,10,100,0,0,0,2,100,312,4,13,3,12,10,10
"agent NegotiatingAgent #265",NegotiatingAgent,0.36,0,0.69,100,0,2,0,1,10,100,8,34,32,100,0,2,0,12,100,994,6,31,0,36,10,10
"agent NegotiatingAgent #266",NegotiatingAgent,0.1,0,0.69,100,0,1,0,0,4,100,4,9,8,100,0,1,0,2,100,279,0,11,1,10,10,10
"agent NegotiatingAgent #267",NegotiatingAgent,0.31,0,0.69,100,0,2,0,1,8,100,5,30,26,100,0,4,0,8,100,645,10,25,2,31,10,10
"agent NegotiatingAgent #268",NegotiatingAgent,0.12,0,0.69,100,0,1,0,0,2,100,4,10,8,100,0,2,0,2,100,296,4,13,3,12,10,10
"agent NegotiatingAgent #269",NegotiatingAgent,0.36,0,0.69,100,0,2,0,1,10,100,8,34,30,100,0,4,0,12,100,957,6,31,0,36,10,10
"agent NegotiatingAgent #270",NegotiatingAgent,0.5,0,0.69,100,0,2,0,1,14,100,14,49,42,100,0,7,0,12,100,728,10,31,1,50,10,10
"agent NegotiatingAgent #271",NegotiatingAgent,0.17,0,0.69,100,2,1,0,0,2,100,4,16,15,100,0,2,0,7,100,260,4,18,2,17,10,10
"agent NegotiatingAgent #272",NegotiatingAgent,0.48,0,0.69,100,0,3,0,2,10,100,14,47,42,100,0,5,0,12,100,801,12,31,3,48,10,10
"agent NegotiatingAgent #273",NegotiatingAgent,0.36,0,0.69,100,0,2,0,1,10,100,8,34,30,100,0,4,0,12,100,915,6,31,0,36,10,10
"agent NegotiatingAgent #274",NegotiatingAgent,0.5,0,0.69,100,0,2,0,1,14,100,14,49,44,100,0,5,0,12,100,669,10,31,1,50,10,10
"agent NegotiatingAgent #275",NegotiatingAgent,0.17,0,0.69,100,6,1,0,0,2,100,4,17,16,100,0,0,0,7,100,236,4,18,2,17,10,10
"agent NegotiatingAgent #276",NegotiatingAgent,0.24,0,0.69,100,0,2,0,1,4,100,8,22,16,100,0,6,0,6,100,538,6,19,3,24,10,10
"agent NegotiatingAgent #277",NegotiatingAgent,0.24,0,0.69,100,0,1,0,0,8,100,4,22,21,100,0,1,0,8,100,839,4,25,0,24,10,10
"agent NegotiatingAgent #278",NegotiatingAgent,0.5,0,0.69,100,0,2,0,1,14,100,14,49,46,100,0,3,0,12,100,613,10,31,1,50,10,10
"agent NegotiatingAgent #279",NegotiatingAgent,0.29,0,0.69,100,0,2,0,1,4,100,8,27,25,100,0,2,0,11,100,374,6,24,2,29,10,10
"agent NegotiatingAgent #280",NegotiatingAgent,0.36,0,0.69,100,0,2,0,1,8,100,10,34,32,100,0,2,0,8,100,799,10,25,3,36,10,10
"agent NegotiatingAgent #281",NegotiatingAgent,0.24,0,0.69,100,0,1,0,0,8,100,4,22,22,100,0,0,0,8,100,811,4,25,0,24,10,10
"agent NegotiatingAgent #282",NegotiatingAgent,0.1,0,0.69,100,0,1,0,0,4,100,4,9,8,100,0,1,0,2,100,248,0,11,1,10,10,10
"agent NegotiatingAgent #283",NegotiatingAgent,0.31,0,0.69,100,0,2,0,1,8,100,5,30,29,100,0,1,0,8,100,598,10,25,2,31,10,10
"agent NegotiatingAgent #284",NegotiatingAgent,0.48,0,0.69,100,0,3,0,2,10,100,14,47,44,100,0,3,0,12,100,704,12,31,3,48,10,10
"agent NegotiatingAgent #285",NegotiatingAgent,0.24,0,0.69,100,0,1,0,0,8,100,4,22,21,100,0,1,0,8,100,784,4,25,0,24,10,10
"agent NegotiatingAgent #286",NegotiatingAgent,0.5,0,0.69,100,0,2,0,1,14,100,14,49,45,100,0,4,0,12,100,542,10,31,1,50,10,10
"agent NegotiatingAgent #287",NegotiatingAgent,0.17,0,0.69,100,0,1,0,0,2,100,4,15,15,100,0,0,0,7,100,218,4,18,2,17,10,10
"agent NegotiatingAgent #288",NegotiatingAgent,0.36,0,0.69,100,0,2,0,1,8,100,10,34,31,100,0,3,0,8,100,722,10,25,3,36,10,10
"agent NegotiatingAgent #289",NegotiatingAgent,0.24,0,0.69,100,0,1,0,0,8,100,4,22,22,100,0,0,0,8,100,756,4,25,0,24,10,10
"agent NegotiatingAgent #290",NegotiatingAgent,0.1,0,0.69,100,0,1,0,0,4,100,4,8,9,100,0,0,0,2,100,231,0,11,1,10,10,10
"agent NegotiatingAgent #291",NegotiatingAgent,0.43,0,0.69,100,0,3,0,2,10,100,9,41,34,100,0,7,0,12,100,504,12,31,2,43,10,10
"agent NegotiatingAgent #292",NegotiatingAgent,0.36,0,0.69,100,0,2,0,1,8,100,10,34,30,100,0,4,0,8,100,683,10,25,3,36,10,10
"agent NegotiatingAgent #293",NegotiatingAgent,0.36,0,0.69,100,0,2,0,1,10,100,8,34,32,100,0,2,0,12,100,758,6,31,0,36,10,10
"agent NegotiatingAgent #294",NegotiatingAgent,0.1,0,0.69,100,0,1,0,0,4,100,4,9,9,100,0,0,0,2,100,221,0,11,1,10,10,10
"agent NegotiatingAgent #295",NegotiatingAgent,0.31,0,0.69,100,0,2,0,1,8,100,5,30,27,100,0,3,0,8,100,531,10,25,2,31,10,10
"agent NegotiatingAgent #296",NegotiatingAgent,0.48,0,0.69,100,0,3,0,2,10,100,14,47,40,100,0,7,0,12,100,576,12,31,3,48,10,10
"agent NegotiatingAgent #297",NegotiatingAgent,0.24,0,0.69,100,0,1,0,0,8,100,4,22,20,100,0,2,0,8,100,705,4,25,0,24,10,10
"agent NegotiatingAgent #298",NegotiatingAgent,0.5,0,0.69,100,0,2,0,1,14,100,14,49,47,100,0,2,0,12,100,459,10,31,1,50,10,10
"agent NegotiatingAgent #299",NegotiatingAgent,0.29,0,0.69,100,0,2,0,1,4,100,8,27,24,100,0,3,0,11,100,320,6,24,2,29,10,10
"agent NegotiatingAgent #300",NegotiatingAgent,0.12,0,0.69,100,0,1,0,0,2,100,4,10,9,100,0,1,0,2,100,247,4,13,3,12,10,10
"agent SwarmAgent #301",SwarmAgent,0.36,0,0.69,100,0,2,0,1,10,100,8,0,0,100,0,0,0,12,100,693,6,31,0,36,10,10
"agent SwarmAgent #302",SwarmAgent,0.36,0,0.69,100,0,1,0,1,8,100,13,0,0,100,0,0,0,11,100,754,4,24,1,36,10,10
"agent SwarmAgent #303",SwarmAgent,0.29,0,0.69,100,0,2,0,1,4,100,8,0,0,100,0,0,0,11,100,289,6,24,2,29,10,10
"agent SwarmAgent #304",SwarmAgent,0.24,0,0.69,100,0,2,0,1,4,100,8,0,0,100,0,0,0,6,100,454,6,19,3,24,10,10
"agent SwarmAgent #305",SwarmAgent,0.24,0,0.69,100,0,1,0,0,8,100,4,0,0,100,0,0,0,8,100,651,4,25,0,24,10,10
"agent SwarmAgent #306",SwarmAgent,0.1,0,0.69,100,0,1,0,0,4,100,4,0,0,100,0,0,0,2,100,197,0,11,1,10,10,10
"agent SwarmAgent #307",SwarmAgent,0.31,0,0.69,100,0,2,0,1,8,100,5,0,0,100,0,0,0,8,100,484,10,25,2,31,10,10
"agent SwarmAgent #308",SwarmAgent,0.12,0,0.69,100,0,1,0,0,2,100,4,0,0,100,0,0,0,2,100,220,4,13,3,12,10,10
"agent SwarmAgent #309",SwarmAgent,0.24,0,0.69,100,0,1,0,0,8,100,4,0,0,100,0,0,0,8,100,626,4,25,0,24,10,10
"agent SwarmAgent #310",SwarmAgent,0.36,0,0.69,100,0,1,0,1,8,100,13,0,0,100,0,0,0,11,100,701,4,24,1,36,10,10
"agent SwarmAgent #311",SwarmAgent,0.31,0,0.69,100,0,2,0,1,8,100,5,0,0,100,0,0,0,8,100,451,10,25,2,31,10,10
"agent SwarmAgent #312",SwarmAgent,0.24,0,0.69,100,0,2,0,1,4,100,8,0,0,100,0,0,0,6,100,407,6,19,3,24,10,10
"agent SwarmAgent #313",SwarmAgent,0.24,0,0.69,100,0,1,0,0,8,100,4,0,0,100,0,0,0,8,100,594,4,25,0,24,10,10
"agent SwarmAgent #314",SwarmAgent,0.36,0,0.69,100,0,1,0,1,8,100,13,0,0,100,0,0,0,11,100,660,4,24,1,36,10,10
"agent SwarmAgent #315",SwarmAgent,0.31,0,0.69,100,0,2,0,1,8,100,5,0,0,100,0,0,0,8,100,418,10,25,2,31,10,10
"agent SwarmAgent #316",SwarmAgent,0.36,0,0.69,100,0,2,0,1,8,100,10,0,0,100,0,0,0,8,100,526,10,25,3,36,10,10
"agent SwarmAgent #317",SwarmAgent,0.24,0,0.69,100,0,1,0,0,8,100,4,0,0,100,0,0,0,8,100,565,4,25,0,24,10,10
"agent SwarmAgent #318",SwarmAgent,0.36,0,0.69,100,0,1,0,1,8,100,13,0,0,100,0,0,0,11,100,603,4,24,1,36,10,10
"agent SwarmAgent #319",SwarmAgent,0.31,0,0.69,100,0,2,0,1,8,100,5,0,0,100,0,0,0,8,100,384,10,25,2,31,10,10
"agent SwarmAgent #320",SwarmAgent,0.24,0,0.69,100,0,2,0,1,4,100,8,0,0,100,0,0,0,6,100,368,6,19,3,24,10,10
"agent SwarmAgent #321",SwarmAgent,0.24,0,0.69,100,0,1,0,0,8,100,4,0,0,100,0,0,0,8,100,533,4,25,0,24,10,10
"agent SwarmAgent #322",SwarmAgent,0.1,0,0.69,100,0,1,0,0,4,100,4,0,0,100,0,0,0,2,100,166,0,11,1,10,10,10
"agent SwarmAgent #323",SwarmAgent,0.17,0,0.69,100,0,1,0,0,2,100,4,0,0,100,0,0,0,7,100,158,4,18,2,17,10,10
"agent SwarmAgent #324",SwarmAgent,0.12,0,0.69,100,0,1,0,0,2,100,4,0,0,100,0,0,0,2,100,179,4,13,3,12,10,10
"agent SwarmAgent #325",SwarmAgent,0.24,0,0.69,100,0,1,0,0,8,100,4,0,0,100,0,0,0,8,100,509,4,25,0,24,10,10
"agent SwarmAgent #326",SwarmAgent,0.1,0,0.69,100,0,1,0,0,4,100,4,0,0,100,0,0,0,2,100,156,0,11,1,10,10,10
"agent SwarmAgent #327",SwarmAgent,0.31,0,0.69,100,0,2,0,1,8,100,5,0,0,100,0,0,0,8,100,350,10,25,2,31,10,10
"agent SwarmAgent #328",SwarmAgent,0.12,0,0.69,100,0,1,0,0,2,100,4,0,0,100,0,0,0,2,100,163,4,13,3,12,10,10
"agent SwarmAgent #329",SwarmAgent,0.24,0,0.69,100,0,1,0,0,8,100,4,0,0,100,0,0,0,8,100,484,4,25,0,24,10,10
"agent SwarmAgent #330",SwarmAgent,0.36,0,0.69,100,0,1,0,1,8,100,13,0,0,100,0,0,0,11,100,538,4,24,1,36,10,10
"agent SwarmAgent #331",SwarmAgent,0.31,0,0.69,100,0,2,0,1,8,100,5,0,0,100,0,0,0,8,100,317,10,25,2,31,10,10
"agent SwarmAgent #332",SwarmAgent,0.12,0,0.69,100,0,1,0,0,2,100,4,0,0,100,0,0,0,2,100,149,4,13,3,12,10,10
"agent SwarmAgent #333",SwarmAgent,0.24,0,0.69,100,0,1,0,0,8,100,4,0,0,100,0,0,0,8,100,457,4,25,0,24,10,10
"agent SwarmAgent #334",SwarmAgent,0.1,0,0.69,100,0,1,0,0,4,100,4,0,0,100,0,0,0,2,100,139,0,11,1,10,10,10
"agent SwarmAgent #335",SwarmAgent,0.31,0,0.69,100,0,2,0,1,8,100,5,0,0,100,0,0,0,8,100,285,10,25,2,31,10,10
"agent SwarmAgent #336",SwarmAgent,0.24,0,0.69,100,0,2,0,1,4,100,8,0,0,100,0,0,0,6,100,289,6,19,3,24,10,10
"agent SwarmAgent #337",SwarmAgent,0.24,0,0.69,100,0,1,0,0,8,100,4,0,0,100,0,0,0,8,100,427,4,25,0,24,10,10
"agent SwarmAgent #338",SwarmAgent,0.36,0,0.69,100,0,1,0,1,8,100,13,0,0,100,0,0,0,11,100,485,4,24,1,36,10,10
"agent SwarmAgent #339",SwarmAgent,0.29,0,0.69,100,0,2,0,1,4,100,8,0,0,100,0,0,0,11,100,229,6,24,2,29,10,10
"agent SwarmAgent #340",SwarmAgent,0.12,0,0.69,100,0,1,0,0,2,100,4,0,0,100,0,0,0,2,100,122,4,13,3,12,10,10
"agent SwarmAgent #341",SwarmAgent,0.24,0,0.69,100,0,1,0,0,8,100,4,0,0,100,0,0,0,8,100,401,4,25,0,24,10,10
"agent SwarmAgent #342",SwarmAgent,0.1,0,0.69,100,0,1,0,0,4,100,4,0,0,100,0,0,0,2,100,122,0,11,1,10,10,10
"agent SwarmAgent #343",SwarmAgent,0.31,0,0.69,100,0,2,0,1,8,100,5,0,0,100,0,0,0,8,100,246,10,25,2,31,10,10
"agent SwarmAgent #344",SwarmAgent,0.24,0,0.69,100,0,2,0,1,4,100,8,0,0,100,0,0,0,6,100,241,6,19,3,24,10,10
"agent SwarmAgent #345",SwarmAgent,0.24,0,0.69,100,0,1,0,0,8,100,4,0,0,100,0,0,0,8,100,371,4,25,0,24,10,10
"agent SwarmAgent #346",SwarmAgent,0.1,0,0.69,100,0,1,0,0,4,100,4,0,0,100,0,0,0,2,100,112,0,11,1,10,10,10
"agent SwarmAgent #347",SwarmAgent,0.29,0,0.69,100,0,2,0,1,4,100,8,0,0,100,0,0,0,11,100,198,6,24,2,29,10,10
"agent SwarmAgent #348",SwarmAgent,0.24,0,0.69,100,0,2,0,1,4,100,8,0,0,100,0,0,0,6,100,209,6,19,3,24,10,10
"agent SwarmAgent #349",SwarmAgent,0.24,0,0.69,100,0,1,0,0,8,100,4,0,0,100,0,0,0,8,100,342,4,25,0,24,10,10
"agent SwarmAgent #350",SwarmAgent,0.36,0,0.69,100,0,1,0,1,8,100,13,0,0,100,0,0,0,11,100,420,4,24,1,36,10,10
"agent SwarmAgent #351",SwarmAgent,0.29,0,0.69,100,0,2,0,1,4,100,8,0,0,100,0,0,0,11,100,167,6,24,2,29,10,10
"agent SwarmAgent #352",SwarmAgent,0.36,0,0.69,100,0,2,0,1,8,100,10,0,0,100,0,0,0,8,100,383,10,25,3,36,10,10
"agent SwarmAgent #353",SwarmAgent,0.24,0,0.69,100,0,1,0,0,8,100,4,0,0,100,0,0,0,8,100,314,4,25,0,24,10,10
"agent SwarmAgent #354",SwarmAgent,0.36,0,0.69,100,0,1,0,1,8,100,13,0,0,100,0,0,0,11,100,363,4,24,1,36,10,10
"agent SwarmAgent #355",SwarmAgent,0.29,0,0.69,100,0,2,0,1,4,100,8,0,0,100,0,0,0,11,100,136,6,24,2,29,10,10
"agent SwarmAgent #356",SwarmAgent,0.36,0,0.69,100,0,2,0,1,8,100,10,0,0,100,0,0,0,8,100,326,10,25,3,36,10,10
"agent SwarmAgent #357",SwarmAgent,0.24,0,0.69,100,0,1,0,0,8,100,4,0,0,100,0,0,0,8,100,286,4,25,0,24,10,10
"agent SwarmAgent #358",SwarmAgent,0.36,0,0.69,100,0,1,0,1,8,100,13,0,0,100,0,0,0,11,100,306,4,24,1,36,10,10
"agent SwarmAgent #359",SwarmAgent,0.29,0,0.69,100,0,2,0,1,4,100,8,0,0,100,0,0,0,11,100,105,6,24,2,29,10,10
"agent SwarmAgent #360",SwarmAgent,0.36,0,0.69,100,0,2,0,1,8,100,10,0,0,100,0,0,0,8,100,269,10,25,3,36,10,10
"agent SwarmAgent #361",SwarmAgent,0.24,0,0.69,100,0,1,0,0,8,100,4,0,0,100,0,0,0,8,100,258,4,25,0,24,10,10
"agent SwarmAgent #362",SwarmAgent,0.1,0,0.69,100,0,1,0,0,4,100,4,0,0,100,0,0,0,2,100,81,0,11,1,10,10,10
"agent SwarmAgent #363",SwarmAgent,0.31,0,0.69,100,0,2,0,1,8,100,5,0,0,100,0,0,0,8,100,184,10,25,2,31,10,10
"agent SwarmAgent #364",SwarmAgent,0.24,0,0.69,100,0,2,0,1,4,100,8,0,0,100,0,0,0,6,100,151,6,19,3,24,10,10
"agent SwarmAgent #365",SwarmAgent,0.24,0,0.69,100,0,1,0,0,8,100,4,0,0,100,0,0,0,8,100,228,4,25,0,24,10,10
"agent SwarmAgent #366",SwarmAgent,0.1,0,0.69,100,0,1,0,0,4,100,4,0,0,100,0,0,0,2,100,71,0,11,1,10,10,10
"agent SwarmAgent #367",SwarmAgent,0.31,0,0.69,100,0,2,0,1,8,100,5,0,0,100,0,0,0,8,100,152,10,25,2,31,10,10
"agent SwarmAgent #368",SwarmAgent,0.36,0,0.69,100,0,2,0,1,8,100,10,0,0,100,0,0,0,8,100,226,10,25,3,36,10,10
"agent SwarmAgent #369",SwarmAgent,0.24,0,0.69,100,0,1,0,0,8,100,4,0,0,100,0,0,0,8,100,201,4,25,0,24,10,10
"agent SwarmAgent #370",SwarmAgent,0.36,0,0.69,100,0,1,0,1,8,100,13,0,0,100,0,0,0,11,100,209,4,24,1,36,10,10
"agent SwarmAgent #371",SwarmAgent,0.31,0,0.69,100,0,2,0,1,8,100,5,0,0,100,0,0,0,8,100,118,10,25,2,31,10,10
"agent SwarmAgent #372",SwarmAgent,0.24,0,0.69,100,0,2,0,1,4,100,8,0,0,100,0,0,0,6,100,112,6,19,3,24,10,10
"agent SwarmAgent #373",SwarmAgent,0.24,0,0.69,100,0,1,0,0,8,100,4,0,0,100,0,0,0,8,100,169,4,25,0,24,10,10
"agent SwarmAgent #374",SwarmAgent,0.1,0,0.69,100,0,1,0,0,4,100,4,0,0,100,0,0,0,2,100,54,0,11,1,10,10,10
"agent SwarmAgent #375",SwarmAgent,0.17,0,0.69,100,0,1,0,0,2,100,4,0,0,100,0,0,0,7,100,54,4,18,2,17,10,10
"agent SwarmAgent #376",SwarmAgent,0.36,0,0.69,100,0,2,0,1,8,100,10,0,0,100,0,0,0,8,100,165,10,25,3,36,10,10
"agent SwarmAgent #377",SwarmAgent,0.24,0,0.69,100,0,1,0,0,8,100,4,0,0,100,0,0,0,8,100,143,4,25,0,24,10,10
"agent SwarmAgent #378",SwarmAgent,0.1,0,0.69,100,0,1,0,0,4,100,4,0,0,100,0,0,0,2,100,44,0,11,1,10,10,10
"agent SwarmAgent #379",SwarmAgent,0.17,0,0.69,100,0,1,0,0,2,100,4,0,0,100,0,0,0,7,100,36,4,18,2,17,10,10
"agent SwarmAgent #380",SwarmAgent,0.24,0,0.69,100,0,2,0,1,4,100,8,0,0,100,0,0,0,6,100,73,6,19,3,24,10,10
"agent SwarmAgent #381",SwarmAgent,0.24,0,0.69,100,0,1,0,0,8,100,4,0,0,100,0,0,0,8,100,114,4,25,0,24,10,10
"agent SwarmAgent #382",SwarmAgent,0.1,0,0.69,100,0,1,0,0,4,100,4,0,0,100,0,0,0,2,100,34,0,11,1,10,10,10
"agent SwarmAgent #383",SwarmAgent,0.29,0,0.69,100,0,2,0,1,4,100,8,0,0,100,0,0,0,11,100,38,6,24,2,29,10,10
"agent SwarmAgent #384",SwarmAgent,0.36,0,0.69,100,0,2,0,1,8,100,10,0,0,100,0,0,0,8,100,122,10,25,3,36,10,10
"agent SwarmAgent #385",SwarmAgent,0.24,0,0.69,100,0,1,0,0,8,100,4,0,0,100,0,0,0,8,100,88,4,25,0,24,10,10
"agent SwarmAgent #386",SwarmAgent,0.1,0,0.69,100,0,1,0,0,4,100,4,0,0,100,0,0,0,2,100,24,0,11,1,10,10,10
"agent SwarmAgent #387",SwarmAgent,0.31,0,0.69,100,0,2,0,1,8,100,5,0,0,100,0,0,0,8,100,74,10,25,2,31,10,10
"agent SwarmAgent #388",SwarmAgent,0.24,0,0.69,100,0,2,0,1,4,100,8,0,0,100,0,0,0,6,100,33,6,19,3,24,10,10
"agent SwarmAgent #389",SwarmAgent,0.24,0,0.69,100,0,1,0,0,8,100,4,0,0,100,0,0,0,8,100,58,4,25,0,24,10,10
"agent SwarmAgent #390",SwarmAgent,0.36,0,0.69,100,0,1,0,1,8,100,13,0,0,100,0,0,0,11,100,88,4,24,1,36,10,10
"agent SwarmAgent #391",SwarmAgent,0.31,0,0.69,100,0,2,0,1,8,100,5,0,0,100,0,0,0,8,100,41,10,25,2,31,10,10
"agent SwarmAgent #392",SwarmAgent,0.36,0,0.69,100,0,2,0,1,8,100,10,0,0,100,0,0,0,8,100,61,10,25,3,36,10,10
"agent SwarmAgent #393",SwarmAgent,0.24,0,0.69,100,0,1,0,0,8,100,4,0,0,100,0,0,0,8,100,29,4,25,0,24,10,10
"agent SwarmAgent #394",SwarmAgent,0.1,0,0.69,100,0,1,0,0,4,100,4,0,0,100,0,0,0,2,100,7,0,11,1,10,10,10
"agent SwarmAgent #395",SwarmAgent,0.29,0,0.69,100,0,2,0,1,4,100,8,0,0,100,0,0,0,11,100,3,6,24,2,29,10,10
"agent SwarmAgent #396",SwarmAgent,0.36,0,0.69,100,0,2,0,1,8,100,10,0,0,100,0,0,0,8,100,22,10,25,3,36,10,10
"agent SwarmAgent #397",SwarmAgent,0.24,0,0.69,100,0,1,0,0,8,100,4,0,0,100,0,0,0,8,100,3,4,25,0,24,10,10
"agent SwarmAgent #398",SwarmAgent,0.36,0,0.69,100,0,1,0,1,8,100,13,0,0,100,0,0,0,11,100,3,4,24,1,36,10,10
"agent SwarmAgent #399",SwarmAgent,0.31,0,0.69,100,0,2,0,1,8,100,5,0,0,100,0,0,0,8,100,0,10,25,2,31,10,10
"agent SwarmAgent #400",SwarmAgent,0.12,0,0.69,100,0,1,0,0,2,100,4,0,0,100,0,0,0,2,100,0,4,13,3,12,10,10
