agentName,agentType,averageSpeed,cumulatedUtilityReceived,freeWallRatio,numBacktrackAgents,numCFPAnswered,numDeadends,numDifferentEncounters,numDirectionChanges,numDownSteps,numForwardAgents,numLeftSteps,numMessagesReceived,numMessagesSent,numNegotiatingAgents,numProposalsAccepted,numProposalsRejected,numRandomAgents,numRightSteps,numSwarmAgents,numTotalEncounters,numUpSteps,numVisitedCells,startingPosition,stepsToExit,xsize,ysize
"agent BacktrackAgent #1",BacktrackAgent,0.16,0,0.69,25,0,0,0,0,6,25,2,0,0,25,0,0,25,6,50,472,2,17,0,16,10,10
"agent BacktrackAgent #2",BacktrackAgent,0.1,0,0.69,25,0,0,0,0,4,25,4,0,0,25,0,0,25,2,50,222,0,11,1,10,10,10
"agent BacktrackAgent #3",BacktrackAgent,0.05,0,0.69,25,0,0,0,0,0,25,0,0,0,25,0,0,25,3,50,82,2,6,2,5,10,10
"agent BacktrackAgent #4",BacktrackAgent,0.24,0,0.69,25,0,2,0,2,4,25,8,0,0,25,0,0,25,6,50,342,6,15,3,24,10,10
"agent BacktrackAgent #5",BacktrackAgent,0.16,0,0.69,25,0,0,0,0,6,25,2,0,0,25,0,0,25,6,50,423,2,17,0,16,10,10
"agent BacktrackAgent #6",BacktrackAgent,0.18,0,0.69,25,0,2,0,2,6,25,6,0,0,25,0,0,25,4,50,267,2,15,1,18,10,10
"agent BacktrackAgent #7",BacktrackAgent,0.27,0,0.69,25,0,1,0,1,6,25,5,0,0,25,0,0,25,8,50,428,8,17,2,27,10,10
"agent BacktrackAgent #8",BacktrackAgent,0.24,0,0.69,25,0,2,0,2,4,25,8,0,0,25,0,0,25,6,50,316,6,15,3,24,10,10
"agent BacktrackAgent #9",BacktrackAgent,0.16,0,0.69,25,0,0,0,0,6,25,2,0,0,25,0,0,25,6,50,406,2,17,0,16,10,10
"agent BacktrackAgent #10",BacktrackAgent,0.14,0,0.69,25,0,1,0,1,6,25,4,0,0,25,0,0,25,2,50,306,2,13,1,14,10,10
"agent BacktrackAgent #11",BacktrackAgent,0.05,0,0.69,25,0,0,0,0,0,25,0,0,0,25,0,0,25,3,50,92,2,6,2,5,10,10
"agent BacktrackAgent #12",BacktrackAgent,0.04,0,0.69,25,0,0,0,0,0,25,2,0,0,25,0,0,25,0,50,122,2,5,3,4,10,10
"agent BacktrackAgent #13",BacktrackAgent,0.16,0,0.69,25,0,0,0,0,6,25,2,0,0,25,0,0,25,6,50,503,2,17,0,16,10,10
"agent BacktrackAgent #14",BacktrackAgent,0.14,0,0.69,25,0,1,0,1,4,25,6,0,0,25,0,0,25,4,50,305,0,13,1,14,10,10
"agent BacktrackAgent #15",BacktrackAgent,0.27,0,0.69,25,0,1,0,1,6,25,5,0,0,25,0,0,25,8,50,490,8,17,2,27,10,10
"agent BacktrackAgent #16",BacktrackAgent,0.24,0,0.69,25,0,2,0,2,4,25,8,0,0,25,0,0,25,6,50,395,6,15,3,24,10,10
"agent BacktrackAgent #17",BacktrackAgent,0.16,0,0.69,25,0,0,0,0,6,25,2,0,0,25,0,0,25,6,50,486,2,17,0,16,10,10
"agent BacktrackAgent #18",BacktrackAgent,0.14,0,0.69,25,0,1,0,1,4,25,6,0,0,25,0,0,25,4,50,289,0,13,1,14,10,10
"agent BacktrackAgent #19",BacktrackAgent,0.05,0,0.69,25,0,0,0,0,0,25,0,0,0,25,0,0,25,3,50,86,2,6,2,5,10,10
"agent BacktrackAgent #20",BacktrackAgent,0.24,0,0.69,25,0,2,0,2,4,25,8,0,0,25,0,0,25,6,50,369,6,15,3,24,10,10
"agent BacktrackAgent #21",BacktrackAgent,0.16,0,0.69,25,0,0,0,0,6,25,2,0,0,25,0,0,25,6,50,455,2,17,0,16,10,10
"agent BacktrackAgent #22",BacktrackAgent,0.18,0,0.69,25,0,2,0,2,6,25,6,0,0,25,0,0,25,4,50,286,2,15,1,18,10,10
"agent BacktrackAgent #23",BacktrackAgent,0.27,0,0.69,25,0,1,0,1,6,25,5,0,0,25,0,0,25,8,50,458,8,17,2,27,10,10
"agent BacktrackAgent #24",BacktrackAgent,0.04,0,0.69,25,0,0,0,0,0,25,2,0,0,25,0,0,25,0,50,112,2,5,3,4,10,10
"agent BacktrackAgent #25",BacktrackAgent,0.16,0,0.69,25,0,0,0,0,6,25,2,0,0,25,0,0,25,6,50,438,2,17,0,16,10,10
"agent ForwardAgent #26",ForwardAgent,0.22,0,0.69,25,0,3,0,3,4,25,10,0,0,25,0,0,25,8,50,275,0,13,1,22,10,10
"agent ForwardAgent #27",ForwardAgent,0.27,0,0.69,25,0,1,0,1,6,25,5,0,0,25,0,0,25,8,50,400,8,17,2,27,10,10
"agent ForwardAgent #28",ForwardAgent,0.04,0,0.69,25,0,0,0,0,0,25,2,0,0,25,0,0,25,0,50,103,2,5,3,4,10,10
"agent ForwardAgent #29",ForwardAgent,0.16,0,0.69,25,0,0,0,0,6,25,2,0,0,25,0,0,25,6,50,389,2,17,0,16,10,10
"agent ForwardAgent #30",ForwardAgent,0.3,0,0.69,25,0,2,0,2,10,25,8,0,0,25,0,0,25,6,50,358,6,15,1,30,10,10
"agent ForwardAgent #31",ForwardAgent,0.05,0,0.69,25,0,0,0,0,0,25,0,0,0,25,0,0,25,3,50,75,2,6,2,5,10,10
"agent ForwardAgent #32",ForwardAgent,0.04,0,0.69,25,0,0,0,0,0,25,2,0,0,25,0,0,25,0,50,99,2,5,3,4,10,10
"agent ForwardAgent #33",ForwardAgent,0.16,0,0.69,25,0,0,0,0,6,25,2,0,0,25,0,0,25,6,50,373,2,17,0,16,10,10
"agent ForwardAgent #34",ForwardAgent,0.14,0,0.69,25,0,1,0,1,6,25,4,0,0,25,0,0,25,2,50,242,2,13,1,14,10,10
"agent ForwardAgent #35",ForwardAgent,0.27,0,0.69,25,0,1,0,1,6,25,5,0,0,25,0,0,25,8,50,370,8,17,2,27,10,10
"agent ForwardAgent #36",ForwardAgent,0.04,0,0.69,25,0,0,0,0,0,25,2,0,0,25,0,0,25,0,50,95,2,5,3,4,10,10
"agent ForwardAgent #37",ForwardAgent,0.16,0,0.69,25,0,0,0,0,6,25,2,0,0,25,0,0,25,6,50,356,2,17,0,16,10,10
"agent ForwardAgent #38",ForwardAgent,0.62,0,0.69,25,0,7,0,7,18,25,16,0,0,25,0,0,25,14,50,392,14,15,1,62,10,10
"agent ForwardAgent #39",ForwardAgent,0.27,0,0.69,25,0,1,0,1,6,25,5,0,0,25,0,0,25,8,50,342,8,17,2,27,10,10
"agent ForwardAgent #40",ForwardAgent,0.2,0,0.69,25,0,1,0,1,4,25,6,0,0,25,0,0,25,4,50,262,6,13,3,20,10,10
"agent ForwardAgent #41",ForwardAgent,0.16,0,0.69,25,0,0,0,0,6,25,2,0,0,25,0,0,25,6,50,339,2,17,0,16,10,10
"agent ForwardAgent #42",ForwardAgent,0.1,0,0.69,25,0,0,0,0,4,25,4,0,0,25,0,0,25,2,50,173,0,11,1,10,10,10
"agent ForwardAgent #43",ForwardAgent,0.05,0,0.69,25,0,0,0,0,0,25,0,0,0,25,0,0,25,3,50,68,2,6,2,5,10,10
"agent ForwardAgent #44",ForwardAgent,0.04,0,0.69,25,0,0,0,0,0,25,2,0,0,25,0,0,25,0,50,88,2,5,3,4,10,10
"agent ForwardAgent #45",ForwardAgent,0.16,0,0.69,25,0,0,0,0,6,25,2,0,0,25,0,0,25,6,50,323,2,17,0,16,10,10
"agent ForwardAgent #46",ForwardAgent,0.1,0,0.69,25,0,0,0,0,4,25,4,0,0,25,0,0,25,2,50,163,0,11,1,10,10,10
"agent ForwardAgent #47",ForwardAgent,0.27,0,0.69,25,0,1,0,1,6,25,5,0,0,25,0,0,25,8,50,312,8,17,2,27,10,10
"agent ForwardAgent #48",ForwardAgent,0.04,0,0.69,25,0,0,0,0,0,25,2,0,0,25,0,0,25,0,50,84,2,5,3,4,10,10
"agent ForwardAgent #49",ForwardAgent,0.16,0,0.69,25,0,0,0,0,6,25,2,0,0,25,0,0,25,6,50,306,2,17,0,16,10,10
"agent ForwardAgent #50",ForwardAgent,0.1,0,0.69,25,0,0,0,0,4,25,4,0,0,25,0,0,25,2,50,153,0,11,1,10,10,10
"agent RandomAgent #51",RandomAgent,2.21,0,0.69,25,0,4,0,118,54,25,54,0,0,25,0,0,25,57,50,242,56,17,2,221,10,10
"agent RandomAgent #52",RandomAgent,0.42,0,0.69,25,0,4,0,18,14,25,7,0,0,25,0,0,25,5,50,193,16,9,3,42,10,10
"agent RandomAgent #53",RandomAgent,3.58,0,0.69,25,0,6,0,176,104,25,75,0,0,25,0,0,25,79,50,350,100,17,0,358,10,10
"agent RandomAgent #54",RandomAgent,0.96,0,0.69,25,0,20,0,46,10,25,41,0,0,25,0,0,25,39,50,300,6,14,1,96,10,10
"agent RandomAgent #55",RandomAgent,0.21,0,0.69,25,0,0,0,11,0,25,8,0,0,25,0,0,25,11,50,91,2,7,2,21,10,10
"agent RandomAgent #56",RandomAgent,0.16,0,0.69,25,0,3,0,10,5,25,3,0,0,25,0,0,25,1,50,136,7,6,3,16,10,10
"agent RandomAgent #57",RandomAgent,2.62,0,0.69,25,0,29,0,152,81,25,50,0,0,25,0,0,25,54,50,456,77,17,0,262,10,10
"agent RandomAgent #58",RandomAgent,1.66,0,0.69,25,0,31,0,91,46,25,40,0,0,25,0,0,25,38,50,370,42,15,1,166,10,10
"agent RandomAgent #59",RandomAgent,0.61,0,0.69,25,0,2,0,27,16,25,12,0,0,25,0,0,25,15,50,166,18,17,2,61,10,10
"agent RandomAgent #60",RandomAgent,0.06,0,0.69,25,0,0,0,2,1,25,2,0,0,25,0,0,25,0,50,62,3,5,3,6,10,10
"agent RandomAgent #61",RandomAgent,1.8,0,0.69,25,0,17,0,88,55,25,35,0,0,25,0,0,25,39,50,294,51,17,0,180,10,10
"agent RandomAgent #62",RandomAgent,0.68,0,0.69,25,0,5,0,28,11,25,26,0,0,25,0,0,25,24,50,204,7,14,1,68,10,10
"agent RandomAgent #63",RandomAgent,0.35,0,0.69,25,0,0,0,20,6,25,9,0,0,25,0,0,25,12,50,124,8,6,2,35,10,10
"agent RandomAgent #64",RandomAgent,1.84,0,0.69,25,0,27,0,85,30,25,62,0,0,25,0,0,25,60,50,244,32,15,3,184,10,10
"agent RandomAgent #65",RandomAgent,1.88,0,0.69,25,0,5,0,102,46,25,48,0,0,25,0,0,25,52,50,196,42,17,0,188,10,10
"agent RandomAgent #66",RandomAgent,2.7,0,0.69,25,0,29,0,139,41,25,97,0,0,25,0,0,25,95,50,194,37,14,1,270,10,10
"agent RandomAgent #67",RandomAgent,0.07,0,0.69,25,0,0,0,2,1,25,0,0,0,25,0,0,25,3,50,36,3,6,2,7,10,10
"agent RandomAgent #68",RandomAgent,0.4,0,0.69,25,0,6,0,21,15,25,5,0,0,25,0,0,25,3,50,118,17,6,3,40,10,10
"agent RandomAgent #69",RandomAgent,2.14,0,0.69,25,0,28,0,120,76,25,31,0,0,25,0,0,25,35,50,146,72,17,0,214,10,10
"agent RandomAgent #70",RandomAgent,0.32,0,0.69,25,0,2,0,16,9,25,10,0,0,25,0,0,25,8,50,113,5,13,1,32,10,10
"agent RandomAgent #71",RandomAgent,0.25,0,0.69,25,0,0,0,15,2,25,8,0,0,25,0,0,25,11,50,58,4,8,2,25,10,10
"agent RandomAgent #72",RandomAgent,0.14,0,0.69,25,0,0,0,7,3,25,4,0,0,25,0,0,25,2,50,103,5,6,3,14,10,10
"agent RandomAgent #73",RandomAgent,1.98,0,0.69,25,0,14,0,94,55,25,44,0,0,25,0,0,25,48,50,60,51,17,0,198,10,10
"agent RandomAgent #74",RandomAgent,1.9,0,0.69,25,0,34,0,103,27,25,71,0,0,25,0,0,25,69,50,86,23,15,1,190,10,10
"agent RandomAgent #75",RandomAgent,0.45,0,0.69,25,0,0,0,24,8,25,12,0,0,25,0,0,25,15,50,75,10,10,2,45,10,10
"agent NegotiatingAgent #76",NegotiatingAgent,0.04,0,0.69,25,0,0,0,0,0,25,2,1,2,25,0,0,25,0,50,73,2,5,3,4,10,10
"agent NegotiatingAgent #77",NegotiatingAgent,0.16,0,0.69,25,7,0,0,0,6,25,2,12,20,25,0,0,25,6,50,90,2,17,0,16,10,10
"agent NegotiatingAgent #78",NegotiatingAgent,0.14,8,0.69,25,8,1,0,1,4,25,6,17,18,25,0,0,25,4,50,150,0,13,1,14,10,10
"agent NegotiatingAgent #79",NegotiatingAgent,0.05,0,0.69,25,2,0,0,0,0,25,0,4,7,25,0,0,25,3,50,40,2,6,2,5,10,10
"agent NegotiatingAgent #80",NegotiatingAgent,0.24,8,0.69,25,10,2,0,2,4,25,8,31,33,25,2,0,25,6,50,173,6,15,3,24,10,10
"agent NegotiatingAgent #81",NegotiatingAgent,0.16,0,0.69,25,7,0,0,0,6,25,2,17,17,25,0,1,25,6,50,274,2,17,0,16,10,10
"agent NegotiatingAgent #82",NegotiatingAgent,0.14,0,0.69,25,4,1,0,1,4,25,6,17,17,25,1,1,25,4,50,126,0,13,1,14,10,10
"agent NegotiatingAgent #83",NegotiatingAgent,0.27,0,0.69,25,8,1,0,1,6,25,5,14,27,25,0,0,25,8,50,198,8,17,2,27,10,10
"agent NegotiatingAgent #84",NegotiatingAgent,0.24,8,0.69,25,8,2,0,2,4,25,8,28,32,25,2,1,25,6,50,136,6,15,3,24,10,10
"agent NegotiatingAgent #85",NegotiatingAgent,0.16,0,0.69,25,4,0,0,0,6,25,2,16,15,25,0,3,25,6,50,181,2,17,0,16,10,10
"agent NegotiatingAgent #86",NegotiatingAgent,0.14,0,0.69,25,7,1,0,1,6,25,4,18,16,25,0,1,25,2,50,116,2,13,1,14,10,10
"agent NegotiatingAgent #87",NegotiatingAgent,0.05,0,0.69,25,0,0,0,0,0,25,0,4,2,25,0,2,25,3,50,51,2,6,2,5,10,10
"agent NegotiatingAgent #88",NegotiatingAgent,0.24,0,0.69,25,0,2,0,2,4,25,8,22,15,25,0,7,25,6,50,161,6,15,3,24,10,10
"agent NegotiatingAgent #89",NegotiatingAgent,0.16,0,0.69,25,0,0,0,0,6,25,2,12,11,25,0,3,25,6,50,269,2,17,0,16,10,10
"agent NegotiatingAgent #90",NegotiatingAgent,0.1,0,0.69,25,0,0,0,0,4,25,4,9,7,25,0,2,25,2,50,108,0,11,1,10,10,10
"agent NegotiatingAgent #91",NegotiatingAgent,0.27,0,0.69,25,3,1,0,1,6,25,5,17,23,25,0,4,25,8,50,265,8,17,2,27,10,10
"agent NegotiatingAgent #92",NegotiatingAgent,0.04,0,0.69,25,0,0,0,0,0,25,2,2,2,25,0,0,25,0,50,60,2,5,3,4,10,10
"agent NegotiatingAgent #93",NegotiatingAgent,0.16,0,0.69,25,2,0,0,0,6,25,2,16,14,25,0,3,25,6,50,240,2,17,0,16,10,10
"agent NegotiatingAgent #94",NegotiatingAgent,0.14,0,0.69,25,1,1,0,1,4,25,6,14,14,25,2,1,25,4,50,140,0,13,1,14,10,10
"agent NegotiatingAgent #95",NegotiatingAgent,0.27,0,0.69,25,0,1,0,1,6,25,5,18,17,25,0,8,25,8,50,252,8,17,2,27,10,10
"agent NegotiatingAgent #96",NegotiatingAgent,0.24,0,0.69,25,0,2,0,2,4,25,8,23,19,25,1,4,25,6,50,135,6,15,3,24,10,10
"agent NegotiatingAgent #97",NegotiatingAgent,0.16,0,0.69,25,0,0,0,0,6,25,2,13,11,25,0,3,25,6,50,244,2,17,0,16,10,10
"agent NegotiatingAgent #98",NegotiatingAgent,0.1,0,0.69,25,0,0,0,0,4,25,4,9,7,25,0,2,25,2,50,93,0,11,1,10,10,10
"agent NegotiatingAgent #99",NegotiatingAgent,0.05,0,0.69,25,0,0,0,0,0,25,0,2,4,25,0,0,25,3,50,44,2,6,2,5,10,10
"agent NegotiatingAgent #100",NegotiatingAgent,0.24,38,0.69,25,14,2,0,2,4,25,8,25,32,25,0,0,25,6,50,136,6,15,3,24,10,10
"agent SwarmAgent #101",SwarmAgent,0.16,0,0.69,25,0,0,0,0,6,25,2,0,0,25,0,0,25,6,50,199,2,17,0,16,10,10
"agent SwarmAgent #102",SwarmAgent,0.1,0,0.69,25,0,0,0,0,4,25,4,0,0,25,0,0,25,2,50,67,0,11,1,10,10,10
"agent SwarmAgent #103",SwarmAgent,0.27,0,0.69,25,0,1,0,1,6,25,5,0,0,25,0,0,25,8,50,179,8,17,2,27,10,10
"agent SwarmAgent #104",SwarmAgent,0.2,0,0.69,25,0,1,0,1,4,25,6,0,0,25,0,0,25,4,50,93,6,13,3,20,10,10
"agent SwarmAgent #105",SwarmAgent,0.16,0,0.69,25,0,0,0,0,6,25,2,0,0,25,0,0,25,6,50,182,2,17,0,16,10,10
"agent SwarmAgent #106",SwarmAgent,0.18,0,0.69,25,0,2,0,2,6,25,6,0,0,25,0,0,25,4,50,113,2,15,1,18,10,10
"agent SwarmAgent #107",SwarmAgent,0.05,0,0.69,25,0,0,0,0,0,25,0,0,0,25,0,0,25,3,50,26,2,6,2,5,10,10
"agent SwarmAgent #108",SwarmAgent,0.04,0,0.69,25,0,0,0,0,0,25,2,0,0,25,0,0,25,0,50,38,2,5,3,4,10,10
"agent SwarmAgent #109",SwarmAgent,0.16,0,0.69,25,0,0,0,0,6,25,2,0,0,25,0,0,25,6,50,166,2,17,0,16,10,10
"agent SwarmAgent #110",SwarmAgent,0.14,0,0.69,25,0,1,0,1,4,25,6,0,0,25,0,0,25,4,50,109,0,13,1,14,10,10
"agent SwarmAgent #111",SwarmAgent,0.05,0,0.69,25,0,0,0,0,0,25,0,0,0,25,0,0,25,3,50,21,2,6,2,5,10,10
"agent SwarmAgent #112",SwarmAgent,0.2,0,0.69,25,0,1,0,1,4,25,6,0,0,25,0,0,25,4,50,64,6,13,3,20,10,10
"agent SwarmAgent #113",SwarmAgent,0.16,0,0.69,25,0,0,0,0,6,25,2,0,0,25,0,0,25,6,50,150,2,17,0,16,10,10
"agent SwarmAgent #114",SwarmAgent,0.14,0,0.69,25,0,1,0,1,4,25,6,0,0,25,0,0,25,4,50,93,0,13,1,14,10,10
"agent SwarmAgent #115",SwarmAgent,0.27,0,0.69,25,0,1,0,1,6,25,5,0,0,25,0,0,25,8,50,147,8,17,2,27,10,10
"agent SwarmAgent #116",SwarmAgent,0.04,0,0.69,25,0,0,0,0,0,25,2,0,0,25,0,0,25,0,50,31,2,5,3,4,10,10
"agent SwarmAgent #117",SwarmAgent,0.16,0,0.69,25,0,0,0,0,6,25,2,0,0,25,0,0,25,6,50,133,2,17,0,16,10,10
"agent SwarmAgent #118",SwarmAgent,0.14,0,0.69,25,0,1,0,1,6,25,4,0,0,25,0,0,25,2,50,69,2,13,1,14,10,10
"agent SwarmAgent #119",SwarmAgent,0.27,0,0.69,25,0,1,0,1,6,25,5,0,0,25,0,0,25,8,50,119,8,17,2,27,10,10
"agent SwarmAgent #120",SwarmAgent,0.04,0,0.69,25,0,0,0,0,0,25,2,0,0,25,0,0,25,0,50,27,2,5,3,4,10,10
"agent SwarmAgent #121",SwarmAgent,0.16,0,0.69,25,0,0,0,0,6,25,2,0,0,25,0,0,25,6,50,116,2,17,0,16,10,10
"agent SwarmAgent #122",SwarmAgent,0.1,0,0.69,25,0,0,0,0,4,25,4,0,0,25,0,0,25,2,50,35,0,11,1,10,10,10
"agent SwarmAgent #123",SwarmAgent,0.05,0,0.69,25,0,0,0,0,0,25,0,0,0,25,0,0,25,3,50,14,2,6,2,5,10,10
"agent SwarmAgent #124",SwarmAgent,0.04,0,0.69,25,0,0,0,0,0,25,2,0,0,25,0,0,25,0,50,23,2,5,3,4,10,10
"agent SwarmAgent #125",SwarmAgent,0.16,0,0.69,25,0,0,0,0,6,25,2,0,0,25,0,0,25,6,50,100,2,17,0,16,10,10
"agent SwarmAgent #126",SwarmAgent,0.14,0,0.69,25,0,1,0,1,6,25,4,0,0,25,0,0,25,2,50,46,2,13,1,14,10,10
"agent SwarmAgent #127",SwarmAgent,0.27,0,0.69,25,0,1,0,1,6,25,5,0,0,25,0,0,25,8,50,89,8,17,2,27,10,10
"agent SwarmAgent #128",SwarmAgent,0.04,0,0.69,25,0,0,0,0,0,25,2,0,0,25,0,0,25,0,50,19,2,5,3,4,10,10
"agent SwarmAgent #129",SwarmAgent,0.16,0,0.69,25,0,0,0,0,6,25,2,0,0,25,0,0,25,6,50,83,2,17,0,16,10,10
"agent SwarmAgent #130",SwarmAgent,0.14,0,0.69,25,0,1,0,1,4,25,6,0,0,25,0,0,25,4,50,64,0,13,1,14,10,10
"agent SwarmAgent #131",SwarmAgent,0.05,0,0.69,25,0,0,0,0,0,25,0,0,0,25,0,0,25,3,50,8,2,6,2,5,10,10
"agent SwarmAgent #132",SwarmAgent,0.04,0,0.69,25,0,0,0,0,0,25,2,0,0,25,0,0,25,0,50,15,2,5,3,4,10,10
"agent SwarmAgent #133",SwarmAgent,0.16,0,0.69,25,0,0,0,0,6,25,2,0,0,25,0,0,25,6,50,67,2,17,0,16,10,10
"agent SwarmAgent #134",SwarmAgent,0.14,0,0.69,25,0,1,0,1,6,25,4,0,0,25,0,0,25,2,50,26,2,13,1,14,10,10
"agent SwarmAgent #135",SwarmAgent,0.27,0,0.69,25,0,1,0,1,6,25,5,0,0,25,0,0,25,8,50,59,8,17,2,27,10,10
"agent SwarmAgent #136",SwarmAgent,0.2,0,0.69,25,0,1,0,1,4,25,6,0,0,25,0,0,25,4,50,17,6,13,3,20,10,10
"agent SwarmAgent #137",SwarmAgent,0.16,0,0.69,25,0,0,0,0,6,25,2,0,0,25,0,0,25,6,50,50,2,17,0,16,10,10
"agent SwarmAgent #138",SwarmAgent,0.14,0,0.69,25,0,1,0,1,4,25,6,0,0,25,0,0,25,4,50,42,0,13,1,14,10,10
"agent SwarmAgent #139",SwarmAgent,0.27,0,0.69,25,0,1,0,1,6,25,5,0,0,25,0,0,25,8,50,31,8,17,2,27,10,10
"agent SwarmAgent #140",SwarmAgent,0.04,0,0.69,25,0,0,0,0,0,25,2,0,0,25,0,0,25,0,50,8,2,5,3,4,10,10
"agent SwarmAgent #141",SwarmAgent,0.16,0,0.69,25,0,0,0,0,6,25,2,0,0,25,0,0,25,6,50,33,2,17,0,16,10,10
"agent SwarmAgent #142",SwarmAgent,0.14,0,0.69,25,0,1,0,1,4,25,6,0,0,25,0,0,25,4,50,28,0,13,1,14,10,10
"agent SwarmAgent #143",SwarmAgent,0.05,0,0.69,25,0,0,0,0,0,25,0,0,0,25,0,0,25,3,50,1,2,6,2,5,10,10
"agent SwarmAgent #144",SwarmAgent,0.04,0,0.69,25,0,0,0,0,0,25,2,0,0,25,0,0,25,0,50,4,2,5,3,4,10,10
"agent SwarmAgent #145",SwarmAgent,0.16,0,0.69,25,0,0,0,0,6,25,2,0,0,25,0,0,25,6,50,17,2,17,0,16,10,10
"agent SwarmAgent #146",SwarmAgent,0.14,0,0.69,25,0,1,0,1,4,25,6,0,0,25,0,0,25,4,50,14,0,13,1,14,10,10
"agent SwarmAgent #147",SwarmAgent,0.27,0,0.69,25,0,1,0,1,6,25,5,0,0,25,0,0,25,8,50,1,8,17,2,27,10,10
"agent SwarmAgent #148",SwarmAgent,0.04,0,0.69,25,0,0,0,0,0,25,2,0,0,25,0,0,25,0,50,0,2,5,3,4,10,10
"agent SwarmAgent #149",SwarmAgent,0.16,0,0.69,25,0,0,0,0,6,25,2,0,0,25,0,0,25,6,50,0,2,17,0,16,10,10
"agent SwarmAgent #150",SwarmAgent,0.14,0,0.69,25,0,1,0,1,4,25,6,0,0,25,0,0,25,4,50,0,0,13,1,14,10,10
