agentName,agentType,averageSpeed,cumulatedUtilityReceived,freeWallRatio,numBacktrackAgents,numCFPAnswered,numDeadends,numDifferentEncounters,numDirectionChanges,numDownSteps,numForwardAgents,numLeftSteps,numMessagesReceived,numMessagesSent,numNegotiatingAgents,numProposalsAccepted,numProposalsRejected,numRandomAgents,numRightSteps,numSwarmAgents,numTotalEncounters,numUpSteps,numVisitedCells,startingPosition,stepsToExit,xsize,ysize
"agent BacktrackAgent #1",BacktrackAgent,0.28,0,0.69,50,0,0,0,0,8,50,6,0,0,50,0,0,50,10,50,1456,4,29,0,28,10,10
"agent BacktrackAgent #2",BacktrackAgent,0.21,0,0.69,50,0,0,0,0,7,50,6,0,0,50,0,0,50,4,50,637,4,22,1,21,10,10
"agent BacktrackAgent #3",BacktrackAgent,0.11,0,0.69,50,0,0,0,0,2,50,1,0,0,50,0,0,50,4,50,255,4,12,2,11,10,10
"agent BacktrackAgent #4",BacktrackAgent,0.4,0,0.69,50,0,1,0,1,8,50,12,0,0,50,0,0,50,10,50,1034,10,29,3,40,10,10
"agent BacktrackAgent #5",BacktrackAgent,0.28,0,0.69,50,0,0,0,0,8,50,6,0,0,50,0,0,50,10,50,1186,4,29,0,28,10,10
"agent BacktrackAgent #6",BacktrackAgent,0.21,0,0.69,50,0,0,0,0,7,50,6,0,0,50,0,0,50,4,50,538,4,22,1,21,10,10
"agent BacktrackAgent #7",BacktrackAgent,0.11,0,0.69,50,0,0,0,0,2,50,1,0,0,50,0,0,50,4,50,242,4,12,2,11,10,10
"agent BacktrackAgent #8",BacktrackAgent,0.4,0,0.69,50,0,1,0,1,8,50,12,0,0,50,0,0,50,10,50,990,10,29,3,40,10,10
"agent BacktrackAgent #9",BacktrackAgent,0.28,0,0.69,50,0,0,0,0,8,50,6,0,0,50,0,0,50,10,50,1156,4,29,0,28,10,10
"agent BacktrackAgent #10",BacktrackAgent,0.21,0,0.69,50,0,0,0,0,7,50,6,0,0,50,0,0,50,4,50,731,4,22,1,21,10,10
"agent BacktrackAgent #11",BacktrackAgent,0.45,0,0.69,50,0,1,0,1,8,50,12,0,0,50,0,0,50,15,50,1543,10,29,2,45,10,10
"agent BacktrackAgent #12",BacktrackAgent,0.4,0,0.69,50,0,1,0,1,8,50,12,0,0,50,0,0,50,10,50,1313,10,29,3,40,10,10
"agent BacktrackAgent #13",BacktrackAgent,0.28,0,0.69,50,0,0,0,0,8,50,6,0,0,50,0,0,50,10,50,1511,4,29,0,28,10,10
"agent BacktrackAgent #14",BacktrackAgent,0.35,0,0.69,50,0,1,0,1,8,50,12,0,0,50,0,0,50,10,50,1092,5,29,1,35,10,10
"agent BacktrackAgent #15",BacktrackAgent,0.11,0,0.69,50,0,0,0,0,2,50,1,0,0,50,0,0,50,4,50,290,4,12,2,11,10,10
"agent BacktrackAgent #16",BacktrackAgent,0.4,0,0.69,50,0,1,0,1,8,50,12,0,0,50,0,0,50,10,50,1270,10,29,3,40,10,10
"agent BacktrackAgent #17",BacktrackAgent,0.28,0,0.69,50,0,0,0,0,8,50,6,0,0,50,0,0,50,10,50,1480,4,29,0,28,10,10
"agent BacktrackAgent #18",BacktrackAgent,0.21,0,0.69,50,0,0,0,0,7,50,6,0,0,50,0,0,50,4,50,705,4,22,1,21,10,10
"agent BacktrackAgent #19",BacktrackAgent,0.45,0,0.69,50,0,1,0,1,8,50,12,0,0,50,0,0,50,15,50,1489,10,29,2,45,10,10
"agent BacktrackAgent #20",BacktrackAgent,0.16,0,0.69,50,0,0,0,0,2,50,6,0,0,50,0,0,50,4,50,456,4,17,3,16,10,10
"agent BacktrackAgent #21",BacktrackAgent,0.28,0,0.69,50,0,0,0,0,8,50,6,0,0,50,0,0,50,10,50,1424,4,29,0,28,10,10
"agent BacktrackAgent #22",BacktrackAgent,0.21,0,0.69,50,0,0,0,0,7,50,6,0,0,50,0,0,50,4,50,682,4,22,1,21,10,10
"agent BacktrackAgent #23",BacktrackAgent,0.11,0,0.69,50,0,0,0,0,2,50,1,0,0,50,0,0,50,4,50,278,4,12,2,11,10,10
"agent BacktrackAgent #24",BacktrackAgent,0.4,0,0.69,50,0,1,0,1,8,50,12,0,0,50,0,0,50,10,50,1221,10,29,3,40,10,10
"agent BacktrackAgent #25",BacktrackAgent,0.28,0,0.69,50,0,0,0,0,8,50,6,0,0,50,0,0,50,10,50,1394,4,29,0,28,10,10
"agent BacktrackAgent #26",BacktrackAgent,0.21,0,0.69,50,0,0,0,0,7,50,6,0,0,50,0,0,50,4,50,660,4,22,1,21,10,10
"agent BacktrackAgent #27",BacktrackAgent,0.45,0,0.69,50,0,1,0,1,8,50,12,0,0,50,0,0,50,15,50,1433,10,29,2,45,10,10
"agent BacktrackAgent #28",BacktrackAgent,0.16,0,0.69,50,0,0,0,0,2,50,6,0,0,50,0,0,50,4,50,438,4,17,3,16,10,10
"agent BacktrackAgent #29",BacktrackAgent,0.28,0,0.69,50,0,0,0,0,8,50,6,0,0,50,0,0,50,10,50,1365,4,29,0,28,10,10
"agent BacktrackAgent #30",BacktrackAgent,0.35,0,0.69,50,0,1,0,1,8,50,12,0,0,50,0,0,50,10,50,1042,5,29,1,35,10,10
"agent BacktrackAgent #31",BacktrackAgent,0.45,0,0.69,50,0,1,0,1,8,50,12,0,0,50,0,0,50,15,50,1383,10,29,2,45,10,10
"agent BacktrackAgent #32",BacktrackAgent,0.4,0,0.69,50,0,1,0,1,8,50,12,0,0,50,0,0,50,10,50,1170,10,29,3,40,10,10
"agent BacktrackAgent #33",BacktrackAgent,0.28,0,0.69,50,0,0,0,0,8,50,6,0,0,50,0,0,50,10,50,1333,4,29,0,28,10,10
"agent BacktrackAgent #34",BacktrackAgent,0.35,0,0.69,50,0,1,0,1,8,50,12,0,0,50,0,0,50,10,50,1003,5,29,1,35,10,10
"agent BacktrackAgent #35",BacktrackAgent,0.45,0,0.69,50,0,1,0,1,8,50,12,0,0,50,0,0,50,15,50,1334,10,29,2,45,10,10
"agent BacktrackAgent #36",BacktrackAgent,0.4,0,0.69,50,0,1,0,1,8,50,12,0,0,50,0,0,50,10,50,1126,10,29,3,40,10,10
"agent BacktrackAgent #37",BacktrackAgent,0.28,0,0.69,50,0,0,0,0,8,50,6,0,0,50,0,0,50,10,50,1301,4,29,0,28,10,10
"agent BacktrackAgent #38",BacktrackAgent,0.35,0,0.69,50,0,1,0,1,8,50,12,0,0,50,0,0,50,10,50,964,5,29,1,35,10,10
"agent BacktrackAgent #39",BacktrackAgent,0.11,0,0.69,50,0,0,0,0,2,50,1,0,0,50,0,0,50,4,50,264,4,12,2,11,10,10
"agent BacktrackAgent #40",BacktrackAgent,0.4,0,0.69,50,0,1,0,1,8,50,12,0,0,50,0,0,50,10,50,1083,10,29,3,40,10,10
"agent BacktrackAgent #41",BacktrackAgent,0.28,0,0.69,50,0,0,0,0,8,50,6,0,0,50,0,0,50,10,50,1270,4,29,0,28,10,10
"agent BacktrackAgent #42",BacktrackAgent,0.21,0,0.69,50,0,0,0,0,7,50,6,0,0,50,0,0,50,4,50,607,4,22,1,21,10,10
"agent BacktrackAgent #43",BacktrackAgent,0.45,0,0.69,50,0,1,0,1,8,50,12,0,0,50,0,0,50,15,50,1280,10,29,2,45,10,10
"agent BacktrackAgent #44",BacktrackAgent,0.16,0,0.69,50,0,0,0,0,2,50,6,0,0,50,0,0,50,4,50,416,4,17,3,16,10,10
"agent BacktrackAgent #45",BacktrackAgent,0.28,0,0.69,50,0,0,0,0,8,50,6,0,0,50,0,0,50,10,50,1241,4,29,0,28,10,10
"agent BacktrackAgent #46",BacktrackAgent,0.21,0,0.69,50,0,0,0,0,7,50,6,0,0,50,0,0,50,4,50,584,4,22,1,21,10,10
"agent BacktrackAgent #47",BacktrackAgent,0.45,0,0.69,50,0,1,0,1,8,50,12,0,0,50,0,0,50,15,50,1231,10,29,2,45,10,10
"agent BacktrackAgent #48",BacktrackAgent,0.16,0,0.69,50,0,0,0,0,2,50,6,0,0,50,0,0,50,4,50,399,4,17,3,16,10,10
"agent BacktrackAgent #49",BacktrackAgent,0.28,0,0.69,50,0,0,0,0,8,50,6,0,0,50,0,0,50,10,50,1212,4,29,0,28,10,10
"agent BacktrackAgent #50",BacktrackAgent,0.21,0,0.69,50,0,0,0,0,7,50,6,0,0,50,0,0,50,4,50,559,4,22,1,21,10,10
"agent ForwardAgent #51",ForwardAgent,0.11,0,0.69,50,0,0,0,0,2,50,1,0,0,50,0,0,50,4,50,231,4,12,2,11,10,10
"agent ForwardAgent #52",ForwardAgent,0.16,0,0.69,50,0,0,0,0,2,50,6,0,0,50,0,0,50,4,50,367,4,17,3,16,10,10
"agent ForwardAgent #53",ForwardAgent,0.28,0,0.69,50,0,0,0,0,8,50,6,0,0,50,0,0,50,10,50,1128,4,29,0,28,10,10
"agent ForwardAgent #54",ForwardAgent,0.21,0,0.69,50,0,0,0,0,7,50,6,0,0,50,0,0,50,4,50,516,4,22,1,21,10,10
"agent ForwardAgent #55",ForwardAgent,0.45,0,0.69,50,0,1,0,1,8,50,12,0,0,50,0,0,50,15,50,1167,10,29,2,45,10,10
"agent ForwardAgent #56",ForwardAgent,0.16,0,0.69,50,0,0,0,0,2,50,6,0,0,50,0,0,50,4,50,350,4,17,3,16,10,10
"agent ForwardAgent #57",ForwardAgent,0.28,0,0.69,50,0,0,0,0,8,50,6,0,0,50,0,0,50,10,50,1099,4,29,0,28,10,10
"agent ForwardAgent #58",ForwardAgent,0.35,0,0.69,50,0,1,0,1,8,50,12,0,0,50,0,0,50,10,50,905,5,29,1,35,10,10
"agent ForwardAgent #59",ForwardAgent,0.11,0,0.69,50,0,0,0,0,2,50,1,0,0,50,0,0,50,4,50,219,4,12,2,11,10,10
"agent ForwardAgent #60",ForwardAgent,0.4,0,0.69,50,0,1,0,1,8,50,12,0,0,50,0,0,50,10,50,938,10,29,3,40,10,10
"agent ForwardAgent #61",ForwardAgent,0.28,0,0.69,50,0,0,0,0,8,50,6,0,0,50,0,0,50,10,50,1068,4,29,0,28,10,10
"agent ForwardAgent #62",ForwardAgent,0.35,0,0.69,50,0,1,0,1,8,50,12,0,0,50,0,0,50,10,50,868,5,29,1,35,10,10
"agent ForwardAgent #63",ForwardAgent,0.45,0,0.69,50,0,1,0,1,8,50,12,0,0,50,0,0,50,15,50,1113,10,29,2,45,10,10
"agent ForwardAgent #64",ForwardAgent,0.4,0,0.69,50,0,1,0,1,8,50,12,0,0,50,0,0,50,10,50,894,10,29,3,40,10,10
"agent ForwardAgent #65",ForwardAgent,0.28,0,0.69,50,0,0,0,0,8,50,6,0,0,50,0,0,50,10,50,1036,4,29,0,28,10,10
"agent ForwardAgent #66",ForwardAgent,0.35,0,0.69,50,0,1,0,1,8,50,12,0,0,50,0,0,50,10,50,829,5,29,1,35,10,10
"agent ForwardAgent #67",ForwardAgent,0.45,0,0.69,50,0,1,0,1,8,50,12,0,0,50,0,0,50,15,50,1064,10,29,2,45,10,10
"agent ForwardAgent #68",ForwardAgent,0.16,0,0.69,50,0,0,0,0,2,50,6,0,0,50,0,0,50,4,50,330,4,17,3,16,10,10
"agent ForwardAgent #69",ForwardAgent,0.28,0,0.69,50,0,0,0,0,8,50,6,0,0,50,0,0,50,10,50,1006,4,29,0,28,10,10
"agent ForwardAgent #70",ForwardAgent,0.35,0,0.69,50,0,1,0,1,8,50,12,0,0,50,0,0,50,10,50,791,5,29,1,35,10,10
"agent ForwardAgent #71",ForwardAgent,0.45,0,0.69,50,0,1,0,1,8,50,12,0,0,50,0,0,50,15,50,1015,10,29,2,45,10,10
"agent ForwardAgent #72",ForwardAgent,0.4,0,0.69,50,0,1,0,1,8,50,12,0,0,50,0,0,50,10,50,845,10,29,3,40,10,10
"agent ForwardAgent #73",ForwardAgent,0.28,0,0.69,50,0,0,0,0,8,50,6,0,0,50,0,0,50,10,50,974,4,29,0,28,10,10
"agent ForwardAgent #74",ForwardAgent,0.21,0,0.69,50,0,0,0,0,7,50,6,0,0,50,0,0,50,4,50,480,4,22,1,21,10,10
"agent ForwardAgent #75",ForwardAgent,0.45,0,0.69,50,0,1,0,1,8,50,12,0,0,50,0,0,50,15,50,966,10,29,2,45,10,10
"agent ForwardAgent #76",ForwardAgent,0.4,0,0.69,50,0,1,0,1,8,50,12,0,0,50,0,0,50,10,50,801,10,29,3,40,10,10
"agent ForwardAgent #77",ForwardAgent,0.28,0,0.69,50,0,0,0,0,8,50,6,0,0,50,0,0,50,10,50,943,4,29,0,28,10,10
"agent ForwardAgent #78",ForwardAgent,0.21,0,0.69,50,0,0,0,0,7,50,6,0,0,50,0,0,50,4,50,456,4,22,1,21,10,10
"agent ForwardAgent #79",ForwardAgent,0.45,0,0.69,50,0,1,0,1,8,50,12,0,0,50,0,0,50,15,50,917,10,29,2,45,10,10
"agent ForwardAgent #80",ForwardAgent,0.16,0,0.69,50,0,0,0,0,2,50,6,0,0,50,0,0,50,4,50,309,4,17,3,16,10,10
"agent ForwardAgent #81",ForwardAgent,0.28,0,0.69,50,0,0,0,0,8,50,6,0,0,50,0,0,50,10,50,914,4,29,0,28,10,10
"agent ForwardAgent #82",ForwardAgent,0.35,0,0.69,50,0,1,0,1,8,50,12,0,0,50,0,0,50,10,50,743,5,29,1,35,10,10
"agent ForwardAgent #83",ForwardAgent,0.11,0,0.69,50,0,0,0,0,2,50,1,0,0,50,0,0,50,4,50,203,4,12,2,11,10,10
"agent ForwardAgent #84",ForwardAgent,0.16,0,0.69,50,0,0,0,0,2,50,6,0,0,50,0,0,50,4,50,293,4,17,3,16,10,10
"agent ForwardAgent #85",ForwardAgent,0.28,0,0.69,50,0,0,0,0,8,50,6,0,0,50,0,0,50,10,50,885,4,29,0,28,10,10
"agent ForwardAgent #86",ForwardAgent,0.35,0,0.69,50,0,1,0,1,8,50,12,0,0,50,0,0,50,10,50,707,5,29,1,35,10,10
"agent ForwardAgent #87",ForwardAgent,0.11,0,0.69,50,0,0,0,0,2,50,1,0,0,50,0,0,50,4,50,192,4,12,2,11,10,10
"agent ForwardAgent #88",ForwardAgent,0.16,0,0.69,50,0,0,0,0,2,50,6,0,0,50,0,0,50,4,50,277,4,17,3,16,10,10
"agent ForwardAgent #89",ForwardAgent,0.28,0,0.69,50,0,0,0,0,8,50,6,0,0,50,0,0,50,10,50,856,4,29,0,28,10,10
"agent ForwardAgent #90",ForwardAgent,0.21,0,0.69,50,0,0,0,0,7,50,6,0,0,50,0,0,50,4,50,431,4,22,1,21,10,10
"agent ForwardAgent #91",ForwardAgent,0.11,0,0.69,50,0,0,0,0,2,50,1,0,0,50,0,0,50,4,50,181,4,12,2,11,10,10
"agent ForwardAgent #92",ForwardAgent,0.16,0,0.69,50,0,0,0,0,2,50,6,0,0,50,0,0,50,4,50,261,4,17,3,16,10,10
"agent ForwardAgent #93",ForwardAgent,0.28,0,0.69,50,0,0,0,0,8,50,6,0,0,50,0,0,50,10,50,828,4,29,0,28,10,10
"agent ForwardAgent #94",ForwardAgent,0.21,0,0.69,50,0,0,0,0,7,50,6,0,0,50,0,0,50,4,50,410,4,22,1,21,10,10
"agent ForwardAgent #95",ForwardAgent,0.45,0,0.69,50,0,1,0,1,8,50,12,0,0,50,0,0,50,15,50,853,10,29,2,45,10,10
"agent ForwardAgent #96",ForwardAgent,0.16,0,0.69,50,0,0,0,0,2,50,6,0,0,50,0,0,50,4,50,244,4,17,3,16,10,10
"agent ForwardAgent #97",ForwardAgent,0.28,0,0.69,50,0,0,0,0,8,50,6,0,0,50,0,0,50,10,50,799,4,29,0,28,10,10
"agent ForwardAgent #98",ForwardAgent,0.35,0,0.69,50,0,1,0,1,8,50,12,0,0,50,0,0,50,10,50,665,5,29,1,35,10,10
"agent ForwardAgent #99",ForwardAgent,0.11,0,0.69,50,0,0,0,0,2,50,1,0,0,50,0,0,50,4,50,169,4,12,2,11,10,10
"agent ForwardAgent #100",ForwardAgent,0.16,0,0.69,50,0,0,0,0,2,50,6,0,0,50,0,0,50,4,50,378,4,17,3,16,10,10
"agent RandomAgent #101",RandomAgent,5.74,0,0.69,50,0,12,0,300,126,50,161,0,0,50,0,0,50,165,50,2508,122,29,0,574,10,10
"agent RandomAgent #102",RandomAgent,9.21,0,0.69,50,0,22,0,466,232,50,231,0,0,50,0,0,50,229,50,3279,229,29,1,921,10,10
"agent RandomAgent #103",RandomAgent,1.25,0,0.69,50,0,0,0,60,11,50,49,0,0,50,0,0,50,52,50,968,13,21,2,125,10,10
"agent RandomAgent #104",RandomAgent,3.22,0,0.69,50,0,18,0,165,71,50,90,0,0,50,0,0,50,88,50,1574,73,29,3,322,10,10
"agent RandomAgent #105",RandomAgent,2.42,0,0.69,50,0,0,0,124,36,50,85,0,0,50,0,0,50,89,50,1313,32,29,0,242,10,10
"agent RandomAgent #106",RandomAgent,12.25,0,0.69,50,0,33,0,636,232,50,383,0,0,50,0,0,50,381,50,3733,229,29,1,1225,10,10
"agent RandomAgent #107",RandomAgent,0.99,0,0.69,50,0,0,0,40,18,50,29,0,0,50,0,0,50,32,50,609,20,25,2,99,10,10
"agent RandomAgent #108",RandomAgent,6.68,0,0.69,50,0,11,0,357,117,50,217,0,0,50,0,0,50,215,50,2272,119,29,3,668,10,10
"agent RandomAgent #109",RandomAgent,2.78,0,0.69,50,0,3,0,148,60,50,79,0,0,50,0,0,50,83,50,1412,56,29,0,278,10,10
"agent RandomAgent #110",RandomAgent,1.33,0,0.69,50,0,0,0,72,32,50,37,0,0,50,0,0,50,35,50,810,29,22,1,133,10,10
"agent RandomAgent #111",RandomAgent,18.39,0,0.69,50,0,53,0,915,309,50,608,0,0,50,0,0,50,611,50,4322,311,29,2,1839,10,10
"agent RandomAgent #112",RandomAgent,0.94,0,0.69,50,0,0,0,44,7,50,40,0,0,50,0,0,50,38,50,333,9,17,3,94,10,10
"agent RandomAgent #113",RandomAgent,13.86,0,0.69,50,0,58,0,732,253,50,440,0,0,50,0,0,50,444,50,3212,249,29,0,1386,10,10
"agent RandomAgent #114",RandomAgent,9.03,0,0.69,50,0,12,0,473,182,50,272,0,0,50,0,0,50,270,50,1984,179,29,1,903,10,10
"agent RandomAgent #115",RandomAgent,2.81,0,0.69,50,0,0,0,153,55,50,83,0,0,50,0,0,50,86,50,1195,57,23,2,281,10,10
"agent RandomAgent #116",RandomAgent,2.7,0,0.69,50,0,0,0,140,84,50,51,0,0,50,0,0,50,49,50,1124,86,23,3,270,10,10
"agent RandomAgent #117",RandomAgent,2.12,0,0.69,50,0,2,0,102,45,50,61,0,0,50,0,0,50,65,50,836,41,29,0,212,10,10
"agent RandomAgent #118",RandomAgent,24.79,0,0.69,50,0,95,0,1276,522,50,720,0,0,50,0,0,50,718,50,3427,519,29,1,2479,10,10
"agent RandomAgent #119",RandomAgent,29.57,0,0.69,50,0,57,0,1499,625,50,851,0,0,50,0,0,50,854,50,3263,627,29,2,2957,10,10
"agent RandomAgent #120",RandomAgent,10.02,0,0.69,50,0,40,0,503,218,50,283,0,0,50,0,0,50,281,50,2000,220,29,3,1002,10,10
"agent RandomAgent #121",RandomAgent,2.66,0,0.69,50,0,4,0,128,59,50,74,0,0,50,0,0,50,78,50,818,55,29,0,266,10,10
"agent RandomAgent #122",RandomAgent,1.29,0,0.69,50,0,0,0,59,31,50,36,0,0,50,0,0,50,34,50,550,28,26,1,129,10,10
"agent RandomAgent #123",RandomAgent,7.33,0,0.69,50,0,22,0,398,168,50,196,0,0,50,0,0,50,199,50,1553,170,29,2,733,10,10
"agent RandomAgent #124",RandomAgent,2.24,0,0.69,50,0,2,0,116,61,50,51,0,0,50,0,0,50,49,50,848,63,29,3,224,10,10
"agent RandomAgent #125",RandomAgent,5.9,0,0.69,50,0,14,0,274,107,50,188,0,0,50,0,0,50,192,50,1236,103,29,0,590,10,10
"agent RandomAgent #126",RandomAgent,3.99,0,0.69,50,0,0,0,195,77,50,125,0,0,50,0,0,50,123,50,1210,74,24,1,399,10,10
"agent RandomAgent #127",RandomAgent,2.71,0,0.69,50,0,0,0,141,50,50,83,0,0,50,0,0,50,86,50,787,52,22,2,271,10,10
"agent RandomAgent #128",RandomAgent,1.44,0,0.69,50,0,0,0,66,32,50,40,0,0,50,0,0,50,38,50,438,34,24,3,144,10,10
"agent RandomAgent #129",RandomAgent,7.42,0,0.69,50,0,32,0,382,156,50,215,0,0,50,0,0,50,219,50,1360,152,29,0,742,10,10
"agent RandomAgent #130",RandomAgent,1.13,0,0.69,50,0,0,0,54,27,50,32,0,0,50,0,0,50,30,50,323,24,22,1,113,10,10
"agent RandomAgent #131",RandomAgent,6.39,0,0.69,50,0,1,0,294,186,50,131,0,0,50,0,0,50,134,50,1001,188,29,2,639,10,10
"agent RandomAgent #132",RandomAgent,26.78,0,0.69,50,0,79,0,1390,559,50,780,0,0,50,0,0,50,778,50,1841,561,29,3,2678,10,10
"agent RandomAgent #133",RandomAgent,2.12,0,0.69,50,0,3,0,108,47,50,59,0,0,50,0,0,50,63,50,572,43,29,0,212,10,10
"agent RandomAgent #134",RandomAgent,12.25,0,0.69,50,0,64,0,629,211,50,404,0,0,50,0,0,50,402,50,1489,208,29,1,1225,10,10
"agent RandomAgent #135",RandomAgent,17.13,0,0.69,50,0,40,0,880,327,50,527,0,0,50,0,0,50,530,50,1432,329,29,2,1713,10,10
"agent RandomAgent #136",RandomAgent,5.56,0,0.69,50,0,0,0,278,137,50,141,0,0,50,0,0,50,139,50,740,139,25,3,556,10,10
"agent RandomAgent #137",RandomAgent,2.46,0,0.69,50,0,12,0,116,33,50,90,0,0,50,0,0,50,94,50,503,29,29,0,246,10,10
"agent RandomAgent #138",RandomAgent,6.07,0,0.69,50,0,18,0,330,122,50,184,0,0,50,0,0,50,182,50,738,119,29,1,607,10,10
"agent RandomAgent #139",RandomAgent,2.11,0,0.69,50,0,0,0,104,32,50,71,0,0,50,0,0,50,74,50,319,34,17,2,211,10,10
"agent RandomAgent #140",RandomAgent,15.06,0,0.69,50,0,28,0,777,390,50,363,0,0,50,0,0,50,361,50,1170,392,29,3,1506,10,10
"agent RandomAgent #141",RandomAgent,17.46,0,0.69,50,0,51,0,890,394,50,479,0,0,50,0,0,50,483,50,831,390,29,0,1746,10,10
"agent RandomAgent #142",RandomAgent,24.11,0,0.69,50,0,119,0,1258,367,50,841,0,0,50,0,0,50,839,50,524,364,29,1,2411,10,10
"agent RandomAgent #143",RandomAgent,1.49,0,0.69,50,0,0,0,76,32,50,40,0,0,50,0,0,50,43,50,224,34,21,2,149,10,10
"agent RandomAgent #144",RandomAgent,0.98,0,0.69,50,0,0,0,50,7,50,42,0,0,50,0,0,50,40,50,216,9,17,3,98,10,10
"agent RandomAgent #145",RandomAgent,1.82,0,0.69,50,0,5,0,94,37,50,54,0,0,50,0,0,50,58,50,262,33,29,0,182,10,10
"agent RandomAgent #146",RandomAgent,5.09,0,0.69,50,0,4,0,242,123,50,134,0,0,50,0,0,50,132,50,295,120,29,1,509,10,10
"agent RandomAgent #147",RandomAgent,0.79,0,0.69,50,0,0,0,44,19,50,18,0,0,50,0,0,50,21,50,145,21,13,2,79,10,10
"agent RandomAgent #148",RandomAgent,3.18,0,0.69,50,0,1,0,161,49,50,110,0,0,50,0,0,50,108,50,226,51,29,3,318,10,10
"agent RandomAgent #149",RandomAgent,10.38,0,0.69,50,0,50,0,562,126,50,393,0,0,50,0,0,50,397,50,229,122,29,0,1038,10,10
"agent RandomAgent #150",RandomAgent,3.93,0,0.69,50,0,19,0,199,56,50,143,0,0,50,0,0,50,141,50,151,53,29,1,393,10,10
"agent NegotiatingAgent #151",NegotiatingAgent,0.45,101,0.69,50,33,1,0,1,8,50,12,66,78,50,0,0,50,15,50,385,10,29,2,45,10,10
"agent NegotiatingAgent #152",NegotiatingAgent,0.16,0,0.69,50,6,0,0,0,2,50,6,13,20,50,0,1,50,4,50,167,4,17,3,16,10,10
"agent NegotiatingAgent #153",NegotiatingAgent,0.28,56,0.69,50,28,0,0,0,8,50,6,56,57,50,0,0,50,10,50,327,4,29,0,28,10,10
"agent NegotiatingAgent #154",NegotiatingAgent,0.21,0,0.69,50,20,0,0,0,7,50,6,40,41,50,0,0,50,4,50,253,4,22,1,21,10,10
"agent NegotiatingAgent #155",NegotiatingAgent,0.11,0,0.69,50,10,0,0,0,2,50,1,21,22,50,0,0,50,4,50,110,4,12,2,11,10,10
"agent NegotiatingAgent #156",NegotiatingAgent,0.4,21,0.69,50,28,1,0,1,8,50,12,61,68,50,0,2,50,10,50,376,10,29,3,40,10,10
"agent NegotiatingAgent #157",NegotiatingAgent,0.28,21,0.69,50,19,0,0,0,8,50,6,42,42,50,0,1,50,10,50,395,4,29,0,28,10,10
"agent NegotiatingAgent #158",NegotiatingAgent,0.35,133,0.69,50,28,1,0,1,8,50,12,63,63,50,1,2,50,10,50,367,5,29,1,35,10,10
"agent NegotiatingAgent #159",NegotiatingAgent,0.11,0,0.69,50,3,0,0,0,2,50,1,9,11,50,0,1,50,4,50,125,4,12,2,11,10,10
"agent NegotiatingAgent #160",NegotiatingAgent,0.16,0,0.69,50,12,0,0,0,2,50,6,29,30,50,0,0,50,4,50,225,4,17,3,16,10,10
"agent NegotiatingAgent #161",NegotiatingAgent,0.28,0,0.69,50,19,0,0,0,8,50,6,46,47,50,0,0,50,10,50,367,4,29,0,28,10,10
"agent NegotiatingAgent #162",NegotiatingAgent,0.21,0,0.69,50,8,0,0,0,7,50,6,25,27,50,0,1,50,4,50,308,4,22,1,21,10,10
"agent NegotiatingAgent #163",NegotiatingAgent,0.11,0,0.69,50,6,0,0,0,2,50,1,14,13,50,0,1,50,4,50,115,4,12,2,11,10,10
"agent NegotiatingAgent #164",NegotiatingAgent,0.4,28,0.69,50,20,1,0,1,8,50,12,53,52,50,0,2,50,10,50,486,10,29,3,40,10,10
"agent NegotiatingAgent #165",NegotiatingAgent,0.28,0,0.69,50,8,0,0,0,8,50,6,30,29,50,0,3,50,10,50,620,4,29,0,28,10,10
"agent NegotiatingAgent #166",NegotiatingAgent,0.21,0,0.69,50,1,0,0,0,7,50,6,20,16,50,0,5,50,4,50,330,4,22,1,21,10,10
"agent NegotiatingAgent #167",NegotiatingAgent,0.11,0,0.69,50,0,0,0,0,2,50,1,10,8,50,0,2,50,4,50,124,4,12,2,11,10,10
"agent NegotiatingAgent #168",NegotiatingAgent,0.16,0,0.69,50,5,0,0,0,2,50,6,20,19,50,0,2,50,4,50,198,4,17,3,16,10,10
"agent NegotiatingAgent #169",NegotiatingAgent,0.28,0,0.69,50,0,0,0,0,8,50,6,27,19,50,0,8,50,10,50,716,4,29,0,28,10,10
"agent NegotiatingAgent #170",NegotiatingAgent,0.35,28,0.69,50,16,1,0,1,8,50,12,48,48,50,0,1,50,10,50,501,5,29,1,35,10,10
"agent NegotiatingAgent #171",NegotiatingAgent,0.45,82,0.69,50,12,1,0,1,8,50,12,51,51,50,0,8,50,15,50,461,10,29,2,45,10,10
"agent NegotiatingAgent #172",NegotiatingAgent,0.4,24,0.69,50,12,1,0,1,8,50,12,46,42,50,0,4,50,10,50,574,10,29,3,40,10,10
"agent NegotiatingAgent #173",NegotiatingAgent,0.28,0,0.69,50,13,0,0,0,8,50,6,37,38,50,0,0,50,10,50,496,4,29,0,28,10,10
"agent NegotiatingAgent #174",NegotiatingAgent,0.21,0,0.69,50,2,0,0,0,7,50,6,21,18,50,0,4,50,4,50,307,4,22,1,21,10,10
"agent NegotiatingAgent #175",NegotiatingAgent,0.11,0,0.69,50,1,0,0,0,2,50,1,9,9,50,0,1,50,4,50,112,4,12,2,11,10,10
"agent NegotiatingAgent #176",NegotiatingAgent,0.16,0,0.69,50,0,0,0,0,2,50,6,12,11,50,0,3,50,4,50,202,4,17,3,16,10,10
"agent NegotiatingAgent #177",NegotiatingAgent,0.28,0,0.69,50,0,0,0,0,8,50,6,27,22,50,0,5,50,10,50,676,4,29,0,28,10,10
"agent NegotiatingAgent #178",NegotiatingAgent,0.35,33,0.69,50,21,1,0,1,8,50,12,53,53,50,0,1,50,10,50,467,5,29,1,35,10,10
"agent NegotiatingAgent #179",NegotiatingAgent,0.45,19,0.69,50,13,1,0,1,8,50,12,61,59,50,0,3,50,15,50,451,10,29,2,45,10,10
"agent NegotiatingAgent #180",NegotiatingAgent,0.4,0,0.69,50,0,1,0,1,8,50,12,39,31,50,0,8,50,10,50,635,10,29,3,40,10,10
"agent NegotiatingAgent #181",NegotiatingAgent,0.28,0,0.69,50,0,0,0,0,8,50,6,27,22,50,0,5,50,10,50,644,4,29,0,28,10,10
"agent NegotiatingAgent #182",NegotiatingAgent,0.35,0,0.69,50,0,1,0,1,8,50,12,34,28,50,0,6,50,10,50,561,5,29,1,35,10,10
"agent NegotiatingAgent #183",NegotiatingAgent,0.45,0,0.69,50,0,1,0,1,8,50,12,43,34,50,0,9,50,15,50,665,10,29,2,45,10,10
"agent NegotiatingAgent #184",NegotiatingAgent,0.4,0,0.69,50,0,1,0,1,8,50,12,39,33,50,0,6,50,10,50,591,10,29,3,40,10,10
"agent NegotiatingAgent #185",NegotiatingAgent,0.28,0,0.69,50,0,0,0,0,8,50,6,27,25,50,0,2,50,10,50,612,4,29,0,28,10,10
"agent NegotiatingAgent #186",NegotiatingAgent,0.35,7,0.69,50,6,1,0,1,8,50,12,38,38,50,0,1,50,10,50,402,5,29,1,35,10,10
"agent NegotiatingAgent #187",NegotiatingAgent,0.11,0,0.69,50,0,0,0,0,2,50,1,10,7,50,0,3,50,4,50,99,4,12,2,11,10,10
"agent NegotiatingAgent #188",NegotiatingAgent,0.16,0,0.69,50,1,0,0,0,2,50,6,16,13,50,0,4,50,4,50,171,4,17,3,16,10,10
"agent NegotiatingAgent #189",NegotiatingAgent,0.28,0,0.69,50,0,0,0,0,8,50,6,27,21,50,0,6,50,10,50,583,4,29,0,28,10,10
"agent NegotiatingAgent #190",NegotiatingAgent,0.35,0,0.69,50,0,1,0,1,8,50,12,34,28,50,0,6,50,10,50,513,5,29,1,35,10,10
"agent NegotiatingAgent #191",NegotiatingAgent,0.45,0,0.69,50,10,1,0,1,8,50,12,53,49,50,0,4,50,15,50,417,10,29,2,45,10,10
"agent NegotiatingAgent #192",NegotiatingAgent,0.16,0,0.69,50,0,0,0,0,2,50,6,14,11,50,0,3,50,4,50,170,4,17,3,16,10,10
"agent NegotiatingAgent #193",NegotiatingAgent,0.28,0,0.69,50,0,0,0,0,8,50,6,27,23,50,0,4,50,10,50,552,4,29,0,28,10,10
"agent NegotiatingAgent #194",NegotiatingAgent,0.35,0,0.69,50,0,1,0,1,8,50,12,33,29,50,0,5,50,10,50,476,5,29,1,35,10,10
"agent NegotiatingAgent #195",NegotiatingAgent,0.45,0,0.69,50,0,1,0,1,8,50,12,43,34,50,0,9,50,15,50,598,10,29,2,45,10,10
"agent NegotiatingAgent #196",NegotiatingAgent,0.16,0,0.69,50,1,0,0,0,2,50,6,13,13,50,0,1,50,4,50,153,4,17,3,16,10,10
"agent NegotiatingAgent #197",NegotiatingAgent,0.28,0,0.69,50,0,0,0,0,8,50,6,27,24,50,0,3,50,10,50,522,4,29,0,28,10,10
"agent NegotiatingAgent #198",NegotiatingAgent,0.21,0,0.69,50,0,0,0,0,7,50,6,19,16,50,0,3,50,4,50,277,4,22,1,21,10,10
"agent NegotiatingAgent #199",NegotiatingAgent,0.45,0,0.69,50,0,1,0,1,8,50,12,42,35,50,0,8,50,15,50,549,10,29,2,45,10,10
"agent NegotiatingAgent #200",NegotiatingAgent,0.4,0,0.69,50,0,1,0,1,8,50,12,38,34,50,0,5,50,10,50,508,10,29,3,40,10,10
"agent SwarmAgent #201",SwarmAgent,0.28,0,0.69,50,0,0,0,0,8,50,6,0,0,50,0,0,50,10,50,359,4,29,0,28,10,10
"agent SwarmAgent #202",SwarmAgent,0.35,0,0.69,50,0,1,0,1,8,50,12,0,0,50,0,0,50,10,50,210,5,29,1,35,10,10
"agent SwarmAgent #203",SwarmAgent,0.11,0,0.69,50,0,0,0,0,2,50,1,0,0,50,0,0,50,4,50,71,4,12,2,11,10,10
"agent SwarmAgent #204",SwarmAgent,0.16,0,0.69,50,0,0,0,0,2,50,6,0,0,50,0,0,50,4,50,91,4,17,3,16,10,10
"agent SwarmAgent #205",SwarmAgent,0.28,0,0.69,50,0,0,0,0,8,50,6,0,0,50,0,0,50,10,50,330,4,29,0,28,10,10
"agent SwarmAgent #206",SwarmAgent,0.21,0,0.69,50,0,0,0,0,7,50,6,0,0,50,0,0,50,4,50,147,4,22,1,21,10,10
"agent SwarmAgent #207",SwarmAgent,0.11,0,0.69,50,0,0,0,0,2,50,1,0,0,50,0,0,50,4,50,60,4,12,2,11,10,10
"agent SwarmAgent #208",SwarmAgent,0.4,0,0.69,50,0,1,0,1,8,50,12,0,0,50,0,0,50,10,50,243,10,29,3,40,10,10
"agent SwarmAgent #209",SwarmAgent,0.28,0,0.69,50,0,0,0,0,8,50,6,0,0,50,0,0,50,10,50,300,4,29,0,28,10,10
"agent SwarmAgent #210",SwarmAgent,0.21,0,0.69,50,0,0,0,0,7,50,6,0,0,50,0,0,50,4,50,125,4,22,1,21,10,10
"agent SwarmAgent #211",SwarmAgent,0.11,0,0.69,50,0,0,0,0,2,50,1,0,0,50,0,0,50,4,50,49,4,12,2,11,10,10
"agent SwarmAgent #212",SwarmAgent,0.4,0,0.69,50,0,1,0,1,8,50,12,0,0,50,0,0,50,10,50,200,10,29,3,40,10,10
"agent SwarmAgent #213",SwarmAgent,0.28,0,0.69,50,0,0,0,0,8,50,6,0,0,50,0,0,50,10,50,270,4,29,0,28,10,10
"agent SwarmAgent #214",SwarmAgent,0.35,0,0.69,50,0,1,0,1,8,50,12,0,0,50,0,0,50,10,50,168,5,29,1,35,10,10
"agent SwarmAgent #215",SwarmAgent,0.45,0,0.69,50,0,1,0,1,8,50,12,0,0,50,0,0,50,15,50,220,10,29,2,45,10,10
"agent SwarmAgent #216",SwarmAgent,0.4,0,0.69,50,0,1,0,1,8,50,12,0,0,50,0,0,50,10,50,156,10,29,3,40,10,10
"agent SwarmAgent #217",SwarmAgent,0.28,0,0.69,50,0,0,0,0,8,50,6,0,0,50,0,0,50,10,50,238,4,29,0,28,10,10
"agent SwarmAgent #218",SwarmAgent,0.21,0,0.69,50,0,0,0,0,7,50,6,0,0,50,0,0,50,4,50,99,4,22,1,21,10,10
"agent SwarmAgent #219",SwarmAgent,0.11,0,0.69,50,0,0,0,0,2,50,1,0,0,50,0,0,50,4,50,37,4,12,2,11,10,10
"agent SwarmAgent #220",SwarmAgent,0.16,0,0.69,50,0,0,0,0,2,50,6,0,0,50,0,0,50,4,50,71,4,17,3,16,10,10
"agent SwarmAgent #221",SwarmAgent,0.28,0,0.69,50,0,0,0,0,8,50,6,0,0,50,0,0,50,10,50,210,4,29,0,28,10,10
"agent SwarmAgent #222",SwarmAgent,0.35,0,0.69,50,0,1,0,1,8,50,12,0,0,50,0,0,50,10,50,127,5,29,1,35,10,10
"agent SwarmAgent #223",SwarmAgent,0.11,0,0.69,50,0,0,0,0,2,50,1,0,0,50,0,0,50,4,50,26,4,12,2,11,10,10
"agent SwarmAgent #224",SwarmAgent,0.16,0,0.69,50,0,0,0,0,2,50,6,0,0,50,0,0,50,4,50,55,4,17,3,16,10,10
"agent SwarmAgent #225",SwarmAgent,0.28,0,0.69,50,0,0,0,0,8,50,6,0,0,50,0,0,50,10,50,181,4,29,0,28,10,10
"agent SwarmAgent #226",SwarmAgent,0.21,0,0.69,50,0,0,0,0,7,50,6,0,0,50,0,0,50,4,50,77,4,22,1,21,10,10
"agent SwarmAgent #227",SwarmAgent,0.45,0,0.69,50,0,1,0,1,8,50,12,0,0,50,0,0,50,15,50,161,10,29,2,45,10,10
"agent SwarmAgent #228",SwarmAgent,0.4,0,0.69,50,0,1,0,1,8,50,12,0,0,50,0,0,50,10,50,104,10,29,3,40,10,10
"agent SwarmAgent #229",SwarmAgent,0.28,0,0.69,50,0,0,0,0,8,50,6,0,0,50,0,0,50,10,50,150,4,29,0,28,10,10
"agent SwarmAgent #230",SwarmAgent,0.21,0,0.69,50,0,0,0,0,7,50,6,0,0,50,0,0,50,4,50,53,4,22,1,21,10,10
"agent SwarmAgent #231",SwarmAgent,0.45,0,0.69,50,0,1,0,1,8,50,12,0,0,50,0,0,50,15,50,112,10,29,2,45,10,10
"agent SwarmAgent #232",SwarmAgent,0.4,0,0.69,50,0,1,0,1,8,50,12,0,0,50,0,0,50,10,50,60,10,29,3,40,10,10
"agent SwarmAgent #233",SwarmAgent,0.28,0,0.69,50,0,0,0,0,8,50,6,0,0,50,0,0,50,10,50,119,4,29,0,28,10,10
"agent SwarmAgent #234",SwarmAgent,0.21,0,0.69,50,0,0,0,0,7,50,6,0,0,50,0,0,50,4,50,29,4,22,1,21,10,10
"agent SwarmAgent #235",SwarmAgent,0.11,0,0.69,50,0,0,0,0,2,50,1,0,0,50,0,0,50,4,50,13,4,12,2,11,10,10
"agent SwarmAgent #236",SwarmAgent,0.16,0,0.69,50,0,0,0,0,2,50,6,0,0,50,0,0,50,4,50,35,4,17,3,16,10,10
"agent SwarmAgent #237",SwarmAgent,0.28,0,0.69,50,0,0,0,0,8,50,6,0,0,50,0,0,50,10,50,91,4,29,0,28,10,10
"agent SwarmAgent #238",SwarmAgent,0.35,0,0.69,50,0,1,0,1,8,50,12,0,0,50,0,0,50,10,50,79,5,29,1,35,10,10
"agent SwarmAgent #239",SwarmAgent,0.45,0,0.69,50,0,1,0,1,8,50,12,0,0,50,0,0,50,15,50,58,10,29,2,45,10,10
"agent SwarmAgent #240",SwarmAgent,0.16,0,0.69,50,0,0,0,0,2,50,6,0,0,50,0,0,50,4,50,18,4,17,3,16,10,10
"agent SwarmAgent #241",SwarmAgent,0.28,0,0.69,50,0,0,0,0,8,50,6,0,0,50,0,0,50,10,50,61,4,29,0,28,10,10
"agent SwarmAgent #242",SwarmAgent,0.35,0,0.69,50,0,1,0,1,8,50,12,0,0,50,0,0,50,10,50,41,5,29,1,35,10,10
"agent SwarmAgent #243",SwarmAgent,0.45,0,0.69,50,0,1,0,1,8,50,12,0,0,50,0,0,50,15,50,9,10,29,2,45,10,10
"agent SwarmAgent #244",SwarmAgent,0.4,0,0.69,50,0,1,0,1,8,50,12,0,0,50,0,0,50,10,50,7,10,29,3,40,10,10
"agent SwarmAgent #245",SwarmAgent,0.28,0,0.69,50,0,0,0,0,8,50,6,0,0,50,0,0,50,10,50,29,4,29,0,28,10,10
"agent SwarmAgent #246",SwarmAgent,0.35,0,0.69,50,0,1,0,1,8,50,12,0,0,50,0,0,50,10,50,2,5,29,1,35,10,10
"agent SwarmAgent #247",SwarmAgent,0.11,0,0.69,50,0,0,0,0,2,50,1,0,0,50,0,0,50,4,50,0,4,12,2,11,10,10
"agent SwarmAgent #248",SwarmAgent,0.16,0,0.69,50,0,0,0,0,2,50,6,0,0,50,0,0,50,4,50,0,4,17,3,16,10,10
"agent SwarmAgent #249",SwarmAgent,0.28,0,0.69,50,0,0,0,0,8,50,6,0,0,50,0,0,50,10,50,0,4,29,0,28,10,10
"agent SwarmAgent #250",SwarmAgent,0.21,0,0.69,50,0,0,0,0,7,50,6,0,0,50,0,0,50,4,50,0,4,22,1,21,10,10
