agentName,agentType,averageSpeed,cumulatedUtilityReceived,freeWallRatio,numBacktrackAgents,numCFPAnswered,numDeadends,numDifferentEncounters,numDirectionChanges,numDownSteps,numForwardAgents,numLeftSteps,numMessagesReceived,numMessagesSent,numNegotiatingAgents,numProposalsAccepted,numProposalsRejected,numRandomAgents,numRightSteps,numSwarmAgents,numTotalEncounters,numUpSteps,numVisitedCells,startingPosition,stepsToExit,xsize,ysize
"agent BacktrackAgent #1",BacktrackAgent,0.16,0,0.69,10,0,0,0,0,6,10,2,0,0,10,0,0,10,6,10,145,2,17,0,16,10,10
"agent BacktrackAgent #2",BacktrackAgent,0.09,0,0.69,10,0,1,0,1,5,10,2,0,0,10,0,0,10,0,10,49,2,8,1,9,10,10
"agent BacktrackAgent #3",BacktrackAgent,0.05,0,0.69,10,0,0,0,0,0,10,0,0,0,10,0,0,10,3,10,39,2,6,2,5,10,10
"agent BacktrackAgent #4",BacktrackAgent,0.04,0,0.69,10,0,0,0,0,0,10,2,0,0,10,0,0,10,0,10,37,2,5,3,4,10,10
"agent BacktrackAgent #5",BacktrackAgent,0.16,0,0.69,10,0,0,0,0,6,10,2,0,0,10,0,0,10,6,10,129,2,17,0,16,10,10
"agent BacktrackAgent #6",BacktrackAgent,0.05,0,0.69,10,0,0,0,0,3,10,2,0,0,10,0,0,10,0,10,46,0,6,1,5,10,10
"agent BacktrackAgent #7",BacktrackAgent,0.27,0,0.69,10,0,1,0,1,6,10,5,0,0,10,0,0,10,8,10,113,8,17,2,27,10,10
"agent BacktrackAgent #8",BacktrackAgent,0.24,0,0.69,10,0,2,0,2,6,10,6,0,0,10,0,0,10,4,10,106,8,15,3,24,10,10
"agent BacktrackAgent #9",BacktrackAgent,0.16,0,0.69,10,0,0,0,0,6,10,2,0,0,10,0,0,10,6,10,112,2,17,0,16,10,10
"agent BacktrackAgent #10",BacktrackAgent,0.05,0,0.69,10,0,0,0,0,3,10,2,0,0,10,0,0,10,0,10,56,0,6,1,5,10,10
"agent ForwardAgent #11",ForwardAgent,0.05,0,0.69,10,0,0,0,0,0,10,0,0,0,10,0,0,10,3,10,32,2,6,2,5,10,10
"agent ForwardAgent #12",ForwardAgent,0.2,0,0.69,10,0,1,0,1,6,10,4,0,0,10,0,0,10,2,10,74,8,13,3,20,10,10
"agent ForwardAgent #13",ForwardAgent,0.16,0,0.69,10,0,0,0,0,6,10,2,0,0,10,0,0,10,6,10,96,2,17,0,16,10,10
"agent ForwardAgent #14",ForwardAgent,0.47,0,0.69,10,0,6,0,6,16,10,10,0,0,10,0,0,10,8,10,89,13,15,1,47,10,10
"agent ForwardAgent #15",ForwardAgent,0.27,0,0.69,10,0,1,0,1,6,10,5,0,0,10,0,0,10,8,10,83,8,17,2,27,10,10
"agent ForwardAgent #16",ForwardAgent,0.28,0,0.69,10,0,3,0,3,8,10,6,0,0,10,0,0,10,4,10,68,10,15,3,28,10,10
"agent ForwardAgent #17",ForwardAgent,0.16,0,0.69,10,0,0,0,0,6,10,2,0,0,10,0,0,10,6,10,79,2,17,0,16,10,10
"agent ForwardAgent #18",ForwardAgent,0.27,0,0.69,10,0,4,0,4,8,10,8,0,0,10,0,0,10,6,10,71,5,13,1,27,10,10
"agent ForwardAgent #19",ForwardAgent,0.27,0,0.69,10,0,1,0,1,6,10,5,0,0,10,0,0,10,8,10,54,8,17,2,27,10,10
"agent ForwardAgent #20",ForwardAgent,0.04,0,0.69,10,0,0,0,0,0,10,2,0,0,10,0,0,10,0,10,24,2,5,3,4,10,10
"agent RandomAgent #21",RandomAgent,0.94,0,0.69,10,0,7,0,54,27,10,20,0,0,10,0,0,10,24,10,86,23,17,0,94,10,10
"agent RandomAgent #22",RandomAgent,0.11,0,0.69,10,0,0,0,2,6,10,2,0,0,10,0,0,10,0,10,23,3,7,1,11,10,10
"agent RandomAgent #23",RandomAgent,0.31,0,0.69,10,0,0,0,17,2,10,11,0,0,10,0,0,10,14,10,25,4,7,2,31,10,10
"agent RandomAgent #24",RandomAgent,0.16,0,0.69,10,0,4,0,8,6,10,2,0,0,10,0,0,10,0,10,21,8,5,3,16,10,10
"agent RandomAgent #25",RandomAgent,1.04,0,0.69,10,0,1,0,52,25,10,27,0,0,10,0,0,10,31,10,40,21,17,0,104,10,10
"agent RandomAgent #26",RandomAgent,2.49,0,0.69,10,0,23,0,145,57,10,70,0,0,10,0,0,10,68,10,49,54,13,1,249,10,10
"agent RandomAgent #27",RandomAgent,0.05,0,0.69,10,0,0,0,0,0,10,0,0,0,10,0,0,10,3,10,8,2,6,2,5,10,10
"agent RandomAgent #28",RandomAgent,0.1,0,0.69,10,0,2,0,4,3,10,2,0,0,10,0,0,10,0,10,11,5,5,3,10,10,10
"agent RandomAgent #29",RandomAgent,0.82,0,0.69,10,0,3,0,38,15,10,26,0,0,10,0,0,10,30,10,14,11,17,0,82,10,10
"agent RandomAgent #30",RandomAgent,1.13,0,0.69,10,0,12,0,54,27,10,32,0,0,10,0,0,10,30,10,6,24,14,1,113,10,10
"agent NegotiatingAgent #31",NegotiatingAgent,0.05,0,0.69,10,3,0,0,0,0,10,0,4,7,10,0,0,10,3,10,17,2,6,2,5,10,10
"agent NegotiatingAgent #32",NegotiatingAgent,0.04,0,0.69,10,1,0,0,0,0,10,2,2,4,10,0,0,10,0,10,21,2,5,3,4,10,10
"agent NegotiatingAgent #33",NegotiatingAgent,0.16,0,0.69,10,2,0,0,0,6,10,2,2,13,10,0,0,10,6,10,64,2,17,0,16,10,10
"agent NegotiatingAgent #34",NegotiatingAgent,0.19,2,0.69,10,6,2,0,2,6,10,6,8,18,10,0,0,10,4,10,23,3,13,1,19,10,10
"agent NegotiatingAgent #35",NegotiatingAgent,0.05,0,0.69,10,1,0,0,0,0,10,0,5,5,10,0,1,10,3,10,13,2,6,2,5,10,10
"agent NegotiatingAgent #36",NegotiatingAgent,0.24,4,0.69,10,2,2,0,2,6,10,6,9,13,10,0,1,10,4,10,33,8,15,3,24,10,10
"agent NegotiatingAgent #37",NegotiatingAgent,0.16,0,0.69,10,0,0,0,0,6,10,2,4,12,10,0,2,10,6,10,56,2,17,0,16,10,10
"agent NegotiatingAgent #38",NegotiatingAgent,0.19,0,0.69,10,0,2,0,2,6,10,6,15,13,10,3,4,10,4,10,11,3,13,1,19,10,10
"agent NegotiatingAgent #39",NegotiatingAgent,0.05,0,0.69,10,0,0,0,0,0,10,0,3,4,10,0,0,10,3,10,12,2,6,2,5,10,10
"agent NegotiatingAgent #40",NegotiatingAgent,0.04,0,0.69,10,0,0,0,0,0,10,2,2,1,10,0,1,10,0,10,13,2,5,3,4,10,10
"agent SwarmAgent #41",SwarmAgent,0.16,0,0.69,10,0,0,0,0,6,10,2,0,0,10,0,0,10,6,10,33,2,17,0,16,10,10
"agent SwarmAgent #42",SwarmAgent,0.05,0,0.69,10,0,0,0,0,3,10,2,0,0,10,0,0,10,0,10,14,0,6,1,5,10,10
"agent SwarmAgent #43",SwarmAgent,0.27,0,0.69,10,0,1,0,1,6,10,5,0,0,10,0,0,10,8,10,3,8,17,2,27,10,10
"agent SwarmAgent #44",SwarmAgent,0.04,0,0.69,10,0,0,0,0,0,10,2,0,0,10,0,0,10,0,10,4,2,5,3,4,10,10
"agent SwarmAgent #45",SwarmAgent,0.16,0,0.69,10,0,0,0,0,6,10,2,0,0,10,0,0,10,6,10,16,2,17,0,16,10,10
"agent SwarmAgent #46",SwarmAgent,0.09,0,0.69,10,0,1,0,1,5,10,2,0,0,10,0,0,10,0,10,5,2,8,1,9,10,10
"agent SwarmAgent #47",SwarmAgent,0.05,0,0.69,10,0,0,0,0,0,10,0,0,0,10,0,0,10,3,10,1,2,6,2,5,10,10
"agent SwarmAgent #48",SwarmAgent,0.04,0,0.69,10,0,0,0,0,0,10,2,0,0,10,0,0,10,0,10,0,2,5,3,4,10,10
"agent SwarmAgent #49",SwarmAgent,0.16,0,0.69,10,0,0,0,0,6,10,2,0,0,10,0,0,10,6,10,0,2,17,0,16,10,10
"agent SwarmAgent #50",SwarmAgent,0.05,0,0.69,10,0,0,0,0,3,10,2,0,0,10,0,0,10,0,10,0,0,6,1,5,10,10
