agentName,agentType,averageSpeed,cumulatedUtilityReceived,freeWallRatio,numBacktrackAgents,numCFPAnswered,numDeadends,numDifferentEncounters,numDirectionChanges,numDownSteps,numForwardAgents,numLeftSteps,numMessagesReceived,numMessagesSent,numNegotiatingAgents,numProposalsAccepted,numProposalsRejected,numRandomAgents,numRightSteps,numSwarmAgents,numTotalEncounters,numUpSteps,numVisitedCells,startingPosition,stepsToExit,xsize,ysize
"agent BacktrackAgent #1",BacktrackAgent,0.16,0,0.69,50,0,0,0,0,6,50,2,0,0,50,0,0,50,6,50,776,2,17,0,16,10,10
"agent BacktrackAgent #2",BacktrackAgent,0.14,0,0.69,50,0,0,0,0,6,50,4,0,0,50,0,0,50,2,50,706,2,15,1,14,10,10
"agent BacktrackAgent #3",BacktrackAgent,0.27,0,0.69,50,0,1,0,1,6,50,5,0,0,50,0,0,50,8,50,760,8,17,2,27,10,10
"agent BacktrackAgent #4",BacktrackAgent,0.04,0,0.69,50,0,0,0,0,0,50,2,0,0,50,0,0,50,0,50,123,2,5,3,4,10,10
"agent BacktrackAgent #5",BacktrackAgent,0.16,0,0.69,50,0,0,0,0,6,50,2,0,0,50,0,0,50,6,50,625,2,17,0,16,10,10
"agent BacktrackAgent #6",BacktrackAgent,0.14,0,0.69,50,0,0,0,0,6,50,4,0,0,50,0,0,50,2,50,598,2,15,1,14,10,10
"agent BacktrackAgent #7",BacktrackAgent,0.05,0,0.69,50,0,0,0,0,0,50,0,0,0,50,0,0,50,3,50,117,2,6,2,5,10,10
"agent BacktrackAgent #8",BacktrackAgent,0.04,0,0.69,50,0,0,0,0,0,50,2,0,0,50,0,0,50,0,50,119,2,5,3,4,10,10
"agent BacktrackAgent #9",BacktrackAgent,0.16,0,0.69,50,0,0,0,0,6,50,2,0,0,50,0,0,50,6,50,609,2,17,0,16,10,10
"agent BacktrackAgent #10",BacktrackAgent,0.14,0,0.69,50,0,0,0,0,6,50,4,0,0,50,0,0,50,2,50,774,2,15,1,14,10,10
"agent BacktrackAgent #11",BacktrackAgent,0.05,0,0.69,50,0,0,0,0,0,50,0,0,0,50,0,0,50,3,50,134,2,6,2,5,10,10
"agent BacktrackAgent #12",BacktrackAgent,0.04,0,0.69,50,0,0,0,0,0,50,2,0,0,50,0,0,50,0,50,147,2,5,3,4,10,10
"agent BacktrackAgent #13",BacktrackAgent,0.16,0,0.69,50,0,0,0,0,6,50,2,0,0,50,0,0,50,6,50,808,2,17,0,16,10,10
"agent BacktrackAgent #14",BacktrackAgent,0.14,0,0.69,50,0,0,0,0,6,50,4,0,0,50,0,0,50,2,50,760,2,15,1,14,10,10
"agent BacktrackAgent #15",BacktrackAgent,0.27,0,0.69,50,0,1,0,1,6,50,5,0,0,50,0,0,50,8,50,957,8,17,2,27,10,10
"agent BacktrackAgent #16",BacktrackAgent,0.04,0,0.69,50,0,0,0,0,0,50,2,0,0,50,0,0,50,0,50,143,2,5,3,4,10,10
"agent BacktrackAgent #17",BacktrackAgent,0.16,0,0.69,50,0,0,0,0,6,50,2,0,0,50,0,0,50,6,50,791,2,17,0,16,10,10
"agent BacktrackAgent #18",BacktrackAgent,0.14,0,0.69,50,0,0,0,0,6,50,4,0,0,50,0,0,50,2,50,746,2,15,1,14,10,10
"agent BacktrackAgent #19",BacktrackAgent,0.27,0,0.69,50,0,1,0,1,6,50,5,0,0,50,0,0,50,8,50,929,8,17,2,27,10,10
"agent BacktrackAgent #20",BacktrackAgent,0.04,0,0.69,50,0,0,0,0,0,50,2,0,0,50,0,0,50,0,50,139,2,5,3,4,10,10
"agent BacktrackAgent #21",BacktrackAgent,0.16,0,0.69,50,0,0,0,0,6,50,2,0,0,50,0,0,50,6,50,759,2,17,0,16,10,10
"agent BacktrackAgent #22",BacktrackAgent,0.14,0,0.69,50,0,0,0,0,6,50,4,0,0,50,0,0,50,2,50,732,2,15,1,14,10,10
"agent BacktrackAgent #23",BacktrackAgent,0.27,0,0.69,50,0,1,0,1,6,50,5,0,0,50,0,0,50,8,50,899,8,17,2,27,10,10
"agent BacktrackAgent #24",BacktrackAgent,0.04,0,0.69,50,0,0,0,0,0,50,2,0,0,50,0,0,50,0,50,135,2,5,3,4,10,10
"agent BacktrackAgent #25",BacktrackAgent,0.16,0,0.69,50,0,0,0,0,6,50,2,0,0,50,0,0,50,6,50,742,2,17,0,16,10,10
"agent BacktrackAgent #26",BacktrackAgent,0.14,0,0.69,50,0,0,0,0,6,50,4,0,0,50,0,0,50,2,50,718,2,15,1,14,10,10
"agent BacktrackAgent #27",BacktrackAgent,0.27,0,0.69,50,0,1,0,1,6,50,5,0,0,50,0,0,50,8,50,871,8,17,2,27,10,10
"agent BacktrackAgent #28",BacktrackAgent,0.04,0,0.69,50,0,0,0,0,0,50,2,0,0,50,0,0,50,0,50,131,2,5,3,4,10,10
"agent BacktrackAgent #29",BacktrackAgent,0.16,0,0.69,50,0,0,0,0,6,50,2,0,0,50,0,0,50,6,50,725,2,17,0,16,10,10
"agent BacktrackAgent #30",BacktrackAgent,0.14,0,0.69,50,0,0,0,0,6,50,4,0,0,50,0,0,50,2,50,691,2,15,1,14,10,10
"agent BacktrackAgent #31",BacktrackAgent,0.27,0,0.69,50,0,1,0,1,6,50,5,0,0,50,0,0,50,8,50,843,8,17,2,27,10,10
"agent BacktrackAgent #32",BacktrackAgent,0.24,0,0.69,50,0,1,0,1,6,50,6,0,0,50,0,0,50,4,50,736,8,15,3,24,10,10
"agent BacktrackAgent #33",BacktrackAgent,0.16,0,0.69,50,0,0,0,0,6,50,2,0,0,50,0,0,50,6,50,708,2,17,0,16,10,10
"agent BacktrackAgent #34",BacktrackAgent,0.14,0,0.69,50,0,0,0,0,6,50,4,0,0,50,0,0,50,2,50,675,2,15,1,14,10,10
"agent BacktrackAgent #35",BacktrackAgent,0.27,0,0.69,50,0,1,0,1,6,50,5,0,0,50,0,0,50,8,50,815,8,17,2,27,10,10
"agent BacktrackAgent #36",BacktrackAgent,0.24,0,0.69,50,0,1,0,1,6,50,6,0,0,50,0,0,50,4,50,710,8,15,3,24,10,10
"agent BacktrackAgent #37",BacktrackAgent,0.16,0,0.69,50,0,0,0,0,6,50,2,0,0,50,0,0,50,6,50,691,2,17,0,16,10,10
"agent BacktrackAgent #38",BacktrackAgent,0.14,0,0.69,50,0,0,0,0,6,50,4,0,0,50,0,0,50,2,50,659,2,15,1,14,10,10
"agent BacktrackAgent #39",BacktrackAgent,0.27,0,0.69,50,0,1,0,1,6,50,5,0,0,50,0,0,50,8,50,787,8,17,2,27,10,10
"agent BacktrackAgent #40",BacktrackAgent,0.24,0,0.69,50,0,1,0,1,6,50,6,0,0,50,0,0,50,4,50,684,8,15,3,24,10,10
"agent BacktrackAgent #41",BacktrackAgent,0.16,0,0.69,50,0,0,0,0,6,50,2,0,0,50,0,0,50,6,50,672,2,17,0,16,10,10
"agent BacktrackAgent #42",BacktrackAgent,0.14,0,0.69,50,0,0,0,0,6,50,4,0,0,50,0,0,50,2,50,643,2,15,1,14,10,10
"agent BacktrackAgent #43",BacktrackAgent,0.27,0,0.69,50,0,1,0,1,6,50,5,0,0,50,0,0,50,8,50,733,8,17,2,27,10,10
"agent BacktrackAgent #44",BacktrackAgent,0.24,0,0.69,50,0,1,0,1,6,50,6,0,0,50,0,0,50,4,50,658,8,15,3,24,10,10
"agent BacktrackAgent #45",BacktrackAgent,0.16,0,0.69,50,0,0,0,0,6,50,2,0,0,50,0,0,50,6,50,655,2,17,0,16,10,10
"agent BacktrackAgent #46",BacktrackAgent,0.14,0,0.69,50,0,0,0,0,6,50,4,0,0,50,0,0,50,2,50,627,2,15,1,14,10,10
"agent BacktrackAgent #47",BacktrackAgent,0.05,0,0.69,50,0,0,0,0,0,50,0,0,0,50,0,0,50,3,50,121,2,6,2,5,10,10
"agent BacktrackAgent #48",BacktrackAgent,0.24,0,0.69,50,0,1,0,1,6,50,6,0,0,50,0,0,50,4,50,632,8,15,3,24,10,10
"agent BacktrackAgent #49",BacktrackAgent,0.16,0,0.69,50,0,0,0,0,6,50,2,0,0,50,0,0,50,6,50,639,2,17,0,16,10,10
"agent BacktrackAgent #50",BacktrackAgent,0.14,0,0.69,50,0,0,0,0,6,50,4,0,0,50,0,0,50,2,50,611,2,15,1,14,10,10
"agent ForwardAgent #51",ForwardAgent,0.27,0,0.69,50,0,1,0,1,6,50,5,0,0,50,0,0,50,8,50,699,8,17,2,27,10,10
"agent ForwardAgent #52",ForwardAgent,0.04,0,0.69,50,0,0,0,0,0,50,2,0,0,50,0,0,50,0,50,111,2,5,3,4,10,10
"agent ForwardAgent #53",ForwardAgent,0.16,0,0.69,50,0,0,0,0,6,50,2,0,0,50,0,0,50,6,50,592,2,17,0,16,10,10
"agent ForwardAgent #54",ForwardAgent,0.14,0,0.69,50,0,0,0,0,6,50,4,0,0,50,0,0,50,2,50,584,2,15,1,14,10,10
"agent ForwardAgent #55",ForwardAgent,0.05,0,0.69,50,0,0,0,0,0,50,0,0,0,50,0,0,50,3,50,111,2,6,2,5,10,10
"agent ForwardAgent #56",ForwardAgent,0.24,0,0.69,50,0,1,0,1,6,50,6,0,0,50,0,0,50,4,50,601,8,15,3,24,10,10
"agent ForwardAgent #57",ForwardAgent,0.16,0,0.69,50,0,0,0,0,6,50,2,0,0,50,0,0,50,6,50,576,2,17,0,16,10,10
"agent ForwardAgent #58",ForwardAgent,0.14,0,0.69,50,0,0,0,0,6,50,4,0,0,50,0,0,50,2,50,568,2,15,1,14,10,10
"agent ForwardAgent #59",ForwardAgent,0.05,0,0.69,50,0,0,0,0,0,50,0,0,0,50,0,0,50,3,50,106,2,6,2,5,10,10
"agent ForwardAgent #60",ForwardAgent,0.04,0,0.69,50,0,0,0,0,0,50,2,0,0,50,0,0,50,0,50,106,2,5,3,4,10,10
"agent ForwardAgent #61",ForwardAgent,0.16,0,0.69,50,0,0,0,0,6,50,2,0,0,50,0,0,50,6,50,560,2,17,0,16,10,10
"agent ForwardAgent #62",ForwardAgent,0.14,0,0.69,50,0,0,0,0,6,50,4,0,0,50,0,0,50,2,50,554,2,15,1,14,10,10
"agent ForwardAgent #63",ForwardAgent,0.27,0,0.69,50,0,1,0,1,6,50,5,0,0,50,0,0,50,8,50,667,8,17,2,27,10,10
"agent ForwardAgent #64",ForwardAgent,0.04,0,0.69,50,0,0,0,0,0,50,2,0,0,50,0,0,50,0,50,102,2,5,3,4,10,10
"agent ForwardAgent #65",ForwardAgent,0.16,0,0.69,50,0,0,0,0,6,50,2,0,0,50,0,0,50,6,50,543,2,17,0,16,10,10
"agent ForwardAgent #66",ForwardAgent,0.14,0,0.69,50,0,0,0,0,6,50,4,0,0,50,0,0,50,2,50,540,2,15,1,14,10,10
"agent ForwardAgent #67",ForwardAgent,0.27,0,0.69,50,0,1,0,1,6,50,5,0,0,50,0,0,50,8,50,639,8,17,2,27,10,10
"agent ForwardAgent #68",ForwardAgent,0.24,0,0.69,50,0,1,0,1,6,50,6,0,0,50,0,0,50,4,50,569,8,15,3,24,10,10
"agent ForwardAgent #69",ForwardAgent,0.16,0,0.69,50,0,0,0,0,6,50,2,0,0,50,0,0,50,6,50,526,2,17,0,16,10,10
"agent ForwardAgent #70",ForwardAgent,0.14,0,0.69,50,0,0,0,0,6,50,4,0,0,50,0,0,50,2,50,524,2,15,1,14,10,10
"agent ForwardAgent #71",ForwardAgent,0.27,0,0.69,50,0,1,0,1,6,50,5,0,0,50,0,0,50,8,50,611,8,17,2,27,10,10
"agent ForwardAgent #72",ForwardAgent,0.24,0,0.69,50,0,1,0,1,6,50,6,0,0,50,0,0,50,4,50,543,8,15,3,24,10,10
"agent ForwardAgent #73",ForwardAgent,0.16,0,0.69,50,0,0,0,0,6,50,2,0,0,50,0,0,50,6,50,509,2,17,0,16,10,10
"agent ForwardAgent #74",ForwardAgent,0.14,0,0.69,50,0,0,0,0,6,50,4,0,0,50,0,0,50,2,50,508,2,15,1,14,10,10
"agent ForwardAgent #75",ForwardAgent,0.27,0,0.69,50,0,1,0,1,6,50,5,0,0,50,0,0,50,8,50,583,8,17,2,27,10,10
"agent ForwardAgent #76",ForwardAgent,0.04,0,0.69,50,0,0,0,0,0,50,2,0,0,50,0,0,50,0,50,96,2,5,3,4,10,10
"agent ForwardAgent #77",ForwardAgent,0.16,0,0.69,50,0,0,0,0,6,50,2,0,0,50,0,0,50,6,50,492,2,17,0,16,10,10
"agent ForwardAgent #78",ForwardAgent,0.14,0,0.69,50,0,0,0,0,6,50,4,0,0,50,0,0,50,2,50,494,2,15,1,14,10,10
"agent ForwardAgent #79",ForwardAgent,0.27,0,0.69,50,0,1,0,1,6,50,5,0,0,50,0,0,50,8,50,555,8,17,2,27,10,10
"agent ForwardAgent #80",ForwardAgent,0.04,0,0.69,50,0,0,0,0,0,50,2,0,0,50,0,0,50,0,50,92,2,5,3,4,10,10
"agent ForwardAgent #81",ForwardAgent,0.16,0,0.69,50,0,0,0,0,6,50,2,0,0,50,0,0,50,6,50,475,2,17,0,16,10,10
"agent ForwardAgent #82",ForwardAgent,0.14,0,0.69,50,0,0,0,0,6,50,4,0,0,50,0,0,50,2,50,480,2,15,1,14,10,10
"agent ForwardAgent #83",ForwardAgent,0.27,0,0.69,50,0,1,0,1,6,50,5,0,0,50,0,0,50,8,50,527,8,17,2,27,10,10
"agent ForwardAgent #84",ForwardAgent,0.04,0,0.69,50,0,0,0,0,0,50,2,0,0,50,0,0,50,0,50,88,2,5,3,4,10,10
"agent ForwardAgent #85",ForwardAgent,0.16,0,0.69,50,0,0,0,0,6,50,2,0,0,50,0,0,50,6,50,458,2,17,0,16,10,10
"agent ForwardAgent #86",ForwardAgent,0.14,0,0.69,50,0,0,0,0,6,50,4,0,0,50,0,0,50,2,50,466,2,15,1,14,10,10
"agent ForwardAgent #87",ForwardAgent,0.27,0,0.69,50,0,1,0,1,6,50,5,0,0,50,0,0,50,8,50,499,8,17,2,27,10,10
"agent ForwardAgent #88",ForwardAgent,0.04,0,0.69,50,0,0,0,0,0,50,2,0,0,50,0,0,50,0,50,84,2,5,3,4,10,10
"agent ForwardAgent #89",ForwardAgent,0.16,0,0.69,50,0,0,0,0,6,50,2,0,0,50,0,0,50,6,50,441,2,17,0,16,10,10
"agent ForwardAgent #90",ForwardAgent,0.14,0,0.69,50,0,0,0,0,6,50,4,0,0,50,0,0,50,2,50,452,2,15,1,14,10,10
"agent ForwardAgent #91",ForwardAgent,0.05,0,0.69,50,0,0,0,0,0,50,0,0,0,50,0,0,50,3,50,94,2,6,2,5,10,10
"agent ForwardAgent #92",ForwardAgent,0.04,0,0.69,50,0,0,0,0,0,50,2,0,0,50,0,0,50,0,50,80,2,5,3,4,10,10
"agent ForwardAgent #93",ForwardAgent,0.16,0,0.69,50,0,0,0,0,6,50,2,0,0,50,0,0,50,6,50,425,2,17,0,16,10,10
"agent ForwardAgent #94",ForwardAgent,0.14,0,0.69,50,0,0,0,0,6,50,4,0,0,50,0,0,50,2,50,438,2,15,1,14,10,10
"agent ForwardAgent #95",ForwardAgent,0.27,0,0.69,50,0,1,0,1,6,50,5,0,0,50,0,0,50,8,50,469,8,17,2,27,10,10
"agent ForwardAgent #96",ForwardAgent,0.24,0,0.69,50,0,1,0,1,6,50,6,0,0,50,0,0,50,4,50,502,8,15,3,24,10,10
"agent ForwardAgent #97",ForwardAgent,0.16,0,0.69,50,0,0,0,0,6,50,2,0,0,50,0,0,50,6,50,408,2,17,0,16,10,10
"agent ForwardAgent #98",ForwardAgent,0.14,0,0.69,50,0,0,0,0,6,50,4,0,0,50,0,0,50,2,50,422,2,15,1,14,10,10
"agent ForwardAgent #99",ForwardAgent,0.27,0,0.69,50,0,1,0,1,6,50,5,0,0,50,0,0,50,8,50,441,8,17,2,27,10,10
"agent ForwardAgent #100",ForwardAgent,0.04,0,0.69,50,0,0,0,0,0,50,2,0,0,50,0,0,50,0,50,106,2,5,3,4,10,10
"agent RandomAgent #101",RandomAgent,5.36,0,0.69,50,0,43,0,274,122,50,146,0,0,50,0,0,50,150,50,1230,118,17,0,536,10,10
"agent RandomAgent #102",RandomAgent,0.64,0,0.69,50,0,2,0,34,21,50,14,0,0,50,0,0,50,12,50,391,17,15,1,64,10,10
"agent RandomAgent #103",RandomAgent,0.19,0,0.69,50,0,0,0,8,2,50,5,0,0,50,0,0,50,8,50,139,4,8,2,19,10,10
"agent RandomAgent #104",RandomAgent,0.24,0,0.69,50,0,0,0,14,3,50,9,0,0,50,0,0,50,7,50,217,5,6,3,24,10,10
"agent RandomAgent #105",RandomAgent,1.1,0,0.69,50,0,17,0,72,22,50,33,0,0,50,0,0,50,37,50,639,18,17,0,110,10,10
"agent RandomAgent #106",RandomAgent,0.78,0,0.69,50,0,10,0,42,20,50,22,0,0,50,0,0,50,20,50,552,16,15,1,78,10,10
"agent RandomAgent #107",RandomAgent,0.09,0,0.69,50,0,0,0,3,1,50,1,0,0,50,0,0,50,4,50,78,3,7,2,9,10,10
"agent RandomAgent #108",RandomAgent,3.84,0,0.69,50,0,27,0,200,97,50,95,0,0,50,0,0,50,93,50,894,99,15,3,384,10,10
"agent RandomAgent #109",RandomAgent,2.52,0,0.69,50,0,17,0,130,55,50,71,0,0,50,0,0,50,75,50,819,51,17,0,252,10,10
"agent RandomAgent #110",RandomAgent,1.06,0,0.69,50,0,7,0,58,22,50,34,0,0,50,0,0,50,32,50,466,18,15,1,106,10,10
"agent RandomAgent #111",RandomAgent,2.83,0,0.69,50,0,8,0,141,71,50,68,0,0,50,0,0,50,71,50,636,73,17,2,283,10,10
"agent RandomAgent #112",RandomAgent,0.14,0,0.69,50,0,0,0,8,2,50,5,0,0,50,0,0,50,3,50,150,4,5,3,14,10,10
"agent RandomAgent #113",RandomAgent,2.96,0,0.69,50,0,25,0,162,75,50,73,0,0,50,0,0,50,77,50,815,71,17,0,296,10,10
"agent RandomAgent #114",RandomAgent,0.9,0,0.69,50,0,1,0,36,27,50,21,0,0,50,0,0,50,19,50,538,23,15,1,90,10,10
"agent RandomAgent #115",RandomAgent,7.81,0,0.69,50,0,55,0,429,177,50,211,0,0,50,0,0,50,214,50,831,179,17,2,781,10,10
"agent RandomAgent #116",RandomAgent,0.64,0,0.69,50,0,0,0,33,25,50,7,0,0,50,0,0,50,5,50,263,27,9,3,64,10,10
"agent RandomAgent #117",RandomAgent,2.74,0,0.69,50,0,30,0,140,69,50,68,0,0,50,0,0,50,72,50,601,65,17,0,274,10,10
"agent RandomAgent #118",RandomAgent,1.6,0,0.69,50,0,7,0,88,48,50,35,0,0,50,0,0,50,33,50,620,44,15,1,160,10,10
"agent RandomAgent #119",RandomAgent,0.29,0,0.69,50,0,0,0,13,7,50,5,0,0,50,0,0,50,8,50,163,9,8,2,29,10,10
"agent RandomAgent #120",RandomAgent,1.34,0,0.69,50,0,16,0,69,32,50,35,0,0,50,0,0,50,33,50,428,34,15,3,134,10,10
"agent RandomAgent #121",RandomAgent,6.98,0,0.69,50,0,45,0,386,165,50,184,0,0,50,0,0,50,188,50,558,161,17,0,698,10,10
"agent RandomAgent #122",RandomAgent,0.84,0,0.69,50,0,4,0,48,29,50,16,0,0,50,0,0,50,14,50,349,25,15,1,84,10,10
"agent RandomAgent #123",RandomAgent,0.05,0,0.69,50,0,0,0,0,0,50,0,0,0,50,0,0,50,3,50,47,2,6,2,5,10,10
"agent RandomAgent #124",RandomAgent,0.7,0,0.69,50,0,2,0,32,24,50,11,0,0,50,0,0,50,9,50,295,26,15,3,70,10,10
"agent RandomAgent #125",RandomAgent,1.8,0,0.69,50,0,13,0,82,50,50,40,0,0,50,0,0,50,44,50,421,46,17,0,180,10,10
"agent RandomAgent #126",RandomAgent,0.46,0,0.69,50,0,3,0,26,13,50,13,0,0,50,0,0,50,11,50,249,9,15,1,46,10,10
"agent RandomAgent #127",RandomAgent,0.21,0,0.69,50,0,0,0,13,1,50,7,0,0,50,0,0,50,10,50,117,3,7,2,21,10,10
"agent RandomAgent #128",RandomAgent,2.38,0,0.69,50,0,24,0,133,47,50,72,0,0,50,0,0,50,70,50,525,49,15,3,238,10,10
"agent RandomAgent #129",RandomAgent,1.04,0,0.69,50,0,11,0,54,28,50,24,0,0,50,0,0,50,28,50,271,24,17,0,104,10,10
"agent RandomAgent #130",RandomAgent,0.68,0,0.69,50,0,0,0,28,20,50,17,0,0,50,0,0,50,15,50,309,16,15,1,68,10,10
"agent RandomAgent #131",RandomAgent,0.19,0,0.69,50,0,0,0,9,4,50,3,0,0,50,0,0,50,6,50,95,6,7,2,19,10,10
"agent RandomAgent #132",RandomAgent,0.08,0,0.69,50,0,0,0,1,2,50,2,0,0,50,0,0,50,0,50,45,4,7,3,8,10,10
"agent RandomAgent #133",RandomAgent,1.38,0,0.69,50,0,6,0,76,40,50,29,0,0,50,0,0,50,33,50,259,36,17,0,138,10,10
"agent RandomAgent #134",RandomAgent,0.32,0,0.69,50,0,0,0,10,15,50,4,0,0,50,0,0,50,2,50,139,11,15,1,32,10,10
"agent RandomAgent #135",RandomAgent,1.01,0,0.69,50,0,6,0,47,23,50,25,0,0,50,0,0,50,28,50,246,25,17,2,101,10,10
"agent RandomAgent #136",RandomAgent,0.14,0,0.69,50,0,0,0,6,1,50,6,0,0,50,0,0,50,4,50,118,3,6,3,14,10,10
"agent RandomAgent #137",RandomAgent,3.74,0,0.69,50,0,16,0,182,88,50,99,0,0,50,0,0,50,103,50,285,84,17,0,374,10,10
"agent RandomAgent #138",RandomAgent,1.84,0,0.69,50,0,17,0,92,45,50,50,0,0,50,0,0,50,48,50,357,41,15,1,184,10,10
"agent RandomAgent #139",RandomAgent,6.07,0,0.69,50,0,16,0,320,170,50,131,0,0,50,0,0,50,134,50,288,172,17,2,607,10,10
"agent RandomAgent #140",RandomAgent,0.74,0,0.69,50,0,0,0,41,26,50,11,0,0,50,0,0,50,9,50,190,28,10,3,74,10,10
"agent RandomAgent #141",RandomAgent,1.06,0,0.69,50,0,4,0,56,37,50,16,0,0,50,0,0,50,20,50,157,33,17,0,106,10,10
"agent RandomAgent #142",RandomAgent,4.5,0,0.69,50,0,32,0,240,114,50,114,0,0,50,0,0,50,112,50,298,110,15,1,450,10,10
"agent RandomAgent #143",RandomAgent,3.51,0,0.69,50,0,26,0,181,77,50,96,0,0,50,0,0,50,99,50,162,79,17,2,351,10,10
"agent RandomAgent #144",RandomAgent,0.1,0,0.69,50,0,0,0,3,1,50,4,0,0,50,0,0,50,2,50,44,3,6,3,10,10,10
"agent RandomAgent #145",RandomAgent,0.7,0,0.69,50,0,2,0,34,21,50,14,0,0,50,0,0,50,18,50,108,17,17,0,70,10,10
"agent RandomAgent #146",RandomAgent,2.52,0,0.69,50,0,17,0,148,62,50,67,0,0,50,0,0,50,65,50,190,58,15,1,252,10,10
"agent RandomAgent #147",RandomAgent,1.79,0,0.69,50,0,8,0,84,52,50,35,0,0,50,0,0,50,38,50,88,54,17,2,179,10,10
"agent RandomAgent #148",RandomAgent,1.62,0,0.69,50,0,11,0,88,34,50,47,0,0,50,0,0,50,45,50,113,36,15,3,162,10,10
"agent RandomAgent #149",RandomAgent,1.08,0,0.69,50,0,1,0,54,28,50,26,0,0,50,0,0,50,30,50,96,24,17,0,108,10,10
"agent RandomAgent #150",RandomAgent,0.78,0,0.69,50,0,10,0,50,17,50,25,0,0,50,0,0,50,23,50,69,13,15,1,78,10,10
"agent NegotiatingAgent #151",NegotiatingAgent,0.27,11,0.69,50,15,1,0,1,6,50,5,28,41,50,0,0,50,8,50,201,8,17,2,27,10,10
"agent NegotiatingAgent #152",NegotiatingAgent,0.24,0,0.69,50,16,1,0,1,6,50,6,30,41,50,0,0,50,4,50,181,8,15,3,24,10,10
"agent NegotiatingAgent #153",NegotiatingAgent,0.16,0,0.69,50,14,0,0,0,6,50,2,29,30,50,0,0,50,6,50,162,2,17,0,16,10,10
"agent NegotiatingAgent #154",NegotiatingAgent,0.14,0,0.69,50,13,0,0,0,6,50,4,26,27,50,0,0,50,2,50,178,2,15,1,14,10,10
"agent NegotiatingAgent #155",NegotiatingAgent,0.05,0,0.69,50,2,0,0,0,0,50,0,4,7,50,0,0,50,3,50,55,2,6,2,5,10,10
"agent NegotiatingAgent #156",NegotiatingAgent,0.24,10,0.69,50,17,1,0,1,6,50,6,38,38,50,0,1,50,4,50,201,8,15,3,24,10,10
"agent NegotiatingAgent #157",NegotiatingAgent,0.16,0,0.69,50,11,0,0,0,6,50,2,26,27,50,0,0,50,6,50,170,2,17,0,16,10,10
"agent NegotiatingAgent #158",NegotiatingAgent,0.14,0,0.69,50,5,0,0,0,6,50,4,17,16,50,0,2,50,2,50,272,2,15,1,14,10,10
"agent NegotiatingAgent #159",NegotiatingAgent,0.27,0,0.69,50,18,1,0,1,6,50,5,42,40,50,0,1,50,8,50,238,8,17,2,27,10,10
"agent NegotiatingAgent #160",NegotiatingAgent,0.04,0,0.69,50,1,0,0,0,0,50,2,1,4,50,0,0,50,0,50,65,2,5,3,4,10,10
"agent NegotiatingAgent #161",NegotiatingAgent,0.16,0,0.69,50,7,0,0,0,6,50,2,21,21,50,0,1,50,6,50,291,2,17,0,16,10,10
"agent NegotiatingAgent #162",NegotiatingAgent,0.14,0,0.69,50,6,0,0,0,6,50,4,17,18,50,0,0,50,2,50,258,2,15,1,14,10,10
"agent NegotiatingAgent #163",NegotiatingAgent,0.27,0,0.69,50,11,1,0,1,6,50,5,31,31,50,0,1,50,8,50,261,8,17,2,27,10,10
"agent NegotiatingAgent #164",NegotiatingAgent,0.04,0,0.69,50,2,0,0,0,0,50,2,5,6,50,0,0,50,0,50,51,2,5,3,4,10,10
"agent NegotiatingAgent #165",NegotiatingAgent,0.16,0,0.69,50,1,0,0,0,6,50,2,12,13,50,0,2,50,6,50,364,2,17,0,16,10,10
"agent NegotiatingAgent #166",NegotiatingAgent,0.14,0,0.69,50,0,0,0,0,6,50,4,13,12,50,0,1,50,2,50,347,2,15,1,14,10,10
"agent NegotiatingAgent #167",NegotiatingAgent,0.27,0,0.69,50,0,1,0,1,6,50,5,25,19,50,0,6,50,8,50,383,8,17,2,27,10,10
"agent NegotiatingAgent #168",NegotiatingAgent,0.04,0,0.69,50,0,0,0,0,0,50,2,2,2,50,0,0,50,0,50,55,2,5,3,4,10,10
"agent NegotiatingAgent #169",NegotiatingAgent,0.16,0,0.69,50,0,0,0,0,6,50,2,13,11,50,0,3,50,6,50,365,2,17,0,16,10,10
"agent NegotiatingAgent #170",NegotiatingAgent,0.14,0,0.69,50,0,0,0,0,6,50,4,13,12,50,0,1,50,2,50,333,2,15,1,14,10,10
"agent NegotiatingAgent #171",NegotiatingAgent,0.05,0,0.69,50,4,0,0,0,0,50,0,8,9,50,0,0,50,3,50,47,2,6,2,5,10,10
"agent NegotiatingAgent #172",NegotiatingAgent,0.24,0,0.69,50,11,1,0,1,6,50,6,32,33,50,0,1,50,4,50,231,8,15,3,24,10,10
"agent NegotiatingAgent #173",NegotiatingAgent,0.16,0,0.69,50,4,0,0,0,6,50,2,17,18,50,0,0,50,6,50,332,2,17,0,16,10,10
"agent NegotiatingAgent #174",NegotiatingAgent,0.14,0,0.69,50,7,0,0,0,6,50,4,21,21,50,0,1,50,2,50,158,2,15,1,14,10,10
"agent NegotiatingAgent #175",NegotiatingAgent,0.27,0,0.69,50,4,1,0,1,6,50,5,29,29,50,0,1,50,8,50,352,8,17,2,27,10,10
"agent NegotiatingAgent #176",NegotiatingAgent,0.24,0,0.69,50,0,1,0,1,6,50,6,22,16,50,0,6,50,4,50,349,8,15,3,24,10,10
"agent NegotiatingAgent #177",NegotiatingAgent,0.16,0,0.69,50,3,0,0,0,6,50,2,17,17,50,0,1,50,6,50,217,2,17,0,16,10,10
"agent NegotiatingAgent #178",NegotiatingAgent,0.14,0,0.69,50,0,0,0,0,6,50,4,13,10,50,0,3,50,2,50,310,2,15,1,14,10,10
"agent NegotiatingAgent #179",NegotiatingAgent,0.05,0,0.69,50,0,0,0,0,0,50,0,4,3,50,0,1,50,3,50,63,2,6,2,5,10,10
"agent NegotiatingAgent #180",NegotiatingAgent,0.24,0,0.69,50,8,1,0,1,6,50,6,29,29,50,0,1,50,4,50,265,8,15,3,24,10,10
"agent NegotiatingAgent #181",NegotiatingAgent,0.16,0,0.69,50,2,0,0,0,6,50,2,16,16,50,0,1,50,6,50,302,2,17,0,16,10,10
"agent NegotiatingAgent #182",NegotiatingAgent,0.14,0,0.69,50,3,0,0,0,6,50,4,13,13,50,0,1,50,2,50,276,2,15,1,14,10,10
"agent NegotiatingAgent #183",NegotiatingAgent,0.27,0,0.69,50,0,1,0,1,6,50,5,25,22,50,0,3,50,8,50,340,8,17,2,27,10,10
"agent NegotiatingAgent #184",NegotiatingAgent,0.24,0,0.69,50,0,1,0,1,6,50,6,22,17,50,0,5,50,4,50,311,8,15,3,24,10,10
"agent NegotiatingAgent #185",NegotiatingAgent,0.16,0,0.69,50,0,0,0,0,6,50,2,14,14,50,0,0,50,6,50,318,2,17,0,16,10,10
"agent NegotiatingAgent #186",NegotiatingAgent,0.14,0,0.69,50,0,0,0,0,6,50,4,13,13,50,0,0,50,2,50,285,2,15,1,14,10,10
"agent NegotiatingAgent #187",NegotiatingAgent,0.27,0,0.69,50,3,1,0,1,6,50,5,26,25,50,0,2,50,8,50,308,8,17,2,27,10,10
"agent NegotiatingAgent #188",NegotiatingAgent,0.24,0,0.69,50,0,1,0,1,6,50,6,22,17,50,0,5,50,4,50,285,8,15,3,24,10,10
"agent NegotiatingAgent #189",NegotiatingAgent,0.16,0,0.69,50,0,0,0,0,6,50,2,14,13,50,0,1,50,6,50,301,2,17,0,16,10,10
"agent NegotiatingAgent #190",NegotiatingAgent,0.14,0,0.69,50,0,0,0,0,6,50,4,13,13,50,0,0,50,2,50,269,2,15,1,14,10,10
"agent NegotiatingAgent #191",NegotiatingAgent,0.05,0,0.69,50,0,0,0,0,0,50,0,4,4,50,0,0,50,3,50,56,2,6,2,5,10,10
"agent NegotiatingAgent #192",NegotiatingAgent,0.04,0,0.69,50,1,0,0,0,0,50,2,3,4,50,0,0,50,0,50,47,2,5,3,4,10,10
"agent NegotiatingAgent #193",NegotiatingAgent,0.16,0,0.69,50,0,0,0,0,6,50,2,14,13,50,0,1,50,6,50,285,2,17,0,16,10,10
"agent NegotiatingAgent #194",NegotiatingAgent,0.14,0,0.69,50,0,0,0,0,6,50,4,13,12,50,0,1,50,2,50,255,2,15,1,14,10,10
"agent NegotiatingAgent #195",NegotiatingAgent,0.27,0,0.69,50,0,1,0,1,6,50,5,25,21,50,0,4,50,8,50,287,8,17,2,27,10,10
"agent NegotiatingAgent #196",NegotiatingAgent,0.04,0,0.69,50,0,0,0,0,0,50,2,2,2,50,0,0,50,0,50,42,2,5,3,4,10,10
"agent NegotiatingAgent #197",NegotiatingAgent,0.16,0,0.69,50,0,0,0,0,6,50,2,14,11,50,0,3,50,6,50,268,2,17,0,16,10,10
"agent NegotiatingAgent #198",NegotiatingAgent,0.14,0,0.69,50,0,0,0,0,6,50,4,13,12,50,0,1,50,2,50,241,2,15,1,14,10,10
"agent NegotiatingAgent #199",NegotiatingAgent,0.05,0,0.69,50,0,0,0,0,0,50,0,4,3,50,0,1,50,3,50,49,2,6,2,5,10,10
"agent NegotiatingAgent #200",NegotiatingAgent,0.24,0,0.69,50,0,1,0,1,6,50,6,22,19,50,0,3,50,4,50,253,8,15,3,24,10,10
"agent SwarmAgent #201",SwarmAgent,0.16,0,0.69,50,0,0,0,0,6,50,2,0,0,50,0,0,50,6,50,198,2,17,0,16,10,10
"agent SwarmAgent #202",SwarmAgent,0.14,0,0.69,50,0,0,0,0,6,50,4,0,0,50,0,0,50,2,50,180,2,15,1,14,10,10
"agent SwarmAgent #203",SwarmAgent,0.27,0,0.69,50,0,1,0,1,6,50,5,0,0,50,0,0,50,8,50,153,8,17,2,27,10,10
"agent SwarmAgent #204",SwarmAgent,0.24,0,0.69,50,0,1,0,1,6,50,6,0,0,50,0,0,50,4,50,150,8,15,3,24,10,10
"agent SwarmAgent #205",SwarmAgent,0.16,0,0.69,50,0,0,0,0,6,50,2,0,0,50,0,0,50,6,50,181,2,17,0,16,10,10
"agent SwarmAgent #206",SwarmAgent,0.14,0,0.69,50,0,0,0,0,6,50,4,0,0,50,0,0,50,2,50,164,2,15,1,14,10,10
"agent SwarmAgent #207",SwarmAgent,0.05,0,0.69,50,0,0,0,0,0,50,0,0,0,50,0,0,50,3,50,30,2,6,2,5,10,10
"agent SwarmAgent #208",SwarmAgent,0.24,0,0.69,50,0,1,0,1,6,50,6,0,0,50,0,0,50,4,50,124,8,15,3,24,10,10
"agent SwarmAgent #209",SwarmAgent,0.16,0,0.69,50,0,0,0,0,6,50,2,0,0,50,0,0,50,6,50,165,2,17,0,16,10,10
"agent SwarmAgent #210",SwarmAgent,0.14,0,0.69,50,0,0,0,0,6,50,4,0,0,50,0,0,50,2,50,148,2,15,1,14,10,10
"agent SwarmAgent #211",SwarmAgent,0.27,0,0.69,50,0,1,0,1,6,50,5,0,0,50,0,0,50,8,50,123,8,17,2,27,10,10
"agent SwarmAgent #212",SwarmAgent,0.04,0,0.69,50,0,0,0,0,0,50,2,0,0,50,0,0,50,0,50,24,2,5,3,4,10,10
"agent SwarmAgent #213",SwarmAgent,0.16,0,0.69,50,0,0,0,0,6,50,2,0,0,50,0,0,50,6,50,148,2,17,0,16,10,10
"agent SwarmAgent #214",SwarmAgent,0.14,0,0.69,50,0,0,0,0,6,50,4,0,0,50,0,0,50,2,50,134,2,15,1,14,10,10
"agent SwarmAgent #215",SwarmAgent,0.05,0,0.69,50,0,0,0,0,0,50,0,0,0,50,0,0,50,3,50,24,2,6,2,5,10,10
"agent SwarmAgent #216",SwarmAgent,0.04,0,0.69,50,0,0,0,0,0,50,2,0,0,50,0,0,50,0,50,20,2,5,3,4,10,10
"agent SwarmAgent #217",SwarmAgent,0.16,0,0.69,50,0,0,0,0,6,50,2,0,0,50,0,0,50,6,50,132,2,17,0,16,10,10
"agent SwarmAgent #218",SwarmAgent,0.14,0,0.69,50,0,0,0,0,6,50,4,0,0,50,0,0,50,2,50,120,2,15,1,14,10,10
"agent SwarmAgent #219",SwarmAgent,0.27,0,0.69,50,0,1,0,1,6,50,5,0,0,50,0,0,50,8,50,93,8,17,2,27,10,10
"agent SwarmAgent #220",SwarmAgent,0.04,0,0.69,50,0,0,0,0,0,50,2,0,0,50,0,0,50,0,50,16,2,5,3,4,10,10
"agent SwarmAgent #221",SwarmAgent,0.16,0,0.69,50,0,0,0,0,6,50,2,0,0,50,0,0,50,6,50,115,2,17,0,16,10,10
"agent SwarmAgent #222",SwarmAgent,0.14,0,0.69,50,0,0,0,0,6,50,4,0,0,50,0,0,50,2,50,106,2,15,1,14,10,10
"agent SwarmAgent #223",SwarmAgent,0.05,0,0.69,50,0,0,0,0,0,50,0,0,0,50,0,0,50,3,50,18,2,6,2,5,10,10
"agent SwarmAgent #224",SwarmAgent,0.04,0,0.69,50,0,0,0,0,0,50,2,0,0,50,0,0,50,0,50,12,2,5,3,4,10,10
"agent SwarmAgent #225",SwarmAgent,0.16,0,0.69,50,0,0,0,0,6,50,2,0,0,50,0,0,50,6,50,99,2,17,0,16,10,10
"agent SwarmAgent #226",SwarmAgent,0.14,0,0.69,50,0,0,0,0,6,50,4,0,0,50,0,0,50,2,50,92,2,15,1,14,10,10
"agent SwarmAgent #227",SwarmAgent,0.27,0,0.69,50,0,1,0,1,6,50,5,0,0,50,0,0,50,8,50,63,8,17,2,27,10,10
"agent SwarmAgent #228",SwarmAgent,0.24,0,0.69,50,0,1,0,1,6,50,6,0,0,50,0,0,50,4,50,86,8,15,3,24,10,10
"agent SwarmAgent #229",SwarmAgent,0.16,0,0.69,50,0,0,0,0,6,50,2,0,0,50,0,0,50,6,50,82,2,17,0,16,10,10
"agent SwarmAgent #230",SwarmAgent,0.14,0,0.69,50,0,0,0,0,6,50,4,0,0,50,0,0,50,2,50,76,2,15,1,14,10,10
"agent SwarmAgent #231",SwarmAgent,0.27,0,0.69,50,0,1,0,1,6,50,5,0,0,50,0,0,50,8,50,35,8,17,2,27,10,10
"agent SwarmAgent #232",SwarmAgent,0.24,0,0.69,50,0,1,0,1,6,50,6,0,0,50,0,0,50,4,50,60,8,15,3,24,10,10
"agent SwarmAgent #233",SwarmAgent,0.16,0,0.69,50,0,0,0,0,6,50,2,0,0,50,0,0,50,6,50,65,2,17,0,16,10,10
"agent SwarmAgent #234",SwarmAgent,0.14,0,0.69,50,0,0,0,0,6,50,4,0,0,50,0,0,50,2,50,60,2,15,1,14,10,10
"agent SwarmAgent #235",SwarmAgent,0.05,0,0.69,50,0,0,0,0,0,50,0,0,0,50,0,0,50,3,50,11,2,6,2,5,10,10
"agent SwarmAgent #236",SwarmAgent,0.24,0,0.69,50,0,1,0,1,6,50,6,0,0,50,0,0,50,4,50,34,8,15,3,24,10,10
"agent SwarmAgent #237",SwarmAgent,0.16,0,0.69,50,0,0,0,0,6,50,2,0,0,50,0,0,50,6,50,49,2,17,0,16,10,10
"agent SwarmAgent #238",SwarmAgent,0.14,0,0.69,50,0,0,0,0,6,50,4,0,0,50,0,0,50,2,50,44,2,15,1,14,10,10
"agent SwarmAgent #239",SwarmAgent,0.05,0,0.69,50,0,0,0,0,0,50,0,0,0,50,0,0,50,3,50,6,2,6,2,5,10,10
"agent SwarmAgent #240",SwarmAgent,0.04,0,0.69,50,0,0,0,0,0,50,2,0,0,50,0,0,50,0,50,5,2,5,3,4,10,10
"agent SwarmAgent #241",SwarmAgent,0.16,0,0.69,50,0,0,0,0,6,50,2,0,0,50,0,0,50,6,50,33,2,17,0,16,10,10
"agent SwarmAgent #242",SwarmAgent,0.14,0,0.69,50,0,0,0,0,6,50,4,0,0,50,0,0,50,2,50,30,2,15,1,14,10,10
"agent SwarmAgent #243",SwarmAgent,0.05,0,0.69,50,0,0,0,0,0,50,0,0,0,50,0,0,50,3,50,1,2,6,2,5,10,10
"agent SwarmAgent #244",SwarmAgent,0.04,0,0.69,50,0,0,0,0,0,50,2,0,0,50,0,0,50,0,50,1,2,5,3,4,10,10
"agent SwarmAgent #245",SwarmAgent,0.16,0,0.69,50,0,0,0,0,6,50,2,0,0,50,0,0,50,6,50,17,2,17,0,16,10,10
"agent SwarmAgent #246",SwarmAgent,0.14,0,0.69,50,0,0,0,0,6,50,4,0,0,50,0,0,50,2,50,16,2,15,1,14,10,10
"agent SwarmAgent #247",SwarmAgent,0.27,0,0.69,50,0,1,0,1,6,50,5,0,0,50,0,0,50,8,50,1,8,17,2,27,10,10
"agent SwarmAgent #248",SwarmAgent,0.24,0,0.69,50,0,1,0,1,6,50,6,0,0,50,0,0,50,4,50,2,8,15,3,24,10,10
"agent SwarmAgent #249",SwarmAgent,0.16,0,0.69,50,0,0,0,0,6,50,2,0,0,50,0,0,50,6,50,0,2,17,0,16,10,10
"agent SwarmAgent #250",SwarmAgent,0.14,0,0.69,50,0,0,0,0,6,50,4,0,0,50,0,0,50,2,50,0,2,15,1,14,10,10
