agentName,agentType,averageSpeed,cumulatedUtilityReceived,freeWallRatio,numBacktrackAgents,numCFPAnswered,numDeadends,numDifferentEncounters,numDirectionChanges,numDownSteps,numForwardAgents,numLeftSteps,numMessagesReceived,numMessagesSent,numNegotiatingAgents,numProposalsAccepted,numProposalsRejected,numRandomAgents,numRightSteps,numSwarmAgents,numTotalEncounters,numUpSteps,numVisitedCells,startingPosition,stepsToExit,xsize,ysize
"agent BacktrackAgent #1",BacktrackAgent,0.2,0,0.69,10,0,0,0,0,6,10,4,0,0,10,0,0,10,8,10,206,2,21,0,20,10,10
"agent BacktrackAgent #2",BacktrackAgent,0.09,0,0.69,10,0,1,0,1,5,10,2,0,0,10,0,0,10,0,10,75,2,9,1,9,10,10
"agent BacktrackAgent #3",BacktrackAgent,0.31,0,0.69,10,0,1,0,1,6,10,7,0,0,10,0,0,10,10,10,196,8,21,2,31,10,10
"agent BacktrackAgent #4",BacktrackAgent,0.36,0,0.69,10,0,1,0,1,6,10,12,0,0,10,0,0,10,10,10,262,8,21,3,36,10,10
"agent BacktrackAgent #5",BacktrackAgent,0.2,0,0.69,10,0,0,0,0,6,10,4,0,0,10,0,0,10,8,10,183,2,21,0,20,10,10
"agent BacktrackAgent #6",BacktrackAgent,0.07,0,0.69,10,0,0,0,0,4,10,2,0,0,10,0,0,10,0,10,39,1,8,1,7,10,10
"agent BacktrackAgent #7",BacktrackAgent,0.31,0,0.69,10,0,1,0,1,6,10,7,0,0,10,0,0,10,10,10,163,8,21,2,31,10,10
"agent BacktrackAgent #8",BacktrackAgent,0.36,0,0.69,10,0,1,0,1,6,10,12,0,0,10,0,0,10,10,10,223,8,21,3,36,10,10
"agent BacktrackAgent #9",BacktrackAgent,0.2,0,0.69,10,0,0,0,0,6,10,4,0,0,10,0,0,10,8,10,160,2,21,0,20,10,10
"agent BacktrackAgent #10",BacktrackAgent,0.07,0,0.69,10,0,0,0,0,4,10,2,0,0,10,0,0,10,0,10,45,1,8,1,7,10,10
"agent ForwardAgent #11",ForwardAgent,0.31,0,0.69,10,0,1,0,1,6,10,7,0,0,10,0,0,10,10,10,130,8,21,2,31,10,10
"agent ForwardAgent #12",ForwardAgent,0.04,0,0.69,10,0,0,0,0,0,10,2,0,0,10,0,0,10,0,10,19,2,5,3,4,10,10
"agent ForwardAgent #13",ForwardAgent,0.2,0,0.69,10,0,0,0,0,6,10,4,0,0,10,0,0,10,8,10,139,2,21,0,20,10,10
"agent ForwardAgent #14",ForwardAgent,0.07,0,0.69,10,0,0,0,0,4,10,2,0,0,10,0,0,10,0,10,32,1,8,1,7,10,10
"agent ForwardAgent #15",ForwardAgent,0.09,0,0.69,10,0,0,0,0,0,10,2,0,0,10,0,0,10,5,10,28,2,10,2,9,10,10
"agent ForwardAgent #16",ForwardAgent,0.36,0,0.69,10,0,1,0,1,6,10,12,0,0,10,0,0,10,10,10,180,8,21,3,36,10,10
"agent ForwardAgent #17",ForwardAgent,0.2,0,0.69,10,0,0,0,0,6,10,4,0,0,10,0,0,10,8,10,117,2,21,0,20,10,10
"agent ForwardAgent #18",ForwardAgent,0.09,0,0.69,10,0,1,0,1,5,10,2,0,0,10,0,0,10,0,10,51,2,9,1,9,10,10
"agent ForwardAgent #19",ForwardAgent,0.09,0,0.69,10,0,0,0,0,0,10,2,0,0,10,0,0,10,5,10,17,2,10,2,9,10,10
"agent ForwardAgent #20",ForwardAgent,0.36,0,0.69,10,0,1,0,1,6,10,12,0,0,10,0,0,10,10,10,141,8,21,3,36,10,10
"agent RandomAgent #21",RandomAgent,2.98,0,0.69,10,0,5,0,150,57,10,92,0,0,10,0,0,10,96,10,316,53,21,0,298,10,10
"agent RandomAgent #22",RandomAgent,0.25,0,0.69,10,0,0,0,10,11,10,4,0,0,10,0,0,10,2,10,35,8,8,1,25,10,10
"agent RandomAgent #23",RandomAgent,1.97,0,0.69,10,0,1,0,102,54,10,42,0,0,10,0,0,10,45,10,104,56,21,2,197,10,10
"agent RandomAgent #24",RandomAgent,1.06,0,0.69,10,0,0,0,47,9,10,44,0,0,10,0,0,10,42,10,120,11,12,3,106,10,10
"agent RandomAgent #25",RandomAgent,3.1,0,0.69,10,0,0,0,166,66,10,89,0,0,10,0,0,10,93,10,186,62,21,0,310,10,10
"agent RandomAgent #26",RandomAgent,2.65,0,0.69,10,0,24,0,140,75,10,60,0,0,10,0,0,10,58,10,51,72,9,1,265,10,10
"agent RandomAgent #27",RandomAgent,5.71,0,0.69,10,0,17,0,307,157,10,126,0,0,10,0,0,10,129,10,72,159,21,2,571,10,10
"agent RandomAgent #28",RandomAgent,1.3,0,0.69,10,0,0,0,58,15,10,50,0,0,10,0,0,10,48,10,52,17,13,3,130,10,10
"agent RandomAgent #29",RandomAgent,2.42,0,0.69,10,0,4,0,112,51,10,70,0,0,10,0,0,10,74,10,13,47,21,0,242,10,10
"agent RandomAgent #30",RandomAgent,0.93,0,0.69,10,0,18,0,55,34,10,15,0,0,10,0,0,10,13,10,10,31,9,1,93,10,10
"agent NegotiatingAgent #31",NegotiatingAgent,0.31,0,0.69,10,9,1,0,1,6,10,7,15,28,10,0,0,10,10,10,95,8,21,2,31,10,10
"agent NegotiatingAgent #32",NegotiatingAgent,0.04,0,0.69,10,0,0,0,0,0,10,2,0,2,10,0,0,10,0,10,11,2,5,3,4,10,10
"agent NegotiatingAgent #33",NegotiatingAgent,0.2,0,0.69,10,4,0,0,0,6,10,4,6,16,10,0,0,10,8,10,38,2,21,0,20,10,10
"agent NegotiatingAgent #34",NegotiatingAgent,0.07,0,0.69,10,3,0,0,0,4,10,2,3,8,10,0,0,10,0,10,20,1,8,1,7,10,10
"agent NegotiatingAgent #35",NegotiatingAgent,0.31,0,0.69,10,2,1,0,1,6,10,7,16,19,10,0,5,10,10,10,69,8,21,2,31,10,10
"agent NegotiatingAgent #36",NegotiatingAgent,0.36,0,0.69,10,5,1,0,1,6,10,12,8,26,10,0,1,10,10,10,65,8,21,3,36,10,10
"agent NegotiatingAgent #37",NegotiatingAgent,0.2,0,0.69,10,0,0,0,0,6,10,4,9,14,10,0,4,10,8,10,83,2,21,0,20,10,10
"agent NegotiatingAgent #38",NegotiatingAgent,0.07,0,0.69,10,0,0,0,0,4,10,2,5,4,10,0,2,10,0,10,17,1,8,1,7,10,10
"agent NegotiatingAgent #39",NegotiatingAgent,0.31,0,0.69,10,1,1,0,1,6,10,7,14,25,10,0,5,10,10,10,93,8,21,2,31,10,10
"agent NegotiatingAgent #40",NegotiatingAgent,0.36,0,0.69,10,0,1,0,1,6,10,12,13,23,10,0,6,10,10,10,64,8,21,3,36,10,10
"agent SwarmAgent #41",SwarmAgent,0.2,0,0.69,10,0,0,0,0,6,10,4,0,0,10,0,0,10,8,10,42,2,21,0,20,10,10
"agent SwarmAgent #42",SwarmAgent,0.07,0,0.69,10,0,0,0,0,4,10,2,0,0,10,0,0,10,0,10,8,1,8,1,7,10,10
"agent SwarmAgent #43",SwarmAgent,0.31,0,0.69,10,0,1,0,1,6,10,7,0,0,10,0,0,10,10,10,33,8,21,2,31,10,10
"agent SwarmAgent #44",SwarmAgent,0.04,0,0.69,10,0,0,0,0,0,10,2,0,0,10,0,0,10,0,10,4,2,5,3,4,10,10
"agent SwarmAgent #45",SwarmAgent,0.2,0,0.69,10,0,0,0,0,6,10,4,0,0,10,0,0,10,8,10,21,2,21,0,20,10,10
"agent SwarmAgent #46",SwarmAgent,0.07,0,0.69,10,0,0,0,0,4,10,2,0,0,10,0,0,10,0,10,1,1,8,1,7,10,10
"agent SwarmAgent #47",SwarmAgent,0.31,0,0.69,10,0,1,0,1,6,10,7,0,0,10,0,0,10,10,10,1,8,21,2,31,10,10
"agent SwarmAgent #48",SwarmAgent,0.04,0,0.69,10,0,0,0,0,0,10,2,0,0,10,0,0,10,0,10,0,2,5,3,4,10,10
"agent SwarmAgent #49",SwarmAgent,0.2,0,0.69,10,0,0,0,0,6,10,4,0,0,10,0,0,10,8,10,0,2,21,0,20,10,10
"agent SwarmAgent #50",SwarmAgent,0.09,0,0.69,10,0,1,0,1,5,10,2,0,0,10,0,0,10,0,10,0,2,9,1,9,10,10
