agentName,agentType,averageSpeed,cumulatedUtilityReceived,freeWallRatio,numBacktrackAgents,numCFPAnswered,numDeadends,numDifferentEncounters,numDirectionChanges,numDownSteps,numForwardAgents,numLeftSteps,numMessagesReceived,numMessagesSent,numNegotiatingAgents,numProposalsAccepted,numProposalsRejected,numRandomAgents,numRightSteps,numSwarmAgents,numTotalEncounters,numUpSteps,numVisitedCells,startingPosition,stepsToExit,xsize,ysize
"agent BacktrackAgent #1",BacktrackAgent,0.12,0,0.69,25,0,0,0,0,4,25,2,0,0,25,0,0,25,6,50,383,0,13,0,12,10,10
"agent BacktrackAgent #2",BacktrackAgent,0.19,0,0.69,25,0,1,0,1,4,25,8,0,0,25,0,0,25,6,50,404,1,13,1,19,10,10
"agent BacktrackAgent #3",BacktrackAgent,0.31,0,0.69,25,0,2,0,2,6,25,7,0,0,25,0,0,25,10,50,335,8,19,2,31,10,10
"agent BacktrackAgent #4",BacktrackAgent,0.08,0,0.69,25,0,0,0,0,0,25,4,0,0,25,0,0,25,2,50,99,2,9,3,8,10,10
"agent BacktrackAgent #5",BacktrackAgent,0.12,0,0.69,25,0,0,0,0,4,25,2,0,0,25,0,0,25,6,50,346,0,13,0,12,10,10
"agent BacktrackAgent #6",BacktrackAgent,0.19,0,0.69,25,0,1,0,1,4,25,8,0,0,25,0,0,25,6,50,384,1,13,1,19,10,10
"agent BacktrackAgent #7",BacktrackAgent,0.05,0,0.69,25,0,0,0,0,0,25,0,0,0,25,0,0,25,3,50,70,2,6,2,5,10,10
"agent BacktrackAgent #8",BacktrackAgent,0.28,0,0.69,25,0,2,0,2,6,25,8,0,0,25,0,0,25,6,50,322,8,19,3,28,10,10
"agent BacktrackAgent #9",BacktrackAgent,0.12,0,0.69,25,0,0,0,0,4,25,2,0,0,25,0,0,25,6,50,333,0,13,0,12,10,10
"agent BacktrackAgent #10",BacktrackAgent,0.19,0,0.69,25,0,1,0,1,4,25,8,0,0,25,0,0,25,6,50,450,1,13,1,19,10,10
"agent BacktrackAgent #11",BacktrackAgent,0.17,0,0.69,25,0,1,0,1,2,25,4,0,0,25,0,0,25,7,50,180,4,12,2,17,10,10
"agent BacktrackAgent #12",BacktrackAgent,0.08,0,0.69,25,0,0,0,0,0,25,4,0,0,25,0,0,25,2,50,123,2,9,3,8,10,10
"agent BacktrackAgent #13",BacktrackAgent,0.12,0,0.69,25,0,0,0,0,4,25,2,0,0,25,0,0,25,6,50,407,0,13,0,12,10,10
"agent BacktrackAgent #14",BacktrackAgent,0.05,0,0.69,25,0,0,0,0,3,25,2,0,0,25,0,0,25,0,50,88,0,6,1,5,10,10
"agent BacktrackAgent #15",BacktrackAgent,0.31,0,0.69,25,0,2,0,2,6,25,7,0,0,25,0,0,25,10,50,399,8,19,2,31,10,10
"agent BacktrackAgent #16",BacktrackAgent,0.24,0,0.69,25,0,1,0,1,4,25,8,0,0,25,0,0,25,6,50,310,6,17,3,24,10,10
"agent BacktrackAgent #17",BacktrackAgent,0.12,0,0.69,25,0,0,0,0,4,25,2,0,0,25,0,0,25,6,50,395,0,13,0,12,10,10
"agent BacktrackAgent #18",BacktrackAgent,0.19,0,0.69,25,0,1,0,1,4,25,8,0,0,25,0,0,25,6,50,428,1,13,1,19,10,10
"agent BacktrackAgent #19",BacktrackAgent,0.05,0,0.69,25,0,0,0,0,0,25,0,0,0,25,0,0,25,3,50,76,2,6,2,5,10,10
"agent BacktrackAgent #20",BacktrackAgent,0.08,0,0.69,25,0,0,0,0,0,25,4,0,0,25,0,0,25,2,50,110,2,9,3,8,10,10
"agent BacktrackAgent #21",BacktrackAgent,0.12,0,0.69,25,0,0,0,0,4,25,2,0,0,25,0,0,25,6,50,371,0,13,0,12,10,10
"agent BacktrackAgent #22",BacktrackAgent,0.05,0,0.69,25,0,0,0,0,3,25,2,0,0,25,0,0,25,0,50,81,0,6,1,5,10,10
"agent BacktrackAgent #23",BacktrackAgent,0.31,0,0.69,25,0,2,0,2,6,25,7,0,0,25,0,0,25,10,50,366,8,19,2,31,10,10
"agent BacktrackAgent #24",BacktrackAgent,0.24,0,0.69,25,0,1,0,1,4,25,8,0,0,25,0,0,25,6,50,280,6,17,3,24,10,10
"agent BacktrackAgent #25",BacktrackAgent,0.12,0,0.69,25,0,0,0,0,4,25,2,0,0,25,0,0,25,6,50,359,0,13,0,12,10,10
"agent ForwardAgent #26",ForwardAgent,0.19,0,0.69,25,0,1,0,1,4,25,8,0,0,25,0,0,25,6,50,364,1,13,1,19,10,10
"agent ForwardAgent #27",ForwardAgent,0.17,0,0.69,25,0,1,0,1,2,25,4,0,0,25,0,0,25,7,50,150,4,12,2,17,10,10
"agent ForwardAgent #28",ForwardAgent,0.64,0,0.69,25,0,4,0,4,12,25,20,0,0,25,0,0,25,18,50,413,14,19,3,64,10,10
"agent ForwardAgent #29",ForwardAgent,0.12,0,0.69,25,0,0,0,0,4,25,2,0,0,25,0,0,25,6,50,320,0,13,0,12,10,10
"agent ForwardAgent #30",ForwardAgent,0.19,0,0.69,25,0,1,0,1,4,25,8,0,0,25,0,0,25,6,50,344,1,13,1,19,10,10
"agent ForwardAgent #31",ForwardAgent,0.17,0,0.69,25,0,1,0,1,2,25,4,0,0,25,0,0,25,7,50,132,4,12,2,17,10,10
"agent ForwardAgent #32",ForwardAgent,0.12,0,0.69,25,0,1,0,1,2,25,4,0,0,25,0,0,25,2,50,207,4,11,3,12,10,10
"agent ForwardAgent #33",ForwardAgent,0.12,0,0.69,25,0,0,0,0,4,25,2,0,0,25,0,0,25,6,50,306,0,13,0,12,10,10
"agent ForwardAgent #34",ForwardAgent,0.19,0,0.69,25,0,1,0,1,4,25,8,0,0,25,0,0,25,6,50,324,1,13,1,19,10,10
"agent ForwardAgent #35",ForwardAgent,0.05,0,0.69,25,0,0,0,0,0,25,0,0,0,25,0,0,25,3,50,61,2,6,2,5,10,10
"agent ForwardAgent #36",ForwardAgent,0.52,0,0.69,25,0,3,0,3,10,25,16,0,0,25,0,0,25,14,50,336,12,19,3,52,10,10
"agent ForwardAgent #37",ForwardAgent,0.12,0,0.69,25,0,0,0,0,4,25,2,0,0,25,0,0,25,6,50,293,0,13,0,12,10,10
"agent ForwardAgent #38",ForwardAgent,0.19,0,0.69,25,0,1,0,1,4,25,8,0,0,25,0,0,25,6,50,304,1,13,1,19,10,10
"agent ForwardAgent #39",ForwardAgent,0.17,0,0.69,25,0,1,0,1,2,25,4,0,0,25,0,0,25,7,50,111,4,12,2,17,10,10
"agent ForwardAgent #40",ForwardAgent,0.4,0,0.69,25,0,3,0,3,8,25,12,0,0,25,0,0,25,10,50,336,10,19,3,40,10,10
"agent ForwardAgent #41",ForwardAgent,0.12,0,0.69,25,0,0,0,0,4,25,2,0,0,25,0,0,25,6,50,280,0,13,0,12,10,10
"agent ForwardAgent #42",ForwardAgent,0.19,0,0.69,25,0,1,0,1,4,25,8,0,0,25,0,0,25,6,50,284,1,13,1,19,10,10
"agent ForwardAgent #43",ForwardAgent,0.17,0,0.69,25,0,1,0,1,2,25,4,0,0,25,0,0,25,7,50,93,4,12,2,17,10,10
"agent ForwardAgent #44",ForwardAgent,0.64,0,0.69,25,0,4,0,4,12,25,20,0,0,25,0,0,25,18,50,291,14,19,3,64,10,10
"agent ForwardAgent #45",ForwardAgent,0.12,0,0.69,25,0,0,0,0,4,25,2,0,0,25,0,0,25,6,50,267,0,13,0,12,10,10
"agent ForwardAgent #46",ForwardAgent,0.05,0,0.69,25,0,0,0,0,3,25,2,0,0,25,0,0,25,0,50,70,0,6,1,5,10,10
"agent ForwardAgent #47",ForwardAgent,0.05,0,0.69,25,0,0,0,0,0,25,0,0,0,25,0,0,25,3,50,51,2,6,2,5,10,10
"agent ForwardAgent #48",ForwardAgent,0.52,0,0.69,25,0,3,0,3,10,25,16,0,0,25,0,0,25,14,50,228,12,19,3,52,10,10
"agent ForwardAgent #49",ForwardAgent,0.12,0,0.69,25,0,0,0,0,4,25,2,0,0,25,0,0,25,6,50,255,0,13,0,12,10,10
"agent ForwardAgent #50",ForwardAgent,0.19,0,0.69,25,0,1,0,1,4,25,8,0,0,25,0,0,25,6,50,262,1,13,1,19,10,10
"agent RandomAgent #51",RandomAgent,0.25,0,0.69,25,0,0,0,14,7,25,3,0,0,25,0,0,25,6,50,141,9,6,2,25,10,10
"agent RandomAgent #52",RandomAgent,1.58,0,0.69,25,0,17,0,90,37,25,42,0,0,25,0,0,25,40,50,284,39,19,3,158,10,10
"agent RandomAgent #53",RandomAgent,1.34,0,0.69,25,0,11,0,62,6,25,61,0,0,25,0,0,25,65,50,507,2,13,0,134,10,10
"agent RandomAgent #54",RandomAgent,0.63,0,0.69,25,0,0,0,31,17,25,17,0,0,25,0,0,25,15,50,152,14,10,1,63,10,10
"agent RandomAgent #55",RandomAgent,0.09,0,0.69,25,0,0,0,2,0,25,2,0,0,25,0,0,25,5,50,44,2,7,2,9,10,10
"agent RandomAgent #56",RandomAgent,0.42,0,0.69,25,0,6,0,27,12,25,9,0,0,25,0,0,25,7,50,192,14,11,3,42,10,10
"agent RandomAgent #57",RandomAgent,4.1,0,0.69,25,0,15,0,206,30,25,175,0,0,25,0,0,25,179,50,491,26,13,0,410,10,10
"agent RandomAgent #58",RandomAgent,1.23,0,0.69,25,0,7,0,57,15,25,49,0,0,25,0,0,25,47,50,294,12,13,1,123,10,10
"agent RandomAgent #59",RandomAgent,0.77,0,0.69,25,0,3,0,39,23,25,13,0,0,25,0,0,25,16,50,138,25,14,2,77,10,10
"agent RandomAgent #60",RandomAgent,0.3,0,0.69,25,0,1,0,9,7,25,8,0,0,25,0,0,25,6,50,168,9,15,3,30,10,10
"agent RandomAgent #61",RandomAgent,1.88,0,0.69,25,0,18,0,104,6,25,88,0,0,25,0,0,25,92,50,364,2,13,0,188,10,10
"agent RandomAgent #62",RandomAgent,1.65,0,0.69,25,0,9,0,82,13,25,72,0,0,25,0,0,25,70,50,235,10,13,1,165,10,10
"agent RandomAgent #63",RandomAgent,1.53,0,0.69,25,0,17,0,88,43,25,31,0,0,25,0,0,25,34,50,140,45,14,2,153,10,10
"agent RandomAgent #64",RandomAgent,7.2,0,0.69,25,0,59,0,379,172,25,188,0,0,25,0,0,25,186,50,168,174,19,3,720,10,10
"agent RandomAgent #65",RandomAgent,2.16,0,0.69,25,0,25,0,124,17,25,91,0,0,25,0,0,25,95,50,177,13,13,0,216,10,10
"agent RandomAgent #66",RandomAgent,0.17,0,0.69,25,0,0,0,9,8,25,3,0,0,25,0,0,25,1,50,54,5,7,1,17,10,10
"agent RandomAgent #67",RandomAgent,4.69,0,0.69,25,0,24,0,250,101,25,131,0,0,25,0,0,25,134,50,126,103,19,2,469,10,10
"agent RandomAgent #68",RandomAgent,0.48,0,0.69,25,0,6,0,29,13,25,11,0,0,25,0,0,25,9,50,95,15,11,3,48,10,10
"agent RandomAgent #69",RandomAgent,0.46,0,0.69,25,0,2,0,18,4,25,19,0,0,25,0,0,25,23,50,88,0,13,0,46,10,10
"agent RandomAgent #70",RandomAgent,0.93,0,0.69,25,0,19,0,57,4,25,45,0,0,25,0,0,25,43,50,116,1,13,1,93,10,10
"agent RandomAgent #71",RandomAgent,0.15,0,0.69,25,0,0,0,7,2,25,3,0,0,25,0,0,25,6,50,47,4,7,2,15,10,10
"agent RandomAgent #72",RandomAgent,1.18,0,0.69,25,0,10,0,62,34,25,25,0,0,25,0,0,25,23,50,55,36,19,3,118,10,10
"agent RandomAgent #73",RandomAgent,0.74,0,0.69,25,0,9,0,38,8,25,29,0,0,25,0,0,25,33,50,67,4,13,0,74,10,10
"agent RandomAgent #74",RandomAgent,0.09,0,0.69,25,0,0,0,3,5,25,2,0,0,25,0,0,25,0,50,33,2,7,1,9,10,10
"agent RandomAgent #75",RandomAgent,0.19,0,0.69,25,0,0,0,6,3,25,4,0,0,25,0,0,25,7,50,88,5,10,2,19,10,10
"agent NegotiatingAgent #76",NegotiatingAgent,0.28,37,0.69,25,11,2,0,2,6,25,8,31,36,25,2,0,25,6,50,205,8,19,3,28,10,10
"agent NegotiatingAgent #77",NegotiatingAgent,0.12,14,0.69,25,9,0,0,0,4,25,2,17,20,25,0,0,25,6,50,117,0,13,0,12,10,10
"agent NegotiatingAgent #78",NegotiatingAgent,0.19,0,0.69,25,7,1,0,1,4,25,8,12,18,25,0,1,25,6,50,146,1,13,1,19,10,10
"agent NegotiatingAgent #79",NegotiatingAgent,0.31,35,0.69,25,14,2,0,2,6,25,7,32,36,25,1,2,25,10,50,164,8,19,2,31,10,10
"agent NegotiatingAgent #80",NegotiatingAgent,0.24,0,0.69,25,5,1,0,1,4,25,8,29,23,25,0,7,25,6,50,146,6,17,3,24,10,10
"agent NegotiatingAgent #81",NegotiatingAgent,0.12,0,0.69,25,6,0,0,0,4,25,2,16,17,25,0,0,25,6,50,74,0,13,0,12,10,10
"agent NegotiatingAgent #82",NegotiatingAgent,0.05,0,0.69,25,2,0,0,0,3,25,2,4,7,25,0,0,25,0,50,43,0,6,1,5,10,10
"agent NegotiatingAgent #83",NegotiatingAgent,0.31,15,0.69,25,5,2,0,2,6,25,7,24,33,25,2,4,25,10,50,160,8,19,2,31,10,10
"agent NegotiatingAgent #84",NegotiatingAgent,0.24,7,0.69,25,6,1,0,1,4,25,8,29,27,25,0,3,25,6,50,121,6,17,3,24,10,10
"agent NegotiatingAgent #85",NegotiatingAgent,0.12,0,0.69,25,2,0,0,0,4,25,2,12,11,25,0,3,25,6,50,198,0,13,0,12,10,10
"agent NegotiatingAgent #86",NegotiatingAgent,0.05,0,0.69,25,1,0,0,0,3,25,2,3,4,25,0,0,25,0,50,52,0,6,1,5,10,10
"agent NegotiatingAgent #87",NegotiatingAgent,0.19,0,0.69,25,7,1,0,1,4,25,3,21,20,25,0,1,25,6,50,152,6,13,2,19,10,10
"agent NegotiatingAgent #88",NegotiatingAgent,0.08,0,0.69,25,0,0,0,0,0,25,4,7,5,25,0,2,25,2,50,58,2,9,3,8,10,10
"agent NegotiatingAgent #89",NegotiatingAgent,0.12,0,0.69,25,0,0,0,0,4,25,2,10,6,25,0,4,25,6,50,222,0,13,0,12,10,10
"agent NegotiatingAgent #90",NegotiatingAgent,0.19,0,0.69,25,0,1,0,1,4,25,8,15,14,25,0,4,25,6,50,216,1,13,1,19,10,10
"agent NegotiatingAgent #91",NegotiatingAgent,0.19,0,0.69,25,4,1,0,1,4,25,3,21,19,25,0,3,25,6,50,169,6,13,2,19,10,10
"agent NegotiatingAgent #92",NegotiatingAgent,0.08,0,0.69,25,0,0,0,0,0,25,4,7,5,25,0,2,25,2,50,50,2,9,3,8,10,10
"agent NegotiatingAgent #93",NegotiatingAgent,0.12,0,0.69,25,2,0,0,0,4,25,2,12,11,25,0,2,25,6,50,175,0,13,0,12,10,10
"agent NegotiatingAgent #94",NegotiatingAgent,0.05,0,0.69,25,0,0,0,0,3,25,2,4,3,25,0,1,25,0,50,46,0,6,1,5,10,10
"agent NegotiatingAgent #95",NegotiatingAgent,0.31,0,0.69,25,0,2,0,2,6,25,7,24,26,25,2,7,25,10,50,217,8,19,2,31,10,10
"agent NegotiatingAgent #96",NegotiatingAgent,0.24,0,0.69,25,0,1,0,1,4,25,8,17,19,25,0,3,25,6,50,99,6,17,3,24,10,10
"agent NegotiatingAgent #97",NegotiatingAgent,0.12,0,0.69,25,0,0,0,0,4,25,2,9,9,25,0,1,25,6,50,198,0,13,0,12,10,10
"agent NegotiatingAgent #98",NegotiatingAgent,0.05,0,0.69,25,0,0,0,0,3,25,2,3,3,25,0,1,25,0,50,41,0,6,1,5,10,10
"agent NegotiatingAgent #99",NegotiatingAgent,0.19,0,0.69,25,0,1,0,1,4,25,3,18,12,25,0,6,25,6,50,190,6,13,2,19,10,10
"agent NegotiatingAgent #100",NegotiatingAgent,0.24,32,0.69,25,17,1,0,1,4,25,8,34,36,25,0,0,25,6,50,125,6,17,3,24,10,10
"agent SwarmAgent #101",SwarmAgent,0.12,0,0.69,25,0,0,0,0,4,25,2,0,0,25,0,0,25,6,50,158,0,13,0,12,10,10
"agent SwarmAgent #102",SwarmAgent,0.19,0,0.69,25,0,1,0,1,4,25,8,0,0,25,0,0,25,6,50,140,1,13,1,19,10,10
"agent SwarmAgent #103",SwarmAgent,0.05,0,0.69,25,0,0,0,0,0,25,0,0,0,25,0,0,25,3,50,26,2,6,2,5,10,10
"agent SwarmAgent #104",SwarmAgent,0.24,0,0.69,25,0,1,0,1,4,25,8,0,0,25,0,0,25,6,50,30,6,17,3,24,10,10
"agent SwarmAgent #105",SwarmAgent,0.12,0,0.69,25,0,0,0,0,4,25,2,0,0,25,0,0,25,6,50,145,0,13,0,12,10,10
"agent SwarmAgent #106",SwarmAgent,0.19,0,0.69,25,0,1,0,1,4,25,8,0,0,25,0,0,25,6,50,120,1,13,1,19,10,10
"agent SwarmAgent #107",SwarmAgent,0.05,0,0.69,25,0,0,0,0,0,25,0,0,0,25,0,0,25,3,50,21,2,6,2,5,10,10
"agent SwarmAgent #108",SwarmAgent,0.12,0,0.69,25,0,1,0,1,2,25,4,0,0,25,0,0,25,2,50,112,4,11,3,12,10,10
"agent SwarmAgent #109",SwarmAgent,0.12,0,0.69,25,0,0,0,0,4,25,2,0,0,25,0,0,25,6,50,131,0,13,0,12,10,10
"agent SwarmAgent #110",SwarmAgent,0.19,0,0.69,25,0,1,0,1,4,25,8,0,0,25,0,0,25,6,50,100,1,13,1,19,10,10
"agent SwarmAgent #111",SwarmAgent,0.19,0,0.69,25,0,1,0,1,4,25,3,0,0,25,0,0,25,6,50,142,6,13,2,19,10,10
"agent SwarmAgent #112",SwarmAgent,0.12,0,0.69,25,0,1,0,1,2,25,4,0,0,25,0,0,25,2,50,99,4,11,3,12,10,10
"agent SwarmAgent #113",SwarmAgent,0.12,0,0.69,25,0,0,0,0,4,25,2,0,0,25,0,0,25,6,50,117,0,13,0,12,10,10
"agent SwarmAgent #114",SwarmAgent,0.19,0,0.69,25,0,1,0,1,4,25,8,0,0,25,0,0,25,6,50,79,1,13,1,19,10,10
"agent SwarmAgent #115",SwarmAgent,0.19,0,0.69,25,0,1,0,1,4,25,3,0,0,25,0,0,25,6,50,122,6,13,2,19,10,10
"agent SwarmAgent #116",SwarmAgent,0.12,0,0.69,25,0,1,0,1,2,25,4,0,0,25,0,0,25,2,50,86,4,11,3,12,10,10
"agent SwarmAgent #117",SwarmAgent,0.12,0,0.69,25,0,0,0,0,4,25,2,0,0,25,0,0,25,6,50,103,0,13,0,12,10,10
"agent SwarmAgent #118",SwarmAgent,0.19,0,0.69,25,0,1,0,1,4,25,8,0,0,25,0,0,25,6,50,58,1,13,1,19,10,10
"agent SwarmAgent #119",SwarmAgent,0.05,0,0.69,25,0,0,0,0,0,25,0,0,0,25,0,0,25,3,50,14,2,6,2,5,10,10
"agent SwarmAgent #120",SwarmAgent,0.28,0,0.69,25,0,2,0,2,6,25,8,0,0,25,0,0,25,6,50,100,8,19,3,28,10,10
"agent SwarmAgent #121",SwarmAgent,0.12,0,0.69,25,0,0,0,0,4,25,2,0,0,25,0,0,25,6,50,90,0,13,0,12,10,10
"agent SwarmAgent #122",SwarmAgent,0.05,0,0.69,25,0,0,0,0,3,25,2,0,0,25,0,0,25,0,50,27,0,6,1,5,10,10
"agent SwarmAgent #123",SwarmAgent,0.19,0,0.69,25,0,1,0,1,4,25,3,0,0,25,0,0,25,6,50,100,6,13,2,19,10,10
"agent SwarmAgent #124",SwarmAgent,0.12,0,0.69,25,0,1,0,1,2,25,4,0,0,25,0,0,25,2,50,63,4,11,3,12,10,10
"agent SwarmAgent #125",SwarmAgent,0.12,0,0.69,25,0,0,0,0,4,25,2,0,0,25,0,0,25,6,50,77,0,13,0,12,10,10
"agent SwarmAgent #126",SwarmAgent,0.05,0,0.69,25,0,0,0,0,3,25,2,0,0,25,0,0,25,0,50,22,0,6,1,5,10,10
"agent SwarmAgent #127",SwarmAgent,0.19,0,0.69,25,0,1,0,1,4,25,3,0,0,25,0,0,25,6,50,81,6,13,2,19,10,10
"agent SwarmAgent #128",SwarmAgent,0.28,0,0.69,25,0,2,0,2,6,25,8,0,0,25,0,0,25,6,50,61,8,19,3,28,10,10
"agent SwarmAgent #129",SwarmAgent,0.12,0,0.69,25,0,0,0,0,4,25,2,0,0,25,0,0,25,6,50,65,0,13,0,12,10,10
"agent SwarmAgent #130",SwarmAgent,0.19,0,0.69,25,0,1,0,1,4,25,8,0,0,25,0,0,25,6,50,32,1,13,1,19,10,10
"agent SwarmAgent #131",SwarmAgent,0.19,0,0.69,25,0,1,0,1,4,25,3,0,0,25,0,0,25,6,50,60,6,13,2,19,10,10
"agent SwarmAgent #132",SwarmAgent,0.12,0,0.69,25,0,1,0,1,2,25,4,0,0,25,0,0,25,2,50,40,4,11,3,12,10,10
"agent SwarmAgent #133",SwarmAgent,0.12,0,0.69,25,0,0,0,0,4,25,2,0,0,25,0,0,25,6,50,51,0,13,0,12,10,10
"agent SwarmAgent #134",SwarmAgent,0.05,0,0.69,25,0,0,0,0,3,25,2,0,0,25,0,0,25,0,50,16,0,6,1,5,10,10
"agent SwarmAgent #135",SwarmAgent,0.13,0,0.69,25,0,0,0,1,0,25,4,0,0,25,0,0,25,7,50,25,2,10,2,13,10,10
"agent SwarmAgent #136",SwarmAgent,0.12,0,0.69,25,0,1,0,1,2,25,4,0,0,25,0,0,25,2,50,26,4,11,3,12,10,10
"agent SwarmAgent #137",SwarmAgent,0.12,0,0.69,25,0,0,0,0,4,25,2,0,0,25,0,0,25,6,50,38,0,13,0,12,10,10
"agent SwarmAgent #138",SwarmAgent,0.05,0,0.69,25,0,0,0,0,3,25,2,0,0,25,0,0,25,0,50,11,0,6,1,5,10,10
"agent SwarmAgent #139",SwarmAgent,0.19,0,0.69,25,0,1,0,1,4,25,3,0,0,25,0,0,25,6,50,40,6,13,2,19,10,10
"agent SwarmAgent #140",SwarmAgent,0.28,0,0.69,25,0,2,0,2,6,25,8,0,0,25,0,0,25,6,50,12,8,19,3,28,10,10
"agent SwarmAgent #141",SwarmAgent,0.12,0,0.69,25,0,0,0,0,4,25,2,0,0,25,0,0,25,6,50,26,0,13,0,12,10,10
"agent SwarmAgent #142",SwarmAgent,0.05,0,0.69,25,0,0,0,0,3,25,2,0,0,25,0,0,25,0,50,6,0,6,1,5,10,10
"agent SwarmAgent #143",SwarmAgent,0.19,0,0.69,25,0,1,0,1,4,25,3,0,0,25,0,0,25,6,50,20,6,13,2,19,10,10
"agent SwarmAgent #144",SwarmAgent,0.12,0,0.69,25,0,1,0,1,2,25,4,0,0,25,0,0,25,2,50,3,4,11,3,12,10,10
"agent SwarmAgent #145",SwarmAgent,0.12,0,0.69,25,0,0,0,0,4,25,2,0,0,25,0,0,25,6,50,13,0,13,0,12,10,10
"agent SwarmAgent #146",SwarmAgent,0.05,0,0.69,25,0,0,0,0,3,25,2,0,0,25,0,0,25,0,50,1,0,6,1,5,10,10
"agent SwarmAgent #147",SwarmAgent,0.19,0,0.69,25,0,1,0,1,4,25,3,0,0,25,0,0,25,6,50,1,6,13,2,19,10,10
"agent SwarmAgent #148",SwarmAgent,0.08,0,0.69,25,0,0,0,0,0,25,4,0,0,25,0,0,25,2,50,0,2,9,3,8,10,10
"agent SwarmAgent #149",SwarmAgent,0.12,0,0.69,25,0,0,0,0,4,25,2,0,0,25,0,0,25,6,50,1,0,13,0,12,10,10
"agent SwarmAgent #150",SwarmAgent,0.19,0,0.69,25,0,1,0,1,4,25,8,0,0,25,0,0,25,6,50,0,1,13,1,19,10,10
