agentName,agentType,averageSpeed,cumulatedUtilityReceived,freeWallRatio,numBacktrackAgents,numCFPAnswered,numDeadends,numDifferentEncounters,numDirectionChanges,numDownSteps,numForwardAgents,numLeftSteps,numMessagesReceived,numMessagesSent,numNegotiatingAgents,numProposalsAccepted,numProposalsRejected,numRandomAgents,numRightSteps,numSwarmAgents,numTotalEncounters,numUpSteps,numVisitedCells,startingPosition,stepsToExit,xsize,ysize
"agent BacktrackAgent #1",BacktrackAgent,0.12,0,0.69,50,0,0,0,0,4,50,2,0,0,50,0,0,50,6,50,577,0,13,0,12,10,10
"agent BacktrackAgent #2",BacktrackAgent,0.09,0,0.69,50,0,0,0,0,5,50,2,0,0,50,0,0,50,0,50,316,2,10,1,9,10,10
"agent BacktrackAgent #3",BacktrackAgent,0.21,0,0.69,50,0,1,0,1,6,50,2,0,0,50,0,0,50,5,50,586,8,14,2,21,10,10
"agent BacktrackAgent #4",BacktrackAgent,0.16,0,0.69,50,0,1,0,1,6,50,2,0,0,50,0,0,50,0,50,427,8,11,3,16,10,10
"agent BacktrackAgent #5",BacktrackAgent,0.12,0,0.69,50,0,0,0,0,4,50,2,0,0,50,0,0,50,6,50,469,0,13,0,12,10,10
"agent BacktrackAgent #6",BacktrackAgent,0.25,0,0.69,50,0,1,0,1,9,50,6,0,0,50,0,0,50,4,50,571,6,18,1,25,10,10
"agent BacktrackAgent #7",BacktrackAgent,0.15,0,0.69,50,0,1,0,1,4,50,1,0,0,50,0,0,50,4,50,449,6,11,2,15,10,10
"agent BacktrackAgent #8",BacktrackAgent,0.16,0,0.69,50,0,1,0,1,6,50,2,0,0,50,0,0,50,0,50,407,8,11,3,16,10,10
"agent BacktrackAgent #9",BacktrackAgent,0.12,0,0.69,50,0,0,0,0,4,50,2,0,0,50,0,0,50,6,50,457,0,13,0,12,10,10
"agent BacktrackAgent #10",BacktrackAgent,0.27,0,0.69,50,0,2,0,2,10,50,6,0,0,50,0,0,50,4,50,985,7,19,1,27,10,10
"agent BacktrackAgent #11",BacktrackAgent,0.21,0,0.69,50,0,1,0,1,6,50,2,0,0,50,0,0,50,5,50,705,8,14,2,21,10,10
"agent BacktrackAgent #12",BacktrackAgent,0.16,0,0.69,50,0,1,0,1,6,50,2,0,0,50,0,0,50,0,50,518,8,11,3,16,10,10
"agent BacktrackAgent #13",BacktrackAgent,0.12,0,0.69,50,0,0,0,0,4,50,2,0,0,50,0,0,50,6,50,598,0,13,0,12,10,10
"agent BacktrackAgent #14",BacktrackAgent,0.27,0,0.69,50,0,2,0,2,10,50,6,0,0,50,0,0,50,4,50,955,7,19,1,27,10,10
"agent BacktrackAgent #15",BacktrackAgent,0.05,0,0.69,50,0,0,0,0,0,50,0,0,0,50,0,0,50,3,50,193,2,6,2,5,10,10
"agent BacktrackAgent #16",BacktrackAgent,0.16,0,0.69,50,0,1,0,1,6,50,2,0,0,50,0,0,50,0,50,501,8,11,3,16,10,10
"agent BacktrackAgent #17",BacktrackAgent,0.12,0,0.69,50,0,0,0,0,4,50,2,0,0,50,0,0,50,6,50,586,0,13,0,12,10,10
"agent BacktrackAgent #18",BacktrackAgent,0.09,0,0.69,50,0,0,0,0,5,50,2,0,0,50,0,0,50,0,50,339,2,10,1,9,10,10
"agent BacktrackAgent #19",BacktrackAgent,0.15,0,0.69,50,0,1,0,1,4,50,1,0,0,50,0,0,50,4,50,529,6,11,2,15,10,10
"agent BacktrackAgent #20",BacktrackAgent,0.32,0,0.69,50,0,2,0,2,10,50,6,0,0,50,0,0,50,4,50,677,12,19,3,32,10,10
"agent BacktrackAgent #21",BacktrackAgent,0.12,0,0.69,50,0,0,0,0,4,50,2,0,0,50,0,0,50,6,50,563,0,13,0,12,10,10
"agent BacktrackAgent #22",BacktrackAgent,0.25,0,0.69,50,0,1,0,1,9,50,6,0,0,50,0,0,50,4,50,670,6,18,1,25,10,10
"agent BacktrackAgent #23",BacktrackAgent,0.21,0,0.69,50,0,1,0,1,6,50,2,0,0,50,0,0,50,5,50,670,8,14,2,21,10,10
"agent BacktrackAgent #24",BacktrackAgent,0.16,0,0.69,50,0,1,0,1,6,50,2,0,0,50,0,0,50,0,50,465,8,11,3,16,10,10
"agent BacktrackAgent #25",BacktrackAgent,0.12,0,0.69,50,0,0,0,0,4,50,2,0,0,50,0,0,50,6,50,551,0,13,0,12,10,10
"agent BacktrackAgent #26",BacktrackAgent,0.11,0,0.69,50,0,1,0,1,6,50,2,0,0,50,0,0,50,0,50,527,3,11,1,11,10,10
"agent BacktrackAgent #27",BacktrackAgent,0.21,0,0.69,50,0,1,0,1,6,50,2,0,0,50,0,0,50,5,50,646,8,14,2,21,10,10
"agent BacktrackAgent #28",BacktrackAgent,0.2,0,0.69,50,0,1,0,1,4,50,6,0,0,50,0,0,50,4,50,559,6,13,3,20,10,10
"agent BacktrackAgent #29",BacktrackAgent,0.12,0,0.69,50,0,0,0,0,4,50,2,0,0,50,0,0,50,6,50,539,0,13,0,12,10,10
"agent BacktrackAgent #30",BacktrackAgent,0.09,0,0.69,50,0,0,0,0,5,50,2,0,0,50,0,0,50,0,50,307,2,10,1,9,10,10
"agent BacktrackAgent #31",BacktrackAgent,0.15,0,0.69,50,0,1,0,1,4,50,1,0,0,50,0,0,50,4,50,509,6,11,2,15,10,10
"agent BacktrackAgent #32",BacktrackAgent,0.04,0,0.69,50,0,0,0,0,0,50,2,0,0,50,0,0,50,0,50,138,2,5,3,4,10,10
"agent BacktrackAgent #33",BacktrackAgent,0.12,0,0.69,50,0,0,0,0,4,50,2,0,0,50,0,0,50,6,50,527,0,13,0,12,10,10
"agent BacktrackAgent #34",BacktrackAgent,0.09,0,0.69,50,0,0,0,0,5,50,2,0,0,50,0,0,50,0,50,298,2,10,1,9,10,10
"agent BacktrackAgent #35",BacktrackAgent,0.05,0,0.69,50,0,0,0,0,0,50,0,0,0,50,0,0,50,3,50,175,2,6,2,5,10,10
"agent BacktrackAgent #36",BacktrackAgent,0.2,0,0.69,50,0,1,0,1,4,50,6,0,0,50,0,0,50,4,50,534,6,13,3,20,10,10
"agent BacktrackAgent #37",BacktrackAgent,0.12,0,0.69,50,0,0,0,0,4,50,2,0,0,50,0,0,50,6,50,515,0,13,0,12,10,10
"agent BacktrackAgent #38",BacktrackAgent,0.27,0,0.69,50,0,2,0,2,10,50,6,0,0,50,0,0,50,4,50,852,7,19,1,27,10,10
"agent BacktrackAgent #39",BacktrackAgent,0.21,0,0.69,50,0,1,0,1,6,50,2,0,0,50,0,0,50,5,50,606,8,14,2,21,10,10
"agent BacktrackAgent #40",BacktrackAgent,0.04,0,0.69,50,0,0,0,0,0,50,2,0,0,50,0,0,50,0,50,129,2,5,3,4,10,10
"agent BacktrackAgent #41",BacktrackAgent,0.12,0,0.69,50,0,0,0,0,4,50,2,0,0,50,0,0,50,6,50,503,0,13,0,12,10,10
"agent BacktrackAgent #42",BacktrackAgent,0.11,0,0.69,50,0,1,0,1,6,50,2,0,0,50,0,0,50,0,50,483,3,11,1,11,10,10
"agent BacktrackAgent #43",BacktrackAgent,0.31,0,0.69,50,0,2,0,2,10,50,3,0,0,50,0,0,50,6,50,739,12,19,2,31,10,10
"agent BacktrackAgent #44",BacktrackAgent,0.04,0,0.69,50,0,0,0,0,0,50,2,0,0,50,0,0,50,0,50,125,2,5,3,4,10,10
"agent BacktrackAgent #45",BacktrackAgent,0.12,0,0.69,50,0,0,0,0,4,50,2,0,0,50,0,0,50,6,50,491,0,13,0,12,10,10
"agent BacktrackAgent #46",BacktrackAgent,0.27,0,0.69,50,0,2,0,2,10,50,6,0,0,50,0,0,50,4,50,810,7,19,1,27,10,10
"agent BacktrackAgent #47",BacktrackAgent,0.15,0,0.69,50,0,1,0,1,4,50,1,0,0,50,0,0,50,4,50,473,6,11,2,15,10,10
"agent BacktrackAgent #48",BacktrackAgent,0.2,0,0.69,50,0,1,0,1,4,50,6,0,0,50,0,0,50,4,50,498,6,13,3,20,10,10
"agent BacktrackAgent #49",BacktrackAgent,0.12,0,0.69,50,0,0,0,0,4,50,2,0,0,50,0,0,50,6,50,479,0,13,0,12,10,10
"agent BacktrackAgent #50",BacktrackAgent,0.25,0,0.69,50,0,1,0,1,9,50,6,0,0,50,0,0,50,4,50,595,6,18,1,25,10,10
"agent ForwardAgent #51",ForwardAgent,0.05,0,0.69,50,0,0,0,0,0,50,0,0,0,50,0,0,50,3,50,155,2,6,2,5,10,10
"agent ForwardAgent #52",ForwardAgent,0.16,0,0.69,50,0,1,0,1,6,50,2,0,0,50,0,0,50,0,50,376,8,11,3,16,10,10
"agent ForwardAgent #53",ForwardAgent,0.12,0,0.69,50,0,0,0,0,4,50,2,0,0,50,0,0,50,6,50,445,0,13,0,12,10,10
"agent ForwardAgent #54",ForwardAgent,0.25,0,0.69,50,0,1,0,1,9,50,6,0,0,50,0,0,50,4,50,540,6,18,1,25,10,10
"agent ForwardAgent #55",ForwardAgent,0.47,0,0.69,50,0,3,0,3,14,50,7,0,0,50,0,0,50,10,50,745,16,19,2,47,10,10
"agent ForwardAgent #56",ForwardAgent,0.04,0,0.69,50,0,0,0,0,0,50,2,0,0,50,0,0,50,0,50,116,2,5,3,4,10,10
"agent ForwardAgent #57",ForwardAgent,0.12,0,0.69,50,0,0,0,0,4,50,2,0,0,50,0,0,50,6,50,433,0,13,0,12,10,10
"agent ForwardAgent #58",ForwardAgent,0.25,0,0.69,50,0,1,0,1,9,50,6,0,0,50,0,0,50,4,50,513,6,18,1,25,10,10
"agent ForwardAgent #59",ForwardAgent,0.47,0,0.69,50,0,3,0,3,14,50,7,0,0,50,0,0,50,10,50,696,16,19,2,47,10,10
"agent ForwardAgent #60",ForwardAgent,0.16,0,0.69,50,0,1,0,1,6,50,2,0,0,50,0,0,50,0,50,355,8,11,3,16,10,10
"agent ForwardAgent #61",ForwardAgent,0.12,0,0.69,50,0,0,0,0,4,50,2,0,0,50,0,0,50,6,50,421,0,13,0,12,10,10
"agent ForwardAgent #62",ForwardAgent,0.11,0,0.69,50,0,1,0,1,6,50,2,0,0,50,0,0,50,0,50,426,3,11,1,11,10,10
"agent ForwardAgent #63",ForwardAgent,0.31,0,0.69,50,0,2,0,2,10,50,3,0,0,50,0,0,50,6,50,603,12,19,2,31,10,10
"agent ForwardAgent #64",ForwardAgent,0.32,0,0.69,50,0,2,0,2,10,50,6,0,0,50,0,0,50,4,50,486,12,19,3,32,10,10
"agent ForwardAgent #65",ForwardAgent,0.12,0,0.69,50,0,0,0,0,4,50,2,0,0,50,0,0,50,6,50,409,0,13,0,12,10,10
"agent ForwardAgent #66",ForwardAgent,0.41,0,0.69,50,0,2,0,2,15,50,8,0,0,50,0,0,50,6,50,631,12,19,1,41,10,10
"agent ForwardAgent #67",ForwardAgent,0.21,0,0.69,50,0,1,0,1,6,50,2,0,0,50,0,0,50,5,50,519,8,14,2,21,10,10
"agent ForwardAgent #68",ForwardAgent,0.2,0,0.69,50,0,1,0,1,4,50,6,0,0,50,0,0,50,4,50,454,6,13,3,20,10,10
"agent ForwardAgent #69",ForwardAgent,0.12,0,0.69,50,0,0,0,0,4,50,2,0,0,50,0,0,50,6,50,397,0,13,0,12,10,10
"agent ForwardAgent #70",ForwardAgent,0.41,0,0.69,50,0,2,0,2,15,50,8,0,0,50,0,0,50,6,50,587,12,19,1,41,10,10
"agent ForwardAgent #71",ForwardAgent,0.15,0,0.69,50,0,1,0,1,4,50,1,0,0,50,0,0,50,4,50,381,6,11,2,15,10,10
"agent ForwardAgent #72",ForwardAgent,0.32,0,0.69,50,0,2,0,2,10,50,6,0,0,50,0,0,50,4,50,445,12,19,3,32,10,10
"agent ForwardAgent #73",ForwardAgent,0.12,0,0.69,50,0,0,0,0,4,50,2,0,0,50,0,0,50,6,50,385,0,13,0,12,10,10
"agent ForwardAgent #74",ForwardAgent,0.09,0,0.69,50,0,0,0,0,5,50,2,0,0,50,0,0,50,0,50,224,2,10,1,9,10,10
"agent ForwardAgent #75",ForwardAgent,0.15,0,0.69,50,0,1,0,1,4,50,1,0,0,50,0,0,50,4,50,366,6,11,2,15,10,10
"agent ForwardAgent #76",ForwardAgent,0.36,0,0.69,50,0,2,0,2,10,50,8,0,0,50,0,0,50,6,50,536,12,19,3,36,10,10
"agent ForwardAgent #77",ForwardAgent,0.12,0,0.69,50,0,0,0,0,4,50,2,0,0,50,0,0,50,6,50,373,0,13,0,12,10,10
"agent ForwardAgent #78",ForwardAgent,0.11,0,0.69,50,0,1,0,1,6,50,2,0,0,50,0,0,50,0,50,384,3,11,1,11,10,10
"agent ForwardAgent #79",ForwardAgent,0.15,0,0.69,50,0,1,0,1,4,50,1,0,0,50,0,0,50,4,50,350,6,11,2,15,10,10
"agent ForwardAgent #80",ForwardAgent,0.16,0,0.69,50,0,1,0,1,6,50,2,0,0,50,0,0,50,0,50,294,8,11,3,16,10,10
"agent ForwardAgent #81",ForwardAgent,0.12,0,0.69,50,0,0,0,0,4,50,2,0,0,50,0,0,50,6,50,361,0,13,0,12,10,10
"agent ForwardAgent #82",ForwardAgent,0.43,0,0.69,50,0,3,0,3,16,50,8,0,0,50,0,0,50,6,50,715,13,19,1,43,10,10
"agent ForwardAgent #83",ForwardAgent,0.15,0,0.69,50,0,1,0,1,4,50,1,0,0,50,0,0,50,4,50,333,6,11,2,15,10,10
"agent ForwardAgent #84",ForwardAgent,0.36,0,0.69,50,0,2,0,2,10,50,8,0,0,50,0,0,50,6,50,495,12,19,3,36,10,10
"agent ForwardAgent #85",ForwardAgent,0.12,0,0.69,50,0,0,0,0,4,50,2,0,0,50,0,0,50,6,50,349,0,13,0,12,10,10
"agent ForwardAgent #86",ForwardAgent,0.11,0,0.69,50,0,1,0,1,6,50,2,0,0,50,0,0,50,0,50,362,3,11,1,11,10,10
"agent ForwardAgent #87",ForwardAgent,0.21,0,0.69,50,0,1,0,1,6,50,2,0,0,50,0,0,50,5,50,475,8,14,2,21,10,10
"agent ForwardAgent #88",ForwardAgent,0.2,0,0.69,50,0,1,0,1,4,50,6,0,0,50,0,0,50,4,50,385,6,13,3,20,10,10
"agent ForwardAgent #89",ForwardAgent,0.12,0,0.69,50,0,0,0,0,4,50,2,0,0,50,0,0,50,6,50,337,0,13,0,12,10,10
"agent ForwardAgent #90",ForwardAgent,0.09,0,0.69,50,0,0,0,0,5,50,2,0,0,50,0,0,50,0,50,209,2,10,1,9,10,10
"agent ForwardAgent #91",ForwardAgent,0.31,0,0.69,50,0,2,0,2,10,50,3,0,0,50,0,0,50,6,50,489,12,19,2,31,10,10
"agent ForwardAgent #92",ForwardAgent,0.2,0,0.69,50,0,1,0,1,4,50,6,0,0,50,0,0,50,4,50,364,6,13,3,20,10,10
"agent ForwardAgent #93",ForwardAgent,0.12,0,0.69,50,0,0,0,0,4,50,2,0,0,50,0,0,50,6,50,325,0,13,0,12,10,10
"agent ForwardAgent #94",ForwardAgent,0.41,0,0.69,50,0,2,0,2,15,50,8,0,0,50,0,0,50,6,50,500,12,19,1,41,10,10
"agent ForwardAgent #95",ForwardAgent,0.31,0,0.69,50,0,2,0,2,10,50,3,0,0,50,0,0,50,6,50,453,12,19,2,31,10,10
"agent ForwardAgent #96",ForwardAgent,0.2,0,0.69,50,0,1,0,1,4,50,6,0,0,50,0,0,50,4,50,342,6,13,3,20,10,10
"agent ForwardAgent #97",ForwardAgent,0.12,0,0.69,50,0,0,0,0,4,50,2,0,0,50,0,0,50,6,50,313,0,13,0,12,10,10
"agent ForwardAgent #98",ForwardAgent,0.09,0,0.69,50,0,0,0,0,5,50,2,0,0,50,0,0,50,0,50,192,2,10,1,9,10,10
"agent ForwardAgent #99",ForwardAgent,0.15,0,0.69,50,0,1,0,1,4,50,1,0,0,50,0,0,50,4,50,283,6,11,2,15,10,10
"agent ForwardAgent #100",ForwardAgent,0.48,0,0.69,50,0,3,0,3,16,50,8,0,0,50,0,0,50,6,50,661,18,19,3,48,10,10
"agent RandomAgent #101",RandomAgent,1.4,0,0.69,50,0,15,0,84,9,50,61,0,0,50,0,0,50,65,50,592,5,13,0,140,10,10
"agent RandomAgent #102",RandomAgent,3.01,0,0.69,50,0,17,0,139,119,50,34,0,0,50,0,0,50,32,50,1100,116,14,1,301,10,10
"agent RandomAgent #103",RandomAgent,1.63,0,0.69,50,0,20,0,86,65,50,14,0,0,50,0,0,50,17,50,652,67,19,2,163,10,10
"agent RandomAgent #104",RandomAgent,2.28,0,0.69,50,0,28,0,126,81,50,33,0,0,50,0,0,50,31,50,463,83,13,3,228,10,10
"agent RandomAgent #105",RandomAgent,1.46,0,0.69,50,0,14,0,80,19,50,54,0,0,50,0,0,50,58,50,480,15,13,0,146,10,10
"agent RandomAgent #106",RandomAgent,2.17,0,0.69,50,0,7,0,108,91,50,20,0,0,50,0,0,50,18,50,879,88,15,1,217,10,10
"agent RandomAgent #107",RandomAgent,2.39,0,0.69,50,0,22,0,135,78,50,39,0,0,50,0,0,50,42,50,607,80,19,2,239,10,10
"agent RandomAgent #108",RandomAgent,1.26,0,0.69,50,0,5,0,60,37,50,26,0,0,50,0,0,50,24,50,485,39,16,3,126,10,10
"agent RandomAgent #109",RandomAgent,0.44,0,0.69,50,0,2,0,24,9,50,13,0,0,50,0,0,50,17,50,242,5,13,0,44,10,10
"agent RandomAgent #110",RandomAgent,1.91,0,0.69,50,0,17,0,113,72,50,26,0,0,50,0,0,50,24,50,579,69,13,1,191,10,10
"agent RandomAgent #111",RandomAgent,1.19,0,0.69,50,0,14,0,68,36,50,21,0,0,50,0,0,50,24,50,385,38,14,2,119,10,10
"agent RandomAgent #112",RandomAgent,0.06,0,0.69,50,0,0,0,2,0,50,3,0,0,50,0,0,50,1,50,85,2,5,3,6,10,10
"agent RandomAgent #113",RandomAgent,2.5,0,0.69,50,0,17,0,146,40,50,85,0,0,50,0,0,50,89,50,509,36,13,0,250,10,10
"agent RandomAgent #114",RandomAgent,0.87,0,0.69,50,0,13,0,47,44,50,2,0,0,50,0,0,50,0,50,446,41,11,1,87,10,10
"agent RandomAgent #115",RandomAgent,2.53,0,0.69,50,0,20,0,129,111,50,13,0,0,50,0,0,50,16,50,651,113,14,2,253,10,10
"agent RandomAgent #116",RandomAgent,0.24,0,0.69,50,0,0,0,11,0,50,12,0,0,50,0,0,50,10,50,202,2,9,3,24,10,10
"agent RandomAgent #117",RandomAgent,0.22,0,0.69,50,0,3,0,10,4,50,7,0,0,50,0,0,50,11,50,121,0,13,0,22,10,10
"agent RandomAgent #118",RandomAgent,0.17,0,0.69,50,0,3,0,7,9,50,2,0,0,50,0,0,50,0,50,182,6,11,1,17,10,10
"agent RandomAgent #119",RandomAgent,0.37,0,0.69,50,0,0,0,21,0,50,16,0,0,50,0,0,50,19,50,243,2,8,2,37,10,10
"agent RandomAgent #120",RandomAgent,0.88,0,0.69,50,0,7,0,44,35,50,9,0,0,50,0,0,50,7,50,332,37,13,3,88,10,10
"agent RandomAgent #121",RandomAgent,2.64,0,0.69,50,0,6,0,142,48,50,84,0,0,50,0,0,50,88,50,410,44,13,0,264,10,10
"agent RandomAgent #122",RandomAgent,0.35,0,0.69,50,0,3,0,16,18,50,2,0,0,50,0,0,50,0,50,213,15,11,1,35,10,10
"agent RandomAgent #123",RandomAgent,0.25,0,0.69,50,0,0,0,11,3,50,7,0,0,50,0,0,50,10,50,187,5,10,2,25,10,10
"agent RandomAgent #124",RandomAgent,0.08,0,0.69,50,0,0,0,3,2,50,2,0,0,50,0,0,50,0,50,60,4,6,3,8,10,10
"agent RandomAgent #125",RandomAgent,0.76,0,0.69,50,0,8,0,36,9,50,29,0,0,50,0,0,50,33,50,256,5,13,0,76,10,10
"agent RandomAgent #126",RandomAgent,2.31,0,0.69,50,0,30,0,135,110,50,8,0,0,50,0,0,50,6,50,390,107,11,1,231,10,10
"agent RandomAgent #127",RandomAgent,0.39,0,0.69,50,0,1,0,12,11,50,6,0,0,50,0,0,50,9,50,205,13,14,2,39,10,10
"agent RandomAgent #128",RandomAgent,1.72,0,0.69,50,0,15,0,96,74,50,12,0,0,50,0,0,50,10,50,306,76,11,3,172,10,10
"agent RandomAgent #129",RandomAgent,0.72,0,0.69,50,0,13,0,40,7,50,29,0,0,50,0,0,50,33,50,247,3,13,0,72,10,10
"agent RandomAgent #130",RandomAgent,2.37,0,0.69,50,0,19,0,124,59,50,62,0,0,50,0,0,50,60,50,316,56,19,1,237,10,10
"agent RandomAgent #131",RandomAgent,2.45,0,0.69,50,0,33,0,148,98,50,22,0,0,50,0,0,50,25,50,277,100,11,2,245,10,10
"agent RandomAgent #132",RandomAgent,0.18,0,0.69,50,0,0,0,7,1,50,8,0,0,50,0,0,50,6,50,99,3,8,3,18,10,10
"agent RandomAgent #133",RandomAgent,0.76,0,0.69,50,0,2,0,48,16,50,22,0,0,50,0,0,50,26,50,181,12,13,0,76,10,10
"agent RandomAgent #134",RandomAgent,1.03,0,0.69,50,0,2,0,56,37,50,17,0,0,50,0,0,50,15,50,269,34,12,1,103,10,10
"agent RandomAgent #135",RandomAgent,1.23,0,0.69,50,0,12,0,67,36,50,23,0,0,50,0,0,50,26,50,172,38,12,2,123,10,10
"agent RandomAgent #136",RandomAgent,2.8,0,0.69,50,0,18,0,152,115,50,25,0,0,50,0,0,50,23,50,187,117,15,3,280,10,10
"agent RandomAgent #137",RandomAgent,2.78,0,0.69,50,0,30,0,162,24,50,115,0,0,50,0,0,50,119,50,172,20,13,0,278,10,10
"agent RandomAgent #138",RandomAgent,0.21,0,0.69,50,0,2,0,9,9,50,4,0,0,50,0,0,50,2,50,179,6,11,1,21,10,10
"agent RandomAgent #139",RandomAgent,0.07,0,0.69,50,0,0,0,2,0,50,1,0,0,50,0,0,50,4,50,57,2,6,2,7,10,10
"agent RandomAgent #140",RandomAgent,0.3,0,0.69,50,0,0,0,12,9,50,6,0,0,50,0,0,50,4,50,77,11,11,3,30,10,10
"agent RandomAgent #141",RandomAgent,2.22,0,0.69,50,0,4,0,114,56,50,55,0,0,50,0,0,50,59,50,114,52,13,0,222,10,10
"agent RandomAgent #142",RandomAgent,0.65,0,0.69,50,0,5,0,27,24,50,11,0,0,50,0,0,50,9,50,123,21,13,1,65,10,10
"agent RandomAgent #143",RandomAgent,2.87,0,0.69,50,0,38,0,152,122,50,19,0,0,50,0,0,50,22,50,93,124,19,2,287,10,10
"agent RandomAgent #144",RandomAgent,0.94,0,0.69,50,0,7,0,48,34,50,13,0,0,50,0,0,50,11,50,115,36,14,3,94,10,10
"agent RandomAgent #145",RandomAgent,0.72,0,0.69,50,0,10,0,48,9,50,27,0,0,50,0,0,50,31,50,46,5,13,0,72,10,10
"agent RandomAgent #146",RandomAgent,0.39,0,0.69,50,0,4,0,19,17,50,5,0,0,50,0,0,50,3,50,74,14,11,1,39,10,10
"agent RandomAgent #147",RandomAgent,0.13,0,0.69,50,0,0,0,4,1,50,3,0,0,50,0,0,50,6,50,69,3,8,2,13,10,10
"agent RandomAgent #148",RandomAgent,0.04,0,0.69,50,0,0,0,0,0,50,2,0,0,50,0,0,50,0,50,36,2,5,3,4,10,10
"agent RandomAgent #149",RandomAgent,0.44,0,0.69,50,0,1,0,16,12,50,10,0,0,50,0,0,50,14,50,65,8,13,0,44,10,10
"agent RandomAgent #150",RandomAgent,0.89,0,0.69,50,0,4,0,45,32,50,15,0,0,50,0,0,50,13,50,68,29,14,1,89,10,10
"agent NegotiatingAgent #151",NegotiatingAgent,0.15,20,0.69,50,14,1,0,1,4,50,1,25,30,50,0,0,50,4,50,135,6,11,2,15,10,10
"agent NegotiatingAgent #152",NegotiatingAgent,0.32,31,0.69,50,21,2,0,2,10,50,6,39,56,50,0,0,50,4,50,216,12,19,3,32,10,10
"agent NegotiatingAgent #153",NegotiatingAgent,0.12,0,0.69,50,6,0,0,0,4,50,2,12,14,50,0,0,50,6,50,260,0,13,0,12,10,10
"agent NegotiatingAgent #154",NegotiatingAgent,0.27,44,0.69,50,25,2,0,2,10,50,6,52,52,50,0,0,50,4,50,373,7,19,1,27,10,10
"agent NegotiatingAgent #155",NegotiatingAgent,0.05,0,0.69,50,4,0,0,0,0,50,0,8,9,50,0,0,50,3,50,100,2,6,2,5,10,10
"agent NegotiatingAgent #156",NegotiatingAgent,0.04,0,0.69,50,0,0,0,0,0,50,2,2,1,50,0,1,50,0,50,81,2,5,3,4,10,10
"agent NegotiatingAgent #157",NegotiatingAgent,0.12,0,0.69,50,9,0,0,0,4,50,2,21,22,50,0,0,50,6,50,109,0,13,0,12,10,10
"agent NegotiatingAgent #158",NegotiatingAgent,0.09,0,0.69,50,4,0,0,0,5,50,2,10,12,50,0,0,50,0,50,140,2,10,1,9,10,10
"agent NegotiatingAgent #159",NegotiatingAgent,0.21,18,0.69,50,17,1,0,1,6,50,2,38,40,50,0,1,50,5,50,227,8,14,2,21,10,10
"agent NegotiatingAgent #160",NegotiatingAgent,0.2,0,0.69,50,7,1,0,1,4,50,6,17,20,50,0,2,50,4,50,266,6,13,3,20,10,10
"agent NegotiatingAgent #161",NegotiatingAgent,0.12,0,0.69,50,2,0,0,0,4,50,2,10,12,50,0,0,50,6,50,257,0,13,0,12,10,10
"agent NegotiatingAgent #162",NegotiatingAgent,0.11,2,0.69,50,2,1,0,1,6,50,2,9,9,50,0,1,50,0,50,283,3,11,1,11,10,10
"agent NegotiatingAgent #163",NegotiatingAgent,0.21,0,0.69,50,10,1,0,1,6,50,2,26,27,50,0,0,50,5,50,306,8,14,2,21,10,10
"agent NegotiatingAgent #164",NegotiatingAgent,0.04,0,0.69,50,0,0,0,0,0,50,2,2,2,50,0,0,50,0,50,74,2,5,3,4,10,10
"agent NegotiatingAgent #165",NegotiatingAgent,0.12,0,0.69,50,0,0,0,0,4,50,2,10,8,50,0,2,50,6,50,267,0,13,0,12,10,10
"agent NegotiatingAgent #166",NegotiatingAgent,0.11,0,0.69,50,2,1,0,1,6,50,2,12,13,50,0,0,50,0,50,178,3,11,1,11,10,10
"agent NegotiatingAgent #167",NegotiatingAgent,0.21,0,0.69,50,0,1,0,1,6,50,2,19,17,50,0,2,50,5,50,374,8,14,2,21,10,10
"agent NegotiatingAgent #168",NegotiatingAgent,0.32,17,0.69,50,6,2,0,2,10,50,6,37,35,50,1,4,50,4,50,337,12,19,3,32,10,10
"agent NegotiatingAgent #169",NegotiatingAgent,0.12,0,0.69,50,0,0,0,0,4,50,2,9,10,50,0,0,50,6,50,255,0,13,0,12,10,10
"agent NegotiatingAgent #170",NegotiatingAgent,0.25,11,0.69,50,13,1,0,1,9,50,6,38,37,50,0,2,50,4,50,247,6,18,1,25,10,10
"agent NegotiatingAgent #171",NegotiatingAgent,0.05,0,0.69,50,0,0,0,0,0,50,0,4,4,50,0,0,50,3,50,100,2,6,2,5,10,10
"agent NegotiatingAgent #172",NegotiatingAgent,0.16,2,0.69,50,7,1,0,1,6,50,2,21,20,50,0,2,50,0,50,188,8,11,3,16,10,10
"agent NegotiatingAgent #173",NegotiatingAgent,0.12,0,0.69,50,0,0,0,0,4,50,2,10,9,50,0,1,50,6,50,243,0,13,0,12,10,10
"agent NegotiatingAgent #174",NegotiatingAgent,0.11,0,0.69,50,0,1,0,1,6,50,2,10,9,50,0,1,50,0,50,251,3,11,1,11,10,10
"agent NegotiatingAgent #175",NegotiatingAgent,0.15,5,0.69,50,5,1,0,1,4,50,1,17,17,50,0,1,50,4,50,196,6,11,2,15,10,10
"agent NegotiatingAgent #176",NegotiatingAgent,0.2,0,0.69,50,0,1,0,1,4,50,6,17,13,50,0,5,50,4,50,295,6,13,3,20,10,10
"agent NegotiatingAgent #177",NegotiatingAgent,0.12,0,0.69,50,0,0,0,0,4,50,2,10,9,50,0,1,50,6,50,231,0,13,0,12,10,10
"agent NegotiatingAgent #178",NegotiatingAgent,0.11,0,0.69,50,0,1,0,1,6,50,2,10,9,50,0,1,50,0,50,240,3,11,1,11,10,10
"agent NegotiatingAgent #179",NegotiatingAgent,0.21,0,0.69,50,0,1,0,1,6,50,2,19,19,50,0,0,50,5,50,330,8,14,2,21,10,10
"agent NegotiatingAgent #180",NegotiatingAgent,0.04,0,0.69,50,0,0,0,0,0,50,2,2,2,50,0,0,50,0,50,65,2,5,3,4,10,10
"agent NegotiatingAgent #181",NegotiatingAgent,0.12,0,0.69,50,0,0,0,0,4,50,2,10,8,50,0,2,50,6,50,219,0,13,0,12,10,10
"agent NegotiatingAgent #182",NegotiatingAgent,0.25,0,0.69,50,6,1,0,1,9,50,6,29,28,50,0,2,50,4,50,245,6,18,1,25,10,10
"agent NegotiatingAgent #183",NegotiatingAgent,0.15,0,0.69,50,0,1,0,1,4,50,1,14,9,50,0,5,50,4,50,200,6,11,2,15,10,10
"agent NegotiatingAgent #184",NegotiatingAgent,0.16,0,0.69,50,3,1,0,1,6,50,2,17,18,50,0,0,50,0,50,206,8,11,3,16,10,10
"agent NegotiatingAgent #185",NegotiatingAgent,0.12,0,0.69,50,4,0,0,0,4,50,2,14,14,50,0,0,50,6,50,79,0,13,0,12,10,10
"agent NegotiatingAgent #186",NegotiatingAgent,0.09,0,0.69,50,0,0,0,0,5,50,2,8,7,50,0,1,50,0,50,134,2,10,1,9,10,10
"agent NegotiatingAgent #187",NegotiatingAgent,0.05,0,0.69,50,0,0,0,0,0,50,0,4,4,50,0,0,50,3,50,86,2,6,2,5,10,10
"agent NegotiatingAgent #188",NegotiatingAgent,0.04,0,0.69,50,0,0,0,0,0,50,2,2,2,50,0,0,50,0,50,60,2,5,3,4,10,10
"agent NegotiatingAgent #189",NegotiatingAgent,0.12,0,0.69,50,0,0,0,0,4,50,2,10,10,50,0,0,50,6,50,203,0,13,0,12,10,10
"agent NegotiatingAgent #190",NegotiatingAgent,0.27,0,0.69,50,0,2,0,2,10,50,6,25,23,50,0,2,50,4,50,345,7,19,1,27,10,10
"agent NegotiatingAgent #191",NegotiatingAgent,0.15,0,0.69,50,2,1,0,1,4,50,1,13,12,50,0,2,50,4,50,186,6,11,2,15,10,10
"agent NegotiatingAgent #192",NegotiatingAgent,0.04,0,0.69,50,0,0,0,0,0,50,2,2,2,50,0,0,50,0,50,56,2,5,3,4,10,10
"agent NegotiatingAgent #193",NegotiatingAgent,0.12,0,0.69,50,0,0,0,0,4,50,2,10,9,50,0,1,50,6,50,191,0,13,0,12,10,10
"agent NegotiatingAgent #194",NegotiatingAgent,0.25,0,0.69,50,0,1,0,1,9,50,6,23,19,50,0,4,50,4,50,241,6,18,1,25,10,10
"agent NegotiatingAgent #195",NegotiatingAgent,0.21,0,0.69,50,0,1,0,1,6,50,2,19,18,50,0,1,50,5,50,278,8,14,2,21,10,10
"agent NegotiatingAgent #196",NegotiatingAgent,0.16,0,0.69,50,0,1,0,1,6,50,2,14,14,50,0,0,50,0,50,210,8,11,3,16,10,10
"agent NegotiatingAgent #197",NegotiatingAgent,0.12,0,0.69,50,0,0,0,0,4,50,2,10,9,50,0,1,50,6,50,179,0,13,0,12,10,10
"agent NegotiatingAgent #198",NegotiatingAgent,0.25,0,0.69,50,0,1,0,1,9,50,6,23,18,50,0,5,50,4,50,213,6,18,1,25,10,10
"agent NegotiatingAgent #199",NegotiatingAgent,0.15,0,0.69,50,0,1,0,1,4,50,1,14,11,50,0,3,50,4,50,166,6,11,2,15,10,10
"agent NegotiatingAgent #200",NegotiatingAgent,0.32,0,0.69,50,0,2,0,2,10,50,6,30,25,50,0,5,50,4,50,269,12,19,3,32,10,10
"agent SwarmAgent #201",SwarmAgent,0.12,0,0.69,50,0,0,0,0,4,50,2,0,0,50,0,0,50,6,50,144,0,13,0,12,10,10
"agent SwarmAgent #202",SwarmAgent,0.25,0,0.69,50,0,1,0,1,9,50,6,0,0,50,0,0,50,4,50,87,6,18,1,25,10,10
"agent SwarmAgent #203",SwarmAgent,0.15,0,0.69,50,0,1,0,1,4,50,1,0,0,50,0,0,50,4,50,110,6,11,2,15,10,10
"agent SwarmAgent #204",SwarmAgent,0.2,0,0.69,50,0,0,0,2,5,50,5,0,0,50,0,0,50,3,50,101,7,13,3,20,10,10
"agent SwarmAgent #205",SwarmAgent,0.12,0,0.69,50,0,0,0,0,4,50,2,0,0,50,0,0,50,6,50,132,0,13,0,12,10,10
"agent SwarmAgent #206",SwarmAgent,0.15,0,0.69,50,0,0,0,1,5,50,5,0,0,50,0,0,50,3,50,99,2,13,1,15,10,10
"agent SwarmAgent #207",SwarmAgent,0.05,0,0.69,50,0,0,0,0,0,50,0,0,0,50,0,0,50,3,50,42,2,6,2,5,10,10
"agent SwarmAgent #208",SwarmAgent,0.04,0,0.69,50,0,0,0,0,0,50,2,0,0,50,0,0,50,0,50,31,2,5,3,4,10,10
"agent SwarmAgent #209",SwarmAgent,0.12,0,0.69,50,0,0,0,0,4,50,2,0,0,50,0,0,50,6,50,120,0,13,0,12,10,10
"agent SwarmAgent #210",SwarmAgent,0.17,0,0.69,50,0,1,0,2,6,50,5,0,0,50,0,0,50,3,50,152,3,14,1,17,10,10
"agent SwarmAgent #211",SwarmAgent,0.19,0,0.69,50,0,1,0,2,4,50,3,0,0,50,0,0,50,6,50,106,6,13,2,19,10,10
"agent SwarmAgent #212",SwarmAgent,0.2,0,0.69,50,0,1,0,1,4,50,6,0,0,50,0,0,50,4,50,133,6,13,3,20,10,10
"agent SwarmAgent #213",SwarmAgent,0.12,0,0.69,50,0,0,0,0,4,50,2,0,0,50,0,0,50,6,50,108,0,13,0,12,10,10
"agent SwarmAgent #214",SwarmAgent,0.17,0,0.69,50,0,1,0,2,6,50,5,0,0,50,0,0,50,3,50,130,3,14,1,17,10,10
"agent SwarmAgent #215",SwarmAgent,0.15,0,0.69,50,0,1,0,1,4,50,1,0,0,50,0,0,50,4,50,68,6,11,2,15,10,10
"agent SwarmAgent #216",SwarmAgent,0.2,0,0.69,50,0,1,0,1,4,50,6,0,0,50,0,0,50,4,50,112,6,13,3,20,10,10
"agent SwarmAgent #217",SwarmAgent,0.12,0,0.69,50,0,0,0,0,4,50,2,0,0,50,0,0,50,6,50,96,0,13,0,12,10,10
"agent SwarmAgent #218",SwarmAgent,0.09,0,0.69,50,0,0,0,0,5,50,2,0,0,50,0,0,50,0,50,43,2,10,1,9,10,10
"agent SwarmAgent #219",SwarmAgent,0.19,0,0.69,50,0,1,0,2,4,50,3,0,0,50,0,0,50,6,50,67,6,13,2,19,10,10
"agent SwarmAgent #220",SwarmAgent,0.2,0,0.69,50,0,1,0,1,4,50,6,0,0,50,0,0,50,4,50,89,6,13,3,20,10,10
"agent SwarmAgent #221",SwarmAgent,0.12,0,0.69,50,0,0,0,0,4,50,2,0,0,50,0,0,50,6,50,84,0,13,0,12,10,10
"agent SwarmAgent #222",SwarmAgent,0.09,0,0.69,50,0,0,0,0,5,50,2,0,0,50,0,0,50,0,50,34,2,10,1,9,10,10
"agent SwarmAgent #223",SwarmAgent,0.19,0,0.69,50,0,1,0,2,4,50,3,0,0,50,0,0,50,6,50,47,6,13,2,19,10,10
"agent SwarmAgent #224",SwarmAgent,0.2,0,0.69,50,0,1,0,1,4,50,6,0,0,50,0,0,50,4,50,66,6,13,3,20,10,10
"agent SwarmAgent #225",SwarmAgent,0.12,0,0.69,50,0,0,0,0,4,50,2,0,0,50,0,0,50,6,50,72,0,13,0,12,10,10
"agent SwarmAgent #226",SwarmAgent,0.11,0,0.69,50,0,1,0,1,6,50,2,0,0,50,0,0,50,0,50,64,3,11,1,11,10,10
"agent SwarmAgent #227",SwarmAgent,0.19,0,0.69,50,0,0,0,1,5,50,2,0,0,50,0,0,50,5,50,52,7,13,2,19,10,10
"agent SwarmAgent #228",SwarmAgent,0.2,0,0.69,50,0,0,0,2,5,50,5,0,0,50,0,0,50,3,50,30,7,13,3,20,10,10
"agent SwarmAgent #229",SwarmAgent,0.12,0,0.69,50,0,0,0,0,4,50,2,0,0,50,0,0,50,6,50,60,0,13,0,12,10,10
"agent SwarmAgent #230",SwarmAgent,0.15,0,0.69,50,0,0,0,1,5,50,5,0,0,50,0,0,50,3,50,36,2,13,1,15,10,10
"agent SwarmAgent #231",SwarmAgent,0.05,0,0.69,50,0,0,0,0,0,50,0,0,0,50,0,0,50,3,50,23,2,6,2,5,10,10
"agent SwarmAgent #232",SwarmAgent,0.2,0,0.69,50,0,1,0,1,4,50,6,0,0,50,0,0,50,4,50,35,6,13,3,20,10,10
"agent SwarmAgent #233",SwarmAgent,0.12,0,0.69,50,0,0,0,0,4,50,2,0,0,50,0,0,50,6,50,48,0,13,0,12,10,10
"agent SwarmAgent #234",SwarmAgent,0.11,0,0.69,50,0,1,0,1,6,50,2,0,0,50,0,0,50,0,50,41,3,11,1,11,10,10
"agent SwarmAgent #235",SwarmAgent,0.15,0,0.69,50,0,1,0,1,4,50,1,0,0,50,0,0,50,4,50,12,6,11,2,15,10,10
"agent SwarmAgent #236",SwarmAgent,0.04,0,0.69,50,0,0,0,0,0,50,2,0,0,50,0,0,50,0,50,11,2,5,3,4,10,10
"agent SwarmAgent #237",SwarmAgent,0.12,0,0.69,50,0,0,0,0,4,50,2,0,0,50,0,0,50,6,50,36,0,13,0,12,10,10
"agent SwarmAgent #238",SwarmAgent,0.11,0,0.69,50,0,1,0,1,6,50,2,0,0,50,0,0,50,0,50,30,3,11,1,11,10,10
"agent SwarmAgent #239",SwarmAgent,0.05,0,0.69,50,0,0,0,0,0,50,0,0,0,50,0,0,50,3,50,14,2,6,2,5,10,10
"agent SwarmAgent #240",SwarmAgent,0.04,0,0.69,50,0,0,0,0,0,50,2,0,0,50,0,0,50,0,50,7,2,5,3,4,10,10
"agent SwarmAgent #241",SwarmAgent,0.12,0,0.69,50,0,0,0,0,4,50,2,0,0,50,0,0,50,6,50,24,0,13,0,12,10,10
"agent SwarmAgent #242",SwarmAgent,0.17,0,0.69,50,0,1,0,2,6,50,5,0,0,50,0,0,50,3,50,26,3,14,1,17,10,10
"agent SwarmAgent #243",SwarmAgent,0.19,0,0.69,50,0,0,0,1,5,50,2,0,0,50,0,0,50,5,50,10,7,13,2,19,10,10
"agent SwarmAgent #244",SwarmAgent,0.2,0,0.69,50,0,1,0,1,4,50,6,0,0,50,0,0,50,4,50,4,6,13,3,20,10,10
"agent SwarmAgent #245",SwarmAgent,0.12,0,0.69,50,0,0,0,0,4,50,2,0,0,50,0,0,50,6,50,12,0,13,0,12,10,10
"agent SwarmAgent #246",SwarmAgent,0.15,0,0.69,50,0,0,0,1,5,50,5,0,0,50,0,0,50,3,50,8,2,13,1,15,10,10
"agent SwarmAgent #247",SwarmAgent,0.05,0,0.69,50,0,0,0,0,0,50,0,0,0,50,0,0,50,3,50,2,2,6,2,5,10,10
"agent SwarmAgent #248",SwarmAgent,0.04,0,0.69,50,0,0,0,0,0,50,2,0,0,50,0,0,50,0,50,0,2,5,3,4,10,10
"agent SwarmAgent #249",SwarmAgent,0.12,0,0.69,50,0,0,0,0,4,50,2,0,0,50,0,0,50,6,50,0,0,13,0,12,10,10
"agent SwarmAgent #250",SwarmAgent,0.09,0,0.69,50,0,0,0,0,5,50,2,0,0,50,0,0,50,0,50,0,2,10,1,9,10,10
