agentName,agentType,averageSpeed,cumulatedUtilityReceived,freeWallRatio,numBacktrackAgents,numCFPAnswered,numDeadends,numDifferentEncounters,numDirectionChanges,numDownSteps,numForwardAgents,numLeftSteps,numMessagesReceived,numMessagesSent,numNegotiatingAgents,numProposalsAccepted,numProposalsRejected,numRandomAgents,numRightSteps,numSwarmAgents,numTotalEncounters,numUpSteps,numVisitedCells,startingPosition,stepsToExit,xsize,ysize
"agent BacktrackAgent #1",BacktrackAgent,0.2,0,0.69,10,0,0,0,0,6,10,4,0,0,10,0,0,0,8,10,165,2,21,0,20,10,10
"agent BacktrackAgent #2",BacktrackAgent,0.11,0,0.69,10,0,1,0,1,4,10,4,0,0,10,0,0,0,2,10,52,1,9,1,11,10,10
"agent BacktrackAgent #3",BacktrackAgent,0.31,0,0.69,10,0,1,0,1,6,10,7,0,0,10,0,0,0,10,10,143,8,21,2,31,10,10
"agent BacktrackAgent #4",BacktrackAgent,0.04,0,0.69,10,0,0,0,0,0,10,2,0,0,10,0,0,0,0,10,24,2,5,3,4,10,10
"agent BacktrackAgent #5",BacktrackAgent,0.2,0,0.69,10,0,0,0,0,6,10,4,0,0,10,0,0,0,8,10,144,2,21,0,20,10,10
"agent BacktrackAgent #6",BacktrackAgent,0.11,0,0.69,10,0,1,0,1,4,10,4,0,0,10,0,0,0,2,10,41,1,9,1,11,10,10
"agent BacktrackAgent #7",BacktrackAgent,0.31,0,0.69,10,0,1,0,1,6,10,7,0,0,10,0,0,0,10,10,111,8,21,2,31,10,10
"agent BacktrackAgent #8",BacktrackAgent,0.36,0,0.69,10,0,1,0,1,6,10,12,0,0,10,0,0,0,10,10,137,8,21,3,36,10,10
"agent BacktrackAgent #9",BacktrackAgent,0.2,0,0.69,10,0,0,0,0,6,10,4,0,0,10,0,0,0,8,10,121,2,21,0,20,10,10
"agent BacktrackAgent #10",BacktrackAgent,0.05,0,0.69,10,0,0,0,0,3,10,2,0,0,10,0,0,0,0,10,20,0,6,1,5,10,10
"agent ForwardAgent #11",ForwardAgent,0.09,0,0.69,10,0,0,0,0,0,10,2,0,0,10,0,0,0,5,10,37,2,10,2,9,10,10
"agent ForwardAgent #12",ForwardAgent,0.36,0,0.69,10,0,1,0,1,6,10,12,0,0,10,0,0,0,10,10,98,8,21,3,36,10,10
"agent ForwardAgent #13",ForwardAgent,0.2,0,0.69,10,0,0,0,0,6,10,4,0,0,10,0,0,0,8,10,99,2,21,0,20,10,10
"agent ForwardAgent #14",ForwardAgent,0.05,0,0.69,10,0,0,0,0,3,10,2,0,0,10,0,0,0,0,10,15,0,6,1,5,10,10
"agent ForwardAgent #15",ForwardAgent,0.09,0,0.69,10,0,0,0,0,0,10,2,0,0,10,0,0,0,5,10,27,2,10,2,9,10,10
"agent ForwardAgent #16",ForwardAgent,0.04,0,0.69,10,0,0,0,0,0,10,2,0,0,10,0,0,0,0,10,18,2,5,3,4,10,10
"agent ForwardAgent #17",ForwardAgent,0.2,0,0.69,10,0,0,0,0,6,10,4,0,0,10,0,0,0,8,10,79,2,21,0,20,10,10
"agent ForwardAgent #18",ForwardAgent,0.11,0,0.69,10,0,1,0,1,4,10,4,0,0,10,0,0,0,2,10,29,1,9,1,11,10,10
"agent ForwardAgent #19",ForwardAgent,0.09,0,0.69,10,0,0,0,0,0,10,2,0,0,10,0,0,0,5,10,18,2,10,2,9,10,10
"agent ForwardAgent #20",ForwardAgent,0.36,0,0.69,10,0,1,0,1,6,10,12,0,0,10,0,0,0,10,10,55,8,21,3,36,10,10
"agent NegotiatingAgent #21",NegotiatingAgent,0.2,0,0.69,10,5,0,0,0,6,10,4,6,13,10,0,0,0,8,10,24,2,21,0,20,10,10
"agent NegotiatingAgent #22",NegotiatingAgent,0.05,0,0.69,10,0,0,0,0,3,10,2,0,4,10,0,0,0,0,10,9,0,6,1,5,10,10
"agent NegotiatingAgent #23",NegotiatingAgent,0.09,0,0.69,10,2,0,0,0,0,10,2,2,4,10,0,0,0,5,10,7,2,10,2,9,10,10
"agent NegotiatingAgent #24",NegotiatingAgent,0.04,0,0.69,10,1,0,0,0,0,10,2,1,4,10,0,0,0,0,10,11,2,5,3,4,10,10
"agent NegotiatingAgent #25",NegotiatingAgent,0.2,0,0.69,10,4,0,0,0,6,10,4,13,13,10,0,3,0,8,10,28,2,21,0,20,10,10
"agent NegotiatingAgent #26",NegotiatingAgent,0.11,0,0.69,10,2,1,0,1,4,10,4,2,6,10,0,0,0,2,10,19,1,9,1,11,10,10
"agent NegotiatingAgent #27",NegotiatingAgent,0.09,0,0.69,10,0,0,0,0,0,10,2,4,3,10,0,2,0,5,10,4,2,10,2,9,10,10
"agent NegotiatingAgent #28",NegotiatingAgent,0.04,0,0.69,10,0,0,0,0,0,10,2,1,2,10,0,0,0,0,10,9,2,5,3,4,10,10
"agent NegotiatingAgent #29",NegotiatingAgent,0.2,0,0.69,10,0,0,0,0,6,10,4,12,12,10,0,6,0,8,10,45,2,21,0,20,10,10
"agent NegotiatingAgent #30",NegotiatingAgent,0.11,0,0.69,10,0,1,0,1,4,10,4,4,8,10,0,2,0,2,10,12,1,9,1,11,10,10
"agent SwarmAgent #31",SwarmAgent,0.31,0,0.69,10,0,1,0,1,6,10,7,0,0,10,0,0,0,10,10,65,8,21,2,31,10,10
"agent SwarmAgent #32",SwarmAgent,0.36,0,0.69,10,0,1,0,1,6,10,12,0,0,10,0,0,0,10,10,8,8,21,3,36,10,10
"agent SwarmAgent #33",SwarmAgent,0.2,0,0.69,10,0,0,0,0,6,10,4,0,0,10,0,0,0,8,10,22,2,21,0,20,10,10
"agent SwarmAgent #34",SwarmAgent,0.05,0,0.69,10,0,0,0,0,3,10,2,0,0,10,0,0,0,0,10,1,0,6,1,5,10,10
"agent SwarmAgent #35",SwarmAgent,0.31,0,0.69,10,0,1,0,1,6,10,7,0,0,10,0,0,0,10,10,32,8,21,2,31,10,10
"agent SwarmAgent #36",SwarmAgent,0.04,0,0.69,10,0,0,0,0,0,10,2,0,0,10,0,0,0,0,10,4,2,5,3,4,10,10
"agent SwarmAgent #37",SwarmAgent,0.2,0,0.69,10,0,0,0,0,6,10,4,0,0,10,0,0,0,8,10,1,2,21,0,20,10,10
"agent SwarmAgent #38",SwarmAgent,0.11,0,0.69,10,0,1,0,1,4,10,4,0,0,10,0,0,0,2,10,0,1,9,1,11,10,10
"agent SwarmAgent #39",SwarmAgent,0.31,0,0.69,10,0,1,0,1,6,10,7,0,0,10,0,0,0,10,10,0,8,21,2,31,10,10
"agent SwarmAgent #40",SwarmAgent,0.04,0,0.69,10,0,0,0,0,0,10,2,0,0,10,0,0,0,0,10,0,2,5,3,4,10,10
