agentName,agentType,averageSpeed,cumulatedUtilityReceived,freeWallRatio,numBacktrackAgents,numCFPAnswered,numDeadends,numDifferentEncounters,numDirectionChanges,numDownSteps,numForwardAgents,numLeftSteps,numMessagesReceived,numMessagesSent,numNegotiatingAgents,numProposalsAccepted,numProposalsRejected,numRandomAgents,numRightSteps,numSwarmAgents,numTotalEncounters,numUpSteps,numVisitedCells,startingPosition,stepsToExit,xsize,ysize
"agent BacktrackAgent #1",BacktrackAgent,0.16,0,0.69,100,0,0,0,0,4,100,4,0,0,100,0,0,0,8,100,1507,0,17,0,16,10,10
"agent BacktrackAgent #2",BacktrackAgent,0.23,0,0.69,100,0,2,0,2,6,100,8,0,0,100,0,0,0,6,100,1405,3,15,1,23,10,10
"agent BacktrackAgent #3",BacktrackAgent,0.11,0,0.69,100,0,1,0,1,0,100,3,0,0,100,0,0,0,6,100,1018,2,11,2,11,10,10
"agent BacktrackAgent #4",BacktrackAgent,0.16,0,0.69,100,0,1,0,1,0,100,8,0,0,100,0,0,0,6,100,910,2,11,3,16,10,10
"agent BacktrackAgent #5",BacktrackAgent,0.16,0,0.69,100,0,0,0,0,4,100,4,0,0,100,0,0,0,8,100,1329,0,17,0,16,10,10
"agent BacktrackAgent #6",BacktrackAgent,0.21,0,0.69,100,0,1,0,1,5,100,8,0,0,100,0,0,0,6,100,817,2,14,1,21,10,10
"agent BacktrackAgent #7",BacktrackAgent,0.19,0,0.69,100,0,2,0,2,4,100,3,0,0,100,0,0,0,6,100,1175,6,15,2,19,10,10
"agent BacktrackAgent #8",BacktrackAgent,0.04,0,0.69,100,0,0,0,0,0,100,2,0,0,100,0,0,0,0,100,177,2,5,3,4,10,10
"agent BacktrackAgent #9",BacktrackAgent,0.16,0,0.69,100,0,0,0,0,4,100,4,0,0,100,0,0,0,8,100,1150,0,17,0,16,10,10
"agent BacktrackAgent #10",BacktrackAgent,0.23,0,0.69,100,0,2,0,2,6,100,8,0,0,100,0,0,0,6,100,1440,3,15,1,23,10,10
"agent BacktrackAgent #11",BacktrackAgent,0.11,0,0.69,100,0,1,0,1,0,100,3,0,0,100,0,0,0,6,100,1104,2,11,2,11,10,10
"agent BacktrackAgent #12",BacktrackAgent,0.12,0,0.69,100,0,1,0,1,4,100,2,0,0,100,0,0,0,0,100,554,6,9,3,12,10,10
"agent BacktrackAgent #13",BacktrackAgent,0.16,0,0.69,100,0,0,0,0,4,100,4,0,0,100,0,0,0,8,100,1535,0,17,0,16,10,10
"agent BacktrackAgent #14",BacktrackAgent,0.05,0,0.69,100,0,0,0,0,3,100,2,0,0,100,0,0,0,0,100,353,0,6,1,5,10,10
"agent BacktrackAgent #15",BacktrackAgent,0.17,0,0.69,100,0,1,0,1,4,100,2,0,0,100,0,0,0,5,100,894,6,14,2,17,10,10
"agent BacktrackAgent #16",BacktrackAgent,0.24,0,0.69,100,0,2,0,2,4,100,8,0,0,100,0,0,0,6,100,1183,6,15,3,24,10,10
"agent BacktrackAgent #17",BacktrackAgent,0.16,0,0.69,100,0,0,0,0,4,100,4,0,0,100,0,0,0,8,100,1519,0,17,0,16,10,10
"agent BacktrackAgent #18",BacktrackAgent,0.05,0,0.69,100,0,0,0,0,3,100,2,0,0,100,0,0,0,0,100,348,0,6,1,5,10,10
"agent BacktrackAgent #19",BacktrackAgent,0.17,0,0.69,100,0,1,0,1,4,100,2,0,0,100,0,0,0,5,100,875,6,14,2,17,10,10
"agent BacktrackAgent #20",BacktrackAgent,0.04,0,0.69,100,0,0,0,0,0,100,2,0,0,100,0,0,0,0,100,222,2,5,3,4,10,10
"agent BacktrackAgent #21",BacktrackAgent,0.16,0,0.69,100,0,0,0,0,4,100,4,0,0,100,0,0,0,8,100,1488,0,17,0,16,10,10
"agent BacktrackAgent #22",BacktrackAgent,0.07,0,0.69,100,0,1,0,1,4,100,2,0,0,100,0,0,0,0,100,558,1,7,1,7,10,10
"agent BacktrackAgent #23",BacktrackAgent,0.17,0,0.69,100,0,1,0,1,4,100,2,0,0,100,0,0,0,5,100,856,6,14,2,17,10,10
"agent BacktrackAgent #24",BacktrackAgent,0.04,0,0.69,100,0,0,0,0,0,100,2,0,0,100,0,0,0,0,100,218,2,5,3,4,10,10
"agent BacktrackAgent #25",BacktrackAgent,0.16,0,0.69,100,0,0,0,0,4,100,4,0,0,100,0,0,0,8,100,1472,0,17,0,16,10,10
"agent BacktrackAgent #26",BacktrackAgent,0.05,0,0.69,100,0,0,0,0,3,100,2,0,0,100,0,0,0,0,100,338,0,6,1,5,10,10
"agent BacktrackAgent #27",BacktrackAgent,0.09,0,0.69,100,0,0,0,0,0,100,2,0,0,100,0,0,0,5,100,604,2,10,2,9,10,10
"agent BacktrackAgent #28",BacktrackAgent,0.16,0,0.69,100,0,1,0,1,0,100,8,0,0,100,0,0,0,6,100,989,2,11,3,16,10,10
"agent BacktrackAgent #29",BacktrackAgent,0.16,0,0.69,100,0,0,0,0,4,100,4,0,0,100,0,0,0,8,100,1455,0,17,0,16,10,10
"agent BacktrackAgent #30",BacktrackAgent,0.21,0,0.69,100,0,1,0,1,5,100,8,0,0,100,0,0,0,6,100,930,2,14,1,21,10,10
"agent BacktrackAgent #31",BacktrackAgent,0.11,0,0.69,100,0,1,0,1,0,100,3,0,0,100,0,0,0,6,100,1052,2,11,2,11,10,10
"agent BacktrackAgent #32",BacktrackAgent,0.24,0,0.69,100,0,2,0,2,4,100,8,0,0,100,0,0,0,6,100,1131,6,15,3,24,10,10
"agent BacktrackAgent #33",BacktrackAgent,0.16,0,0.69,100,0,0,0,0,4,100,4,0,0,100,0,0,0,8,100,1439,0,17,0,16,10,10
"agent BacktrackAgent #34",BacktrackAgent,0.21,0,0.69,100,0,1,0,1,5,100,8,0,0,100,0,0,0,6,100,906,2,14,1,21,10,10
"agent BacktrackAgent #35",BacktrackAgent,0.09,0,0.69,100,0,0,0,0,0,100,2,0,0,100,0,0,0,5,100,587,2,10,2,9,10,10
"agent BacktrackAgent #36",BacktrackAgent,0.24,0,0.69,100,0,2,0,2,4,100,8,0,0,100,0,0,0,6,100,1105,6,15,3,24,10,10
"agent BacktrackAgent #37",BacktrackAgent,0.16,0,0.69,100,0,0,0,0,4,100,4,0,0,100,0,0,0,8,100,1423,0,17,0,16,10,10
"agent BacktrackAgent #38",BacktrackAgent,0.23,0,0.69,100,0,2,0,2,6,100,8,0,0,100,0,0,0,6,100,1313,3,15,1,23,10,10
"agent BacktrackAgent #39",BacktrackAgent,0.19,0,0.69,100,0,2,0,2,4,100,3,0,0,100,0,0,0,6,100,1322,6,15,2,19,10,10
"agent BacktrackAgent #40",BacktrackAgent,0.24,0,0.69,100,0,2,0,2,4,100,8,0,0,100,0,0,0,6,100,1074,6,15,3,24,10,10
"agent BacktrackAgent #41",BacktrackAgent,0.16,0,0.69,100,0,0,0,0,4,100,4,0,0,100,0,0,0,8,100,1407,0,17,0,16,10,10
"agent BacktrackAgent #42",BacktrackAgent,0.07,0,0.69,100,0,1,0,1,4,100,2,0,0,100,0,0,0,0,100,525,1,7,1,7,10,10
"agent BacktrackAgent #43",BacktrackAgent,0.11,0,0.69,100,0,1,0,1,0,100,3,0,0,100,0,0,0,6,100,1005,2,11,2,11,10,10
"agent BacktrackAgent #44",BacktrackAgent,0.04,0,0.69,100,0,0,0,0,0,100,2,0,0,100,0,0,0,0,100,210,2,5,3,4,10,10
"agent BacktrackAgent #45",BacktrackAgent,0.16,0,0.69,100,0,0,0,0,4,100,4,0,0,100,0,0,0,8,100,1391,0,17,0,16,10,10
"agent BacktrackAgent #46",BacktrackAgent,0.07,0,0.69,100,0,1,0,1,4,100,2,0,0,100,0,0,0,0,100,518,1,7,1,7,10,10
"agent BacktrackAgent #47",BacktrackAgent,0.09,0,0.69,100,0,0,0,0,0,100,2,0,0,100,0,0,0,5,100,568,2,10,2,9,10,10
"agent BacktrackAgent #48",BacktrackAgent,0.04,0,0.69,100,0,0,0,0,0,100,2,0,0,100,0,0,0,0,100,206,2,5,3,4,10,10
"agent BacktrackAgent #49",BacktrackAgent,0.16,0,0.69,100,0,0,0,0,4,100,4,0,0,100,0,0,0,8,100,1375,0,17,0,16,10,10
"agent BacktrackAgent #50",BacktrackAgent,0.05,0,0.69,100,0,0,0,0,3,100,2,0,0,100,0,0,0,0,100,318,0,6,1,5,10,10
"agent BacktrackAgent #51",BacktrackAgent,0.11,0,0.69,100,0,1,0,1,0,100,3,0,0,100,0,0,0,6,100,983,2,11,2,11,10,10
"agent BacktrackAgent #52",BacktrackAgent,0.24,0,0.69,100,0,2,0,2,4,100,8,0,0,100,0,0,0,6,100,1031,6,15,3,24,10,10
"agent BacktrackAgent #53",BacktrackAgent,0.16,0,0.69,100,0,0,0,0,4,100,4,0,0,100,0,0,0,8,100,1359,0,17,0,16,10,10
"agent BacktrackAgent #54",BacktrackAgent,0.21,0,0.69,100,0,1,0,1,5,100,8,0,0,100,0,0,0,6,100,856,2,14,1,21,10,10
"agent BacktrackAgent #55",BacktrackAgent,0.09,0,0.69,100,0,0,0,0,0,100,2,0,0,100,0,0,0,5,100,553,2,10,2,9,10,10
"agent BacktrackAgent #56",BacktrackAgent,0.04,0,0.69,100,0,0,0,0,0,100,2,0,0,100,0,0,0,0,100,201,2,5,3,4,10,10
"agent BacktrackAgent #57",BacktrackAgent,0.16,0,0.69,100,0,0,0,0,4,100,4,0,0,100,0,0,0,8,100,1343,0,17,0,16,10,10
"agent BacktrackAgent #58",BacktrackAgent,0.07,0,0.69,100,0,1,0,1,4,100,2,0,0,100,0,0,0,0,100,501,1,7,1,7,10,10
"agent BacktrackAgent #59",BacktrackAgent,0.11,0,0.69,100,0,1,0,1,0,100,3,0,0,100,0,0,0,6,100,960,2,11,2,11,10,10
"agent BacktrackAgent #60",BacktrackAgent,0.12,0,0.69,100,0,1,0,1,4,100,2,0,0,100,0,0,0,0,100,493,6,9,3,12,10,10
"agent BacktrackAgent #61",BacktrackAgent,0.16,0,0.69,100,0,0,0,0,4,100,4,0,0,100,0,0,0,8,100,1312,0,17,0,16,10,10
"agent BacktrackAgent #62",BacktrackAgent,0.05,0,0.69,100,0,0,0,0,3,100,2,0,0,100,0,0,0,0,100,305,0,6,1,5,10,10
"agent BacktrackAgent #63",BacktrackAgent,0.09,0,0.69,100,0,0,0,0,0,100,2,0,0,100,0,0,0,5,100,541,2,10,2,9,10,10
"agent BacktrackAgent #64",BacktrackAgent,0.16,0,0.69,100,0,1,0,1,0,100,8,0,0,100,0,0,0,6,100,868,2,11,3,16,10,10
"agent BacktrackAgent #65",BacktrackAgent,0.16,0,0.69,100,0,0,0,0,4,100,4,0,0,100,0,0,0,8,100,1295,0,17,0,16,10,10
"agent BacktrackAgent #66",BacktrackAgent,0.05,0,0.69,100,0,0,0,0,3,100,2,0,0,100,0,0,0,0,100,300,0,6,1,5,10,10
"agent BacktrackAgent #67",BacktrackAgent,0.09,0,0.69,100,0,0,0,0,0,100,2,0,0,100,0,0,0,5,100,531,2,10,2,9,10,10
"agent BacktrackAgent #68",BacktrackAgent,0.12,0,0.69,100,0,1,0,1,4,100,2,0,0,100,0,0,0,0,100,478,6,9,3,12,10,10
"agent BacktrackAgent #69",BacktrackAgent,0.16,0,0.69,100,0,0,0,0,4,100,4,0,0,100,0,0,0,8,100,1279,0,17,0,16,10,10
"agent BacktrackAgent #70",BacktrackAgent,0.05,0,0.69,100,0,0,0,0,3,100,2,0,0,100,0,0,0,0,100,291,0,6,1,5,10,10
"agent BacktrackAgent #71",BacktrackAgent,0.09,0,0.69,100,0,0,0,0,0,100,2,0,0,100,0,0,0,5,100,521,2,10,2,9,10,10
"agent BacktrackAgent #72",BacktrackAgent,0.16,0,0.69,100,0,1,0,1,0,100,8,0,0,100,0,0,0,6,100,845,2,11,3,16,10,10
"agent BacktrackAgent #73",BacktrackAgent,0.16,0,0.69,100,0,0,0,0,4,100,4,0,0,100,0,0,0,8,100,1262,0,17,0,16,10,10
"agent BacktrackAgent #74",BacktrackAgent,0.23,0,0.69,100,0,2,0,2,6,100,8,0,0,100,0,0,0,6,100,1203,3,15,1,23,10,10
"agent BacktrackAgent #75",BacktrackAgent,0.09,0,0.69,100,0,0,0,0,0,100,2,0,0,100,0,0,0,5,100,509,2,10,2,9,10,10
"agent BacktrackAgent #76",BacktrackAgent,0.24,0,0.69,100,0,2,0,2,4,100,8,0,0,100,0,0,0,6,100,962,6,15,3,24,10,10
"agent BacktrackAgent #77",BacktrackAgent,0.16,0,0.69,100,0,0,0,0,4,100,4,0,0,100,0,0,0,8,100,1246,0,17,0,16,10,10
"agent BacktrackAgent #78",BacktrackAgent,0.07,0,0.69,100,0,1,0,1,4,100,2,0,0,100,0,0,0,0,100,471,1,7,1,7,10,10
"agent BacktrackAgent #79",BacktrackAgent,0.19,0,0.69,100,0,2,0,2,4,100,3,0,0,100,0,0,0,6,100,1193,6,15,2,19,10,10
"agent BacktrackAgent #80",BacktrackAgent,0.12,0,0.69,100,0,1,0,1,4,100,2,0,0,100,0,0,0,0,100,456,6,9,3,12,10,10
"agent BacktrackAgent #81",BacktrackAgent,0.16,0,0.69,100,0,0,0,0,4,100,4,0,0,100,0,0,0,8,100,1230,0,17,0,16,10,10
"agent BacktrackAgent #82",BacktrackAgent,0.21,0,0.69,100,0,1,0,1,5,100,8,0,0,100,0,0,0,6,100,774,2,14,1,21,10,10
"agent BacktrackAgent #83",BacktrackAgent,0.19,0,0.69,100,0,2,0,2,4,100,3,0,0,100,0,0,0,6,100,1153,6,15,2,19,10,10
"agent BacktrackAgent #84",BacktrackAgent,0.12,0,0.69,100,0,1,0,1,4,100,2,0,0,100,0,0,0,0,100,442,6,9,3,12,10,10
"agent BacktrackAgent #85",BacktrackAgent,0.16,0,0.69,100,0,0,0,0,4,100,4,0,0,100,0,0,0,8,100,1214,0,17,0,16,10,10
"agent BacktrackAgent #86",BacktrackAgent,0.05,0,0.69,100,0,0,0,0,3,100,2,0,0,100,0,0,0,0,100,278,0,6,1,5,10,10
"agent BacktrackAgent #87",BacktrackAgent,0.17,0,0.69,100,0,1,0,1,4,100,2,0,0,100,0,0,0,5,100,712,6,14,2,17,10,10
"agent BacktrackAgent #88",BacktrackAgent,0.04,0,0.69,100,0,0,0,0,0,100,2,0,0,100,0,0,0,0,100,180,2,5,3,4,10,10
"agent BacktrackAgent #89",BacktrackAgent,0.16,0,0.69,100,0,0,0,0,4,100,4,0,0,100,0,0,0,8,100,1198,0,17,0,16,10,10
"agent BacktrackAgent #90",BacktrackAgent,0.23,0,0.69,100,0,2,0,2,6,100,8,0,0,100,0,0,0,6,100,1136,3,15,1,23,10,10
"agent BacktrackAgent #91",BacktrackAgent,0.17,0,0.69,100,0,1,0,1,4,100,2,0,0,100,0,0,0,5,100,693,6,14,2,17,10,10
"agent BacktrackAgent #92",BacktrackAgent,0.12,0,0.69,100,0,1,0,1,4,100,2,0,0,100,0,0,0,0,100,421,6,9,3,12,10,10
"agent BacktrackAgent #93",BacktrackAgent,0.16,0,0.69,100,0,0,0,0,4,100,4,0,0,100,0,0,0,8,100,1182,0,17,0,16,10,10
"agent BacktrackAgent #94",BacktrackAgent,0.23,0,0.69,100,0,2,0,2,6,100,8,0,0,100,0,0,0,6,100,1110,3,15,1,23,10,10
"agent BacktrackAgent #95",BacktrackAgent,0.11,0,0.69,100,0,1,0,1,0,100,3,0,0,100,0,0,0,6,100,854,2,11,2,11,10,10
"agent BacktrackAgent #96",BacktrackAgent,0.16,0,0.69,100,0,1,0,1,0,100,8,0,0,100,0,0,0,6,100,792,2,11,3,16,10,10
"agent BacktrackAgent #97",BacktrackAgent,0.16,0,0.69,100,0,0,0,0,4,100,4,0,0,100,0,0,0,8,100,1165,0,17,0,16,10,10
"agent BacktrackAgent #98",BacktrackAgent,0.07,0,0.69,100,0,1,0,1,4,100,2,0,0,100,0,0,0,0,100,439,1,7,1,7,10,10
"agent BacktrackAgent #99",BacktrackAgent,0.17,0,0.69,100,0,1,0,1,4,100,2,0,0,100,0,0,0,5,100,667,6,14,2,17,10,10
"agent BacktrackAgent #100",BacktrackAgent,0.04,0,0.69,100,0,0,0,0,0,100,2,0,0,100,0,0,0,0,100,240,2,5,3,4,10,10
"agent ForwardAgent #101",ForwardAgent,0.16,0,0.69,100,0,0,0,0,4,100,4,0,0,100,0,0,0,8,100,1134,0,17,0,16,10,10
"agent ForwardAgent #102",ForwardAgent,0.05,0,0.69,100,0,0,0,0,3,100,2,0,0,100,0,0,0,0,100,265,0,6,1,5,10,10
"agent ForwardAgent #103",ForwardAgent,0.11,0,0.69,100,0,1,0,1,0,100,3,0,0,100,0,0,0,6,100,833,2,11,2,11,10,10
"agent ForwardAgent #104",ForwardAgent,0.4,0,0.69,100,0,3,0,3,6,100,14,0,0,100,0,0,0,12,100,1008,8,15,3,40,10,10
"agent ForwardAgent #105",ForwardAgent,0.16,0,0.69,100,0,0,0,0,4,100,4,0,0,100,0,0,0,8,100,1118,0,17,0,16,10,10
"agent ForwardAgent #106",ForwardAgent,0.05,0,0.69,100,0,0,0,0,3,100,2,0,0,100,0,0,0,0,100,260,0,6,1,5,10,10
"agent ForwardAgent #107",ForwardAgent,0.59,0,0.69,100,0,5,0,5,12,100,15,0,0,100,0,0,0,18,100,1266,14,15,2,59,10,10
"agent ForwardAgent #108",ForwardAgent,0.04,0,0.69,100,0,0,0,0,0,100,2,0,0,100,0,0,0,0,100,168,2,5,3,4,10,10
"agent ForwardAgent #109",ForwardAgent,0.16,0,0.69,100,0,0,0,0,4,100,4,0,0,100,0,0,0,8,100,1102,0,17,0,16,10,10
"agent ForwardAgent #110",ForwardAgent,0.29,0,0.69,100,0,2,0,2,9,100,8,0,0,100,0,0,0,6,100,770,6,15,1,29,10,10
"agent ForwardAgent #111",ForwardAgent,0.09,0,0.69,100,0,0,0,0,0,100,2,0,0,100,0,0,0,5,100,456,2,10,2,9,10,10
"agent ForwardAgent #112",ForwardAgent,0.48,0,0.69,100,0,4,0,4,10,100,14,0,0,100,0,0,0,12,100,993,12,15,3,48,10,10
"agent ForwardAgent #113",ForwardAgent,0.16,0,0.69,100,0,0,0,0,4,100,4,0,0,100,0,0,0,8,100,1086,0,17,0,16,10,10
"agent ForwardAgent #114",ForwardAgent,0.05,0,0.69,100,0,0,0,0,3,100,2,0,0,100,0,0,0,0,100,249,0,6,1,5,10,10
"agent ForwardAgent #115",ForwardAgent,0.67,0,0.69,100,0,6,0,6,16,100,15,0,0,100,0,0,0,18,100,1200,18,15,2,67,10,10
"agent ForwardAgent #116",ForwardAgent,0.4,0,0.69,100,0,3,0,3,6,100,14,0,0,100,0,0,0,12,100,919,8,15,3,40,10,10
"agent ForwardAgent #117",ForwardAgent,0.16,0,0.69,100,0,0,0,0,4,100,4,0,0,100,0,0,0,8,100,1070,0,17,0,16,10,10
"agent ForwardAgent #118",ForwardAgent,0.23,0,0.69,100,0,2,0,2,6,100,8,0,0,100,0,0,0,6,100,1025,3,15,1,23,10,10
"agent ForwardAgent #119",ForwardAgent,0.67,0,0.69,100,0,6,0,6,16,100,15,0,0,100,0,0,0,18,100,1126,18,15,2,67,10,10
"agent ForwardAgent #120",ForwardAgent,0.16,0,0.69,100,0,1,0,1,0,100,8,0,0,100,0,0,0,6,100,716,2,11,3,16,10,10
"agent ForwardAgent #121",ForwardAgent,0.16,0,0.69,100,0,0,0,0,4,100,4,0,0,100,0,0,0,8,100,1053,0,17,0,16,10,10
"agent ForwardAgent #122",ForwardAgent,0.21,0,0.69,100,0,1,0,1,5,100,8,0,0,100,0,0,0,6,100,668,2,14,1,21,10,10
"agent ForwardAgent #123",ForwardAgent,0.09,0,0.69,100,0,0,0,0,0,100,2,0,0,100,0,0,0,5,100,438,2,10,2,9,10,10
"agent ForwardAgent #124",ForwardAgent,0.16,0,0.69,100,0,1,0,1,0,100,8,0,0,100,0,0,0,6,100,697,2,11,3,16,10,10
"agent ForwardAgent #125",ForwardAgent,0.16,0,0.69,100,0,0,0,0,4,100,4,0,0,100,0,0,0,8,100,1036,0,17,0,16,10,10
"agent ForwardAgent #126",ForwardAgent,0.23,0,0.69,100,0,2,0,2,6,100,8,0,0,100,0,0,0,6,100,973,3,15,1,23,10,10
"agent ForwardAgent #127",ForwardAgent,0.11,0,0.69,100,0,1,0,1,0,100,3,0,0,100,0,0,0,6,100,761,2,11,2,11,10,10
"agent ForwardAgent #128",ForwardAgent,0.24,0,0.69,100,0,2,0,2,4,100,8,0,0,100,0,0,0,6,100,778,6,15,3,24,10,10
"agent ForwardAgent #129",ForwardAgent,0.16,0,0.69,100,0,0,0,0,4,100,4,0,0,100,0,0,0,8,100,1020,0,17,0,16,10,10
"agent ForwardAgent #130",ForwardAgent,0.07,0,0.69,100,0,1,0,1,4,100,2,0,0,100,0,0,0,0,100,395,1,7,1,7,10,10
"agent ForwardAgent #131",ForwardAgent,0.09,0,0.69,100,0,0,0,0,0,100,2,0,0,100,0,0,0,5,100,422,2,10,2,9,10,10
"agent ForwardAgent #132",ForwardAgent,0.4,0,0.69,100,0,3,0,3,6,100,14,0,0,100,0,0,0,12,100,815,8,15,3,40,10,10
"agent ForwardAgent #133",ForwardAgent,0.16,0,0.69,100,0,0,0,0,4,100,4,0,0,100,0,0,0,8,100,1004,0,17,0,16,10,10
"agent ForwardAgent #134",ForwardAgent,0.23,0,0.69,100,0,2,0,2,6,100,8,0,0,100,0,0,0,6,100,938,3,15,1,23,10,10
"agent ForwardAgent #135",ForwardAgent,0.09,0,0.69,100,0,0,0,0,0,100,2,0,0,100,0,0,0,5,100,410,2,10,2,9,10,10
"agent ForwardAgent #136",ForwardAgent,0.04,0,0.69,100,0,0,0,0,0,100,2,0,0,100,0,0,0,0,100,158,2,5,3,4,10,10
"agent ForwardAgent #137",ForwardAgent,0.16,0,0.69,100,0,0,0,0,4,100,4,0,0,100,0,0,0,8,100,988,0,17,0,16,10,10
"agent ForwardAgent #138",ForwardAgent,0.21,0,0.69,100,0,1,0,1,5,100,8,0,0,100,0,0,0,6,100,628,2,14,1,21,10,10
"agent ForwardAgent #139",ForwardAgent,0.19,0,0.69,100,0,2,0,2,4,100,3,0,0,100,0,0,0,6,100,932,6,15,2,19,10,10
"agent ForwardAgent #140",ForwardAgent,0.04,0,0.69,100,0,0,0,0,0,100,2,0,0,100,0,0,0,0,100,154,2,5,3,4,10,10
"agent ForwardAgent #141",ForwardAgent,0.16,0,0.69,100,0,0,0,0,4,100,4,0,0,100,0,0,0,8,100,972,0,17,0,16,10,10
"agent ForwardAgent #142",ForwardAgent,0.07,0,0.69,100,0,1,0,1,4,100,2,0,0,100,0,0,0,0,100,377,1,7,1,7,10,10
"agent ForwardAgent #143",ForwardAgent,0.11,0,0.69,100,0,1,0,1,0,100,3,0,0,100,0,0,0,6,100,716,2,11,2,11,10,10
"agent ForwardAgent #144",ForwardAgent,0.12,0,0.69,100,0,1,0,1,4,100,2,0,0,100,0,0,0,0,100,366,6,9,3,12,10,10
"agent ForwardAgent #145",ForwardAgent,0.16,0,0.69,100,0,0,0,0,4,100,4,0,0,100,0,0,0,8,100,956,0,17,0,16,10,10
"agent ForwardAgent #146",ForwardAgent,0.07,0,0.69,100,0,1,0,1,4,100,2,0,0,100,0,0,0,0,100,369,1,7,1,7,10,10
"agent ForwardAgent #147",ForwardAgent,0.19,0,0.69,100,0,2,0,2,4,100,3,0,0,100,0,0,0,6,100,902,6,15,2,19,10,10
"agent ForwardAgent #148",ForwardAgent,0.04,0,0.69,100,0,0,0,0,0,100,2,0,0,100,0,0,0,0,100,147,2,5,3,4,10,10
"agent ForwardAgent #149",ForwardAgent,0.16,0,0.69,100,0,0,0,0,4,100,4,0,0,100,0,0,0,8,100,940,0,17,0,16,10,10
"agent ForwardAgent #150",ForwardAgent,0.21,0,0.69,100,0,1,0,1,5,100,8,0,0,100,0,0,0,6,100,592,2,14,1,21,10,10
"agent ForwardAgent #151",ForwardAgent,0.09,0,0.69,100,0,0,0,0,0,100,2,0,0,100,0,0,0,5,100,390,2,10,2,9,10,10
"agent ForwardAgent #152",ForwardAgent,0.04,0,0.69,100,0,0,0,0,0,100,2,0,0,100,0,0,0,0,100,143,2,5,3,4,10,10
"agent ForwardAgent #153",ForwardAgent,0.16,0,0.69,100,0,0,0,0,4,100,4,0,0,100,0,0,0,8,100,924,0,17,0,16,10,10
"agent ForwardAgent #154",ForwardAgent,0.23,0,0.69,100,0,2,0,2,6,100,8,0,0,100,0,0,0,6,100,850,3,15,1,23,10,10
"agent ForwardAgent #155",ForwardAgent,0.11,0,0.69,100,0,1,0,1,0,100,3,0,0,100,0,0,0,6,100,682,2,11,2,11,10,10
"agent ForwardAgent #156",ForwardAgent,0.28,0,0.69,100,0,2,0,2,6,100,8,0,0,100,0,0,0,6,100,473,8,15,3,28,10,10
"agent ForwardAgent #157",ForwardAgent,0.16,0,0.69,100,0,0,0,0,4,100,4,0,0,100,0,0,0,8,100,908,0,17,0,16,10,10
"agent ForwardAgent #158",ForwardAgent,0.29,0,0.69,100,0,2,0,2,9,100,8,0,0,100,0,0,0,6,100,611,6,15,1,29,10,10
"agent ForwardAgent #159",ForwardAgent,0.59,0,0.69,100,0,5,0,5,12,100,15,0,0,100,0,0,0,18,100,927,14,15,2,59,10,10
"agent ForwardAgent #160",ForwardAgent,0.04,0,0.69,100,0,0,0,0,0,100,2,0,0,100,0,0,0,0,100,136,2,5,3,4,10,10
"agent ForwardAgent #161",ForwardAgent,0.16,0,0.69,100,0,0,0,0,4,100,4,0,0,100,0,0,0,8,100,892,0,17,0,16,10,10
"agent ForwardAgent #162",ForwardAgent,0.31,0,0.69,100,0,3,0,3,10,100,8,0,0,100,0,0,0,6,100,839,7,15,1,31,10,10
"agent ForwardAgent #163",ForwardAgent,0.09,0,0.69,100,0,0,0,0,0,100,2,0,0,100,0,0,0,5,100,373,2,10,2,9,10,10
"agent ForwardAgent #164",ForwardAgent,0.04,0,0.69,100,0,0,0,0,0,100,2,0,0,100,0,0,0,0,100,132,2,5,3,4,10,10
"agent ForwardAgent #165",ForwardAgent,0.16,0,0.69,100,0,0,0,0,4,100,4,0,0,100,0,0,0,8,100,876,0,17,0,16,10,10
"agent ForwardAgent #166",ForwardAgent,0.07,0,0.69,100,0,1,0,1,4,100,2,0,0,100,0,0,0,0,100,339,1,7,1,7,10,10
"agent ForwardAgent #167",ForwardAgent,0.09,0,0.69,100,0,0,0,0,0,100,2,0,0,100,0,0,0,5,100,362,2,10,2,9,10,10
"agent ForwardAgent #168",ForwardAgent,0.64,0,0.69,100,0,5,0,5,12,100,20,0,0,100,0,0,0,18,100,796,14,15,3,64,10,10
"agent ForwardAgent #169",ForwardAgent,0.16,0,0.69,100,0,0,0,0,4,100,4,0,0,100,0,0,0,8,100,860,0,17,0,16,10,10
"agent ForwardAgent #170",ForwardAgent,0.07,0,0.69,100,0,1,0,1,4,100,2,0,0,100,0,0,0,0,100,332,1,7,1,7,10,10
"agent ForwardAgent #171",ForwardAgent,0.11,0,0.69,100,0,1,0,1,0,100,3,0,0,100,0,0,0,6,100,638,2,11,2,11,10,10
"agent ForwardAgent #172",ForwardAgent,0.88,0,0.69,100,0,7,0,7,18,100,26,0,0,100,0,0,0,24,100,731,20,15,3,88,10,10
"agent ForwardAgent #173",ForwardAgent,0.16,0,0.69,100,0,0,0,0,4,100,4,0,0,100,0,0,0,8,100,844,0,17,0,16,10,10
"agent ForwardAgent #174",ForwardAgent,0.05,0,0.69,100,0,0,0,0,3,100,2,0,0,100,0,0,0,0,100,204,0,6,1,5,10,10
"agent ForwardAgent #175",ForwardAgent,0.11,0,0.69,100,0,1,0,1,0,100,3,0,0,100,0,0,0,6,100,626,2,11,2,11,10,10
"agent ForwardAgent #176",ForwardAgent,0.24,0,0.69,100,0,2,0,2,4,100,8,0,0,100,0,0,0,6,100,648,6,15,3,24,10,10
"agent ForwardAgent #177",ForwardAgent,0.16,0,0.69,100,0,0,0,0,4,100,4,0,0,100,0,0,0,8,100,828,0,17,0,16,10,10
"agent ForwardAgent #178",ForwardAgent,0.05,0,0.69,100,0,0,0,0,3,100,2,0,0,100,0,0,0,0,100,199,0,6,1,5,10,10
"agent ForwardAgent #179",ForwardAgent,0.17,0,0.69,100,0,1,0,1,4,100,2,0,0,100,0,0,0,5,100,516,6,14,2,17,10,10
"agent ForwardAgent #180",ForwardAgent,0.28,0,0.69,100,0,2,0,2,6,100,8,0,0,100,0,0,0,6,100,413,8,15,3,28,10,10
"agent ForwardAgent #181",ForwardAgent,0.16,0,0.69,100,0,0,0,0,4,100,4,0,0,100,0,0,0,8,100,812,0,17,0,16,10,10
"agent ForwardAgent #182",ForwardAgent,0.07,0,0.69,100,0,1,0,1,4,100,2,0,0,100,0,0,0,0,100,314,1,7,1,7,10,10
"agent ForwardAgent #183",ForwardAgent,0.19,0,0.69,100,0,2,0,2,4,100,3,0,0,100,0,0,0,6,100,775,6,15,2,19,10,10
"agent ForwardAgent #184",ForwardAgent,0.64,0,0.69,100,0,5,0,5,12,100,20,0,0,100,0,0,0,18,100,635,14,15,3,64,10,10
"agent ForwardAgent #185",ForwardAgent,0.16,0,0.69,100,0,0,0,0,4,100,4,0,0,100,0,0,0,8,100,796,0,17,0,16,10,10
"agent ForwardAgent #186",ForwardAgent,0.05,0,0.69,100,0,0,0,0,3,100,2,0,0,100,0,0,0,0,100,192,0,6,1,5,10,10
"agent ForwardAgent #187",ForwardAgent,0.09,0,0.69,100,0,0,0,0,0,100,2,0,0,100,0,0,0,5,100,334,2,10,2,9,10,10
"agent ForwardAgent #188",ForwardAgent,0.4,0,0.69,100,0,3,0,3,6,100,14,0,0,100,0,0,0,12,100,588,8,15,3,40,10,10
"agent ForwardAgent #189",ForwardAgent,0.16,0,0.69,100,0,0,0,0,4,100,4,0,0,100,0,0,0,8,100,780,0,17,0,16,10,10
"agent ForwardAgent #190",ForwardAgent,0.21,0,0.69,100,0,1,0,1,5,100,8,0,0,100,0,0,0,6,100,494,2,14,1,21,10,10
"agent ForwardAgent #191",ForwardAgent,0.17,0,0.69,100,0,1,0,1,4,100,2,0,0,100,0,0,0,5,100,479,6,14,2,17,10,10
"agent ForwardAgent #192",ForwardAgent,0.36,0,0.69,100,0,3,0,3,10,100,8,0,0,100,0,0,0,6,100,382,12,15,3,36,10,10
"agent ForwardAgent #193",ForwardAgent,0.16,0,0.69,100,0,0,0,0,4,100,4,0,0,100,0,0,0,8,100,764,0,17,0,16,10,10
"agent ForwardAgent #194",ForwardAgent,0.07,0,0.69,100,0,1,0,1,4,100,2,0,0,100,0,0,0,0,100,296,1,7,1,7,10,10
"agent ForwardAgent #195",ForwardAgent,0.33,0,0.69,100,0,2,0,2,6,100,8,0,0,100,0,0,0,11,100,524,8,15,2,33,10,10
"agent ForwardAgent #196",ForwardAgent,0.04,0,0.69,100,0,0,0,0,0,100,2,0,0,100,0,0,0,0,100,117,2,5,3,4,10,10
"agent ForwardAgent #197",ForwardAgent,0.16,0,0.69,100,0,0,0,0,4,100,4,0,0,100,0,0,0,8,100,748,0,17,0,16,10,10
"agent ForwardAgent #198",ForwardAgent,0.05,0,0.69,100,0,0,0,0,3,100,2,0,0,100,0,0,0,0,100,179,0,6,1,5,10,10
"agent ForwardAgent #199",ForwardAgent,0.11,0,0.69,100,0,1,0,1,0,100,3,0,0,100,0,0,0,6,100,564,2,11,2,11,10,10
"agent ForwardAgent #200",ForwardAgent,0.04,0,0.69,100,0,0,0,0,0,100,2,0,0,100,0,0,0,0,100,113,2,5,3,4,10,10
"agent NegotiatingAgent #201",NegotiatingAgent,0.16,0,0.69,100,17,0,0,0,4,100,4,34,20,100,0,0,0,8,100,154,0,17,0,16,10,10
"agent NegotiatingAgent #202",NegotiatingAgent,0.05,0,0.69,100,4,0,0,0,3,100,2,8,9,100,0,0,0,0,100,147,0,6,1,5,10,10
"agent NegotiatingAgent #203",NegotiatingAgent,0.17,1,0.69,100,15,1,0,1,4,100,2,29,30,100,0,0,0,5,100,319,6,14,2,17,10,10
"agent NegotiatingAgent #204",NegotiatingAgent,0.24,19,0.69,100,25,2,0,2,4,100,8,51,41,100,0,0,0,6,100,187,6,15,3,24,10,10
"agent NegotiatingAgent #205",NegotiatingAgent,0.16,0,0.69,100,11,0,0,0,4,100,4,24,25,100,0,0,0,8,100,437,0,17,0,16,10,10
"agent NegotiatingAgent #206",NegotiatingAgent,0.05,0,0.69,100,0,0,0,0,3,100,2,3,3,100,0,1,0,0,100,168,0,6,1,5,10,10
"agent NegotiatingAgent #207",NegotiatingAgent,0.19,12,0.69,100,15,2,0,2,4,100,3,31,33,100,0,0,0,6,100,507,6,15,2,19,10,10
"agent NegotiatingAgent #208",NegotiatingAgent,0.04,0,0.69,100,0,0,0,0,0,100,2,1,2,100,0,0,0,0,100,108,2,5,3,4,10,10
"agent NegotiatingAgent #209",NegotiatingAgent,0.16,0,0.69,100,7,0,0,0,4,100,4,22,19,100,0,2,0,8,100,471,0,17,0,16,10,10
"agent NegotiatingAgent #210",NegotiatingAgent,0.05,0,0.69,100,1,0,0,0,3,100,2,3,4,100,0,0,0,0,100,161,0,6,1,5,10,10
"agent NegotiatingAgent #211",NegotiatingAgent,0.17,4,0.69,100,2,1,0,1,4,100,2,12,14,100,0,3,0,5,100,424,6,14,2,17,10,10
"agent NegotiatingAgent #212",NegotiatingAgent,0.12,4,0.69,100,10,1,0,1,4,100,2,22,23,100,0,0,0,0,100,214,6,9,3,12,10,10
"agent NegotiatingAgent #213",NegotiatingAgent,0.16,0,0.69,100,6,0,0,0,4,100,4,18,19,100,0,0,0,8,100,511,0,17,0,16,10,10
"agent NegotiatingAgent #214",NegotiatingAgent,0.07,2,0.69,100,2,1,0,1,4,100,2,5,6,100,0,0,0,0,100,267,1,7,1,7,10,10
"agent NegotiatingAgent #215",NegotiatingAgent,0.19,4,0.69,100,9,2,0,2,4,100,3,26,27,100,0,0,0,6,100,455,6,15,2,19,10,10
"agent NegotiatingAgent #216",NegotiatingAgent,0.24,13,0.69,100,11,2,0,2,4,100,8,31,29,100,0,1,0,6,100,456,6,15,3,24,10,10
"agent NegotiatingAgent #217",NegotiatingAgent,0.16,0,0.69,100,0,0,0,0,4,100,4,14,9,100,0,5,0,8,100,701,0,17,0,16,10,10
"agent NegotiatingAgent #218",NegotiatingAgent,0.07,3,0.69,100,3,1,0,1,4,100,2,9,9,100,0,1,0,0,100,261,1,7,1,7,10,10
"agent NegotiatingAgent #219",NegotiatingAgent,0.19,0,0.69,100,0,2,0,2,4,100,3,18,17,100,0,1,0,6,100,635,6,15,2,19,10,10
"agent NegotiatingAgent #220",NegotiatingAgent,0.04,0,0.69,100,0,0,0,0,0,100,2,2,2,100,0,0,0,0,100,100,2,5,3,4,10,10
"agent NegotiatingAgent #221",NegotiatingAgent,0.16,0,0.69,100,0,0,0,0,4,100,4,12,11,100,0,3,0,8,100,685,0,17,0,16,10,10
"agent NegotiatingAgent #222",NegotiatingAgent,0.23,4,0.69,100,9,2,0,2,6,100,8,31,30,100,0,0,0,6,100,272,3,15,1,23,10,10
"agent NegotiatingAgent #223",NegotiatingAgent,0.17,0,0.69,100,3,1,0,1,4,100,2,17,16,100,0,2,0,5,100,389,6,14,2,17,10,10
"agent NegotiatingAgent #224",NegotiatingAgent,0.16,0,0.69,100,9,1,0,1,0,100,8,22,23,100,0,0,0,6,100,289,2,11,3,16,10,10
"agent NegotiatingAgent #225",NegotiatingAgent,0.16,0,0.69,100,9,0,0,0,4,100,4,20,17,100,0,0,0,8,100,466,0,17,0,16,10,10
"agent NegotiatingAgent #226",NegotiatingAgent,0.23,2,0.69,100,2,2,0,2,6,100,8,21,23,100,0,0,0,6,100,611,3,15,1,23,10,10
"agent NegotiatingAgent #227",NegotiatingAgent,0.17,0,0.69,100,11,1,0,1,4,100,2,26,24,100,0,0,0,5,100,236,6,14,2,17,10,10
"agent NegotiatingAgent #228",NegotiatingAgent,0.04,0,0.69,100,0,0,0,0,0,100,2,2,2,100,0,0,0,0,100,95,2,5,3,4,10,10
"agent NegotiatingAgent #229",NegotiatingAgent,0.16,0,0.69,100,0,0,0,0,4,100,4,14,13,100,0,1,0,8,100,661,0,17,0,16,10,10
"agent NegotiatingAgent #230",NegotiatingAgent,0.23,0,0.69,100,0,2,0,2,6,100,8,22,19,100,0,3,0,6,100,592,3,15,1,23,10,10
"agent NegotiatingAgent #231",NegotiatingAgent,0.09,0,0.69,100,0,0,0,0,0,100,2,8,8,100,0,0,0,5,100,261,2,10,2,9,10,10
"agent NegotiatingAgent #232",NegotiatingAgent,0.04,0,0.69,100,0,0,0,0,0,100,2,1,2,100,0,0,0,0,100,91,2,5,3,4,10,10
"agent NegotiatingAgent #233",NegotiatingAgent,0.16,0,0.69,100,0,0,0,0,4,100,4,14,12,100,0,2,0,8,100,645,0,17,0,16,10,10
"agent NegotiatingAgent #234",NegotiatingAgent,0.23,0,0.69,100,0,2,0,2,6,100,8,22,18,100,0,4,0,6,100,567,3,15,1,23,10,10
"agent NegotiatingAgent #235",NegotiatingAgent,0.09,0,0.69,100,0,0,0,0,0,100,2,8,7,100,0,1,0,5,100,250,2,10,2,9,10,10
"agent NegotiatingAgent #236",NegotiatingAgent,0.24,0,0.69,100,0,2,0,2,4,100,8,22,19,100,0,3,0,6,100,466,6,15,3,24,10,10
"agent NegotiatingAgent #237",NegotiatingAgent,0.16,0,0.69,100,9,0,0,0,4,100,4,24,18,100,0,0,0,8,100,240,0,17,0,16,10,10
"agent NegotiatingAgent #238",NegotiatingAgent,0.07,0,0.69,100,0,1,0,1,4,100,2,6,6,100,0,0,0,0,100,232,1,7,1,7,10,10
"agent NegotiatingAgent #239",NegotiatingAgent,0.09,0,0.69,100,0,0,0,0,0,100,2,8,7,100,0,1,0,5,100,238,2,10,2,9,10,10
"agent NegotiatingAgent #240",NegotiatingAgent,0.16,0,0.69,100,0,1,0,1,0,100,8,14,13,100,0,1,0,6,100,431,2,11,3,16,10,10
"agent NegotiatingAgent #241",NegotiatingAgent,0.16,0,0.69,100,0,0,0,0,4,100,4,14,14,100,0,0,0,8,100,624,0,17,0,16,10,10
"agent NegotiatingAgent #242",NegotiatingAgent,0.07,0,0.69,100,3,1,0,1,4,100,2,8,9,100,0,0,0,0,100,184,1,7,1,7,10,10
"agent NegotiatingAgent #243",NegotiatingAgent,0.19,0,0.69,100,0,2,0,2,4,100,3,18,17,100,0,1,0,6,100,548,6,15,2,19,10,10
"agent NegotiatingAgent #244",NegotiatingAgent,0.24,0,0.69,100,0,2,0,2,4,100,8,22,21,100,0,1,0,6,100,424,6,15,3,24,10,10
"agent NegotiatingAgent #245",NegotiatingAgent,0.16,0,0.69,100,0,0,0,0,4,100,4,14,14,100,0,0,0,8,100,608,0,17,0,16,10,10
"agent NegotiatingAgent #246",NegotiatingAgent,0.21,0,0.69,100,0,1,0,1,5,100,8,19,18,100,0,1,0,6,100,371,2,14,1,21,10,10
"agent NegotiatingAgent #247",NegotiatingAgent,0.11,2,0.69,100,5,1,0,1,0,100,3,12,13,100,0,0,0,6,100,304,2,11,2,11,10,10
"agent NegotiatingAgent #248",NegotiatingAgent,0.04,0,0.69,100,0,0,0,0,0,100,2,2,2,100,0,0,0,0,100,84,2,5,3,4,10,10
"agent NegotiatingAgent #249",NegotiatingAgent,0.16,0,0.69,100,0,0,0,0,4,100,4,14,14,100,0,0,0,8,100,592,0,17,0,16,10,10
"agent NegotiatingAgent #250",NegotiatingAgent,0.05,0,0.69,100,0,0,0,0,3,100,2,4,4,100,0,0,0,0,100,135,0,6,1,5,10,10
"agent NegotiatingAgent #251",NegotiatingAgent,0.17,0,0.69,100,0,1,0,1,4,100,2,15,15,100,0,0,0,5,100,324,6,14,2,17,10,10
"agent NegotiatingAgent #252",NegotiatingAgent,0.04,0,0.69,100,0,0,0,0,0,100,2,2,2,100,0,0,0,0,100,80,2,5,3,4,10,10
"agent NegotiatingAgent #253",NegotiatingAgent,0.16,0,0.69,100,0,0,0,0,4,100,4,14,14,100,0,0,0,8,100,576,0,17,0,16,10,10
"agent NegotiatingAgent #254",NegotiatingAgent,0.21,0,0.69,100,7,1,0,1,5,100,8,26,26,100,0,0,0,6,100,198,2,14,1,21,10,10
"agent NegotiatingAgent #255",NegotiatingAgent,0.19,0,0.69,100,0,2,0,2,4,100,3,18,17,100,0,1,0,6,100,502,6,15,2,19,10,10
"agent NegotiatingAgent #256",NegotiatingAgent,0.12,0,0.69,100,0,1,0,1,4,100,2,9,10,100,0,0,0,0,100,207,6,9,3,12,10,10
"agent NegotiatingAgent #257",NegotiatingAgent,0.16,0,0.69,100,0,0,0,0,4,100,4,14,13,100,0,1,0,8,100,560,0,17,0,16,10,10
"agent NegotiatingAgent #258",NegotiatingAgent,0.05,0,0.69,100,0,0,0,0,3,100,2,4,4,100,0,0,0,0,100,123,0,6,1,5,10,10
"agent NegotiatingAgent #259",NegotiatingAgent,0.11,0,0.69,100,0,1,0,1,0,100,3,10,10,100,0,0,0,6,100,410,2,11,2,11,10,10
"agent NegotiatingAgent #260",NegotiatingAgent,0.04,0,0.69,100,0,0,0,0,0,100,2,2,2,100,0,0,0,0,100,73,2,5,3,4,10,10
"agent NegotiatingAgent #261",NegotiatingAgent,0.16,0,0.69,100,0,0,0,0,4,100,4,14,14,100,0,0,0,8,100,544,0,17,0,16,10,10
"agent NegotiatingAgent #262",NegotiatingAgent,0.23,0,0.69,100,0,2,0,2,6,100,8,22,21,100,0,1,0,6,100,473,3,15,1,23,10,10
"agent NegotiatingAgent #263",NegotiatingAgent,0.17,0,0.69,100,0,1,0,1,4,100,2,15,14,100,0,1,0,5,100,299,6,14,2,17,10,10
"agent NegotiatingAgent #264",NegotiatingAgent,0.24,0,0.69,100,0,2,0,2,4,100,8,22,22,100,0,0,0,6,100,377,6,15,3,24,10,10
"agent NegotiatingAgent #265",NegotiatingAgent,0.16,0,0.69,100,0,0,0,0,4,100,4,14,14,100,0,0,0,8,100,528,0,17,0,16,10,10
"agent NegotiatingAgent #266",NegotiatingAgent,0.07,0,0.69,100,0,1,0,1,4,100,2,6,6,100,0,0,0,0,100,194,1,7,1,7,10,10
"agent NegotiatingAgent #267",NegotiatingAgent,0.09,0,0.69,100,0,0,0,0,0,100,2,8,7,100,0,1,0,5,100,196,2,10,2,9,10,10
"agent NegotiatingAgent #268",NegotiatingAgent,0.04,0,0.69,100,0,0,0,0,0,100,2,2,2,100,0,0,0,0,100,68,2,5,3,4,10,10
"agent NegotiatingAgent #269",NegotiatingAgent,0.16,0,0.69,100,0,0,0,0,4,100,4,14,14,100,0,0,0,8,100,512,0,17,0,16,10,10
"agent NegotiatingAgent #270",NegotiatingAgent,0.21,0,0.69,100,0,1,0,1,5,100,8,19,18,100,0,1,0,6,100,313,2,14,1,21,10,10
"agent NegotiatingAgent #271",NegotiatingAgent,0.17,0,0.69,100,0,1,0,1,4,100,2,15,14,100,0,1,0,5,100,268,6,14,2,17,10,10
"agent NegotiatingAgent #272",NegotiatingAgent,0.24,0,0.69,100,0,2,0,2,4,100,8,22,21,100,0,1,0,6,100,348,6,15,3,24,10,10
"agent NegotiatingAgent #273",NegotiatingAgent,0.16,0,0.69,100,0,0,0,0,4,100,4,14,14,100,0,0,0,8,100,496,0,17,0,16,10,10
"agent NegotiatingAgent #274",NegotiatingAgent,0.23,0,0.69,100,0,2,0,2,6,100,8,22,20,100,0,2,0,6,100,415,3,15,1,23,10,10
"agent NegotiatingAgent #275",NegotiatingAgent,0.17,0,0.69,100,0,1,0,1,4,100,2,15,15,100,0,0,0,5,100,247,6,14,2,17,10,10
"agent NegotiatingAgent #276",NegotiatingAgent,0.12,0,0.69,100,0,1,0,1,4,100,2,10,10,100,0,0,0,0,100,177,6,9,3,12,10,10
"agent NegotiatingAgent #277",NegotiatingAgent,0.16,0,0.69,100,0,0,0,0,4,100,4,14,14,100,0,0,0,8,100,480,0,17,0,16,10,10
"agent NegotiatingAgent #278",NegotiatingAgent,0.05,0,0.69,100,0,0,0,0,3,100,2,4,4,100,0,0,0,0,100,106,0,6,1,5,10,10
"agent NegotiatingAgent #279",NegotiatingAgent,0.11,0,0.69,100,0,1,0,1,0,100,3,10,10,100,0,0,0,6,100,355,2,11,2,11,10,10
"agent NegotiatingAgent #280",NegotiatingAgent,0.16,0,0.69,100,3,1,0,1,0,100,8,14,15,100,0,0,0,6,100,218,2,11,3,16,10,10
"agent NegotiatingAgent #281",NegotiatingAgent,0.16,0,0.69,100,0,0,0,0,4,100,4,14,14,100,0,0,0,8,100,464,0,17,0,16,10,10
"agent NegotiatingAgent #282",NegotiatingAgent,0.05,0,0.69,100,0,0,0,0,3,100,2,4,4,100,0,0,0,0,100,101,0,6,1,5,10,10
"agent NegotiatingAgent #283",NegotiatingAgent,0.19,0,0.69,100,0,2,0,2,4,100,3,18,18,100,0,0,0,6,100,388,6,15,2,19,10,10
"agent NegotiatingAgent #284",NegotiatingAgent,0.24,0,0.69,100,0,2,0,2,4,100,8,22,21,100,0,1,0,6,100,307,6,15,3,24,10,10
"agent NegotiatingAgent #285",NegotiatingAgent,0.16,0,0.69,100,0,0,0,0,4,100,4,14,14,100,0,0,0,8,100,448,0,17,0,16,10,10
"agent NegotiatingAgent #286",NegotiatingAgent,0.23,0,0.69,100,0,2,0,2,6,100,8,22,21,100,0,1,0,6,100,372,3,15,1,23,10,10
"agent NegotiatingAgent #287",NegotiatingAgent,0.17,0,0.69,100,0,1,0,1,4,100,2,15,14,100,0,1,0,5,100,217,6,14,2,17,10,10
"agent NegotiatingAgent #288",NegotiatingAgent,0.04,0,0.69,100,0,0,0,0,0,100,2,2,2,100,0,0,0,0,100,58,2,5,3,4,10,10
"agent NegotiatingAgent #289",NegotiatingAgent,0.16,0,0.69,100,0,0,0,0,4,100,4,14,13,100,0,1,0,8,100,432,0,17,0,16,10,10
"agent NegotiatingAgent #290",NegotiatingAgent,0.07,0,0.69,100,0,1,0,1,4,100,2,6,6,100,0,0,0,0,100,159,1,7,1,7,10,10
"agent NegotiatingAgent #291",NegotiatingAgent,0.19,0,0.69,100,0,2,0,2,4,100,3,18,17,100,0,1,0,6,100,348,6,15,2,19,10,10
"agent NegotiatingAgent #292",NegotiatingAgent,0.12,0,0.69,100,0,1,0,1,4,100,2,10,10,100,0,0,0,0,100,151,6,9,3,12,10,10
"agent NegotiatingAgent #293",NegotiatingAgent,0.16,0,0.69,100,0,0,0,0,4,100,4,14,12,100,0,2,0,8,100,416,0,17,0,16,10,10
"agent NegotiatingAgent #294",NegotiatingAgent,0.23,1,0.69,100,1,2,0,2,6,100,8,21,22,100,0,0,0,6,100,284,3,15,1,23,10,10
"agent NegotiatingAgent #295",NegotiatingAgent,0.19,0,0.69,100,1,2,0,2,4,100,3,17,18,100,0,0,0,6,100,326,6,15,2,19,10,10
"agent NegotiatingAgent #296",NegotiatingAgent,0.24,0,0.69,100,0,2,0,2,4,100,8,22,21,100,0,1,0,6,100,267,6,15,3,24,10,10
"agent NegotiatingAgent #297",NegotiatingAgent,0.16,0,0.69,100,0,0,0,0,4,100,4,14,14,100,0,0,0,8,100,400,0,17,0,16,10,10
"agent NegotiatingAgent #298",NegotiatingAgent,0.23,0,0.69,100,0,2,0,2,6,100,8,21,21,100,0,1,0,6,100,326,3,15,1,23,10,10
"agent NegotiatingAgent #299",NegotiatingAgent,0.11,0,0.69,100,0,1,0,1,0,100,3,10,10,100,0,0,0,6,100,296,2,11,2,11,10,10
"agent NegotiatingAgent #300",NegotiatingAgent,0.12,0,0.69,100,0,1,0,1,4,100,2,10,9,100,0,1,0,0,100,133,6,9,3,12,10,10
"agent SwarmAgent #301",SwarmAgent,0.16,0,0.69,100,0,0,0,0,4,100,4,0,0,100,0,0,0,8,100,384,0,17,0,16,10,10
"agent SwarmAgent #302",SwarmAgent,0.21,0,0.69,100,0,1,0,2,6,100,7,0,0,100,0,0,0,5,100,330,3,14,1,21,10,10
"agent SwarmAgent #303",SwarmAgent,0.15,0,0.69,100,0,0,0,1,3,100,2,0,0,100,0,0,0,5,100,213,5,13,2,15,10,10
"agent SwarmAgent #304",SwarmAgent,0.14,0,0.69,100,0,0,0,1,0,100,7,0,0,100,0,0,0,5,100,239,2,10,3,14,10,10
"agent SwarmAgent #305",SwarmAgent,0.16,0,0.69,100,0,0,0,0,4,100,4,0,0,100,0,0,0,8,100,368,0,17,0,16,10,10
"agent SwarmAgent #306",SwarmAgent,0.07,0,0.69,100,0,1,0,1,4,100,2,0,0,100,0,0,0,0,100,132,1,7,1,7,10,10
"agent SwarmAgent #307",SwarmAgent,0.11,0,0.69,100,0,1,0,1,0,100,3,0,0,100,0,0,0,6,100,273,2,11,2,11,10,10
"agent SwarmAgent #308",SwarmAgent,0.04,0,0.69,100,0,0,0,0,0,100,2,0,0,100,0,0,0,0,100,46,2,5,3,4,10,10
"agent SwarmAgent #309",SwarmAgent,0.16,0,0.69,100,0,0,0,0,4,100,4,0,0,100,0,0,0,8,100,352,0,17,0,16,10,10
"agent SwarmAgent #310",SwarmAgent,0.05,0,0.69,100,0,0,0,0,3,100,2,0,0,100,0,0,0,0,100,84,0,6,1,5,10,10
"agent SwarmAgent #311",SwarmAgent,0.09,0,0.69,100,0,0,0,0,0,100,2,0,0,100,0,0,0,5,100,128,2,10,2,9,10,10
"agent SwarmAgent #312",SwarmAgent,0.1,0,0.69,100,0,0,0,1,3,100,2,0,0,100,0,0,0,0,100,93,5,8,3,10,10,10
"agent SwarmAgent #313",SwarmAgent,0.16,0,0.69,100,0,0,0,0,4,100,4,0,0,100,0,0,0,8,100,336,0,17,0,16,10,10
"agent SwarmAgent #314",SwarmAgent,0.05,0,0.69,100,0,0,0,0,3,100,2,0,0,100,0,0,0,0,100,78,0,6,1,5,10,10
"agent SwarmAgent #315",SwarmAgent,0.15,0,0.69,100,0,0,0,1,3,100,2,0,0,100,0,0,0,5,100,183,5,13,2,15,10,10
"agent SwarmAgent #316",SwarmAgent,0.04,0,0.69,100,0,0,0,0,0,100,2,0,0,100,0,0,0,0,100,39,2,5,3,4,10,10
"agent SwarmAgent #317",SwarmAgent,0.16,0,0.69,100,0,0,0,0,4,100,4,0,0,100,0,0,0,8,100,320,0,17,0,16,10,10
"agent SwarmAgent #318",SwarmAgent,0.21,0,0.69,100,0,1,0,2,6,100,7,0,0,100,0,0,0,5,100,283,3,14,1,21,10,10
"agent SwarmAgent #319",SwarmAgent,0.11,0,0.69,100,0,1,0,1,0,100,3,0,0,100,0,0,0,6,100,240,2,11,2,11,10,10
"agent SwarmAgent #320",SwarmAgent,0.14,0,0.69,100,0,0,0,1,0,100,7,0,0,100,0,0,0,5,100,217,2,10,3,14,10,10
"agent SwarmAgent #321",SwarmAgent,0.16,0,0.69,100,0,0,0,0,4,100,4,0,0,100,0,0,0,8,100,304,0,17,0,16,10,10
"agent SwarmAgent #322",SwarmAgent,0.19,0,0.69,100,0,0,0,1,5,100,7,0,0,100,0,0,0,5,100,165,2,13,1,19,10,10
"agent SwarmAgent #323",SwarmAgent,0.15,0,0.69,100,0,0,0,1,3,100,2,0,0,100,0,0,0,5,100,160,5,13,2,15,10,10
"agent SwarmAgent #324",SwarmAgent,0.1,0,0.69,100,0,0,0,1,3,100,2,0,0,100,0,0,0,0,100,74,5,8,3,10,10,10
"agent SwarmAgent #325",SwarmAgent,0.16,0,0.69,100,0,0,0,0,4,100,4,0,0,100,0,0,0,8,100,288,0,17,0,16,10,10
"agent SwarmAgent #326",SwarmAgent,0.07,0,0.69,100,0,1,0,1,4,100,2,0,0,100,0,0,0,0,100,102,1,7,1,7,10,10
"agent SwarmAgent #327",SwarmAgent,0.11,0,0.69,100,0,1,0,1,0,100,3,0,0,100,0,0,0,6,100,215,2,11,2,11,10,10
"agent SwarmAgent #328",SwarmAgent,0.14,0,0.69,100,0,0,0,1,0,100,7,0,0,100,0,0,0,5,100,199,2,10,3,14,10,10
"agent SwarmAgent #329",SwarmAgent,0.16,0,0.69,100,0,0,0,0,4,100,4,0,0,100,0,0,0,8,100,272,0,17,0,16,10,10
"agent SwarmAgent #330",SwarmAgent,0.05,0,0.69,100,0,0,0,0,3,100,2,0,0,100,0,0,0,0,100,64,0,6,1,5,10,10
"agent SwarmAgent #331",SwarmAgent,0.15,0,0.69,100,0,0,0,1,3,100,2,0,0,100,0,0,0,5,100,138,5,13,2,15,10,10
"agent SwarmAgent #332",SwarmAgent,0.14,0,0.69,100,0,0,0,1,0,100,7,0,0,100,0,0,0,5,100,184,2,10,3,14,10,10
"agent SwarmAgent #333",SwarmAgent,0.16,0,0.69,100,0,0,0,0,4,100,4,0,0,100,0,0,0,8,100,256,0,17,0,16,10,10
"agent SwarmAgent #334",SwarmAgent,0.05,0,0.69,100,0,0,0,0,3,100,2,0,0,100,0,0,0,0,100,59,0,6,1,5,10,10
"agent SwarmAgent #335",SwarmAgent,0.09,0,0.69,100,0,0,0,0,0,100,2,0,0,100,0,0,0,5,100,84,2,10,2,9,10,10
"agent SwarmAgent #336",SwarmAgent,0.14,0,0.69,100,0,0,0,1,0,100,7,0,0,100,0,0,0,5,100,169,2,10,3,14,10,10
"agent SwarmAgent #337",SwarmAgent,0.16,0,0.69,100,0,0,0,0,4,100,4,0,0,100,0,0,0,8,100,240,0,17,0,16,10,10
"agent SwarmAgent #338",SwarmAgent,0.05,0,0.69,100,0,0,0,0,3,100,2,0,0,100,0,0,0,0,100,54,0,6,1,5,10,10
"agent SwarmAgent #339",SwarmAgent,0.11,0,0.69,100,0,1,0,1,0,100,3,0,0,100,0,0,0,6,100,183,2,11,2,11,10,10
"agent SwarmAgent #340",SwarmAgent,0.14,0,0.69,100,0,0,0,1,0,100,7,0,0,100,0,0,0,5,100,154,2,10,3,14,10,10
"agent SwarmAgent #341",SwarmAgent,0.16,0,0.69,100,0,0,0,0,4,100,4,0,0,100,0,0,0,8,100,224,0,17,0,16,10,10
"agent SwarmAgent #342",SwarmAgent,0.05,0,0.69,100,0,0,0,0,3,100,2,0,0,100,0,0,0,0,100,49,0,6,1,5,10,10
"agent SwarmAgent #343",SwarmAgent,0.11,0,0.69,100,0,1,0,1,0,100,3,0,0,100,0,0,0,6,100,171,2,11,2,11,10,10
"agent SwarmAgent #344",SwarmAgent,0.14,0,0.69,100,0,0,0,1,0,100,7,0,0,100,0,0,0,5,100,139,2,10,3,14,10,10
"agent SwarmAgent #345",SwarmAgent,0.16,0,0.69,100,0,0,0,0,4,100,4,0,0,100,0,0,0,8,100,208,0,17,0,16,10,10
"agent SwarmAgent #346",SwarmAgent,0.05,0,0.69,100,0,0,0,0,3,100,2,0,0,100,0,0,0,0,100,44,0,6,1,5,10,10
"agent SwarmAgent #347",SwarmAgent,0.15,0,0.69,100,0,0,0,1,3,100,2,0,0,100,0,0,0,5,100,101,5,13,2,15,10,10
"agent SwarmAgent #348",SwarmAgent,0.1,0,0.69,100,0,0,0,1,3,100,2,0,0,100,0,0,0,0,100,49,5,8,3,10,10,10
"agent SwarmAgent #349",SwarmAgent,0.16,0,0.69,100,0,0,0,0,4,100,4,0,0,100,0,0,0,8,100,192,0,17,0,16,10,10
"agent SwarmAgent #350",SwarmAgent,0.07,0,0.69,100,0,1,0,1,4,100,2,0,0,100,0,0,0,0,100,69,1,7,1,7,10,10
"agent SwarmAgent #351",SwarmAgent,0.09,0,0.69,100,0,0,0,0,0,100,2,0,0,100,0,0,0,5,100,60,2,10,2,9,10,10
"agent SwarmAgent #352",SwarmAgent,0.14,0,0.69,100,0,0,0,1,0,100,7,0,0,100,0,0,0,5,100,122,2,10,3,14,10,10
"agent SwarmAgent #353",SwarmAgent,0.16,0,0.69,100,0,0,0,0,4,100,4,0,0,100,0,0,0,8,100,176,0,17,0,16,10,10
"agent SwarmAgent #354",SwarmAgent,0.21,0,0.69,100,0,1,0,2,6,100,7,0,0,100,0,0,0,5,100,179,3,14,1,21,10,10
"agent SwarmAgent #355",SwarmAgent,0.11,0,0.69,100,0,1,0,1,0,100,3,0,0,100,0,0,0,6,100,136,2,11,2,11,10,10
"agent SwarmAgent #356",SwarmAgent,0.14,0,0.69,100,0,0,0,1,0,100,7,0,0,100,0,0,0,5,100,106,2,10,3,14,10,10
"agent SwarmAgent #357",SwarmAgent,0.16,0,0.69,100,0,0,0,0,4,100,4,0,0,100,0,0,0,8,100,160,0,17,0,16,10,10
"agent SwarmAgent #358",SwarmAgent,0.19,0,0.69,100,0,0,0,1,5,100,7,0,0,100,0,0,0,5,100,94,2,13,1,19,10,10
"agent SwarmAgent #359",SwarmAgent,0.11,0,0.69,100,0,1,0,1,0,100,3,0,0,100,0,0,0,6,100,122,2,11,2,11,10,10
"agent SwarmAgent #360",SwarmAgent,0.14,0,0.69,100,0,0,0,1,0,100,7,0,0,100,0,0,0,5,100,90,2,10,3,14,10,10
"agent SwarmAgent #361",SwarmAgent,0.16,0,0.69,100,0,0,0,0,4,100,4,0,0,100,0,0,0,8,100,144,0,17,0,16,10,10
"agent SwarmAgent #362",SwarmAgent,0.21,0,0.69,100,0,1,0,2,6,100,7,0,0,100,0,0,0,5,100,133,3,14,1,21,10,10
"agent SwarmAgent #363",SwarmAgent,0.11,0,0.69,100,0,1,0,1,0,100,3,0,0,100,0,0,0,6,100,108,2,11,2,11,10,10
"agent SwarmAgent #364",SwarmAgent,0.14,0,0.69,100,0,0,0,1,0,100,7,0,0,100,0,0,0,5,100,74,2,10,3,14,10,10
"agent SwarmAgent #365",SwarmAgent,0.16,0,0.69,100,0,0,0,0,4,100,4,0,0,100,0,0,0,8,100,128,0,17,0,16,10,10
"agent SwarmAgent #366",SwarmAgent,0.19,0,0.69,100,0,0,0,1,5,100,7,0,0,100,0,0,0,5,100,66,2,13,1,19,10,10
"agent SwarmAgent #367",SwarmAgent,0.11,0,0.69,100,0,1,0,1,0,100,3,0,0,100,0,0,0,6,100,94,2,11,2,11,10,10
"agent SwarmAgent #368",SwarmAgent,0.14,0,0.69,100,0,0,0,1,0,100,7,0,0,100,0,0,0,5,100,58,2,10,3,14,10,10
"agent SwarmAgent #369",SwarmAgent,0.16,0,0.69,100,0,0,0,0,4,100,4,0,0,100,0,0,0,8,100,112,0,17,0,16,10,10
"agent SwarmAgent #370",SwarmAgent,0.05,0,0.69,100,0,0,0,0,3,100,2,0,0,100,0,0,0,0,100,27,0,6,1,5,10,10
"agent SwarmAgent #371",SwarmAgent,0.11,0,0.69,100,0,1,0,1,0,100,3,0,0,100,0,0,0,6,100,82,2,11,2,11,10,10
"agent SwarmAgent #372",SwarmAgent,0.1,0,0.69,100,0,0,0,1,3,100,2,0,0,100,0,0,0,0,100,26,5,8,3,10,10,10
"agent SwarmAgent #373",SwarmAgent,0.16,0,0.69,100,0,0,0,0,4,100,4,0,0,100,0,0,0,8,100,96,0,17,0,16,10,10
"agent SwarmAgent #374",SwarmAgent,0.19,0,0.69,100,0,0,0,1,5,100,7,0,0,100,0,0,0,5,100,37,2,13,1,19,10,10
"agent SwarmAgent #375",SwarmAgent,0.15,0,0.69,100,0,0,0,1,3,100,2,0,0,100,0,0,0,5,100,44,5,13,2,15,10,10
"agent SwarmAgent #376",SwarmAgent,0.04,0,0.69,100,0,0,0,0,0,100,2,0,0,100,0,0,0,0,100,15,2,5,3,4,10,10
"agent SwarmAgent #377",SwarmAgent,0.16,0,0.69,100,0,0,0,0,4,100,4,0,0,100,0,0,0,8,100,80,0,17,0,16,10,10
"agent SwarmAgent #378",SwarmAgent,0.21,0,0.69,100,0,1,0,2,6,100,7,0,0,100,0,0,0,5,100,58,3,14,1,21,10,10
"agent SwarmAgent #379",SwarmAgent,0.09,0,0.69,100,0,0,0,0,0,100,2,0,0,100,0,0,0,5,100,21,2,10,2,9,10,10
"agent SwarmAgent #380",SwarmAgent,0.04,0,0.69,100,0,0,0,0,0,100,2,0,0,100,0,0,0,0,100,11,2,5,3,4,10,10
"agent SwarmAgent #381",SwarmAgent,0.16,0,0.69,100,0,0,0,0,4,100,4,0,0,100,0,0,0,8,100,64,0,17,0,16,10,10
"agent SwarmAgent #382",SwarmAgent,0.07,0,0.69,100,0,1,0,1,4,100,2,0,0,100,0,0,0,0,100,23,1,7,1,7,10,10
"agent SwarmAgent #383",SwarmAgent,0.11,0,0.69,100,0,1,0,1,0,100,3,0,0,100,0,0,0,6,100,47,2,11,2,11,10,10
"agent SwarmAgent #384",SwarmAgent,0.14,0,0.69,100,0,0,0,1,0,100,7,0,0,100,0,0,0,5,100,35,2,10,3,14,10,10
"agent SwarmAgent #385",SwarmAgent,0.16,0,0.69,100,0,0,0,0,4,100,4,0,0,100,0,0,0,8,100,48,0,17,0,16,10,10
"agent SwarmAgent #386",SwarmAgent,0.21,0,0.69,100,0,1,0,2,6,100,7,0,0,100,0,0,0,5,100,26,3,14,1,21,10,10
"agent SwarmAgent #387",SwarmAgent,0.11,0,0.69,100,0,1,0,1,0,100,3,0,0,100,0,0,0,6,100,33,2,11,2,11,10,10
"agent SwarmAgent #388",SwarmAgent,0.04,0,0.69,100,0,0,0,0,0,100,2,0,0,100,0,0,0,0,100,6,2,5,3,4,10,10
"agent SwarmAgent #389",SwarmAgent,0.16,0,0.69,100,0,0,0,0,4,100,4,0,0,100,0,0,0,8,100,32,0,17,0,16,10,10
"agent SwarmAgent #390",SwarmAgent,0.05,0,0.69,100,0,0,0,0,3,100,2,0,0,100,0,0,0,0,100,8,0,6,1,5,10,10
"agent SwarmAgent #391",SwarmAgent,0.11,0,0.69,100,0,1,0,1,0,100,3,0,0,100,0,0,0,6,100,22,2,11,2,11,10,10
"agent SwarmAgent #392",SwarmAgent,0.04,0,0.69,100,0,0,0,0,0,100,2,0,0,100,0,0,0,0,100,2,2,5,3,4,10,10
"agent SwarmAgent #393",SwarmAgent,0.16,0,0.69,100,0,0,0,0,4,100,4,0,0,100,0,0,0,8,100,16,0,17,0,16,10,10
"agent SwarmAgent #394",SwarmAgent,0.07,0,0.69,100,0,1,0,1,4,100,2,0,0,100,0,0,0,0,100,5,1,7,1,7,10,10
"agent SwarmAgent #395",SwarmAgent,0.15,0,0.69,100,0,0,0,1,3,100,2,0,0,100,0,0,0,5,100,7,5,13,2,15,10,10
"agent SwarmAgent #396",SwarmAgent,0.14,0,0.69,100,0,0,0,1,0,100,7,0,0,100,0,0,0,5,100,15,2,10,3,14,10,10
"agent SwarmAgent #397",SwarmAgent,0.16,0,0.69,100,0,0,0,0,4,100,4,0,0,100,0,0,0,8,100,0,0,17,0,16,10,10
"agent SwarmAgent #398",SwarmAgent,0.05,0,0.69,100,0,0,0,0,3,100,2,0,0,100,0,0,0,0,100,0,0,6,1,5,10,10
"agent SwarmAgent #399",SwarmAgent,0.11,0,0.69,100,0,1,0,1,0,100,3,0,0,100,0,0,0,6,100,1,2,11,2,11,10,10
"agent SwarmAgent #400",SwarmAgent,0.14,0,0.69,100,0,0,0,1,0,100,7,0,0,100,0,0,0,5,100,0,2,10,3,14,10,10
