agentName,agentType,averageSpeed,cumulatedUtilityReceived,freeWallRatio,numBacktrackAgents,numCFPAnswered,numDeadends,numDifferentEncounters,numDirectionChanges,numDownSteps,numForwardAgents,numLeftSteps,numMessagesReceived,numMessagesSent,numNegotiatingAgents,numProposalsAccepted,numProposalsRejected,numRandomAgents,numRightSteps,numSwarmAgents,numTotalEncounters,numUpSteps,numVisitedCells,startingPosition,stepsToExit,xsize,ysize
"agent BacktrackAgent #1",BacktrackAgent,0.24,0,0.69,25,0,1,0,0,8,25,4,0,0,25,0,0,25,8,50,676,4,25,0,24,10,10
"agent BacktrackAgent #2",BacktrackAgent,0.54,0,0.69,25,0,3,0,2,14,25,16,0,0,25,0,0,25,14,50,752,10,31,1,54,10,10
"agent BacktrackAgent #3",BacktrackAgent,0.13,0,0.69,25,0,1,0,0,2,25,2,0,0,25,0,0,25,5,50,130,4,14,2,13,10,10
"agent BacktrackAgent #4",BacktrackAgent,0.08,0,0.69,25,0,1,0,0,2,25,2,0,0,25,0,0,25,0,50,177,4,9,3,8,10,10
"agent BacktrackAgent #5",BacktrackAgent,0.24,0,0.69,25,0,1,0,0,8,25,4,0,0,25,0,0,25,8,50,608,4,25,0,24,10,10
"agent BacktrackAgent #6",BacktrackAgent,0.54,0,0.69,25,0,3,0,2,14,25,16,0,0,25,0,0,25,14,50,693,10,31,1,54,10,10
"agent BacktrackAgent #7",BacktrackAgent,0.45,0,0.69,25,0,3,0,2,10,25,10,0,0,25,0,0,25,13,50,384,12,30,2,45,10,10
"agent BacktrackAgent #8",BacktrackAgent,0.52,0,0.69,25,0,4,0,3,10,25,16,0,0,25,0,0,25,14,50,717,12,31,3,52,10,10
"agent BacktrackAgent #9",BacktrackAgent,0.36,0,0.69,25,0,3,0,2,10,25,8,0,0,25,0,0,25,12,50,518,6,31,0,36,10,10
"agent BacktrackAgent #10",BacktrackAgent,0.54,0,0.69,25,0,3,0,2,14,25,16,0,0,25,0,0,25,14,50,804,10,31,1,54,10,10
"agent BacktrackAgent #11",BacktrackAgent,0.21,0,0.69,25,0,2,0,1,4,25,4,0,0,25,0,0,25,7,50,202,6,18,2,21,10,10
"agent BacktrackAgent #12",BacktrackAgent,0.08,0,0.69,25,0,1,0,0,2,25,2,0,0,25,0,0,25,0,50,199,4,9,3,8,10,10
"agent BacktrackAgent #13",BacktrackAgent,0.28,0,0.69,25,0,2,0,1,8,25,6,0,0,25,0,0,25,10,50,596,4,27,0,28,10,10
"agent BacktrackAgent #14",BacktrackAgent,0.54,0,0.69,25,0,3,0,2,14,25,16,0,0,25,0,0,25,14,50,741,10,31,1,54,10,10
"agent BacktrackAgent #15",BacktrackAgent,0.23,0,0.69,25,0,3,0,2,4,25,5,0,0,25,0,0,25,8,50,311,6,19,2,23,10,10
"agent BacktrackAgent #16",BacktrackAgent,0.52,0,0.69,25,0,4,0,3,10,25,16,0,0,25,0,0,25,14,50,866,12,31,3,52,10,10
"agent BacktrackAgent #17",BacktrackAgent,0.32,0,0.69,25,0,2,0,1,10,25,6,0,0,25,0,0,25,10,50,725,6,29,0,32,10,10
"agent BacktrackAgent #18",BacktrackAgent,0.06,0,0.69,25,0,1,0,0,4,25,2,0,0,25,0,0,25,0,50,174,0,7,1,6,10,10
"agent BacktrackAgent #19",BacktrackAgent,0.45,0,0.69,25,0,3,0,2,10,25,10,0,0,25,0,0,25,13,50,451,12,30,2,45,10,10
"agent BacktrackAgent #20",BacktrackAgent,0.08,0,0.69,25,0,1,0,0,2,25,2,0,0,25,0,0,25,0,50,186,4,9,3,8,10,10
"agent BacktrackAgent #21",BacktrackAgent,0.24,0,0.69,25,0,1,0,0,8,25,4,0,0,25,0,0,25,8,50,648,4,25,0,24,10,10
"agent BacktrackAgent #22",BacktrackAgent,0.54,0,0.69,25,0,3,0,2,14,25,16,0,0,25,0,0,25,14,50,669,10,31,1,54,10,10
"agent BacktrackAgent #23",BacktrackAgent,0.47,0,0.69,25,0,4,0,3,10,25,11,0,0,25,0,0,25,14,50,780,12,31,2,47,10,10
"agent BacktrackAgent #24",BacktrackAgent,0.52,0,0.69,25,0,4,0,3,10,25,16,0,0,25,0,0,25,14,50,778,12,31,3,52,10,10
"agent BacktrackAgent #25",BacktrackAgent,0.28,0,0.69,25,0,2,0,1,8,25,6,0,0,25,0,0,25,10,50,520,4,27,0,28,10,10
"agent ForwardAgent #26",ForwardAgent,0.06,0,0.69,25,0,1,0,0,4,25,2,0,0,25,0,0,25,0,50,155,0,7,1,6,10,10
"agent ForwardAgent #27",ForwardAgent,0.23,0,0.69,25,0,3,0,2,4,25,5,0,0,25,0,0,25,8,50,266,6,19,2,23,10,10
"agent ForwardAgent #28",ForwardAgent,0.2,0,0.69,25,0,2,0,1,2,25,8,0,0,25,0,0,25,6,50,204,4,15,3,20,10,10
"agent ForwardAgent #29",ForwardAgent,0.24,0,0.69,25,0,1,0,0,8,25,4,0,0,25,0,0,25,8,50,564,4,25,0,24,10,10
"agent ForwardAgent #30",ForwardAgent,0.06,0,0.69,25,0,1,0,0,4,25,2,0,0,25,0,0,25,0,50,149,0,7,1,6,10,10
"agent ForwardAgent #31",ForwardAgent,0.39,0,0.69,25,0,3,0,2,8,25,9,0,0,25,0,0,25,12,50,665,10,27,2,39,10,10
"agent ForwardAgent #32",ForwardAgent,0.44,0,0.69,25,0,3,0,2,8,25,14,0,0,25,0,0,25,12,50,452,10,27,3,44,10,10
"agent ForwardAgent #33",ForwardAgent,0.36,0,0.69,25,0,3,0,2,10,25,8,0,0,25,0,0,25,12,50,466,6,31,0,36,10,10
"agent ForwardAgent #34",ForwardAgent,0.78,0,0.69,25,0,4,0,3,20,25,22,0,0,25,0,0,25,20,50,651,16,31,1,78,10,10
"agent ForwardAgent #35",ForwardAgent,0.15,0,0.69,25,0,2,0,1,2,25,3,0,0,25,0,0,25,6,50,191,4,15,2,15,10,10
"agent ForwardAgent #36",ForwardAgent,0.48,0,0.69,25,0,4,0,3,10,25,14,0,0,25,0,0,25,12,50,477,12,19,3,48,10,10
"agent ForwardAgent #37",ForwardAgent,0.24,0,0.69,25,0,1,0,0,8,25,4,0,0,25,0,0,25,8,50,520,4,25,0,24,10,10
"agent ForwardAgent #38",ForwardAgent,0.06,0,0.69,25,0,1,0,0,4,25,2,0,0,25,0,0,25,0,50,138,0,7,1,6,10,10
"agent ForwardAgent #39",ForwardAgent,0.51,0,0.69,25,0,5,0,4,10,25,13,0,0,25,0,0,25,16,50,595,12,31,2,51,10,10
"agent ForwardAgent #40",ForwardAgent,0.64,0,0.69,25,0,4,0,3,14,25,18,0,0,25,0,0,25,16,50,439,16,31,3,64,10,10
"agent ForwardAgent #41",ForwardAgent,0.52,0,0.69,25,0,3,0,2,14,25,12,0,0,25,0,0,25,16,50,696,10,27,0,52,10,10
"agent ForwardAgent #42",ForwardAgent,0.06,0,0.69,25,0,1,0,0,4,25,2,0,0,25,0,0,25,0,50,132,0,7,1,6,10,10
"agent ForwardAgent #43",ForwardAgent,0.13,0,0.69,25,0,1,0,0,2,25,2,0,0,25,0,0,25,5,50,106,4,14,2,13,10,10
"agent ForwardAgent #44",ForwardAgent,0.08,0,0.69,25,0,1,0,0,2,25,2,0,0,25,0,0,25,0,50,140,4,9,3,8,10,10
"agent ForwardAgent #45",ForwardAgent,0.32,0,0.69,25,0,2,0,1,10,25,6,0,0,25,0,0,25,10,50,504,6,29,0,32,10,10
"agent ForwardAgent #46",ForwardAgent,0.54,0,0.69,25,0,3,0,2,14,25,16,0,0,25,0,0,25,14,50,434,10,31,1,54,10,10
"agent ForwardAgent #47",ForwardAgent,0.67,0,0.69,25,0,5,0,4,14,25,17,0,0,25,0,0,25,20,50,618,16,27,2,67,10,10
"agent ForwardAgent #48",ForwardAgent,0.16,0,0.69,25,0,2,0,1,4,25,4,0,0,25,0,0,25,2,50,177,6,13,3,16,10,10
"agent ForwardAgent #49",ForwardAgent,0.52,0,0.69,25,0,3,0,2,14,25,12,0,0,25,0,0,25,16,50,624,10,27,0,52,10,10
"agent ForwardAgent #50",ForwardAgent,0.58,0,0.69,25,0,3,0,2,16,25,16,0,0,25,0,0,25,14,50,553,12,29,1,58,10,10
"agent RandomAgent #51",RandomAgent,0.91,0,0.69,25,0,12,0,52,18,25,25,0,0,25,0,0,25,28,50,222,20,19,2,91,10,10
"agent RandomAgent #52",RandomAgent,0.42,0,0.69,25,0,1,0,20,10,25,11,0,0,25,0,0,25,9,50,212,12,14,3,42,10,10
"agent RandomAgent #53",RandomAgent,1.2,0,0.69,25,0,11,0,63,30,25,30,0,0,25,0,0,25,34,50,395,26,31,0,120,10,10
"agent RandomAgent #54",RandomAgent,0.2,0,0.69,25,0,6,0,12,5,25,8,0,0,25,0,0,25,6,50,140,1,7,1,20,10,10
"agent RandomAgent #55",RandomAgent,3.93,0,0.69,25,0,21,0,210,96,25,98,0,0,25,0,0,25,101,50,555,98,27,2,393,10,10
"agent RandomAgent #56",RandomAgent,1.38,0,0.69,25,0,1,0,70,47,25,22,0,0,25,0,0,25,20,50,247,49,16,3,138,10,10
"agent RandomAgent #57",RandomAgent,3.58,0,0.69,25,0,18,0,190,69,25,110,0,0,25,0,0,25,114,50,763,65,31,0,358,10,10
"agent RandomAgent #58",RandomAgent,10.14,0,0.69,25,0,39,0,479,247,25,263,0,0,25,0,0,25,261,50,691,243,31,1,1014,10,10
"agent RandomAgent #59",RandomAgent,8.79,0,0.69,25,0,47,0,445,185,25,252,0,0,25,0,0,25,255,50,729,187,28,2,879,10,10
"agent RandomAgent #60",RandomAgent,0.4,0,0.69,25,0,1,0,20,7,25,13,0,0,25,0,0,25,11,50,169,9,13,3,40,10,10
"agent RandomAgent #61",RandomAgent,11.74,0,0.69,25,0,59,0,604,240,25,347,0,0,25,0,0,25,351,50,836,236,28,0,1174,10,10
"agent RandomAgent #62",RandomAgent,0.18,0,0.69,25,0,2,0,10,4,25,8,0,0,25,0,0,25,6,50,111,0,7,1,18,10,10
"agent RandomAgent #63",RandomAgent,14.21,0,0.69,25,0,83,0,781,278,25,430,0,0,25,0,0,25,433,50,462,280,30,2,1421,10,10
"agent RandomAgent #64",RandomAgent,0.12,0,0.69,25,0,1,0,4,3,25,3,0,0,25,0,0,25,1,50,72,5,9,3,12,10,10
"agent RandomAgent #65",RandomAgent,6.62,0,0.69,25,0,43,0,352,127,25,204,0,0,25,0,0,25,208,50,361,123,28,0,662,10,10
"agent RandomAgent #66",RandomAgent,0.96,0,0.69,25,0,13,0,56,16,25,35,0,0,25,0,0,25,33,50,137,12,10,1,96,10,10
"agent RandomAgent #67",RandomAgent,7.79,0,0.69,25,0,58,0,410,128,25,259,0,0,25,0,0,25,262,50,260,130,31,2,779,10,10
"agent RandomAgent #68",RandomAgent,5.52,0,0.69,25,0,37,0,293,100,25,176,0,0,25,0,0,25,174,50,256,102,31,3,552,10,10
"agent RandomAgent #69",RandomAgent,1.82,0,0.69,25,0,6,0,75,41,25,50,0,0,25,0,0,25,54,50,299,37,26,0,182,10,10
"agent RandomAgent #70",RandomAgent,0.52,0,0.69,25,0,6,0,34,12,25,17,0,0,25,0,0,25,15,50,117,8,7,1,52,10,10
"agent RandomAgent #71",RandomAgent,2.17,0,0.69,25,0,5,0,110,31,25,75,0,0,25,0,0,25,78,50,175,33,19,2,217,10,10
"agent RandomAgent #72",RandomAgent,0.28,0,0.69,25,0,2,0,11,7,25,7,0,0,25,0,0,25,5,50,116,9,13,3,28,10,10
"agent RandomAgent #73",RandomAgent,3.58,0,0.69,25,0,9,0,178,78,25,101,0,0,25,0,0,25,105,50,264,74,29,0,358,10,10
"agent RandomAgent #74",RandomAgent,0.3,0,0.69,25,0,6,0,17,7,25,11,0,0,25,0,0,25,9,50,50,3,8,1,30,10,10
"agent RandomAgent #75",RandomAgent,0.39,0,0.69,25,0,4,0,20,7,25,10,0,0,25,0,0,25,13,50,170,9,16,2,39,10,10
"agent NegotiatingAgent #76",NegotiatingAgent,0.44,97,0.69,25,29,3,0,2,8,25,14,64,59,25,0,0,25,12,50,310,10,27,3,44,10,10
"agent NegotiatingAgent #77",NegotiatingAgent,0.28,8,0.69,25,13,2,0,1,8,25,6,23,38,25,0,0,25,10,50,263,4,27,0,28,10,10
"agent NegotiatingAgent #78",NegotiatingAgent,0.54,130,0.69,25,16,3,0,2,14,25,16,46,67,25,4,2,25,14,50,249,10,31,1,54,10,10
"agent NegotiatingAgent #79",NegotiatingAgent,0.21,2,0.69,25,6,2,0,1,4,25,4,12,23,25,0,1,25,7,50,157,6,18,2,21,10,10
"agent NegotiatingAgent #80",NegotiatingAgent,0.44,8,0.69,25,5,3,0,2,8,25,14,37,52,25,8,1,25,12,50,256,10,27,3,44,10,10
"agent NegotiatingAgent #81",NegotiatingAgent,0.32,14,0.69,25,12,2,0,1,10,25,6,30,39,25,0,2,25,10,50,235,6,29,0,32,10,10
"agent NegotiatingAgent #82",NegotiatingAgent,0.06,0,0.69,25,0,1,0,0,4,25,2,3,3,25,0,1,25,0,50,106,0,7,1,6,10,10
"agent NegotiatingAgent #83",NegotiatingAgent,0.47,345,0.69,25,20,4,0,3,10,25,11,54,52,25,0,2,25,14,50,310,12,31,2,47,10,10
"agent NegotiatingAgent #84",NegotiatingAgent,0.52,57,0.69,25,4,4,0,3,10,25,16,53,55,25,9,4,25,14,50,304,12,31,3,52,10,10
"agent NegotiatingAgent #85",NegotiatingAgent,0.32,8,0.69,25,7,2,0,1,10,25,6,31,29,25,0,5,25,10,50,209,6,29,0,32,10,10
"agent NegotiatingAgent #86",NegotiatingAgent,0.06,0,0.69,25,1,1,0,0,4,25,2,3,4,25,0,0,25,0,50,100,0,7,1,6,10,10
"agent NegotiatingAgent #87",NegotiatingAgent,0.23,0,0.69,25,0,3,0,2,4,25,5,13,17,25,0,5,25,8,50,181,6,19,2,23,10,10
"agent NegotiatingAgent #88",NegotiatingAgent,0.08,0,0.69,25,1,1,0,0,2,25,2,6,6,25,0,1,25,0,50,103,4,9,3,8,10,10
"agent NegotiatingAgent #89",NegotiatingAgent,0.36,4,0.69,25,6,3,0,2,10,25,8,33,35,25,3,4,25,12,50,299,6,31,0,36,10,10
"agent NegotiatingAgent #90",NegotiatingAgent,0.06,0,0.69,25,0,1,0,0,4,25,2,4,4,25,0,0,25,0,50,94,0,7,1,6,10,10
"agent NegotiatingAgent #91",NegotiatingAgent,0.37,18,0.69,25,7,2,0,1,8,25,8,23,35,25,0,4,25,11,50,233,10,26,2,37,10,10
"agent NegotiatingAgent #92",NegotiatingAgent,0.08,0,0.69,25,0,1,0,0,2,25,2,6,6,25,0,1,25,0,50,93,4,9,3,8,10,10
"agent NegotiatingAgent #93",NegotiatingAgent,0.32,2,0.69,25,3,2,0,1,10,25,6,23,25,25,0,6,25,10,50,409,6,29,0,32,10,10
"agent NegotiatingAgent #94",NegotiatingAgent,0.54,0,0.69,25,2,3,0,2,14,25,16,45,59,25,10,2,25,14,50,284,10,31,1,54,10,10
"agent NegotiatingAgent #95",NegotiatingAgent,0.13,0,0.69,25,0,1,0,0,2,25,2,8,10,25,0,2,25,5,50,78,4,14,2,13,10,10
"agent NegotiatingAgent #96",NegotiatingAgent,0.44,0,0.69,25,0,3,0,2,8,25,14,50,46,25,8,4,25,12,50,275,10,27,3,44,10,10
"agent NegotiatingAgent #97",NegotiatingAgent,0.28,0,0.69,25,0,2,0,1,8,25,6,28,22,25,3,8,25,10,50,273,4,27,0,28,10,10
"agent NegotiatingAgent #98",NegotiatingAgent,0.06,0,0.69,25,0,1,0,0,4,25,2,3,4,25,0,0,25,0,50,83,0,7,1,6,10,10
"agent NegotiatingAgent #99",NegotiatingAgent,0.47,0,0.69,25,0,4,0,3,10,25,11,19,39,25,0,6,25,14,50,513,12,31,2,47,10,10
"agent NegotiatingAgent #100",NegotiatingAgent,0.08,0,0.69,25,3,1,0,0,2,25,2,5,9,25,0,0,25,0,50,75,4,9,3,8,10,10
"agent SwarmAgent #101",SwarmAgent,0.24,0,0.69,25,0,1,0,0,8,25,4,0,0,25,0,0,25,8,50,320,4,25,0,24,10,10
"agent SwarmAgent #102",SwarmAgent,0.06,0,0.69,25,0,1,0,0,4,25,2,0,0,25,0,0,25,0,50,68,0,7,1,6,10,10
"agent SwarmAgent #103",SwarmAgent,0.37,0,0.69,25,0,2,0,1,8,25,8,0,0,25,0,0,25,11,50,154,10,26,2,37,10,10
"agent SwarmAgent #104",SwarmAgent,0.08,0,0.69,25,0,1,0,0,2,25,2,0,0,25,0,0,25,0,50,69,4,9,3,8,10,10
"agent SwarmAgent #105",SwarmAgent,0.24,0,0.69,25,0,1,0,0,8,25,4,0,0,25,0,0,25,8,50,295,4,25,0,24,10,10
"agent SwarmAgent #106",SwarmAgent,0.06,0,0.69,25,0,1,0,0,4,25,2,0,0,25,0,0,25,0,50,62,0,7,1,6,10,10
"agent SwarmAgent #107",SwarmAgent,0.39,0,0.69,25,0,3,0,2,8,25,9,0,0,25,0,0,25,12,50,334,10,27,2,39,10,10
"agent SwarmAgent #108",SwarmAgent,0.08,0,0.69,25,0,1,0,0,2,25,2,0,0,25,0,0,25,0,50,59,4,9,3,8,10,10
"agent SwarmAgent #109",SwarmAgent,0.24,0,0.69,25,0,1,0,0,8,25,4,0,0,25,0,0,25,8,50,270,4,25,0,24,10,10
"agent SwarmAgent #110",SwarmAgent,0.5,0,0.69,25,0,2,0,1,14,25,14,0,0,25,0,0,25,12,50,235,10,29,1,50,10,10
"agent SwarmAgent #111",SwarmAgent,0.39,0,0.69,25,0,3,0,2,8,25,9,0,0,25,0,0,25,12,50,293,10,27,2,39,10,10
"agent SwarmAgent #112",SwarmAgent,0.08,0,0.69,25,0,1,0,0,2,25,2,0,0,25,0,0,25,0,50,49,4,9,3,8,10,10
"agent SwarmAgent #113",SwarmAgent,0.24,0,0.69,25,0,1,0,0,8,25,4,0,0,25,0,0,25,8,50,243,4,25,0,24,10,10
"agent SwarmAgent #114",SwarmAgent,0.06,0,0.69,25,0,1,0,0,4,25,2,0,0,25,0,0,25,0,50,51,0,7,1,6,10,10
"agent SwarmAgent #115",SwarmAgent,0.39,0,0.69,25,0,3,0,2,8,25,9,0,0,25,0,0,25,12,50,253,10,27,2,39,10,10
"agent SwarmAgent #116",SwarmAgent,0.16,0,0.69,25,0,2,0,1,4,25,4,0,0,25,0,0,25,2,50,40,6,13,3,16,10,10
"agent SwarmAgent #117",SwarmAgent,0.24,0,0.69,25,0,1,0,0,8,25,4,0,0,25,0,0,25,8,50,218,4,25,0,24,10,10
"agent SwarmAgent #118",SwarmAgent,0.06,0,0.69,25,0,1,0,0,4,25,2,0,0,25,0,0,25,0,50,45,0,7,1,6,10,10
"agent SwarmAgent #119",SwarmAgent,0.21,0,0.69,25,0,2,0,1,4,25,4,0,0,25,0,0,25,7,50,21,6,18,2,21,10,10
"agent SwarmAgent #120",SwarmAgent,0.4,0,0.69,25,0,2,0,1,8,25,12,0,0,25,0,0,25,10,50,237,10,25,3,40,10,10
"agent SwarmAgent #121",SwarmAgent,0.24,0,0.69,25,0,1,0,0,8,25,4,0,0,25,0,0,25,8,50,192,4,25,0,24,10,10
"agent SwarmAgent #122",SwarmAgent,0.06,0,0.69,25,0,1,0,0,4,25,2,0,0,25,0,0,25,0,50,39,0,7,1,6,10,10
"agent SwarmAgent #123",SwarmAgent,0.39,0,0.69,25,0,3,0,2,8,25,9,0,0,25,0,0,25,12,50,208,10,27,2,39,10,10
"agent SwarmAgent #124",SwarmAgent,0.08,0,0.69,25,0,1,0,0,2,25,2,0,0,25,0,0,25,0,50,27,4,9,3,8,10,10
"agent SwarmAgent #125",SwarmAgent,0.24,0,0.69,25,0,1,0,0,8,25,4,0,0,25,0,0,25,8,50,167,4,25,0,24,10,10
"agent SwarmAgent #126",SwarmAgent,0.5,0,0.69,25,0,2,0,1,14,25,14,0,0,25,0,0,25,12,50,150,10,29,1,50,10,10
"agent SwarmAgent #127",SwarmAgent,0.39,0,0.69,25,0,3,0,2,8,25,9,0,0,25,0,0,25,12,50,167,10,27,2,39,10,10
"agent SwarmAgent #128",SwarmAgent,0.4,0,0.69,25,0,2,0,1,8,25,12,0,0,25,0,0,25,10,50,118,10,25,3,40,10,10
"agent SwarmAgent #129",SwarmAgent,0.24,0,0.69,25,0,1,0,0,8,25,4,0,0,25,0,0,25,8,50,138,4,25,0,24,10,10
"agent SwarmAgent #130",SwarmAgent,0.06,0,0.69,25,0,1,0,0,4,25,2,0,0,25,0,0,25,0,50,28,0,7,1,6,10,10
"agent SwarmAgent #131",SwarmAgent,0.37,0,0.69,25,0,2,0,1,8,25,8,0,0,25,0,0,25,11,50,89,10,26,2,37,10,10
"agent SwarmAgent #132",SwarmAgent,0.08,0,0.69,25,0,1,0,0,2,25,2,0,0,25,0,0,25,0,50,14,4,9,3,8,10,10
"agent SwarmAgent #133",SwarmAgent,0.24,0,0.69,25,0,1,0,0,8,25,4,0,0,25,0,0,25,8,50,113,4,25,0,24,10,10
"agent SwarmAgent #134",SwarmAgent,0.06,0,0.69,25,0,1,0,0,4,25,2,0,0,25,0,0,25,0,50,22,0,7,1,6,10,10
"agent SwarmAgent #135",SwarmAgent,0.23,0,0.69,25,0,3,0,2,4,25,5,0,0,25,0,0,25,8,50,16,6,19,2,23,10,10
"agent SwarmAgent #136",SwarmAgent,0.4,0,0.69,25,0,2,0,1,8,25,12,0,0,25,0,0,25,10,50,71,10,25,3,40,10,10
"agent SwarmAgent #137",SwarmAgent,0.24,0,0.69,25,0,1,0,0,8,25,4,0,0,25,0,0,25,8,50,85,4,25,0,24,10,10
"agent SwarmAgent #138",SwarmAgent,0.06,0,0.69,25,0,1,0,0,4,25,2,0,0,25,0,0,25,0,50,16,0,7,1,6,10,10
"agent SwarmAgent #139",SwarmAgent,0.37,0,0.69,25,0,2,0,1,8,25,8,0,0,25,0,0,25,11,50,48,10,26,2,37,10,10
"agent SwarmAgent #140",SwarmAgent,0.42,0,0.69,25,0,2,0,2,8,25,13,0,0,25,0,0,25,11,50,97,10,26,3,42,10,10
"agent SwarmAgent #141",SwarmAgent,0.24,0,0.69,25,0,1,0,0,8,25,4,0,0,25,0,0,25,8,50,58,4,25,0,24,10,10
"agent SwarmAgent #142",SwarmAgent,0.06,0,0.69,25,0,1,0,0,4,25,2,0,0,25,0,0,25,0,50,10,0,7,1,6,10,10
"agent SwarmAgent #143",SwarmAgent,0.39,0,0.69,25,0,3,0,2,8,25,9,0,0,25,0,0,25,12,50,43,10,27,2,39,10,10
"agent SwarmAgent #144",SwarmAgent,0.42,0,0.69,25,0,2,0,2,8,25,13,0,0,25,0,0,25,11,50,51,10,26,3,42,10,10
"agent SwarmAgent #145",SwarmAgent,0.24,0,0.69,25,0,1,0,0,8,25,4,0,0,25,0,0,25,8,50,31,4,25,0,24,10,10
"agent SwarmAgent #146",SwarmAgent,0.5,0,0.69,25,0,2,0,1,14,25,14,0,0,25,0,0,25,12,50,55,10,29,1,50,10,10
"agent SwarmAgent #147",SwarmAgent,0.37,0,0.69,25,0,2,0,1,8,25,8,0,0,25,0,0,25,11,50,3,10,26,2,37,10,10
"agent SwarmAgent #148",SwarmAgent,0.42,0,0.69,25,0,2,0,2,8,25,13,0,0,25,0,0,25,11,50,4,10,26,3,42,10,10
"agent SwarmAgent #149",SwarmAgent,0.24,0,0.69,25,0,1,0,0,8,25,4,0,0,25,0,0,25,8,50,2,4,25,0,24,10,10
"agent SwarmAgent #150",SwarmAgent,0.5,0,0.69,25,0,2,0,1,14,25,14,0,0,25,0,0,25,12,50,0,10,29,1,50,10,10
