agentName,agentType,averageSpeed,cumulatedUtilityReceived,freeWallRatio,numBacktrackAgents,numCFPAnswered,numDeadends,numDifferentEncounters,numDirectionChanges,numDownSteps,numForwardAgents,numLeftSteps,numMessagesReceived,numMessagesSent,numNegotiatingAgents,numProposalsAccepted,numProposalsRejected,numRandomAgents,numRightSteps,numSwarmAgents,numTotalEncounters,numUpSteps,numVisitedCells,startingPosition,stepsToExit,xsize,ysize
"agent BacktrackAgent #1",BacktrackAgent,0.28,0,0.69,25,0,1,0,0,12,25,2,0,0,50,0,0,25,6,25,770,8,29,0,28,10,10
"agent BacktrackAgent #2",BacktrackAgent,0.51,0,0.69,25,0,3,0,2,20,25,8,0,0,50,0,0,25,6,25,766,17,31,1,51,10,10
"agent BacktrackAgent #3",BacktrackAgent,0.25,0,0.69,25,0,2,0,1,8,25,2,0,0,50,0,0,25,5,25,268,10,24,2,25,10,10
"agent BacktrackAgent #4",BacktrackAgent,0.04,0,0.69,25,0,1,0,0,0,25,2,0,0,50,0,0,25,0,25,57,2,5,3,4,10,10
"agent BacktrackAgent #5",BacktrackAgent,0.32,0,0.69,25,0,2,0,1,14,25,2,0,0,50,0,0,25,6,25,714,10,31,0,32,10,10
"agent BacktrackAgent #6",BacktrackAgent,0.51,0,0.69,25,0,3,0,2,20,25,8,0,0,50,0,0,25,6,25,712,17,31,1,51,10,10
"agent BacktrackAgent #7",BacktrackAgent,0.35,0,0.69,25,0,2,0,1,12,25,3,0,0,50,0,0,25,6,25,600,14,29,2,35,10,10
"agent BacktrackAgent #8",BacktrackAgent,0.04,0,0.69,25,0,1,0,0,0,25,2,0,0,50,0,0,25,0,25,53,2,5,3,4,10,10
"agent BacktrackAgent #9",BacktrackAgent,0.28,0,0.69,25,0,1,0,0,12,25,2,0,0,50,0,0,25,6,25,675,8,29,0,28,10,10
"agent BacktrackAgent #10",BacktrackAgent,0.51,0,0.69,25,0,3,0,2,20,25,8,0,0,50,0,0,25,6,25,934,17,31,1,51,10,10
"agent BacktrackAgent #11",BacktrackAgent,0.35,0,0.69,25,0,2,0,1,12,25,3,0,0,50,0,0,25,6,25,707,14,29,2,35,10,10
"agent BacktrackAgent #12",BacktrackAgent,0.04,0,0.69,25,0,1,0,0,0,25,2,0,0,50,0,0,25,0,25,68,2,5,3,4,10,10
"agent BacktrackAgent #13",BacktrackAgent,0.32,0,0.69,25,0,2,0,1,14,25,2,0,0,50,0,0,25,6,25,859,10,31,0,32,10,10
"agent BacktrackAgent #14",BacktrackAgent,0.11,0,0.69,25,0,2,0,1,6,25,2,0,0,50,0,0,25,0,25,220,3,11,1,11,10,10
"agent BacktrackAgent #15",BacktrackAgent,0.39,0,0.69,25,0,3,0,2,14,25,3,0,0,50,0,0,25,6,25,692,16,31,2,39,10,10
"agent BacktrackAgent #16",BacktrackAgent,0.56,0,0.69,25,0,3,0,2,20,25,8,0,0,50,0,0,25,6,25,1117,22,31,3,56,10,10
"agent BacktrackAgent #17",BacktrackAgent,0.28,0,0.69,25,0,1,0,0,12,25,2,0,0,50,0,0,25,6,25,800,8,29,0,28,10,10
"agent BacktrackAgent #18",BacktrackAgent,0.49,0,0.69,25,0,2,0,1,19,25,8,0,0,50,0,0,25,6,25,447,16,30,1,49,10,10
"agent BacktrackAgent #19",BacktrackAgent,0.39,0,0.69,25,0,3,0,2,14,25,3,0,0,50,0,0,25,6,25,649,16,31,2,39,10,10
"agent BacktrackAgent #20",BacktrackAgent,0.04,0,0.69,25,0,1,0,0,0,25,2,0,0,50,0,0,25,0,25,63,2,5,3,4,10,10
"agent BacktrackAgent #21",BacktrackAgent,0.32,0,0.69,25,0,2,0,1,14,25,2,0,0,50,0,0,25,6,25,781,10,31,0,32,10,10
"agent BacktrackAgent #22",BacktrackAgent,0.51,0,0.69,25,0,3,0,2,20,25,8,0,0,50,0,0,25,6,25,818,17,31,1,51,10,10
"agent BacktrackAgent #23",BacktrackAgent,0.21,0,0.69,25,0,1,0,0,6,25,2,0,0,50,0,0,25,5,25,342,8,22,2,21,10,10
"agent BacktrackAgent #24",BacktrackAgent,0.04,0,0.69,25,0,1,0,0,0,25,2,0,0,50,0,0,25,0,25,59,2,5,3,4,10,10
"agent BacktrackAgent #25",BacktrackAgent,0.32,0,0.69,25,0,2,0,1,14,25,2,0,0,50,0,0,25,6,25,748,10,31,0,32,10,10
"agent ForwardAgent #26",ForwardAgent,0.09,0,0.69,25,0,1,0,0,5,25,2,0,0,50,0,0,25,0,25,93,2,10,1,9,10,10
"agent ForwardAgent #27",ForwardAgent,0.21,0,0.69,25,0,1,0,0,6,25,2,0,0,50,0,0,25,5,25,306,8,22,2,21,10,10
"agent ForwardAgent #28",ForwardAgent,0.52,0,0.69,25,0,2,0,1,18,25,8,0,0,50,0,0,25,6,25,856,20,29,3,52,10,10
"agent ForwardAgent #29",ForwardAgent,0.32,0,0.69,25,0,2,0,1,14,25,2,0,0,50,0,0,25,6,25,657,10,31,0,32,10,10
"agent ForwardAgent #30",ForwardAgent,0.09,0,0.69,25,0,1,0,0,5,25,2,0,0,50,0,0,25,0,25,83,2,10,1,9,10,10
"agent ForwardAgent #31",ForwardAgent,0.21,0,0.69,25,0,1,0,0,6,25,2,0,0,50,0,0,25,5,25,284,8,22,2,21,10,10
"agent ForwardAgent #32",ForwardAgent,1.04,0,0.69,25,0,6,0,5,38,25,14,0,0,50,0,0,25,12,25,701,40,31,3,104,10,10
"agent ForwardAgent #33",ForwardAgent,0.28,0,0.69,25,0,1,0,0,12,25,2,0,0,50,0,0,25,6,25,622,8,29,0,28,10,10
"agent ForwardAgent #34",ForwardAgent,0.11,0,0.69,25,0,2,0,1,6,25,2,0,0,50,0,0,25,0,25,175,3,11,1,11,10,10
"agent ForwardAgent #35",ForwardAgent,1.27,0,0.69,25,0,7,0,6,46,25,15,0,0,50,0,0,25,18,25,799,48,31,2,127,10,10
"agent ForwardAgent #36",ForwardAgent,0.56,0,0.69,25,0,3,0,2,20,25,8,0,0,50,0,0,25,6,25,576,22,31,3,56,10,10
"agent ForwardAgent #37",ForwardAgent,0.32,0,0.69,25,0,2,0,1,14,25,2,0,0,50,0,0,25,6,25,599,10,31,0,32,10,10
"agent ForwardAgent #38",ForwardAgent,1.39,0,0.69,25,0,7,0,6,52,25,20,0,0,50,0,0,25,18,25,835,49,31,1,139,10,10
"agent ForwardAgent #39",ForwardAgent,0.35,0,0.69,25,0,2,0,1,12,25,3,0,0,50,0,0,25,6,25,526,14,29,2,35,10,10
"agent ForwardAgent #40",ForwardAgent,0.04,0,0.69,25,0,1,0,0,0,25,2,0,0,50,0,0,25,0,25,46,2,5,3,4,10,10
"agent ForwardAgent #41",ForwardAgent,0.76,0,0.69,25,0,4,0,3,30,25,8,0,0,50,0,0,25,12,25,749,26,31,0,76,10,10
"agent ForwardAgent #42",ForwardAgent,0.55,0,0.69,25,0,4,0,3,22,25,8,0,0,50,0,0,25,6,25,589,19,31,1,55,10,10
"agent ForwardAgent #43",ForwardAgent,0.35,0,0.69,25,0,2,0,1,12,25,3,0,0,50,0,0,25,6,25,487,14,29,2,35,10,10
"agent ForwardAgent #44",ForwardAgent,0.56,0,0.69,25,0,3,0,2,20,25,8,0,0,50,0,0,25,6,25,498,22,31,3,56,10,10
"agent ForwardAgent #45",ForwardAgent,0.28,0,0.69,25,0,1,0,0,12,25,2,0,0,50,0,0,25,6,25,543,8,29,0,28,10,10
"agent ForwardAgent #46",ForwardAgent,0.49,0,0.69,25,0,2,0,1,19,25,8,0,0,50,0,0,25,6,25,346,16,30,1,49,10,10
"agent ForwardAgent #47",ForwardAgent,0.21,0,0.69,25,0,1,0,0,6,25,2,0,0,50,0,0,25,5,25,251,8,22,2,21,10,10
"agent ForwardAgent #48",ForwardAgent,0.16,0,0.69,25,0,2,0,1,6,25,2,0,0,50,0,0,25,0,25,159,8,11,3,16,10,10
"agent ForwardAgent #49",ForwardAgent,0.32,0,0.69,25,0,2,0,1,14,25,2,0,0,50,0,0,25,6,25,514,10,31,0,32,10,10
"agent ForwardAgent #50",ForwardAgent,0.11,0,0.69,25,0,2,0,1,6,25,2,0,0,50,0,0,25,0,25,150,3,11,1,11,10,10
"agent RandomAgent #51",RandomAgent,15.13,0,0.69,25,0,57,0,761,590,25,164,0,0,50,0,0,25,167,25,1447,592,31,2,1513,10,10
"agent RandomAgent #52",RandomAgent,0.14,0,0.69,25,0,1,0,8,3,25,4,0,0,50,0,0,25,2,25,34,5,5,3,14,10,10
"agent RandomAgent #53",RandomAgent,6.1,0,0.69,25,0,44,0,311,228,25,77,0,0,50,0,0,25,81,25,903,224,31,0,610,10,10
"agent RandomAgent #54",RandomAgent,0.53,0,0.69,25,0,4,0,30,22,25,7,0,0,50,0,0,25,5,25,205,19,13,1,53,10,10
"agent RandomAgent #55",RandomAgent,2.95,0,0.69,25,0,1,0,157,91,25,54,0,0,50,0,0,25,57,25,576,93,28,2,295,10,10
"agent RandomAgent #56",RandomAgent,5.86,0,0.69,25,0,14,0,292,221,25,72,0,0,50,0,0,25,70,25,743,223,26,3,586,10,10
"agent RandomAgent #57",RandomAgent,7.84,0,0.69,25,0,27,0,430,280,25,112,0,0,50,0,0,25,116,25,917,276,31,0,784,10,10
"agent RandomAgent #58",RandomAgent,1.91,0,0.69,25,0,10,0,93,65,25,33,0,0,50,0,0,25,31,25,382,62,14,1,191,10,10
"agent RandomAgent #59",RandomAgent,4.61,0,0.69,25,0,12,0,216,184,25,44,0,0,50,0,0,25,47,25,661,186,31,2,461,10,10
"agent RandomAgent #60",RandomAgent,0.12,0,0.69,25,0,1,0,8,3,25,3,0,0,50,0,0,25,1,25,17,5,5,3,12,10,10
"agent RandomAgent #61",RandomAgent,9.8,0,0.69,25,0,53,0,509,355,25,135,0,0,50,0,0,25,139,25,736,351,31,0,980,10,10
"agent RandomAgent #62",RandomAgent,8.15,0,0.69,25,0,17,0,382,293,25,117,0,0,50,0,0,25,115,25,880,290,28,1,815,10,10
"agent RandomAgent #63",RandomAgent,15.15,0,0.69,25,0,56,0,788,567,25,188,0,0,50,0,0,25,191,25,786,569,31,2,1515,10,10
"agent RandomAgent #64",RandomAgent,0.76,0,0.69,25,0,9,0,40,30,25,8,0,0,50,0,0,25,6,25,122,32,14,3,76,10,10
"agent RandomAgent #65",RandomAgent,3.08,0,0.69,25,0,20,0,154,115,25,39,0,0,50,0,0,25,43,25,310,111,31,0,308,10,10
"agent RandomAgent #66",RandomAgent,0.21,0,0.69,25,0,2,0,11,9,25,4,0,0,50,0,0,25,2,25,66,6,11,1,21,10,10
"agent RandomAgent #67",RandomAgent,12.01,0,0.69,25,0,33,0,606,474,25,124,0,0,50,0,0,25,127,25,471,476,31,2,1201,10,10
"agent RandomAgent #68",RandomAgent,0.04,0,0.69,25,0,1,0,0,0,25,2,0,0,50,0,0,25,0,25,7,2,5,3,4,10,10
"agent RandomAgent #69",RandomAgent,8.4,0,0.69,25,0,13,0,407,292,25,128,0,0,50,0,0,25,132,25,432,288,31,0,840,10,10
"agent RandomAgent #70",RandomAgent,2.27,0,0.69,25,0,10,0,105,78,25,38,0,0,50,0,0,25,36,25,231,75,25,1,227,10,10
"agent RandomAgent #71",RandomAgent,1.69,0,0.69,25,0,1,0,90,52,25,30,0,0,50,0,0,25,33,25,101,54,29,2,169,10,10
"agent RandomAgent #72",RandomAgent,0.66,0,0.69,25,0,2,0,30,22,25,11,0,0,50,0,0,25,9,25,120,24,15,3,66,10,10
"agent RandomAgent #73",RandomAgent,33.88,0,0.69,25,0,119,0,1726,1306,25,388,0,0,50,0,0,25,392,25,130,1302,31,0,3388,10,10
"agent RandomAgent #74",RandomAgent,8.13,0,0.69,25,0,41,0,426,309,25,100,0,0,50,0,0,25,98,25,138,306,31,1,813,10,10
"agent RandomAgent #75",RandomAgent,3.39,0,0.69,25,0,10,0,179,118,25,49,0,0,50,0,0,25,52,25,111,120,25,2,339,10,10
"agent NegotiatingAgent #76",NegotiatingAgent,0.56,81,0.69,25,16,3,0,2,20,25,8,60,55,50,0,8,25,6,25,436,22,31,3,56,10,10
"agent NegotiatingAgent #77",NegotiatingAgent,0.28,0,0.69,25,1,1,0,0,12,25,2,25,24,50,0,3,25,6,25,376,8,29,0,28,10,10
"agent NegotiatingAgent #78",NegotiatingAgent,0.51,14,0.69,25,23,3,0,2,20,25,8,79,74,50,1,5,25,6,25,295,17,31,1,51,10,10
"agent NegotiatingAgent #79",NegotiatingAgent,0.35,14,0.69,25,2,2,0,1,12,25,3,39,33,50,2,6,25,6,25,349,14,29,2,35,10,10
"agent NegotiatingAgent #80",NegotiatingAgent,0.56,0,0.69,25,0,3,0,2,20,25,8,54,42,50,0,12,25,6,25,438,22,31,3,56,10,10
"agent NegotiatingAgent #81",NegotiatingAgent,0.28,0,0.69,25,0,1,0,0,12,25,2,27,22,50,0,5,25,6,25,353,8,29,0,28,10,10
"agent NegotiatingAgent #82",NegotiatingAgent,0.09,0,0.69,25,0,1,0,0,5,25,2,7,7,50,0,1,25,0,25,44,2,10,1,9,10,10
"agent NegotiatingAgent #83",NegotiatingAgent,0.39,9,0.69,25,8,3,0,2,14,25,3,44,41,50,1,3,25,6,25,255,16,31,2,39,10,10
"agent NegotiatingAgent #84",NegotiatingAgent,0.56,0,0.69,25,0,3,0,2,20,25,8,54,43,50,0,11,25,6,25,377,22,31,3,56,10,10
"agent NegotiatingAgent #85",NegotiatingAgent,0.32,0,0.69,25,0,2,0,1,14,25,2,30,25,50,0,5,25,6,25,301,10,31,0,32,10,10
"agent NegotiatingAgent #86",NegotiatingAgent,0.49,7,0.69,25,16,2,0,1,19,25,8,62,60,50,0,5,25,6,25,281,16,30,1,49,10,10
"agent NegotiatingAgent #87",NegotiatingAgent,0.35,0,0.69,25,0,2,0,1,12,25,3,34,31,50,1,3,25,6,25,316,14,29,2,35,10,10
"agent NegotiatingAgent #88",NegotiatingAgent,0.56,0,0.69,25,0,3,0,2,20,25,8,54,42,50,0,12,25,6,25,301,22,31,3,56,10,10
"agent NegotiatingAgent #89",NegotiatingAgent,0.32,0,0.69,25,0,2,0,1,14,25,2,30,24,50,0,6,25,6,25,265,10,31,0,32,10,10
"agent NegotiatingAgent #90",NegotiatingAgent,0.11,0,0.69,25,0,2,0,1,6,25,2,9,10,50,0,0,25,0,25,85,3,11,1,11,10,10
"agent NegotiatingAgent #91",NegotiatingAgent,0.39,0,0.69,25,0,3,0,2,14,25,3,38,33,50,1,6,25,6,25,288,16,31,2,39,10,10
"agent NegotiatingAgent #92",NegotiatingAgent,0.04,0,0.69,25,0,1,0,0,0,25,2,2,2,50,0,0,25,0,25,14,2,5,3,4,10,10
"agent NegotiatingAgent #93",NegotiatingAgent,0.28,0,0.69,25,0,1,0,0,12,25,2,27,23,50,0,4,25,6,25,275,8,29,0,28,10,10
"agent NegotiatingAgent #94",NegotiatingAgent,0.49,2,0.69,25,4,2,0,1,19,25,8,51,44,50,0,8,25,6,25,229,16,30,1,49,10,10
"agent NegotiatingAgent #95",NegotiatingAgent,0.21,0,0.69,25,0,1,0,0,6,25,2,19,13,50,0,6,25,5,25,144,8,22,2,21,10,10
"agent NegotiatingAgent #96",NegotiatingAgent,0.56,0,0.69,25,0,3,0,2,20,25,8,57,54,50,4,3,25,6,25,257,22,31,3,56,10,10
"agent NegotiatingAgent #97",NegotiatingAgent,0.28,0,0.69,25,0,1,0,0,12,25,2,26,24,50,0,3,25,6,25,243,8,29,0,28,10,10
"agent NegotiatingAgent #98",NegotiatingAgent,0.51,0,0.69,25,0,3,0,2,20,25,8,50,40,50,0,10,25,6,25,211,17,31,1,51,10,10
"agent NegotiatingAgent #99",NegotiatingAgent,0.21,0,0.69,25,0,1,0,0,6,25,2,19,15,50,0,4,25,5,25,120,8,22,2,21,10,10
"agent NegotiatingAgent #100",NegotiatingAgent,0.56,57,0.69,25,31,3,0,2,20,25,8,57,84,50,0,0,25,6,25,265,22,31,3,56,10,10
"agent NegotiatingAgent #101",NegotiatingAgent,0.32,37,0.69,25,27,2,0,1,14,25,2,55,55,50,0,0,25,6,25,222,10,31,0,32,10,10
"agent NegotiatingAgent #102",NegotiatingAgent,0.49,110,0.69,25,44,2,0,1,19,25,8,92,92,50,0,0,25,6,25,217,16,30,1,49,10,10
"agent NegotiatingAgent #103",NegotiatingAgent,0.21,4,0.69,25,18,1,0,0,6,25,2,37,39,50,0,0,25,5,25,200,8,22,2,21,10,10
"agent NegotiatingAgent #104",NegotiatingAgent,0.04,0,0.69,25,1,1,0,0,0,25,2,2,4,50,0,0,25,0,25,28,2,5,3,4,10,10
"agent NegotiatingAgent #105",NegotiatingAgent,0.28,0,0.69,25,20,1,0,0,12,25,2,43,44,50,0,0,25,6,25,300,8,29,0,28,10,10
"agent NegotiatingAgent #106",NegotiatingAgent,0.09,0,0.69,25,4,1,0,0,5,25,2,9,10,50,0,0,25,0,25,64,2,10,1,9,10,10
"agent NegotiatingAgent #107",NegotiatingAgent,0.39,11,0.69,25,32,3,0,2,14,25,3,66,67,50,0,0,25,6,25,271,16,31,2,39,10,10
"agent NegotiatingAgent #108",NegotiatingAgent,0.04,0,0.69,25,1,1,0,0,0,25,2,3,4,50,0,0,25,0,25,24,2,5,3,4,10,10
"agent NegotiatingAgent #109",NegotiatingAgent,0.32,37,0.69,25,14,2,0,1,14,25,2,45,44,50,0,3,25,6,25,382,10,31,0,32,10,10
"agent NegotiatingAgent #110",NegotiatingAgent,0.11,5,0.69,25,9,2,0,1,6,25,2,20,20,50,0,0,25,0,25,84,3,11,1,11,10,10
"agent NegotiatingAgent #111",NegotiatingAgent,0.25,8,0.69,25,9,2,0,1,8,25,2,28,32,50,0,0,25,5,25,151,10,24,2,25,10,10
"agent NegotiatingAgent #112",NegotiatingAgent,0.56,49,0.69,25,30,3,0,2,20,25,8,79,75,50,0,1,25,6,25,304,22,31,3,56,10,10
"agent NegotiatingAgent #113",NegotiatingAgent,0.32,1,0.69,25,14,2,0,1,14,25,2,44,41,50,0,4,25,6,25,358,10,31,0,32,10,10
"agent NegotiatingAgent #114",NegotiatingAgent,0.51,71,0.69,25,22,3,0,2,20,25,8,68,70,50,0,5,25,6,25,272,17,31,1,51,10,10
"agent NegotiatingAgent #115",NegotiatingAgent,0.21,0,0.69,25,0,1,0,0,6,25,2,18,14,50,0,5,25,5,25,182,8,22,2,21,10,10
"agent NegotiatingAgent #116",NegotiatingAgent,0.56,34,0.69,25,19,3,0,2,20,25,8,63,59,50,0,7,25,6,25,483,22,31,3,56,10,10
"agent NegotiatingAgent #117",NegotiatingAgent,0.32,0,0.69,25,20,2,0,1,14,25,2,50,48,50,0,1,25,6,25,300,10,31,0,32,10,10
"agent NegotiatingAgent #118",NegotiatingAgent,0.51,72,0.69,25,26,3,0,2,20,25,8,76,72,50,0,5,25,6,25,466,17,31,1,51,10,10
"agent NegotiatingAgent #119",NegotiatingAgent,0.39,32,0.69,25,8,3,0,2,14,25,3,46,42,50,1,3,25,6,25,235,16,31,2,39,10,10
"agent NegotiatingAgent #120",NegotiatingAgent,0.56,0,0.69,25,0,3,0,2,20,25,8,54,39,50,0,15,25,6,25,592,22,31,3,56,10,10
"agent NegotiatingAgent #121",NegotiatingAgent,0.28,0,0.69,25,1,1,0,0,12,25,2,25,22,50,0,6,25,6,25,429,8,29,0,28,10,10
"agent NegotiatingAgent #122",NegotiatingAgent,0.51,0,0.69,25,0,3,0,2,20,25,8,50,32,50,0,18,25,6,25,503,17,31,1,51,10,10
"agent NegotiatingAgent #123",NegotiatingAgent,0.35,7,0.69,25,20,2,0,1,12,25,3,56,53,50,0,0,25,6,25,216,14,29,2,35,10,10
"agent NegotiatingAgent #124",NegotiatingAgent,0.04,0,0.69,25,0,1,0,0,0,25,2,2,2,50,0,0,25,0,25,16,2,5,3,4,10,10
"agent NegotiatingAgent #125",NegotiatingAgent,0.32,0,0.69,25,0,2,0,1,14,25,2,30,23,50,0,7,25,6,25,379,10,31,0,32,10,10
"agent SwarmAgent #126",SwarmAgent,0.11,0,0.69,25,0,2,0,1,6,25,2,0,0,50,0,0,25,0,25,32,3,11,1,11,10,10
"agent SwarmAgent #127",SwarmAgent,0.35,0,0.69,25,0,2,0,1,12,25,3,0,0,50,0,0,25,6,25,161,14,29,2,35,10,10
"agent SwarmAgent #128",SwarmAgent,0.38,0,0.69,25,0,1,0,1,12,25,7,0,0,50,0,0,25,5,25,151,14,22,3,38,10,10
"agent SwarmAgent #129",SwarmAgent,0.28,0,0.69,25,0,1,0,0,12,25,2,0,0,50,0,0,25,6,25,156,8,29,0,28,10,10
"agent SwarmAgent #130",SwarmAgent,0.35,0,0.69,25,0,1,0,1,13,25,7,0,0,50,0,0,25,5,25,181,10,23,1,35,10,10
"agent SwarmAgent #131",SwarmAgent,0.35,0,0.69,25,0,2,0,1,12,25,3,0,0,50,0,0,25,6,25,102,14,29,2,35,10,10
"agent SwarmAgent #132",SwarmAgent,0.4,0,0.69,25,0,1,0,2,13,25,7,0,0,50,0,0,25,5,25,173,15,23,3,40,10,10
"agent SwarmAgent #133",SwarmAgent,0.28,0,0.69,25,0,1,0,0,12,25,2,0,0,50,0,0,25,6,25,124,8,29,0,28,10,10
"agent SwarmAgent #134",SwarmAgent,0.35,0,0.69,25,0,1,0,1,13,25,7,0,0,50,0,0,25,5,25,122,10,23,1,35,10,10
"agent SwarmAgent #135",SwarmAgent,0.21,0,0.69,25,0,1,0,0,6,25,2,0,0,50,0,0,25,5,25,73,8,22,2,21,10,10
"agent SwarmAgent #136",SwarmAgent,0.38,0,0.69,25,0,1,0,1,12,25,7,0,0,50,0,0,25,5,25,98,14,22,3,38,10,10
"agent SwarmAgent #137",SwarmAgent,0.28,0,0.69,25,0,1,0,0,12,25,2,0,0,50,0,0,25,6,25,93,8,29,0,28,10,10
"agent SwarmAgent #138",SwarmAgent,0.35,0,0.69,25,0,1,0,1,13,25,7,0,0,50,0,0,25,5,25,83,10,23,1,35,10,10
"agent SwarmAgent #139",SwarmAgent,0.21,0,0.69,25,0,1,0,0,6,25,2,0,0,50,0,0,25,5,25,49,8,22,2,21,10,10
"agent SwarmAgent #140",SwarmAgent,0.38,0,0.69,25,0,1,0,1,12,25,7,0,0,50,0,0,25,5,25,56,14,22,3,38,10,10
"agent SwarmAgent #141",SwarmAgent,0.28,0,0.69,25,0,1,0,0,12,25,2,0,0,50,0,0,25,6,25,62,8,29,0,28,10,10
"agent SwarmAgent #142",SwarmAgent,0.11,0,0.69,25,0,2,0,1,6,25,2,0,0,50,0,0,25,0,25,8,3,11,1,11,10,10
"agent SwarmAgent #143",SwarmAgent,0.21,0,0.69,25,0,1,0,0,6,25,2,0,0,50,0,0,25,5,25,27,8,22,2,21,10,10
"agent SwarmAgent #144",SwarmAgent,0.4,0,0.69,25,0,1,0,2,13,25,7,0,0,50,0,0,25,5,25,45,15,23,3,40,10,10
"agent SwarmAgent #145",SwarmAgent,0.28,0,0.69,25,0,1,0,0,12,25,2,0,0,50,0,0,25,6,25,32,8,29,0,28,10,10
"agent SwarmAgent #146",SwarmAgent,0.35,0,0.69,25,0,1,0,1,13,25,7,0,0,50,0,0,25,5,25,39,10,23,1,35,10,10
"agent SwarmAgent #147",SwarmAgent,0.21,0,0.69,25,0,1,0,0,6,25,2,0,0,50,0,0,25,5,25,3,8,22,2,21,10,10
"agent SwarmAgent #148",SwarmAgent,0.38,0,0.69,25,0,1,0,1,12,25,7,0,0,50,0,0,25,5,25,3,14,22,3,38,10,10
"agent SwarmAgent #149",SwarmAgent,0.28,0,0.69,25,0,1,0,0,12,25,2,0,0,50,0,0,25,6,25,1,8,29,0,28,10,10
"agent SwarmAgent #150",SwarmAgent,0.35,0,0.69,25,0,1,0,1,13,25,7,0,0,50,0,0,25,5,25,0,10,23,1,35,10,10
