agentName,agentType,averageSpeed,cumulatedUtilityReceived,freeWallRatio,numBacktrackAgents,numCFPAnswered,numDeadends,numDifferentEncounters,numDirectionChanges,numDownSteps,numForwardAgents,numLeftSteps,numMessagesReceived,numMessagesSent,numNegotiatingAgents,numProposalsAccepted,numProposalsRejected,numRandomAgents,numRightSteps,numSwarmAgents,numTotalEncounters,numUpSteps,numVisitedCells,startingPosition,stepsToExit,xsize,ysize
"agent BacktrackAgent #1",BacktrackAgent,0.16,0,0.69,25,0,1,0,1,6,25,2,0,0,25,0,0,25,6,50,379,2,15,0,16,10,10
"agent BacktrackAgent #2",BacktrackAgent,0.07,0,0.69,25,0,1,0,1,4,25,2,0,0,25,0,0,25,0,50,164,1,7,1,7,10,10
"agent BacktrackAgent #3",BacktrackAgent,0.14,0,0.69,25,0,0,0,0,4,25,0,0,0,25,0,0,25,4,50,364,6,15,2,14,10,10
"agent BacktrackAgent #4",BacktrackAgent,0.04,0,0.69,25,0,0,0,0,0,25,2,0,0,25,0,0,25,0,50,111,2,5,3,4,10,10
"agent BacktrackAgent #5",BacktrackAgent,0.12,0,0.69,25,0,0,0,0,4,25,2,0,0,25,0,0,25,6,50,300,0,13,0,12,10,10
"agent BacktrackAgent #6",BacktrackAgent,0.07,0,0.69,25,0,1,0,1,4,25,2,0,0,25,0,0,25,0,50,157,1,7,1,7,10,10
"agent BacktrackAgent #7",BacktrackAgent,0.18,0,0.69,25,0,1,0,1,4,25,2,0,0,25,0,0,25,6,50,386,6,17,2,18,10,10
"agent BacktrackAgent #8",BacktrackAgent,0.28,0,0.69,25,0,1,0,1,8,25,6,0,0,25,0,0,25,4,50,418,10,17,3,28,10,10
"agent BacktrackAgent #9",BacktrackAgent,0.16,0,0.69,25,0,1,0,1,6,25,2,0,0,25,0,0,25,6,50,335,2,15,0,16,10,10
"agent BacktrackAgent #10",BacktrackAgent,0.23,0,0.69,25,0,2,0,2,6,25,8,0,0,25,0,0,25,6,50,428,3,15,1,23,10,10
"agent BacktrackAgent #11",BacktrackAgent,0.18,0,0.69,25,0,1,0,1,4,25,2,0,0,25,0,0,25,6,50,465,6,17,2,18,10,10
"agent BacktrackAgent #12",BacktrackAgent,0.04,0,0.69,25,0,0,0,0,0,25,2,0,0,25,0,0,25,0,50,124,2,5,3,4,10,10
"agent BacktrackAgent #13",BacktrackAgent,0.12,0,0.69,25,0,0,0,0,4,25,2,0,0,25,0,0,25,6,50,353,0,13,0,12,10,10
"agent BacktrackAgent #14",BacktrackAgent,0.07,0,0.69,25,0,1,0,1,4,25,2,0,0,25,0,0,25,0,50,177,1,7,1,7,10,10
"agent BacktrackAgent #15",BacktrackAgent,0.18,0,0.69,25,0,1,0,1,4,25,2,0,0,25,0,0,25,6,50,447,6,17,2,18,10,10
"agent BacktrackAgent #16",BacktrackAgent,0.28,0,0.69,25,0,1,0,1,8,25,6,0,0,25,0,0,25,4,50,459,10,17,3,28,10,10
"agent BacktrackAgent #17",BacktrackAgent,0.16,0,0.69,25,0,1,0,1,6,25,2,0,0,25,0,0,25,6,50,393,2,15,0,16,10,10
"agent BacktrackAgent #18",BacktrackAgent,0.23,0,0.69,25,0,2,0,2,6,25,8,0,0,25,0,0,25,6,50,399,3,15,1,23,10,10
"agent BacktrackAgent #19",BacktrackAgent,0.14,0,0.69,25,0,0,0,0,4,25,0,0,0,25,0,0,25,4,50,388,6,15,2,14,10,10
"agent BacktrackAgent #20",BacktrackAgent,0.04,0,0.69,25,0,0,0,0,0,25,2,0,0,25,0,0,25,0,50,117,2,5,3,4,10,10
"agent BacktrackAgent #21",BacktrackAgent,0.12,0,0.69,25,0,0,0,0,4,25,2,0,0,25,0,0,25,6,50,323,0,13,0,12,10,10
"agent BacktrackAgent #22",BacktrackAgent,0.23,0,0.69,25,0,2,0,2,6,25,8,0,0,25,0,0,25,6,50,373,3,15,1,23,10,10
"agent BacktrackAgent #23",BacktrackAgent,0.18,0,0.69,25,0,1,0,1,4,25,2,0,0,25,0,0,25,6,50,414,6,17,2,18,10,10
"agent BacktrackAgent #24",BacktrackAgent,0.04,0,0.69,25,0,0,0,0,0,25,2,0,0,25,0,0,25,0,50,113,2,5,3,4,10,10
"agent BacktrackAgent #25",BacktrackAgent,0.12,0,0.69,25,0,0,0,0,4,25,2,0,0,25,0,0,25,6,50,310,0,13,0,12,10,10
"agent ForwardAgent #26",ForwardAgent,0.07,0,0.69,25,0,1,0,1,4,25,2,0,0,25,0,0,25,0,50,150,1,7,1,7,10,10
"agent ForwardAgent #27",ForwardAgent,0.42,0,0.69,25,0,2,0,2,12,25,6,0,0,25,0,0,25,10,50,443,14,17,2,42,10,10
"agent ForwardAgent #28",ForwardAgent,0.04,0,0.69,25,0,0,0,0,0,25,2,0,0,25,0,0,25,0,50,104,2,5,3,4,10,10
"agent ForwardAgent #29",ForwardAgent,0.12,0,0.69,25,0,0,0,0,4,25,2,0,0,25,0,0,25,6,50,279,0,13,0,12,10,10
"agent ForwardAgent #30",ForwardAgent,0.43,0,0.69,25,0,4,0,4,10,25,14,0,0,25,0,0,25,12,50,384,7,15,1,43,10,10
"agent ForwardAgent #31",ForwardAgent,0.18,0,0.69,25,0,1,0,1,4,25,2,0,0,25,0,0,25,6,50,349,6,17,2,18,10,10
"agent ForwardAgent #32",ForwardAgent,0.04,0,0.69,25,0,0,0,0,0,25,2,0,0,25,0,0,25,0,50,100,2,5,3,4,10,10
"agent ForwardAgent #33",ForwardAgent,0.12,0,0.69,25,0,0,0,0,4,25,2,0,0,25,0,0,25,6,50,266,0,13,0,12,10,10
"agent ForwardAgent #34",ForwardAgent,0.25,0,0.69,25,0,2,0,2,7,25,8,0,0,25,0,0,25,6,50,203,4,15,1,25,10,10
"agent ForwardAgent #35",ForwardAgent,0.14,0,0.69,25,0,0,0,0,4,25,0,0,0,25,0,0,25,4,50,309,6,15,2,14,10,10
"agent ForwardAgent #36",ForwardAgent,0.88,0,0.69,25,0,6,0,6,24,25,20,0,0,25,0,0,25,18,50,516,26,17,3,88,10,10
"agent ForwardAgent #37",ForwardAgent,0.12,0,0.69,25,0,0,0,0,4,25,2,0,0,25,0,0,25,6,50,253,0,13,0,12,10,10
"agent ForwardAgent #38",ForwardAgent,0.05,0,0.69,25,0,0,0,0,3,25,2,0,0,25,0,0,25,0,50,59,0,6,1,5,10,10
"agent ForwardAgent #39",ForwardAgent,0.18,0,0.69,25,0,1,0,1,4,25,2,0,0,25,0,0,25,6,50,316,6,17,2,18,10,10
"agent ForwardAgent #40",ForwardAgent,0.32,0,0.69,25,0,2,0,2,8,25,8,0,0,25,0,0,25,6,50,345,10,17,3,32,10,10
"agent ForwardAgent #41",ForwardAgent,0.12,0,0.69,25,0,0,0,0,4,25,2,0,0,25,0,0,25,6,50,241,0,13,0,12,10,10
"agent ForwardAgent #42",ForwardAgent,0.07,0,0.69,25,0,1,0,1,4,25,2,0,0,25,0,0,25,0,50,131,1,7,1,7,10,10
"agent ForwardAgent #43",ForwardAgent,0.14,0,0.69,25,0,0,0,0,4,25,0,0,0,25,0,0,25,4,50,278,6,15,2,14,10,10
"agent ForwardAgent #44",ForwardAgent,0.04,0,0.69,25,0,0,0,0,0,25,2,0,0,25,0,0,25,0,50,90,2,5,3,4,10,10
"agent ForwardAgent #45",ForwardAgent,0.16,0,0.69,25,0,1,0,1,6,25,2,0,0,25,0,0,25,6,50,281,2,15,0,16,10,10
"agent ForwardAgent #46",ForwardAgent,0.07,0,0.69,25,0,1,0,1,4,25,2,0,0,25,0,0,25,0,50,124,1,7,1,7,10,10
"agent ForwardAgent #47",ForwardAgent,0.14,0,0.69,25,0,0,0,0,4,25,0,0,0,25,0,0,25,4,50,264,6,15,2,14,10,10
"agent ForwardAgent #48",ForwardAgent,0.04,0,0.69,25,0,0,0,0,0,25,2,0,0,25,0,0,25,0,50,86,2,5,3,4,10,10
"agent ForwardAgent #49",ForwardAgent,0.12,0,0.69,25,0,0,0,0,4,25,2,0,0,25,0,0,25,6,50,220,0,13,0,12,10,10
"agent ForwardAgent #50",ForwardAgent,1.01,0,0.69,25,0,9,0,9,21,25,32,0,0,25,0,0,25,30,50,258,18,15,1,101,10,10
"agent RandomAgent #51",RandomAgent,1.0,0,0.69,25,0,3,0,60,36,25,11,0,0,25,0,0,25,15,50,323,38,15,2,100,10,10
"agent RandomAgent #52",RandomAgent,0.06,0,0.69,25,0,0,0,2,1,25,2,0,0,25,0,0,25,0,50,70,3,5,3,6,10,10
"agent RandomAgent #53",RandomAgent,1.66,0,0.69,25,0,16,0,90,41,25,42,0,0,25,0,0,25,46,50,300,37,15,0,166,10,10
"agent RandomAgent #54",RandomAgent,0.25,0,0.69,25,0,0,0,11,8,25,7,0,0,25,0,0,25,5,50,173,5,8,1,25,10,10
"agent RandomAgent #55",RandomAgent,1.68,0,0.69,25,0,13,0,82,62,25,19,0,0,25,0,0,25,23,50,374,64,16,2,168,10,10
"agent RandomAgent #56",RandomAgent,0.6,0,0.69,25,0,4,0,29,8,25,22,0,0,25,0,0,25,20,50,161,10,9,3,60,10,10
"agent RandomAgent #57",RandomAgent,0.7,0,0.69,25,0,1,0,37,18,25,17,0,0,25,0,0,25,21,50,237,14,15,0,70,10,10
"agent RandomAgent #58",RandomAgent,1.33,0,0.69,25,0,10,0,72,22,25,47,0,0,25,0,0,25,45,50,185,19,14,1,133,10,10
"agent RandomAgent #59",RandomAgent,0.98,0,0.69,25,0,12,0,49,43,25,3,0,0,25,0,0,25,7,50,256,45,17,2,98,10,10
"agent RandomAgent #60",RandomAgent,0.08,0,0.69,25,0,0,0,4,2,25,2,0,0,25,0,0,25,0,50,63,4,5,3,8,10,10
"agent RandomAgent #61",RandomAgent,1.62,0,0.69,25,0,13,0,81,30,25,51,0,0,25,0,0,25,55,50,129,26,15,0,162,10,10
"agent RandomAgent #62",RandomAgent,0.49,0,0.69,25,0,0,0,27,14,25,13,0,0,25,0,0,25,11,50,111,11,12,1,49,10,10
"agent RandomAgent #63",RandomAgent,0.68,0,0.69,25,0,4,0,36,18,25,13,0,0,25,0,0,25,17,50,159,20,17,2,68,10,10
"agent RandomAgent #64",RandomAgent,0.1,0,0.69,25,0,3,0,6,0,25,5,0,0,25,0,0,25,3,50,46,2,5,3,10,10,10
"agent RandomAgent #65",RandomAgent,0.92,0,0.69,25,0,12,0,52,14,25,32,0,0,25,0,0,25,36,50,148,10,15,0,92,10,10
"agent RandomAgent #66",RandomAgent,0.19,0,0.69,25,0,0,0,9,3,25,9,0,0,25,0,0,25,7,50,101,0,8,1,19,10,10
"agent RandomAgent #67",RandomAgent,1.2,0,0.69,25,0,9,0,67,50,25,7,0,0,25,0,0,25,11,50,226,52,16,2,120,10,10
"agent RandomAgent #68",RandomAgent,2.98,0,0.69,25,0,26,0,166,105,25,44,0,0,25,0,0,25,42,50,255,107,17,3,298,10,10
"agent RandomAgent #69",RandomAgent,0.74,0,0.69,25,0,2,0,35,14,25,23,0,0,25,0,0,25,27,50,123,10,14,0,74,10,10
"agent RandomAgent #70",RandomAgent,0.17,0,0.69,25,0,0,0,8,6,25,5,0,0,25,0,0,25,3,50,81,3,6,1,17,10,10
"agent RandomAgent #71",RandomAgent,5.26,0,0.69,25,0,31,0,280,195,25,65,0,0,25,0,0,25,69,50,234,197,17,2,526,10,10
"agent RandomAgent #72",RandomAgent,0.04,0,0.69,25,0,0,0,0,0,25,2,0,0,25,0,0,25,0,50,42,2,5,3,4,10,10
"agent RandomAgent #73",RandomAgent,0.22,0,0.69,25,0,0,0,10,6,25,5,0,0,25,0,0,25,9,50,142,2,13,0,22,10,10
"agent RandomAgent #74",RandomAgent,0.45,0,0.69,25,0,3,0,19,16,25,9,0,0,25,0,0,25,7,50,100,13,10,1,45,10,10
"agent RandomAgent #75",RandomAgent,3.28,0,0.69,25,0,18,0,168,124,25,37,0,0,25,0,0,25,41,50,108,126,16,2,328,10,10
"agent NegotiatingAgent #76",NegotiatingAgent,0.28,0,0.69,25,5,1,0,1,8,25,6,16,23,25,0,3,25,4,50,173,10,17,3,28,10,10
"agent NegotiatingAgent #77",NegotiatingAgent,0.16,2,0.69,25,7,1,0,1,6,25,2,12,23,25,0,0,25,6,50,102,2,15,0,16,10,10
"agent NegotiatingAgent #78",NegotiatingAgent,0.23,2,0.69,25,6,2,0,2,6,25,8,13,26,25,0,1,25,6,50,112,3,15,1,23,10,10
"agent NegotiatingAgent #79",NegotiatingAgent,0.14,0,0.69,25,7,0,0,0,4,25,0,16,20,25,0,1,25,4,50,87,6,15,2,14,10,10
"agent NegotiatingAgent #80",NegotiatingAgent,0.04,0,0.69,25,0,0,0,0,0,25,2,1,2,25,0,0,25,0,50,71,2,5,3,4,10,10
"agent NegotiatingAgent #81",NegotiatingAgent,0.12,0,0.69,25,4,0,0,0,4,25,2,11,11,25,0,1,25,6,50,202,0,13,0,12,10,10
"agent NegotiatingAgent #82",NegotiatingAgent,0.05,0,0.69,25,1,0,0,0,3,25,2,1,4,25,0,0,25,0,50,40,0,6,1,5,10,10
"agent NegotiatingAgent #83",NegotiatingAgent,0.14,2,0.69,25,5,0,0,0,4,25,0,13,17,25,0,0,25,4,50,150,6,15,2,14,10,10
"agent NegotiatingAgent #84",NegotiatingAgent,0.04,0,0.69,25,0,0,0,0,0,25,2,1,2,25,0,0,25,0,50,67,2,5,3,4,10,10
"agent NegotiatingAgent #85",NegotiatingAgent,0.16,2,0.69,25,2,1,0,1,6,25,2,12,14,25,0,3,25,6,50,240,2,15,0,16,10,10
"agent NegotiatingAgent #86",NegotiatingAgent,0.05,0,0.69,25,0,0,0,0,3,25,2,3,3,25,0,1,25,0,50,42,0,6,1,5,10,10
"agent NegotiatingAgent #87",NegotiatingAgent,0.18,0,0.69,25,8,1,0,1,4,25,2,21,20,25,0,2,25,6,50,198,6,17,2,18,10,10
"agent NegotiatingAgent #88",NegotiatingAgent,0.04,0,0.69,25,0,0,0,0,0,25,2,2,2,25,0,0,25,0,50,63,2,5,3,4,10,10
"agent NegotiatingAgent #89",NegotiatingAgent,0.12,0,0.69,25,2,0,0,0,4,25,2,12,11,25,0,2,25,6,50,219,0,13,0,12,10,10
"agent NegotiatingAgent #90",NegotiatingAgent,0.07,1,0.69,25,1,1,0,1,4,25,2,5,5,25,0,1,25,0,50,82,1,7,1,7,10,10
"agent NegotiatingAgent #91",NegotiatingAgent,0.18,0,0.69,25,0,1,0,1,4,25,2,17,10,25,0,7,25,6,50,232,6,17,2,18,10,10
"agent NegotiatingAgent #92",NegotiatingAgent,0.28,0,0.69,25,1,1,0,1,8,25,6,14,21,25,0,5,25,4,50,243,10,17,3,28,10,10
"agent NegotiatingAgent #93",NegotiatingAgent,0.16,0,0.69,25,1,1,0,1,6,25,2,14,15,25,0,0,25,6,50,171,2,15,0,16,10,10
"agent NegotiatingAgent #94",NegotiatingAgent,0.07,0,0.69,25,1,1,0,1,4,25,2,5,6,25,0,0,25,0,50,75,1,7,1,7,10,10
"agent NegotiatingAgent #95",NegotiatingAgent,0.14,0,0.69,25,1,0,0,0,4,25,0,13,12,25,0,2,25,4,50,184,6,15,2,14,10,10
"agent NegotiatingAgent #96",NegotiatingAgent,0.04,0,0.69,25,0,0,0,0,0,25,2,1,2,25,0,0,25,0,50,56,2,5,3,4,10,10
"agent NegotiatingAgent #97",NegotiatingAgent,0.12,0,0.69,25,0,0,0,0,4,25,2,10,8,25,0,2,25,6,50,170,0,13,0,12,10,10
"agent NegotiatingAgent #98",NegotiatingAgent,0.07,0,0.69,25,0,1,0,1,4,25,2,6,5,25,0,1,25,0,50,68,1,7,1,7,10,10
"agent NegotiatingAgent #99",NegotiatingAgent,0.18,0,0.69,25,0,1,0,1,4,25,2,17,14,25,1,4,25,6,50,201,6,17,2,18,10,10
"agent NegotiatingAgent #100",NegotiatingAgent,0.28,0,0.69,25,8,1,0,1,8,25,6,14,32,25,0,0,25,4,50,127,10,17,3,28,10,10
"agent SwarmAgent #101",SwarmAgent,0.14,0,0.69,25,0,0,0,1,5,25,2,0,0,25,0,0,25,6,50,176,1,14,0,14,10,10
"agent SwarmAgent #102",SwarmAgent,0.21,0,0.69,25,0,1,0,1,5,25,8,0,0,25,0,0,25,6,50,73,2,14,1,21,10,10
"agent SwarmAgent #103",SwarmAgent,0.14,0,0.69,25,0,0,0,0,4,25,0,0,0,25,0,0,25,4,50,171,6,15,2,14,10,10
"agent SwarmAgent #104",SwarmAgent,0.28,0,0.69,25,0,1,0,1,8,25,6,0,0,25,0,0,25,4,50,180,10,17,3,28,10,10
"agent SwarmAgent #105",SwarmAgent,0.12,0,0.69,25,0,0,0,0,4,25,2,0,0,25,0,0,25,6,50,110,0,13,0,12,10,10
"agent SwarmAgent #106",SwarmAgent,0.23,0,0.69,25,0,2,0,2,6,25,8,0,0,25,0,0,25,6,50,124,3,15,1,23,10,10
"agent SwarmAgent #107",SwarmAgent,0.14,0,0.69,25,0,0,0,0,4,25,0,0,0,25,0,0,25,4,50,155,6,15,2,14,10,10
"agent SwarmAgent #108",SwarmAgent,0.04,0,0.69,25,0,0,0,0,0,25,2,0,0,25,0,0,25,0,50,35,2,5,3,4,10,10
"agent SwarmAgent #109",SwarmAgent,0.14,0,0.69,25,0,0,0,1,5,25,2,0,0,25,0,0,25,6,50,146,1,14,0,14,10,10
"agent SwarmAgent #110",SwarmAgent,0.21,0,0.69,25,0,1,0,1,5,25,8,0,0,25,0,0,25,6,50,47,2,14,1,21,10,10
"agent SwarmAgent #111",SwarmAgent,0.14,0,0.69,25,0,0,0,0,4,25,0,0,0,25,0,0,25,4,50,140,6,15,2,14,10,10
"agent SwarmAgent #112",SwarmAgent,0.28,0,0.69,25,0,1,0,1,8,25,6,0,0,25,0,0,25,4,50,145,10,17,3,28,10,10
"agent SwarmAgent #113",SwarmAgent,0.14,0,0.69,25,0,0,0,1,5,25,2,0,0,25,0,0,25,6,50,130,1,14,0,14,10,10
"agent SwarmAgent #114",SwarmAgent,0.07,0,0.69,25,0,1,0,1,4,25,2,0,0,25,0,0,25,0,50,47,1,7,1,7,10,10
"agent SwarmAgent #115",SwarmAgent,0.18,0,0.69,25,0,1,0,1,4,25,2,0,0,25,0,0,25,6,50,127,6,17,2,18,10,10
"agent SwarmAgent #116",SwarmAgent,0.04,0,0.69,25,0,0,0,0,0,25,2,0,0,25,0,0,25,0,50,28,2,5,3,4,10,10
"agent SwarmAgent #117",SwarmAgent,0.14,0,0.69,25,0,0,0,1,5,25,2,0,0,25,0,0,25,6,50,116,1,14,0,14,10,10
"agent SwarmAgent #118",SwarmAgent,0.05,0,0.69,25,0,0,0,0,3,25,2,0,0,25,0,0,25,0,50,17,0,6,1,5,10,10
"agent SwarmAgent #119",SwarmAgent,0.14,0,0.69,25,0,0,0,0,4,25,0,0,0,25,0,0,25,4,50,109,6,15,2,14,10,10
"agent SwarmAgent #120",SwarmAgent,0.04,0,0.69,25,0,0,0,0,0,25,2,0,0,25,0,0,25,0,50,24,2,5,3,4,10,10
"agent SwarmAgent #121",SwarmAgent,0.14,0,0.69,25,0,0,0,1,5,25,2,0,0,25,0,0,25,6,50,101,1,14,0,14,10,10
"agent SwarmAgent #122",SwarmAgent,0.23,0,0.69,25,0,2,0,2,6,25,8,0,0,25,0,0,25,6,50,69,3,15,1,23,10,10
"agent SwarmAgent #123",SwarmAgent,0.18,0,0.69,25,0,1,0,1,4,25,2,0,0,25,0,0,25,6,50,96,6,17,2,18,10,10
"agent SwarmAgent #124",SwarmAgent,0.28,0,0.69,25,0,1,0,1,8,25,6,0,0,25,0,0,25,4,50,105,10,17,3,28,10,10
"agent SwarmAgent #125",SwarmAgent,0.14,0,0.69,25,0,0,0,1,5,25,2,0,0,25,0,0,25,6,50,86,1,14,0,14,10,10
"agent SwarmAgent #126",SwarmAgent,0.05,0,0.69,25,0,0,0,0,3,25,2,0,0,25,0,0,25,0,50,11,0,6,1,5,10,10
"agent SwarmAgent #127",SwarmAgent,0.18,0,0.69,25,0,1,0,1,4,25,2,0,0,25,0,0,25,6,50,76,6,17,2,18,10,10
"agent SwarmAgent #128",SwarmAgent,0.04,0,0.69,25,0,0,0,0,0,25,2,0,0,25,0,0,25,0,50,17,2,5,3,4,10,10
"agent SwarmAgent #129",SwarmAgent,0.14,0,0.69,25,0,0,0,1,5,25,2,0,0,25,0,0,25,6,50,72,1,14,0,14,10,10
"agent SwarmAgent #130",SwarmAgent,0.23,0,0.69,25,0,2,0,2,6,25,8,0,0,25,0,0,25,6,50,41,3,15,1,23,10,10
"agent SwarmAgent #131",SwarmAgent,0.14,0,0.69,25,0,0,0,0,4,25,0,0,0,25,0,0,25,4,50,64,6,15,2,14,10,10
"agent SwarmAgent #132",SwarmAgent,0.28,0,0.69,25,0,1,0,1,8,25,6,0,0,25,0,0,25,4,50,70,10,17,3,28,10,10
"agent SwarmAgent #133",SwarmAgent,0.12,0,0.69,25,0,0,0,0,4,25,2,0,0,25,0,0,25,6,50,40,0,13,0,12,10,10
"agent SwarmAgent #134",SwarmAgent,0.07,0,0.69,25,0,1,0,1,4,25,2,0,0,25,0,0,25,0,50,22,1,7,1,7,10,10
"agent SwarmAgent #135",SwarmAgent,0.14,0,0.69,25,0,0,0,0,4,25,0,0,0,25,0,0,25,4,50,48,6,15,2,14,10,10
"agent SwarmAgent #136",SwarmAgent,0.28,0,0.69,25,0,1,0,1,8,25,6,0,0,25,0,0,25,4,50,40,10,17,3,28,10,10
"agent SwarmAgent #137",SwarmAgent,0.14,0,0.69,25,0,0,0,1,5,25,2,0,0,25,0,0,25,6,50,43,1,14,0,14,10,10
"agent SwarmAgent #138",SwarmAgent,0.05,0,0.69,25,0,0,0,0,3,25,2,0,0,25,0,0,25,0,50,4,0,6,1,5,10,10
"agent SwarmAgent #139",SwarmAgent,0.14,0,0.69,25,0,0,0,0,4,25,0,0,0,25,0,0,25,4,50,31,6,15,2,14,10,10
"agent SwarmAgent #140",SwarmAgent,0.04,0,0.69,25,0,0,0,0,0,25,2,0,0,25,0,0,25,0,50,7,2,5,3,4,10,10
"agent SwarmAgent #141",SwarmAgent,0.14,0,0.69,25,0,0,0,1,5,25,2,0,0,25,0,0,25,6,50,28,1,14,0,14,10,10
"agent SwarmAgent #142",SwarmAgent,0.07,0,0.69,25,0,1,0,1,4,25,2,0,0,25,0,0,25,0,50,10,1,7,1,7,10,10
"agent SwarmAgent #143",SwarmAgent,0.18,0,0.69,25,0,1,0,1,4,25,2,0,0,25,0,0,25,6,50,15,6,17,2,18,10,10
"agent SwarmAgent #144",SwarmAgent,0.28,0,0.69,25,0,1,0,1,8,25,6,0,0,25,0,0,25,4,50,5,10,17,3,28,10,10
"agent SwarmAgent #145",SwarmAgent,0.12,0,0.69,25,0,0,0,0,4,25,2,0,0,25,0,0,25,6,50,10,0,13,0,12,10,10
"agent SwarmAgent #146",SwarmAgent,0.21,0,0.69,25,0,1,0,1,5,25,8,0,0,25,0,0,25,6,50,2,2,14,1,21,10,10
"agent SwarmAgent #147",SwarmAgent,0.14,0,0.69,25,0,0,0,0,4,25,0,0,0,25,0,0,25,4,50,1,6,15,2,14,10,10
"agent SwarmAgent #148",SwarmAgent,0.04,0,0.69,25,0,0,0,0,0,25,2,0,0,25,0,0,25,0,50,0,2,5,3,4,10,10
"agent SwarmAgent #149",SwarmAgent,0.14,0,0.69,25,0,0,0,1,5,25,2,0,0,25,0,0,25,6,50,0,1,14,0,14,10,10
"agent SwarmAgent #150",SwarmAgent,0.07,0,0.69,25,0,1,0,1,4,25,2,0,0,25,0,0,25,0,50,0,1,7,1,7,10,10
