agentName,agentType,averageSpeed,cumulatedUtilityReceived,freeWallRatio,numBacktrackAgents,numCFPAnswered,numDeadends,numDifferentEncounters,numDirectionChanges,numDownSteps,numForwardAgents,numLeftSteps,numMessagesReceived,numMessagesSent,numNegotiatingAgents,numProposalsAccepted,numProposalsRejected,numRandomAgents,numRightSteps,numSwarmAgents,numTotalEncounters,numUpSteps,numVisitedCells,startingPosition,stepsToExit,xsize,ysize
"agent BacktrackAgent #1",BacktrackAgent,0.049,0,0.569,25,0,0,0,0,24,25,8,0,0,25,0,0,25,17,50,959,0,50,0,49,20,50
"agent BacktrackAgent #2",BacktrackAgent,0.132,0,0.569,25,0,3,0,3,36,25,45,0,0,25,0,0,25,38,50,392,13,109,1,132,20,50
"agent BacktrackAgent #3",BacktrackAgent,0.477,0,0.569,25,0,14,0,14,102,25,121,0,0,25,0,0,25,130,50,745,124,312,2,477,20,50
"agent BacktrackAgent #4",BacktrackAgent,0.541,0,0.569,25,0,18,0,18,116,25,147,0,0,25,0,0,25,140,50,786,138,344,3,541,20,50
"agent BacktrackAgent #5",BacktrackAgent,0.089,0,0.569,25,0,4,0,4,36,25,16,0,0,25,0,0,25,25,50,938,12,70,0,89,20,50
"agent BacktrackAgent #6",BacktrackAgent,0.558,0,0.569,25,0,18,0,18,153,25,141,0,0,25,0,0,25,134,50,582,130,322,1,558,20,50
"agent BacktrackAgent #7",BacktrackAgent,0.205,0,0.569,25,0,7,0,7,36,25,51,0,0,25,0,0,25,60,50,374,58,176,2,205,20,50
"agent BacktrackAgent #8",BacktrackAgent,0.545,0,0.569,25,0,19,0,19,114,25,151,0,0,25,0,0,25,144,50,562,136,346,3,545,20,50
"agent BacktrackAgent #9",BacktrackAgent,0.089,0,0.569,25,0,4,0,4,36,25,16,0,0,25,0,0,25,25,50,898,12,70,0,89,20,50
"agent BacktrackAgent #10",BacktrackAgent,0.59,0,0.569,25,0,20,0,20,159,25,151,0,0,25,0,0,25,144,50,980,136,338,1,590,20,50
"agent BacktrackAgent #11",BacktrackAgent,0.209,0,0.569,25,0,5,0,5,40,25,49,0,0,25,0,0,25,58,50,490,62,178,2,209,20,50
"agent BacktrackAgent #12",BacktrackAgent,0.277,0,0.569,25,0,11,0,11,56,25,75,0,0,25,0,0,25,68,50,983,78,212,3,277,20,50
"agent BacktrackAgent #13",BacktrackAgent,0.089,0,0.569,25,0,4,0,4,36,25,16,0,0,25,0,0,25,25,50,1135,12,70,0,89,20,50
"agent BacktrackAgent #14",BacktrackAgent,0.572,0,0.569,25,0,18,0,18,144,25,157,0,0,25,0,0,25,150,50,893,121,329,1,572,20,50
"agent BacktrackAgent #15",BacktrackAgent,0.509,0,0.569,25,0,16,0,16,108,25,131,0,0,25,0,0,25,140,50,731,130,328,2,509,20,50
"agent BacktrackAgent #16",BacktrackAgent,0.157,0,0.569,25,0,3,0,3,28,25,43,0,0,25,0,0,25,36,50,624,50,152,3,157,20,50
"agent BacktrackAgent #17",BacktrackAgent,0.089,0,0.569,25,0,4,0,4,36,25,16,0,0,25,0,0,25,25,50,1046,12,70,0,89,20,50
"agent BacktrackAgent #18",BacktrackAgent,0.532,0,0.569,25,0,16,0,16,138,25,143,0,0,25,0,0,25,136,50,674,115,309,1,532,20,50
"agent BacktrackAgent #19",BacktrackAgent,0.233,0,0.569,25,0,7,0,7,48,25,53,0,0,25,0,0,25,62,50,548,70,190,2,233,20,50
"agent BacktrackAgent #20",BacktrackAgent,0.257,0,0.569,25,0,8,0,8,52,25,69,0,0,25,0,0,25,62,50,380,74,202,3,257,20,50
"agent BacktrackAgent #21",BacktrackAgent,0.049,0,0.569,25,0,0,0,0,24,25,8,0,0,25,0,0,25,17,50,908,0,50,0,49,20,50
"agent BacktrackAgent #22",BacktrackAgent,0.59,0,0.569,25,0,20,0,20,159,25,151,0,0,25,0,0,25,144,50,616,136,338,1,590,20,50
"agent BacktrackAgent #23",BacktrackAgent,0.149,0,0.569,25,0,1,0,1,28,25,31,0,0,25,0,0,25,40,50,548,50,148,2,149,20,50
"agent BacktrackAgent #24",BacktrackAgent,0.489,0,0.569,25,0,16,0,16,104,25,133,0,0,25,0,0,25,126,50,756,126,318,3,489,20,50
"agent BacktrackAgent #25",BacktrackAgent,0.049,0,0.569,25,0,0,0,0,24,25,8,0,0,25,0,0,25,17,50,859,0,50,0,49,20,50
"agent ForwardAgent #26",ForwardAgent,2.766,0,0.569,25,0,113,0,113,725,25,673,0,0,25,0,0,25,666,50,1310,702,314,1,2766,20,50
"agent ForwardAgent #27",ForwardAgent,2.265,0,0.569,25,0,88,0,88,536,25,581,0,0,25,0,0,25,590,50,1391,558,330,2,2265,20,50
"agent ForwardAgent #28",ForwardAgent,1.129,0,0.569,25,0,45,0,45,266,25,291,0,0,25,0,0,25,284,50,1145,288,216,3,1129,20,50
"agent ForwardAgent #29",ForwardAgent,0.049,0,0.569,25,0,0,0,0,24,25,8,0,0,25,0,0,25,17,50,754,0,50,0,49,20,50
"agent ForwardAgent #30",ForwardAgent,1.544,0,0.569,25,0,45,0,45,368,25,419,0,0,25,0,0,25,412,50,560,345,298,1,1544,20,50
"agent ForwardAgent #31",ForwardAgent,0.189,0,0.569,25,0,4,0,4,36,25,43,0,0,25,0,0,25,52,50,686,58,168,2,189,20,50
"agent ForwardAgent #32",ForwardAgent,1.661,0,0.569,25,0,74,0,74,408,25,415,0,0,25,0,0,25,408,50,1187,430,218,3,1661,20,50
"agent ForwardAgent #33",ForwardAgent,0.049,0,0.569,25,0,0,0,0,24,25,8,0,0,25,0,0,25,17,50,705,0,50,0,49,20,50
"agent ForwardAgent #34",ForwardAgent,1.01,0,0.569,25,0,24,0,24,287,25,233,0,0,25,0,0,25,226,50,560,264,314,1,1010,20,50
"agent ForwardAgent #35",ForwardAgent,1.601,0,0.569,25,0,55,0,55,404,25,381,0,0,25,0,0,25,390,50,664,426,264,2,1601,20,50
"agent ForwardAgent #36",ForwardAgent,0.253,0,0.569,25,0,8,0,8,48,25,71,0,0,25,0,0,25,64,50,263,70,196,3,253,20,50
"agent ForwardAgent #37",ForwardAgent,0.081,0,0.569,25,0,2,0,2,32,25,16,0,0,25,0,0,25,25,50,926,8,66,0,81,20,50
"agent ForwardAgent #38",ForwardAgent,1.838,0,0.569,25,0,87,0,87,497,25,437,0,0,25,0,0,25,430,50,806,474,154,1,1838,20,50
"agent ForwardAgent #39",ForwardAgent,0.613,0,0.569,25,0,18,0,18,130,25,161,0,0,25,0,0,25,170,50,568,152,286,2,613,20,50
"agent ForwardAgent #40",ForwardAgent,0.513,0,0.569,25,0,17,0,17,114,25,135,0,0,25,0,0,25,128,50,598,136,306,3,513,20,50
"agent ForwardAgent #41",ForwardAgent,0.101,0,0.569,25,0,7,0,7,42,25,16,0,0,25,0,0,25,25,50,758,18,68,0,101,20,50
"agent ForwardAgent #42",ForwardAgent,0.174,0,0.569,25,0,4,0,4,55,25,47,0,0,25,0,0,25,40,50,418,32,130,1,174,20,50
"agent ForwardAgent #43",ForwardAgent,1.661,0,0.569,25,0,45,0,45,432,25,383,0,0,25,0,0,25,392,50,1253,454,314,2,1661,20,50
"agent ForwardAgent #44",ForwardAgent,2.013,0,0.569,25,0,81,0,81,478,25,521,0,0,25,0,0,25,514,50,1108,500,328,3,2013,20,50
"agent ForwardAgent #45",ForwardAgent,0.193,0,0.569,25,0,18,0,18,66,25,38,0,0,25,0,0,25,47,50,675,42,70,0,193,20,50
"agent ForwardAgent #46",ForwardAgent,1.676,0,0.569,25,0,66,0,66,416,25,437,0,0,25,0,0,25,430,50,610,393,362,1,1676,20,50
"agent ForwardAgent #47",ForwardAgent,1.145,0,0.569,25,0,34,0,34,296,25,261,0,0,25,0,0,25,270,50,831,318,218,2,1145,20,50
"agent ForwardAgent #48",ForwardAgent,1.029,0,0.569,25,0,53,0,53,254,25,253,0,0,25,0,0,25,246,50,832,276,216,3,1029,20,50
"agent ForwardAgent #49",ForwardAgent,0.049,0,0.569,25,0,0,0,0,24,25,8,0,0,25,0,0,25,17,50,569,0,50,0,49,20,50
"agent ForwardAgent #50",ForwardAgent,0.168,0,0.569,25,0,4,0,4,52,25,47,0,0,25,0,0,25,40,50,181,29,124,1,168,20,50
"agent RandomAgent #51",RandomAgent,16.245,0,0.569,25,0,535,0,8078,4089,25,4018,0,0,25,0,0,25,4027,50,4335,4111,300,2,16245,20,50
"agent RandomAgent #52",RandomAgent,5.471,0,0.569,25,0,151,0,2711,1277,25,1451,0,0,25,0,0,25,1444,50,1904,1299,230,3,5471,20,50
"agent RandomAgent #53",RandomAgent,2.611,0,0.569,25,0,86,0,1363,653,25,660,0,0,25,0,0,25,669,50,793,629,70,0,2611,20,50
"agent RandomAgent #54",RandomAgent,43.028,0,0.569,25,0,1732,0,21646,11377,25,10152,0,0,25,0,0,25,10145,50,4174,11354,159,1,43028,20,50
"agent RandomAgent #55",RandomAgent,29.465,0,0.569,25,0,962,0,14913,7885,25,6832,0,0,25,0,0,25,6841,50,4617,7907,237,2,29465,20,50
"agent RandomAgent #56",RandomAgent,28.811,0,0.569,25,0,1354,0,14398,6448,25,7950,0,0,25,0,0,25,7943,50,7135,6470,225,3,28811,20,50
"agent RandomAgent #57",RandomAgent,0.529,0,0.569,25,0,20,0,268,125,25,147,0,0,25,0,0,25,156,50,321,101,50,0,529,20,50
"agent RandomAgent #58",RandomAgent,8.964,0,0.569,25,0,336,0,4546,2114,25,2383,0,0,25,0,0,25,2376,50,1420,2091,143,1,8964,20,50
"agent RandomAgent #59",RandomAgent,11.109,0,0.569,25,0,509,0,5600,2612,25,2927,0,0,25,0,0,25,2936,50,2243,2634,227,2,11109,20,50
"agent RandomAgent #60",RandomAgent,17.331,0,0.569,25,0,610,0,8716,4466,25,4192,0,0,25,0,0,25,4185,50,2948,4488,228,3,17331,20,50
"agent RandomAgent #61",RandomAgent,1.549,0,0.569,25,0,121,0,740,429,25,353,0,0,25,0,0,25,362,50,124,405,70,0,1549,20,50
"agent RandomAgent #62",RandomAgent,9.042,0,0.569,25,0,420,0,4612,1974,25,2562,0,0,25,0,0,25,2555,50,1157,1951,153,1,9042,20,50
"agent RandomAgent #63",RandomAgent,27.683,0,0.569,25,0,1322,0,13999,6461,25,7365,0,0,25,0,0,25,7374,50,4707,6483,219,2,27683,20,50
"agent RandomAgent #64",RandomAgent,65.091,0,0.569,25,0,2958,0,32841,15120,25,17418,0,0,25,0,0,25,17411,50,5508,15142,227,3,65091,20,50
"agent RandomAgent #65",RandomAgent,5.987,0,0.569,25,0,279,0,3052,1565,25,1436,0,0,25,0,0,25,1445,50,636,1541,70,0,5987,20,50
"agent RandomAgent #66",RandomAgent,18.154,0,0.569,25,0,907,0,9188,4986,25,4106,0,0,25,0,0,25,4099,50,1756,4963,184,1,18154,20,50
"agent RandomAgent #67",RandomAgent,22.723,0,0.569,25,0,625,0,11417,5064,25,6282,0,0,25,0,0,25,6291,50,1542,5086,344,2,22723,20,50
"agent RandomAgent #68",RandomAgent,16.983,0,0.569,25,0,610,0,8594,4194,25,4290,0,0,25,0,0,25,4283,50,1406,4216,218,3,16983,20,50
"agent RandomAgent #69",RandomAgent,1.189,0,0.569,25,0,27,0,570,275,25,327,0,0,25,0,0,25,336,50,189,251,51,0,1189,20,50
"agent RandomAgent #70",RandomAgent,17.116,0,0.569,25,0,807,0,8600,4497,25,4076,0,0,25,0,0,25,4069,50,614,4474,144,1,17116,20,50
"agent RandomAgent #71",RandomAgent,77.417,0,0.569,25,0,3208,0,38960,19275,25,19418,0,0,25,0,0,25,19427,50,2767,19297,232,2,77417,20,50
"agent RandomAgent #72",RandomAgent,14.189,0,0.569,25,0,650,0,7244,3229,25,3858,0,0,25,0,0,25,3851,50,478,3251,225,3,14189,20,50
"agent RandomAgent #73",RandomAgent,1.465,0,0.569,25,0,82,0,780,300,25,440,0,0,25,0,0,25,449,50,52,276,50,0,1465,20,50
"agent RandomAgent #74",RandomAgent,31.038,0,0.569,25,0,916,0,15452,7387,25,8147,0,0,25,0,0,25,8140,50,111,7364,178,1,31038,20,50
"agent RandomAgent #75",RandomAgent,65.159,0,0.569,25,0,2527,0,32716,15797,25,16767,0,0,25,0,0,25,16776,50,148,15819,304,2,65159,20,50
"agent NegotiatingAgent #76",NegotiatingAgent,0.165,42,0.569,25,8,5,0,5,30,25,45,30,167,25,5,0,25,38,50,419,52,156,3,165,20,50
"agent NegotiatingAgent #77",NegotiatingAgent,0.049,0,0.569,25,8,0,0,0,24,25,8,12,23,25,0,0,25,17,50,90,0,50,0,49,20,50
"agent NegotiatingAgent #78",NegotiatingAgent,0.52,590,0.569,25,14,12,0,13,138,25,137,28,157,25,1,0,25,130,50,383,115,303,1,520,20,50
"agent NegotiatingAgent #79",NegotiatingAgent,0.165,86,0.569,25,12,3,0,3,30,25,37,30,119,25,3,0,25,46,50,667,52,156,2,165,20,50
"agent NegotiatingAgent #80",NegotiatingAgent,0.257,1530,0.569,25,32,8,0,8,54,25,67,77,96,25,2,1,25,60,50,259,76,202,3,257,20,50
"agent NegotiatingAgent #81",NegotiatingAgent,0.089,46,0.569,25,16,4,0,4,36,25,16,37,37,25,0,5,25,25,50,210,12,70,0,89,20,50
"agent NegotiatingAgent #82",NegotiatingAgent,0.156,140,0.569,25,4,4,0,4,40,25,53,11,18,25,0,2,25,46,50,270,17,121,1,156,20,50
"agent NegotiatingAgent #83",NegotiatingAgent,0.205,1393,0.569,25,25,5,0,5,40,25,47,58,76,25,1,2,25,56,50,251,62,176,2,205,20,50
"agent NegotiatingAgent #84",NegotiatingAgent,0.473,814,0.569,25,16,11,0,11,100,25,129,47,111,25,6,0,25,122,50,197,122,310,3,473,20,50
"agent NegotiatingAgent #85",NegotiatingAgent,0.049,0,0.569,25,10,0,0,0,24,25,8,28,25,25,0,2,25,17,50,222,0,50,0,49,20,50
"agent NegotiatingAgent #86",NegotiatingAgent,0.42,300,0.569,25,4,4,0,5,116,25,109,38,193,25,8,4,25,102,50,452,93,253,1,420,20,50
"agent NegotiatingAgent #87",NegotiatingAgent,0.149,6,0.569,25,4,1,0,1,28,25,31,15,133,25,1,0,25,40,50,194,50,148,2,149,20,50
"agent NegotiatingAgent #88",NegotiatingAgent,0.233,458,0.569,25,11,6,0,6,44,25,65,79,103,25,19,0,25,58,50,197,66,190,3,233,20,50
"agent NegotiatingAgent #89",NegotiatingAgent,0.089,8,0.569,25,9,4,0,4,36,25,16,34,40,25,1,6,25,25,50,366,12,70,0,89,20,50
"agent NegotiatingAgent #90",NegotiatingAgent,0.454,602,0.569,25,17,9,0,10,131,25,111,50,108,25,8,0,25,104,50,192,108,270,1,454,20,50
"agent NegotiatingAgent #91",NegotiatingAgent,0.339,386,0.569,25,7,5,0,6,67,25,87,40,119,25,8,4,25,96,50,292,89,243,2,339,20,50
"agent NegotiatingAgent #92",NegotiatingAgent,0.149,0,0.569,25,0,1,0,1,28,25,39,33,117,25,9,6,25,32,50,310,50,148,3,149,20,50
"agent NegotiatingAgent #93",NegotiatingAgent,0.089,0,0.569,25,3,4,0,4,36,25,16,41,47,25,6,10,25,25,50,393,12,70,0,89,20,50
"agent NegotiatingAgent #94",NegotiatingAgent,0.21,228,0.569,25,6,7,0,7,61,25,59,45,78,25,14,1,25,52,50,142,38,148,1,210,20,50
"agent NegotiatingAgent #95",NegotiatingAgent,0.445,110,0.569,25,3,6,0,7,98,25,109,71,142,25,27,2,25,118,50,337,120,296,2,445,20,50
"agent NegotiatingAgent #96",NegotiatingAgent,0.249,0,0.569,25,0,9,0,9,48,25,69,72,100,25,26,3,25,62,50,176,70,198,3,249,20,50
"agent NegotiatingAgent #97",NegotiatingAgent,0.049,0,0.569,25,0,0,0,0,24,25,8,30,34,25,0,13,25,17,50,448,0,50,0,49,20,50
"agent NegotiatingAgent #98",NegotiatingAgent,0.182,0,0.569,25,0,5,0,5,57,25,49,22,67,25,6,4,25,42,50,148,34,134,1,182,20,50
"agent NegotiatingAgent #99",NegotiatingAgent,0.205,0,0.569,25,0,5,0,5,40,25,47,53,68,25,13,9,25,56,50,195,62,176,2,205,20,50
"agent NegotiatingAgent #100",NegotiatingAgent,0.481,2192,0.569,25,39,15,0,15,102,25,131,80,119,25,0,0,25,124,50,196,124,314,3,481,20,50
"agent SwarmAgent #101",SwarmAgent,0.085,0,0.569,25,0,3,0,3,36,25,14,0,0,25,0,0,25,23,50,430,12,68,0,85,20,50
"agent SwarmAgent #102",SwarmAgent,0.134,0,0.569,25,0,2,0,2,49,25,33,0,0,25,0,0,25,26,50,303,26,110,1,134,20,50
"agent SwarmAgent #103",SwarmAgent,0.327,0,0.569,25,0,2,0,3,67,25,81,0,0,25,0,0,25,90,50,1349,89,237,2,327,20,50
"agent SwarmAgent #104",SwarmAgent,0.327,0,0.569,25,0,3,0,4,65,25,91,0,0,25,0,0,25,84,50,1009,87,237,3,327,20,50
"agent SwarmAgent #105",SwarmAgent,0.081,0,0.569,25,0,2,0,2,34,25,14,0,0,25,0,0,25,23,50,619,10,66,0,81,20,50
"agent SwarmAgent #106",SwarmAgent,0.382,0,0.569,25,0,2,0,3,121,25,85,0,0,25,0,0,25,78,50,467,98,234,1,382,20,50
"agent SwarmAgent #107",SwarmAgent,0.299,0,0.569,25,0,1,0,2,59,25,75,0,0,25,0,0,25,84,50,231,81,223,2,299,20,50
"agent SwarmAgent #108",SwarmAgent,0.327,0,0.569,25,0,4,0,5,65,25,91,0,0,25,0,0,25,84,50,573,87,237,3,327,20,50
"agent SwarmAgent #109",SwarmAgent,0.077,0,0.569,25,0,1,0,1,34,25,12,0,0,25,0,0,25,21,50,392,10,64,0,77,20,50
"agent SwarmAgent #110",SwarmAgent,0.364,0,0.569,25,0,2,0,3,106,25,91,0,0,25,0,0,25,84,50,240,83,225,1,364,20,50
"agent SwarmAgent #111",SwarmAgent,0.177,0,0.569,25,0,2,0,2,36,25,37,0,0,25,0,0,25,46,50,511,58,162,2,177,20,50
"agent SwarmAgent #112",SwarmAgent,0.153,0,0.569,25,0,2,0,2,28,25,41,0,0,25,0,0,25,34,50,225,50,150,3,153,20,50
"agent SwarmAgent #113",SwarmAgent,0.049,0,0.569,25,0,0,0,0,24,25,8,0,0,25,0,0,25,17,50,301,0,50,0,49,20,50
"agent SwarmAgent #114",SwarmAgent,0.376,0,0.569,25,0,2,0,3,108,25,95,0,0,25,0,0,25,88,50,214,85,231,1,376,20,50
"agent SwarmAgent #115",SwarmAgent,0.173,0,0.569,25,0,3,0,3,32,25,39,0,0,25,0,0,25,48,50,513,54,160,2,173,20,50
"agent SwarmAgent #116",SwarmAgent,0.303,0,0.569,25,0,2,0,3,61,25,83,0,0,25,0,0,25,76,50,59,83,225,3,303,20,50
"agent SwarmAgent #117",SwarmAgent,0.081,0,0.569,25,0,2,0,2,34,25,14,0,0,25,0,0,25,23,50,492,10,66,0,81,20,50
"agent SwarmAgent #118",SwarmAgent,0.128,0,0.569,25,0,2,0,2,36,25,43,0,0,25,0,0,25,36,50,66,13,107,1,128,20,50
"agent SwarmAgent #119",SwarmAgent,0.319,0,0.569,25,0,0,0,2,63,25,81,0,0,25,0,0,25,90,50,744,85,233,2,319,20,50
"agent SwarmAgent #120",SwarmAgent,0.173,0,0.569,25,0,2,0,2,32,25,47,0,0,25,0,0,25,40,50,720,54,160,3,173,20,50
"agent SwarmAgent #121",SwarmAgent,0.077,0,0.569,25,0,1,0,1,34,25,12,0,0,25,0,0,25,21,50,249,10,64,0,77,20,50
"agent SwarmAgent #122",SwarmAgent,0.372,0,0.569,25,0,2,0,3,106,25,95,0,0,25,0,0,25,88,50,406,83,229,1,372,20,50
"agent SwarmAgent #123",SwarmAgent,0.181,0,0.569,25,0,2,0,2,34,25,41,0,0,25,0,0,25,50,50,524,56,164,2,181,20,50
"agent SwarmAgent #124",SwarmAgent,0.173,0,0.569,25,0,3,0,3,36,25,43,0,0,25,0,0,25,36,50,360,58,160,3,173,20,50
"agent SwarmAgent #125",SwarmAgent,0.081,0,0.569,25,0,2,0,2,34,25,14,0,0,25,0,0,25,23,50,374,10,66,0,81,20,50
"agent SwarmAgent #126",SwarmAgent,0.138,0,0.569,25,0,3,0,3,49,25,35,0,0,25,0,0,25,28,50,159,26,112,1,138,20,50
"agent SwarmAgent #127",SwarmAgent,0.331,0,0.569,25,0,2,0,3,67,25,83,0,0,25,0,0,25,92,50,581,89,239,2,331,20,50
"agent SwarmAgent #128",SwarmAgent,0.177,0,0.569,25,0,3,0,3,34,25,47,0,0,25,0,0,25,40,50,337,56,162,3,177,20,50
"agent SwarmAgent #129",SwarmAgent,0.081,0,0.569,25,0,2,0,2,34,25,14,0,0,25,0,0,25,23,50,293,10,66,0,81,20,50
"agent SwarmAgent #130",SwarmAgent,0.382,0,0.569,25,0,2,0,3,121,25,85,0,0,25,0,0,25,78,50,49,98,234,1,382,20,50
"agent SwarmAgent #131",SwarmAgent,0.327,0,0.569,25,0,2,0,3,67,25,81,0,0,25,0,0,25,90,50,193,89,237,2,327,20,50
"agent SwarmAgent #132",SwarmAgent,0.173,0,0.569,25,0,2,0,2,34,25,45,0,0,25,0,0,25,38,50,449,56,160,3,173,20,50
"agent SwarmAgent #133",SwarmAgent,0.081,0,0.569,25,0,2,0,2,34,25,14,0,0,25,0,0,25,23,50,212,10,66,0,81,20,50
"agent SwarmAgent #134",SwarmAgent,0.386,0,0.569,25,0,3,0,4,121,25,87,0,0,25,0,0,25,80,50,27,98,236,1,386,20,50
"agent SwarmAgent #135",SwarmAgent,0.181,0,0.569,25,0,2,0,2,36,25,39,0,0,25,0,0,25,48,50,231,58,164,2,181,20,50
"agent SwarmAgent #136",SwarmAgent,0.173,0,0.569,25,0,2,0,2,32,25,47,0,0,25,0,0,25,40,50,277,54,160,3,173,20,50
"agent SwarmAgent #137",SwarmAgent,0.049,0,0.569,25,0,0,0,0,24,25,8,0,0,25,0,0,25,17,50,107,0,50,0,49,20,50
"agent SwarmAgent #138",SwarmAgent,0.13,0,0.569,25,0,2,0,2,45,25,35,0,0,25,0,0,25,28,50,3,22,108,1,130,20,50
"agent SwarmAgent #139",SwarmAgent,0.319,0,0.569,25,0,0,0,2,63,25,81,0,0,25,0,0,25,90,50,178,85,233,2,319,20,50
"agent SwarmAgent #140",SwarmAgent,0.173,0,0.569,25,0,2,0,2,32,25,47,0,0,25,0,0,25,40,50,168,54,160,3,173,20,50
"agent SwarmAgent #141",SwarmAgent,0.049,0,0.569,25,0,0,0,0,24,25,8,0,0,25,0,0,25,17,50,58,0,50,0,49,20,50
"agent SwarmAgent #142",SwarmAgent,0.116,0,0.569,25,0,2,0,2,34,25,39,0,0,25,0,0,25,32,50,84,11,101,1,116,20,50
"agent SwarmAgent #143",SwarmAgent,0.177,0,0.569,25,0,2,0,2,36,25,37,0,0,25,0,0,25,46,50,5,58,162,2,177,20,50
"agent SwarmAgent #144",SwarmAgent,0.323,0,0.569,25,0,2,0,3,63,25,91,0,0,25,0,0,25,84,50,7,85,235,3,323,20,50
"agent SwarmAgent #145",SwarmAgent,0.081,0,0.569,25,0,2,0,2,34,25,14,0,0,25,0,0,25,23,50,73,10,66,0,81,20,50
"agent SwarmAgent #146",SwarmAgent,0.4,0,0.569,25,0,3,0,4,112,25,103,0,0,25,0,0,25,96,50,10,89,243,1,400,20,50
"agent SwarmAgent #147",SwarmAgent,0.331,0,0.569,25,0,1,0,3,65,25,85,0,0,25,0,0,25,94,50,5,87,239,2,331,20,50
"agent SwarmAgent #148",SwarmAgent,0.169,0,0.569,25,0,2,0,2,34,25,43,0,0,25,0,0,25,36,50,1,56,158,3,169,20,50
"agent SwarmAgent #149",SwarmAgent,0.081,0,0.569,25,0,2,0,2,34,25,14,0,0,25,0,0,25,23,50,0,10,66,0,81,20,50
"agent SwarmAgent #150",SwarmAgent,0.372,0,0.569,25,0,2,0,3,106,25,95,0,0,25,0,0,25,88,50,0,83,229,1,372,20,50
