agentName,agentType,averageSpeed,cumulatedUtilityReceived,freeWallRatio,numBacktrackAgents,numCFPAnswered,numDeadends,numDifferentEncounters,numDirectionChanges,numDownSteps,numForwardAgents,numLeftSteps,numMessagesReceived,numMessagesSent,numNegotiatingAgents,numProposalsAccepted,numProposalsRejected,numRandomAgents,numRightSteps,numSwarmAgents,numTotalEncounters,numUpSteps,numVisitedCells,startingPosition,stepsToExit,xsize,ysize
"agent BacktrackAgent #1",BacktrackAgent,0.113,0,0.569,25,0,2,0,2,48,25,16,0,0,50,0,0,25,25,25,790,24,108,0,113,20,50
"agent BacktrackAgent #2",BacktrackAgent,0.064,0,0.569,25,0,0,0,0,35,25,12,0,0,50,0,0,25,5,25,513,12,65,1,64,20,50
"agent BacktrackAgent #3",BacktrackAgent,0.17,0,0.569,25,0,8,0,8,36,25,34,0,0,50,0,0,25,42,25,292,58,141,2,170,20,50
"agent BacktrackAgent #4",BacktrackAgent,0.501,0,0.569,25,0,17,0,17,126,25,117,0,0,50,0,0,25,110,25,433,148,300,3,501,20,50
"agent BacktrackAgent #5",BacktrackAgent,0.105,0,0.569,25,0,1,0,1,46,25,14,0,0,50,0,0,25,23,25,698,22,104,0,105,20,50
"agent BacktrackAgent #6",BacktrackAgent,0.064,0,0.569,25,0,0,0,0,35,25,12,0,0,50,0,0,25,5,25,449,12,65,1,64,20,50
"agent BacktrackAgent #7",BacktrackAgent,0.492,0,0.569,25,0,18,0,18,126,25,105,0,0,50,0,0,25,113,25,530,148,302,2,492,20,50
"agent BacktrackAgent #8",BacktrackAgent,0.145,0,0.569,25,0,6,0,6,30,25,35,0,0,50,0,0,25,28,25,198,52,122,3,145,20,50
"agent BacktrackAgent #9",BacktrackAgent,0.105,0,0.569,25,0,1,0,1,46,25,14,0,0,50,0,0,25,23,25,593,22,104,0,105,20,50
"agent BacktrackAgent #10",BacktrackAgent,0.064,0,0.569,25,0,0,0,0,35,25,12,0,0,50,0,0,25,5,25,641,12,65,1,64,20,50
"agent BacktrackAgent #11",BacktrackAgent,0.454,0,0.569,25,0,14,0,14,122,25,90,0,0,50,0,0,25,98,25,716,144,283,2,454,20,50
"agent BacktrackAgent #12",BacktrackAgent,0.137,0,0.569,25,0,6,0,6,28,25,33,0,0,50,0,0,25,26,25,408,50,118,3,137,20,50
"agent BacktrackAgent #13",BacktrackAgent,0.113,0,0.569,25,0,2,0,2,48,25,16,0,0,50,0,0,25,25,25,913,24,108,0,113,20,50
"agent BacktrackAgent #14",BacktrackAgent,0.15,0,0.569,25,0,3,0,3,58,25,32,0,0,50,0,0,25,25,25,526,35,108,1,150,20,50
"agent BacktrackAgent #15",BacktrackAgent,0.174,0,0.569,25,0,8,0,8,34,25,38,0,0,50,0,0,25,46,25,400,56,143,2,174,20,50
"agent BacktrackAgent #16",BacktrackAgent,0.121,0,0.569,25,0,4,0,4,22,25,31,0,0,50,0,0,25,24,25,243,44,110,3,121,20,50
"agent BacktrackAgent #17",BacktrackAgent,0.109,0,0.569,25,0,1,0,1,48,25,14,0,0,50,0,0,25,23,25,810,24,106,0,109,20,50
"agent BacktrackAgent #18",BacktrackAgent,0.15,0,0.569,25,0,3,0,3,58,25,32,0,0,50,0,0,25,25,25,393,35,108,1,150,20,50
"agent BacktrackAgent #19",BacktrackAgent,0.502,0,0.569,25,0,20,0,20,130,25,106,0,0,50,0,0,25,114,25,553,152,307,2,502,20,50
"agent BacktrackAgent #20",BacktrackAgent,0.505,0,0.569,25,0,17,0,17,124,25,121,0,0,50,0,0,25,114,25,900,146,302,3,505,20,50
"agent BacktrackAgent #21",BacktrackAgent,0.113,0,0.569,25,0,2,0,2,48,25,16,0,0,50,0,0,25,25,25,675,24,108,0,113,20,50
"agent BacktrackAgent #22",BacktrackAgent,0.064,0,0.569,25,0,0,0,0,35,25,12,0,0,50,0,0,25,5,25,575,12,65,1,64,20,50
"agent BacktrackAgent #23",BacktrackAgent,0.496,0,0.569,25,0,17,0,17,126,25,107,0,0,50,0,0,25,115,25,888,148,304,2,496,20,50
"agent BacktrackAgent #24",BacktrackAgent,0.525,0,0.569,25,0,20,0,20,132,25,123,0,0,50,0,0,25,116,25,782,154,312,3,525,20,50
"agent BacktrackAgent #25",BacktrackAgent,0.101,0,0.569,25,0,0,0,0,46,25,12,0,0,50,0,0,25,21,25,775,22,102,0,101,20,50
"agent ForwardAgent #26",ForwardAgent,0.146,0,0.569,25,0,2,0,2,58,25,30,0,0,50,0,0,25,23,25,290,35,106,1,146,20,50
"agent ForwardAgent #27",ForwardAgent,1.168,0,0.569,25,0,39,0,39,268,25,301,0,0,50,0,0,25,309,25,719,290,250,2,1168,20,50
"agent ForwardAgent #28",ForwardAgent,0.269,0,0.569,25,0,7,0,7,54,25,73,0,0,50,0,0,25,66,25,234,76,134,3,269,20,50
"agent ForwardAgent #29",ForwardAgent,0.113,0,0.569,25,0,2,0,2,48,25,16,0,0,50,0,0,25,25,25,476,24,108,0,113,20,50
"agent ForwardAgent #30",ForwardAgent,0.064,0,0.569,25,0,0,0,0,35,25,12,0,0,50,0,0,25,5,25,384,12,65,1,64,20,50
"agent ForwardAgent #31",ForwardAgent,1.758,0,0.569,25,0,56,0,56,460,25,404,0,0,50,0,0,25,412,25,824,482,304,2,1758,20,50
"agent ForwardAgent #32",ForwardAgent,1.845,0,0.569,25,0,71,0,71,490,25,425,0,0,50,0,0,25,418,25,609,512,320,3,1845,20,50
"agent ForwardAgent #33",ForwardAgent,0.109,0,0.569,25,0,1,0,1,48,25,14,0,0,50,0,0,25,23,25,617,24,106,0,109,20,50
"agent ForwardAgent #34",ForwardAgent,0.166,0,0.569,25,0,4,0,4,62,25,36,0,0,50,0,0,25,29,25,578,39,108,1,166,20,50
"agent ForwardAgent #35",ForwardAgent,1.626,0,0.569,25,0,56,0,56,464,25,334,0,0,50,0,0,25,342,25,482,486,306,2,1626,20,50
"agent ForwardAgent #36",ForwardAgent,0.553,0,0.569,25,0,11,0,11,134,25,135,0,0,50,0,0,25,128,25,374,156,246,3,553,20,50
"agent ForwardAgent #37",ForwardAgent,0.193,0,0.569,25,0,5,0,5,70,25,34,0,0,50,0,0,25,43,25,550,46,108,0,193,20,50
"agent ForwardAgent #38",ForwardAgent,0.078,0,0.569,25,0,1,0,1,38,25,16,0,0,50,0,0,25,9,25,159,15,72,1,78,20,50
"agent ForwardAgent #39",ForwardAgent,0.606,0,0.569,25,0,18,0,18,162,25,126,0,0,50,0,0,25,134,25,404,184,263,2,606,20,50
"agent ForwardAgent #40",ForwardAgent,1.197,0,0.569,25,0,42,0,42,314,25,277,0,0,50,0,0,25,270,25,578,336,294,3,1197,20,50
"agent ForwardAgent #41",ForwardAgent,0.181,0,0.569,25,0,3,0,3,68,25,30,0,0,50,0,0,25,39,25,552,44,108,0,181,20,50
"agent ForwardAgent #42",ForwardAgent,0.138,0,0.569,25,0,1,0,1,56,25,28,0,0,50,0,0,25,21,25,944,33,102,1,138,20,50
"agent ForwardAgent #43",ForwardAgent,4.966,0,0.569,25,0,166,0,166,1286,25,1182,0,0,50,0,0,25,1190,25,1189,1308,324,2,4966,20,50
"agent ForwardAgent #44",ForwardAgent,1.569,0,0.569,25,0,56,0,56,418,25,359,0,0,50,0,0,25,352,25,448,440,298,3,1569,20,50
"agent ForwardAgent #45",ForwardAgent,0.101,0,0.569,25,0,0,0,0,46,25,12,0,0,50,0,0,25,21,25,567,22,102,0,101,20,50
"agent ForwardAgent #46",ForwardAgent,0.064,0,0.569,25,0,0,0,0,35,25,12,0,0,50,0,0,25,5,25,317,12,65,1,64,20,50
"agent ForwardAgent #47",ForwardAgent,2.85,0,0.569,25,0,69,0,69,716,25,694,0,0,50,0,0,25,702,25,741,738,310,2,2850,20,50
"agent ForwardAgent #48",ForwardAgent,5.013,0,0.569,25,0,183,0,183,1344,25,1155,0,0,50,0,0,25,1148,25,1001,1366,324,3,5013,20,50
"agent ForwardAgent #49",ForwardAgent,0.121,0,0.569,25,0,2,0,2,50,25,18,0,0,50,0,0,25,27,25,364,26,104,0,121,20,50
"agent ForwardAgent #50",ForwardAgent,0.064,0,0.569,25,0,0,0,0,35,25,12,0,0,50,0,0,25,5,25,253,12,65,1,64,20,50
"agent RandomAgent #51",RandomAgent,21.598,0,0.569,25,0,463,0,10891,5170,25,5614,0,0,50,0,0,25,5622,25,2480,5192,268,2,21598,20,50
"agent RandomAgent #52",RandomAgent,11.291,0,0.569,25,0,411,0,5676,2912,25,2726,0,0,50,0,0,25,2719,25,2236,2934,199,3,11291,20,50
"agent RandomAgent #53",RandomAgent,2.449,0,0.569,25,0,49,0,1230,708,25,524,0,0,50,0,0,25,533,25,1185,684,108,0,2449,20,50
"agent RandomAgent #54",RandomAgent,9.004,0,0.569,25,0,195,0,4592,2872,25,1645,0,0,50,0,0,25,1638,25,3014,2849,108,1,9004,20,50
"agent RandomAgent #55",RandomAgent,100.114,0,0.569,25,0,3975,0,50128,29017,25,21025,0,0,50,0,0,25,21033,25,2769,29039,324,2,100114,20,50
"agent RandomAgent #56",RandomAgent,12.571,0,0.569,25,0,456,0,6381,3429,25,2849,0,0,50,0,0,25,2842,25,2261,3451,163,3,12571,20,50
"agent RandomAgent #57",RandomAgent,11.947,0,0.569,25,0,368,0,6086,3607,25,2374,0,0,50,0,0,25,2383,25,3585,3583,108,0,11947,20,50
"agent RandomAgent #58",RandomAgent,16.36,0,0.569,25,0,582,0,8271,4794,25,3401,0,0,50,0,0,25,3394,25,5445,4771,108,1,16360,20,50
"agent RandomAgent #59",RandomAgent,62.124,0,0.569,25,0,2539,0,31196,16119,25,14928,0,0,50,0,0,25,14936,25,1082,16141,316,2,62124,20,50
"agent RandomAgent #60",RandomAgent,49.601,0,0.569,25,0,1841,0,24950,12824,25,11969,0,0,50,0,0,25,11962,25,1728,12846,318,3,49601,20,50
"agent RandomAgent #61",RandomAgent,12.925,0,0.569,25,0,278,0,6542,4218,25,2252,0,0,50,0,0,25,2261,25,2608,4194,108,0,12925,20,50
"agent RandomAgent #62",RandomAgent,23.512,0,0.569,25,0,569,0,11821,7648,25,4123,0,0,50,0,0,25,4116,25,3625,7625,108,1,23512,20,50
"agent RandomAgent #63",RandomAgent,28.354,0,0.569,25,0,789,0,14141,7224,25,6938,0,0,50,0,0,25,6946,25,1604,7246,214,2,28354,20,50
"agent RandomAgent #64",RandomAgent,18.505,0,0.569,25,0,468,0,9224,5116,25,4129,0,0,50,0,0,25,4122,25,696,5138,276,3,18505,20,50
"agent RandomAgent #65",RandomAgent,3.757,0,0.569,25,0,48,0,1902,1225,25,661,0,0,50,0,0,25,670,25,875,1201,105,0,3757,20,50
"agent RandomAgent #66",RandomAgent,2.28,0,0.569,25,0,29,0,1126,726,25,429,0,0,50,0,0,25,422,25,166,703,83,1,2280,20,50
"agent RandomAgent #67",RandomAgent,11.988,0,0.569,25,0,367,0,6027,2470,25,3509,0,0,50,0,0,25,3517,25,392,2492,186,2,11988,20,50
"agent RandomAgent #68",RandomAgent,12.651,0,0.569,25,0,519,0,6446,3386,25,2932,0,0,50,0,0,25,2925,25,838,3408,183,3,12651,20,50
"agent RandomAgent #69",RandomAgent,18.967,0,0.569,25,0,399,0,9552,6145,25,3346,0,0,50,0,0,25,3355,25,2024,6121,108,0,18967,20,50
"agent RandomAgent #70",RandomAgent,19.544,0,0.569,25,0,510,0,9828,6340,25,3447,0,0,50,0,0,25,3440,25,1557,6317,108,1,19544,20,50
"agent RandomAgent #71",RandomAgent,10.866,0,0.569,25,0,493,0,5385,3007,25,2411,0,0,50,0,0,25,2419,25,665,3029,195,2,10866,20,50
"agent RandomAgent #72",RandomAgent,6.281,0,0.569,25,0,273,0,3144,1740,25,1393,0,0,50,0,0,25,1386,25,137,1762,150,3,6281,20,50
"agent RandomAgent #73",RandomAgent,36.479,0,0.569,25,0,1269,0,18677,10827,25,7420,0,0,50,0,0,25,7429,25,677,10803,108,0,36479,20,50
"agent RandomAgent #74",RandomAgent,17.314,0,0.569,25,0,450,0,8686,5339,25,3333,0,0,50,0,0,25,3326,25,43,5316,108,1,17314,20,50
"agent RandomAgent #75",RandomAgent,7.206,0,0.569,25,0,275,0,3587,1773,25,1815,0,0,50,0,0,25,1823,25,43,1795,185,2,7206,20,50
"agent NegotiatingAgent #76",NegotiatingAgent,0.459,1134,0.569,25,36,13,0,14,116,25,106,141,178,50,23,5,25,99,25,236,138,279,3,459,20,50
"agent NegotiatingAgent #77",NegotiatingAgent,0.105,242,0.569,25,17,1,0,1,46,25,14,127,115,50,22,7,25,23,25,270,22,104,0,105,20,50
"agent NegotiatingAgent #78",NegotiatingAgent,0.064,0,0.569,25,6,0,0,0,35,25,12,28,24,50,0,8,25,5,25,81,12,65,1,64,20,50
"agent NegotiatingAgent #79",NegotiatingAgent,0.176,1453,0.569,25,24,6,0,6,32,25,41,161,143,50,26,8,25,49,25,177,54,144,2,176,20,50
"agent NegotiatingAgent #80",NegotiatingAgent,0.435,2036,0.569,25,43,10,0,11,110,25,100,182,205,50,26,9,25,93,25,328,132,267,3,435,20,50
"agent NegotiatingAgent #81",NegotiatingAgent,0.101,12,0.569,25,1,0,0,0,46,25,12,31,34,50,0,10,25,21,25,443,22,102,0,101,20,50
"agent NegotiatingAgent #82",NegotiatingAgent,0.146,0,0.569,25,2,2,0,2,58,25,30,66,76,50,16,4,25,23,25,113,35,106,1,146,20,50
"agent NegotiatingAgent #83",NegotiatingAgent,0.39,970,0.569,25,19,8,0,8,104,25,76,67,133,50,7,7,25,84,25,263,126,251,2,390,20,50
"agent NegotiatingAgent #84",NegotiatingAgent,0.133,0,0.569,25,0,5,0,5,22,25,37,72,97,50,21,6,25,30,25,102,44,116,3,133,20,50
"agent NegotiatingAgent #85",NegotiatingAgent,0.105,758,0.569,25,17,1,0,1,46,25,14,80,70,50,7,8,25,23,25,232,22,104,0,105,20,50
"agent NegotiatingAgent #86",NegotiatingAgent,0.142,6,0.569,25,7,2,0,2,56,25,30,53,73,50,8,3,25,23,25,180,33,104,1,142,20,50
"agent NegotiatingAgent #87",NegotiatingAgent,0.152,311,0.569,25,13,5,0,5,28,25,33,110,99,50,25,3,25,41,25,164,50,132,2,152,20,50
"agent NegotiatingAgent #88",NegotiatingAgent,0.425,921,0.569,25,13,9,0,10,104,25,101,118,131,50,27,15,25,94,25,127,126,262,3,425,20,50
"agent NegotiatingAgent #89",NegotiatingAgent,0.105,8,0.569,25,2,1,0,1,46,25,14,99,80,50,21,13,25,23,25,164,22,104,0,105,20,50
"agent NegotiatingAgent #90",NegotiatingAgent,0.064,0,0.569,25,2,0,0,0,35,25,12,23,18,50,0,6,25,5,25,49,12,65,1,64,20,50
"agent NegotiatingAgent #91",NegotiatingAgent,0.402,128,0.569,25,2,10,0,10,104,25,82,60,133,50,19,4,25,90,25,126,126,257,2,402,20,50
"agent NegotiatingAgent #92",NegotiatingAgent,0.409,254,0.569,25,7,8,0,8,100,25,97,236,231,50,73,12,25,90,25,201,122,254,3,409,20,50
"agent NegotiatingAgent #93",NegotiatingAgent,0.113,26,0.569,25,5,2,0,2,48,25,16,120,103,50,24,10,25,25,25,343,24,108,0,113,20,50
"agent NegotiatingAgent #94",NegotiatingAgent,0.142,0,0.569,25,0,2,0,2,56,25,30,102,99,50,19,15,25,23,25,228,33,104,1,142,20,50
"agent NegotiatingAgent #95",NegotiatingAgent,0.168,7,0.569,25,1,6,0,6,36,25,33,183,159,50,52,5,25,41,25,137,58,140,2,168,20,50
"agent NegotiatingAgent #96",NegotiatingAgent,0.129,0,0.569,25,0,4,0,4,24,25,33,6,46,50,0,2,25,26,25,27,46,114,3,129,20,50
"agent NegotiatingAgent #97",NegotiatingAgent,0.113,0,0.569,25,0,2,0,2,48,25,16,90,82,50,17,10,25,25,25,123,24,108,0,113,20,50
"agent NegotiatingAgent #98",NegotiatingAgent,0.064,0,0.569,25,0,0,0,0,35,25,12,21,53,50,0,9,25,5,25,137,12,65,1,64,20,50
"agent NegotiatingAgent #99",NegotiatingAgent,0.448,0,0.569,25,0,14,0,14,114,25,95,96,147,50,36,7,25,103,25,185,136,280,2,448,20,50
"agent NegotiatingAgent #100",NegotiatingAgent,0.493,2343,0.569,25,52,16,0,16,120,25,119,100,163,50,0,0,25,112,25,209,142,296,3,493,20,50
"agent NegotiatingAgent #101",NegotiatingAgent,0.101,1853,0.569,25,60,0,0,0,46,25,12,121,125,50,0,0,25,21,25,235,22,102,0,101,20,50
"agent NegotiatingAgent #102",NegotiatingAgent,0.15,376,0.569,25,33,3,0,3,58,25,32,67,86,50,0,0,25,25,25,270,35,108,1,150,20,50
"agent NegotiatingAgent #103",NegotiatingAgent,0.48,3021,0.569,25,55,17,0,17,122,25,103,107,172,50,0,0,25,111,25,268,144,296,2,480,20,50
"agent NegotiatingAgent #104",NegotiatingAgent,0.149,1171,0.569,25,30,7,0,7,32,25,35,72,79,50,0,1,25,28,25,252,54,124,3,149,20,50
"agent NegotiatingAgent #105",NegotiatingAgent,0.101,1315,0.569,25,69,0,0,0,46,25,12,163,138,50,0,5,25,21,25,376,22,102,0,101,20,50
"agent NegotiatingAgent #106",NegotiatingAgent,0.15,36,0.569,25,17,3,0,3,58,25,32,67,97,50,11,0,25,25,25,155,35,108,1,150,20,50
"agent NegotiatingAgent #107",NegotiatingAgent,0.188,2410,0.569,25,50,8,0,8,34,25,45,108,129,50,0,1,25,53,25,217,56,150,2,188,20,50
"agent NegotiatingAgent #108",NegotiatingAgent,0.153,1176,0.569,25,32,8,0,8,34,25,35,73,89,50,3,1,25,28,25,138,56,126,3,153,20,50
"agent NegotiatingAgent #109",NegotiatingAgent,0.113,1063,0.569,25,39,2,0,2,48,25,16,114,118,50,5,3,25,25,25,311,24,108,0,113,20,50
"agent NegotiatingAgent #110",NegotiatingAgent,0.15,356,0.569,25,20,3,0,3,58,25,32,67,81,50,1,3,25,25,25,184,35,108,1,150,20,50
"agent NegotiatingAgent #111",NegotiatingAgent,0.43,3400,0.569,25,47,14,0,14,112,25,88,95,132,50,3,0,25,96,25,152,134,271,2,430,20,50
"agent NegotiatingAgent #112",NegotiatingAgent,0.161,1290,0.569,25,30,8,0,8,38,25,35,90,100,50,9,1,25,28,25,135,60,130,3,161,20,50
"agent NegotiatingAgent #113",NegotiatingAgent,0.101,434,0.569,25,35,0,0,0,46,25,12,85,89,50,0,6,25,21,25,264,22,102,0,101,20,50
"agent NegotiatingAgent #114",NegotiatingAgent,0.064,0,0.569,25,15,0,0,0,35,25,12,24,30,50,0,0,25,5,25,69,12,65,1,64,20,50
"agent NegotiatingAgent #115",NegotiatingAgent,0.184,1127,0.569,25,25,7,0,7,36,25,41,99,114,50,15,1,25,49,25,203,58,148,2,184,20,50
"agent NegotiatingAgent #116",NegotiatingAgent,0.471,2780,0.569,25,47,13,0,14,120,25,108,157,196,50,20,4,25,101,25,263,142,285,3,471,20,50
"agent NegotiatingAgent #117",NegotiatingAgent,0.113,772,0.569,25,28,2,0,2,48,25,16,145,130,50,20,0,25,25,25,290,24,108,0,113,20,50
"agent NegotiatingAgent #118",NegotiatingAgent,0.15,188,0.569,25,12,3,0,3,58,25,32,63,81,50,7,3,25,25,25,141,35,108,1,150,20,50
"agent NegotiatingAgent #119",NegotiatingAgent,0.158,1024,0.569,25,26,5,0,5,30,25,34,68,83,50,3,3,25,42,25,195,52,135,2,158,20,50
"agent NegotiatingAgent #120",NegotiatingAgent,0.141,360,0.569,25,20,5,0,5,28,25,35,115,112,50,25,3,25,28,25,128,50,120,3,141,20,50
"agent NegotiatingAgent #121",NegotiatingAgent,0.113,609,0.569,25,31,2,0,2,48,25,16,159,136,50,22,3,25,25,25,257,24,108,0,113,20,50
"agent NegotiatingAgent #122",NegotiatingAgent,0.064,0,0.569,25,7,0,0,0,35,25,12,26,23,50,0,6,25,5,25,28,12,65,1,64,20,50
"agent NegotiatingAgent #123",NegotiatingAgent,0.192,2313,0.569,25,43,8,0,9,38,25,43,141,143,50,11,4,25,51,25,275,60,152,2,192,20,50
"agent NegotiatingAgent #124",NegotiatingAgent,0.125,4,0.569,25,2,3,0,3,26,25,29,47,110,50,10,3,25,22,25,141,48,112,3,125,20,50
"agent NegotiatingAgent #125",NegotiatingAgent,0.105,1162,0.569,25,26,1,0,1,46,25,14,129,108,50,14,6,25,23,25,312,22,104,0,105,20,50
"agent SwarmAgent #126",SwarmAgent,0.138,0,0.569,25,0,1,0,1,56,25,28,0,0,50,0,0,25,21,25,560,33,102,1,138,20,50
"agent SwarmAgent #127",SwarmAgent,0.14,0,0.569,25,0,2,0,3,20,25,35,0,0,50,0,0,25,43,25,148,42,126,2,140,20,50
"agent SwarmAgent #128",SwarmAgent,0.379,0,0.569,25,0,3,0,4,88,25,94,0,0,50,0,0,25,87,25,248,110,239,3,379,20,50
"agent SwarmAgent #129",SwarmAgent,0.101,0,0.569,25,0,0,0,0,46,25,12,0,0,50,0,0,25,21,25,285,22,102,0,101,20,50
"agent SwarmAgent #130",SwarmAgent,0.138,0,0.569,25,0,1,0,1,56,25,28,0,0,50,0,0,25,21,25,421,33,102,1,138,20,50
"agent SwarmAgent #131",SwarmAgent,0.144,0,0.569,25,0,2,0,3,18,25,39,0,0,50,0,0,25,47,25,56,40,128,2,144,20,50
"agent SwarmAgent #132",SwarmAgent,0.397,0,0.569,25,0,4,0,4,92,25,99,0,0,50,0,0,25,92,25,131,114,248,3,397,20,50
"agent SwarmAgent #133",SwarmAgent,0.101,0,0.569,25,0,0,0,0,46,25,12,0,0,50,0,0,25,21,25,183,22,102,0,101,20,50
"agent SwarmAgent #134",SwarmAgent,0.138,0,0.569,25,0,1,0,1,56,25,28,0,0,50,0,0,25,21,25,282,33,102,1,138,20,50
"agent SwarmAgent #135",SwarmAgent,0.134,0,0.569,25,0,3,0,3,26,25,26,0,0,50,0,0,25,34,25,61,48,123,2,134,20,50
"agent SwarmAgent #136",SwarmAgent,0.383,0,0.569,25,0,6,0,7,92,25,92,0,0,50,0,0,25,85,25,145,114,241,3,383,20,50
"agent SwarmAgent #137",SwarmAgent,0.101,0,0.569,25,0,0,0,0,46,25,12,0,0,50,0,0,25,21,25,81,22,102,0,101,20,50
"agent SwarmAgent #138",SwarmAgent,0.138,0,0.569,25,0,1,0,1,56,25,28,0,0,50,0,0,25,21,25,143,33,102,1,138,20,50
"agent SwarmAgent #139",SwarmAgent,0.386,0,0.569,25,0,5,0,5,98,25,80,0,0,50,0,0,25,88,25,9,120,249,2,386,20,50
"agent SwarmAgent #140",SwarmAgent,0.387,0,0.569,25,0,3,0,4,92,25,94,0,0,50,0,0,25,87,25,40,114,243,3,387,20,50
"agent SwarmAgent #141",SwarmAgent,0.109,0,0.569,25,0,1,0,1,48,25,14,0,0,50,0,0,25,23,25,119,24,106,0,109,20,50
"agent SwarmAgent #142",SwarmAgent,0.064,0,0.569,25,0,0,0,0,35,25,12,0,0,50,0,0,25,5,25,65,12,65,1,64,20,50
"agent SwarmAgent #143",SwarmAgent,0.136,0,0.569,25,0,2,0,2,22,25,31,0,0,50,0,0,25,39,25,2,44,124,2,136,20,50
"agent SwarmAgent #144",SwarmAgent,0.125,0,0.569,25,0,4,0,4,24,25,31,0,0,50,0,0,25,24,25,1,46,112,3,125,20,50
"agent SwarmAgent #145",SwarmAgent,0.105,0,0.569,25,0,1,0,1,46,25,14,0,0,50,0,0,25,23,25,10,22,104,0,105,20,50
"agent SwarmAgent #146",SwarmAgent,0.138,0,0.569,25,0,1,0,1,56,25,28,0,0,50,0,0,25,21,25,2,33,102,1,138,20,50
"agent SwarmAgent #147",SwarmAgent,0.142,0,0.569,25,0,4,0,4,26,25,30,0,0,50,0,0,25,38,25,1,48,127,2,142,20,50
"agent SwarmAgent #148",SwarmAgent,0.391,0,0.569,25,0,4,0,5,94,25,94,0,0,50,0,0,25,87,25,0,116,245,3,391,20,50
"agent SwarmAgent #149",SwarmAgent,0.109,0,0.569,25,0,1,0,1,48,25,14,0,0,50,0,0,25,23,25,0,24,106,0,109,20,50
"agent SwarmAgent #150",SwarmAgent,0.064,0,0.569,25,0,0,0,0,35,25,12,0,0,50,0,0,25,5,25,0,12,65,1,64,20,50
