agentName,agentType,averageSpeed,cumulatedUtilityReceived,freeWallRatio,numBacktrackAgents,numCFPAnswered,numDeadends,numDifferentEncounters,numDirectionChanges,numDownSteps,numForwardAgents,numLeftSteps,numMessagesReceived,numMessagesSent,numNegotiatingAgents,numProposalsAccepted,numProposalsRejected,numRandomAgents,numRightSteps,numSwarmAgents,numTotalEncounters,numUpSteps,numVisitedCells,startingPosition,stepsToExit,xsize,ysize
"agent BacktrackAgent #1",BacktrackAgent,0.429,0,0.569,25,0,11,0,11,123,25,100,0,0,50,0,0,25,108,25,1468,98,314,0,429,20,50
"agent BacktrackAgent #2",BacktrackAgent,0.194,0,0.569,25,0,6,0,6,69,25,44,0,0,50,0,0,25,36,25,453,45,172,1,194,20,50
"agent BacktrackAgent #3",BacktrackAgent,0.664,0,0.569,25,0,16,0,16,161,25,157,0,0,50,0,0,25,164,25,822,182,366,2,664,20,50
"agent BacktrackAgent #4",BacktrackAgent,0.247,0,0.569,25,0,7,0,7,51,25,66,0,0,50,0,0,25,58,25,615,72,148,3,247,20,50
"agent BacktrackAgent #5",BacktrackAgent,0.213,0,0.569,25,0,3,0,3,69,25,46,0,0,50,0,0,25,54,25,1221,44,206,0,213,20,50
"agent BacktrackAgent #6",BacktrackAgent,0.386,0,0.569,25,0,10,0,10,107,25,102,0,0,50,0,0,25,94,25,792,83,268,1,386,20,50
"agent BacktrackAgent #7",BacktrackAgent,0.144,0,0.569,25,0,7,0,7,27,25,31,0,0,50,0,0,25,38,25,411,48,106,2,144,20,50
"agent BacktrackAgent #8",BacktrackAgent,0.499,0,0.569,25,0,12,0,12,119,25,124,0,0,50,0,0,25,116,25,899,140,274,3,499,20,50
"agent BacktrackAgent #9",BacktrackAgent,0.233,0,0.569,25,0,4,0,4,73,25,52,0,0,50,0,0,25,60,25,1201,48,216,0,233,20,50
"agent BacktrackAgent #10",BacktrackAgent,0.364,0,0.569,25,0,10,0,10,110,25,88,0,0,50,0,0,25,80,25,394,86,257,1,364,20,50
"agent BacktrackAgent #11",BacktrackAgent,0.652,0,0.569,25,0,14,0,14,159,25,153,0,0,50,0,0,25,160,25,1398,180,360,2,652,20,50
"agent BacktrackAgent #12",BacktrackAgent,0.699,0,0.569,25,0,19,0,19,167,25,176,0,0,50,0,0,25,168,25,1336,188,374,3,699,20,50
"agent BacktrackAgent #13",BacktrackAgent,0.317,0,0.569,25,0,7,0,7,95,25,72,0,0,50,0,0,25,80,25,1716,70,258,0,317,20,50
"agent BacktrackAgent #14",BacktrackAgent,0.356,0,0.569,25,0,6,0,6,100,25,94,0,0,50,0,0,25,86,25,552,76,253,1,356,20,50
"agent BacktrackAgent #15",BacktrackAgent,0.124,0,0.569,25,0,4,0,4,21,25,27,0,0,50,0,0,25,34,25,662,42,96,2,124,20,50
"agent BacktrackAgent #16",BacktrackAgent,0.247,0,0.569,25,0,7,0,7,51,25,66,0,0,50,0,0,25,58,25,771,72,148,3,247,20,50
"agent BacktrackAgent #17",BacktrackAgent,0.533,0,0.569,25,0,15,0,15,147,25,128,0,0,50,0,0,25,136,25,1791,122,366,0,533,20,50
"agent BacktrackAgent #18",BacktrackAgent,0.35,0,0.569,25,0,6,0,6,99,25,92,0,0,50,0,0,25,84,25,483,75,250,1,350,20,50
"agent BacktrackAgent #19",BacktrackAgent,0.14,0,0.569,25,0,6,0,6,25,25,31,0,0,50,0,0,25,38,25,583,46,104,2,140,20,50
"agent BacktrackAgent #20",BacktrackAgent,0.499,0,0.569,25,0,12,0,12,119,25,124,0,0,50,0,0,25,116,25,1103,140,274,3,499,20,50
"agent BacktrackAgent #21",BacktrackAgent,0.325,0,0.569,25,0,9,0,9,97,25,74,0,0,50,0,0,25,82,25,1582,72,262,0,325,20,50
"agent BacktrackAgent #22",BacktrackAgent,0.378,0,0.569,25,0,10,0,10,111,25,94,0,0,50,0,0,25,86,25,605,87,264,1,378,20,50
"agent BacktrackAgent #23",BacktrackAgent,0.656,0,0.569,25,0,15,0,15,159,25,155,0,0,50,0,0,25,162,25,1282,180,362,2,656,20,50
"agent BacktrackAgent #24",BacktrackAgent,0.499,0,0.569,25,0,12,0,12,119,25,124,0,0,50,0,0,25,116,25,715,140,274,3,499,20,50
"agent BacktrackAgent #25",BacktrackAgent,0.417,0,0.569,25,0,9,0,9,119,25,98,0,0,50,0,0,25,106,25,1412,94,308,0,417,20,50
"agent ForwardAgent #26",ForwardAgent,1.288,0,0.569,25,0,39,0,39,322,25,338,0,0,50,0,0,25,330,25,819,298,340,1,1288,20,50
"agent ForwardAgent #27",ForwardAgent,2.51,0,0.569,25,0,63,0,63,615,25,626,0,0,50,0,0,25,633,25,972,636,370,2,2510,20,50
"agent ForwardAgent #28",ForwardAgent,0.047,0,0.569,25,0,0,0,0,3,25,14,0,0,50,0,0,25,6,25,411,24,48,3,47,20,50
"agent ForwardAgent #29",ForwardAgent,0.617,0,0.569,25,0,22,0,22,165,25,152,0,0,50,0,0,25,160,25,1189,140,270,0,617,20,50
"agent ForwardAgent #30",ForwardAgent,3.234,0,0.569,25,0,132,0,132,735,25,898,0,0,50,0,0,25,890,25,1286,711,280,1,3234,20,50
"agent ForwardAgent #31",ForwardAgent,0.128,0,0.569,25,0,4,0,4,19,25,31,0,0,50,0,0,25,38,25,413,40,96,2,128,20,50
"agent ForwardAgent #32",ForwardAgent,0.047,0,0.569,25,0,0,0,0,3,25,14,0,0,50,0,0,25,6,25,364,24,48,3,47,20,50
"agent ForwardAgent #33",ForwardAgent,0.653,0,0.569,25,0,22,0,22,175,25,160,0,0,50,0,0,25,168,25,972,150,264,0,653,20,50
"agent ForwardAgent #34",ForwardAgent,0.958,0,0.569,25,0,35,0,35,235,25,260,0,0,50,0,0,25,252,25,821,211,270,1,958,20,50
"agent ForwardAgent #35",ForwardAgent,0.3,0,0.569,25,0,8,0,8,67,25,69,0,0,50,0,0,25,76,25,308,88,100,2,300,20,50
"agent ForwardAgent #36",ForwardAgent,0.627,0,0.569,25,0,24,0,24,139,25,168,0,0,50,0,0,25,160,25,495,160,142,3,627,20,50
"agent ForwardAgent #37",ForwardAgent,2.025,0,0.569,25,0,63,0,63,527,25,494,0,0,50,0,0,25,502,25,1623,502,374,0,2025,20,50
"agent ForwardAgent #38",ForwardAgent,0.47,0,0.569,25,0,16,0,16,129,25,122,0,0,50,0,0,25,114,25,660,105,200,1,470,20,50
"agent ForwardAgent #39",ForwardAgent,0.576,0,0.569,25,0,12,0,12,143,25,131,0,0,50,0,0,25,138,25,725,164,256,2,576,20,50
"agent ForwardAgent #40",ForwardAgent,0.719,0,0.569,25,0,17,0,17,171,25,182,0,0,50,0,0,25,174,25,742,192,268,3,719,20,50
"agent ForwardAgent #41",ForwardAgent,2.245,0,0.569,25,0,56,0,56,579,25,552,0,0,50,0,0,25,560,25,1505,554,372,0,2245,20,50
"agent ForwardAgent #42",ForwardAgent,0.34,0,0.569,25,0,16,0,16,94,25,92,0,0,50,0,0,25,84,25,522,70,200,1,340,20,50
"agent ForwardAgent #43",ForwardAgent,0.594,0,0.569,25,0,18,0,18,149,25,134,0,0,50,0,0,25,141,25,443,170,243,2,594,20,50
"agent ForwardAgent #44",ForwardAgent,0.047,0,0.569,25,0,0,0,0,3,25,14,0,0,50,0,0,25,6,25,273,24,48,3,47,20,50
"agent ForwardAgent #45",ForwardAgent,3.157,0,0.569,25,0,74,0,74,729,25,858,0,0,50,0,0,25,866,25,1590,704,274,0,3157,20,50
"agent ForwardAgent #46",ForwardAgent,2.526,0,0.569,25,0,64,0,64,579,25,700,0,0,50,0,0,25,692,25,1001,555,274,1,2526,20,50
"agent ForwardAgent #47",ForwardAgent,0.284,0,0.569,25,0,5,0,5,69,25,59,0,0,50,0,0,25,66,25,426,90,168,2,284,20,50
"agent ForwardAgent #48",ForwardAgent,0.391,0,0.569,25,0,17,0,17,97,25,92,0,0,50,0,0,25,84,25,444,118,178,3,391,20,50
"agent ForwardAgent #49",ForwardAgent,0.357,0,0.569,25,0,6,0,6,109,25,78,0,0,50,0,0,25,86,25,919,84,244,0,357,20,50
"agent ForwardAgent #50",ForwardAgent,0.46,0,0.569,25,0,14,0,14,118,25,128,0,0,50,0,0,25,120,25,456,94,258,1,460,20,50
"agent RandomAgent #51",RandomAgent,6.65,0,0.569,25,0,254,0,3350,1570,25,1741,0,0,50,0,0,25,1748,25,1135,1591,103,2,6650,20,50
"agent RandomAgent #52",RandomAgent,2.085,0,0.569,25,0,4,0,1021,569,25,467,0,0,50,0,0,25,459,25,371,590,82,3,2085,20,50
"agent RandomAgent #53",RandomAgent,43.437,0,0.569,25,0,1128,0,21722,10969,25,10758,0,0,50,0,0,25,10766,25,7989,10944,282,0,43437,20,50
"agent RandomAgent #54",RandomAgent,8.37,0,0.569,25,0,154,0,4135,2543,25,1658,0,0,50,0,0,25,1650,25,1087,2519,195,1,8370,20,50
"agent RandomAgent #55",RandomAgent,20.416,0,0.569,25,0,868,0,10298,5108,25,5086,0,0,50,0,0,25,5093,25,2178,5129,109,2,20416,20,50
"agent RandomAgent #56",RandomAgent,69.767,0,0.569,25,0,1946,0,35111,17269,25,17608,0,0,50,0,0,25,17600,25,6773,17290,372,3,69767,20,50
"agent RandomAgent #57",RandomAgent,163.225,0,0.569,25,0,4005,0,81950,41752,25,39869,0,0,50,0,0,25,39877,25,4937,41727,280,0,163225,20,50
"agent RandomAgent #58",RandomAgent,27.644,0,0.569,25,0,1223,0,13922,6917,25,6921,0,0,50,0,0,25,6913,25,3318,6893,263,1,27644,20,50
"agent RandomAgent #59",RandomAgent,1.294,0,0.569,25,0,27,0,656,243,25,390,0,0,50,0,0,25,397,25,163,264,80,2,1294,20,50
"agent RandomAgent #60",RandomAgent,9.895,0,0.569,25,0,121,0,4948,2908,25,2033,0,0,50,0,0,25,2025,25,1002,2929,196,3,9895,20,50
"agent RandomAgent #61",RandomAgent,56.623,0,0.569,25,0,982,0,28444,14151,25,14169,0,0,50,0,0,25,14177,25,4610,14126,273,0,56623,20,50
"agent RandomAgent #62",RandomAgent,5.822,0,0.569,25,0,269,0,2941,1521,25,1406,0,0,50,0,0,25,1398,25,734,1497,189,1,5822,20,50
"agent RandomAgent #63",RandomAgent,7.212,0,0.569,25,0,214,0,3643,1859,25,1733,0,0,50,0,0,25,1740,25,813,1880,187,2,7212,20,50
"agent RandomAgent #64",RandomAgent,40.657,0,0.569,25,0,630,0,20319,10337,25,9985,0,0,50,0,0,25,9977,25,1986,10358,314,3,40657,20,50
"agent RandomAgent #65",RandomAgent,18.459,0,0.569,25,0,559,0,9235,4372,25,4866,0,0,50,0,0,25,4874,25,1800,4347,282,0,18459,20,50
"agent RandomAgent #66",RandomAgent,3.378,0,0.569,25,0,58,0,1673,1064,25,641,0,0,50,0,0,25,633,25,445,1040,187,1,3378,20,50
"agent RandomAgent #67",RandomAgent,5.006,0,0.569,25,0,202,0,2563,1189,25,1300,0,0,50,0,0,25,1307,25,281,1210,106,2,5006,20,50
"agent RandomAgent #68",RandomAgent,8.665,0,0.569,25,0,127,0,4250,2362,25,1964,0,0,50,0,0,25,1956,25,209,2383,172,3,8665,20,50
"agent RandomAgent #69",RandomAgent,13.343,0,0.569,25,0,192,0,6719,3287,25,3393,0,0,50,0,0,25,3401,25,818,3262,289,0,13343,20,50
"agent RandomAgent #70",RandomAgent,17.066,0,0.569,25,0,778,0,8550,3851,25,4698,0,0,50,0,0,25,4690,25,988,3827,209,1,17066,20,50
"agent RandomAgent #71",RandomAgent,4.806,0,0.569,25,0,136,0,2415,1378,25,1011,0,0,50,0,0,25,1018,25,106,1399,144,2,4806,20,50
"agent RandomAgent #72",RandomAgent,65.615,0,0.569,25,0,2089,0,32767,16853,25,15948,0,0,50,0,0,25,15940,25,1209,16874,301,3,65615,20,50
"agent RandomAgent #73",RandomAgent,58.877,0,0.569,25,0,1089,0,29471,14525,25,14922,0,0,50,0,0,25,14930,25,282,14500,271,0,58877,20,50
"agent RandomAgent #74",RandomAgent,22.92,0,0.569,25,0,983,0,11660,5517,25,5959,0,0,50,0,0,25,5951,25,34,5493,231,1,22920,20,50
"agent RandomAgent #75",RandomAgent,16.516,0,0.569,25,0,641,0,8361,4442,25,3802,0,0,50,0,0,25,3809,25,22,4463,112,2,16516,20,50
"agent NegotiatingAgent #76",NegotiatingAgent,0.523,2644,0.569,25,41,8,0,9,127,25,128,183,244,50,33,10,25,120,25,286,148,286,3,523,20,50
"agent NegotiatingAgent #77",NegotiatingAgent,0.283,326,0.569,25,17,1,0,2,86,25,64,171,252,50,36,11,25,72,25,534,61,241,0,283,20,50
"agent NegotiatingAgent #78",NegotiatingAgent,0.378,2743,0.569,25,50,8,0,8,105,25,100,221,278,50,39,1,25,92,25,310,81,264,1,378,20,50
"agent NegotiatingAgent #79",NegotiatingAgent,0.09,98,0.569,25,6,4,0,4,11,25,20,51,46,50,9,5,25,27,25,150,32,79,2,90,20,50
"agent NegotiatingAgent #80",NegotiatingAgent,0.535,842,0.569,25,16,7,0,8,127,25,134,170,229,50,50,8,25,126,25,231,148,292,3,535,20,50
"agent NegotiatingAgent #81",NegotiatingAgent,0.229,2413,0.569,25,36,4,0,4,73,25,50,161,175,50,11,15,25,58,25,363,48,214,0,229,20,50
"agent NegotiatingAgent #82",NegotiatingAgent,0.334,419,0.569,25,8,3,0,3,95,25,88,131,231,50,31,5,25,80,25,362,71,242,1,334,20,50
"agent NegotiatingAgent #83",NegotiatingAgent,0.39,1422,0.569,25,26,3,0,4,93,25,88,221,240,50,62,5,25,95,25,219,114,229,2,390,20,50
"agent NegotiatingAgent #84",NegotiatingAgent,0.047,0,0.569,25,3,0,0,0,3,25,14,20,17,50,0,6,25,6,25,128,24,48,3,47,20,50
"agent NegotiatingAgent #85",NegotiatingAgent,0.233,1270,0.569,25,24,4,0,4,75,25,50,168,163,50,34,15,25,58,25,451,50,216,0,233,20,50
"agent NegotiatingAgent #86",NegotiatingAgent,0.49,440,0.569,25,8,9,0,9,131,25,130,177,223,50,56,3,25,122,25,218,107,320,1,490,20,50
"agent NegotiatingAgent #87",NegotiatingAgent,0.452,614,0.569,25,28,1,0,3,110,25,102,132,172,50,22,9,25,109,25,196,131,260,2,452,20,50
"agent NegotiatingAgent #88",NegotiatingAgent,0.227,94,0.569,25,3,4,0,4,47,25,60,46,67,50,5,13,25,52,25,130,68,138,3,227,20,50
"agent NegotiatingAgent #89",NegotiatingAgent,0.237,98,0.569,25,5,3,0,3,75,25,52,151,135,50,32,13,25,60,25,409,50,218,0,237,20,50
"agent NegotiatingAgent #90",NegotiatingAgent,0.16,115,0.569,25,9,2,0,2,60,25,36,45,86,50,7,2,25,28,25,112,36,155,1,160,20,50
"agent NegotiatingAgent #91",NegotiatingAgent,0.078,66,0.569,25,6,2,0,2,9,25,16,84,68,50,16,12,25,23,25,59,30,73,2,78,20,50
"agent NegotiatingAgent #92",NegotiatingAgent,0.047,0,0.569,25,0,0,0,0,3,25,14,20,36,50,0,9,25,6,25,144,24,48,3,47,20,50
"agent NegotiatingAgent #93",NegotiatingAgent,0.293,200,0.569,25,4,3,0,4,87,25,68,116,130,50,24,15,25,76,25,384,62,246,0,293,20,50
"agent NegotiatingAgent #94",NegotiatingAgent,0.37,2,0.569,25,1,7,0,7,103,25,98,248,248,50,69,17,25,90,25,256,79,260,1,370,20,50
"agent NegotiatingAgent #95",NegotiatingAgent,0.078,0,0.569,25,0,3,0,3,7,25,18,80,67,50,19,8,25,25,25,50,28,73,2,78,20,50
"agent NegotiatingAgent #96",NegotiatingAgent,0.449,136,0.569,25,2,4,0,5,106,25,112,101,195,50,28,11,25,104,25,265,127,249,3,449,20,50
"agent NegotiatingAgent #97",NegotiatingAgent,0.289,0,0.569,25,0,3,0,4,87,25,66,84,117,50,14,17,25,74,25,460,62,244,0,289,20,50
"agent NegotiatingAgent #98",NegotiatingAgent,0.156,0,0.569,25,0,2,0,2,58,25,36,77,96,50,27,0,25,28,25,86,34,153,1,156,20,50
"agent NegotiatingAgent #99",NegotiatingAgent,0.12,0,0.569,25,0,3,0,3,21,25,25,13,76,50,2,4,25,32,25,308,42,94,2,120,20,50
"agent NegotiatingAgent #100",NegotiatingAgent,0.499,1472,0.569,25,33,12,0,12,119,25,124,57,227,50,0,0,25,116,25,306,140,274,3,499,20,50
"agent NegotiatingAgent #101",NegotiatingAgent,0.221,3313,0.569,25,77,4,0,4,71,25,48,150,170,50,0,0,25,56,25,311,46,210,0,221,20,50
"agent NegotiatingAgent #102",NegotiatingAgent,0.368,8652,0.569,25,135,7,0,7,102,25,98,286,317,50,0,0,25,90,25,546,78,259,1,368,20,50
"agent NegotiatingAgent #103",NegotiatingAgent,0.07,252,0.569,25,31,1,0,1,5,25,16,63,66,50,0,0,25,23,25,120,26,69,2,70,20,50
"agent NegotiatingAgent #104",NegotiatingAgent,0.247,1097,0.569,25,41,7,0,7,51,25,66,77,132,50,0,0,25,58,25,166,72,148,3,247,20,50
"agent NegotiatingAgent #105",NegotiatingAgent,0.229,1143,0.569,25,49,4,0,4,73,25,50,173,181,50,28,7,25,58,25,273,48,214,0,229,20,50
"agent NegotiatingAgent #106",NegotiatingAgent,0.332,4520,0.569,25,89,3,0,3,94,25,88,212,220,50,8,2,25,80,25,346,70,241,1,332,20,50
"agent NegotiatingAgent #107",NegotiatingAgent,0.598,2884,0.569,25,63,12,0,12,141,25,144,137,213,50,2,2,25,151,25,345,162,333,2,598,20,50
"agent NegotiatingAgent #108",NegotiatingAgent,0.235,615,0.569,25,27,5,0,5,49,25,62,87,119,50,7,9,25,54,25,130,70,142,3,235,20,50
"agent NegotiatingAgent #109",NegotiatingAgent,0.473,1980,0.569,25,48,11,0,11,135,25,110,152,252,50,10,9,25,118,25,283,110,336,0,473,20,50
"agent NegotiatingAgent #110",NegotiatingAgent,0.354,4544,0.569,25,78,4,0,4,99,25,94,229,262,50,17,0,25,86,25,393,75,252,1,354,20,50
"agent NegotiatingAgent #111",NegotiatingAgent,0.07,240,0.569,25,28,1,0,1,3,25,18,85,77,50,0,10,25,25,25,187,24,69,2,70,20,50
"agent NegotiatingAgent #112",NegotiatingAgent,0.047,0,0.569,25,10,0,0,0,3,25,14,29,28,50,0,3,25,6,25,114,24,48,3,47,20,50
"agent NegotiatingAgent #113",NegotiatingAgent,0.221,2652,0.569,25,70,1,0,2,69,25,50,166,173,50,2,4,25,58,25,454,44,210,0,221,20,50
"agent NegotiatingAgent #114",NegotiatingAgent,0.344,2572,0.569,25,37,5,0,5,96,25,92,168,181,50,21,6,25,84,25,309,72,247,1,344,20,50
"agent NegotiatingAgent #115",NegotiatingAgent,0.124,56,0.569,25,7,3,0,3,19,25,29,11,31,50,1,0,25,36,25,55,40,96,2,124,20,50
"agent NegotiatingAgent #116",NegotiatingAgent,0.047,0,0.569,25,10,0,0,0,3,25,14,31,29,50,0,5,25,6,25,110,24,48,3,47,20,50
"agent NegotiatingAgent #117",NegotiatingAgent,0.233,1236,0.569,25,40,4,0,4,73,25,52,197,175,50,24,14,25,60,25,216,48,216,0,233,20,50
"agent NegotiatingAgent #118",NegotiatingAgent,0.458,5294,0.569,25,77,9,0,9,123,25,122,340,343,50,60,0,25,114,25,428,99,304,1,458,20,50
"agent NegotiatingAgent #119",NegotiatingAgent,0.078,192,0.569,25,19,2,0,2,7,25,18,70,65,50,3,11,25,25,25,108,28,73,2,78,20,50
"agent NegotiatingAgent #120",NegotiatingAgent,0.383,2438,0.569,25,44,6,0,6,91,25,94,149,195,50,17,8,25,86,25,221,112,216,3,383,20,50
"agent NegotiatingAgent #121",NegotiatingAgent,0.221,1483,0.569,25,38,4,0,4,71,25,48,190,182,50,22,12,25,56,25,408,46,210,0,221,20,50
"agent NegotiatingAgent #122",NegotiatingAgent,0.254,1169,0.569,25,31,5,0,5,79,25,64,97,149,50,9,1,25,56,25,231,55,202,1,254,20,50
"agent NegotiatingAgent #123",NegotiatingAgent,0.09,20,0.569,25,9,4,0,4,9,25,22,52,53,50,13,1,25,29,25,94,30,79,2,90,20,50
"agent NegotiatingAgent #124",NegotiatingAgent,0.177,2,0.569,25,5,2,0,3,29,25,53,74,88,50,16,10,25,45,25,120,50,113,3,177,20,50
"agent NegotiatingAgent #125",NegotiatingAgent,0.471,1389,0.569,25,40,6,0,7,132,25,112,137,191,50,7,13,25,120,25,476,107,335,0,471,20,50
"agent SwarmAgent #126",SwarmAgent,0.288,0,0.569,25,0,3,0,4,83,25,77,0,0,50,0,0,25,69,25,119,59,219,1,288,20,50
"agent SwarmAgent #127",SwarmAgent,0.116,0,0.569,25,0,2,0,2,19,25,25,0,0,50,0,0,25,32,25,347,40,92,2,116,20,50
"agent SwarmAgent #128",SwarmAgent,0.047,0,0.569,25,0,0,0,0,3,25,14,0,0,50,0,0,25,6,25,93,24,48,3,47,20,50
"agent SwarmAgent #129",SwarmAgent,0.197,0,0.569,25,0,0,0,0,65,25,42,0,0,50,0,0,25,50,25,459,40,198,0,197,20,50
"agent SwarmAgent #130",SwarmAgent,0.162,0,0.569,25,0,2,0,2,59,25,38,0,0,50,0,0,25,30,25,229,35,156,1,162,20,50
"agent SwarmAgent #131",SwarmAgent,0.5,0,0.569,25,0,3,0,3,121,25,115,0,0,50,0,0,25,122,25,247,142,284,2,500,20,50
"agent SwarmAgent #132",SwarmAgent,0.371,0,0.569,25,0,3,0,3,87,25,92,0,0,50,0,0,25,84,25,136,108,210,3,371,20,50
"agent SwarmAgent #133",SwarmAgent,0.205,0,0.569,25,0,1,0,1,67,25,44,0,0,50,0,0,25,52,25,341,42,202,0,205,20,50
"agent SwarmAgent #134",SwarmAgent,0.342,0,0.569,25,0,4,0,4,95,25,92,0,0,50,0,0,25,84,25,50,71,246,1,342,20,50
"agent SwarmAgent #135",SwarmAgent,0.116,0,0.569,25,0,2,0,2,19,25,25,0,0,50,0,0,25,32,25,119,40,92,2,116,20,50
"agent SwarmAgent #136",SwarmAgent,0.047,0,0.569,25,0,0,0,0,3,25,14,0,0,50,0,0,25,6,25,45,24,48,3,47,20,50
"agent SwarmAgent #137",SwarmAgent,0.205,0,0.569,25,0,1,0,1,67,25,44,0,0,50,0,0,25,52,25,135,42,202,0,205,20,50
"agent SwarmAgent #138",SwarmAgent,0.282,0,0.569,25,0,2,0,3,84,25,73,0,0,50,0,0,25,65,25,9,60,216,1,282,20,50
"agent SwarmAgent #139",SwarmAgent,0.466,0,0.569,25,0,4,0,4,109,25,110,0,0,50,0,0,25,117,25,91,130,267,2,466,20,50
"agent SwarmAgent #140",SwarmAgent,0.355,0,0.569,25,0,3,0,3,83,25,88,0,0,50,0,0,25,80,25,39,104,202,3,355,20,50
"agent SwarmAgent #141",SwarmAgent,0.201,0,0.569,25,0,1,0,1,67,25,42,0,0,50,0,0,25,50,25,153,42,200,0,201,20,50
"agent SwarmAgent #142",SwarmAgent,0.33,0,0.569,25,0,2,0,2,93,25,88,0,0,50,0,0,25,80,25,20,69,240,1,330,20,50
"agent SwarmAgent #143",SwarmAgent,0.082,0,0.569,25,0,3,0,3,7,25,20,0,0,50,0,0,25,27,25,2,28,75,2,82,20,50
"agent SwarmAgent #144",SwarmAgent,0.181,0,0.569,25,0,2,0,3,31,25,53,0,0,50,0,0,25,45,25,2,52,115,3,181,20,50
"agent SwarmAgent #145",SwarmAgent,0.197,0,0.569,25,0,0,0,0,65,25,42,0,0,50,0,0,25,50,25,93,40,198,0,197,20,50
"agent SwarmAgent #146",SwarmAgent,0.338,0,0.569,25,0,3,0,3,95,25,90,0,0,50,0,0,25,82,25,5,71,244,1,338,20,50
"agent SwarmAgent #147",SwarmAgent,0.116,0,0.569,25,0,2,0,2,19,25,25,0,0,50,0,0,25,32,25,0,40,92,2,116,20,50
"agent SwarmAgent #148",SwarmAgent,0.449,0,0.569,25,0,3,0,4,106,25,112,0,0,50,0,0,25,104,25,3,127,249,3,449,20,50
"agent SwarmAgent #149",SwarmAgent,0.275,0,0.569,25,0,0,0,1,84,25,62,0,0,50,0,0,25,70,25,1,59,237,0,275,20,50
"agent SwarmAgent #150",SwarmAgent,0.324,0,0.569,25,0,1,0,1,92,25,86,0,0,50,0,0,25,78,25,0,68,237,1,324,20,50
