agentName,agentType,averageSpeed,cumulatedUtilityReceived,freeWallRatio,numBacktrackAgents,numCFPAnswered,numDeadends,numDifferentEncounters,numDirectionChanges,numDownSteps,numForwardAgents,numLeftSteps,numMessagesReceived,numMessagesSent,numNegotiatingAgents,numProposalsAccepted,numProposalsRejected,numRandomAgents,numRightSteps,numSwarmAgents,numTotalEncounters,numUpSteps,numVisitedCells,startingPosition,stepsToExit,xsize,ysize
"agent BacktrackAgent #1",BacktrackAgent,0.243,0,0.569,25,0,6,0,6,68,25,61,0,0,25,0,0,25,70,50,1925,44,180,0,243,20,50
"agent BacktrackAgent #2",BacktrackAgent,0.214,0,0.569,25,0,6,0,6,63,25,59,0,0,25,0,0,25,52,50,646,40,151,1,214,20,50
"agent BacktrackAgent #3",BacktrackAgent,0.37,0,0.569,25,0,12,0,12,88,25,82,0,0,25,0,0,25,90,50,379,110,217,2,370,20,50
"agent BacktrackAgent #4",BacktrackAgent,0.267,0,0.569,25,0,8,0,8,56,25,70,0,0,25,0,0,25,63,50,404,78,200,3,267,20,50
"agent BacktrackAgent #5",BacktrackAgent,0.243,0,0.569,25,0,6,0,6,68,25,61,0,0,25,0,0,25,70,50,1580,44,180,0,243,20,50
"agent BacktrackAgent #6",BacktrackAgent,0.086,0,0.569,25,0,0,0,0,33,25,25,0,0,25,0,0,25,18,50,577,10,87,1,86,20,50
"agent BacktrackAgent #7",BacktrackAgent,0.122,0,0.569,25,0,3,0,3,20,25,26,0,0,25,0,0,25,34,50,459,42,93,2,122,20,50
"agent BacktrackAgent #8",BacktrackAgent,0.307,0,0.569,25,0,9,0,9,78,25,68,0,0,25,0,0,25,61,50,782,100,220,3,307,20,50
"agent BacktrackAgent #9",BacktrackAgent,0.243,0,0.569,25,0,6,0,6,68,25,61,0,0,25,0,0,25,70,50,1511,44,180,0,243,20,50
"agent BacktrackAgent #10",BacktrackAgent,0.216,0,0.569,25,0,7,0,7,64,25,59,0,0,25,0,0,25,52,50,1172,41,152,1,216,20,50
"agent BacktrackAgent #11",BacktrackAgent,0.418,0,0.569,25,0,14,0,14,100,25,94,0,0,25,0,0,25,102,50,792,122,241,2,418,20,50
"agent BacktrackAgent #12",BacktrackAgent,0.283,0,0.569,25,0,11,0,11,60,25,74,0,0,25,0,0,25,67,50,726,82,208,3,283,20,50
"agent BacktrackAgent #13",BacktrackAgent,0.115,0,0.569,25,0,0,0,0,38,25,27,0,0,25,0,0,25,36,50,1509,14,116,0,115,20,50
"agent BacktrackAgent #14",BacktrackAgent,0.216,0,0.569,25,0,7,0,7,64,25,59,0,0,25,0,0,25,52,50,1009,41,152,1,216,20,50
"agent BacktrackAgent #15",BacktrackAgent,0.418,0,0.569,25,0,14,0,14,100,25,94,0,0,25,0,0,25,102,50,559,122,241,2,418,20,50
"agent BacktrackAgent #16",BacktrackAgent,0.343,0,0.569,25,0,12,0,12,80,25,84,0,0,25,0,0,25,77,50,637,102,238,3,343,20,50
"agent BacktrackAgent #17",BacktrackAgent,0.251,0,0.569,25,0,7,0,7,72,25,61,0,0,25,0,0,25,70,50,1776,48,184,0,251,20,50
"agent BacktrackAgent #18",BacktrackAgent,0.15,0,0.569,25,0,1,0,1,45,25,45,0,0,25,0,0,25,38,50,458,22,119,1,150,20,50
"agent BacktrackAgent #19",BacktrackAgent,0.088,0,0.569,25,0,2,0,2,12,25,17,0,0,25,0,0,25,25,50,284,34,76,2,88,20,50
"agent BacktrackAgent #20",BacktrackAgent,0.207,0,0.569,25,0,2,0,2,46,25,50,0,0,25,0,0,25,43,50,228,68,170,3,207,20,50
"agent BacktrackAgent #21",BacktrackAgent,0.123,0,0.569,25,0,1,0,1,42,25,27,0,0,25,0,0,25,36,50,1455,18,120,0,123,20,50
"agent BacktrackAgent #22",BacktrackAgent,0.15,0,0.569,25,0,1,0,1,45,25,45,0,0,25,0,0,25,38,50,305,22,119,1,150,20,50
"agent BacktrackAgent #23",BacktrackAgent,0.076,0,0.569,25,0,1,0,1,6,25,17,0,0,25,0,0,25,25,50,461,28,70,2,76,20,50
"agent BacktrackAgent #24",BacktrackAgent,0.239,0,0.569,25,0,5,0,5,60,25,52,0,0,25,0,0,25,45,50,964,82,186,3,239,20,50
"agent BacktrackAgent #25",BacktrackAgent,0.251,0,0.569,25,0,7,0,7,72,25,61,0,0,25,0,0,25,70,50,1501,48,184,0,251,20,50
"agent ForwardAgent #26",ForwardAgent,0.088,0,0.569,25,0,1,0,1,34,25,25,0,0,25,0,0,25,18,50,843,11,88,1,88,20,50
"agent ForwardAgent #27",ForwardAgent,0.726,0,0.569,25,0,17,0,17,194,25,154,0,0,25,0,0,25,162,50,461,216,226,2,726,20,50
"agent ForwardAgent #28",ForwardAgent,0.435,0,0.569,25,0,14,0,14,102,25,108,0,0,25,0,0,25,101,50,425,124,228,3,435,20,50
"agent ForwardAgent #29",ForwardAgent,0.187,0,0.569,25,0,2,0,2,54,25,47,0,0,25,0,0,25,56,50,932,30,120,0,187,20,50
"agent ForwardAgent #30",ForwardAgent,0.312,0,0.569,25,0,8,0,8,80,25,91,0,0,25,0,0,25,84,50,1402,57,176,1,312,20,50
"agent ForwardAgent #31",ForwardAgent,2.114,0,0.569,25,0,81,0,81,548,25,494,0,0,25,0,0,25,502,50,568,570,248,2,2114,20,50
"agent ForwardAgent #32",ForwardAgent,1.039,0,0.569,25,0,43,0,43,256,25,256,0,0,25,0,0,25,249,50,623,278,210,3,1039,20,50
"agent ForwardAgent #33",ForwardAgent,0.359,0,0.569,25,0,15,0,15,94,25,93,0,0,25,0,0,25,102,50,1256,70,184,0,359,20,50
"agent ForwardAgent #34",ForwardAgent,0.154,0,0.569,25,0,2,0,2,49,25,43,0,0,25,0,0,25,36,50,496,26,121,1,154,20,50
"agent ForwardAgent #35",ForwardAgent,0.076,0,0.569,25,0,1,0,1,6,25,17,0,0,25,0,0,25,25,50,383,28,70,2,76,20,50
"agent ForwardAgent #36",ForwardAgent,1.207,0,0.569,25,0,47,0,47,312,25,284,0,0,25,0,0,25,277,50,585,334,240,3,1207,20,50
"agent ForwardAgent #37",ForwardAgent,0.659,0,0.569,25,0,19,0,19,162,25,175,0,0,25,0,0,25,184,50,907,138,184,0,659,20,50
"agent ForwardAgent #38",ForwardAgent,0.086,0,0.569,25,0,0,0,0,33,25,25,0,0,25,0,0,25,18,50,441,10,87,1,86,20,50
"agent ForwardAgent #39",ForwardAgent,0.53,0,0.569,25,0,14,0,14,122,25,128,0,0,25,0,0,25,136,50,281,144,226,2,530,20,50
"agent ForwardAgent #40",ForwardAgent,0.827,0,0.569,25,0,43,0,43,224,25,182,0,0,25,0,0,25,175,50,785,246,224,3,827,20,50
"agent ForwardAgent #41",ForwardAgent,0.763,0,0.569,25,0,49,0,49,198,25,191,0,0,25,0,0,25,200,50,1082,174,184,0,763,20,50
"agent ForwardAgent #42",ForwardAgent,0.086,0,0.569,25,0,0,0,0,33,25,25,0,0,25,0,0,25,18,50,355,10,87,1,86,20,50
"agent ForwardAgent #43",ForwardAgent,0.248,0,0.569,25,0,7,0,7,48,25,61,0,0,25,0,0,25,69,50,362,70,154,2,248,20,50
"agent ForwardAgent #44",ForwardAgent,1.555,0,0.569,25,0,76,0,76,448,25,322,0,0,25,0,0,25,315,50,805,470,232,3,1555,20,50
"agent ForwardAgent #45",ForwardAgent,0.283,0,0.569,25,0,7,0,7,74,25,75,0,0,25,0,0,25,84,50,1185,50,176,0,283,20,50
"agent ForwardAgent #46",ForwardAgent,0.086,0,0.569,25,0,0,0,0,33,25,25,0,0,25,0,0,25,18,50,269,10,87,1,86,20,50
"agent ForwardAgent #47",ForwardAgent,0.562,0,0.569,25,0,24,0,24,152,25,114,0,0,25,0,0,25,122,50,288,174,198,2,562,20,50
"agent ForwardAgent #48",ForwardAgent,0.327,0,0.569,25,0,14,0,14,84,25,72,0,0,25,0,0,25,65,50,433,106,196,3,327,20,50
"agent ForwardAgent #49",ForwardAgent,0.115,0,0.569,25,0,0,0,0,38,25,27,0,0,25,0,0,25,36,50,855,14,116,0,115,20,50
"agent ForwardAgent #50",ForwardAgent,0.292,0,0.569,25,0,6,0,6,80,25,81,0,0,25,0,0,25,74,50,793,57,150,1,292,20,50
"agent RandomAgent #51",RandomAgent,37.312,0,0.569,25,0,1471,0,18732,10334,25,8307,0,0,25,0,0,25,8315,50,3481,10356,227,2,37312,20,50
"agent RandomAgent #52",RandomAgent,38.393,0,0.569,25,0,1166,0,19228,10223,25,8966,0,0,25,0,0,25,8959,50,3160,10245,238,3,38393,20,50
"agent RandomAgent #53",RandomAgent,9.705,0,0.569,25,0,191,0,4888,2400,25,2460,0,0,25,0,0,25,2469,50,2693,2376,184,0,9705,20,50
"agent RandomAgent #54",RandomAgent,10.2,0,0.569,25,0,216,0,5123,2250,25,2865,0,0,25,0,0,25,2858,50,3385,2227,127,1,10200,20,50
"agent RandomAgent #55",RandomAgent,1.698,0,0.569,25,0,13,0,818,406,25,428,0,0,25,0,0,25,436,50,477,428,77,2,1698,20,50
"agent RandomAgent #56",RandomAgent,9.489,0,0.569,25,0,242,0,4790,2377,25,2360,0,0,25,0,0,25,2353,50,1109,2399,203,3,9489,20,50
"agent RandomAgent #57",RandomAgent,28.519,0,0.569,25,0,458,0,14450,6260,25,8007,0,0,25,0,0,25,8016,50,3497,6236,173,0,28519,20,50
"agent RandomAgent #58",RandomAgent,38.774,0,0.569,25,0,1260,0,19646,8722,25,10680,0,0,25,0,0,25,10673,50,3833,8699,184,1,38774,20,50
"agent RandomAgent #59",RandomAgent,1.242,0,0.569,25,0,17,0,593,355,25,251,0,0,25,0,0,25,259,50,171,377,75,2,1242,20,50
"agent RandomAgent #60",RandomAgent,17.513,0,0.569,25,0,523,0,8698,4694,25,4055,0,0,25,0,0,25,4048,50,1625,4716,248,3,17513,20,50
"agent RandomAgent #61",RandomAgent,13.719,0,0.569,25,0,188,0,6798,3156,25,3711,0,0,25,0,0,25,3720,50,3133,3132,165,0,13719,20,50
"agent RandomAgent #62",RandomAgent,11.642,0,0.569,25,0,171,0,5764,2908,25,2928,0,0,25,0,0,25,2921,50,1437,2885,179,1,11642,20,50
"agent RandomAgent #63",RandomAgent,24.468,0,0.569,25,0,747,0,12273,6068,25,6151,0,0,25,0,0,25,6159,50,1035,6090,248,2,24468,20,50
"agent RandomAgent #64",RandomAgent,71.395,0,0.569,25,0,2379,0,35811,18376,25,17314,0,0,25,0,0,25,17307,50,2943,18398,233,3,71395,20,50
"agent RandomAgent #65",RandomAgent,12.053,0,0.569,25,0,334,0,6147,2263,25,3771,0,0,25,0,0,25,3780,50,2275,2239,134,0,12053,20,50
"agent RandomAgent #66",RandomAgent,16.768,0,0.569,25,0,377,0,8545,3435,25,4964,0,0,25,0,0,25,4957,50,1734,3412,120,1,16768,20,50
"agent RandomAgent #67",RandomAgent,3.322,0,0.569,25,0,87,0,1637,744,25,902,0,0,25,0,0,25,910,50,318,766,119,2,3322,20,50
"agent RandomAgent #68",RandomAgent,84.939,0,0.569,25,0,3447,0,42614,23992,25,18470,0,0,25,0,0,25,18463,50,1966,24014,237,3,84939,20,50
"agent RandomAgent #69",RandomAgent,2.909,0,0.569,25,0,52,0,1508,597,25,865,0,0,25,0,0,25,874,50,423,573,120,0,2909,20,50
"agent RandomAgent #70",RandomAgent,1.656,0,0.569,25,0,23,0,811,483,25,360,0,0,25,0,0,25,353,50,192,460,97,1,1656,20,50
"agent RandomAgent #71",RandomAgent,158.32,0,0.569,25,0,6094,0,79616,42714,25,36431,0,0,25,0,0,25,36439,50,362,42736,248,2,158320,20,50
"agent RandomAgent #72",RandomAgent,24.017,0,0.569,25,0,707,0,11935,6983,25,5018,0,0,25,0,0,25,5011,50,58,7005,241,3,24017,20,50
"agent RandomAgent #73",RandomAgent,13.123,0,0.569,25,0,337,0,6780,2703,25,3866,0,0,25,0,0,25,3875,50,164,2679,184,0,13123,20,50
"agent RandomAgent #74",RandomAgent,29.292,0,0.569,25,0,502,0,14592,6534,25,8127,0,0,25,0,0,25,8120,50,116,6511,184,1,29292,20,50
"agent RandomAgent #75",RandomAgent,4.898,0,0.569,25,0,114,0,2449,1293,25,1141,0,0,25,0,0,25,1149,50,94,1315,98,2,4898,20,50
"agent NegotiatingAgent #76",NegotiatingAgent,0.135,35,0.569,25,13,1,0,1,22,25,38,34,48,25,1,2,25,31,50,178,44,134,3,135,20,50
"agent NegotiatingAgent #77",NegotiatingAgent,0.123,0,0.569,25,20,1,0,1,42,25,27,33,56,25,0,0,25,36,50,302,18,120,0,123,20,50
"agent NegotiatingAgent #78",NegotiatingAgent,0.214,327,0.569,25,21,6,0,6,63,25,59,37,63,25,0,0,25,52,50,252,40,151,1,214,20,50
"agent NegotiatingAgent #79",NegotiatingAgent,0.074,0,0.569,25,4,1,0,1,8,25,14,4,12,25,0,0,25,22,50,221,30,69,2,74,20,50
"agent NegotiatingAgent #80",NegotiatingAgent,0.263,653,0.569,25,17,8,0,8,64,25,60,55,119,25,6,3,25,53,50,287,86,198,3,263,20,50
"agent NegotiatingAgent #81",NegotiatingAgent,0.115,8,0.569,25,23,0,0,0,38,25,27,51,64,25,0,6,25,36,50,183,14,116,0,115,20,50
"agent NegotiatingAgent #82",NegotiatingAgent,0.088,0,0.569,25,5,1,0,1,34,25,25,17,24,25,0,4,25,18,50,170,11,88,1,88,20,50
"agent NegotiatingAgent #83",NegotiatingAgent,0.35,2622,0.569,25,33,10,0,10,80,25,80,83,137,25,3,6,25,88,50,200,102,207,2,350,20,50
"agent NegotiatingAgent #84",NegotiatingAgent,0.235,212,0.569,25,15,7,0,7,46,25,64,59,85,25,7,2,25,57,50,185,68,184,3,235,20,50
"agent NegotiatingAgent #85",NegotiatingAgent,0.219,248,0.569,25,23,4,0,4,66,25,51,88,77,25,1,18,25,60,50,419,42,168,0,219,20,50
"agent NegotiatingAgent #86",NegotiatingAgent,0.198,68,0.569,25,8,4,0,4,61,25,53,34,59,25,2,5,25,46,50,110,38,143,1,198,20,50
"agent NegotiatingAgent #87",NegotiatingAgent,0.398,926,0.569,25,13,11,0,11,94,25,90,73,167,25,16,7,25,98,50,216,116,231,2,398,20,50
"agent NegotiatingAgent #88",NegotiatingAgent,0.299,1034,0.569,25,15,9,0,9,66,25,76,100,142,25,22,2,25,69,50,266,88,216,3,299,20,50
"agent NegotiatingAgent #89",NegotiatingAgent,0.115,48,0.569,25,20,0,0,0,38,25,27,71,65,25,0,12,25,36,50,532,14,116,0,115,20,50
"agent NegotiatingAgent #90",NegotiatingAgent,0.246,178,0.569,25,8,4,0,5,67,25,71,26,68,25,2,3,25,64,50,361,44,167,1,246,20,50
"agent NegotiatingAgent #91",NegotiatingAgent,0.332,472,0.569,25,11,8,0,9,78,25,73,54,136,25,14,0,25,81,50,175,100,198,2,332,20,50
"agent NegotiatingAgent #92",NegotiatingAgent,0.227,8,0.569,25,2,5,0,5,42,25,64,22,52,25,5,1,25,57,50,146,64,180,3,227,20,50
"agent NegotiatingAgent #93",NegotiatingAgent,0.123,0,0.569,25,3,1,0,1,42,25,27,78,60,25,12,16,25,36,50,542,18,120,0,123,20,50
"agent NegotiatingAgent #94",NegotiatingAgent,0.238,176,0.569,25,5,2,0,3,67,25,67,37,144,25,3,8,25,60,50,880,44,163,1,238,20,50
"agent NegotiatingAgent #95",NegotiatingAgent,0.074,0,0.569,25,0,1,0,1,8,25,14,8,68,25,0,4,25,22,50,349,30,69,2,74,20,50
"agent NegotiatingAgent #96",NegotiatingAgent,0.251,92,0.569,25,1,4,0,4,56,25,62,84,118,25,27,4,25,55,50,270,78,192,3,251,20,50
"agent NegotiatingAgent #97",NegotiatingAgent,0.123,0,0.569,25,0,1,0,1,42,25,27,46,41,25,5,12,25,36,50,527,18,120,0,123,20,50
"agent NegotiatingAgent #98",NegotiatingAgent,0.21,0,0.569,25,0,5,0,5,63,25,57,38,113,25,13,4,25,50,50,321,40,149,1,210,20,50
"agent NegotiatingAgent #99",NegotiatingAgent,0.316,0,0.569,25,0,6,0,7,70,25,73,39,128,25,12,3,25,81,50,332,92,190,2,316,20,50
"agent NegotiatingAgent #100",NegotiatingAgent,0.311,855,0.569,25,37,9,0,9,72,25,76,69,92,25,0,0,25,69,50,219,94,222,3,311,20,50
"agent SwarmAgent #101",SwarmAgent,0.211,0,0.569,25,0,1,0,1,60,25,53,0,0,25,0,0,25,62,50,1489,36,164,0,211,20,50
"agent SwarmAgent #102",SwarmAgent,0.086,0,0.569,25,0,0,0,0,33,25,25,0,0,25,0,0,25,18,50,109,10,87,1,86,20,50
"agent SwarmAgent #103",SwarmAgent,0.074,0,0.569,25,0,1,0,1,8,25,14,0,0,25,0,0,25,22,50,267,30,69,2,74,20,50
"agent SwarmAgent #104",SwarmAgent,0.227,0,0.569,25,0,4,0,4,52,25,54,0,0,25,0,0,25,47,50,87,74,180,3,227,20,50
"agent SwarmAgent #105",SwarmAgent,0.211,0,0.569,25,0,1,0,1,60,25,53,0,0,25,0,0,25,62,50,1278,36,164,0,211,20,50
"agent SwarmAgent #106",SwarmAgent,0.088,0,0.569,25,0,1,0,1,34,25,25,0,0,25,0,0,25,18,50,239,11,88,1,88,20,50
"agent SwarmAgent #107",SwarmAgent,0.212,0,0.569,25,0,3,0,4,36,25,55,0,0,25,0,0,25,63,50,432,58,138,2,212,20,50
"agent SwarmAgent #108",SwarmAgent,0.223,0,0.569,25,0,3,0,3,52,25,52,0,0,25,0,0,25,45,50,752,74,178,3,223,20,50
"agent SwarmAgent #109",SwarmAgent,0.121,0,0.569,25,0,0,0,1,41,25,27,0,0,25,0,0,25,36,50,663,17,119,0,121,20,50
"agent SwarmAgent #110",SwarmAgent,0.188,0,0.569,25,0,3,0,3,56,25,53,0,0,25,0,0,25,46,50,295,33,138,1,188,20,50
"agent SwarmAgent #111",SwarmAgent,0.118,0,0.569,25,0,2,0,2,18,25,26,0,0,25,0,0,25,34,50,182,40,91,2,118,20,50
"agent SwarmAgent #112",SwarmAgent,0.159,0,0.569,25,0,4,0,4,28,25,44,0,0,25,0,0,25,37,50,203,50,146,3,159,20,50
"agent SwarmAgent #113",SwarmAgent,0.211,0,0.569,25,0,1,0,1,60,25,53,0,0,25,0,0,25,62,50,1033,36,164,0,211,20,50
"agent SwarmAgent #114",SwarmAgent,0.198,0,0.569,25,0,4,0,4,61,25,53,0,0,25,0,0,25,46,50,311,38,143,1,198,20,50
"agent SwarmAgent #115",SwarmAgent,0.232,0,0.569,25,0,3,0,3,44,25,57,0,0,25,0,0,25,65,50,152,66,148,2,232,20,50
"agent SwarmAgent #116",SwarmAgent,0.133,0,0.569,25,0,0,0,1,20,25,39,0,0,25,0,0,25,32,50,62,42,133,3,133,20,50
"agent SwarmAgent #117",SwarmAgent,0.217,0,0.569,25,0,1,0,2,63,25,53,0,0,25,0,0,25,62,50,756,39,167,0,217,20,50
"agent SwarmAgent #118",SwarmAgent,0.248,0,0.569,25,0,3,0,3,68,25,71,0,0,25,0,0,25,64,50,1515,45,168,1,248,20,50
"agent SwarmAgent #119",SwarmAgent,0.11,0,0.569,25,0,2,0,2,14,25,26,0,0,25,0,0,25,34,50,107,36,87,2,110,20,50
"agent SwarmAgent #120",SwarmAgent,0.211,0,0.569,25,0,3,0,3,48,25,50,0,0,25,0,0,25,43,50,122,70,172,3,211,20,50
"agent SwarmAgent #121",SwarmAgent,0.211,0,0.569,25,0,1,0,1,60,25,53,0,0,25,0,0,25,62,50,783,36,164,0,211,20,50
"agent SwarmAgent #122",SwarmAgent,0.246,0,0.569,25,0,2,0,2,67,25,71,0,0,25,0,0,25,64,50,46,44,167,1,246,20,50
"agent SwarmAgent #123",SwarmAgent,0.062,0,0.569,25,0,0,0,0,2,25,14,0,0,25,0,0,25,22,50,57,24,63,2,62,20,50
"agent SwarmAgent #124",SwarmAgent,0.155,0,0.569,25,0,3,0,3,24,25,46,0,0,25,0,0,25,39,50,185,46,144,3,155,20,50
"agent SwarmAgent #125",SwarmAgent,0.217,0,0.569,25,0,1,0,2,63,25,53,0,0,25,0,0,25,62,50,500,39,167,0,217,20,50
"agent SwarmAgent #126",SwarmAgent,0.248,0,0.569,25,0,3,0,3,68,25,71,0,0,25,0,0,25,64,50,1017,45,168,1,248,20,50
"agent SwarmAgent #127",SwarmAgent,0.074,0,0.569,25,0,1,0,1,8,25,14,0,0,25,0,0,25,22,50,79,30,69,2,74,20,50
"agent SwarmAgent #128",SwarmAgent,0.223,0,0.569,25,0,3,0,3,50,25,54,0,0,25,0,0,25,47,50,477,72,178,3,223,20,50
"agent SwarmAgent #129",SwarmAgent,0.121,0,0.569,25,0,0,0,1,41,25,27,0,0,25,0,0,25,36,50,307,17,119,0,121,20,50
"agent SwarmAgent #130",SwarmAgent,0.248,0,0.569,25,0,3,0,3,68,25,71,0,0,25,0,0,25,64,50,768,45,168,1,248,20,50
"agent SwarmAgent #131",SwarmAgent,0.274,0,0.569,25,0,2,0,2,62,25,60,0,0,25,0,0,25,68,50,10,84,169,2,274,20,50
"agent SwarmAgent #132",SwarmAgent,0.171,0,0.569,25,0,4,0,4,26,25,52,0,0,25,0,0,25,45,50,200,48,152,3,171,20,50
"agent SwarmAgent #133",SwarmAgent,0.121,0,0.569,25,0,0,0,1,41,25,27,0,0,25,0,0,25,36,50,185,17,119,0,121,20,50
"agent SwarmAgent #134",SwarmAgent,0.248,0,0.569,25,0,3,0,3,68,25,71,0,0,25,0,0,25,64,50,519,45,168,1,248,20,50
"agent SwarmAgent #135",SwarmAgent,0.074,0,0.569,25,0,1,0,1,8,25,14,0,0,25,0,0,25,22,50,3,30,69,2,74,20,50
"agent SwarmAgent #136",SwarmAgent,0.167,0,0.569,25,0,3,0,3,26,25,50,0,0,25,0,0,25,43,50,19,48,150,3,167,20,50
"agent SwarmAgent #137",SwarmAgent,0.211,0,0.569,25,0,1,0,1,60,25,53,0,0,25,0,0,25,62,50,463,36,164,0,211,20,50
"agent SwarmAgent #138",SwarmAgent,0.248,0,0.569,25,0,3,0,3,68,25,71,0,0,25,0,0,25,64,50,269,45,168,1,248,20,50
"agent SwarmAgent #139",SwarmAgent,0.12,0,0.569,25,0,2,0,2,16,25,29,0,0,25,0,0,25,37,50,32,38,92,2,120,20,50
"agent SwarmAgent #140",SwarmAgent,0.223,0,0.569,25,0,3,0,3,52,25,52,0,0,25,0,0,25,45,50,237,74,178,3,223,20,50
"agent SwarmAgent #141",SwarmAgent,0.211,0,0.569,25,0,1,0,1,60,25,53,0,0,25,0,0,25,62,50,250,36,164,0,211,20,50
"agent SwarmAgent #142",SwarmAgent,0.248,0,0.569,25,0,3,0,3,68,25,71,0,0,25,0,0,25,64,50,19,45,168,1,248,20,50
"agent SwarmAgent #143",SwarmAgent,0.268,0,0.569,25,0,3,0,3,58,25,61,0,0,25,0,0,25,69,50,42,80,166,2,268,20,50
"agent SwarmAgent #144",SwarmAgent,0.223,0,0.569,25,0,3,0,3,52,25,52,0,0,25,0,0,25,45,50,13,74,178,3,223,20,50
"agent SwarmAgent #145",SwarmAgent,0.211,0,0.569,25,0,1,0,1,60,25,53,0,0,25,0,0,25,62,50,37,36,164,0,211,20,50
"agent SwarmAgent #146",SwarmAgent,0.196,0,0.569,25,0,3,0,3,58,25,55,0,0,25,0,0,25,48,50,76,35,142,1,196,20,50
"agent SwarmAgent #147",SwarmAgent,0.212,0,0.569,25,0,3,0,4,36,25,55,0,0,25,0,0,25,63,50,1,58,138,2,212,20,50
"agent SwarmAgent #148",SwarmAgent,0.171,0,0.569,25,0,4,0,4,26,25,52,0,0,25,0,0,25,45,50,0,48,152,3,171,20,50
"agent SwarmAgent #149",SwarmAgent,0.217,0,0.569,25,0,1,0,2,63,25,53,0,0,25,0,0,25,62,50,1,39,167,0,217,20,50
"agent SwarmAgent #150",SwarmAgent,0.198,0,0.569,25,0,4,0,4,59,25,55,0,0,25,0,0,25,48,50,0,36,143,1,198,20,50
