agentName,agentType,averageSpeed,cumulatedUtilityReceived,freeWallRatio,numBacktrackAgents,numCFPAnswered,numDeadends,numDifferentEncounters,numDirectionChanges,numDownSteps,numForwardAgents,numLeftSteps,numMessagesReceived,numMessagesSent,numNegotiatingAgents,numProposalsAccepted,numProposalsRejected,numRandomAgents,numRightSteps,numSwarmAgents,numTotalEncounters,numUpSteps,numVisitedCells,startingPosition,stepsToExit,xsize,ysize
"agent BacktrackAgent #1",BacktrackAgent,0.057,0,0.569,25,0,0,0,0,28,25,8,0,0,50,0,0,25,17,25,844,4,58,0,57,20,50
"agent BacktrackAgent #2",BacktrackAgent,0.498,0,0.569,25,0,13,0,13,139,25,125,0,0,50,0,0,25,118,25,959,116,287,1,498,20,50
"agent BacktrackAgent #3",BacktrackAgent,0.558,0,0.569,25,0,19,0,19,132,25,132,0,0,50,0,0,25,140,25,670,154,341,2,558,20,50
"agent BacktrackAgent #4",BacktrackAgent,0.481,0,0.569,25,0,14,0,14,120,25,113,0,0,50,0,0,25,106,25,696,142,312,3,481,20,50
"agent BacktrackAgent #5",BacktrackAgent,0.073,0,0.569,25,0,1,0,1,34,25,10,0,0,50,0,0,25,19,25,932,10,66,0,73,20,50
"agent BacktrackAgent #6",BacktrackAgent,0.078,0,0.569,25,0,1,0,1,29,25,25,0,0,50,0,0,25,18,25,377,6,77,1,78,20,50
"agent BacktrackAgent #7",BacktrackAgent,0.478,0,0.569,25,0,14,0,14,122,25,102,0,0,50,0,0,25,110,25,522,144,301,2,478,20,50
"agent BacktrackAgent #8",BacktrackAgent,0.193,0,0.569,25,0,5,0,5,38,25,51,0,0,50,0,0,25,44,25,730,60,168,3,193,20,50
"agent BacktrackAgent #9",BacktrackAgent,0.057,0,0.569,25,0,0,0,0,28,25,8,0,0,50,0,0,25,17,25,712,4,58,0,57,20,50
"agent BacktrackAgent #10",BacktrackAgent,0.116,0,0.569,25,0,4,0,4,40,25,33,0,0,50,0,0,25,26,25,201,17,96,1,116,20,50
"agent BacktrackAgent #11",BacktrackAgent,0.126,0,0.569,25,0,1,0,1,16,25,32,0,0,50,0,0,25,40,25,443,38,125,2,126,20,50
"agent BacktrackAgent #12",BacktrackAgent,0.157,0,0.569,25,0,3,0,3,26,25,45,0,0,50,0,0,25,38,25,654,48,150,3,157,20,50
"agent BacktrackAgent #13",BacktrackAgent,0.057,0,0.569,25,0,0,0,0,28,25,8,0,0,50,0,0,25,17,25,923,4,58,0,57,20,50
"agent BacktrackAgent #14",BacktrackAgent,0.074,0,0.569,25,0,0,0,0,29,25,23,0,0,50,0,0,25,16,25,303,6,75,1,74,20,50
"agent BacktrackAgent #15",BacktrackAgent,0.14,0,0.569,25,0,4,0,4,16,25,39,0,0,50,0,0,25,47,25,591,38,132,2,140,20,50
"agent BacktrackAgent #16",BacktrackAgent,0.537,0,0.569,25,0,18,0,18,126,25,135,0,0,50,0,0,25,128,25,1031,148,340,3,537,20,50
"agent BacktrackAgent #17",BacktrackAgent,0.073,0,0.569,25,0,1,0,1,34,25,10,0,0,50,0,0,25,19,25,1173,10,66,0,73,20,50
"agent BacktrackAgent #18",BacktrackAgent,0.618,0,0.569,25,0,18,0,18,181,25,143,0,0,50,0,0,25,136,25,499,158,347,1,618,20,50
"agent BacktrackAgent #19",BacktrackAgent,0.558,0,0.569,25,0,19,0,19,132,25,132,0,0,50,0,0,25,140,25,1095,154,341,2,558,20,50
"agent BacktrackAgent #20",BacktrackAgent,0.549,0,0.569,25,0,19,0,19,144,25,123,0,0,50,0,0,25,116,25,1089,166,346,3,549,20,50
"agent BacktrackAgent #21",BacktrackAgent,0.073,0,0.569,25,0,1,0,1,34,25,10,0,0,50,0,0,25,19,25,1076,10,66,0,73,20,50
"agent BacktrackAgent #22",BacktrackAgent,0.652,0,0.569,25,0,21,0,21,186,25,155,0,0,50,0,0,25,148,25,414,163,364,1,652,20,50
"agent BacktrackAgent #23",BacktrackAgent,0.558,0,0.569,25,0,19,0,19,136,25,128,0,0,50,0,0,25,136,25,682,158,341,2,558,20,50
"agent BacktrackAgent #24",BacktrackAgent,0.481,0,0.569,25,0,16,0,16,116,25,117,0,0,50,0,0,25,110,25,871,138,312,3,481,20,50
"agent BacktrackAgent #25",BacktrackAgent,0.073,0,0.569,25,0,1,0,1,34,25,10,0,0,50,0,0,25,19,25,1003,10,66,0,73,20,50
"agent ForwardAgent #26",ForwardAgent,2.194,0,0.569,25,0,67,0,67,581,25,531,0,0,50,0,0,25,524,25,1077,558,290,1,2194,20,50
"agent ForwardAgent #27",ForwardAgent,0.79,0,0.569,25,0,22,0,22,184,25,196,0,0,50,0,0,25,204,25,506,206,212,2,790,20,50
"agent ForwardAgent #28",ForwardAgent,2.393,0,0.569,25,0,99,0,99,656,25,533,0,0,50,0,0,25,526,25,911,678,366,3,2393,20,50
"agent ForwardAgent #29",ForwardAgent,0.057,0,0.569,25,0,0,0,0,28,25,8,0,0,50,0,0,25,17,25,655,4,58,0,57,20,50
"agent ForwardAgent #30",ForwardAgent,0.098,0,0.569,25,0,3,0,3,37,25,27,0,0,50,0,0,25,20,25,375,14,87,1,98,20,50
"agent ForwardAgent #31",ForwardAgent,0.202,0,0.569,25,0,2,0,2,48,25,38,0,0,50,0,0,25,46,25,367,70,145,2,202,20,50
"agent ForwardAgent #32",ForwardAgent,0.249,0,0.569,25,0,5,0,5,60,25,57,0,0,50,0,0,25,50,25,510,82,196,3,249,20,50
"agent ForwardAgent #33",ForwardAgent,0.057,0,0.569,25,0,0,0,0,28,25,8,0,0,50,0,0,25,17,25,598,4,58,0,57,20,50
"agent ForwardAgent #34",ForwardAgent,0.19,0,0.569,25,0,4,0,4,61,25,49,0,0,50,0,0,25,42,25,481,38,120,1,190,20,50
"agent ForwardAgent #35",ForwardAgent,0.166,0,0.569,25,0,2,0,2,34,25,34,0,0,50,0,0,25,42,25,215,56,145,2,166,20,50
"agent ForwardAgent #36",ForwardAgent,0.341,0,0.569,25,0,13,0,13,88,25,75,0,0,50,0,0,25,68,25,519,110,184,3,341,20,50
"agent ForwardAgent #37",ForwardAgent,0.073,0,0.569,25,0,1,0,1,34,25,10,0,0,50,0,0,25,19,25,784,10,66,0,73,20,50
"agent ForwardAgent #38",ForwardAgent,0.766,0,0.569,25,0,30,0,30,221,25,177,0,0,50,0,0,25,170,25,459,198,214,1,766,20,50
"agent ForwardAgent #39",ForwardAgent,1.614,0,0.569,25,0,40,0,40,374,25,418,0,0,50,0,0,25,426,25,879,396,328,2,1614,20,50
"agent ForwardAgent #40",ForwardAgent,0.277,0,0.569,25,0,8,0,8,66,25,65,0,0,50,0,0,25,58,25,656,88,190,3,277,20,50
"agent ForwardAgent #41",ForwardAgent,0.057,0,0.569,25,0,0,0,0,28,25,8,0,0,50,0,0,25,17,25,516,4,58,0,57,20,50
"agent ForwardAgent #42",ForwardAgent,0.194,0,0.569,25,0,7,0,7,57,25,55,0,0,50,0,0,25,48,25,221,34,102,1,194,20,50
"agent ForwardAgent #43",ForwardAgent,1.054,0,0.569,25,0,36,0,36,238,25,274,0,0,50,0,0,25,282,25,594,260,210,2,1054,20,50
"agent ForwardAgent #44",ForwardAgent,0.733,0,0.569,25,0,19,0,19,170,25,189,0,0,50,0,0,25,182,25,586,192,208,3,733,20,50
"agent ForwardAgent #45",ForwardAgent,0.057,0,0.569,25,0,0,0,0,28,25,8,0,0,50,0,0,25,17,25,459,4,58,0,57,20,50
"agent ForwardAgent #46",ForwardAgent,0.078,0,0.569,25,0,1,0,1,31,25,23,0,0,50,0,0,25,16,25,209,8,77,1,78,20,50
"agent ForwardAgent #47",ForwardAgent,1.612,0,0.569,25,0,63,0,63,446,25,345,0,0,50,0,0,25,353,25,643,468,356,2,1612,20,50
"agent ForwardAgent #48",ForwardAgent,0.413,0,0.569,25,0,11,0,11,86,25,113,0,0,50,0,0,25,106,25,451,108,166,3,413,20,50
"agent ForwardAgent #49",ForwardAgent,0.121,0,0.569,25,0,2,0,2,46,25,22,0,0,50,0,0,25,31,25,526,22,66,0,121,20,50
"agent ForwardAgent #50",ForwardAgent,1.966,0,0.569,25,0,70,0,70,541,25,457,0,0,50,0,0,25,450,25,935,518,360,1,1966,20,50
"agent RandomAgent #51",RandomAgent,101.214,0,0.569,25,0,3024,0,50540,24503,25,26089,0,0,50,0,0,25,26097,25,7029,24525,298,2,101214,20,50
"agent RandomAgent #52",RandomAgent,23.017,0,0.569,25,0,737,0,11519,6421,25,5080,0,0,50,0,0,25,5073,25,3329,6443,262,3,23017,20,50
"agent RandomAgent #53",RandomAgent,0.691,0,0.569,25,0,1,0,354,200,25,153,0,0,50,0,0,25,162,25,398,176,60,0,691,20,50
"agent RandomAgent #54",RandomAgent,4.05,0,0.569,25,0,95,0,2046,1064,25,976,0,0,50,0,0,25,969,25,898,1041,145,1,4050,20,50
"agent RandomAgent #55",RandomAgent,14.634,0,0.569,25,0,329,0,7250,3131,25,4171,0,0,50,0,0,25,4179,25,2884,3153,217,2,14634,20,50
"agent RandomAgent #56",RandomAgent,25.855,0,0.569,25,0,582,0,12966,5777,25,7143,0,0,50,0,0,25,7136,25,2766,5799,199,3,25855,20,50
"agent RandomAgent #57",RandomAgent,3.525,0,0.569,25,0,70,0,1776,1036,25,734,0,0,50,0,0,25,743,25,1633,1012,66,0,3525,20,50
"agent RandomAgent #58",RandomAgent,20.63,0,0.569,25,0,887,0,10231,5851,25,4479,0,0,50,0,0,25,4472,25,2111,5828,170,1,20630,20,50
"agent RandomAgent #59",RandomAgent,26.318,0,0.569,25,0,783,0,13306,5830,25,7314,0,0,50,0,0,25,7322,25,3786,5852,244,2,26318,20,50
"agent RandomAgent #60",RandomAgent,43.129,0,0.569,25,0,1251,0,21600,12544,25,9013,0,0,50,0,0,25,9006,25,3213,12566,225,3,43129,20,50
"agent RandomAgent #61",RandomAgent,3.455,0,0.569,25,0,98,0,1727,954,25,781,0,0,50,0,0,25,790,25,1103,930,66,0,3455,20,50
"agent RandomAgent #62",RandomAgent,6.926,0,0.569,25,0,137,0,3386,1994,25,1484,0,0,50,0,0,25,1477,25,544,1971,118,1,6926,20,50
"agent RandomAgent #63",RandomAgent,30.586,0,0.569,25,0,845,0,15300,6923,25,8355,0,0,50,0,0,25,8363,25,3579,6945,213,2,30586,20,50
"agent RandomAgent #64",RandomAgent,25.161,0,0.569,25,0,621,0,12643,6116,25,6457,0,0,50,0,0,25,6450,25,1718,6138,210,3,25161,20,50
"agent RandomAgent #65",RandomAgent,5.269,0,0.569,25,0,79,0,2673,1528,25,1114,0,0,50,0,0,25,1123,25,894,1504,66,0,5269,20,50
"agent RandomAgent #66",RandomAgent,32.638,0,0.569,25,0,1436,0,16372,9269,25,7065,0,0,50,0,0,25,7058,25,2570,9246,162,1,32638,20,50
"agent RandomAgent #67",RandomAgent,28.7,0,0.569,25,0,1239,0,14507,7406,25,6929,0,0,50,0,0,25,6937,25,2380,7428,221,2,28700,20,50
"agent RandomAgent #68",RandomAgent,90.881,0,0.569,25,0,3111,0,45941,21582,25,23851,0,0,50,0,0,25,23844,25,1101,21604,222,3,90881,20,50
"agent RandomAgent #69",RandomAgent,4.383,0,0.569,25,0,83,0,2228,1195,25,1004,0,0,50,0,0,25,1013,25,195,1171,66,0,4383,20,50
"agent RandomAgent #70",RandomAgent,21.238,0,0.569,25,0,767,0,10657,6281,25,4353,0,0,50,0,0,25,4346,25,880,6258,218,1,21238,20,50
"agent RandomAgent #71",RandomAgent,28.046,0,0.569,25,0,876,0,14070,6500,25,7508,0,0,50,0,0,25,7516,25,464,6522,206,2,28046,20,50
"agent RandomAgent #72",RandomAgent,7.761,0,0.569,25,0,180,0,3813,2025,25,1848,0,0,50,0,0,25,1841,25,81,2047,204,3,7761,20,50
"agent RandomAgent #73",RandomAgent,22.187,0,0.569,25,0,549,0,11340,6220,25,4881,0,0,50,0,0,25,4890,25,42,6196,66,0,22187,20,50
"agent RandomAgent #74",RandomAgent,31.428,0,0.569,25,0,1624,0,15780,9392,25,6337,0,0,50,0,0,25,6330,25,52,9369,168,1,31428,20,50
"agent RandomAgent #75",RandomAgent,12.582,0,0.569,25,0,470,0,6343,3245,25,3031,0,0,50,0,0,25,3039,25,30,3267,220,2,12582,20,50
"agent NegotiatingAgent #76",NegotiatingAgent,0.353,1613,0.569,25,29,6,0,6,66,25,103,107,173,50,15,6,25,96,25,333,88,248,3,353,20,50
"agent NegotiatingAgent #77",NegotiatingAgent,0.073,16,0.569,25,11,1,0,1,34,25,10,72,60,50,6,9,25,19,25,287,10,66,0,73,20,50
"agent NegotiatingAgent #78",NegotiatingAgent,0.402,1080,0.569,25,27,5,0,5,119,25,97,160,169,50,30,6,25,90,25,204,96,239,1,402,20,50
"agent NegotiatingAgent #79",NegotiatingAgent,0.29,737,0.569,25,16,8,0,8,66,25,64,123,140,50,22,7,25,72,25,156,88,207,2,290,20,50
"agent NegotiatingAgent #80",NegotiatingAgent,0.369,2310,0.569,25,33,6,0,6,84,25,93,143,161,50,19,11,25,86,25,277,106,256,3,369,20,50
"agent NegotiatingAgent #81",NegotiatingAgent,0.057,0,0.569,25,5,0,0,0,28,25,8,41,29,50,0,10,25,17,25,274,4,58,0,57,20,50
"agent NegotiatingAgent #82",NegotiatingAgent,0.082,4,0.569,25,8,2,0,2,31,25,25,99,76,50,22,3,25,18,25,72,8,79,1,82,20,50
"agent NegotiatingAgent #83",NegotiatingAgent,0.148,429,0.569,25,9,5,0,5,20,25,39,106,101,50,27,7,25,47,25,131,42,136,2,148,20,50
"agent NegotiatingAgent #84",NegotiatingAgent,0.309,1180,0.569,25,16,3,0,3,60,25,87,145,178,50,30,13,25,80,25,213,82,226,3,309,20,50
"agent NegotiatingAgent #85",NegotiatingAgent,0.073,0,0.569,25,3,1,0,1,34,25,10,57,43,50,6,11,25,19,25,299,10,66,0,73,20,50
"agent NegotiatingAgent #86",NegotiatingAgent,0.202,390,0.569,25,9,6,0,6,69,25,47,69,65,50,9,12,25,40,25,199,46,139,1,202,20,50
"agent NegotiatingAgent #87",NegotiatingAgent,0.432,1289,0.569,25,24,5,0,7,90,25,111,197,237,50,50,5,25,119,25,272,112,278,2,432,20,50
"agent NegotiatingAgent #88",NegotiatingAgent,0.209,1826,0.569,25,22,5,0,5,36,25,61,138,142,50,23,6,25,54,25,270,58,176,3,209,20,50
"agent NegotiatingAgent #89",NegotiatingAgent,0.073,0,0.569,25,0,1,0,1,34,25,10,42,54,50,0,17,25,19,25,454,10,66,0,73,20,50
"agent NegotiatingAgent #90",NegotiatingAgent,0.214,186,0.569,25,2,7,0,7,77,25,45,87,89,50,26,4,25,38,25,84,54,145,1,214,20,50
"agent NegotiatingAgent #91",NegotiatingAgent,0.304,398,0.569,25,5,6,0,6,62,25,75,71,130,50,14,10,25,83,25,341,84,214,2,304,20,50
"agent NegotiatingAgent #92",NegotiatingAgent,0.237,100,0.569,25,3,6,0,6,48,25,63,139,120,50,32,21,25,56,25,165,70,190,3,237,20,50
"agent NegotiatingAgent #93",NegotiatingAgent,0.057,0,0.569,25,1,0,0,0,28,25,8,29,20,50,0,10,25,17,25,249,4,58,0,57,20,50
"agent NegotiatingAgent #94",NegotiatingAgent,0.354,214,0.569,25,3,4,0,4,97,25,95,75,150,50,19,3,25,88,25,180,74,215,1,354,20,50
"agent NegotiatingAgent #95",NegotiatingAgent,0.278,0,0.569,25,0,7,0,7,62,25,62,127,148,50,41,11,25,70,25,138,84,201,2,278,20,50
"agent NegotiatingAgent #96",NegotiatingAgent,0.349,99,0.569,25,2,3,0,4,78,25,89,171,175,50,59,7,25,82,25,137,100,246,3,349,20,50
"agent NegotiatingAgent #97",NegotiatingAgent,0.057,0,0.569,25,0,0,0,0,28,25,8,29,46,50,0,10,25,17,25,196,4,58,0,57,20,50
"agent NegotiatingAgent #98",NegotiatingAgent,0.442,0,0.569,25,0,6,0,6,129,25,107,89,120,50,26,11,25,100,25,208,106,259,1,442,20,50
"agent NegotiatingAgent #99",NegotiatingAgent,0.396,0,0.569,25,0,5,0,7,84,25,99,203,216,50,63,16,25,107,25,234,106,260,2,396,20,50
"agent NegotiatingAgent #100",NegotiatingAgent,0.265,3805,0.569,25,73,8,0,8,58,25,67,154,169,50,0,0,25,60,25,278,80,204,3,265,20,50
"agent NegotiatingAgent #101",NegotiatingAgent,0.073,224,0.569,25,31,1,0,1,34,25,10,51,64,50,0,0,25,19,25,113,10,66,0,73,20,50
"agent NegotiatingAgent #102",NegotiatingAgent,0.086,336,0.569,25,45,1,0,1,35,25,23,85,93,50,0,0,25,16,25,182,12,81,1,86,20,50
"agent NegotiatingAgent #103",NegotiatingAgent,0.486,5236,0.569,25,95,15,0,15,126,25,102,189,241,50,0,0,25,110,25,369,148,305,2,486,20,50
"agent NegotiatingAgent #104",NegotiatingAgent,0.525,3587,0.569,25,58,16,0,16,138,25,117,127,188,50,2,1,25,110,25,319,160,334,3,525,20,50
"agent NegotiatingAgent #105",NegotiatingAgent,0.057,160,0.569,25,44,0,0,0,28,25,8,90,81,50,0,0,25,17,25,222,4,58,0,57,20,50
"agent NegotiatingAgent #106",NegotiatingAgent,0.086,308,0.569,25,39,1,0,1,35,25,23,109,97,50,7,7,25,16,25,195,12,81,1,86,20,50
"agent NegotiatingAgent #107",NegotiatingAgent,0.446,949,0.569,25,35,14,0,14,106,25,102,83,118,50,1,4,25,110,25,250,128,285,2,446,20,50
"agent NegotiatingAgent #108",NegotiatingAgent,0.229,4115,0.569,25,76,5,0,5,44,25,63,160,164,50,2,1,25,56,25,368,66,186,3,229,20,50
"agent NegotiatingAgent #109",NegotiatingAgent,0.057,0,0.569,25,10,0,0,0,28,25,8,43,36,50,0,10,25,17,25,96,4,58,0,57,20,50
"agent NegotiatingAgent #110",NegotiatingAgent,0.534,2679,0.569,25,56,13,0,13,145,25,137,127,178,50,2,0,25,130,25,303,122,305,1,534,20,50
"agent NegotiatingAgent #111",NegotiatingAgent,0.178,895,0.569,25,33,4,0,4,34,25,40,83,94,50,6,1,25,48,25,177,56,151,2,178,20,50
"agent NegotiatingAgent #112",NegotiatingAgent,0.453,2512,0.569,25,44,12,0,12,114,25,105,163,211,50,33,1,25,98,25,311,136,298,3,453,20,50
"agent NegotiatingAgent #113",NegotiatingAgent,0.057,112,0.569,25,36,0,0,0,28,25,8,89,73,50,0,5,25,17,25,216,4,58,0,57,20,50
"agent NegotiatingAgent #114",NegotiatingAgent,0.482,1945,0.569,25,37,9,0,9,139,25,117,156,189,50,26,2,25,110,25,209,116,279,1,482,20,50
"agent NegotiatingAgent #115",NegotiatingAgent,0.414,2380,0.569,25,39,6,0,8,100,25,92,98,118,50,3,6,25,100,25,292,122,269,2,414,20,50
"agent NegotiatingAgent #116",NegotiatingAgent,0.433,3115,0.569,25,52,10,0,10,100,25,109,200,223,50,33,3,25,102,25,366,122,288,3,433,20,50
"agent NegotiatingAgent #117",NegotiatingAgent,0.073,8,0.569,25,17,1,0,1,34,25,10,87,65,50,8,10,25,19,25,152,10,66,0,73,20,50
"agent NegotiatingAgent #118",NegotiatingAgent,0.51,1658,0.569,25,35,9,0,9,141,25,129,100,153,50,7,4,25,122,25,290,118,293,1,510,20,50
"agent NegotiatingAgent #119",NegotiatingAgent,0.132,100,0.569,25,19,2,0,2,20,25,31,96,100,50,11,13,25,39,25,159,42,128,2,132,20,50
"agent NegotiatingAgent #120",NegotiatingAgent,0.429,4034,0.569,25,52,6,0,8,106,25,101,187,210,50,22,7,25,94,25,345,128,286,3,429,20,50
"agent NegotiatingAgent #121",NegotiatingAgent,0.073,88,0.569,25,11,1,0,1,34,25,10,91,67,50,7,17,25,19,25,175,10,66,0,73,20,50
"agent NegotiatingAgent #122",NegotiatingAgent,0.09,14,0.569,25,3,2,0,2,37,25,23,30,26,50,2,5,25,16,25,112,14,83,1,90,20,50
"agent NegotiatingAgent #123",NegotiatingAgent,0.3,2484,0.569,25,44,5,0,5,56,25,79,140,198,50,21,4,25,87,25,252,78,212,2,300,20,50
"agent NegotiatingAgent #124",NegotiatingAgent,0.237,1584,0.569,25,24,7,0,7,56,25,55,104,156,50,18,3,25,48,25,257,78,190,3,237,20,50
"agent NegotiatingAgent #125",NegotiatingAgent,0.073,152,0.569,25,14,1,0,1,34,25,10,75,66,50,6,9,25,19,25,287,10,66,0,73,20,50
"agent SwarmAgent #126",SwarmAgent,0.166,0,0.569,25,0,3,0,3,59,25,39,0,0,50,0,0,25,32,25,242,36,121,1,166,20,50
"agent SwarmAgent #127",SwarmAgent,0.332,0,0.569,25,0,2,0,3,67,25,84,0,0,50,0,0,25,92,25,338,89,228,2,332,20,50
"agent SwarmAgent #128",SwarmAgent,0.181,0,0.569,25,0,3,0,3,34,25,49,0,0,50,0,0,25,42,25,383,56,162,3,181,20,50
"agent SwarmAgent #129",SwarmAgent,0.073,0,0.569,25,0,1,0,1,34,25,10,0,0,50,0,0,25,19,25,317,10,66,0,73,20,50
"agent SwarmAgent #130",SwarmAgent,0.162,0,0.569,25,0,3,0,3,59,25,37,0,0,50,0,0,25,30,25,183,36,119,1,162,20,50
"agent SwarmAgent #131",SwarmAgent,0.262,0,0.569,25,0,2,0,3,53,25,63,0,0,50,0,0,25,71,25,224,75,193,2,262,20,50
"agent SwarmAgent #132",SwarmAgent,0.175,0,0.569,25,0,1,0,2,26,25,54,0,0,50,0,0,25,47,25,135,48,159,3,175,20,50
"agent SwarmAgent #133",SwarmAgent,0.073,0,0.569,25,0,1,0,1,34,25,10,0,0,50,0,0,25,19,25,244,10,66,0,73,20,50
"agent SwarmAgent #134",SwarmAgent,0.334,0,0.569,25,0,4,0,5,103,25,79,0,0,50,0,0,25,72,25,291,80,205,1,334,20,50
"agent SwarmAgent #135",SwarmAgent,0.17,0,0.569,25,0,2,0,2,38,25,32,0,0,50,0,0,25,40,25,220,60,147,2,170,20,50
"agent SwarmAgent #136",SwarmAgent,0.177,0,0.569,25,0,2,0,2,32,25,49,0,0,50,0,0,25,42,25,47,54,160,3,177,20,50
"agent SwarmAgent #137",SwarmAgent,0.073,0,0.569,25,0,1,0,1,34,25,10,0,0,50,0,0,25,19,25,171,10,66,0,73,20,50
"agent SwarmAgent #138",SwarmAgent,0.158,0,0.569,25,0,3,0,3,55,25,39,0,0,50,0,0,25,32,25,32,32,117,1,158,20,50
"agent SwarmAgent #139",SwarmAgent,0.33,0,0.569,25,0,3,0,4,65,25,85,0,0,50,0,0,25,93,25,42,87,227,2,330,20,50
"agent SwarmAgent #140",SwarmAgent,0.171,0,0.569,25,0,0,0,1,26,25,52,0,0,50,0,0,25,45,25,53,48,157,3,171,20,50
"agent SwarmAgent #141",SwarmAgent,0.057,0,0.569,25,0,0,0,0,28,25,8,0,0,50,0,0,25,17,25,50,4,58,0,57,20,50
"agent SwarmAgent #142",SwarmAgent,0.16,0,0.569,25,0,4,0,4,52,25,43,0,0,50,0,0,25,36,25,15,29,118,1,160,20,50
"agent SwarmAgent #143",SwarmAgent,0.17,0,0.569,25,0,2,0,2,34,25,36,0,0,50,0,0,25,44,25,89,56,147,2,170,20,50
"agent SwarmAgent #144",SwarmAgent,0.311,0,0.569,25,0,3,0,4,67,25,81,0,0,50,0,0,25,74,25,312,89,227,3,311,20,50
"agent SwarmAgent #145",SwarmAgent,0.073,0,0.569,25,0,1,0,1,34,25,10,0,0,50,0,0,25,19,25,73,10,66,0,73,20,50
"agent SwarmAgent #146",SwarmAgent,0.166,0,0.569,25,0,3,0,3,59,25,39,0,0,50,0,0,25,32,25,1,36,121,1,166,20,50
"agent SwarmAgent #147",SwarmAgent,0.298,0,0.569,25,0,3,0,4,67,25,67,0,0,50,0,0,25,75,25,3,89,211,2,298,20,50
"agent SwarmAgent #148",SwarmAgent,0.311,0,0.569,25,0,3,0,4,67,25,81,0,0,50,0,0,25,74,25,0,89,227,3,311,20,50
"agent SwarmAgent #149",SwarmAgent,0.073,0,0.569,25,0,1,0,1,34,25,10,0,0,50,0,0,25,19,25,0,10,66,0,73,20,50
"agent SwarmAgent #150",SwarmAgent,0.332,0,0.569,25,0,2,0,3,98,25,83,0,0,50,0,0,25,76,25,0,75,204,1,332,20,50
