agentName,agentType,averageSpeed,cumulatedUtilityReceived,freeWallRatio,numBacktrackAgents,numCFPAnswered,numDeadends,numDifferentEncounters,numDirectionChanges,numDownSteps,numForwardAgents,numLeftSteps,numMessagesReceived,numMessagesSent,numNegotiatingAgents,numProposalsAccepted,numProposalsRejected,numRandomAgents,numRightSteps,numSwarmAgents,numTotalEncounters,numUpSteps,numVisitedCells,startingPosition,stepsToExit,xsize,ysize
"agent BacktrackAgent #1",BacktrackAgent,0.353,0,0.569,25,0,7,0,7,110,25,74,0,0,50,0,0,25,84,25,1283,85,290,0,353,20,50
"agent BacktrackAgent #2",BacktrackAgent,0.529,0,0.569,25,0,11,0,11,154,25,126,0,0,50,0,0,25,120,25,1118,129,358,1,529,20,50
"agent BacktrackAgent #3",BacktrackAgent,0.544,0,0.569,25,0,10,0,10,144,25,113,0,0,50,0,0,25,122,25,1111,165,330,2,544,20,50
"agent BacktrackAgent #4",BacktrackAgent,0.591,0,0.569,25,0,10,0,10,158,25,130,0,0,50,0,0,25,124,25,1167,179,356,3,591,20,50
"agent BacktrackAgent #5",BacktrackAgent,0.477,0,0.569,25,0,11,0,11,146,25,100,0,0,50,0,0,25,110,25,1553,121,352,0,477,20,50
"agent BacktrackAgent #6",BacktrackAgent,0.409,0,0.569,25,0,9,0,9,132,25,88,0,0,50,0,0,25,82,25,1063,107,298,1,409,20,50
"agent BacktrackAgent #7",BacktrackAgent,0.562,0,0.569,25,0,9,0,9,150,25,116,0,0,50,0,0,25,125,25,554,171,339,2,562,20,50
"agent BacktrackAgent #8",BacktrackAgent,0.599,0,0.569,25,0,11,0,11,160,25,132,0,0,50,0,0,25,126,25,733,181,360,3,599,20,50
"agent BacktrackAgent #9",BacktrackAgent,0.353,0,0.569,25,0,6,0,6,110,25,74,0,0,50,0,0,25,84,25,1264,85,290,0,353,20,50
"agent BacktrackAgent #10",BacktrackAgent,0.485,0,0.569,25,0,10,0,10,142,25,116,0,0,50,0,0,25,110,25,1532,117,336,1,485,20,50
"agent BacktrackAgent #11",BacktrackAgent,0.554,0,0.569,25,0,8,0,8,150,25,112,0,0,50,0,0,25,121,25,1065,171,335,2,554,20,50
"agent BacktrackAgent #12",BacktrackAgent,0.591,0,0.569,25,0,9,0,9,154,25,134,0,0,50,0,0,25,128,25,1129,175,356,3,591,20,50
"agent BacktrackAgent #13",BacktrackAgent,0.449,0,0.569,25,0,9,0,9,138,25,94,0,0,50,0,0,25,104,25,1522,113,338,0,449,20,50
"agent BacktrackAgent #14",BacktrackAgent,0.337,0,0.569,25,0,8,0,8,108,25,76,0,0,50,0,0,25,70,25,1387,83,262,1,337,20,50
"agent BacktrackAgent #15",BacktrackAgent,0.606,0,0.569,25,0,10,0,10,164,25,124,0,0,50,0,0,25,133,25,764,185,361,2,606,20,50
"agent BacktrackAgent #16",BacktrackAgent,0.171,0,0.569,25,0,4,0,4,34,25,44,0,0,50,0,0,25,38,25,615,55,146,3,171,20,50
"agent BacktrackAgent #17",BacktrackAgent,0.309,0,0.569,25,0,4,0,4,106,25,56,0,0,50,0,0,25,66,25,1260,81,268,0,309,20,50
"agent BacktrackAgent #18",BacktrackAgent,0.381,0,0.569,25,0,9,0,9,120,25,86,0,0,50,0,0,25,80,25,1154,95,284,1,381,20,50
"agent BacktrackAgent #19",BacktrackAgent,0.57,0,0.569,25,0,9,0,9,152,25,118,0,0,50,0,0,25,127,25,547,173,343,2,570,20,50
"agent BacktrackAgent #20",BacktrackAgent,0.571,0,0.569,25,0,10,0,10,150,25,128,0,0,50,0,0,25,122,25,1050,171,346,3,571,20,50
"agent BacktrackAgent #21",BacktrackAgent,0.325,0,0.569,25,0,6,0,6,104,25,66,0,0,50,0,0,25,76,25,1095,79,276,0,325,20,50
"agent BacktrackAgent #22",BacktrackAgent,0.401,0,0.569,25,0,8,0,8,130,25,86,0,0,50,0,0,25,80,25,1152,105,294,1,401,20,50
"agent BacktrackAgent #23",BacktrackAgent,0.142,0,0.569,25,0,3,0,3,28,25,28,0,0,50,0,0,25,37,25,289,49,129,2,142,20,50
"agent BacktrackAgent #24",BacktrackAgent,0.199,0,0.569,25,0,5,0,5,48,25,44,0,0,50,0,0,25,38,25,465,69,160,3,199,20,50
"agent BacktrackAgent #25",BacktrackAgent,0.437,0,0.569,25,0,9,0,9,136,25,90,0,0,50,0,0,25,100,25,1128,111,332,0,437,20,50
"agent ForwardAgent #26",ForwardAgent,1.265,0,0.569,25,0,23,0,23,376,25,272,0,0,50,0,0,25,266,25,1400,351,304,1,1265,20,50
"agent ForwardAgent #27",ForwardAgent,4.916,0,0.569,25,0,91,0,91,1362,25,1081,0,0,50,0,0,25,1090,25,1669,1383,376,2,4916,20,50
"agent ForwardAgent #28",ForwardAgent,5.143,0,0.569,25,0,98,0,98,1386,25,1178,0,0,50,0,0,25,1172,25,2470,1407,376,3,5143,20,50
"agent ForwardAgent #29",ForwardAgent,1.529,0,0.569,25,0,23,0,23,440,25,332,0,0,50,0,0,25,342,25,1281,415,322,0,1529,20,50
"agent ForwardAgent #30",ForwardAgent,2.997,0,0.569,25,0,50,0,50,842,25,672,0,0,50,0,0,25,666,25,1754,817,376,1,2997,20,50
"agent ForwardAgent #31",ForwardAgent,0.28,0,0.569,25,0,11,0,11,66,25,59,0,0,50,0,0,25,68,25,527,87,130,2,280,20,50
"agent ForwardAgent #32",ForwardAgent,0.679,0,0.569,25,0,10,0,10,198,25,134,0,0,50,0,0,25,128,25,731,219,292,3,679,20,50
"agent ForwardAgent #33",ForwardAgent,3.201,0,0.569,25,0,58,0,58,942,25,666,0,0,50,0,0,25,676,25,1757,917,376,0,3201,20,50
"agent ForwardAgent #34",ForwardAgent,3.237,0,0.569,25,0,61,0,61,874,25,760,0,0,50,0,0,25,754,25,1897,849,354,1,3237,20,50
"agent ForwardAgent #35",ForwardAgent,0.306,0,0.569,25,0,12,0,12,72,25,66,0,0,50,0,0,25,75,25,396,93,157,2,306,20,50
"agent ForwardAgent #36",ForwardAgent,1.503,0,0.569,25,0,25,0,25,422,25,322,0,0,50,0,0,25,316,25,1002,443,374,3,1503,20,50
"agent ForwardAgent #37",ForwardAgent,0.493,0,0.569,25,0,10,0,10,146,25,108,0,0,50,0,0,25,118,25,647,121,282,0,493,20,50
"agent ForwardAgent #38",ForwardAgent,0.457,0,0.569,25,0,6,0,6,136,25,108,0,0,50,0,0,25,102,25,898,111,302,1,457,20,50
"agent ForwardAgent #39",ForwardAgent,1.708,0,0.569,25,0,35,0,35,474,25,365,0,0,50,0,0,25,374,25,802,495,374,2,1708,20,50
"agent ForwardAgent #40",ForwardAgent,0.791,0,0.569,25,0,12,0,12,226,25,162,0,0,50,0,0,25,156,25,629,247,306,3,791,20,50
"agent ForwardAgent #41",ForwardAgent,7.269,0,0.569,25,0,154,0,154,1986,25,1656,0,0,50,0,0,25,1666,25,3042,1961,376,0,7269,20,50
"agent ForwardAgent #42",ForwardAgent,2.177,0,0.569,25,0,47,0,47,564,25,540,0,0,50,0,0,25,534,25,1389,539,280,1,2177,20,50
"agent ForwardAgent #43",ForwardAgent,1.126,0,0.569,25,0,19,0,19,310,25,238,0,0,50,0,0,25,247,25,573,331,343,2,1126,20,50
"agent ForwardAgent #44",ForwardAgent,0.727,0,0.569,25,0,13,0,13,188,25,168,0,0,50,0,0,25,162,25,571,209,316,3,727,20,50
"agent ForwardAgent #45",ForwardAgent,0.665,0,0.569,25,0,13,0,13,188,25,152,0,0,50,0,0,25,162,25,792,163,304,0,665,20,50
"agent ForwardAgent #46",ForwardAgent,0.229,0,0.569,25,0,1,0,1,80,25,50,0,0,50,0,0,25,44,25,598,55,208,1,229,20,50
"agent ForwardAgent #47",ForwardAgent,0.316,0,0.569,25,0,9,0,9,72,25,71,0,0,50,0,0,25,80,25,471,93,172,2,316,20,50
"agent ForwardAgent #48",ForwardAgent,0.459,0,0.569,25,0,14,0,14,116,25,106,0,0,50,0,0,25,100,25,371,137,176,3,459,20,50
"agent ForwardAgent #49",ForwardAgent,2.097,0,0.569,25,0,40,0,40,584,25,472,0,0,50,0,0,25,482,25,1373,559,374,0,2097,20,50
"agent ForwardAgent #50",ForwardAgent,10.465,0,0.569,25,0,189,0,189,3036,25,2212,0,0,50,0,0,25,2206,25,3151,3011,376,1,10465,20,50
"agent RandomAgent #51",RandomAgent,11.334,0,0.569,25,0,97,0,5522,3394,25,2258,0,0,50,0,0,25,2267,25,2060,3415,274,2,11334,20,50
"agent RandomAgent #52",RandomAgent,284.923,0,0.569,25,0,5307,0,142356,83001,25,59453,0,0,50,0,0,25,59447,25,15836,83022,376,3,284923,20,50
"agent RandomAgent #53",RandomAgent,61.613,0,0.569,25,0,1355,0,31280,17320,25,13494,0,0,50,0,0,25,13504,25,11660,17295,302,0,61613,20,50
"agent RandomAgent #54",RandomAgent,33.715,0,0.569,25,0,625,0,17112,9784,25,7089,0,0,50,0,0,25,7083,25,7637,9759,300,1,33715,20,50
"agent RandomAgent #55",RandomAgent,5.104,0,0.569,25,0,59,0,2542,1236,25,1301,0,0,50,0,0,25,1310,25,1316,1257,164,2,5104,20,50
"agent RandomAgent #56",RandomAgent,16.873,0,0.569,25,0,400,0,8440,4755,25,3674,0,0,50,0,0,25,3668,25,3587,4776,261,3,16873,20,50
"agent RandomAgent #57",RandomAgent,32.207,0,0.569,25,0,398,0,16089,8827,25,7284,0,0,50,0,0,25,7294,25,7714,8802,317,0,32207,20,50
"agent RandomAgent #58",RandomAgent,168.401,0,0.569,25,0,2759,0,84852,48175,25,36041,0,0,50,0,0,25,36035,25,9234,48150,375,1,168401,20,50
"agent RandomAgent #59",RandomAgent,91.236,0,0.569,25,0,1473,0,45385,25897,25,19706,0,0,50,0,0,25,19715,25,6184,25918,368,2,91236,20,50
"agent RandomAgent #60",RandomAgent,52.671,0,0.569,25,0,944,0,26537,14173,25,12155,0,0,50,0,0,25,12149,25,8010,14194,368,3,52671,20,50
"agent RandomAgent #61",RandomAgent,13.777,0,0.569,25,0,222,0,6937,3816,25,3080,0,0,50,0,0,25,3090,25,1712,3791,295,0,13777,20,50
"agent RandomAgent #62",RandomAgent,85.441,0,0.569,25,0,1864,0,42934,24141,25,18595,0,0,50,0,0,25,18589,25,6866,24116,376,1,85441,20,50
"agent RandomAgent #63",RandomAgent,86.8,0,0.569,25,0,1679,0,43720,24274,25,19111,0,0,50,0,0,25,19120,25,4763,24295,376,2,86800,20,50
"agent RandomAgent #64",RandomAgent,17.209,0,0.569,25,0,329,0,8624,5353,25,3244,0,0,50,0,0,25,3238,25,921,5374,252,3,17209,20,50
"agent RandomAgent #65",RandomAgent,31.185,0,0.569,25,0,512,0,15527,8312,25,7288,0,0,50,0,0,25,7298,25,4048,8287,303,0,31185,20,50
"agent RandomAgent #66",RandomAgent,60.623,0,0.569,25,0,1012,0,30331,16877,25,13450,0,0,50,0,0,25,13444,25,3845,16852,361,1,60623,20,50
"agent RandomAgent #67",RandomAgent,96.774,0,0.569,25,0,1767,0,48485,27037,25,21335,0,0,50,0,0,25,21344,25,2854,27058,352,2,96774,20,50
"agent RandomAgent #68",RandomAgent,9.699,0,0.569,25,0,242,0,4825,2644,25,2198,0,0,50,0,0,25,2192,25,449,2665,168,3,9699,20,50
"agent RandomAgent #69",RandomAgent,141.963,0,0.569,25,0,2825,0,71320,40140,25,30849,0,0,50,0,0,25,30859,25,3095,40115,374,0,141963,20,50
"agent RandomAgent #70",RandomAgent,28.265,0,0.569,25,0,517,0,14051,8099,25,6049,0,0,50,0,0,25,6043,25,2060,8074,294,1,28265,20,50
"agent RandomAgent #71",RandomAgent,31.22,0,0.569,25,0,925,0,15573,7832,25,7763,0,0,50,0,0,25,7772,25,389,7853,217,2,31220,20,50
"agent RandomAgent #72",RandomAgent,5.589,0,0.569,25,0,138,0,2817,1632,25,1155,0,0,50,0,0,25,1149,25,84,1653,172,3,5589,20,50
"agent RandomAgent #73",RandomAgent,37.063,0,0.569,25,0,712,0,18729,10299,25,8240,0,0,50,0,0,25,8250,25,422,10274,371,0,37063,20,50
"agent RandomAgent #74",RandomAgent,92.025,0,0.569,25,0,1811,0,46314,24208,25,21820,0,0,50,0,0,25,21814,25,29,24183,376,1,92025,20,50
"agent RandomAgent #75",RandomAgent,15.668,0,0.569,25,0,205,0,7837,3890,25,3929,0,0,50,0,0,25,3938,25,38,3911,213,2,15668,20,50
"agent NegotiatingAgent #76",NegotiatingAgent,0.195,1031,0.569,25,27,4,0,4,40,25,50,104,97,50,7,9,25,44,25,221,61,158,3,195,20,50
"agent NegotiatingAgent #77",NegotiatingAgent,0.379,4125,0.569,25,62,5,0,6,112,25,85,220,225,50,22,8,25,95,25,529,87,303,0,379,20,50
"agent NegotiatingAgent #78",NegotiatingAgent,0.269,323,0.569,25,15,4,0,4,96,25,54,119,131,50,20,12,25,48,25,127,71,228,1,269,20,50
"agent NegotiatingAgent #79",NegotiatingAgent,0.232,869,0.569,25,18,7,0,7,52,25,49,123,114,50,14,13,25,58,25,235,73,174,2,232,20,50
"agent NegotiatingAgent #80",NegotiatingAgent,0.143,632,0.569,25,20,2,0,2,26,25,38,110,95,50,13,9,25,32,25,215,47,132,3,143,20,50
"agent NegotiatingAgent #81",NegotiatingAgent,0.375,504,0.569,25,13,5,0,6,122,25,73,84,119,50,14,9,25,83,25,368,97,301,0,375,20,50
"agent NegotiatingAgent #82",NegotiatingAgent,0.389,650,0.569,25,13,5,0,5,116,25,94,122,151,50,29,9,25,88,25,347,91,288,1,389,20,50
"agent NegotiatingAgent #83",NegotiatingAgent,0.164,28,0.569,25,10,3,0,3,32,25,35,51,50,50,1,11,25,44,25,181,53,140,2,164,20,50
"agent NegotiatingAgent #84",NegotiatingAgent,0.495,2306,0.569,25,33,6,0,6,124,25,116,209,225,50,42,2,25,110,25,312,145,308,3,495,20,50
"agent NegotiatingAgent #85",NegotiatingAgent,0.305,474,0.569,25,19,4,0,4,96,25,64,171,179,50,36,13,25,74,25,417,71,266,0,305,20,50
"agent NegotiatingAgent #86",NegotiatingAgent,0.245,152,0.569,25,9,4,0,4,84,25,54,152,140,50,40,7,25,48,25,280,59,216,1,245,20,50
"agent NegotiatingAgent #87",NegotiatingAgent,0.448,1184,0.569,25,21,4,0,4,114,25,95,234,216,50,43,15,25,104,25,310,135,282,2,448,20,50
"agent NegotiatingAgent #88",NegotiatingAgent,0.147,367,0.569,25,12,3,0,3,30,25,36,56,61,50,6,6,25,30,25,149,51,134,3,147,20,50
"agent NegotiatingAgent #89",NegotiatingAgent,0.341,468,0.569,25,14,5,0,5,110,25,68,109,181,50,14,17,25,78,25,420,85,284,0,341,20,50
"agent NegotiatingAgent #90",NegotiatingAgent,0.459,567,0.569,25,14,5,0,6,132,25,113,201,231,50,56,13,25,107,25,314,107,323,1,459,20,50
"agent NegotiatingAgent #91",NegotiatingAgent,0.49,530,0.569,25,9,5,0,5,130,25,100,110,174,50,26,12,25,109,25,194,151,303,2,490,20,50
"agent NegotiatingAgent #92",NegotiatingAgent,0.517,1884,0.569,25,23,7,0,8,130,25,121,193,212,50,46,4,25,115,25,216,151,319,3,517,20,50
"agent NegotiatingAgent #93",NegotiatingAgent,0.357,186,0.569,25,6,4,0,5,112,25,74,109,130,50,20,18,25,84,25,356,87,292,0,357,20,50
"agent NegotiatingAgent #94",NegotiatingAgent,0.413,64,0.569,25,3,5,0,6,126,25,96,236,234,50,62,16,25,90,25,314,101,300,1,413,20,50
"agent NegotiatingAgent #95",NegotiatingAgent,0.484,226,0.569,25,3,7,0,7,122,25,105,231,207,50,57,19,25,114,25,245,143,300,2,484,20,50
"agent NegotiatingAgent #96",NegotiatingAgent,0.479,0,0.569,25,0,6,0,6,130,25,102,241,281,50,81,7,25,96,25,236,151,300,3,479,20,50
"agent NegotiatingAgent #97",NegotiatingAgent,0.321,0,0.569,25,0,3,0,4,102,25,66,117,154,50,23,29,25,76,25,483,77,274,0,321,20,50
"agent NegotiatingAgent #98",NegotiatingAgent,0.225,0,0.569,25,0,3,0,3,86,25,42,102,113,50,24,15,25,36,25,308,61,206,1,225,20,50
"agent NegotiatingAgent #99",NegotiatingAgent,0.176,0,0.569,25,0,5,0,5,36,25,37,56,76,50,11,12,25,46,25,240,57,146,2,176,20,50
"agent NegotiatingAgent #100",NegotiatingAgent,0.571,3806,0.569,25,78,9,0,9,154,25,124,158,215,50,0,0,25,118,25,302,175,346,3,571,20,50
"agent NegotiatingAgent #101",NegotiatingAgent,0.265,3095,0.569,25,83,2,0,2,92,25,48,160,252,50,0,0,25,58,25,407,67,246,0,265,20,50
"agent NegotiatingAgent #102",NegotiatingAgent,0.201,1278,0.569,25,50,3,0,3,72,25,44,108,160,50,0,0,25,38,25,241,47,194,1,201,20,50
"agent NegotiatingAgent #103",NegotiatingAgent,0.56,2925,0.569,25,59,10,0,10,150,25,115,156,202,50,12,0,25,124,25,302,171,338,2,560,20,50
"agent NegotiatingAgent #104",NegotiatingAgent,0.195,5625,0.569,25,103,4,0,4,44,25,46,220,222,50,3,0,25,40,25,320,65,158,3,195,20,50
"agent NegotiatingAgent #105",NegotiatingAgent,0.345,2713,0.569,25,82,5,0,5,106,25,74,162,170,50,1,0,25,84,25,350,81,286,0,345,20,50
"agent NegotiatingAgent #106",NegotiatingAgent,0.277,1933,0.569,25,66,5,0,5,98,25,56,142,198,50,2,1,25,50,25,362,73,232,1,277,20,50
"agent NegotiatingAgent #107",NegotiatingAgent,0.206,1616,0.569,25,55,4,0,4,48,25,40,145,181,50,12,1,25,49,25,228,69,161,2,206,20,50
"agent NegotiatingAgent #108",NegotiatingAgent,0.151,1453,0.569,25,42,3,0,3,28,25,40,105,97,50,4,0,25,34,25,230,49,136,3,151,20,50
"agent NegotiatingAgent #109",NegotiatingAgent,0.441,4124,0.569,25,84,7,0,7,134,25,94,223,336,50,12,3,25,104,25,560,109,334,0,441,20,50
"agent NegotiatingAgent #110",NegotiatingAgent,0.371,1582,0.569,25,58,4,0,5,124,25,77,157,217,50,4,10,25,71,25,371,99,279,1,371,20,50
"agent NegotiatingAgent #111",NegotiatingAgent,0.234,2778,0.569,25,64,7,0,7,54,25,48,205,184,50,14,8,25,57,25,292,75,175,2,234,20,50
"agent NegotiatingAgent #112",NegotiatingAgent,0.163,186,0.569,25,17,5,0,5,32,25,42,99,93,50,21,4,25,36,25,206,53,142,3,163,20,50
"agent NegotiatingAgent #113",NegotiatingAgent,0.285,466,0.569,25,36,4,0,4,92,25,58,160,198,50,6,26,25,68,25,400,67,256,0,285,20,50
"agent NegotiatingAgent #114",NegotiatingAgent,0.339,987,0.569,25,32,3,0,4,110,25,75,165,186,50,25,10,25,69,25,312,85,263,1,339,20,50
"agent NegotiatingAgent #115",NegotiatingAgent,0.168,677,0.569,25,34,5,0,5,36,25,33,132,123,50,16,9,25,42,25,238,57,142,2,168,20,50
"agent NegotiatingAgent #116",NegotiatingAgent,0.503,3054,0.569,25,47,8,0,8,136,25,108,170,226,50,16,5,25,102,25,392,157,312,3,503,20,50
"agent NegotiatingAgent #117",NegotiatingAgent,0.357,2313,0.569,25,57,7,0,7,110,25,76,170,190,50,10,5,25,86,25,467,85,292,0,357,20,50
"agent NegotiatingAgent #118",NegotiatingAgent,0.301,547,0.569,25,29,4,0,4,98,25,68,126,178,50,7,16,25,62,25,339,73,244,1,301,20,50
"agent NegotiatingAgent #119",NegotiatingAgent,0.466,3150,0.569,25,50,5,0,5,120,25,98,130,158,50,3,9,25,107,25,267,141,291,2,466,20,50
"agent NegotiatingAgent #120",NegotiatingAgent,0.219,620,0.569,25,17,6,0,6,46,25,56,185,171,50,45,3,25,50,25,167,67,170,3,219,20,50
"agent NegotiatingAgent #121",NegotiatingAgent,0.281,3357,0.569,25,54,5,0,5,92,25,56,189,265,50,24,4,25,66,25,516,67,254,0,281,20,50
"agent NegotiatingAgent #122",NegotiatingAgent,0.197,511,0.569,25,22,2,0,2,72,25,42,81,76,50,2,10,25,36,25,390,47,192,1,197,20,50
"agent NegotiatingAgent #123",NegotiatingAgent,0.47,3661,0.569,25,71,6,0,6,124,25,96,213,225,50,16,2,25,105,25,315,145,293,2,470,20,50
"agent NegotiatingAgent #124",NegotiatingAgent,0.139,89,0.569,25,7,3,0,3,32,25,30,52,79,50,6,3,25,24,25,181,53,130,3,139,20,50
"agent NegotiatingAgent #125",NegotiatingAgent,0.265,436,0.569,25,21,2,0,2,88,25,52,101,113,50,9,12,25,62,25,358,63,246,0,265,20,50
"agent SwarmAgent #126",SwarmAgent,0.301,0,0.569,25,0,1,0,1,94,25,72,0,0,50,0,0,25,66,25,141,69,244,1,301,20,50
"agent SwarmAgent #127",SwarmAgent,0.188,0,0.569,25,0,2,0,3,40,25,39,0,0,50,0,0,25,48,25,69,61,152,2,188,20,50
"agent SwarmAgent #128",SwarmAgent,0.323,0,0.569,25,0,2,0,3,88,25,66,0,0,50,0,0,25,60,25,653,109,222,3,323,20,50
"agent SwarmAgent #129",SwarmAgent,0.277,0,0.569,25,0,0,0,1,92,25,54,0,0,50,0,0,25,64,25,482,67,252,0,277,20,50
"agent SwarmAgent #130",SwarmAgent,0.273,0,0.569,25,0,2,0,3,100,25,52,0,0,50,0,0,25,46,25,302,75,230,1,273,20,50
"agent SwarmAgent #131",SwarmAgent,0.178,0,0.569,25,0,2,0,2,36,25,38,0,0,50,0,0,25,47,25,46,57,147,2,178,20,50
"agent SwarmAgent #132",SwarmAgent,0.137,0,0.569,25,0,0,0,1,24,25,37,0,0,50,0,0,25,31,25,34,45,129,3,137,20,50
"agent SwarmAgent #133",SwarmAgent,0.257,0,0.569,25,0,1,0,1,82,25,54,0,0,50,0,0,25,64,25,397,57,242,0,257,20,50
"agent SwarmAgent #134",SwarmAgent,0.237,0,0.569,25,0,0,0,1,84,25,50,0,0,50,0,0,25,44,25,151,59,212,1,237,20,50
"agent SwarmAgent #135",SwarmAgent,0.158,0,0.569,25,0,1,0,1,32,25,32,0,0,50,0,0,25,41,25,20,53,137,2,158,20,50
"agent SwarmAgent #136",SwarmAgent,0.321,0,0.569,25,0,1,0,3,84,25,69,0,0,50,0,0,25,63,25,44,105,221,3,321,20,50
"agent SwarmAgent #137",SwarmAgent,0.277,0,0.569,25,0,0,0,1,92,25,54,0,0,50,0,0,25,64,25,144,67,252,0,277,20,50
"agent SwarmAgent #138",SwarmAgent,0.269,0,0.569,25,0,1,0,2,98,25,52,0,0,50,0,0,25,46,25,86,73,228,1,269,20,50
"agent SwarmAgent #139",SwarmAgent,0.314,0,0.569,25,0,2,0,3,82,25,60,0,0,50,0,0,25,69,25,11,103,215,2,314,20,50
"agent SwarmAgent #140",SwarmAgent,0.323,0,0.569,25,0,2,0,3,88,25,66,0,0,50,0,0,25,60,25,16,109,222,3,323,20,50
"agent SwarmAgent #141",SwarmAgent,0.257,0,0.569,25,0,1,0,1,82,25,54,0,0,50,0,0,25,64,25,80,57,242,0,257,20,50
"agent SwarmAgent #142",SwarmAgent,0.221,0,0.569,25,0,2,0,2,84,25,42,0,0,50,0,0,25,36,25,86,59,204,1,221,20,50
"agent SwarmAgent #143",SwarmAgent,0.164,0,0.569,25,0,3,0,3,34,25,33,0,0,50,0,0,25,42,25,90,55,140,2,164,20,50
"agent SwarmAgent #144",SwarmAgent,0.139,0,0.569,25,0,1,0,1,28,25,34,0,0,50,0,0,25,28,25,21,49,130,3,139,20,50
"agent SwarmAgent #145",SwarmAgent,0.261,0,0.569,25,0,1,0,1,86,25,52,0,0,50,0,0,25,62,25,25,61,244,0,261,20,50
"agent SwarmAgent #146",SwarmAgent,0.189,0,0.569,25,0,1,0,1,70,25,40,0,0,50,0,0,25,34,25,21,45,188,1,189,20,50
"agent SwarmAgent #147",SwarmAgent,0.132,0,0.569,25,0,4,0,4,24,25,27,0,0,50,0,0,25,36,25,0,45,124,2,132,20,50
"agent SwarmAgent #148",SwarmAgent,0.327,0,0.569,25,0,1,0,2,94,25,62,0,0,50,0,0,25,56,25,0,115,224,3,327,20,50
"agent SwarmAgent #149",SwarmAgent,0.281,0,0.569,25,0,1,0,2,94,25,54,0,0,50,0,0,25,64,25,2,69,254,0,281,20,50
"agent SwarmAgent #150",SwarmAgent,0.333,0,0.569,25,0,2,0,2,100,25,82,0,0,50,0,0,25,76,25,0,75,260,1,333,20,50
