agentName,agentType,averageSpeed,cumulatedUtilityReceived,freeWallRatio,numBacktrackAgents,numCFPAnswered,numDeadends,numDifferentEncounters,numDirectionChanges,numDownSteps,numForwardAgents,numLeftSteps,numMessagesReceived,numMessagesSent,numNegotiatingAgents,numProposalsAccepted,numProposalsRejected,numRandomAgents,numRightSteps,numSwarmAgents,numTotalEncounters,numUpSteps,numVisitedCells,startingPosition,stepsToExit,xsize,ysize
"agent BacktrackAgent #1",BacktrackAgent,0.197,0,0.569,25,0,5,0,5,58,25,48,0,0,25,0,0,25,57,50,1050,34,164,0,197,20,50
"agent BacktrackAgent #2",BacktrackAgent,0.311,0,0.569,25,0,13,0,13,98,25,73,0,0,25,0,0,25,66,50,623,74,230,1,311,20,50
"agent BacktrackAgent #3",BacktrackAgent,0.081,0,0.569,25,0,0,0,0,6,25,19,0,0,25,0,0,25,28,50,737,28,82,2,81,20,50
"agent BacktrackAgent #4",BacktrackAgent,0.233,0,0.569,25,0,11,0,11,42,25,67,0,0,25,0,0,25,60,50,599,64,158,3,233,20,50
"agent BacktrackAgent #5",BacktrackAgent,0.197,0,0.569,25,0,5,0,5,58,25,48,0,0,25,0,0,25,57,50,763,34,164,0,197,20,50
"agent BacktrackAgent #6",BacktrackAgent,0.347,0,0.569,25,0,14,0,14,100,25,89,0,0,25,0,0,25,82,50,606,76,248,1,347,20,50
"agent BacktrackAgent #7",BacktrackAgent,0.193,0,0.569,25,0,7,0,7,38,25,43,0,0,25,0,0,25,52,50,775,60,138,2,193,20,50
"agent BacktrackAgent #8",BacktrackAgent,0.293,0,0.569,25,0,10,0,10,72,25,67,0,0,25,0,0,25,60,50,661,94,188,3,293,20,50
"agent BacktrackAgent #9",BacktrackAgent,0.137,0,0.569,25,0,2,0,2,44,25,32,0,0,25,0,0,25,41,50,1109,20,134,0,137,20,50
"agent BacktrackAgent #10",BacktrackAgent,0.319,0,0.569,25,0,12,0,12,96,25,79,0,0,25,0,0,25,72,50,870,72,234,1,319,20,50
"agent BacktrackAgent #11",BacktrackAgent,0.089,0,0.569,25,0,1,0,1,6,25,23,0,0,25,0,0,25,32,50,425,28,86,2,89,20,50
"agent BacktrackAgent #12",BacktrackAgent,0.437,0,0.569,25,0,19,0,19,108,25,103,0,0,25,0,0,25,96,50,907,130,260,3,437,20,50
"agent BacktrackAgent #13",BacktrackAgent,0.185,0,0.569,25,0,5,0,5,58,25,42,0,0,25,0,0,25,51,50,1495,34,158,0,185,20,50
"agent BacktrackAgent #14",BacktrackAgent,0.287,0,0.569,25,0,12,0,12,90,25,69,0,0,25,0,0,25,62,50,734,66,218,1,287,20,50
"agent BacktrackAgent #15",BacktrackAgent,0.433,0,0.569,25,0,18,0,18,108,25,93,0,0,25,0,0,25,102,50,964,130,258,2,433,20,50
"agent BacktrackAgent #16",BacktrackAgent,0.293,0,0.569,25,0,10,0,10,72,25,67,0,0,25,0,0,25,60,50,796,94,188,3,293,20,50
"agent BacktrackAgent #17",BacktrackAgent,0.133,0,0.569,25,0,1,0,1,44,25,30,0,0,25,0,0,25,39,50,1372,20,132,0,133,20,50
"agent BacktrackAgent #18",BacktrackAgent,0.203,0,0.569,25,0,6,0,6,64,25,53,0,0,25,0,0,25,46,50,660,40,176,1,203,20,50
"agent BacktrackAgent #19",BacktrackAgent,0.441,0,0.569,25,0,19,0,19,108,25,97,0,0,25,0,0,25,106,50,628,130,262,2,441,20,50
"agent BacktrackAgent #20",BacktrackAgent,0.113,0,0.569,25,0,2,0,2,10,25,39,0,0,25,0,0,25,32,50,377,32,98,3,113,20,50
"agent BacktrackAgent #21",BacktrackAgent,0.205,0,0.569,25,0,7,0,7,60,25,50,0,0,25,0,0,25,59,50,831,36,168,0,205,20,50
"agent BacktrackAgent #22",BacktrackAgent,0.235,0,0.569,25,0,9,0,9,70,25,63,0,0,25,0,0,25,56,50,1076,46,192,1,235,20,50
"agent BacktrackAgent #23",BacktrackAgent,0.193,0,0.569,25,0,7,0,7,38,25,43,0,0,25,0,0,25,52,50,945,60,138,2,193,20,50
"agent BacktrackAgent #24",BacktrackAgent,0.225,0,0.569,25,0,9,0,9,42,25,63,0,0,25,0,0,25,56,50,436,64,154,3,225,20,50
"agent BacktrackAgent #25",BacktrackAgent,0.185,0,0.569,25,0,5,0,5,58,25,42,0,0,25,0,0,25,51,50,1213,34,158,0,185,20,50
"agent ForwardAgent #26",ForwardAgent,0.819,0,0.569,25,0,37,0,37,250,25,175,0,0,25,0,0,25,168,50,851,226,240,1,819,20,50
"agent ForwardAgent #27",ForwardAgent,0.293,0,0.569,25,0,6,0,6,70,25,61,0,0,25,0,0,25,70,50,850,92,118,2,293,20,50
"agent ForwardAgent #28",ForwardAgent,0.153,0,0.569,25,0,5,0,5,24,25,45,0,0,25,0,0,25,38,50,218,46,106,3,153,20,50
"agent ForwardAgent #29",ForwardAgent,0.137,0,0.569,25,0,2,0,2,44,25,32,0,0,25,0,0,25,41,50,1002,20,134,0,137,20,50
"agent ForwardAgent #30",ForwardAgent,1.067,0,0.569,25,0,42,0,42,312,25,237,0,0,25,0,0,25,230,50,1112,288,228,1,1067,20,50
"agent ForwardAgent #31",ForwardAgent,0.337,0,0.569,25,0,12,0,12,74,25,79,0,0,25,0,0,25,88,50,600,96,180,2,337,20,50
"agent ForwardAgent #32",ForwardAgent,1.141,0,0.569,25,0,43,0,43,330,25,233,0,0,25,0,0,25,226,50,725,352,238,3,1141,20,50
"agent ForwardAgent #33",ForwardAgent,0.917,0,0.569,25,0,44,0,44,240,25,226,0,0,25,0,0,25,235,50,936,216,170,0,917,20,50
"agent ForwardAgent #34",ForwardAgent,0.263,0,0.569,25,0,9,0,9,74,25,73,0,0,25,0,0,25,66,50,470,50,186,1,263,20,50
"agent ForwardAgent #35",ForwardAgent,0.081,0,0.569,25,0,0,0,0,6,25,19,0,0,25,0,0,25,28,50,569,28,82,2,81,20,50
"agent ForwardAgent #36",ForwardAgent,0.685,0,0.569,25,0,36,0,36,184,25,151,0,0,25,0,0,25,144,50,595,206,244,3,685,20,50
"agent ForwardAgent #37",ForwardAgent,0.585,0,0.569,25,0,15,0,15,152,25,148,0,0,25,0,0,25,157,50,720,128,168,0,585,20,50
"agent ForwardAgent #38",ForwardAgent,0.459,0,0.569,25,0,20,0,20,128,25,117,0,0,25,0,0,25,110,50,615,104,198,1,459,20,50
"agent ForwardAgent #39",ForwardAgent,2.097,0,0.569,25,0,87,0,87,596,25,437,0,0,25,0,0,25,446,50,1390,618,238,2,2097,20,50
"agent ForwardAgent #40",ForwardAgent,1.373,0,0.569,25,0,59,0,59,382,25,297,0,0,25,0,0,25,290,50,932,404,224,3,1373,20,50
"agent ForwardAgent #41",ForwardAgent,0.133,0,0.569,25,0,1,0,1,44,25,30,0,0,25,0,0,25,39,50,806,20,132,0,133,20,50
"agent ForwardAgent #42",ForwardAgent,2.359,0,0.569,25,0,108,0,108,696,25,499,0,0,25,0,0,25,492,50,1369,672,262,1,2359,20,50
"agent ForwardAgent #43",ForwardAgent,0.273,0,0.569,25,0,12,0,12,56,25,65,0,0,25,0,0,25,74,50,605,78,136,2,273,20,50
"agent ForwardAgent #44",ForwardAgent,0.081,0,0.569,25,0,0,0,0,6,25,27,0,0,25,0,0,25,20,50,361,28,82,3,81,20,50
"agent ForwardAgent #45",ForwardAgent,0.429,0,0.569,25,0,8,0,8,114,25,108,0,0,25,0,0,25,117,50,620,90,148,0,429,20,50
"agent ForwardAgent #46",ForwardAgent,0.727,0,0.569,25,0,27,0,27,220,25,159,0,0,25,0,0,25,152,50,681,196,216,1,727,20,50
"agent ForwardAgent #47",ForwardAgent,0.301,0,0.569,25,0,19,0,19,64,25,71,0,0,25,0,0,25,80,50,559,86,134,2,301,20,50
"agent ForwardAgent #48",ForwardAgent,0.081,0,0.569,25,0,0,0,0,6,25,27,0,0,25,0,0,25,20,50,250,28,82,3,81,20,50
"agent ForwardAgent #49",ForwardAgent,0.149,0,0.569,25,0,2,0,2,44,25,38,0,0,25,0,0,25,47,50,537,20,140,0,149,20,50
"agent ForwardAgent #50",ForwardAgent,0.543,0,0.569,25,0,24,0,24,178,25,109,0,0,25,0,0,25,102,50,566,154,232,1,543,20,50
"agent RandomAgent #51",RandomAgent,24.917,0,0.569,25,0,955,0,12492,6433,25,6010,0,0,25,0,0,25,6019,50,8448,6455,203,2,24917,20,50
"agent RandomAgent #52",RandomAgent,17.705,0,0.569,25,0,709,0,8732,4514,25,4331,0,0,25,0,0,25,4324,50,4670,4536,208,3,17705,20,50
"agent RandomAgent #53",RandomAgent,36.289,0,0.569,25,0,1033,0,18537,8237,25,9915,0,0,25,0,0,25,9924,50,3368,8213,162,0,36289,20,50
"agent RandomAgent #54",RandomAgent,34.583,0,0.569,25,0,1478,0,17387,9464,25,7843,0,0,25,0,0,25,7836,50,10596,9440,236,1,34583,20,50
"agent RandomAgent #55",RandomAgent,77.197,0,0.569,25,0,3603,0,39029,20798,25,17785,0,0,25,0,0,25,17794,50,8018,20820,262,2,77197,20,50
"agent RandomAgent #56",RandomAgent,7.675,0,0.569,25,0,214,0,3857,2116,25,1714,0,0,25,0,0,25,1707,50,1428,2138,203,3,7675,20,50
"agent RandomAgent #57",RandomAgent,4.465,0,0.569,25,0,189,0,2271,1082,25,1158,0,0,25,0,0,25,1167,50,920,1058,155,0,4465,20,50
"agent RandomAgent #58",RandomAgent,20.971,0,0.569,25,0,893,0,10583,6279,25,4222,0,0,25,0,0,25,4215,50,6237,6255,203,1,20971,20,50
"agent RandomAgent #59",RandomAgent,1.905,0,0.569,25,0,56,0,918,350,25,587,0,0,25,0,0,25,596,50,778,372,106,2,1905,20,50
"agent RandomAgent #60",RandomAgent,129.301,0,0.569,25,0,5782,0,64972,35955,25,28688,0,0,25,0,0,25,28681,50,7819,35977,262,3,129301,20,50
"agent RandomAgent #61",RandomAgent,21.885,0,0.569,25,0,695,0,11102,5368,25,5582,0,0,25,0,0,25,5591,50,1909,5344,159,0,21885,20,50
"agent RandomAgent #62",RandomAgent,7.465,0,0.569,25,0,318,0,3788,2173,25,1575,0,0,25,0,0,25,1568,50,2321,2149,203,1,7465,20,50
"agent RandomAgent #63",RandomAgent,34.213,0,0.569,25,0,1216,0,17209,10184,25,6907,0,0,25,0,0,25,6916,50,4658,10206,215,2,34213,20,50
"agent RandomAgent #64",RandomAgent,16.257,0,0.569,25,0,687,0,8119,4690,25,3431,0,0,25,0,0,25,3424,50,2785,4712,219,3,16257,20,50
"agent RandomAgent #65",RandomAgent,13.615,0,0.569,25,0,303,0,6897,3339,25,3476,0,0,25,0,0,25,3485,50,1743,3315,153,0,13615,20,50
"agent RandomAgent #66",RandomAgent,24.485,0,0.569,25,0,980,0,12218,6915,25,5343,0,0,25,0,0,25,5336,50,3077,6891,262,1,24485,20,50
"agent RandomAgent #67",RandomAgent,65.039,0,0.569,25,0,2790,0,32492,17179,25,15325,0,0,25,0,0,25,15334,50,6810,17201,262,2,65039,20,50
"agent RandomAgent #68",RandomAgent,68.853,0,0.569,25,0,3596,0,34768,19149,25,15270,0,0,25,0,0,25,15263,50,3844,19171,262,3,68853,20,50
"agent RandomAgent #69",RandomAgent,36.299,0,0.569,25,0,899,0,18272,9094,25,9063,0,0,25,0,0,25,9072,50,750,9070,170,0,36299,20,50
"agent RandomAgent #70",RandomAgent,48.107,0,0.569,25,0,2421,0,24265,14041,25,10028,0,0,25,0,0,25,10021,50,1214,14017,252,1,48107,20,50
"agent RandomAgent #71",RandomAgent,12.625,0,0.569,25,0,474,0,6335,2710,25,3587,0,0,25,0,0,25,3596,50,1022,2732,150,2,12625,20,50
"agent RandomAgent #72",RandomAgent,8.275,0,0.569,25,0,125,0,4081,2044,25,2086,0,0,25,0,0,25,2079,50,377,2066,167,3,8275,20,50
"agent RandomAgent #73",RandomAgent,10.931,0,0.569,25,0,494,0,5527,2552,25,2921,0,0,25,0,0,25,2930,50,39,2528,169,0,10931,20,50
"agent RandomAgent #74",RandomAgent,14.453,0,0.569,25,0,596,0,7273,3377,25,3865,0,0,25,0,0,25,3858,50,393,3353,233,1,14453,20,50
"agent RandomAgent #75",RandomAgent,58.547,0,0.569,25,0,2212,0,29299,15432,25,13826,0,0,25,0,0,25,13835,50,83,15454,262,2,58547,20,50
"agent NegotiatingAgent #76",NegotiatingAgent,0.229,1314,0.569,25,29,10,0,10,42,25,65,54,91,25,0,0,25,58,50,236,64,156,3,229,20,50
"agent NegotiatingAgent #77",NegotiatingAgent,0.133,16,0.569,25,22,1,0,1,44,25,30,38,81,25,0,0,25,39,50,363,20,132,0,133,20,50
"agent NegotiatingAgent #78",NegotiatingAgent,0.363,4748,0.569,25,67,17,0,17,102,25,95,129,185,25,0,0,25,88,50,390,78,256,1,363,20,50
"agent NegotiatingAgent #79",NegotiatingAgent,0.193,1974,0.569,25,46,7,0,7,38,25,43,92,132,25,0,0,25,52,50,302,60,138,2,193,20,50
"agent NegotiatingAgent #80",NegotiatingAgent,0.085,122,0.569,25,12,1,0,1,6,25,29,43,39,25,3,3,25,22,50,104,28,84,3,85,20,50
"agent NegotiatingAgent #81",NegotiatingAgent,0.153,0,0.569,25,11,3,0,3,46,25,38,29,28,25,0,5,25,47,50,228,22,142,0,153,20,50
"agent NegotiatingAgent #82",NegotiatingAgent,0.207,1816,0.569,25,35,5,0,5,68,25,51,88,106,25,2,5,25,44,50,273,44,178,1,207,20,50
"agent NegotiatingAgent #83",NegotiatingAgent,0.377,2280,0.569,25,40,11,0,12,98,25,75,117,167,25,16,2,25,84,50,342,120,230,2,377,20,50
"agent NegotiatingAgent #84",NegotiatingAgent,0.189,102,0.569,25,6,6,0,6,34,25,53,37,50,25,7,2,25,46,50,314,56,136,3,189,20,50
"agent NegotiatingAgent #85",NegotiatingAgent,0.137,10,0.569,25,14,2,0,2,46,25,30,52,60,25,0,10,25,39,50,383,22,134,0,137,20,50
"agent NegotiatingAgent #86",NegotiatingAgent,0.247,478,0.569,25,17,5,0,5,80,25,59,77,100,25,13,5,25,52,50,242,56,198,1,247,20,50
"agent NegotiatingAgent #87",NegotiatingAgent,0.373,1126,0.569,25,16,10,0,10,96,25,75,99,148,25,19,6,25,84,50,314,118,228,2,373,20,50
"agent NegotiatingAgent #88",NegotiatingAgent,0.213,874,0.569,25,10,6,0,6,40,25,59,93,175,25,17,7,25,52,50,338,62,148,3,213,20,50
"agent NegotiatingAgent #89",NegotiatingAgent,0.133,8,0.569,25,11,1,0,1,44,25,30,46,38,25,0,10,25,39,50,389,20,132,0,133,20,50
"agent NegotiatingAgent #90",NegotiatingAgent,0.299,514,0.569,25,13,9,0,9,90,25,75,131,146,25,39,6,25,68,50,271,66,224,1,299,20,50
"agent NegotiatingAgent #91",NegotiatingAgent,0.261,630,0.569,25,17,5,0,5,64,25,51,75,111,25,10,3,25,60,50,251,86,172,2,261,20,50
"agent NegotiatingAgent #92",NegotiatingAgent,0.321,140,0.569,25,6,5,0,5,88,25,65,37,117,25,9,2,25,58,50,305,110,202,3,321,20,50
"agent NegotiatingAgent #93",NegotiatingAgent,0.173,0,0.569,25,3,2,0,2,54,25,40,29,23,25,0,9,25,49,50,785,30,152,0,173,20,50
"agent NegotiatingAgent #94",NegotiatingAgent,0.211,888,0.569,25,13,5,0,5,68,25,53,75,132,25,12,6,25,46,50,447,44,180,1,211,20,50
"agent NegotiatingAgent #95",NegotiatingAgent,0.185,8,0.569,25,4,4,0,4,34,25,43,112,118,25,35,1,25,52,50,168,56,134,2,185,20,50
"agent NegotiatingAgent #96",NegotiatingAgent,0.225,194,0.569,25,4,3,0,3,60,25,45,75,228,25,26,3,25,38,50,586,82,154,3,225,20,50
"agent NegotiatingAgent #97",NegotiatingAgent,0.133,0,0.569,25,0,1,0,1,44,25,30,57,79,25,16,7,25,39,50,752,20,132,0,133,20,50
"agent NegotiatingAgent #98",NegotiatingAgent,0.175,88,0.569,25,1,2,0,2,60,25,43,43,109,25,7,11,25,36,50,404,36,162,1,175,20,50
"agent NegotiatingAgent #99",NegotiatingAgent,0.265,0,0.569,25,0,3,0,4,66,25,51,95,131,25,33,5,25,60,50,235,88,174,2,265,20,50
"agent NegotiatingAgent #100",NegotiatingAgent,0.325,1254,0.569,25,22,12,0,12,76,25,79,42,140,25,0,0,25,72,50,344,98,204,3,325,20,50
"agent SwarmAgent #101",SwarmAgent,0.189,0,0.569,25,0,3,0,3,54,25,48,0,0,25,0,0,25,57,50,1049,30,160,0,189,20,50
"agent SwarmAgent #102",SwarmAgent,0.187,0,0.569,25,0,4,0,4,62,25,47,0,0,25,0,0,25,40,50,259,38,168,1,187,20,50
"agent SwarmAgent #103",SwarmAgent,0.177,0,0.569,25,0,3,0,3,32,25,41,0,0,25,0,0,25,50,50,292,54,130,2,177,20,50
"agent SwarmAgent #104",SwarmAgent,0.233,0,0.569,25,0,2,0,2,62,25,47,0,0,25,0,0,25,40,50,535,84,158,3,233,20,50
"agent SwarmAgent #105",SwarmAgent,0.133,0,0.569,25,0,1,0,1,44,25,30,0,0,25,0,0,25,39,50,545,20,132,0,133,20,50
"agent SwarmAgent #106",SwarmAgent,0.259,0,0.569,25,0,2,0,2,84,25,61,0,0,25,0,0,25,54,50,219,60,204,1,259,20,50
"agent SwarmAgent #107",SwarmAgent,0.245,0,0.569,25,0,2,0,2,60,25,47,0,0,25,0,0,25,56,50,502,82,164,2,245,20,50
"agent SwarmAgent #108",SwarmAgent,0.245,0,0.569,25,0,3,0,3,64,25,51,0,0,25,0,0,25,44,50,356,86,164,3,245,20,50
"agent SwarmAgent #109",SwarmAgent,0.173,0,0.569,25,0,2,0,2,54,25,40,0,0,25,0,0,25,49,50,468,30,152,0,173,20,50
"agent SwarmAgent #110",SwarmAgent,0.235,0,0.569,25,0,1,0,1,78,25,55,0,0,25,0,0,25,48,50,464,54,192,1,235,20,50
"agent SwarmAgent #111",SwarmAgent,0.081,0,0.569,25,0,0,0,0,6,25,19,0,0,25,0,0,25,28,50,149,28,82,2,81,20,50
"agent SwarmAgent #112",SwarmAgent,0.237,0,0.569,25,0,3,0,3,62,25,49,0,0,25,0,0,25,42,50,768,84,160,3,237,20,50
"agent SwarmAgent #113",SwarmAgent,0.173,0,0.569,25,0,2,0,2,54,25,40,0,0,25,0,0,25,49,50,295,30,152,0,173,20,50
"agent SwarmAgent #114",SwarmAgent,0.251,0,0.569,25,0,3,0,3,80,25,61,0,0,25,0,0,25,54,50,434,56,200,1,251,20,50
"agent SwarmAgent #115",SwarmAgent,0.173,0,0.569,25,0,2,0,2,30,25,41,0,0,25,0,0,25,50,50,242,52,128,2,173,20,50
"agent SwarmAgent #116",SwarmAgent,0.201,0,0.569,25,0,4,0,4,34,25,59,0,0,25,0,0,25,52,50,62,56,142,3,201,20,50
"agent SwarmAgent #117",SwarmAgent,0.141,0,0.569,25,0,3,0,3,46,25,32,0,0,25,0,0,25,41,50,342,22,136,0,141,20,50
"agent SwarmAgent #118",SwarmAgent,0.159,0,0.569,25,0,2,0,2,54,25,41,0,0,25,0,0,25,34,50,292,30,154,1,159,20,50
"agent SwarmAgent #119",SwarmAgent,0.173,0,0.569,25,0,2,0,2,32,25,39,0,0,25,0,0,25,48,50,77,54,128,2,173,20,50
"agent SwarmAgent #120",SwarmAgent,0.233,0,0.569,25,0,2,0,2,62,25,47,0,0,25,0,0,25,40,50,283,84,158,3,233,20,50
"agent SwarmAgent #121",SwarmAgent,0.189,0,0.569,25,0,3,0,3,56,25,46,0,0,25,0,0,25,55,50,748,32,160,0,189,20,50
"agent SwarmAgent #122",SwarmAgent,0.175,0,0.569,25,0,2,0,2,60,25,43,0,0,25,0,0,25,36,50,65,36,162,1,175,20,50
"agent SwarmAgent #123",SwarmAgent,0.189,0,0.569,25,0,5,0,5,36,25,43,0,0,25,0,0,25,52,50,158,58,136,2,189,20,50
"agent SwarmAgent #124",SwarmAgent,0.109,0,0.569,25,0,2,0,2,10,25,37,0,0,25,0,0,25,30,50,90,32,96,3,109,20,50
"agent SwarmAgent #125",SwarmAgent,0.189,0,0.569,25,0,3,0,3,54,25,48,0,0,25,0,0,25,57,50,570,30,160,0,189,20,50
"agent SwarmAgent #126",SwarmAgent,0.163,0,0.569,25,0,2,0,2,56,25,41,0,0,25,0,0,25,34,50,284,32,156,1,163,20,50
"agent SwarmAgent #127",SwarmAgent,0.185,0,0.569,25,0,4,0,4,34,25,43,0,0,25,0,0,25,52,50,77,56,134,2,185,20,50
"agent SwarmAgent #128",SwarmAgent,0.249,0,0.569,25,0,4,0,4,66,25,51,0,0,25,0,0,25,44,50,108,88,166,3,249,20,50
"agent SwarmAgent #129",SwarmAgent,0.189,0,0.569,25,0,3,0,3,56,25,46,0,0,25,0,0,25,55,50,373,32,160,0,189,20,50
"agent SwarmAgent #130",SwarmAgent,0.159,0,0.569,25,0,2,0,2,56,25,39,0,0,25,0,0,25,32,50,181,32,154,1,159,20,50
"agent SwarmAgent #131",SwarmAgent,0.089,0,0.569,25,0,1,0,1,6,25,23,0,0,25,0,0,25,32,50,22,28,86,2,89,20,50
"agent SwarmAgent #132",SwarmAgent,0.245,0,0.569,25,0,3,0,3,64,25,51,0,0,25,0,0,25,44,50,58,86,164,3,245,20,50
"agent SwarmAgent #133",SwarmAgent,0.149,0,0.569,25,0,2,0,2,44,25,38,0,0,25,0,0,25,47,50,348,20,140,0,149,20,50
"agent SwarmAgent #134",SwarmAgent,0.247,0,0.569,25,0,3,0,3,80,25,59,0,0,25,0,0,25,52,50,32,56,198,1,247,20,50
"agent SwarmAgent #135",SwarmAgent,0.237,0,0.569,25,0,1,0,1,60,25,43,0,0,25,0,0,25,52,50,552,82,160,2,237,20,50
"agent SwarmAgent #136",SwarmAgent,0.197,0,0.569,25,0,3,0,3,34,25,57,0,0,25,0,0,25,50,50,15,56,140,3,197,20,50
"agent SwarmAgent #137",SwarmAgent,0.149,0,0.569,25,0,2,0,2,44,25,38,0,0,25,0,0,25,47,50,199,20,140,0,149,20,50
"agent SwarmAgent #138",SwarmAgent,0.235,0,0.569,25,0,1,0,1,78,25,55,0,0,25,0,0,25,48,50,98,54,192,1,235,20,50
"agent SwarmAgent #139",SwarmAgent,0.241,0,0.569,25,0,1,0,2,62,25,43,0,0,25,0,0,25,52,50,278,84,162,2,241,20,50
"agent SwarmAgent #140",SwarmAgent,0.237,0,0.569,25,0,3,0,3,62,25,49,0,0,25,0,0,25,42,50,226,84,160,3,237,20,50
"agent SwarmAgent #141",SwarmAgent,0.169,0,0.569,25,0,1,0,1,52,25,40,0,0,25,0,0,25,49,50,116,28,150,0,169,20,50
"agent SwarmAgent #142",SwarmAgent,0.179,0,0.569,25,0,2,0,2,60,25,45,0,0,25,0,0,25,38,50,76,36,164,1,179,20,50
"agent SwarmAgent #143",SwarmAgent,0.241,0,0.569,25,0,1,0,2,62,25,43,0,0,25,0,0,25,52,50,33,84,162,2,241,20,50
"agent SwarmAgent #144",SwarmAgent,0.233,0,0.569,25,0,2,0,2,62,25,47,0,0,25,0,0,25,40,50,15,84,158,3,233,20,50
"agent SwarmAgent #145",SwarmAgent,0.129,0,0.569,25,0,0,0,0,42,25,30,0,0,25,0,0,25,39,50,25,18,130,0,129,20,50
"agent SwarmAgent #146",SwarmAgent,0.163,0,0.569,25,0,2,0,2,56,25,41,0,0,25,0,0,25,34,50,37,32,156,1,163,20,50
"agent SwarmAgent #147",SwarmAgent,0.237,0,0.569,25,0,1,0,1,60,25,43,0,0,25,0,0,25,52,50,4,82,160,2,237,20,50
"agent SwarmAgent #148",SwarmAgent,0.221,0,0.569,25,0,2,0,2,60,25,43,0,0,25,0,0,25,36,50,2,82,152,3,221,20,50
"agent SwarmAgent #149",SwarmAgent,0.149,0,0.569,25,0,2,0,2,44,25,38,0,0,25,0,0,25,47,50,0,20,140,0,149,20,50
"agent SwarmAgent #150",SwarmAgent,0.155,0,0.569,25,0,1,0,1,54,25,39,0,0,25,0,0,25,32,50,0,30,152,1,155,20,50
