agentName,agentType,averageSpeed,cumulatedUtilityReceived,freeWallRatio,numBacktrackAgents,numCFPAnswered,numDeadends,numDifferentEncounters,numDirectionChanges,numDownSteps,numForwardAgents,numLeftSteps,numMessagesReceived,numMessagesSent,numNegotiatingAgents,numProposalsAccepted,numProposalsRejected,numRandomAgents,numRightSteps,numSwarmAgents,numTotalEncounters,numUpSteps,numVisitedCells,startingPosition,stepsToExit,xsize,ysize
"agent BacktrackAgent #1",BacktrackAgent,0.363,0,0.569,25,0,13,0,13,110,25,80,0,0,50,0,0,25,88,25,1341,85,252,0,363,20,50
"agent BacktrackAgent #2",BacktrackAgent,0.358,0,0.569,25,0,11,0,11,105,25,90,0,0,50,0,0,25,82,25,373,81,243,1,358,20,50
"agent BacktrackAgent #3",BacktrackAgent,0.194,0,0.569,25,0,6,0,6,35,25,48,0,0,50,0,0,25,55,25,607,56,122,2,194,20,50
"agent BacktrackAgent #4",BacktrackAgent,0.203,0,0.569,25,0,6,0,6,43,25,52,0,0,50,0,0,25,44,25,338,64,142,3,203,20,50
"agent BacktrackAgent #5",BacktrackAgent,0.359,0,0.569,25,0,12,0,12,110,25,78,0,0,50,0,0,25,86,25,1010,85,250,0,359,20,50
"agent BacktrackAgent #6",BacktrackAgent,0.158,0,0.569,25,0,6,0,6,51,25,44,0,0,50,0,0,25,36,25,287,27,143,1,158,20,50
"agent BacktrackAgent #7",BacktrackAgent,0.06,0,0.569,25,0,1,0,1,11,25,5,0,0,50,0,0,25,12,25,257,32,55,2,60,20,50
"agent BacktrackAgent #8",BacktrackAgent,0.247,0,0.569,25,0,10,0,10,59,25,58,0,0,50,0,0,25,50,25,463,80,164,3,247,20,50
"agent BacktrackAgent #9",BacktrackAgent,0.363,0,0.569,25,0,13,0,13,110,25,80,0,0,50,0,0,25,88,25,911,85,252,0,363,20,50
"agent BacktrackAgent #10",BacktrackAgent,0.148,0,0.569,25,0,4,0,4,48,25,42,0,0,50,0,0,25,34,25,429,24,138,1,148,20,50
"agent BacktrackAgent #11",BacktrackAgent,0.206,0,0.569,25,0,7,0,7,41,25,48,0,0,50,0,0,25,55,25,782,62,128,2,206,20,50
"agent BacktrackAgent #12",BacktrackAgent,0.263,0,0.569,25,0,10,0,10,59,25,66,0,0,50,0,0,25,58,25,503,80,172,3,263,20,50
"agent BacktrackAgent #13",BacktrackAgent,0.179,0,0.569,25,0,5,0,5,54,25,44,0,0,50,0,0,25,52,25,1154,29,160,0,179,20,50
"agent BacktrackAgent #14",BacktrackAgent,0.176,0,0.569,25,0,6,0,6,58,25,46,0,0,50,0,0,25,38,25,475,34,152,1,176,20,50
"agent BacktrackAgent #15",BacktrackAgent,0.148,0,0.569,25,0,5,0,5,33,25,27,0,0,50,0,0,25,34,25,362,54,99,2,148,20,50
"agent BacktrackAgent #16",BacktrackAgent,0.103,0,0.569,25,0,3,0,3,19,25,26,0,0,50,0,0,25,18,25,370,40,92,3,103,20,50
"agent BacktrackAgent #17",BacktrackAgent,0.327,0,0.569,25,0,9,0,9,100,25,72,0,0,50,0,0,25,80,25,1261,75,234,0,327,20,50
"agent BacktrackAgent #18",BacktrackAgent,0.138,0,0.569,25,0,2,0,2,49,25,36,0,0,50,0,0,25,28,25,316,25,133,1,138,20,50
"agent BacktrackAgent #19",BacktrackAgent,0.168,0,0.569,25,0,7,0,7,41,25,29,0,0,50,0,0,25,36,25,321,62,109,2,168,20,50
"agent BacktrackAgent #20",BacktrackAgent,0.187,0,0.569,25,0,6,0,6,41,25,46,0,0,50,0,0,25,38,25,384,62,134,3,187,20,50
"agent BacktrackAgent #21",BacktrackAgent,0.335,0,0.569,25,0,10,0,10,104,25,72,0,0,50,0,0,25,80,25,1050,79,238,0,335,20,50
"agent BacktrackAgent #22",BacktrackAgent,0.158,0,0.569,25,0,3,0,3,53,25,42,0,0,50,0,0,25,34,25,306,29,143,1,158,20,50
"agent BacktrackAgent #23",BacktrackAgent,0.21,0,0.569,25,0,7,0,7,43,25,48,0,0,50,0,0,25,55,25,661,64,130,2,210,20,50
"agent BacktrackAgent #24",BacktrackAgent,0.159,0,0.569,25,0,7,0,7,33,25,40,0,0,50,0,0,25,32,25,498,54,120,3,159,20,50
"agent BacktrackAgent #25",BacktrackAgent,0.139,0,0.569,25,0,0,0,0,44,25,34,0,0,50,0,0,25,42,25,912,19,140,0,139,20,50
"agent ForwardAgent #26",ForwardAgent,0.976,0,0.569,25,0,28,0,28,290,25,214,0,0,50,0,0,25,206,25,584,266,238,1,976,20,50
"agent ForwardAgent #27",ForwardAgent,0.22,0,0.569,25,0,9,0,9,51,25,45,0,0,50,0,0,25,52,25,199,72,99,2,220,20,50
"agent ForwardAgent #28",ForwardAgent,0.387,0,0.569,25,0,7,0,7,95,25,92,0,0,50,0,0,25,84,25,372,116,122,3,387,20,50
"agent ForwardAgent #29",ForwardAgent,0.235,0,0.569,25,0,3,0,3,72,25,54,0,0,50,0,0,25,62,25,790,47,188,0,235,20,50
"agent ForwardAgent #30",ForwardAgent,0.294,0,0.569,25,0,7,0,7,79,25,84,0,0,50,0,0,25,76,25,522,55,207,1,294,20,50
"agent ForwardAgent #31",ForwardAgent,0.768,0,0.569,25,0,25,0,25,203,25,167,0,0,50,0,0,25,174,25,537,224,176,2,768,20,50
"agent ForwardAgent #32",ForwardAgent,0.115,0,0.569,25,0,2,0,2,21,25,30,0,0,50,0,0,25,22,25,288,42,98,3,115,20,50
"agent ForwardAgent #33",ForwardAgent,2.315,0,0.569,25,0,79,0,79,652,25,514,0,0,50,0,0,25,522,25,1066,627,252,0,2315,20,50
"agent ForwardAgent #34",ForwardAgent,0.76,0,0.569,25,0,19,0,19,206,25,190,0,0,50,0,0,25,182,25,571,182,246,1,760,20,50
"agent ForwardAgent #35",ForwardAgent,0.97,0,0.569,25,0,46,0,46,231,25,240,0,0,50,0,0,25,247,25,728,252,164,2,970,20,50
"agent ForwardAgent #36",ForwardAgent,0.475,0,0.569,25,0,17,0,17,113,25,118,0,0,50,0,0,25,110,25,372,134,176,3,475,20,50
"agent ForwardAgent #37",ForwardAgent,0.467,0,0.569,25,0,15,0,15,146,25,96,0,0,50,0,0,25,104,25,699,121,246,0,467,20,50
"agent ForwardAgent #38",ForwardAgent,0.642,0,0.569,25,0,15,0,15,159,25,178,0,0,50,0,0,25,170,25,337,135,213,1,642,20,50
"agent ForwardAgent #39",ForwardAgent,0.586,0,0.569,25,0,20,0,20,157,25,122,0,0,50,0,0,25,129,25,588,178,154,2,586,20,50
"agent ForwardAgent #40",ForwardAgent,1.055,0,0.569,25,0,49,0,49,245,25,276,0,0,50,0,0,25,268,25,846,266,132,3,1055,20,50
"agent ForwardAgent #41",ForwardAgent,0.511,0,0.569,25,0,14,0,14,136,25,128,0,0,50,0,0,25,136,25,744,111,214,0,511,20,50
"agent ForwardAgent #42",ForwardAgent,0.338,0,0.569,25,0,10,0,10,95,25,90,0,0,50,0,0,25,82,25,367,71,213,1,338,20,50
"agent ForwardAgent #43",ForwardAgent,1.274,0,0.569,25,0,53,0,53,309,25,314,0,0,50,0,0,25,321,25,697,330,162,2,1274,20,50
"agent ForwardAgent #44",ForwardAgent,0.595,0,0.569,25,0,23,0,23,135,25,156,0,0,50,0,0,25,148,25,426,156,130,3,595,20,50
"agent ForwardAgent #45",ForwardAgent,2.043,0,0.569,25,0,63,0,63,552,25,478,0,0,50,0,0,25,486,25,912,527,246,0,2043,20,50
"agent ForwardAgent #46",ForwardAgent,0.468,0,0.569,25,0,20,0,20,152,25,98,0,0,50,0,0,25,90,25,390,128,170,1,468,20,50
"agent ForwardAgent #47",ForwardAgent,0.048,0,0.569,25,0,0,0,0,5,25,5,0,0,50,0,0,25,12,25,121,26,49,2,48,20,50
"agent ForwardAgent #48",ForwardAgent,0.451,0,0.569,25,0,20,0,20,111,25,108,0,0,50,0,0,25,100,25,460,132,132,3,451,20,50
"agent ForwardAgent #49",ForwardAgent,0.175,0,0.569,25,0,2,0,2,52,25,44,0,0,50,0,0,25,52,25,711,27,158,0,175,20,50
"agent ForwardAgent #50",ForwardAgent,1.202,0,0.569,25,0,33,0,33,325,25,292,0,0,50,0,0,25,284,25,324,301,232,1,1202,20,50
"agent RandomAgent #51",RandomAgent,2.72,0,0.569,25,0,46,0,1370,800,25,546,0,0,50,0,0,25,553,25,832,821,87,2,2720,20,50
"agent RandomAgent #52",RandomAgent,4.405,0,0.569,25,0,90,0,2179,1107,25,1089,0,0,50,0,0,25,1081,25,991,1128,167,3,4405,20,50
"agent RandomAgent #53",RandomAgent,39.835,0,0.569,25,0,1420,0,19930,11059,25,8867,0,0,50,0,0,25,8875,25,4477,11034,246,0,39835,20,50
"agent RandomAgent #54",RandomAgent,3.802,0,0.569,25,0,199,0,1924,1150,25,767,0,0,50,0,0,25,759,25,749,1126,181,1,3802,20,50
"agent RandomAgent #55",RandomAgent,4.34,0,0.569,25,0,152,0,2168,927,25,1229,0,0,50,0,0,25,1236,25,925,948,146,2,4340,20,50
"agent RandomAgent #56",RandomAgent,34.733,0,0.569,25,0,1551,0,17447,8031,25,9329,0,0,50,0,0,25,9321,25,1060,8052,136,3,34733,20,50
"agent RandomAgent #57",RandomAgent,22.515,0,0.569,25,0,560,0,11305,6018,25,5248,0,0,50,0,0,25,5256,25,2826,5993,247,0,22515,20,50
"agent RandomAgent #58",RandomAgent,33.69,0,0.569,25,0,1355,0,17024,10399,25,6462,0,0,50,0,0,25,6454,25,4392,10375,197,1,33690,20,50
"agent RandomAgent #59",RandomAgent,0.434,0,0.569,25,0,14,0,212,150,25,53,0,0,50,0,0,25,60,25,205,171,70,2,434,20,50
"agent RandomAgent #60",RandomAgent,8.679,0,0.569,25,0,238,0,4333,1875,25,2458,0,0,50,0,0,25,2450,25,760,1896,132,3,8679,20,50
"agent RandomAgent #61",RandomAgent,20.929,0,0.569,25,0,528,0,10416,5609,25,4864,0,0,50,0,0,25,4872,25,1586,5584,250,0,20929,20,50
"agent RandomAgent #62",RandomAgent,25.376,0,0.569,25,0,838,0,12699,7442,25,5262,0,0,50,0,0,25,5254,25,1841,7418,193,1,25376,20,50
"agent RandomAgent #63",RandomAgent,2.656,0,0.569,25,0,53,0,1335,577,25,737,0,0,50,0,0,25,744,25,253,598,108,2,2656,20,50
"agent RandomAgent #64",RandomAgent,8.863,0,0.569,25,0,266,0,4386,2533,25,1892,0,0,50,0,0,25,1884,25,650,2554,143,3,8863,20,50
"agent RandomAgent #65",RandomAgent,7.439,0,0.569,25,0,218,0,3704,1943,25,1785,0,0,50,0,0,25,1793,25,967,1918,235,0,7439,20,50
"agent RandomAgent #66",RandomAgent,7.928,0,0.569,25,0,254,0,3922,2177,25,1803,0,0,50,0,0,25,1795,25,709,2153,230,1,7928,20,50
"agent RandomAgent #67",RandomAgent,1.312,0,0.569,25,0,33,0,647,421,25,221,0,0,50,0,0,25,228,25,243,442,69,2,1312,20,50
"agent RandomAgent #68",RandomAgent,4.331,0,0.569,25,0,124,0,2124,1097,25,1062,0,0,50,0,0,25,1054,25,348,1118,136,3,4331,20,50
"agent RandomAgent #69",RandomAgent,10.555,0,0.569,25,0,327,0,5298,2808,25,2478,0,0,50,0,0,25,2486,25,629,2783,247,0,10555,20,50
"agent RandomAgent #70",RandomAgent,65.452,0,0.569,25,0,2958,0,33014,20010,25,12732,0,0,50,0,0,25,12724,25,1796,19986,183,1,65452,20,50
"agent RandomAgent #71",RandomAgent,0.824,0,0.569,25,0,40,0,417,231,25,167,0,0,50,0,0,25,174,25,124,252,58,2,824,20,50
"agent RandomAgent #72",RandomAgent,6.099,0,0.569,25,0,261,0,3097,1322,25,1721,0,0,50,0,0,25,1713,25,39,1343,134,3,6099,20,50
"agent RandomAgent #73",RandomAgent,57.511,0,0.569,25,0,1700,0,28700,14577,25,14187,0,0,50,0,0,25,14195,25,310,14552,252,0,57511,20,50
"agent RandomAgent #74",RandomAgent,111.508,0,0.569,25,0,2960,0,55590,28180,25,27590,0,0,50,0,0,25,27582,25,44,28156,246,1,111508,20,50
"agent RandomAgent #75",RandomAgent,2.306,0,0.569,25,0,44,0,1136,768,25,371,0,0,50,0,0,25,378,25,19,789,76,2,2306,20,50
"agent NegotiatingAgent #76",NegotiatingAgent,0.103,0,0.569,25,6,1,0,1,15,25,30,21,40,50,0,4,25,22,25,91,36,92,3,103,20,50
"agent NegotiatingAgent #77",NegotiatingAgent,0.167,190,0.569,25,10,3,0,3,50,25,42,93,78,50,13,12,25,50,25,148,25,154,0,167,20,50
"agent NegotiatingAgent #78",NegotiatingAgent,0.14,1636,0.569,25,29,3,0,3,46,25,40,99,130,50,8,3,25,32,25,182,22,134,1,140,20,50
"agent NegotiatingAgent #79",NegotiatingAgent,0.168,98,0.569,25,7,7,0,7,41,25,29,74,88,50,19,5,25,36,25,151,62,109,2,168,20,50
"agent NegotiatingAgent #80",NegotiatingAgent,0.123,0,0.569,25,5,3,0,3,23,25,32,19,54,50,1,4,25,24,25,90,44,102,3,123,20,50
"agent NegotiatingAgent #81",NegotiatingAgent,0.179,463,0.569,25,5,5,0,5,54,25,44,82,86,50,14,16,25,52,25,377,29,160,0,179,20,50
"agent NegotiatingAgent #82",NegotiatingAgent,0.306,207,0.569,25,3,6,0,6,89,25,80,98,138,50,36,3,25,72,25,122,65,217,1,306,20,50
"agent NegotiatingAgent #83",NegotiatingAgent,0.206,398,0.569,25,15,7,0,7,41,25,48,114,133,50,19,12,25,55,25,179,62,128,2,206,20,50
"agent NegotiatingAgent #84",NegotiatingAgent,0.175,192,0.569,25,5,3,0,3,43,25,38,62,84,50,12,8,25,30,25,128,64,128,3,175,20,50
"agent NegotiatingAgent #85",NegotiatingAgent,0.143,0,0.569,25,9,1,0,1,44,25,36,52,44,50,0,12,25,44,25,331,19,142,0,143,20,50
"agent NegotiatingAgent #86",NegotiatingAgent,0.268,842,0.569,25,13,5,0,5,72,25,78,212,196,50,56,3,25,70,25,279,48,198,1,268,20,50
"agent NegotiatingAgent #87",NegotiatingAgent,0.186,158,0.569,25,6,2,0,4,35,25,44,77,92,50,9,17,25,51,25,245,56,118,2,186,20,50
"agent NegotiatingAgent #88",NegotiatingAgent,0.147,354,0.569,25,11,5,0,5,29,25,38,52,74,50,5,9,25,30,25,185,50,114,3,147,20,50
"agent NegotiatingAgent #89",NegotiatingAgent,0.249,218,0.569,25,8,3,0,4,77,25,56,91,94,50,10,13,25,64,25,335,52,195,0,249,20,50
"agent NegotiatingAgent #90",NegotiatingAgent,0.168,170,0.569,25,8,5,0,5,60,25,40,94,84,50,21,4,25,32,25,160,36,148,1,168,20,50
"agent NegotiatingAgent #91",NegotiatingAgent,0.068,0,0.569,25,0,2,0,2,13,25,7,32,35,50,5,6,25,14,25,85,34,59,2,68,20,50
"agent NegotiatingAgent #92",NegotiatingAgent,0.183,0,0.569,25,2,6,0,6,41,25,44,64,106,50,16,7,25,36,25,151,62,132,3,183,20,50
"agent NegotiatingAgent #93",NegotiatingAgent,0.249,0,0.569,25,1,3,0,4,77,25,56,75,172,50,11,14,25,64,25,443,52,195,0,249,20,50
"agent NegotiatingAgent #94",NegotiatingAgent,0.168,0,0.569,25,0,5,0,5,58,25,42,94,84,50,26,4,25,34,25,133,34,148,1,168,20,50
"agent NegotiatingAgent #95",NegotiatingAgent,0.194,136,0.569,25,14,5,0,5,39,25,44,123,139,50,28,10,25,51,25,156,60,122,2,194,20,50
"agent NegotiatingAgent #96",NegotiatingAgent,0.247,0,0.569,25,0,8,0,8,55,25,62,181,147,50,45,16,25,54,25,103,76,164,3,247,20,50
"agent NegotiatingAgent #97",NegotiatingAgent,0.155,0,0.569,25,0,3,0,3,48,25,38,52,133,50,0,21,25,46,25,438,23,148,0,155,20,50
"agent NegotiatingAgent #98",NegotiatingAgent,0.282,0,0.569,25,0,5,0,5,79,25,78,90,117,50,30,1,25,70,25,89,55,205,1,282,20,50
"agent NegotiatingAgent #99",NegotiatingAgent,0.178,0,0.569,25,0,5,0,5,37,25,38,55,84,50,8,13,25,45,25,220,58,114,2,178,20,50
"agent NegotiatingAgent #100",NegotiatingAgent,0.171,3127,0.569,25,71,6,0,6,35,25,44,141,152,50,0,0,25,36,25,258,56,126,3,171,20,50
"agent NegotiatingAgent #101",NegotiatingAgent,0.155,525,0.569,25,55,3,0,3,48,25,38,101,93,50,0,0,25,46,25,229,23,148,0,155,20,50
"agent NegotiatingAgent #102",NegotiatingAgent,0.29,2685,0.569,25,61,7,0,7,81,25,80,123,209,50,0,0,25,72,25,200,57,209,1,290,20,50
"agent NegotiatingAgent #103",NegotiatingAgent,0.056,32,0.569,25,16,1,0,1,7,25,7,27,35,50,0,0,25,14,25,72,28,53,2,56,20,50
"agent NegotiatingAgent #104",NegotiatingAgent,0.163,1369,0.569,25,52,6,0,6,29,25,46,148,155,50,9,0,25,38,25,223,50,122,3,163,20,50
"agent NegotiatingAgent #105",NegotiatingAgent,0.335,1307,0.569,25,54,10,0,10,104,25,72,141,147,50,0,13,25,80,25,309,79,238,0,335,20,50
"agent NegotiatingAgent #106",NegotiatingAgent,0.328,1938,0.569,25,37,11,0,11,98,25,82,78,109,50,3,0,25,74,25,201,74,228,1,328,20,50
"agent NegotiatingAgent #107",NegotiatingAgent,0.29,1382,0.569,25,46,10,0,10,63,25,68,91,146,50,3,1,25,75,25,275,84,170,2,290,20,50
"agent NegotiatingAgent #108",NegotiatingAgent,0.223,1163,0.569,25,41,7,0,7,51,25,54,110,125,50,6,2,25,46,25,211,72,152,3,223,20,50
"agent NegotiatingAgent #109",NegotiatingAgent,0.269,1013,0.569,25,33,4,0,5,77,25,66,91,101,50,4,4,25,74,25,228,52,205,0,269,20,50
"agent NegotiatingAgent #110",NegotiatingAgent,0.264,678,0.569,25,30,4,0,4,72,25,76,90,99,50,10,0,25,68,25,240,48,196,1,264,20,50
"agent NegotiatingAgent #111",NegotiatingAgent,0.164,1110,0.569,25,33,6,0,6,41,25,27,80,87,50,6,3,25,34,25,125,62,107,2,164,20,50
"agent NegotiatingAgent #112",NegotiatingAgent,0.191,116,0.569,25,17,6,0,6,45,25,44,29,56,50,1,0,25,36,25,119,66,136,3,191,20,50
"agent NegotiatingAgent #113",NegotiatingAgent,0.307,2541,0.569,25,49,6,0,6,98,25,64,123,158,50,4,7,25,72,25,424,73,224,0,307,20,50
"agent NegotiatingAgent #114",NegotiatingAgent,0.312,2551,0.569,25,39,7,0,7,92,25,80,107,130,50,8,0,25,72,25,218,68,220,1,312,20,50
"agent NegotiatingAgent #115",NegotiatingAgent,0.202,936,0.569,25,38,6,0,6,39,25,48,118,144,50,12,7,25,55,25,240,60,126,2,202,20,50
"agent NegotiatingAgent #116",NegotiatingAgent,0.171,763,0.569,25,16,4,0,4,41,25,38,51,79,50,3,5,25,30,25,108,62,126,3,171,20,50
"agent NegotiatingAgent #117",NegotiatingAgent,0.261,487,0.569,25,15,3,0,4,77,25,62,80,93,50,12,11,25,70,25,357,52,201,0,261,20,50
"agent NegotiatingAgent #118",NegotiatingAgent,0.292,2225,0.569,25,41,7,0,7,84,25,78,129,123,50,7,2,25,70,25,270,60,210,1,292,20,50
"agent NegotiatingAgent #119",NegotiatingAgent,0.06,58,0.569,25,8,1,0,1,11,25,5,26,37,50,0,5,25,12,25,87,32,55,2,60,20,50
"agent NegotiatingAgent #120",NegotiatingAgent,0.259,1318,0.569,25,29,10,0,10,57,25,66,172,165,50,33,11,25,58,25,232,78,170,3,259,20,50
"agent NegotiatingAgent #121",NegotiatingAgent,0.273,420,0.569,25,21,5,0,6,81,25,64,114,113,50,16,8,25,72,25,268,56,207,0,273,20,50
"agent NegotiatingAgent #122",NegotiatingAgent,0.314,907,0.569,25,16,5,0,5,95,25,78,87,119,50,24,2,25,70,25,148,71,221,1,314,20,50
"agent NegotiatingAgent #123",NegotiatingAgent,0.068,432,0.569,25,13,2,0,2,13,25,7,51,46,50,3,8,25,14,25,83,34,59,2,68,20,50
"agent NegotiatingAgent #124",NegotiatingAgent,0.127,1010,0.569,25,25,3,0,3,21,25,36,111,102,50,12,10,25,28,25,137,42,104,3,127,20,50
"agent NegotiatingAgent #125",NegotiatingAgent,0.285,821,0.569,25,20,3,0,5,91,25,60,79,79,50,3,10,25,68,25,331,66,213,0,285,20,50
"agent SwarmAgent #126",SwarmAgent,0.176,0,0.569,25,0,3,0,3,62,25,42,0,0,50,0,0,25,34,25,89,38,152,1,176,20,50
"agent SwarmAgent #127",SwarmAgent,0.15,0,0.569,25,0,1,0,1,25,25,36,0,0,50,0,0,25,43,25,197,46,100,2,150,20,50
"agent SwarmAgent #128",SwarmAgent,0.123,0,0.569,25,0,2,0,2,21,25,34,0,0,50,0,0,25,26,25,136,42,102,3,123,20,50
"agent SwarmAgent #129",SwarmAgent,0.155,0,0.569,25,0,3,0,3,48,25,38,0,0,50,0,0,25,46,25,270,23,148,0,155,20,50
"agent SwarmAgent #130",SwarmAgent,0.14,0,0.569,25,0,3,0,3,48,25,38,0,0,50,0,0,25,30,25,219,24,134,1,140,20,50
"agent SwarmAgent #131",SwarmAgent,0.06,0,0.569,25,0,2,0,2,7,25,9,0,0,50,0,0,25,16,25,68,28,55,2,60,20,50
"agent SwarmAgent #132",SwarmAgent,0.079,0,0.569,25,0,0,0,0,11,25,22,0,0,50,0,0,25,14,25,78,32,80,3,79,20,50
"agent SwarmAgent #133",SwarmAgent,0.163,0,0.569,25,0,2,0,2,50,25,40,0,0,50,0,0,25,48,25,293,25,152,0,163,20,50
"agent SwarmAgent #134",SwarmAgent,0.14,0,0.569,25,0,2,0,2,46,25,40,0,0,50,0,0,25,32,25,73,22,134,1,140,20,50
"agent SwarmAgent #135",SwarmAgent,0.15,0,0.569,25,0,1,0,1,25,25,36,0,0,50,0,0,25,43,25,44,46,100,2,150,20,50
"agent SwarmAgent #136",SwarmAgent,0.159,0,0.569,25,0,3,0,3,35,25,38,0,0,50,0,0,25,30,25,12,56,120,3,159,20,50
"agent SwarmAgent #137",SwarmAgent,0.257,0,0.569,25,0,2,0,3,77,25,60,0,0,50,0,0,25,68,25,212,52,199,0,257,20,50
"agent SwarmAgent #138",SwarmAgent,0.246,0,0.569,25,0,1,0,1,69,25,70,0,0,50,0,0,25,62,25,50,45,187,1,246,20,50
"agent SwarmAgent #139",SwarmAgent,0.148,0,0.569,25,0,5,0,5,35,25,25,0,0,50,0,0,25,32,25,18,56,99,2,148,20,50
"agent SwarmAgent #140",SwarmAgent,0.103,0,0.569,25,0,1,0,1,15,25,30,0,0,50,0,0,25,22,25,3,36,92,3,103,20,50
"agent SwarmAgent #141",SwarmAgent,0.143,0,0.569,25,0,1,0,1,44,25,36,0,0,50,0,0,25,44,25,84,19,142,0,143,20,50
"agent SwarmAgent #142",SwarmAgent,0.314,0,0.569,25,0,5,0,5,95,25,78,0,0,50,0,0,25,70,25,10,71,221,1,314,20,50
"agent SwarmAgent #143",SwarmAgent,0.182,0,0.569,25,0,2,0,3,37,25,40,0,0,50,0,0,25,47,25,3,58,116,2,182,20,50
"agent SwarmAgent #144",SwarmAgent,0.175,0,0.569,25,0,3,0,3,37,25,44,0,0,50,0,0,25,36,25,13,58,128,3,175,20,50
"agent SwarmAgent #145",SwarmAgent,0.163,0,0.569,25,0,2,0,2,50,25,40,0,0,50,0,0,25,48,25,23,25,152,0,163,20,50
"agent SwarmAgent #146",SwarmAgent,0.256,0,0.569,25,0,3,0,3,70,25,74,0,0,50,0,0,25,66,25,12,46,192,1,256,20,50
"agent SwarmAgent #147",SwarmAgent,0.06,0,0.569,25,0,1,0,1,11,25,5,0,0,50,0,0,25,12,25,0,32,55,2,60,20,50
"agent SwarmAgent #148",SwarmAgent,0.123,0,0.569,25,0,2,0,2,21,25,34,0,0,50,0,0,25,26,25,0,42,102,3,123,20,50
"agent SwarmAgent #149",SwarmAgent,0.233,0,0.569,25,0,0,0,1,71,25,54,0,0,50,0,0,25,62,25,1,46,187,0,233,20,50
"agent SwarmAgent #150",SwarmAgent,0.258,0,0.569,25,0,3,0,3,71,25,74,0,0,50,0,0,25,66,25,0,47,193,1,258,20,50
