agentName,agentType,averageSpeed,cumulatedUtilityReceived,freeWallRatio,numBacktrackAgents,numCFPAnswered,numDeadends,numDifferentEncounters,numDirectionChanges,numDownSteps,numForwardAgents,numLeftSteps,numMessagesReceived,numMessagesSent,numNegotiatingAgents,numProposalsAccepted,numProposalsRejected,numRandomAgents,numRightSteps,numSwarmAgents,numTotalEncounters,numUpSteps,numVisitedCells,startingPosition,stepsToExit,xsize,ysize
"agent BacktrackAgent #1",BacktrackAgent,0.389,0,0.569,10,0,8,0,8,112,10,90,0,0,10,0,0,10,100,10,581,87,346,0,389,20,50
"agent BacktrackAgent #2",BacktrackAgent,0.084,0,0.569,10,0,1,0,1,35,10,22,0,0,10,0,0,10,16,10,79,11,83,1,84,20,50
"agent BacktrackAgent #3",BacktrackAgent,0.532,0,0.569,10,0,9,0,9,124,10,127,0,0,10,0,0,10,136,10,279,145,350,2,532,20,50
"agent BacktrackAgent #4",BacktrackAgent,0.163,0,0.569,10,0,2,0,2,28,10,46,0,0,10,0,0,10,40,10,182,49,152,3,163,20,50
"agent BacktrackAgent #5",BacktrackAgent,0.453,0,0.569,10,0,8,0,8,134,10,100,0,0,10,0,0,10,110,10,422,109,378,0,453,20,50
"agent BacktrackAgent #6",BacktrackAgent,0.696,0,0.569,10,0,13,0,13,185,10,178,0,0,10,0,0,10,172,10,339,161,389,1,696,20,50
"agent BacktrackAgent #7",BacktrackAgent,0.29,0,0.569,10,0,6,0,6,66,10,64,0,0,10,0,0,10,73,10,388,87,229,2,290,20,50
"agent BacktrackAgent #8",BacktrackAgent,0.283,0,0.569,10,0,7,0,7,68,10,66,0,0,10,0,0,10,60,10,89,89,212,3,283,20,50
"agent BacktrackAgent #9",BacktrackAgent,0.469,0,0.569,10,0,8,0,8,136,10,106,0,0,10,0,0,10,116,10,657,111,386,0,469,20,50
"agent BacktrackAgent #10",BacktrackAgent,0.72,0,0.569,10,0,15,0,15,197,10,178,0,0,10,0,0,10,172,10,435,173,401,1,720,20,50
"agent ForwardAgent #11",ForwardAgent,1.476,0,0.569,10,0,36,0,36,394,10,329,0,0,10,0,0,10,338,10,238,415,332,2,1476,20,50
"agent ForwardAgent #12",ForwardAgent,2.391,0,0.569,10,0,37,0,37,594,10,594,0,0,10,0,0,10,588,10,326,615,368,3,2391,20,50
"agent ForwardAgent #13",ForwardAgent,0.829,0,0.569,10,0,17,0,17,204,10,218,0,0,10,0,0,10,228,10,479,179,350,0,829,20,50
"agent ForwardAgent #14",ForwardAgent,0.6,0,0.569,10,0,14,0,14,179,10,136,0,0,10,0,0,10,130,10,140,155,262,1,600,20,50
"agent ForwardAgent #15",ForwardAgent,0.386,0,0.569,10,0,7,0,7,90,10,88,0,0,10,0,0,10,97,10,234,111,225,2,386,20,50
"agent ForwardAgent #16",ForwardAgent,0.231,0,0.569,10,0,4,0,4,54,10,54,0,0,10,0,0,10,48,10,163,75,186,3,231,20,50
"agent ForwardAgent #17",ForwardAgent,0.877,0,0.569,10,0,23,0,23,226,10,220,0,0,10,0,0,10,230,10,404,201,360,0,877,20,50
"agent ForwardAgent #18",ForwardAgent,2.578,0,0.569,10,0,34,0,34,652,10,652,0,0,10,0,0,10,646,10,315,628,402,1,2578,20,50
"agent ForwardAgent #19",ForwardAgent,1.692,0,0.569,10,0,47,0,47,474,10,357,0,0,10,0,0,10,366,10,299,495,412,2,1692,20,50
"agent ForwardAgent #20",ForwardAgent,4.719,0,0.569,10,0,84,0,84,1222,10,1130,0,0,10,0,0,10,1124,10,499,1243,426,3,4719,20,50
"agent RandomAgent #21",RandomAgent,128.057,0,0.569,10,0,2304,0,64179,33511,10,30525,0,0,10,0,0,10,30535,10,2847,33486,428,0,128057,20,50
"agent RandomAgent #22",RandomAgent,3.652,0,0.569,10,0,81,0,1793,1005,10,836,0,0,10,0,0,10,830,10,224,981,154,1,3652,20,50
"agent RandomAgent #23",RandomAgent,32.786,0,0.569,10,0,751,0,16483,9604,10,6774,0,0,10,0,0,10,6783,10,1354,9625,339,2,32786,20,50
"agent RandomAgent #24",RandomAgent,9.031,0,0.569,10,0,115,0,4431,2119,10,2389,0,0,10,0,0,10,2383,10,294,2140,194,3,9031,20,50
"agent RandomAgent #25",RandomAgent,34.591,0,0.569,10,0,586,0,17334,8782,10,8521,0,0,10,0,0,10,8531,10,1281,8757,406,0,34591,20,50
"agent RandomAgent #26",RandomAgent,182.618,0,0.569,10,0,3845,0,92014,46037,10,45287,0,0,10,0,0,10,45281,10,2675,46013,430,1,182618,20,50
"agent RandomAgent #27",RandomAgent,105.168,0,0.569,10,0,2190,0,52697,28180,10,24389,0,0,10,0,0,10,24398,10,503,28201,430,2,105168,20,50
"agent RandomAgent #28",RandomAgent,30.755,0,0.569,10,0,372,0,15242,7637,10,7733,0,0,10,0,0,10,7727,10,115,7658,346,3,30755,20,50
"agent RandomAgent #29",RandomAgent,267.425,0,0.569,10,0,5071,0,133666,67691,10,66029,0,0,10,0,0,10,66039,10,24,67666,429,0,267425,20,50
"agent RandomAgent #30",RandomAgent,2.578,0,0.569,10,0,79,0,1267,729,10,575,0,0,10,0,0,10,569,10,17,705,138,1,2578,20,50
"agent NegotiatingAgent #31",NegotiatingAgent,0.556,262,0.569,10,12,13,0,13,130,10,133,21,63,10,0,0,10,142,10,216,151,362,2,556,20,50
"agent NegotiatingAgent #32",NegotiatingAgent,0.559,220,0.569,10,8,9,0,9,132,10,140,13,84,10,1,0,10,134,10,127,153,350,3,559,20,50
"agent NegotiatingAgent #33",NegotiatingAgent,0.305,58,0.569,10,7,1,0,1,86,10,74,13,31,10,1,0,10,84,10,289,61,304,0,305,20,50
"agent NegotiatingAgent #34",NegotiatingAgent,0.552,376,0.569,10,7,9,0,9,157,10,134,22,65,10,5,0,10,128,10,55,133,317,1,552,20,50
"agent NegotiatingAgent #35",NegotiatingAgent,0.568,296,0.569,10,4,6,0,6,142,10,127,24,53,10,5,3,10,136,10,52,163,368,2,568,20,50
"agent NegotiatingAgent #36",NegotiatingAgent,0.167,0,0.569,10,0,2,0,2,30,10,46,0,25,10,0,0,10,40,10,24,51,154,3,167,20,50
"agent NegotiatingAgent #37",NegotiatingAgent,0.485,6,0.569,10,1,12,0,12,142,10,108,16,203,10,4,3,10,118,10,223,117,394,0,485,20,50
"agent NegotiatingAgent #38",NegotiatingAgent,0.108,0,0.569,10,0,3,0,3,45,10,24,4,40,10,0,2,10,18,10,53,21,95,1,108,20,50
"agent NegotiatingAgent #39",NegotiatingAgent,0.218,0,0.569,10,1,5,0,5,38,10,56,4,30,10,0,1,10,65,10,136,59,193,2,218,20,50
"agent NegotiatingAgent #40",NegotiatingAgent,0.591,0,0.569,10,0,7,0,7,144,10,144,30,225,10,10,5,10,138,10,313,165,366,3,591,20,50
"agent SwarmAgent #41",SwarmAgent,0.305,0,0.569,10,0,1,0,1,86,10,74,0,0,10,0,0,10,84,10,141,61,304,0,305,20,50
"agent SwarmAgent #42",SwarmAgent,0.092,0,0.569,10,0,3,0,3,37,10,24,0,0,10,0,0,10,18,10,5,13,87,1,92,20,50
"agent SwarmAgent #43",SwarmAgent,0.208,0,0.569,10,0,0,0,1,43,10,46,0,0,10,0,0,10,55,10,52,64,188,2,208,20,50
"agent SwarmAgent #44",SwarmAgent,0.475,0,0.569,10,0,2,0,2,110,10,120,0,0,10,0,0,10,114,10,39,131,308,3,475,20,50
"agent SwarmAgent #45",SwarmAgent,0.345,0,0.569,10,0,2,0,2,98,10,82,0,0,10,0,0,10,92,10,48,73,324,0,345,20,50
"agent SwarmAgent #46",SwarmAgent,0.628,0,0.569,10,0,5,0,5,171,10,158,0,0,10,0,0,10,152,10,5,147,355,1,628,20,50
"agent SwarmAgent #47",SwarmAgent,0.174,0,0.569,10,0,1,0,1,30,10,42,0,0,10,0,0,10,51,10,1,51,171,2,174,20,50
"agent SwarmAgent #48",SwarmAgent,0.471,0,0.569,10,0,2,0,2,106,10,122,0,0,10,0,0,10,116,10,2,127,306,3,471,20,50
"agent SwarmAgent #49",SwarmAgent,0.337,0,0.569,10,0,3,0,3,94,10,82,0,0,10,0,0,10,92,10,0,69,320,0,337,20,50
"agent SwarmAgent #50",SwarmAgent,0.138,0,0.569,10,0,4,0,4,48,10,36,0,0,10,0,0,10,30,10,0,24,110,1,138,20,50
