agentName,agentType,averageSpeed,cumulatedUtilityReceived,freeWallRatio,numBacktrackAgents,numCFPAnswered,numDeadends,numDifferentEncounters,numDirectionChanges,numDownSteps,numForwardAgents,numLeftSteps,numMessagesReceived,numMessagesSent,numNegotiatingAgents,numProposalsAccepted,numProposalsRejected,numRandomAgents,numRightSteps,numSwarmAgents,numTotalEncounters,numUpSteps,numVisitedCells,startingPosition,stepsToExit,xsize,ysize
"agent BacktrackAgent #1",BacktrackAgent,0.075,0,0.569,10,0,0,0,0,34,10,12,0,0,10,0,0,10,20,10,428,9,76,0,75,20,50
"agent BacktrackAgent #2",BacktrackAgent,0.176,0,0.569,10,0,5,0,5,54,10,50,0,0,10,0,0,10,42,10,89,30,110,1,176,20,50
"agent BacktrackAgent #3",BacktrackAgent,0.456,0,0.569,10,0,13,0,13,125,10,89,0,0,10,0,0,10,96,10,234,146,308,2,456,20,50
"agent BacktrackAgent #4",BacktrackAgent,0.279,0,0.569,10,0,4,0,4,65,10,68,0,0,10,0,0,10,60,10,278,86,228,3,279,20,50
"agent BacktrackAgent #5",BacktrackAgent,0.143,0,0.569,10,0,4,0,4,48,10,32,0,0,10,0,0,10,40,10,444,23,110,0,143,20,50
"agent BacktrackAgent #6",BacktrackAgent,0.042,0,0.569,10,0,0,0,0,27,10,10,0,0,10,0,0,10,2,10,147,3,43,1,42,20,50
"agent BacktrackAgent #7",BacktrackAgent,0.448,0,0.569,10,0,12,0,12,123,10,87,0,0,10,0,0,10,94,10,262,144,304,2,448,20,50
"agent BacktrackAgent #8",BacktrackAgent,0.439,0,0.569,10,0,12,0,12,115,10,98,0,0,10,0,0,10,90,10,257,136,308,3,439,20,50
"agent BacktrackAgent #9",BacktrackAgent,0.143,0,0.569,10,0,4,0,4,48,10,32,0,0,10,0,0,10,40,10,301,23,110,0,143,20,50
"agent BacktrackAgent #10",BacktrackAgent,0.176,0,0.569,10,0,5,0,5,54,10,50,0,0,10,0,0,10,42,10,257,30,110,1,176,20,50
"agent ForwardAgent #11",ForwardAgent,0.644,0,0.569,10,0,14,0,14,169,10,139,0,0,10,0,0,10,146,10,232,190,300,2,644,20,50
"agent ForwardAgent #12",ForwardAgent,1.779,0,0.569,10,0,49,0,49,563,10,320,0,0,10,0,0,10,312,10,288,584,320,3,1779,20,50
"agent ForwardAgent #13",ForwardAgent,0.275,0,0.569,10,0,8,0,8,82,10,64,0,0,10,0,0,10,72,10,296,57,106,0,275,20,50
"agent ForwardAgent #14",ForwardAgent,0.196,0,0.569,10,0,7,0,7,54,10,60,0,0,10,0,0,10,52,10,63,30,110,1,196,20,50
"agent ForwardAgent #15",ForwardAgent,0.828,0,0.569,10,0,11,0,11,213,10,187,0,0,10,0,0,10,194,10,245,234,230,2,828,20,50
"agent ForwardAgent #16",ForwardAgent,1.327,0,0.569,10,0,39,0,39,343,10,314,0,0,10,0,0,10,306,10,315,364,316,3,1327,20,50
"agent ForwardAgent #17",ForwardAgent,0.123,0,0.569,10,0,1,0,1,44,10,26,0,0,10,0,0,10,34,10,204,19,100,0,123,20,50
"agent ForwardAgent #18",ForwardAgent,0.042,0,0.569,10,0,0,0,0,27,10,10,0,0,10,0,0,10,2,10,104,3,43,1,42,20,50
"agent ForwardAgent #19",ForwardAgent,0.722,0,0.569,10,0,22,0,22,189,10,158,0,0,10,0,0,10,165,10,270,210,250,2,722,20,50
"agent ForwardAgent #20",ForwardAgent,0.991,0,0.569,10,0,23,0,23,277,10,212,0,0,10,0,0,10,204,10,109,298,316,3,991,20,50
"agent RandomAgent #21",RandomAgent,4.777,0,0.569,10,0,104,0,2412,1294,10,1103,0,0,10,0,0,10,1111,10,913,1269,110,0,4777,20,50
"agent RandomAgent #22",RandomAgent,9.148,0,0.569,10,0,548,0,4665,1941,10,2649,0,0,10,0,0,10,2641,10,503,1917,100,1,9148,20,50
"agent RandomAgent #23",RandomAgent,134.782,0,0.569,10,0,4552,0,67820,40649,10,26728,0,0,10,0,0,10,26735,10,1088,40670,322,2,134782,20,50
"agent RandomAgent #24",RandomAgent,52.589,0,0.569,10,0,1385,0,26249,16179,10,10109,0,0,10,0,0,10,10101,10,1204,16200,322,3,52589,20,50
"agent RandomAgent #25",RandomAgent,4.507,0,0.569,10,0,146,0,2209,1123,10,1139,0,0,10,0,0,10,1147,10,688,1098,109,0,4507,20,50
"agent RandomAgent #26",RandomAgent,1.116,0,0.569,10,0,0,0,547,319,10,255,0,0,10,0,0,10,247,10,143,295,73,1,1116,20,50
"agent RandomAgent #27",RandomAgent,38.938,0,0.569,10,0,788,0,19646,10713,10,8742,0,0,10,0,0,10,8749,10,600,10734,313,2,38938,20,50
"agent RandomAgent #28",RandomAgent,46.589,0,0.569,10,0,946,0,23278,13998,10,9290,0,0,10,0,0,10,9282,10,6,14019,322,3,46589,20,50
"agent RandomAgent #29",RandomAgent,9.205,0,0.569,10,0,273,0,4577,2251,10,2360,0,0,10,0,0,10,2368,10,243,2226,110,0,9205,20,50
"agent RandomAgent #30",RandomAgent,14.032,0,0.569,10,0,381,0,7143,3492,10,3540,0,0,10,0,0,10,3532,10,23,3468,110,1,14032,20,50
"agent NegotiatingAgent #31",NegotiatingAgent,0.22,0,0.569,10,1,4,0,4,47,10,49,1,12,10,0,0,10,56,10,16,68,190,2,220,20,50
"agent NegotiatingAgent #32",NegotiatingAgent,0.379,2256,0.569,10,33,9,0,9,105,10,78,67,74,10,0,0,10,70,10,139,126,278,3,379,20,50
"agent NegotiatingAgent #33",NegotiatingAgent,0.143,0,0.569,10,7,4,0,4,48,10,32,7,28,10,0,0,10,40,10,116,23,110,0,143,20,50
"agent NegotiatingAgent #34",NegotiatingAgent,0.118,0,0.569,10,4,1,0,1,45,10,30,4,23,10,0,0,10,22,10,127,21,81,1,118,20,50
"agent NegotiatingAgent #35",NegotiatingAgent,0.374,1748,0.569,10,29,10,0,10,95,10,78,96,103,10,16,0,10,85,10,138,116,267,2,374,20,50
"agent NegotiatingAgent #36",NegotiatingAgent,0.183,0,0.569,10,3,2,0,2,39,10,46,11,11,10,0,3,10,38,10,227,60,180,3,183,20,50
"agent NegotiatingAgent #37",NegotiatingAgent,0.075,0,0.569,10,2,0,0,0,34,10,12,16,25,10,0,6,10,20,10,79,9,76,0,75,20,50
"agent NegotiatingAgent #38",NegotiatingAgent,0.118,0,0.569,10,0,1,0,1,45,10,30,14,109,10,0,7,10,22,10,162,21,81,1,118,20,50
"agent NegotiatingAgent #39",NegotiatingAgent,0.374,0,0.569,10,1,10,0,10,97,10,76,88,110,10,35,3,10,83,10,73,118,267,2,374,20,50
"agent NegotiatingAgent #40",NegotiatingAgent,0.211,0,0.569,10,0,4,0,4,51,10,48,13,57,10,0,6,10,40,10,102,72,194,3,211,20,50
"agent SwarmAgent #41",SwarmAgent,0.075,0,0.569,10,0,0,0,0,34,10,12,0,0,10,0,0,10,20,10,151,9,76,0,75,20,50
"agent SwarmAgent #42",SwarmAgent,0.042,0,0.569,10,0,0,0,0,27,10,10,0,0,10,0,0,10,2,10,48,3,43,1,42,20,50
"agent SwarmAgent #43",SwarmAgent,0.194,0,0.569,10,0,3,0,3,39,10,44,0,0,10,0,0,10,51,10,50,60,177,2,194,20,50
"agent SwarmAgent #44",SwarmAgent,0.175,0,0.569,10,0,0,0,0,39,10,42,0,0,10,0,0,10,34,10,74,60,176,3,175,20,50
"agent SwarmAgent #45",SwarmAgent,0.075,0,0.569,10,0,0,0,0,34,10,12,0,0,10,0,0,10,20,10,76,9,76,0,75,20,50
"agent SwarmAgent #46",SwarmAgent,0.118,0,0.569,10,0,1,0,1,45,10,30,0,0,10,0,0,10,22,10,7,21,81,1,118,20,50
"agent SwarmAgent #47",SwarmAgent,0.178,0,0.569,10,0,4,0,4,35,10,40,0,0,10,0,0,10,47,10,0,56,169,2,178,20,50
"agent SwarmAgent #48",SwarmAgent,0.243,0,0.569,10,0,1,0,1,53,10,62,0,0,10,0,0,10,54,10,0,74,210,3,243,20,50
"agent SwarmAgent #49",SwarmAgent,0.075,0,0.569,10,0,0,0,0,34,10,12,0,0,10,0,0,10,20,10,0,9,76,0,75,20,50
"agent SwarmAgent #50",SwarmAgent,0.042,0,0.569,10,0,0,0,0,27,10,10,0,0,10,0,0,10,2,10,0,3,43,1,42,20,50
