agentName,agentType,averageSpeed,cumulatedUtilityReceived,freeWallRatio,numBacktrackAgents,numCFPAnswered,numDeadends,numDifferentEncounters,numDirectionChanges,numDownSteps,numForwardAgents,numLeftSteps,numMessagesReceived,numMessagesSent,numNegotiatingAgents,numProposalsAccepted,numProposalsRejected,numRandomAgents,numRightSteps,numSwarmAgents,numTotalEncounters,numUpSteps,numVisitedCells,startingPosition,stepsToExit,xsize,ysize
"agent BacktrackAgent #1",BacktrackAgent,0.201,0,0.569,25,0,3,0,3,60,25,48,0,0,50,0,0,25,58,25,1323,35,178,0,201,20,50
"agent BacktrackAgent #2",BacktrackAgent,0.226,0,0.569,25,0,5,0,5,64,25,64,0,0,50,0,0,25,58,25,739,40,180,1,226,20,50
"agent BacktrackAgent #3",BacktrackAgent,0.162,0,0.569,25,0,6,0,6,37,25,29,0,0,50,0,0,25,38,25,392,58,140,2,162,20,50
"agent BacktrackAgent #4",BacktrackAgent,0.201,0,0.569,25,0,6,0,6,49,25,44,0,0,50,0,0,25,38,25,365,70,140,3,201,20,50
"agent BacktrackAgent #5",BacktrackAgent,0.185,0,0.569,25,0,2,0,2,62,25,38,0,0,50,0,0,25,48,25,1054,37,170,0,185,20,50
"agent BacktrackAgent #6",BacktrackAgent,0.174,0,0.569,25,0,5,0,5,64,25,38,0,0,50,0,0,25,32,25,420,40,154,1,174,20,50
"agent BacktrackAgent #7",BacktrackAgent,0.14,0,0.569,25,0,3,0,3,27,25,28,0,0,50,0,0,25,37,25,358,48,129,2,140,20,50
"agent BacktrackAgent #8",BacktrackAgent,0.281,0,0.569,25,0,8,0,8,61,25,72,0,0,50,0,0,25,66,25,353,82,180,3,281,20,50
"agent BacktrackAgent #9",BacktrackAgent,0.177,0,0.569,25,0,2,0,2,52,25,44,0,0,50,0,0,25,54,25,1223,27,166,0,177,20,50
"agent BacktrackAgent #10",BacktrackAgent,0.16,0,0.569,25,0,2,0,2,57,25,38,0,0,50,0,0,25,32,25,500,33,147,1,160,20,50
"agent BacktrackAgent #11",BacktrackAgent,0.308,0,0.569,25,0,8,0,8,73,25,66,0,0,50,0,0,25,75,25,760,94,213,2,308,20,50
"agent BacktrackAgent #12",BacktrackAgent,0.209,0,0.569,25,0,6,0,6,49,25,48,0,0,50,0,0,25,42,25,434,70,144,3,209,20,50
"agent BacktrackAgent #13",BacktrackAgent,0.193,0,0.569,25,0,4,0,4,66,25,38,0,0,50,0,0,25,48,25,1155,41,174,0,193,20,50
"agent BacktrackAgent #14",BacktrackAgent,0.232,0,0.569,25,0,5,0,5,67,25,64,0,0,50,0,0,25,58,25,389,43,183,1,232,20,50
"agent BacktrackAgent #15",BacktrackAgent,0.174,0,0.569,25,0,6,0,6,39,25,33,0,0,50,0,0,25,42,25,605,60,146,2,174,20,50
"agent BacktrackAgent #16",BacktrackAgent,0.265,0,0.569,25,0,7,0,7,59,25,66,0,0,50,0,0,25,60,25,583,80,172,3,265,20,50
"agent BacktrackAgent #17",BacktrackAgent,0.189,0,0.569,25,0,3,0,3,64,25,38,0,0,50,0,0,25,48,25,898,39,172,0,189,20,50
"agent BacktrackAgent #18",BacktrackAgent,0.16,0,0.569,25,0,2,0,2,57,25,38,0,0,50,0,0,25,32,25,251,33,147,1,160,20,50
"agent BacktrackAgent #19",BacktrackAgent,0.35,0,0.569,25,0,11,0,11,81,25,79,0,0,50,0,0,25,88,25,731,102,234,2,350,20,50
"agent BacktrackAgent #20",BacktrackAgent,0.397,0,0.569,25,0,14,0,14,99,25,92,0,0,50,0,0,25,86,25,550,120,238,3,397,20,50
"agent BacktrackAgent #21",BacktrackAgent,0.205,0,0.569,25,0,4,0,4,62,25,48,0,0,50,0,0,25,58,25,1131,37,180,0,205,20,50
"agent BacktrackAgent #22",BacktrackAgent,0.224,0,0.569,25,0,4,0,4,63,25,64,0,0,50,0,0,25,58,25,512,39,179,1,224,20,50
"agent BacktrackAgent #23",BacktrackAgent,0.146,0,0.569,25,0,3,0,3,33,25,25,0,0,50,0,0,25,34,25,468,54,132,2,146,20,50
"agent BacktrackAgent #24",BacktrackAgent,0.405,0,0.569,25,0,14,0,14,99,25,96,0,0,50,0,0,25,90,25,429,120,242,3,405,20,50
"agent BacktrackAgent #25",BacktrackAgent,0.181,0,0.569,25,0,2,0,2,60,25,38,0,0,50,0,0,25,48,25,781,35,168,0,181,20,50
"agent ForwardAgent #26",ForwardAgent,0.27,0,0.569,25,0,4,0,4,82,25,68,0,0,50,0,0,25,62,25,546,58,164,1,270,20,50
"agent ForwardAgent #27",ForwardAgent,0.154,0,0.569,25,0,4,0,4,39,25,23,0,0,50,0,0,25,32,25,288,60,136,2,154,20,50
"agent ForwardAgent #28",ForwardAgent,0.517,0,0.569,25,0,25,0,25,119,25,132,0,0,50,0,0,25,126,25,286,140,180,3,517,20,50
"agent ForwardAgent #29",ForwardAgent,1.665,0,0.569,25,0,29,0,29,410,25,430,0,0,50,0,0,25,440,25,1242,385,186,0,1665,20,50
"agent ForwardAgent #30",ForwardAgent,0.338,0,0.569,25,0,7,0,7,74,25,110,0,0,50,0,0,25,104,25,493,50,168,1,338,20,50
"agent ForwardAgent #31",ForwardAgent,0.336,0,0.569,25,0,11,0,11,81,25,72,0,0,50,0,0,25,81,25,562,102,207,2,336,20,50
"agent ForwardAgent #32",ForwardAgent,0.085,0,0.569,25,0,1,0,1,17,25,18,0,0,50,0,0,25,12,25,224,38,82,3,85,20,50
"agent ForwardAgent #33",ForwardAgent,0.965,0,0.569,25,0,18,0,18,252,25,238,0,0,50,0,0,25,248,25,711,227,182,0,965,20,50
"agent ForwardAgent #34",ForwardAgent,0.178,0,0.569,25,0,5,0,5,64,25,40,0,0,50,0,0,25,34,25,422,40,140,1,178,20,50
"agent ForwardAgent #35",ForwardAgent,0.882,0,0.569,25,0,38,0,38,253,25,173,0,0,50,0,0,25,182,25,653,274,228,2,882,20,50
"agent ForwardAgent #36",ForwardAgent,0.777,0,0.569,25,0,27,0,27,213,25,168,0,0,50,0,0,25,162,25,451,234,152,3,777,20,50
"agent ForwardAgent #37",ForwardAgent,0.437,0,0.569,25,0,13,0,13,110,25,116,0,0,50,0,0,25,126,25,667,85,182,0,437,20,50
"agent ForwardAgent #38",ForwardAgent,1.748,0,0.569,25,0,40,0,40,379,25,510,0,0,50,0,0,25,504,25,1138,355,186,1,1748,20,50
"agent ForwardAgent #39",ForwardAgent,1.102,0,0.569,25,0,44,0,44,295,25,241,0,0,50,0,0,25,250,25,732,316,222,2,1102,20,50
"agent ForwardAgent #40",ForwardAgent,0.201,0,0.569,25,0,3,0,3,43,25,50,0,0,50,0,0,25,44,25,134,64,136,3,201,20,50
"agent ForwardAgent #41",ForwardAgent,0.297,0,0.569,25,0,8,0,8,78,25,78,0,0,50,0,0,25,88,25,873,53,174,0,297,20,50
"agent ForwardAgent #42",ForwardAgent,0.248,0,0.569,25,0,4,0,4,85,25,54,0,0,50,0,0,25,48,25,252,61,151,1,248,20,50
"agent ForwardAgent #43",ForwardAgent,0.822,0,0.569,25,0,32,0,32,227,25,169,0,0,50,0,0,25,178,25,584,248,224,2,822,20,50
"agent ForwardAgent #44",ForwardAgent,0.617,0,0.569,25,0,15,0,15,171,25,130,0,0,50,0,0,25,124,25,388,192,216,3,617,20,50
"agent ForwardAgent #45",ForwardAgent,0.209,0,0.569,25,0,3,0,3,56,25,56,0,0,50,0,0,25,66,25,696,31,166,0,209,20,50
"agent ForwardAgent #46",ForwardAgent,0.184,0,0.569,25,0,3,0,3,57,25,50,0,0,50,0,0,25,44,25,622,33,158,1,184,20,50
"agent ForwardAgent #47",ForwardAgent,0.394,0,0.569,25,0,9,0,9,97,25,85,0,0,50,0,0,25,94,25,318,118,218,2,394,20,50
"agent ForwardAgent #48",ForwardAgent,0.353,0,0.569,25,0,14,0,14,99,25,70,0,0,50,0,0,25,64,25,407,120,144,3,353,20,50
"agent ForwardAgent #49",ForwardAgent,0.181,0,0.569,25,0,3,0,3,54,25,44,0,0,50,0,0,25,54,25,955,29,168,0,181,20,50
"agent ForwardAgent #50",ForwardAgent,0.24,0,0.569,25,0,5,0,5,61,25,74,0,0,50,0,0,25,68,25,326,37,170,1,240,20,50
"agent RandomAgent #51",RandomAgent,38.616,0,0.569,25,0,1680,0,19539,10288,25,9005,0,0,50,0,0,25,9014,25,3903,10309,246,2,38616,20,50
"agent RandomAgent #52",RandomAgent,2.865,0,0.569,25,0,39,0,1421,844,25,581,0,0,50,0,0,25,575,25,489,865,96,3,2865,20,50
"agent RandomAgent #53",RandomAgent,7.911,0,0.569,25,0,160,0,3966,1565,25,2398,0,0,50,0,0,25,2408,25,3284,1540,182,0,7911,20,50
"agent RandomAgent #54",RandomAgent,15.698,0,0.569,25,0,489,0,7983,2316,25,5548,0,0,50,0,0,25,5542,25,5179,2292,182,1,15698,20,50
"agent RandomAgent #55",RandomAgent,9.478,0,0.569,25,0,150,0,4616,2624,25,2100,0,0,50,0,0,25,2109,25,1312,2645,181,2,9478,20,50
"agent RandomAgent #56",RandomAgent,7.913,0,0.569,25,0,331,0,3996,2299,25,1650,0,0,50,0,0,25,1644,25,1913,2320,155,3,7913,20,50
"agent RandomAgent #57",RandomAgent,10.089,0,0.569,25,0,134,0,5036,2647,25,2405,0,0,50,0,0,25,2415,25,1629,2622,182,0,10089,20,50
"agent RandomAgent #58",RandomAgent,21.252,0,0.569,25,0,480,0,10728,3933,25,6708,0,0,50,0,0,25,6702,25,4497,3909,183,1,21252,20,50
"agent RandomAgent #59",RandomAgent,14.718,0,0.569,25,0,266,0,7393,3979,25,3365,0,0,50,0,0,25,3374,25,1340,4000,246,2,14718,20,50
"agent RandomAgent #60",RandomAgent,102.209,0,0.569,25,0,3660,0,51110,27162,25,23935,0,0,50,0,0,25,23929,25,2153,27183,246,3,102209,20,50
"agent RandomAgent #61",RandomAgent,55.325,0,0.569,25,0,1369,0,28003,10413,25,17257,0,0,50,0,0,25,17267,25,3580,10388,182,0,55325,20,50
"agent RandomAgent #62",RandomAgent,16.25,0,0.569,25,0,253,0,8094,4049,25,4091,0,0,50,0,0,25,4085,25,2097,4025,186,1,16250,20,50
"agent RandomAgent #63",RandomAgent,15.672,0,0.569,25,0,440,0,7866,4669,25,3152,0,0,50,0,0,25,3161,25,2119,4690,220,2,15672,20,50
"agent RandomAgent #64",RandomAgent,12.955,0,0.569,25,0,96,0,6339,3415,25,3055,0,0,50,0,0,25,3049,25,427,3436,171,3,12955,20,50
"agent RandomAgent #65",RandomAgent,22.735,0,0.569,25,0,474,0,11374,4939,25,6436,0,0,50,0,0,25,6446,25,2964,4914,184,0,22735,20,50
"agent RandomAgent #66",RandomAgent,35.654,0,0.569,25,0,753,0,17932,7523,25,10319,0,0,50,0,0,25,10313,25,1767,7499,182,1,35654,20,50
"agent RandomAgent #67",RandomAgent,29.69,0,0.569,25,0,1062,0,14970,8550,25,6280,0,0,50,0,0,25,6289,25,1733,8571,173,2,29690,20,50
"agent RandomAgent #68",RandomAgent,1.743,0,0.569,25,0,6,0,872,445,25,419,0,0,50,0,0,25,413,25,64,466,90,3,1743,20,50
"agent RandomAgent #69",RandomAgent,9.221,0,0.569,25,0,217,0,4622,1687,25,2931,0,0,50,0,0,25,2941,25,550,1662,181,0,9221,20,50
"agent RandomAgent #70",RandomAgent,23.47,0,0.569,25,0,611,0,11715,5136,25,6614,0,0,50,0,0,25,6608,25,841,5112,180,1,23470,20,50
"agent RandomAgent #71",RandomAgent,34.062,0,0.569,25,0,1037,0,16941,9900,25,7116,0,0,50,0,0,25,7125,25,721,9921,166,2,34062,20,50
"agent RandomAgent #72",RandomAgent,22.867,0,0.569,25,0,491,0,11484,6310,25,5116,0,0,50,0,0,25,5110,25,160,6331,246,3,22867,20,50
"agent RandomAgent #73",RandomAgent,13.817,0,0.569,25,0,284,0,6883,2725,25,4191,0,0,50,0,0,25,4201,25,163,2700,182,0,13817,20,50
"agent RandomAgent #74",RandomAgent,12.476,0,0.569,25,0,115,0,6126,3275,25,2978,0,0,50,0,0,25,2972,25,63,3251,181,1,12476,20,50
"agent RandomAgent #75",RandomAgent,15.998,0,0.569,25,0,535,0,7950,4671,25,3313,0,0,50,0,0,25,3322,25,23,4692,153,2,15998,20,50
"agent NegotiatingAgent #76",NegotiatingAgent,0.085,0,0.569,25,0,1,0,1,15,25,20,41,44,50,14,4,25,14,25,147,36,82,3,85,20,50
"agent NegotiatingAgent #77",NegotiatingAgent,0.209,2424,0.569,25,56,5,0,5,64,25,48,256,219,50,25,14,25,58,25,433,39,182,0,209,20,50
"agent NegotiatingAgent #78",NegotiatingAgent,0.224,160,0.569,25,18,4,0,4,63,25,64,189,178,50,39,9,25,58,25,253,39,179,1,224,20,50
"agent NegotiatingAgent #79",NegotiatingAgent,0.29,408,0.569,25,11,6,0,6,69,25,61,161,169,50,48,4,25,70,25,150,90,204,2,290,20,50
"agent NegotiatingAgent #80",NegotiatingAgent,0.213,944,0.569,25,18,6,0,7,53,25,46,135,176,50,29,3,25,40,25,195,74,146,3,213,20,50
"agent NegotiatingAgent #81",NegotiatingAgent,0.209,1990,0.569,25,55,4,0,4,64,25,48,250,229,50,26,13,25,58,25,607,39,182,0,209,20,50
"agent NegotiatingAgent #82",NegotiatingAgent,0.138,1,0.569,25,2,2,0,2,50,25,34,20,16,50,0,6,25,28,25,62,26,136,1,138,20,50
"agent NegotiatingAgent #83",NegotiatingAgent,0.258,607,0.569,25,10,5,0,5,59,25,55,87,121,50,18,5,25,64,25,280,80,188,2,258,20,50
"agent NegotiatingAgent #84",NegotiatingAgent,0.209,791,0.569,25,18,6,0,6,49,25,48,131,121,50,20,4,25,42,25,195,70,144,3,209,20,50
"agent NegotiatingAgent #85",NegotiatingAgent,0.201,552,0.569,25,14,3,0,3,60,25,48,190,148,50,32,22,25,58,25,414,35,178,0,201,20,50
"agent NegotiatingAgent #86",NegotiatingAgent,0.226,781,0.569,25,18,5,0,5,64,25,64,176,183,50,36,8,25,58,25,291,40,180,1,226,20,50
"agent NegotiatingAgent #87",NegotiatingAgent,0.148,80,0.569,25,12,4,0,4,33,25,26,75,81,50,11,7,25,35,25,200,54,133,2,148,20,50
"agent NegotiatingAgent #88",NegotiatingAgent,0.221,640,0.569,25,19,7,0,7,55,25,48,148,148,50,31,4,25,42,25,153,76,150,3,221,20,50
"agent NegotiatingAgent #89",NegotiatingAgent,0.161,14,0.569,25,1,2,0,2,54,25,34,36,84,50,1,10,25,44,25,251,29,158,0,161,20,50
"agent NegotiatingAgent #90",NegotiatingAgent,0.224,122,0.569,25,4,4,0,4,63,25,64,156,149,50,42,9,25,58,25,123,39,179,1,224,20,50
"agent NegotiatingAgent #91",NegotiatingAgent,0.238,212,0.569,25,4,4,0,4,57,25,47,109,161,50,32,2,25,56,25,97,78,178,2,238,20,50
"agent NegotiatingAgent #92",NegotiatingAgent,0.289,604,0.569,25,10,7,0,7,71,25,66,128,137,50,22,6,25,60,25,136,92,184,3,289,20,50
"agent NegotiatingAgent #93",NegotiatingAgent,0.189,12,0.569,25,1,4,0,4,58,25,44,124,122,50,28,15,25,54,25,350,33,172,0,189,20,50
"agent NegotiatingAgent #94",NegotiatingAgent,0.236,0,0.569,25,2,6,0,6,69,25,64,198,181,50,52,8,25,58,25,81,45,185,1,236,20,50
"agent NegotiatingAgent #95",NegotiatingAgent,0.144,38,0.569,25,6,3,0,3,33,25,24,58,74,50,8,10,25,33,25,156,54,131,2,144,20,50
"agent NegotiatingAgent #96",NegotiatingAgent,0.193,0,0.569,25,0,4,0,4,47,25,42,117,123,50,30,6,25,36,25,87,68,136,3,193,20,50
"agent NegotiatingAgent #97",NegotiatingAgent,0.177,0,0.569,25,0,2,0,2,52,25,44,68,53,50,10,16,25,54,25,315,27,166,0,177,20,50
"agent NegotiatingAgent #98",NegotiatingAgent,0.16,0,0.569,25,0,2,0,2,57,25,38,10,10,50,1,4,25,32,25,18,33,147,1,160,20,50
"agent NegotiatingAgent #99",NegotiatingAgent,0.12,0,0.569,25,0,1,0,1,25,25,20,41,36,50,2,11,25,29,25,174,46,119,2,120,20,50
"agent NegotiatingAgent #100",NegotiatingAgent,0.193,2212,0.569,25,64,5,0,5,47,25,42,130,146,50,0,0,25,36,25,290,68,136,3,193,20,50
"agent NegotiatingAgent #101",NegotiatingAgent,0.185,1214,0.569,25,66,3,0,3,56,25,44,138,133,50,0,0,25,54,25,252,31,170,0,185,20,50
"agent NegotiatingAgent #102",NegotiatingAgent,0.162,23,0.569,25,14,3,0,3,58,25,38,19,113,50,0,0,25,32,25,299,34,148,1,162,20,50
"agent NegotiatingAgent #103",NegotiatingAgent,0.33,2152,0.569,25,52,9,0,9,79,25,71,110,128,50,1,0,25,80,25,212,100,224,2,330,20,50
"agent NegotiatingAgent #104",NegotiatingAgent,0.273,1260,0.569,25,34,8,0,8,63,25,66,71,119,50,2,0,25,60,25,277,84,176,3,273,20,50
"agent NegotiatingAgent #105",NegotiatingAgent,0.173,1186,0.569,25,54,1,0,1,50,25,44,122,124,50,2,4,25,54,25,219,25,164,0,173,20,50
"agent NegotiatingAgent #106",NegotiatingAgent,0.22,1831,0.569,25,73,3,0,3,61,25,64,141,180,50,0,0,25,58,25,318,37,177,1,220,20,50
"agent NegotiatingAgent #107",NegotiatingAgent,0.292,1666,0.569,25,53,8,0,8,65,25,66,111,121,50,3,2,25,75,25,191,86,205,2,292,20,50
"agent NegotiatingAgent #108",NegotiatingAgent,0.273,334,0.569,25,9,7,0,7,61,25,68,50,59,50,13,2,25,62,25,79,82,176,3,273,20,50
"agent NegotiatingAgent #109",NegotiatingAgent,0.213,2665,0.569,25,79,5,0,5,66,25,48,229,208,50,11,6,25,58,25,400,41,184,0,213,20,50
"agent NegotiatingAgent #110",NegotiatingAgent,0.208,2342,0.569,25,57,4,0,4,59,25,60,185,190,50,20,1,25,54,25,276,35,171,1,208,20,50
"agent NegotiatingAgent #111",NegotiatingAgent,0.314,2206,0.569,25,43,9,0,9,77,25,65,124,128,50,9,1,25,74,25,232,98,216,2,314,20,50
"agent NegotiatingAgent #112",NegotiatingAgent,0.101,108,0.569,25,7,2,0,2,19,25,24,29,86,50,2,4,25,18,25,198,40,90,3,101,20,50
"agent NegotiatingAgent #113",NegotiatingAgent,0.189,676,0.569,25,33,4,0,4,58,25,44,117,124,50,11,3,25,54,25,229,33,172,0,189,20,50
"agent NegotiatingAgent #114",NegotiatingAgent,0.166,23,0.569,25,13,3,0,3,60,25,38,38,39,50,1,6,25,32,25,219,36,150,1,166,20,50
"agent NegotiatingAgent #115",NegotiatingAgent,0.14,892,0.569,25,27,4,0,4,31,25,24,99,95,50,16,2,25,33,25,114,52,129,2,140,20,50
"agent NegotiatingAgent #116",NegotiatingAgent,0.301,2133,0.569,25,55,7,0,7,71,25,72,176,186,50,24,1,25,66,25,279,92,190,3,301,20,50
"agent NegotiatingAgent #117",NegotiatingAgent,0.193,620,0.569,25,30,4,0,4,66,25,38,70,69,50,0,6,25,48,25,359,41,174,0,193,20,50
"agent NegotiatingAgent #118",NegotiatingAgent,0.166,4,0.569,25,6,3,0,3,60,25,38,31,30,50,1,8,25,32,25,65,36,150,1,166,20,50
"agent NegotiatingAgent #119",NegotiatingAgent,0.286,1569,0.569,25,32,8,0,8,61,25,67,125,137,50,19,2,25,76,25,267,82,202,2,286,20,50
"agent NegotiatingAgent #120",NegotiatingAgent,0.295,917,0.569,25,29,7,0,8,69,25,71,91,107,50,8,3,25,65,25,166,90,187,3,295,20,50
"agent NegotiatingAgent #121",NegotiatingAgent,0.181,2,0.569,25,12,2,0,2,60,25,38,49,36,50,0,9,25,48,25,239,35,168,0,181,20,50
"agent NegotiatingAgent #122",NegotiatingAgent,0.222,2207,0.569,25,41,4,0,4,62,25,64,176,190,50,19,9,25,58,25,348,38,178,1,222,20,50
"agent NegotiatingAgent #123",NegotiatingAgent,0.148,500,0.569,25,13,4,0,4,31,25,28,58,66,50,0,15,25,37,25,124,52,133,2,148,20,50
"agent NegotiatingAgent #124",NegotiatingAgent,0.209,2142,0.569,25,41,6,0,6,49,25,48,165,185,50,14,2,25,42,25,336,70,144,3,209,20,50
"agent NegotiatingAgent #125",NegotiatingAgent,0.205,2243,0.569,25,56,4,0,4,62,25,48,242,202,50,27,7,25,58,25,360,37,180,0,205,20,50
"agent SwarmAgent #126",SwarmAgent,0.134,0,0.569,25,0,1,0,1,48,25,34,0,0,50,0,0,25,28,25,88,24,134,1,134,20,50
"agent SwarmAgent #127",SwarmAgent,0.142,0,0.569,25,0,2,0,2,33,25,23,0,0,50,0,0,25,32,25,117,54,130,2,142,20,50
"agent SwarmAgent #128",SwarmAgent,0.267,0,0.569,25,0,1,0,2,67,25,59,0,0,50,0,0,25,53,25,123,88,173,3,267,20,50
"agent SwarmAgent #129",SwarmAgent,0.173,0,0.569,25,0,1,0,1,50,25,44,0,0,50,0,0,25,54,25,350,25,164,0,173,20,50
"agent SwarmAgent #130",SwarmAgent,0.178,0,0.569,25,0,2,0,2,54,25,50,0,0,50,0,0,25,44,25,666,30,156,1,178,20,50
"agent SwarmAgent #131",SwarmAgent,0.278,0,0.569,25,0,4,0,4,69,25,55,0,0,50,0,0,25,64,25,15,90,198,2,278,20,50
"agent SwarmAgent #132",SwarmAgent,0.237,0,0.569,25,0,5,0,5,55,25,56,0,0,50,0,0,25,50,25,157,76,158,3,237,20,50
"agent SwarmAgent #133",SwarmAgent,0.165,0,0.569,25,0,2,0,2,56,25,34,0,0,50,0,0,25,44,25,141,31,160,0,165,20,50
"agent SwarmAgent #134",SwarmAgent,0.178,0,0.569,25,0,2,0,2,54,25,50,0,0,50,0,0,25,44,25,487,30,156,1,178,20,50
"agent SwarmAgent #135",SwarmAgent,0.264,0,0.569,25,0,4,0,4,63,25,54,0,0,50,0,0,25,63,25,337,84,191,2,264,20,50
"agent SwarmAgent #136",SwarmAgent,0.109,0,0.569,25,0,3,0,3,21,25,26,0,0,50,0,0,25,20,25,215,42,94,3,109,20,50
"agent SwarmAgent #137",SwarmAgent,0.177,0,0.569,25,0,2,0,2,52,25,44,0,0,50,0,0,25,54,25,334,27,166,0,177,20,50
"agent SwarmAgent #138",SwarmAgent,0.198,0,0.569,25,0,3,0,3,54,25,60,0,0,50,0,0,25,54,25,216,30,166,1,198,20,50
"agent SwarmAgent #139",SwarmAgent,0.24,0,0.569,25,0,3,0,3,55,25,50,0,0,50,0,0,25,59,25,319,76,179,2,240,20,50
"agent SwarmAgent #140",SwarmAgent,0.101,0,0.569,25,0,2,0,2,17,25,26,0,0,50,0,0,25,20,25,54,38,90,3,101,20,50
"agent SwarmAgent #141",SwarmAgent,0.177,0,0.569,25,0,1,0,1,58,25,38,0,0,50,0,0,25,48,25,104,33,166,0,177,20,50
"agent SwarmAgent #142",SwarmAgent,0.166,0,0.569,25,0,3,0,3,60,25,38,0,0,50,0,0,25,32,25,8,36,150,1,166,20,50
"agent SwarmAgent #143",SwarmAgent,0.12,0,0.569,25,0,1,0,1,27,25,18,0,0,50,0,0,25,27,25,84,48,119,2,120,20,50
"agent SwarmAgent #144",SwarmAgent,0.109,0,0.569,25,0,3,0,3,21,25,26,0,0,50,0,0,25,20,25,79,42,94,3,109,20,50
"agent SwarmAgent #145",SwarmAgent,0.177,0,0.569,25,0,2,0,2,52,25,44,0,0,50,0,0,25,54,25,71,27,166,0,177,20,50
"agent SwarmAgent #146",SwarmAgent,0.178,0,0.569,25,0,2,0,2,54,25,50,0,0,50,0,0,25,44,25,13,30,156,1,178,20,50
"agent SwarmAgent #147",SwarmAgent,0.24,0,0.569,25,0,3,0,3,55,25,50,0,0,50,0,0,25,59,25,1,76,179,2,240,20,50
"agent SwarmAgent #148",SwarmAgent,0.265,0,0.569,25,0,7,0,7,59,25,66,0,0,50,0,0,25,60,25,0,80,172,3,265,20,50
"agent SwarmAgent #149",SwarmAgent,0.173,0,0.569,25,0,1,0,1,50,25,44,0,0,50,0,0,25,54,25,1,25,164,0,173,20,50
"agent SwarmAgent #150",SwarmAgent,0.198,0,0.569,25,0,3,0,3,54,25,60,0,0,50,0,0,25,54,25,0,30,166,1,198,20,50
