agentName,agentType,averageSpeed,cumulatedUtilityReceived,freeWallRatio,numBacktrackAgents,numCFPAnswered,numDeadends,numDifferentEncounters,numDirectionChanges,numDownSteps,numForwardAgents,numLeftSteps,numMessagesReceived,numMessagesSent,numNegotiatingAgents,numProposalsAccepted,numProposalsRejected,numRandomAgents,numRightSteps,numSwarmAgents,numTotalEncounters,numUpSteps,numVisitedCells,startingPosition,stepsToExit,xsize,ysize
"agent BacktrackAgent #1",BacktrackAgent,0.317,0,0.569,25,0,6,0,6,69,25,82,0,0,50,0,0,25,106,25,1490,60,238,0,317,50,20
"agent BacktrackAgent #2",BacktrackAgent,0.324,0,0.569,25,0,6,0,6,71,25,106,0,0,50,0,0,25,84,25,414,63,198,1,324,50,20
"agent BacktrackAgent #3",BacktrackAgent,0.132,0,0.569,25,0,6,0,6,24,25,27,0,0,50,0,0,25,50,25,254,31,107,2,132,50,20
"agent BacktrackAgent #4",BacktrackAgent,0.111,0,0.569,25,0,4,0,4,19,25,44,0,0,50,0,0,25,22,25,551,26,82,3,111,50,20
"agent BacktrackAgent #5",BacktrackAgent,0.213,0,0.569,25,0,3,0,3,49,25,50,0,0,50,0,0,25,74,25,1448,40,186,0,213,50,20
"agent BacktrackAgent #6",BacktrackAgent,0.158,0,0.569,25,0,3,0,3,38,25,56,0,0,50,0,0,25,34,25,480,30,115,1,158,50,20
"agent BacktrackAgent #7",BacktrackAgent,0.262,0,0.569,25,0,15,0,15,52,25,64,0,0,50,0,0,25,87,25,362,59,172,2,262,50,20
"agent BacktrackAgent #8",BacktrackAgent,0.079,0,0.569,25,0,1,0,1,13,25,34,0,0,50,0,0,25,12,25,198,20,66,3,79,50,20
"agent BacktrackAgent #9",BacktrackAgent,0.277,0,0.569,25,0,5,0,5,59,25,72,0,0,50,0,0,25,96,25,1653,50,218,0,277,50,20
"agent BacktrackAgent #10",BacktrackAgent,0.21,0,0.569,25,0,6,0,6,48,25,72,0,0,50,0,0,25,50,25,481,40,141,1,210,50,20
"agent BacktrackAgent #11",BacktrackAgent,0.13,0,0.569,25,0,6,0,6,22,25,28,0,0,50,0,0,25,51,25,335,29,106,2,130,50,20
"agent BacktrackAgent #12",BacktrackAgent,0.107,0,0.569,25,0,3,0,3,19,25,42,0,0,50,0,0,25,20,25,681,26,80,3,107,50,20
"agent BacktrackAgent #13",BacktrackAgent,0.265,0,0.569,25,0,6,0,6,59,25,66,0,0,50,0,0,25,90,25,2048,50,212,0,265,50,20
"agent BacktrackAgent #14",BacktrackAgent,0.074,0,0.569,25,0,1,0,1,24,25,28,0,0,50,0,0,25,6,25,456,16,73,1,74,50,20
"agent BacktrackAgent #15",BacktrackAgent,0.242,0,0.569,25,0,12,0,12,50,25,56,0,0,50,0,0,25,79,25,368,57,162,2,242,50,20
"agent BacktrackAgent #16",BacktrackAgent,0.079,0,0.569,25,0,1,0,1,13,25,34,0,0,50,0,0,25,12,25,326,20,66,3,79,50,20
"agent BacktrackAgent #17",BacktrackAgent,0.177,0,0.569,25,0,1,0,1,47,25,34,0,0,50,0,0,25,58,25,1430,38,168,0,177,50,20
"agent BacktrackAgent #18",BacktrackAgent,0.352,0,0.569,25,0,7,0,7,75,25,116,0,0,50,0,0,25,94,25,1306,67,212,1,352,50,20
"agent BacktrackAgent #19",BacktrackAgent,0.122,0,0.569,25,0,5,0,5,22,25,24,0,0,50,0,0,25,47,25,305,29,102,2,122,50,20
"agent BacktrackAgent #20",BacktrackAgent,0.107,0,0.569,25,0,3,0,3,19,25,42,0,0,50,0,0,25,20,25,568,26,80,3,107,50,20
"agent BacktrackAgent #21",BacktrackAgent,0.333,0,0.569,25,0,8,0,8,67,25,92,0,0,50,0,0,25,116,25,1839,58,246,0,333,50,20
"agent BacktrackAgent #22",BacktrackAgent,0.19,0,0.569,25,0,5,0,5,42,25,68,0,0,50,0,0,25,46,25,699,34,131,1,190,50,20
"agent BacktrackAgent #23",BacktrackAgent,0.22,0,0.569,25,0,11,0,11,44,25,51,0,0,50,0,0,25,74,25,400,51,151,2,220,50,20
"agent BacktrackAgent #24",BacktrackAgent,0.051,0,0.569,25,0,0,0,0,9,25,24,0,0,50,0,0,25,2,25,213,16,52,3,51,50,20
"agent BacktrackAgent #25",BacktrackAgent,0.165,0,0.569,25,0,2,0,2,41,25,34,0,0,50,0,0,25,58,25,1753,32,162,0,165,50,20
"agent ForwardAgent #26",ForwardAgent,1.164,0,0.569,25,0,24,0,24,225,25,372,0,0,50,0,0,25,350,25,900,217,256,1,1164,50,20
"agent ForwardAgent #27",ForwardAgent,1.76,0,0.569,25,0,79,0,79,374,25,491,0,0,50,0,0,25,514,25,760,381,176,2,1760,50,20
"agent ForwardAgent #28",ForwardAgent,1.075,0,0.569,25,0,21,0,21,195,25,350,0,0,50,0,0,25,328,25,1132,202,246,3,1075,50,20
"agent ForwardAgent #29",ForwardAgent,0.541,0,0.569,25,0,10,0,10,105,25,158,0,0,50,0,0,25,182,25,1408,96,228,0,541,50,20
"agent ForwardAgent #30",ForwardAgent,0.384,0,0.569,25,0,6,0,6,85,25,122,0,0,50,0,0,25,100,25,436,77,182,1,384,50,20
"agent ForwardAgent #31",ForwardAgent,1.178,0,0.569,25,0,69,0,69,248,25,326,0,0,50,0,0,25,349,25,509,255,176,2,1178,50,20
"agent ForwardAgent #32",ForwardAgent,1.647,0,0.569,25,0,33,0,33,345,25,486,0,0,50,0,0,25,464,25,961,352,256,3,1647,50,20
"agent ForwardAgent #33",ForwardAgent,1.229,0,0.569,25,0,23,0,23,257,25,350,0,0,50,0,0,25,374,25,1606,248,254,0,1229,50,20
"agent ForwardAgent #34",ForwardAgent,0.702,0,0.569,25,0,23,0,23,150,25,216,0,0,50,0,0,25,194,25,602,142,242,1,702,50,20
"agent ForwardAgent #35",ForwardAgent,0.264,0,0.569,25,0,16,0,16,44,25,73,0,0,50,0,0,25,96,25,321,51,126,2,264,50,20
"agent ForwardAgent #36",ForwardAgent,0.983,0,0.569,25,0,26,0,26,187,25,312,0,0,50,0,0,25,290,25,911,194,256,3,983,50,20
"agent ForwardAgent #37",ForwardAgent,0.369,0,0.569,25,0,6,0,6,77,25,100,0,0,50,0,0,25,124,25,1309,68,204,0,369,50,20
"agent ForwardAgent #38",ForwardAgent,0.318,0,0.569,25,0,3,0,3,76,25,98,0,0,50,0,0,25,76,25,366,68,182,1,318,50,20
"agent ForwardAgent #39",ForwardAgent,0.318,0,0.569,25,0,19,0,19,60,25,84,0,0,50,0,0,25,107,25,261,67,152,2,318,50,20
"agent ForwardAgent #40",ForwardAgent,1.015,0,0.569,25,0,22,0,22,187,25,328,0,0,50,0,0,25,306,25,815,194,256,3,1015,50,20
"agent ForwardAgent #41",ForwardAgent,2.489,0,0.569,25,0,55,0,55,515,25,722,0,0,50,0,0,25,746,25,1584,506,256,0,2489,50,20
"agent ForwardAgent #42",ForwardAgent,0.256,0,0.569,25,0,10,0,10,55,25,88,0,0,50,0,0,25,66,25,373,47,122,1,256,50,20
"agent ForwardAgent #43",ForwardAgent,1.67,0,0.569,25,0,89,0,89,348,25,472,0,0,50,0,0,25,495,25,606,355,176,2,1670,50,20
"agent ForwardAgent #44",ForwardAgent,0.227,0,0.569,25,0,4,0,4,41,25,80,0,0,50,0,0,25,58,25,467,48,140,3,227,50,20
"agent ForwardAgent #45",ForwardAgent,1.237,0,0.569,25,0,19,0,19,265,25,346,0,0,50,0,0,25,370,25,1185,256,256,0,1237,50,20
"agent ForwardAgent #46",ForwardAgent,0.588,0,0.569,25,0,9,0,9,119,25,190,0,0,50,0,0,25,168,25,410,111,200,1,588,50,20
"agent ForwardAgent #47",ForwardAgent,1.948,0,0.569,25,0,110,0,110,418,25,541,0,0,50,0,0,25,564,25,832,425,164,2,1948,50,20
"agent ForwardAgent #48",ForwardAgent,0.979,0,0.569,25,0,17,0,17,209,25,288,0,0,50,0,0,25,266,25,610,216,254,3,979,50,20
"agent ForwardAgent #49",ForwardAgent,0.525,0,0.569,25,0,13,0,13,105,25,150,0,0,50,0,0,25,174,25,809,96,236,0,525,50,20
"agent ForwardAgent #50",ForwardAgent,0.39,0,0.569,25,0,8,0,8,84,25,126,0,0,50,0,0,25,104,25,448,76,125,1,390,50,20
"agent RandomAgent #51",RandomAgent,6.502,0,0.569,25,0,322,0,3296,1426,25,1810,0,0,50,0,0,25,1833,25,1535,1433,172,2,6502,50,20
"agent RandomAgent #52",RandomAgent,18.247,0,0.569,25,0,411,0,9247,3725,25,5406,0,0,50,0,0,25,5384,25,2487,3732,178,3,18247,50,20
"agent RandomAgent #53",RandomAgent,84.871,0,0.569,25,0,1511,0,42432,17102,25,25326,0,0,50,0,0,25,25350,25,10438,17093,242,0,84871,50,20
"agent RandomAgent #54",RandomAgent,53.626,0,0.569,25,0,1044,0,27023,10281,25,16547,0,0,50,0,0,25,16525,25,7998,10273,215,1,53626,50,20
"agent RandomAgent #55",RandomAgent,36.382,0,0.569,25,0,2558,0,18518,8328,25,9848,0,0,50,0,0,25,9871,25,4304,8335,174,2,36382,50,20
"agent RandomAgent #56",RandomAgent,16.483,0,0.569,25,0,702,0,8375,3263,25,4986,0,0,50,0,0,25,4964,25,1303,3270,172,3,16483,50,20
"agent RandomAgent #57",RandomAgent,49.727,0,0.569,25,0,1075,0,24842,10055,25,14801,0,0,50,0,0,25,14825,25,4608,10046,256,0,49727,50,20
"agent RandomAgent #58",RandomAgent,10.79,0,0.569,25,0,157,0,5308,2473,25,2937,0,0,50,0,0,25,2915,25,961,2465,199,1,10790,50,20
"agent RandomAgent #59",RandomAgent,17.244,0,0.569,25,0,734,0,8658,3697,25,4910,0,0,50,0,0,25,4933,25,1198,3704,165,2,17244,50,20
"agent RandomAgent #60",RandomAgent,21.449,0,0.569,25,0,423,0,10805,4404,25,6328,0,0,50,0,0,25,6306,25,2580,4411,240,3,21449,50,20
"agent RandomAgent #61",RandomAgent,23.597,0,0.569,25,0,567,0,11936,4796,25,6995,0,0,50,0,0,25,7019,25,4237,4787,253,0,23597,50,20
"agent RandomAgent #62",RandomAgent,35.88,0,0.569,25,0,787,0,18131,6854,25,11101,0,0,50,0,0,25,11079,25,3592,6846,256,1,35880,50,20
"agent RandomAgent #63",RandomAgent,14.45,0,0.569,25,0,784,0,7227,3201,25,4009,0,0,50,0,0,25,4032,25,1833,3208,176,2,14450,50,20
"agent RandomAgent #64",RandomAgent,5.199,0,0.569,25,0,79,0,2559,960,25,1647,0,0,50,0,0,25,1625,25,612,967,187,3,5199,50,20
"agent RandomAgent #65",RandomAgent,97.373,0,0.569,25,0,1845,0,49028,18938,25,29741,0,0,50,0,0,25,29765,25,6881,18929,247,0,97373,50,20
"agent RandomAgent #66",RandomAgent,34.842,0,0.569,25,0,700,0,17411,7107,25,10329,0,0,50,0,0,25,10307,25,2822,7099,244,1,34842,50,20
"agent RandomAgent #67",RandomAgent,24.756,0,0.569,25,0,1384,0,12423,5833,25,6530,0,0,50,0,0,25,6553,25,1568,5840,176,2,24756,50,20
"agent RandomAgent #68",RandomAgent,61.659,0,0.569,25,0,827,0,30705,11055,25,19782,0,0,50,0,0,25,19760,25,4780,11062,243,3,61659,50,20
"agent RandomAgent #69",RandomAgent,64.807,0,0.569,25,0,1426,0,32433,12550,25,19846,0,0,50,0,0,25,19870,25,3668,12541,244,0,64807,50,20
"agent RandomAgent #70",RandomAgent,29.946,0,0.569,25,0,469,0,15063,6037,25,8951,0,0,50,0,0,25,8929,25,1738,6029,215,1,29946,50,20
"agent RandomAgent #71",RandomAgent,51.292,0,0.569,25,0,2951,0,25841,11184,25,14447,0,0,50,0,0,25,14470,25,772,11191,176,2,51292,50,20
"agent RandomAgent #72",RandomAgent,4.455,0,0.569,25,0,139,0,2276,903,25,1332,0,0,50,0,0,25,1310,25,39,910,98,3,4455,50,20
"agent RandomAgent #73",RandomAgent,89.821,0,0.569,25,0,1568,0,45361,16697,25,28206,0,0,50,0,0,25,28230,25,840,16688,256,0,89821,50,20
"agent RandomAgent #74",RandomAgent,118.436,0,0.569,25,0,1976,0,59363,23712,25,35521,0,0,50,0,0,25,35499,25,53,23704,248,1,118436,50,20
"agent RandomAgent #75",RandomAgent,15.178,0,0.569,25,0,646,0,7577,3156,25,4418,0,0,50,0,0,25,4441,25,34,3163,175,2,15178,50,20
"agent NegotiatingAgent #76",NegotiatingAgent,0.079,2,0.569,25,2,1,0,1,13,25,34,9,9,50,0,2,25,12,25,130,20,66,3,79,50,20
"agent NegotiatingAgent #77",NegotiatingAgent,0.241,1382,0.569,25,35,4,0,4,53,25,60,155,146,50,11,21,25,84,25,398,44,200,0,241,50,20
"agent NegotiatingAgent #78",NegotiatingAgent,0.09,2,0.569,25,6,1,0,1,30,25,30,87,61,50,11,20,25,8,25,117,22,81,1,90,50,20
"agent NegotiatingAgent #79",NegotiatingAgent,0.238,979,0.569,25,12,12,0,12,46,25,58,97,128,50,24,5,25,81,25,141,53,160,2,238,50,20
"agent NegotiatingAgent #80",NegotiatingAgent,0.419,554,0.569,25,20,5,0,5,83,25,134,115,179,50,21,10,25,112,25,302,90,236,3,419,50,20
"agent NegotiatingAgent #81",NegotiatingAgent,0.265,310,0.569,25,28,4,0,4,61,25,64,134,131,50,8,20,25,88,25,587,52,212,0,265,50,20
"agent NegotiatingAgent #82",NegotiatingAgent,0.324,262,0.569,25,6,4,0,4,69,25,108,55,118,50,17,2,25,86,25,242,61,198,1,324,50,20
"agent NegotiatingAgent #83",NegotiatingAgent,0.114,333,0.569,25,11,3,0,3,20,25,22,55,58,50,7,3,25,45,25,100,27,98,2,114,50,20
"agent NegotiatingAgent #84",NegotiatingAgent,0.139,492,0.569,25,8,5,0,5,23,25,54,153,127,50,31,9,25,32,25,148,30,96,3,139,50,20
"agent NegotiatingAgent #85",NegotiatingAgent,0.229,154,0.569,25,17,3,0,3,55,25,52,131,121,50,11,26,25,76,25,465,46,194,0,229,50,20
"agent NegotiatingAgent #86",NegotiatingAgent,0.102,2,0.569,25,6,2,0,2,28,25,38,39,37,50,2,6,25,16,25,142,20,87,1,102,50,20
"agent NegotiatingAgent #87",NegotiatingAgent,0.116,508,0.569,25,6,3,0,3,22,25,21,32,52,50,3,3,25,44,25,104,29,99,2,116,50,20
"agent NegotiatingAgent #88",NegotiatingAgent,0.403,234,0.569,25,21,7,0,7,79,25,130,122,179,50,30,1,25,108,25,191,86,228,3,403,50,20
"agent NegotiatingAgent #89",NegotiatingAgent,0.189,104,0.569,25,8,2,0,2,45,25,42,145,125,50,24,20,25,66,25,524,36,174,0,189,50,20
"agent NegotiatingAgent #90",NegotiatingAgent,0.158,78,0.569,25,9,3,0,3,38,25,56,58,64,50,1,14,25,34,25,181,30,115,1,158,50,20
"agent NegotiatingAgent #91",NegotiatingAgent,0.114,0,0.569,25,0,5,0,5,18,25,24,79,91,50,22,1,25,47,25,91,25,98,2,114,50,20
"agent NegotiatingAgent #92",NegotiatingAgent,0.347,92,0.569,25,7,4,0,4,71,25,110,79,129,50,20,4,25,88,25,172,78,200,3,347,50,20
"agent NegotiatingAgent #93",NegotiatingAgent,0.245,46,0.569,25,1,4,0,5,55,25,60,169,176,50,31,29,25,84,25,478,46,202,0,245,50,20
"agent NegotiatingAgent #94",NegotiatingAgent,0.15,8,0.569,25,1,2,0,3,38,25,52,76,83,50,18,12,25,30,25,120,30,111,1,150,50,20
"agent NegotiatingAgent #95",NegotiatingAgent,0.204,738,0.569,25,12,8,0,8,44,25,43,70,94,50,18,2,25,66,25,143,51,143,2,204,50,20
"agent NegotiatingAgent #96",NegotiatingAgent,0.299,0,0.569,25,0,2,0,2,61,25,96,92,130,50,29,4,25,74,25,126,68,176,3,299,50,20
"agent NegotiatingAgent #97",NegotiatingAgent,0.185,0,0.569,25,0,2,0,3,45,25,40,137,115,50,29,20,25,64,25,353,36,172,0,185,50,20
"agent NegotiatingAgent #98",NegotiatingAgent,0.146,0,0.569,25,0,1,0,2,34,25,54,76,80,50,15,12,25,32,25,133,26,109,1,146,50,20
"agent NegotiatingAgent #99",NegotiatingAgent,0.212,0,0.569,25,0,9,0,9,44,25,47,39,69,50,14,4,25,70,25,107,51,147,2,212,50,20
"agent NegotiatingAgent #100",NegotiatingAgent,0.427,1154,0.569,25,53,8,0,8,85,25,136,97,188,50,0,0,25,114,25,299,92,240,3,427,50,20
"agent NegotiatingAgent #101",NegotiatingAgent,0.217,342,0.569,25,47,3,0,4,51,25,50,86,106,50,2,0,25,74,25,161,42,188,0,217,50,20
"agent NegotiatingAgent #102",NegotiatingAgent,0.21,1868,0.569,25,48,6,0,6,48,25,72,89,100,50,0,0,25,50,25,141,40,141,1,210,50,20
"agent NegotiatingAgent #103",NegotiatingAgent,0.26,1353,0.569,25,40,14,0,14,54,25,61,82,89,50,0,0,25,84,25,109,61,171,2,260,50,20
"agent NegotiatingAgent #104",NegotiatingAgent,0.135,844,0.569,25,44,4,0,4,23,25,52,102,100,50,1,3,25,30,25,202,30,94,3,135,50,20
"agent NegotiatingAgent #105",NegotiatingAgent,0.209,1896,0.569,25,70,3,0,3,51,25,46,162,160,50,1,9,25,70,25,338,42,184,0,209,50,20
"agent NegotiatingAgent #106",NegotiatingAgent,0.186,1404,0.569,25,46,4,0,4,42,25,66,89,150,50,0,1,25,44,25,234,34,129,1,186,50,20
"agent NegotiatingAgent #107",NegotiatingAgent,0.246,558,0.569,25,31,13,0,13,52,25,56,100,109,50,14,0,25,79,25,164,59,164,2,246,50,20
"agent NegotiatingAgent #108",NegotiatingAgent,0.395,1500,0.569,25,42,5,0,5,81,25,124,137,169,50,4,13,25,102,25,301,88,224,3,395,50,20
"agent NegotiatingAgent #109",NegotiatingAgent,0.249,326,0.569,25,44,4,0,5,53,25,64,125,149,50,9,6,25,88,25,430,44,204,0,249,50,20
"agent NegotiatingAgent #110",NegotiatingAgent,0.07,4,0.569,25,13,0,0,0,24,25,26,35,33,50,0,4,25,4,25,114,16,71,1,70,50,20
"agent NegotiatingAgent #111",NegotiatingAgent,0.112,928,0.569,25,20,4,0,4,20,25,21,40,42,50,0,0,25,44,25,142,27,97,2,112,50,20
"agent NegotiatingAgent #112",NegotiatingAgent,0.135,1654,0.569,25,47,4,0,4,23,25,52,157,139,50,13,6,25,30,25,309,30,94,3,135,50,20
"agent NegotiatingAgent #113",NegotiatingAgent,0.265,224,0.569,25,33,4,0,5,59,25,66,111,130,50,12,3,25,90,25,189,50,212,0,265,50,20
"agent NegotiatingAgent #114",NegotiatingAgent,0.15,956,0.569,25,28,2,0,3,38,25,52,113,117,50,9,11,25,30,25,177,30,111,1,150,50,20
"agent NegotiatingAgent #115",NegotiatingAgent,0.226,2723,0.569,25,45,11,0,11,48,25,50,126,146,50,10,0,25,73,25,159,55,154,2,226,50,20
"agent NegotiatingAgent #116",NegotiatingAgent,0.131,332,0.569,25,20,3,0,3,23,25,50,115,95,50,12,6,25,28,25,232,30,92,3,131,50,20
"agent NegotiatingAgent #117",NegotiatingAgent,0.301,662,0.569,25,33,7,0,7,65,25,78,159,150,50,15,17,25,102,25,253,56,230,0,301,50,20
"agent NegotiatingAgent #118",NegotiatingAgent,0.09,238,0.569,25,25,1,0,1,30,25,30,62,66,50,1,4,25,8,25,160,22,81,1,90,50,20
"agent NegotiatingAgent #119",NegotiatingAgent,0.21,276,0.569,25,10,10,0,10,38,25,52,114,122,50,30,2,25,75,25,126,45,146,2,210,50,20
"agent NegotiatingAgent #120",NegotiatingAgent,0.319,1535,0.569,25,44,3,0,3,67,25,100,110,198,50,3,7,25,78,25,275,74,186,3,319,50,20
"agent NegotiatingAgent #121",NegotiatingAgent,0.249,568,0.569,25,37,4,0,4,55,25,62,125,170,50,8,10,25,86,25,499,46,204,0,249,50,20
"agent NegotiatingAgent #122",NegotiatingAgent,0.364,484,0.569,25,17,6,0,7,73,25,124,67,142,50,14,0,25,102,25,136,65,218,1,364,50,20
"agent NegotiatingAgent #123",NegotiatingAgent,0.102,691,0.569,25,13,4,0,4,16,25,20,58,70,50,7,3,25,43,25,148,23,92,2,102,50,20
"agent NegotiatingAgent #124",NegotiatingAgent,0.419,2276,0.569,25,35,6,0,6,85,25,132,169,216,50,21,11,25,110,25,349,92,236,3,419,50,20
"agent NegotiatingAgent #125",NegotiatingAgent,0.261,158,0.569,25,20,5,0,5,59,25,64,103,107,50,12,10,25,88,25,334,50,210,0,261,50,20
"agent SwarmAgent #126",SwarmAgent,0.09,0,0.569,25,0,1,0,1,30,25,30,0,0,50,0,0,25,8,25,33,22,81,1,90,50,20
"agent SwarmAgent #127",SwarmAgent,0.176,0,0.569,25,0,5,0,5,34,25,39,0,0,50,0,0,25,62,25,57,41,129,2,176,50,20
"agent SwarmAgent #128",SwarmAgent,0.059,0,0.569,25,0,2,0,2,9,25,28,0,0,50,0,0,25,6,25,17,16,56,3,59,50,20
"agent SwarmAgent #129",SwarmAgent,0.157,0,0.569,25,0,0,0,0,41,25,30,0,0,50,0,0,25,54,25,303,32,158,0,157,50,20
"agent SwarmAgent #130",SwarmAgent,0.248,0,0.569,25,0,2,0,2,57,25,82,0,0,50,0,0,25,60,25,45,49,160,1,248,50,20
"agent SwarmAgent #131",SwarmAgent,0.168,0,0.569,25,0,4,0,4,36,25,33,0,0,50,0,0,25,56,25,27,43,125,2,168,50,20
"agent SwarmAgent #132",SwarmAgent,0.099,0,0.569,25,0,1,0,1,17,25,40,0,0,50,0,0,25,18,25,93,24,76,3,99,50,20
"agent SwarmAgent #133",SwarmAgent,0.161,0,0.569,25,0,1,0,1,41,25,32,0,0,50,0,0,25,56,25,533,32,160,0,161,50,20
"agent SwarmAgent #134",SwarmAgent,0.098,0,0.569,25,0,1,0,1,28,25,36,0,0,50,0,0,25,14,25,74,20,85,1,98,50,20
"agent SwarmAgent #135",SwarmAgent,0.116,0,0.569,25,0,4,0,4,22,25,21,0,0,50,0,0,25,44,25,33,29,99,2,116,50,20
"agent SwarmAgent #136",SwarmAgent,0.079,0,0.569,25,0,1,0,1,13,25,34,0,0,50,0,0,25,12,25,19,20,66,3,79,50,20
"agent SwarmAgent #137",SwarmAgent,0.161,0,0.569,25,0,1,0,1,41,25,32,0,0,50,0,0,25,56,25,372,32,160,0,161,50,20
"agent SwarmAgent #138",SwarmAgent,0.296,0,0.569,25,0,3,0,3,65,25,98,0,0,50,0,0,25,76,25,832,57,184,1,296,50,20
"agent SwarmAgent #139",SwarmAgent,0.098,0,0.569,25,0,2,0,2,16,25,18,0,0,50,0,0,25,41,25,6,23,90,2,98,50,20
"agent SwarmAgent #140",SwarmAgent,0.343,0,0.569,25,0,2,0,2,69,25,110,0,0,50,0,0,25,88,25,34,76,198,3,343,50,20
"agent SwarmAgent #141",SwarmAgent,0.161,0,0.569,25,0,1,0,1,41,25,32,0,0,50,0,0,25,56,25,208,32,160,0,161,50,20
"agent SwarmAgent #142",SwarmAgent,0.296,0,0.569,25,0,3,0,3,65,25,98,0,0,50,0,0,25,76,25,534,57,184,1,296,50,20
"agent SwarmAgent #143",SwarmAgent,0.172,0,0.569,25,0,4,0,4,34,25,37,0,0,50,0,0,25,60,25,4,41,127,2,172,50,20
"agent SwarmAgent #144",SwarmAgent,0.295,0,0.569,25,0,1,0,1,61,25,94,0,0,50,0,0,25,72,25,7,68,174,3,295,50,20
"agent SwarmAgent #145",SwarmAgent,0.161,0,0.569,25,0,1,0,1,41,25,32,0,0,50,0,0,25,56,25,44,32,160,0,161,50,20
"agent SwarmAgent #146",SwarmAgent,0.07,0,0.569,25,0,0,0,0,24,25,26,0,0,50,0,0,25,4,25,1,16,71,1,70,50,20
"agent SwarmAgent #147",SwarmAgent,0.088,0,0.569,25,0,2,0,2,14,25,15,0,0,50,0,0,25,38,25,0,21,85,2,88,50,20
"agent SwarmAgent #148",SwarmAgent,0.103,0,0.569,25,0,2,0,2,19,25,40,0,0,50,0,0,25,18,25,0,26,78,3,103,50,20
"agent SwarmAgent #149",SwarmAgent,0.189,0,0.569,25,0,0,0,1,45,25,42,0,0,50,0,0,25,66,25,1,36,174,0,189,50,20
"agent SwarmAgent #150",SwarmAgent,0.296,0,0.569,25,0,3,0,3,65,25,98,0,0,50,0,0,25,76,25,0,57,184,1,296,50,20
