agentName,agentType,averageSpeed,cumulatedUtilityReceived,freeWallRatio,numBacktrackAgents,numCFPAnswered,numDeadends,numDifferentEncounters,numDirectionChanges,numDownSteps,numForwardAgents,numLeftSteps,numMessagesReceived,numMessagesSent,numNegotiatingAgents,numProposalsAccepted,numProposalsRejected,numRandomAgents,numRightSteps,numSwarmAgents,numTotalEncounters,numUpSteps,numVisitedCells,startingPosition,stepsToExit,xsize,ysize
"agent BacktrackAgent #1",BacktrackAgent,0.393,0,0.569,10,0,14,0,14,95,10,94,0,0,10,0,0,10,118,10,621,86,302,0,393,50,20
"agent BacktrackAgent #2",BacktrackAgent,0.096,0,0.569,10,0,2,0,2,23,10,40,0,0,10,0,0,10,18,10,201,15,88,1,96,50,20
"agent BacktrackAgent #3",BacktrackAgent,0.073,0,0.569,10,0,3,0,3,11,10,10,0,0,10,0,0,10,34,10,168,18,60,2,73,50,20
"agent BacktrackAgent #4",BacktrackAgent,0.431,0,0.569,10,0,8,0,8,97,10,126,0,0,10,0,0,10,104,10,559,104,256,3,431,50,20
"agent BacktrackAgent #5",BacktrackAgent,0.321,0,0.569,10,0,6,0,6,81,10,72,0,0,10,0,0,10,96,10,407,72,266,0,321,50,20
"agent BacktrackAgent #6",BacktrackAgent,0.622,0,0.569,10,0,19,0,19,154,10,172,0,0,10,0,0,10,150,10,209,146,351,1,622,50,20
"agent BacktrackAgent #7",BacktrackAgent,0.073,0,0.569,10,0,3,0,3,17,10,4,0,0,10,0,0,10,28,10,139,24,60,2,73,50,20
"agent BacktrackAgent #8",BacktrackAgent,0.579,0,0.569,10,0,16,0,16,133,10,164,0,0,10,0,0,10,142,10,280,140,330,3,579,50,20
"agent BacktrackAgent #9",BacktrackAgent,0.477,0,0.569,10,0,15,0,15,119,10,112,0,0,10,0,0,10,136,10,398,110,344,0,477,50,20
"agent BacktrackAgent #10",BacktrackAgent,0.086,0,0.569,10,0,1,0,1,22,10,36,0,0,10,0,0,10,14,10,71,14,83,1,86,50,20
"agent ForwardAgent #11",ForwardAgent,3.349,0,0.569,10,0,100,0,100,809,10,850,0,0,10,0,0,10,874,10,434,816,356,2,3349,50,20
"agent ForwardAgent #12",ForwardAgent,0.355,0,0.569,10,0,16,0,16,85,10,100,0,0,10,0,0,10,78,10,165,92,164,3,355,50,20
"agent ForwardAgent #13",ForwardAgent,0.233,0,0.569,10,0,4,0,4,57,10,52,0,0,10,0,0,10,76,10,306,48,222,0,233,50,20
"agent ForwardAgent #14",ForwardAgent,1.676,0,0.569,10,0,41,0,41,399,10,454,0,0,10,0,0,10,432,10,289,391,314,1,1676,50,20
"agent ForwardAgent #15",ForwardAgent,0.065,0,0.569,10,0,4,0,4,15,10,2,0,0,10,0,0,10,26,10,127,22,54,2,65,50,20
"agent ForwardAgent #16",ForwardAgent,0.251,0,0.569,10,0,8,0,8,65,10,68,0,0,10,0,0,10,46,10,167,72,102,3,251,50,20
"agent ForwardAgent #17",ForwardAgent,0.301,0,0.569,10,0,3,0,3,77,10,66,0,0,10,0,0,10,90,10,252,68,216,0,301,50,20
"agent ForwardAgent #18",ForwardAgent,0.114,0,0.569,10,0,2,0,2,30,10,42,0,0,10,0,0,10,20,10,25,22,97,1,114,50,20
"agent ForwardAgent #19",ForwardAgent,0.781,0,0.569,10,0,23,0,23,187,10,188,0,0,10,0,0,10,212,10,177,194,204,2,781,50,20
"agent ForwardAgent #20",ForwardAgent,0.435,0,0.569,10,0,13,0,13,99,10,126,0,0,10,0,0,10,104,10,90,106,176,3,435,50,20
"agent RandomAgent #21",RandomAgent,43.735,0,0.569,10,0,1201,0,22052,10472,10,11388,0,0,10,0,0,10,11412,10,3627,10463,249,0,43735,50,20
"agent RandomAgent #22",RandomAgent,5.992,0,0.569,10,0,153,0,2997,1211,10,1800,0,0,10,0,0,10,1778,10,533,1203,161,1,5992,50,20
"agent RandomAgent #23",RandomAgent,1.291,0,0.569,10,0,49,0,616,379,10,251,0,0,10,0,0,10,275,10,120,386,81,2,1291,50,20
"agent RandomAgent #24",RandomAgent,9.277,0,0.569,10,0,302,0,4666,2140,10,2506,0,0,10,0,0,10,2484,10,432,2147,134,3,9277,50,20
"agent RandomAgent #25",RandomAgent,39.937,0,0.569,10,0,1049,0,19990,9966,10,9995,0,0,10,0,0,10,10019,10,1807,9957,283,0,39937,50,20
"agent RandomAgent #26",RandomAgent,2.26,0,0.569,10,0,0,0,1103,449,10,696,0,0,10,0,0,10,674,10,74,441,97,1,2260,50,20
"agent RandomAgent #27",RandomAgent,2.689,0,0.569,10,0,127,0,1342,611,10,718,0,0,10,0,0,10,742,10,18,618,78,2,2689,50,20
"agent RandomAgent #28",RandomAgent,44.279,0,0.569,10,0,1083,0,22345,10828,10,11319,0,0,10,0,0,10,11297,10,1047,10835,283,3,44279,50,20
"agent RandomAgent #29",RandomAgent,79.955,0,0.569,10,0,2190,0,40090,19511,10,20459,0,0,10,0,0,10,20483,10,33,19502,308,0,79955,50,20
"agent RandomAgent #30",RandomAgent,4.484,0,0.569,10,0,109,0,2231,1122,10,1135,0,0,10,0,0,10,1113,10,12,1114,123,1,4484,50,20
"agent NegotiatingAgent #31",NegotiatingAgent,0.085,160,0.569,10,6,3,0,3,17,10,10,10,27,10,0,0,10,34,10,46,24,66,2,85,50,20
"agent NegotiatingAgent #32",NegotiatingAgent,0.115,10,0.569,10,3,2,0,2,23,10,42,6,32,10,0,0,10,20,10,49,30,98,3,115,50,20
"agent NegotiatingAgent #33",NegotiatingAgent,0.473,779,0.569,10,14,14,0,14,119,10,110,26,114,10,0,0,10,134,10,190,110,342,0,473,50,20
"agent NegotiatingAgent #34",NegotiatingAgent,0.44,849,0.569,10,24,9,0,9,107,10,128,48,85,10,2,0,10,106,10,245,99,260,1,440,50,20
"agent NegotiatingAgent #35",NegotiatingAgent,0.061,0,0.569,10,3,3,0,3,9,10,6,4,8,10,0,0,10,30,10,25,16,54,2,61,50,20
"agent NegotiatingAgent #36",NegotiatingAgent,0.463,216,0.569,10,11,9,0,9,105,10,134,56,79,10,17,0,10,112,10,119,112,272,3,463,50,20
"agent NegotiatingAgent #37",NegotiatingAgent,0.225,8,0.569,10,1,3,0,3,55,10,50,8,83,10,1,2,10,74,10,230,46,218,0,225,50,20
"agent NegotiatingAgent #38",NegotiatingAgent,0.096,0,0.569,10,0,2,0,2,23,10,40,38,43,10,10,4,10,18,10,67,15,88,1,96,50,20
"agent NegotiatingAgent #39",NegotiatingAgent,0.085,0,0.569,10,0,3,0,3,17,10,10,18,38,10,4,5,10,34,10,44,24,66,2,85,50,20
"agent NegotiatingAgent #40",NegotiatingAgent,0.487,0,0.569,10,0,5,0,5,115,10,136,28,96,10,9,5,10,114,10,104,122,284,3,487,50,20
"agent SwarmAgent #41",SwarmAgent,0.229,0,0.569,10,0,4,0,4,55,10,52,0,0,10,0,0,10,76,10,365,46,220,0,229,50,20
"agent SwarmAgent #42",SwarmAgent,0.398,0,0.569,10,0,2,0,2,102,10,112,0,0,10,0,0,10,90,10,8,94,239,1,398,50,20
"agent SwarmAgent #43",SwarmAgent,0.529,0,0.569,10,0,4,0,4,117,10,132,0,0,10,0,0,10,156,10,13,124,288,2,529,50,20
"agent SwarmAgent #44",SwarmAgent,0.189,0,0.569,10,0,2,0,3,44,10,58,0,0,10,0,0,10,36,10,74,51,135,3,189,50,20
"agent SwarmAgent #45",SwarmAgent,0.229,0,0.569,10,0,3,0,3,57,10,50,0,0,10,0,0,10,74,10,230,48,220,0,229,50,20
"agent SwarmAgent #46",SwarmAgent,0.42,0,0.569,10,0,5,0,5,105,10,120,0,0,10,0,0,10,98,10,37,97,250,1,420,50,20
"agent SwarmAgent #47",SwarmAgent,0.081,0,0.569,10,0,4,0,4,17,10,8,0,0,10,0,0,10,32,10,0,24,64,2,81,50,20
"agent SwarmAgent #48",SwarmAgent,0.095,0,0.569,10,0,1,0,1,15,10,40,0,0,10,0,0,10,18,10,0,22,88,3,95,50,20
"agent SwarmAgent #49",SwarmAgent,0.229,0,0.569,10,0,3,0,3,57,10,50,0,0,10,0,0,10,74,10,0,48,220,0,229,50,20
"agent SwarmAgent #50",SwarmAgent,0.172,0,0.569,10,0,2,0,2,41,10,60,0,0,10,0,0,10,38,10,0,33,126,1,172,50,20
