agentName,agentType,averageSpeed,cumulatedUtilityReceived,freeWallRatio,numBacktrackAgents,numCFPAnswered,numDeadends,numDifferentEncounters,numDirectionChanges,numDownSteps,numForwardAgents,numLeftSteps,numMessagesReceived,numMessagesSent,numNegotiatingAgents,numProposalsAccepted,numProposalsRejected,numRandomAgents,numRightSteps,numSwarmAgents,numTotalEncounters,numUpSteps,numVisitedCells,startingPosition,stepsToExit,xsize,ysize
"agent BacktrackAgent #1",BacktrackAgent,0.175,0,0.569,25,0,3,0,3,54,25,27,0,0,25,0,0,25,50,50,1222,44,170,0,175,50,20
"agent BacktrackAgent #2",BacktrackAgent,0.11,0,0.569,25,0,2,0,2,28,25,43,0,0,25,0,0,25,20,50,411,19,107,1,110,50,20
"agent BacktrackAgent #3",BacktrackAgent,0.47,0,0.569,25,0,11,0,11,112,25,109,0,0,25,0,0,25,131,50,440,118,303,2,470,50,20
"agent BacktrackAgent #4",BacktrackAgent,0.145,0,0.569,25,0,2,0,2,30,25,51,0,0,25,0,0,25,28,50,645,36,138,3,145,50,20
"agent BacktrackAgent #5",BacktrackAgent,0.495,0,0.569,25,0,10,0,10,130,25,111,0,0,25,0,0,25,134,50,1729,120,330,0,495,50,20
"agent BacktrackAgent #6",BacktrackAgent,0.26,0,0.569,25,0,9,0,9,65,25,81,0,0,25,0,0,25,58,50,326,56,182,1,260,50,20
"agent BacktrackAgent #7",BacktrackAgent,0.15,0,0.569,25,0,1,0,1,34,25,27,0,0,25,0,0,25,49,50,433,40,143,2,150,50,20
"agent BacktrackAgent #8",BacktrackAgent,0.613,0,0.569,25,0,12,0,12,156,25,159,0,0,25,0,0,25,136,50,615,162,372,3,613,50,20
"agent BacktrackAgent #9",BacktrackAgent,0.595,0,0.569,25,0,14,0,14,152,25,139,0,0,25,0,0,25,162,50,988,142,380,0,595,50,20
"agent BacktrackAgent #10",BacktrackAgent,0.166,0,0.569,25,0,3,0,3,42,25,57,0,0,25,0,0,25,34,50,769,33,135,1,166,50,20
"agent BacktrackAgent #11",BacktrackAgent,0.482,0,0.569,25,0,11,0,11,112,25,115,0,0,25,0,0,25,137,50,542,118,309,2,482,50,20
"agent BacktrackAgent #12",BacktrackAgent,0.633,0,0.569,25,0,15,0,15,158,25,167,0,0,25,0,0,25,144,50,814,164,382,3,633,50,20
"agent BacktrackAgent #13",BacktrackAgent,0.611,0,0.569,25,0,15,0,15,150,25,149,0,0,25,0,0,25,172,50,1728,140,388,0,611,50,20
"agent BacktrackAgent #14",BacktrackAgent,0.256,0,0.569,25,0,8,0,8,65,25,79,0,0,25,0,0,25,56,50,574,56,180,1,256,50,20
"agent BacktrackAgent #15",BacktrackAgent,0.636,0,0.569,25,0,15,0,15,154,25,150,0,0,25,0,0,25,172,50,1263,160,386,2,636,50,20
"agent BacktrackAgent #16",BacktrackAgent,0.561,0,0.569,25,0,12,0,12,144,25,145,0,0,25,0,0,25,122,50,1004,150,346,3,561,50,20
"agent BacktrackAgent #17",BacktrackAgent,0.515,0,0.569,25,0,12,0,12,130,25,121,0,0,25,0,0,25,144,50,1663,120,340,0,515,50,20
"agent BacktrackAgent #18",BacktrackAgent,0.574,0,0.569,25,0,9,0,9,152,25,151,0,0,25,0,0,25,128,50,1284,143,339,1,574,50,20
"agent BacktrackAgent #19",BacktrackAgent,0.216,0,0.569,25,0,4,0,4,56,25,38,0,0,25,0,0,25,60,50,808,62,176,2,216,50,20
"agent BacktrackAgent #20",BacktrackAgent,0.165,0,0.569,25,0,5,0,5,34,25,57,0,0,25,0,0,25,34,50,280,40,148,3,165,50,20
"agent BacktrackAgent #21",BacktrackAgent,0.267,0,0.569,25,0,5,0,5,74,25,53,0,0,25,0,0,25,76,50,1160,64,216,0,267,50,20
"agent BacktrackAgent #22",BacktrackAgent,0.2,0,0.569,25,0,7,0,7,51,25,65,0,0,25,0,0,25,42,50,400,42,152,1,200,50,20
"agent BacktrackAgent #23",BacktrackAgent,0.64,0,0.569,25,0,16,0,16,154,25,152,0,0,25,0,0,25,174,50,791,160,388,2,640,50,20
"agent BacktrackAgent #24",BacktrackAgent,0.625,0,0.569,25,0,13,0,13,154,25,167,0,0,25,0,0,25,144,50,726,160,378,3,625,50,20
"agent BacktrackAgent #25",BacktrackAgent,0.503,0,0.569,25,0,12,0,12,130,25,115,0,0,25,0,0,25,138,50,2220,120,334,0,503,50,20
"agent ForwardAgent #26",ForwardAgent,0.284,0,0.569,25,0,6,0,6,69,25,89,0,0,25,0,0,25,66,50,284,60,154,1,284,50,20
"agent ForwardAgent #27",ForwardAgent,0.414,0,0.569,25,0,11,0,11,94,25,99,0,0,25,0,0,25,121,50,630,100,180,2,414,50,20
"agent ForwardAgent #28",ForwardAgent,0.349,0,0.569,25,0,14,0,14,86,25,97,0,0,25,0,0,25,74,50,353,92,180,3,349,50,20
"agent ForwardAgent #29",ForwardAgent,0.715,0,0.569,25,0,13,0,13,196,25,155,0,0,25,0,0,25,178,50,1147,186,224,0,715,50,20
"agent ForwardAgent #30",ForwardAgent,1.87,0,0.569,25,0,36,0,36,468,25,483,0,0,25,0,0,25,460,50,821,459,344,1,1870,50,20
"agent ForwardAgent #31",ForwardAgent,0.77,0,0.569,25,0,12,0,12,190,25,181,0,0,25,0,0,25,203,50,649,196,202,2,770,50,20
"agent ForwardAgent #32",ForwardAgent,1.137,0,0.569,25,0,25,0,25,296,25,281,0,0,25,0,0,25,258,50,798,302,380,3,1137,50,20
"agent ForwardAgent #33",ForwardAgent,0.527,0,0.569,25,0,9,0,9,134,25,123,0,0,25,0,0,25,146,50,849,124,284,0,527,50,20
"agent ForwardAgent #34",ForwardAgent,0.166,0,0.569,25,0,3,0,3,40,25,59,0,0,25,0,0,25,36,50,777,31,135,1,166,50,20
"agent ForwardAgent #35",ForwardAgent,0.572,0,0.569,25,0,11,0,11,152,25,120,0,0,25,0,0,25,142,50,697,158,176,2,572,50,20
"agent ForwardAgent #36",ForwardAgent,0.589,0,0.569,25,0,41,0,41,126,25,177,0,0,25,0,0,25,154,50,566,132,154,3,589,50,20
"agent ForwardAgent #37",ForwardAgent,1.623,0,0.569,25,0,41,0,41,408,25,397,0,0,25,0,0,25,420,50,1054,398,388,0,1623,50,20
"agent ForwardAgent #38",ForwardAgent,0.154,0,0.569,25,0,1,0,1,38,25,55,0,0,25,0,0,25,32,50,264,29,129,1,154,50,20
"agent ForwardAgent #39",ForwardAgent,0.41,0,0.569,25,0,9,0,9,102,25,89,0,0,25,0,0,25,111,50,398,108,178,2,410,50,20
"agent ForwardAgent #40",ForwardAgent,1.021,0,0.569,25,0,36,0,36,254,25,265,0,0,25,0,0,25,242,50,528,260,208,3,1021,50,20
"agent ForwardAgent #41",ForwardAgent,0.775,0,0.569,25,0,27,0,27,200,25,181,0,0,25,0,0,25,204,50,1543,190,332,0,775,50,20
"agent ForwardAgent #42",ForwardAgent,0.276,0,0.569,25,0,13,0,13,69,25,85,0,0,25,0,0,25,62,50,289,60,148,1,276,50,20
"agent ForwardAgent #43",ForwardAgent,4.386,0,0.569,25,0,107,0,107,1064,25,1115,0,0,25,0,0,25,1137,50,1478,1070,390,2,4386,50,20
"agent ForwardAgent #44",ForwardAgent,1.705,0,0.569,25,0,34,0,34,442,25,419,0,0,25,0,0,25,396,50,634,448,384,3,1705,50,20
"agent ForwardAgent #45",ForwardAgent,0.707,0,0.569,25,0,9,0,9,194,25,153,0,0,25,0,0,25,176,50,1266,184,222,0,707,50,20
"agent ForwardAgent #46",ForwardAgent,1.198,0,0.569,25,0,18,0,18,302,25,313,0,0,25,0,0,25,290,50,540,293,307,1,1198,50,20
"agent ForwardAgent #47",ForwardAgent,1.466,0,0.569,25,0,25,0,25,360,25,359,0,0,25,0,0,25,381,50,689,366,278,2,1466,50,20
"agent ForwardAgent #48",ForwardAgent,0.141,0,0.569,25,0,1,0,1,28,25,51,0,0,25,0,0,25,28,50,287,34,136,3,141,50,20
"agent ForwardAgent #49",ForwardAgent,0.191,0,0.569,25,0,4,0,4,54,25,35,0,0,25,0,0,25,58,50,786,44,178,0,191,50,20
"agent ForwardAgent #50",ForwardAgent,0.124,0,0.569,25,0,1,0,1,31,25,47,0,0,25,0,0,25,24,50,91,22,114,1,124,50,20
"agent RandomAgent #51",RandomAgent,36.756,0,0.569,25,0,678,0,18546,8886,25,9478,0,0,25,0,0,25,9500,50,6480,8892,383,2,36756,50,20
"agent RandomAgent #52",RandomAgent,30.093,0,0.569,25,0,1555,0,15183,7027,25,8028,0,0,25,0,0,25,8005,50,5347,7033,189,3,30093,50,20
"agent RandomAgent #53",RandomAgent,44.667,0,0.569,25,0,637,0,22253,11570,25,10757,0,0,25,0,0,25,10780,50,5105,11560,259,0,44667,50,20
"agent RandomAgent #54",RandomAgent,12.626,0,0.569,25,0,349,0,6300,3105,25,3224,0,0,25,0,0,25,3201,50,2150,3096,172,1,12626,50,20
"agent RandomAgent #55",RandomAgent,99.552,0,0.569,25,0,2440,0,49822,24894,25,24868,0,0,25,0,0,25,24890,50,7063,24900,383,2,99552,50,20
"agent RandomAgent #56",RandomAgent,3.173,0,0.569,25,0,44,0,1554,772,25,823,0,0,25,0,0,25,800,50,349,778,187,3,3173,50,20
"agent RandomAgent #57",RandomAgent,10.897,0,0.569,25,0,150,0,5414,3203,25,2239,0,0,25,0,0,25,2262,50,2511,3193,204,0,10897,50,20
"agent RandomAgent #58",RandomAgent,84.062,0,0.569,25,0,2274,0,42103,20379,25,21668,0,0,25,0,0,25,21645,50,6010,20370,390,1,84062,50,20
"agent RandomAgent #59",RandomAgent,18.666,0,0.569,25,0,252,0,9364,4768,25,4551,0,0,25,0,0,25,4573,50,2416,4774,240,2,18666,50,20
"agent RandomAgent #60",RandomAgent,15.865,0,0.569,25,0,755,0,8065,3431,25,4510,0,0,25,0,0,25,4487,50,1530,3437,188,3,15865,50,20
"agent RandomAgent #61",RandomAgent,64.269,0,0.569,25,0,1051,0,32316,16382,25,15746,0,0,25,0,0,25,15769,50,3658,16372,390,0,64269,50,20
"agent RandomAgent #62",RandomAgent,7.154,0,0.569,25,0,317,0,3628,1926,25,1667,0,0,25,0,0,25,1644,50,1790,1917,183,1,7154,50,20
"agent RandomAgent #63",RandomAgent,98.982,0,0.569,25,0,2069,0,49637,26997,25,22480,0,0,25,0,0,25,22502,50,4770,27003,270,2,98982,50,20
"agent RandomAgent #64",RandomAgent,8.637,0,0.569,25,0,175,0,4267,2099,25,2228,0,0,25,0,0,25,2205,50,867,2105,170,3,8637,50,20
"agent RandomAgent #65",RandomAgent,72.353,0,0.569,25,0,1401,0,36145,17982,25,18188,0,0,25,0,0,25,18211,50,2976,17972,388,0,72353,50,20
"agent RandomAgent #66",RandomAgent,66.38,0,0.569,25,0,2206,0,33167,16212,25,16994,0,0,25,0,0,25,16971,50,2348,16203,184,1,66380,50,20
"agent RandomAgent #67",RandomAgent,7.822,0,0.569,25,0,107,0,3925,1911,25,1986,0,0,25,0,0,25,2008,50,600,1917,224,2,7822,50,20
"agent RandomAgent #68",RandomAgent,45.785,0,0.569,25,0,1402,0,22772,10185,25,12716,0,0,25,0,0,25,12693,50,2188,10191,200,3,45785,50,20
"agent RandomAgent #69",RandomAgent,52.355,0,0.569,25,0,1115,0,26279,15066,25,11105,0,0,25,0,0,25,11128,50,1505,15056,244,0,52355,50,20
"agent RandomAgent #70",RandomAgent,39.8,0,0.569,25,0,1033,0,19841,10156,25,9760,0,0,25,0,0,25,9737,50,1085,10147,357,1,39800,50,20
"agent RandomAgent #71",RandomAgent,38.042,0,0.569,25,0,670,0,18720,8963,25,10044,0,0,25,0,0,25,10066,50,1412,8969,236,2,38042,50,20
"agent RandomAgent #72",RandomAgent,29.481,0,0.569,25,0,1086,0,14765,6815,25,7934,0,0,25,0,0,25,7911,50,612,6821,186,3,29481,50,20
"agent RandomAgent #73",RandomAgent,21.557,0,0.569,25,0,342,0,10784,5661,25,5111,0,0,25,0,0,25,5134,50,259,5651,196,0,21557,50,20
"agent RandomAgent #74",RandomAgent,49.246,0,0.569,25,0,1661,0,24893,12166,25,12473,0,0,25,0,0,25,12450,50,108,12157,294,1,49246,50,20
"agent RandomAgent #75",RandomAgent,22.362,0,0.569,25,0,390,0,11026,6084,25,5083,0,0,25,0,0,25,5105,50,90,6090,234,2,22362,50,20
"agent NegotiatingAgent #76",NegotiatingAgent,0.621,2233,0.569,25,37,12,0,12,154,25,165,78,173,25,1,1,25,142,50,271,160,376,3,621,50,20
"agent NegotiatingAgent #77",NegotiatingAgent,0.175,202,0.569,25,33,3,0,3,52,25,29,61,100,25,0,0,25,52,50,246,42,170,0,175,50,20
"agent NegotiatingAgent #78",NegotiatingAgent,0.256,756,0.569,25,20,8,0,9,61,25,83,42,98,25,3,0,25,60,50,193,52,180,1,256,50,20
"agent NegotiatingAgent #79",NegotiatingAgent,0.138,58,0.569,25,19,1,0,1,34,25,21,36,98,25,0,0,25,43,50,91,40,137,2,138,50,20
"agent NegotiatingAgent #80",NegotiatingAgent,0.637,2717,0.569,25,40,15,0,15,156,25,171,91,194,25,2,1,25,148,50,295,162,384,3,637,50,20
"agent NegotiatingAgent #81",NegotiatingAgent,0.341,841,0.569,25,36,2,0,3,93,25,71,102,192,25,4,8,25,94,50,397,83,253,0,341,50,20
"agent NegotiatingAgent #82",NegotiatingAgent,0.628,1008,0.569,25,15,9,0,10,165,25,165,93,209,25,25,4,25,142,50,283,156,366,1,628,50,20
"agent NegotiatingAgent #83",NegotiatingAgent,0.158,410,0.569,25,13,3,0,3,34,25,31,44,63,25,8,2,25,53,50,99,40,147,2,158,50,20
"agent NegotiatingAgent #84",NegotiatingAgent,0.157,340,0.569,25,10,5,0,5,32,25,55,53,97,25,14,0,25,32,50,162,38,144,3,157,50,20
"agent NegotiatingAgent #85",NegotiatingAgent,0.463,2171,0.569,25,38,3,0,4,124,25,101,163,229,25,24,6,25,124,50,382,114,314,0,463,50,20
"agent NegotiatingAgent #86",NegotiatingAgent,0.184,856,0.569,25,11,5,0,5,49,25,59,40,153,25,3,5,25,36,50,413,40,144,1,184,50,20
"agent NegotiatingAgent #87",NegotiatingAgent,0.312,964,0.569,25,13,2,0,3,75,25,67,57,78,25,9,5,25,89,50,496,81,224,2,312,50,20
"agent NegotiatingAgent #88",NegotiatingAgent,0.441,330,0.569,25,9,4,0,4,120,25,109,52,303,25,12,3,25,86,50,508,126,286,3,441,50,20
"agent NegotiatingAgent #89",NegotiatingAgent,0.163,8,0.569,25,6,0,0,0,52,25,23,35,150,25,0,9,25,46,50,1021,42,164,0,163,50,20
"agent NegotiatingAgent #90",NegotiatingAgent,0.106,10,0.569,25,11,1,0,1,28,25,41,18,23,25,0,0,25,18,50,110,19,105,1,106,50,20
"agent NegotiatingAgent #91",NegotiatingAgent,0.204,374,0.569,25,20,4,0,4,56,25,32,45,77,25,1,2,25,54,50,185,62,170,2,204,50,20
"agent NegotiatingAgent #92",NegotiatingAgent,0.205,126,0.569,25,2,6,0,6,48,25,63,61,87,25,19,4,25,40,50,252,54,168,3,205,50,20
"agent NegotiatingAgent #93",NegotiatingAgent,0.279,1258,0.569,25,27,5,0,5,74,25,59,141,206,25,27,5,25,82,50,810,64,222,0,279,50,20
"agent NegotiatingAgent #94",NegotiatingAgent,0.45,206,0.569,25,8,4,0,5,122,25,119,128,176,25,40,5,25,96,50,298,113,277,1,450,50,20
"agent NegotiatingAgent #95",NegotiatingAgent,0.42,96,0.569,25,1,5,0,6,95,25,101,38,141,25,12,3,25,123,50,279,101,278,2,420,50,20
"agent NegotiatingAgent #96",NegotiatingAgent,0.481,0,0.569,25,0,8,0,9,122,25,127,87,160,25,32,3,25,104,50,318,128,306,3,481,50,20
"agent NegotiatingAgent #97",NegotiatingAgent,0.183,0,0.569,25,0,2,0,2,52,25,33,71,104,25,17,13,25,56,50,674,42,174,0,183,50,20
"agent NegotiatingAgent #98",NegotiatingAgent,0.106,0,0.569,25,0,1,0,1,28,25,41,8,102,25,0,3,25,18,50,221,19,105,1,106,50,20
"agent NegotiatingAgent #99",NegotiatingAgent,0.37,0,0.569,25,0,3,0,4,97,25,74,62,138,25,27,2,25,96,50,224,103,253,2,370,50,20
"agent NegotiatingAgent #100",NegotiatingAgent,0.217,1051,0.569,25,26,7,0,7,46,25,71,52,98,25,0,0,25,48,50,214,52,174,3,217,50,20
"agent SwarmAgent #101",SwarmAgent,0.341,0,0.569,25,0,2,0,3,93,25,71,0,0,25,0,0,25,94,50,1326,83,253,0,341,50,20
"agent SwarmAgent #102",SwarmAgent,0.16,0,0.569,25,0,1,0,2,45,25,51,0,0,25,0,0,25,28,50,470,36,132,1,160,50,20
"agent SwarmAgent #103",SwarmAgent,0.192,0,0.569,25,0,1,0,1,54,25,28,0,0,25,0,0,25,50,50,559,60,164,2,192,50,20
"agent SwarmAgent #104",SwarmAgent,0.145,0,0.569,25,0,2,0,2,30,25,51,0,0,25,0,0,25,28,50,473,36,138,3,145,50,20
"agent SwarmAgent #105",SwarmAgent,0.421,0,0.569,25,0,1,0,2,111,25,93,0,0,25,0,0,25,116,50,1097,101,293,0,421,50,20
"agent SwarmAgent #106",SwarmAgent,0.106,0,0.569,25,0,1,0,1,28,25,41,0,0,25,0,0,25,18,50,175,19,105,1,106,50,20
"agent SwarmAgent #107",SwarmAgent,0.362,0,0.569,25,0,1,0,2,95,25,72,0,0,25,0,0,25,94,50,586,101,249,2,362,50,20
"agent SwarmAgent #108",SwarmAgent,0.435,0,0.569,25,0,3,0,4,110,25,116,0,0,25,0,0,25,93,50,211,116,283,3,435,50,20
"agent SwarmAgent #109",SwarmAgent,0.421,0,0.569,25,0,1,0,2,111,25,93,0,0,25,0,0,25,116,50,672,101,293,0,421,50,20
"agent SwarmAgent #110",SwarmAgent,0.392,0,0.569,25,0,1,0,2,108,25,104,0,0,25,0,0,25,81,50,756,99,248,1,392,50,20
"agent SwarmAgent #111",SwarmAgent,0.134,0,0.569,25,0,0,0,0,34,25,19,0,0,25,0,0,25,41,50,322,40,135,2,134,50,20
"agent SwarmAgent #112",SwarmAgent,0.379,0,0.569,25,0,2,0,3,98,25,100,0,0,25,0,0,25,77,50,572,104,255,3,379,50,20
"agent SwarmAgent #113",SwarmAgent,0.333,0,0.569,25,0,0,0,1,93,25,67,0,0,25,0,0,25,90,50,763,83,249,0,333,50,20
"agent SwarmAgent #114",SwarmAgent,0.396,0,0.569,25,0,2,0,3,110,25,104,0,0,25,0,0,25,81,50,1014,101,250,1,396,50,20
"agent SwarmAgent #115",SwarmAgent,0.396,0,0.569,25,0,2,0,3,95,25,89,0,0,25,0,0,25,111,50,589,101,266,2,396,50,20
"agent SwarmAgent #116",SwarmAgent,0.463,0,0.569,25,0,2,0,3,114,25,126,0,0,25,0,0,25,103,50,119,120,297,3,463,50,20
"agent SwarmAgent #117",SwarmAgent,0.255,0,0.569,25,0,2,0,2,70,25,51,0,0,25,0,0,25,74,50,1026,60,210,0,255,50,20
"agent SwarmAgent #118",SwarmAgent,0.156,0,0.569,25,0,0,0,1,43,25,51,0,0,25,0,0,25,28,50,37,34,130,1,156,50,20
"agent SwarmAgent #119",SwarmAgent,0.366,0,0.569,25,0,2,0,3,97,25,72,0,0,25,0,0,25,94,50,346,103,251,2,366,50,20
"agent SwarmAgent #120",SwarmAgent,0.419,0,0.569,25,0,1,0,2,108,25,110,0,0,25,0,0,25,87,50,881,114,275,3,419,50,20
"agent SwarmAgent #121",SwarmAgent,0.167,0,0.569,25,0,1,0,1,52,25,25,0,0,25,0,0,25,48,50,738,42,166,0,167,50,20
"agent SwarmAgent #122",SwarmAgent,0.158,0,0.569,25,0,1,0,1,40,25,55,0,0,25,0,0,25,32,50,217,31,131,1,158,50,20
"agent SwarmAgent #123",SwarmAgent,0.284,0,0.569,25,0,3,0,3,74,25,54,0,0,25,0,0,25,76,50,323,80,210,2,284,50,20
"agent SwarmAgent #124",SwarmAgent,0.419,0,0.569,25,0,1,0,2,108,25,110,0,0,25,0,0,25,87,50,461,114,275,3,419,50,20
"agent SwarmAgent #125",SwarmAgent,0.171,0,0.569,25,0,2,0,2,52,25,27,0,0,25,0,0,25,50,50,597,42,168,0,171,50,20
"agent SwarmAgent #126",SwarmAgent,0.106,0,0.569,25,0,1,0,1,28,25,41,0,0,25,0,0,25,18,50,56,19,105,1,106,50,20
"agent SwarmAgent #127",SwarmAgent,0.284,0,0.569,25,0,3,0,3,74,25,54,0,0,25,0,0,25,76,50,38,80,210,2,284,50,20
"agent SwarmAgent #128",SwarmAgent,0.197,0,0.569,25,0,2,0,2,40,25,67,0,0,25,0,0,25,44,50,32,46,164,3,197,50,20
"agent SwarmAgent #129",SwarmAgent,0.333,0,0.569,25,0,0,0,1,93,25,67,0,0,25,0,0,25,90,50,311,83,249,0,333,50,20
"agent SwarmAgent #130",SwarmAgent,0.396,0,0.569,25,0,2,0,3,110,25,104,0,0,25,0,0,25,81,50,552,101,250,1,396,50,20
"agent SwarmAgent #131",SwarmAgent,0.396,0,0.569,25,0,2,0,3,95,25,89,0,0,25,0,0,25,111,50,159,101,266,2,396,50,20
"agent SwarmAgent #132",SwarmAgent,0.145,0,0.569,25,0,2,0,2,30,25,51,0,0,25,0,0,25,28,50,131,36,138,3,145,50,20
"agent SwarmAgent #133",SwarmAgent,0.341,0,0.569,25,0,2,0,3,93,25,71,0,0,25,0,0,25,94,50,414,83,253,0,341,50,20
"agent SwarmAgent #134",SwarmAgent,0.402,0,0.569,25,0,1,0,3,111,25,106,0,0,25,0,0,25,83,50,30,102,253,1,402,50,20
"agent SwarmAgent #135",SwarmAgent,0.238,0,0.569,25,0,2,0,2,52,25,53,0,0,25,0,0,25,75,50,42,58,187,2,238,50,20
"agent SwarmAgent #136",SwarmAgent,0.379,0,0.569,25,0,2,0,3,98,25,100,0,0,25,0,0,25,77,50,34,104,255,3,379,50,20
"agent SwarmAgent #137",SwarmAgent,0.163,0,0.569,25,0,0,0,0,52,25,23,0,0,25,0,0,25,46,50,113,42,164,0,163,50,20
"agent SwarmAgent #138",SwarmAgent,0.16,0,0.569,25,0,1,0,2,45,25,51,0,0,25,0,0,25,28,50,92,36,132,1,160,50,20
"agent SwarmAgent #139",SwarmAgent,0.304,0,0.569,25,0,0,0,1,75,25,63,0,0,25,0,0,25,85,50,15,81,220,2,304,50,20
"agent SwarmAgent #140",SwarmAgent,0.455,0,0.569,25,0,2,0,3,116,25,120,0,0,25,0,0,25,97,50,30,122,293,3,455,50,20
"agent SwarmAgent #141",SwarmAgent,0.425,0,0.569,25,0,2,0,3,111,25,95,0,0,25,0,0,25,118,50,547,101,295,0,425,50,20
"agent SwarmAgent #142",SwarmAgent,0.396,0,0.569,25,0,2,0,3,110,25,104,0,0,25,0,0,25,81,50,42,101,250,1,396,50,20
"agent SwarmAgent #143",SwarmAgent,0.362,0,0.569,25,0,1,0,2,95,25,72,0,0,25,0,0,25,94,50,149,101,249,2,362,50,20
"agent SwarmAgent #144",SwarmAgent,0.419,0,0.569,25,0,1,0,2,108,25,110,0,0,25,0,0,25,87,50,7,114,275,3,419,50,20
"agent SwarmAgent #145",SwarmAgent,0.167,0,0.569,25,0,1,0,1,52,25,25,0,0,25,0,0,25,48,50,119,42,166,0,167,50,20
"agent SwarmAgent #146",SwarmAgent,0.106,0,0.569,25,0,1,0,1,28,25,41,0,0,25,0,0,25,18,50,4,19,105,1,106,50,20
"agent SwarmAgent #147",SwarmAgent,0.45,0,0.569,25,0,2,0,3,113,25,98,0,0,25,0,0,25,120,50,3,119,293,2,450,50,20
"agent SwarmAgent #148",SwarmAgent,0.371,0,0.569,25,0,2,0,3,100,25,94,0,0,25,0,0,25,71,50,1,106,251,3,371,50,20
"agent SwarmAgent #149",SwarmAgent,0.425,0,0.569,25,0,2,0,3,111,25,95,0,0,25,0,0,25,118,50,0,101,295,0,425,50,20
"agent SwarmAgent #150",SwarmAgent,0.392,0,0.569,25,0,1,0,2,108,25,104,0,0,25,0,0,25,81,50,0,99,248,1,392,50,20
