agentName,agentType,averageSpeed,cumulatedUtilityReceived,freeWallRatio,numBacktrackAgents,numCFPAnswered,numDeadends,numDifferentEncounters,numDirectionChanges,numDownSteps,numForwardAgents,numLeftSteps,numMessagesReceived,numMessagesSent,numNegotiatingAgents,numProposalsAccepted,numProposalsRejected,numRandomAgents,numRightSteps,numSwarmAgents,numTotalEncounters,numUpSteps,numVisitedCells,startingPosition,stepsToExit,xsize,ysize
"agent BacktrackAgent #1",BacktrackAgent,0.535,0,0.569,25,0,17,0,17,124,25,137,0,0,50,0,0,25,160,25,1823,114,396,0,535,50,20
"agent BacktrackAgent #2",BacktrackAgent,0.158,0,0.569,25,0,4,0,4,40,25,55,0,0,50,0,0,25,32,25,238,31,147,1,158,50,20
"agent BacktrackAgent #3",BacktrackAgent,0.69,0,0.569,25,0,16,0,16,156,25,175,0,0,50,0,0,25,197,25,891,162,373,2,690,50,20
"agent BacktrackAgent #4",BacktrackAgent,0.689,0,0.569,25,0,18,0,18,156,25,197,0,0,50,0,0,25,174,25,907,162,402,3,689,50,20
"agent BacktrackAgent #5",BacktrackAgent,0.467,0,0.569,25,0,12,0,12,112,25,115,0,0,50,0,0,25,138,25,1580,102,362,0,467,50,20
"agent BacktrackAgent #6",BacktrackAgent,0.676,0,0.569,25,0,20,0,20,157,25,197,0,0,50,0,0,25,174,25,856,148,406,1,676,50,20
"agent BacktrackAgent #7",BacktrackAgent,0.756,0,0.569,25,0,21,0,21,176,25,188,0,0,50,0,0,25,210,25,596,182,406,2,756,50,20
"agent BacktrackAgent #8",BacktrackAgent,0.261,0,0.569,25,0,9,0,9,50,25,89,0,0,50,0,0,25,66,25,413,56,188,3,261,50,20
"agent BacktrackAgent #9",BacktrackAgent,0.471,0,0.569,25,0,13,0,13,114,25,115,0,0,50,0,0,25,138,25,1300,104,364,0,471,50,20
"agent BacktrackAgent #10",BacktrackAgent,0.618,0,0.569,25,0,15,0,15,144,25,181,0,0,50,0,0,25,158,25,824,135,377,1,618,50,20
"agent BacktrackAgent #11",BacktrackAgent,0.07,0,0.569,25,0,2,0,2,4,25,17,0,0,50,0,0,25,39,25,304,10,63,2,70,50,20
"agent BacktrackAgent #12",BacktrackAgent,0.273,0,0.569,25,0,11,0,11,52,25,93,0,0,50,0,0,25,70,25,418,58,194,3,273,50,20
"agent BacktrackAgent #13",BacktrackAgent,0.535,0,0.569,25,0,17,0,17,128,25,133,0,0,50,0,0,25,156,25,2158,118,396,0,535,50,20
"agent BacktrackAgent #14",BacktrackAgent,0.62,0,0.569,25,0,15,0,15,145,25,181,0,0,50,0,0,25,158,25,945,136,378,1,620,50,20
"agent BacktrackAgent #15",BacktrackAgent,0.07,0,0.569,25,0,2,0,2,4,25,17,0,0,50,0,0,25,39,25,234,10,63,2,70,50,20
"agent BacktrackAgent #16",BacktrackAgent,0.257,0,0.569,25,0,8,0,8,48,25,89,0,0,50,0,0,25,66,25,494,54,186,3,257,50,20
"agent BacktrackAgent #17",BacktrackAgent,0.339,0,0.569,25,0,6,0,6,88,25,75,0,0,50,0,0,25,98,25,1876,78,298,0,339,50,20
"agent BacktrackAgent #18",BacktrackAgent,0.322,0,0.569,25,0,11,0,11,72,25,105,0,0,50,0,0,25,82,25,674,63,229,1,322,50,20
"agent BacktrackAgent #19",BacktrackAgent,0.678,0,0.569,25,0,15,0,15,156,25,169,0,0,50,0,0,25,191,25,1373,162,367,2,678,50,20
"agent BacktrackAgent #20",BacktrackAgent,0.125,0,0.569,25,0,2,0,2,24,25,47,0,0,50,0,0,25,24,25,430,30,120,3,125,50,20
"agent BacktrackAgent #21",BacktrackAgent,0.475,0,0.569,25,0,14,0,14,104,25,127,0,0,50,0,0,25,150,25,1291,94,366,0,475,50,20
"agent BacktrackAgent #22",BacktrackAgent,0.668,0,0.569,25,0,19,0,19,153,25,197,0,0,50,0,0,25,174,25,1159,144,402,1,668,50,20
"agent BacktrackAgent #23",BacktrackAgent,0.066,0,0.569,25,0,1,0,1,4,25,15,0,0,50,0,0,25,37,25,337,10,61,2,66,50,20
"agent BacktrackAgent #24",BacktrackAgent,0.125,0,0.569,25,0,1,0,1,20,25,51,0,0,50,0,0,25,28,25,301,26,120,3,125,50,20
"agent BacktrackAgent #25",BacktrackAgent,0.343,0,0.569,25,0,8,0,8,84,25,81,0,0,50,0,0,25,104,25,1246,74,300,0,343,50,20
"agent ForwardAgent #26",ForwardAgent,2.07,0,0.569,25,0,53,0,53,544,25,507,0,0,50,0,0,25,484,25,904,535,334,1,2070,50,20
"agent ForwardAgent #27",ForwardAgent,0.054,0,0.569,25,0,0,0,0,4,25,9,0,0,50,0,0,25,31,25,301,10,55,2,54,50,20
"agent ForwardAgent #28",ForwardAgent,0.597,0,0.569,25,0,19,0,19,120,25,187,0,0,50,0,0,25,164,25,603,126,228,3,597,50,20
"agent ForwardAgent #29",ForwardAgent,1.787,0,0.569,25,0,43,0,43,402,25,485,0,0,50,0,0,25,508,25,1604,392,378,0,1787,50,20
"agent ForwardAgent #30",ForwardAgent,0.816,0,0.569,25,0,16,0,16,211,25,213,0,0,50,0,0,25,190,25,911,202,252,1,816,50,20
"agent ForwardAgent #31",ForwardAgent,0.414,0,0.569,25,0,16,0,16,82,25,111,0,0,50,0,0,25,133,25,503,88,156,2,414,50,20
"agent ForwardAgent #32",ForwardAgent,1.669,0,0.569,25,0,58,0,58,386,25,457,0,0,50,0,0,25,434,25,1066,392,380,3,1669,50,20
"agent ForwardAgent #33",ForwardAgent,3.447,0,0.569,25,0,98,0,98,826,25,891,0,0,50,0,0,25,914,25,1693,816,412,0,3447,50,20
"agent ForwardAgent #34",ForwardAgent,1.736,0,0.569,25,0,48,0,48,367,25,517,0,0,50,0,0,25,494,25,943,358,408,1,1736,50,20
"agent ForwardAgent #35",ForwardAgent,0.416,0,0.569,25,0,29,0,29,96,25,98,0,0,50,0,0,25,120,25,352,102,182,2,416,50,20
"agent ForwardAgent #36",ForwardAgent,4.313,0,0.569,25,0,93,0,93,1026,25,1139,0,0,50,0,0,25,1116,25,1965,1032,402,3,4313,50,20
"agent ForwardAgent #37",ForwardAgent,3.223,0,0.569,25,0,76,0,76,754,25,851,0,0,50,0,0,25,874,25,1549,744,406,0,3223,50,20
"agent ForwardAgent #38",ForwardAgent,2.42,0,0.569,25,0,61,0,61,597,25,629,0,0,50,0,0,25,606,25,1055,588,384,1,2420,50,20
"agent ForwardAgent #39",ForwardAgent,0.918,0,0.569,25,0,30,0,30,210,25,235,0,0,50,0,0,25,257,25,737,216,336,2,918,50,20
"agent ForwardAgent #40",ForwardAgent,2.393,0,0.569,25,0,65,0,65,576,25,629,0,0,50,0,0,25,606,25,962,582,402,3,2393,50,20
"agent ForwardAgent #41",ForwardAgent,4.611,0,0.569,25,0,82,0,82,1134,25,1165,0,0,50,0,0,25,1188,25,1868,1124,410,0,4611,50,20
"agent ForwardAgent #42",ForwardAgent,0.686,0,0.569,25,0,17,0,17,168,25,191,0,0,50,0,0,25,168,25,512,159,376,1,686,50,20
"agent ForwardAgent #43",ForwardAgent,0.898,0,0.569,25,0,27,0,27,200,25,235,0,0,50,0,0,25,257,25,513,206,373,2,898,50,20
"agent ForwardAgent #44",ForwardAgent,1.105,0,0.569,25,0,29,0,29,272,25,289,0,0,50,0,0,25,266,25,786,278,394,3,1105,50,20
"agent ForwardAgent #45",ForwardAgent,1.463,0,0.569,25,0,34,0,34,354,25,371,0,0,50,0,0,25,394,25,1190,344,384,0,1463,50,20
"agent ForwardAgent #46",ForwardAgent,2.946,0,0.569,25,0,76,0,76,740,25,749,0,0,50,0,0,25,726,25,1045,731,394,1,2946,50,20
"agent ForwardAgent #47",ForwardAgent,0.054,0,0.569,25,0,0,0,0,4,25,9,0,0,50,0,0,25,31,25,168,10,55,2,54,50,20
"agent ForwardAgent #48",ForwardAgent,2.377,0,0.569,25,0,54,0,54,560,25,637,0,0,50,0,0,25,614,25,784,566,388,3,2377,50,20
"agent ForwardAgent #49",ForwardAgent,0.547,0,0.569,25,0,14,0,14,118,25,149,0,0,50,0,0,25,172,25,784,108,352,0,547,50,20
"agent ForwardAgent #50",ForwardAgent,6.752,0,0.569,25,0,145,0,145,1679,25,1713,0,0,50,0,0,25,1690,25,1711,1670,386,1,6752,50,20
"agent RandomAgent #51",RandomAgent,10.018,0,0.569,25,0,321,0,5009,1889,25,3106,0,0,50,0,0,25,3128,25,2336,1895,239,2,10018,50,20
"agent RandomAgent #52",RandomAgent,10.059,0,0.569,25,0,339,0,4976,2807,25,2231,0,0,50,0,0,25,2208,25,2211,2813,206,3,10059,50,20
"agent RandomAgent #53",RandomAgent,42.965,0,0.569,25,0,1008,0,21450,11660,25,9816,0,0,50,0,0,25,9839,25,6116,11650,332,0,42965,50,20
"agent RandomAgent #54",RandomAgent,163.18,0,0.569,25,0,4058,0,81572,40876,25,40730,0,0,50,0,0,25,40707,25,8996,40867,384,1,163180,50,20
"agent RandomAgent #55",RandomAgent,9.23,0,0.569,25,0,420,0,4618,1787,25,2814,0,0,50,0,0,25,2836,25,2140,1793,166,2,9230,50,20
"agent RandomAgent #56",RandomAgent,33.047,0,0.569,25,0,1022,0,16623,8521,25,8011,0,0,50,0,0,25,7988,25,4044,8527,307,3,33047,50,20
"agent RandomAgent #57",RandomAgent,70.361,0,0.569,25,0,1978,0,35262,16899,25,18275,0,0,50,0,0,25,18298,25,8688,16889,412,0,70361,50,20
"agent RandomAgent #58",RandomAgent,63.594,0,0.569,25,0,2003,0,31800,14736,25,17077,0,0,50,0,0,25,17054,25,4652,14727,313,1,63594,50,20
"agent RandomAgent #59",RandomAgent,98.096,0,0.569,25,0,3229,0,48853,25615,25,23419,0,0,50,0,0,25,23441,25,5116,25621,361,2,98096,50,20
"agent RandomAgent #60",RandomAgent,71.649,0,0.569,25,0,1677,0,35762,15452,25,20381,0,0,50,0,0,25,20358,25,6325,15458,407,3,71649,50,20
"agent RandomAgent #61",RandomAgent,48.953,0,0.569,25,0,918,0,24607,10055,25,14415,0,0,50,0,0,25,14438,25,4202,10045,343,0,48953,50,20
"agent RandomAgent #62",RandomAgent,67.428,0,0.569,25,0,1582,0,33748,14955,25,18775,0,0,50,0,0,25,18752,25,3778,14946,371,1,67428,50,20
"agent RandomAgent #63",RandomAgent,16.656,0,0.569,25,0,363,0,8323,3024,25,5290,0,0,50,0,0,25,5312,25,1958,3030,210,2,16656,50,20
"agent RandomAgent #64",RandomAgent,119.635,0,0.569,25,0,2559,0,59767,31173,25,28653,0,0,50,0,0,25,28630,25,5124,31179,353,3,119635,50,20
"agent RandomAgent #65",RandomAgent,184.991,0,0.569,25,0,3978,0,92821,43869,25,48620,0,0,50,0,0,25,48643,25,4171,43859,348,0,184991,50,20
"agent RandomAgent #66",RandomAgent,20.336,0,0.569,25,0,577,0,10141,5145,25,5039,0,0,50,0,0,25,5016,25,1984,5136,315,1,20336,50,20
"agent RandomAgent #67",RandomAgent,14.992,0,0.569,25,0,339,0,7409,2737,25,4745,0,0,50,0,0,25,4767,25,1093,2743,189,2,14992,50,20
"agent RandomAgent #68",RandomAgent,328.437,0,0.569,25,0,6967,0,165456,79198,25,85029,0,0,50,0,0,25,85006,25,1223,79204,349,3,328437,50,20
"agent RandomAgent #69",RandomAgent,14.677,0,0.569,25,0,162,0,7213,3128,25,4204,0,0,50,0,0,25,4227,25,459,3118,351,0,14677,50,20
"agent RandomAgent #70",RandomAgent,17.872,0,0.569,25,0,403,0,9024,4263,25,4689,0,0,50,0,0,25,4666,25,624,4254,285,1,17872,50,20
"agent RandomAgent #71",RandomAgent,16.384,0,0.569,25,0,440,0,8193,2849,25,5329,0,0,50,0,0,25,5351,25,415,2855,163,2,16384,50,20
"agent RandomAgent #72",RandomAgent,10.031,0,0.569,25,0,262,0,4937,1671,25,3353,0,0,50,0,0,25,3330,25,177,1677,195,3,10031,50,20
"agent RandomAgent #73",RandomAgent,63.213,0,0.569,25,0,1628,0,31397,15712,25,15888,0,0,50,0,0,25,15911,25,511,15702,378,0,63213,50,20
"agent RandomAgent #74",RandomAgent,66.368,0,0.569,25,0,1857,0,33383,16537,25,16663,0,0,50,0,0,25,16640,25,45,16528,348,1,66368,50,20
"agent RandomAgent #75",RandomAgent,23.548,0,0.569,25,0,968,0,11716,4647,25,7113,0,0,50,0,0,25,7135,25,25,4653,191,2,23548,50,20
"agent NegotiatingAgent #76",NegotiatingAgent,0.577,1118,0.569,25,20,7,0,8,122,25,175,155,259,50,39,11,25,152,25,343,128,346,3,577,50,20
"agent NegotiatingAgent #77",NegotiatingAgent,0.385,1587,0.569,25,26,6,0,7,84,25,102,119,147,50,18,7,25,125,25,360,74,321,0,385,50,20
"agent NegotiatingAgent #78",NegotiatingAgent,0.148,0,0.569,25,0,2,0,2,37,25,53,42,34,50,0,15,25,30,25,348,28,142,1,148,50,20
"agent NegotiatingAgent #79",NegotiatingAgent,0.066,350,0.569,25,19,1,0,1,4,25,15,58,59,50,3,6,25,37,25,106,10,61,2,66,50,20
"agent NegotiatingAgent #80",NegotiatingAgent,0.141,8,0.569,25,4,4,0,4,24,25,55,25,48,50,1,6,25,32,25,162,30,128,3,141,50,20
"agent NegotiatingAgent #81",NegotiatingAgent,0.311,1529,0.569,25,35,3,0,3,74,25,75,136,199,50,15,9,25,98,25,576,64,284,0,311,50,20
"agent NegotiatingAgent #82",NegotiatingAgent,0.546,1118,0.569,25,26,4,0,5,122,25,167,112,251,50,26,2,25,144,25,319,113,341,1,546,50,20
"agent NegotiatingAgent #83",NegotiatingAgent,0.132,1037,0.569,25,29,5,0,5,18,25,34,145,156,50,24,1,25,56,25,189,24,94,2,132,50,20
"agent NegotiatingAgent #84",NegotiatingAgent,0.153,1,0.569,25,1,5,0,5,28,25,57,44,62,50,13,4,25,34,25,121,34,134,3,153,50,20
"agent NegotiatingAgent #85",NegotiatingAgent,0.275,506,0.569,25,8,2,0,2,66,25,65,84,80,50,15,10,25,88,25,268,56,266,0,275,50,20
"agent NegotiatingAgent #86",NegotiatingAgent,0.572,938,0.569,25,15,6,0,7,127,25,175,109,149,50,21,15,25,152,25,201,118,354,1,572,50,20
"agent NegotiatingAgent #87",NegotiatingAgent,0.612,737,0.569,25,11,7,0,8,138,25,154,219,244,50,63,8,25,176,25,228,144,334,2,612,50,20
"agent NegotiatingAgent #88",NegotiatingAgent,0.129,109,0.569,25,6,2,0,2,24,25,49,33,61,50,3,4,25,26,25,144,30,122,3,129,50,20
"agent NegotiatingAgent #89",NegotiatingAgent,0.307,94,0.569,25,7,2,0,2,76,25,71,108,129,50,29,9,25,94,25,326,66,282,0,307,50,20
"agent NegotiatingAgent #90",NegotiatingAgent,0.256,304,0.569,25,5,7,0,8,54,25,90,111,127,50,31,8,25,67,25,114,45,196,1,256,50,20
"agent NegotiatingAgent #91",NegotiatingAgent,0.066,4,0.569,25,1,1,0,1,4,25,15,21,29,50,0,8,25,37,25,71,10,61,2,66,50,20
"agent NegotiatingAgent #92",NegotiatingAgent,0.509,147,0.569,25,3,3,0,4,106,25,157,105,208,50,27,15,25,134,25,233,112,312,3,509,50,20
"agent NegotiatingAgent #93",NegotiatingAgent,0.323,335,0.569,25,5,4,0,4,84,25,71,85,104,50,6,27,25,94,25,336,74,290,0,323,50,20
"agent NegotiatingAgent #94",NegotiatingAgent,0.194,95,0.569,25,2,2,0,3,43,25,70,75,72,50,8,19,25,47,25,140,34,165,1,194,50,20
"agent NegotiatingAgent #95",NegotiatingAgent,0.07,0,0.569,25,0,2,0,2,4,25,17,56,53,50,17,4,25,39,25,65,10,63,2,70,50,20
"agent NegotiatingAgent #96",NegotiatingAgent,0.253,45,0.569,25,1,7,0,7,48,25,87,38,60,50,6,10,25,64,25,95,54,184,3,253,50,20
"agent NegotiatingAgent #97",NegotiatingAgent,0.335,0,0.569,25,0,4,0,5,84,25,77,75,149,50,16,12,25,100,25,474,74,296,0,335,50,20
"agent NegotiatingAgent #98",NegotiatingAgent,0.588,91,0.569,25,1,7,0,8,135,25,175,226,238,50,63,13,25,152,25,297,126,362,1,588,50,20
"agent NegotiatingAgent #99",NegotiatingAgent,0.584,0,0.569,25,0,7,0,7,132,25,146,129,180,50,39,7,25,168,25,198,138,320,2,584,50,20
"agent NegotiatingAgent #100",NegotiatingAgent,0.149,2124,0.569,25,54,4,0,4,26,25,57,110,120,50,0,0,25,34,25,212,32,132,3,149,50,20
"agent NegotiatingAgent #101",NegotiatingAgent,0.519,5879,0.569,25,107,14,0,14,124,25,129,206,270,50,0,0,25,152,25,359,114,388,0,519,50,20
"agent NegotiatingAgent #102",NegotiatingAgent,0.18,2359,0.569,25,53,4,0,4,49,25,57,101,129,50,0,0,25,34,25,235,40,158,1,180,50,20
"agent NegotiatingAgent #103",NegotiatingAgent,0.656,2178,0.569,25,43,14,0,15,145,25,169,90,194,50,1,0,25,191,25,275,151,356,2,656,50,20
"agent NegotiatingAgent #104",NegotiatingAgent,0.129,208,0.569,25,24,3,0,3,24,25,49,53,72,50,0,0,25,26,25,153,30,122,3,129,50,20
"agent NegotiatingAgent #105",NegotiatingAgent,0.367,2583,0.569,25,63,10,0,10,86,25,91,220,234,50,35,4,25,114,25,260,76,312,0,367,50,20
"agent NegotiatingAgent #106",NegotiatingAgent,0.194,506,0.569,25,23,5,0,5,48,25,65,77,95,50,10,3,25,42,25,132,39,165,1,194,50,20
"agent NegotiatingAgent #107",NegotiatingAgent,0.07,238,0.569,25,16,2,0,2,4,25,17,45,44,50,3,3,25,39,25,99,10,63,2,70,50,20
"agent NegotiatingAgent #108",NegotiatingAgent,0.273,644,0.569,25,25,9,0,9,50,25,95,113,141,50,21,2,25,72,25,168,56,194,3,273,50,20
"agent NegotiatingAgent #109",NegotiatingAgent,0.371,2100,0.569,25,61,10,0,10,94,25,85,148,163,50,0,11,25,108,25,337,84,314,0,371,50,20
"agent NegotiatingAgent #110",NegotiatingAgent,0.592,5304,0.569,25,97,13,0,13,135,25,177,215,266,50,1,3,25,154,25,611,126,364,1,592,50,20
"agent NegotiatingAgent #111",NegotiatingAgent,0.144,2291,0.569,25,53,7,0,7,24,25,34,125,144,50,8,0,25,56,25,195,30,100,2,144,50,20
"agent NegotiatingAgent #112",NegotiatingAgent,0.567,3863,0.569,25,80,12,0,13,133,25,159,225,289,50,16,7,25,136,25,444,139,341,3,567,50,20
"agent NegotiatingAgent #113",NegotiatingAgent,0.463,4322,0.569,25,84,12,0,12,106,25,119,229,284,50,11,2,25,142,25,513,96,360,0,463,50,20
"agent NegotiatingAgent #114",NegotiatingAgent,0.512,2276,0.569,25,45,10,0,10,125,25,147,120,184,50,9,0,25,124,25,356,116,324,1,512,50,20
"agent NegotiatingAgent #115",NegotiatingAgent,0.576,2514,0.569,25,40,7,0,8,127,25,147,120,188,50,12,1,25,169,25,305,133,316,2,576,50,20
"agent NegotiatingAgent #116",NegotiatingAgent,0.521,2148,0.569,25,45,7,0,7,124,25,145,221,254,50,39,7,25,122,25,291,130,318,3,521,50,20
"agent NegotiatingAgent #117",NegotiatingAgent,0.327,705,0.569,25,23,6,0,6,78,25,79,263,240,50,69,10,25,102,25,172,68,292,0,327,50,20
"agent NegotiatingAgent #118",NegotiatingAgent,0.206,274,0.569,25,9,5,0,6,45,25,74,66,105,50,12,6,25,51,25,271,36,171,1,206,50,20
"agent NegotiatingAgent #119",NegotiatingAgent,0.604,3390,0.569,25,56,8,0,10,140,25,148,171,242,50,18,4,25,170,25,371,146,330,2,604,50,20
"agent NegotiatingAgent #120",NegotiatingAgent,0.417,700,0.569,25,20,3,0,3,96,25,121,92,237,50,16,8,25,98,25,268,102,266,3,417,50,20
"agent NegotiatingAgent #121",NegotiatingAgent,0.439,697,0.569,25,26,8,0,8,100,25,113,174,228,50,33,5,25,136,25,441,90,348,0,439,50,20
"agent NegotiatingAgent #122",NegotiatingAgent,0.208,891,0.569,25,21,8,0,8,53,25,67,102,115,50,16,6,25,44,25,233,44,172,1,208,50,20
"agent NegotiatingAgent #123",NegotiatingAgent,0.128,1414,0.569,25,29,5,0,5,22,25,28,138,128,50,18,8,25,50,25,206,28,92,2,128,50,20
"agent NegotiatingAgent #124",NegotiatingAgent,0.621,2207,0.569,25,31,9,0,9,138,25,181,133,218,50,24,4,25,158,25,323,144,368,3,621,50,20
"agent NegotiatingAgent #125",NegotiatingAgent,0.335,518,0.569,25,22,3,0,4,84,25,77,139,139,50,23,10,25,100,25,304,74,296,0,335,50,20
"agent SwarmAgent #126",SwarmAgent,0.19,0,0.569,25,0,2,0,3,41,25,70,0,0,50,0,0,25,47,25,95,32,163,1,190,50,20
"agent SwarmAgent #127",SwarmAgent,0.054,0,0.569,25,0,0,0,0,4,25,9,0,0,50,0,0,25,31,25,19,10,55,2,54,50,20
"agent SwarmAgent #128",SwarmAgent,0.459,0,0.569,25,0,2,0,3,109,25,129,0,0,50,0,0,25,106,25,73,115,287,3,459,50,20
"agent SwarmAgent #129",SwarmAgent,0.311,0,0.569,25,0,2,0,2,76,25,73,0,0,50,0,0,25,96,25,1431,66,284,0,311,50,20
"agent SwarmAgent #130",SwarmAgent,0.168,0,0.569,25,0,2,0,2,45,25,55,0,0,50,0,0,25,32,25,205,36,152,1,168,50,20
"agent SwarmAgent #131",SwarmAgent,0.128,0,0.569,25,0,3,0,3,20,25,30,0,0,50,0,0,25,52,25,101,26,92,2,128,50,20
"agent SwarmAgent #132",SwarmAgent,0.129,0,0.569,25,0,2,0,2,20,25,53,0,0,50,0,0,25,30,25,59,26,122,3,129,50,20
"agent SwarmAgent #133",SwarmAgent,0.311,0,0.569,25,0,3,0,3,76,25,73,0,0,50,0,0,25,96,25,1054,66,284,0,311,50,20
"agent SwarmAgent #134",SwarmAgent,0.452,0,0.569,25,0,3,0,3,111,25,131,0,0,50,0,0,25,108,25,55,102,294,1,452,50,20
"agent SwarmAgent #135",SwarmAgent,0.058,0,0.569,25,0,1,0,1,4,25,11,0,0,50,0,0,25,33,25,32,10,57,2,58,50,20
"agent SwarmAgent #136",SwarmAgent,0.175,0,0.569,25,0,2,0,3,28,25,68,0,0,50,0,0,25,45,25,141,34,145,3,175,50,20
"agent SwarmAgent #137",SwarmAgent,0.311,0,0.569,25,0,2,0,2,76,25,73,0,0,50,0,0,25,96,25,874,66,284,0,311,50,20
"agent SwarmAgent #138",SwarmAgent,0.192,0,0.569,25,0,1,0,2,42,25,70,0,0,50,0,0,25,47,25,204,33,164,1,192,50,20
"agent SwarmAgent #139",SwarmAgent,0.116,0,0.569,25,0,3,0,3,18,25,26,0,0,50,0,0,25,48,25,23,24,86,2,116,50,20
"agent SwarmAgent #140",SwarmAgent,0.449,0,0.569,25,0,2,0,2,102,25,131,0,0,50,0,0,25,108,25,27,108,282,3,449,50,20
"agent SwarmAgent #141",SwarmAgent,0.311,0,0.569,25,0,2,0,2,76,25,73,0,0,50,0,0,25,96,25,561,66,284,0,311,50,20
"agent SwarmAgent #142",SwarmAgent,0.44,0,0.569,25,0,4,0,4,111,25,125,0,0,50,0,0,25,102,25,30,102,288,1,440,50,20
"agent SwarmAgent #143",SwarmAgent,0.564,0,0.569,25,0,3,0,3,126,25,142,0,0,50,0,0,25,164,25,11,132,310,2,564,50,20
"agent SwarmAgent #144",SwarmAgent,0.453,0,0.569,25,0,2,0,2,108,25,127,0,0,50,0,0,25,104,25,10,114,284,3,453,50,20
"agent SwarmAgent #145",SwarmAgent,0.311,0,0.569,25,0,3,0,3,76,25,73,0,0,50,0,0,25,96,25,246,66,284,0,311,50,20
"agent SwarmAgent #146",SwarmAgent,0.166,0,0.569,25,0,1,0,1,44,25,55,0,0,50,0,0,25,32,25,6,35,151,1,166,50,20
"agent SwarmAgent #147",SwarmAgent,0.518,0,0.569,25,0,3,0,3,114,25,131,0,0,50,0,0,25,153,25,4,120,287,2,518,50,20
"agent SwarmAgent #148",SwarmAgent,0.175,0,0.569,25,0,2,0,3,28,25,68,0,0,50,0,0,25,45,25,1,34,145,3,175,50,20
"agent SwarmAgent #149",SwarmAgent,0.311,0,0.569,25,0,2,0,2,76,25,73,0,0,50,0,0,25,96,25,0,66,284,0,311,50,20
"agent SwarmAgent #150",SwarmAgent,0.192,0,0.569,25,0,1,0,2,42,25,70,0,0,50,0,0,25,47,25,0,33,164,1,192,50,20
