agentName,agentType,averageSpeed,cumulatedUtilityReceived,freeWallRatio,numBacktrackAgents,numCFPAnswered,numDeadends,numDifferentEncounters,numDirectionChanges,numDownSteps,numForwardAgents,numLeftSteps,numMessagesReceived,numMessagesSent,numNegotiatingAgents,numProposalsAccepted,numProposalsRejected,numRandomAgents,numRightSteps,numSwarmAgents,numTotalEncounters,numUpSteps,numVisitedCells,startingPosition,stepsToExit,xsize,ysize
"agent BacktrackAgent #1",BacktrackAgent,0.323,0,0.569,25,0,10,0,10,78,25,76,0,0,50,0,0,25,100,25,1528,69,260,0,323,50,20
"agent BacktrackAgent #2",BacktrackAgent,0.318,0,0.569,25,0,15,0,15,72,25,102,0,0,50,0,0,25,80,25,669,64,200,1,318,50,20
"agent BacktrackAgent #3",BacktrackAgent,0.248,0,0.569,25,0,7,0,7,50,25,59,0,0,50,0,0,25,82,25,812,57,208,2,248,50,20
"agent BacktrackAgent #4",BacktrackAgent,0.309,0,0.569,25,0,11,0,11,64,25,98,0,0,50,0,0,25,76,25,583,71,180,3,309,50,20
"agent BacktrackAgent #5",BacktrackAgent,0.239,0,0.569,25,0,4,0,4,60,25,52,0,0,50,0,0,25,76,25,943,51,218,0,239,50,20
"agent BacktrackAgent #6",BacktrackAgent,0.706,0,0.569,25,0,17,0,17,162,25,206,0,0,50,0,0,25,184,25,1056,154,394,1,706,50,20
"agent BacktrackAgent #7",BacktrackAgent,0.552,0,0.569,25,0,14,0,14,118,25,143,0,0,50,0,0,25,166,25,929,125,360,2,552,50,20
"agent BacktrackAgent #8",BacktrackAgent,0.097,0,0.569,25,0,5,0,5,16,25,40,0,0,50,0,0,25,18,25,354,23,74,3,97,50,20
"agent BacktrackAgent #9",BacktrackAgent,0.255,0,0.569,25,0,6,0,6,66,25,54,0,0,50,0,0,25,78,25,879,57,226,0,255,50,20
"agent BacktrackAgent #10",BacktrackAgent,0.564,0,0.569,25,0,13,0,13,129,25,168,0,0,50,0,0,25,146,25,989,121,323,1,564,50,20
"agent BacktrackAgent #11",BacktrackAgent,0.288,0,0.569,25,0,9,0,9,64,25,65,0,0,50,0,0,25,88,25,1007,71,228,2,288,50,20
"agent BacktrackAgent #12",BacktrackAgent,0.349,0,0.569,25,0,15,0,15,72,25,110,0,0,50,0,0,25,88,25,897,79,200,3,349,50,20
"agent BacktrackAgent #13",BacktrackAgent,0.287,0,0.569,25,0,8,0,8,70,25,66,0,0,50,0,0,25,90,25,1274,61,242,0,287,50,20
"agent BacktrackAgent #14",BacktrackAgent,0.742,0,0.569,25,0,21,0,21,168,25,218,0,0,50,0,0,25,196,25,1578,160,412,1,742,50,20
"agent BacktrackAgent #15",BacktrackAgent,0.654,0,0.569,25,0,20,0,20,138,25,174,0,0,50,0,0,25,197,25,776,145,411,2,654,50,20
"agent BacktrackAgent #16",BacktrackAgent,0.097,0,0.569,25,0,5,0,5,12,25,44,0,0,50,0,0,25,22,25,440,19,74,3,97,50,20
"agent BacktrackAgent #17",BacktrackAgent,0.243,0,0.569,25,0,5,0,5,56,25,58,0,0,50,0,0,25,82,25,888,47,220,0,243,50,20
"agent BacktrackAgent #18",BacktrackAgent,0.298,0,0.569,25,0,12,0,12,66,25,98,0,0,50,0,0,25,76,25,1200,58,190,1,298,50,20
"agent BacktrackAgent #19",BacktrackAgent,0.564,0,0.569,25,0,18,0,18,114,25,153,0,0,50,0,0,25,176,25,660,121,366,2,564,50,20
"agent BacktrackAgent #20",BacktrackAgent,0.741,0,0.569,25,0,18,0,18,160,25,218,0,0,50,0,0,25,196,25,1087,167,396,3,741,50,20
"agent BacktrackAgent #21",BacktrackAgent,0.619,0,0.569,25,0,18,0,18,136,25,166,0,0,50,0,0,25,190,25,1464,127,408,0,619,50,20
"agent BacktrackAgent #22",BacktrackAgent,0.71,0,0.569,25,0,18,0,18,160,25,210,0,0,50,0,0,25,188,25,1055,152,396,1,710,50,20
"agent BacktrackAgent #23",BacktrackAgent,0.212,0,0.569,25,0,5,0,5,40,25,51,0,0,50,0,0,25,74,25,663,47,190,2,212,50,20
"agent BacktrackAgent #24",BacktrackAgent,0.537,0,0.569,25,0,13,0,13,112,25,164,0,0,50,0,0,25,142,25,655,119,294,3,537,50,20
"agent BacktrackAgent #25",BacktrackAgent,0.247,0,0.569,25,0,4,0,4,58,25,58,0,0,50,0,0,25,82,25,1031,49,222,0,247,50,20
"agent ForwardAgent #26",ForwardAgent,0.22,0,0.569,25,0,4,0,4,49,25,76,0,0,50,0,0,25,54,25,532,41,139,1,220,50,20
"agent ForwardAgent #27",ForwardAgent,3.146,0,0.569,25,0,59,0,59,706,25,852,0,0,50,0,0,25,875,25,1309,713,396,2,3146,50,20
"agent ForwardAgent #28",ForwardAgent,1.141,0,0.569,25,0,28,0,28,242,25,336,0,0,50,0,0,25,314,25,731,249,302,3,1141,50,20
"agent ForwardAgent #29",ForwardAgent,2.179,0,0.569,25,0,38,0,38,466,25,616,0,0,50,0,0,25,640,25,2188,457,352,0,2179,50,20
"agent ForwardAgent #30",ForwardAgent,0.688,0,0.569,25,0,13,0,13,139,25,220,0,0,50,0,0,25,198,25,754,131,144,1,688,50,20
"agent ForwardAgent #31",ForwardAgent,1.048,0,0.569,25,0,20,0,20,230,25,279,0,0,50,0,0,25,302,25,914,237,306,2,1048,50,20
"agent ForwardAgent #32",ForwardAgent,3.897,0,0.569,25,0,101,0,101,846,25,1110,0,0,50,0,0,25,1088,25,1516,853,414,3,3897,50,20
"agent ForwardAgent #33",ForwardAgent,3.935,0,0.569,25,0,109,0,109,830,25,1130,0,0,50,0,0,25,1154,25,1741,821,396,0,3935,50,20
"agent ForwardAgent #34",ForwardAgent,0.33,0,0.569,25,0,14,0,14,68,25,112,0,0,50,0,0,25,90,25,573,60,182,1,330,50,20
"agent ForwardAgent #35",ForwardAgent,2.484,0,0.569,25,0,51,0,51,550,25,677,0,0,50,0,0,25,700,25,1039,557,356,2,2484,50,20
"agent ForwardAgent #36",ForwardAgent,1.613,0,0.569,25,0,59,0,59,352,25,462,0,0,50,0,0,25,440,25,914,359,390,3,1613,50,20
"agent ForwardAgent #37",ForwardAgent,2.927,0,0.569,25,0,61,0,61,654,25,802,0,0,50,0,0,25,826,25,1345,645,404,0,2927,50,20
"agent ForwardAgent #38",ForwardAgent,4.094,0,0.569,25,0,81,0,81,866,25,1196,0,0,50,0,0,25,1174,25,1314,858,382,1,4094,50,20
"agent ForwardAgent #39",ForwardAgent,1.14,0,0.569,25,0,31,0,31,236,25,319,0,0,50,0,0,25,342,25,1046,243,384,2,1140,50,20
"agent ForwardAgent #40",ForwardAgent,0.609,0,0.569,25,0,12,0,12,116,25,196,0,0,50,0,0,25,174,25,502,123,244,3,609,50,20
"agent ForwardAgent #41",ForwardAgent,0.327,0,0.569,25,0,5,0,5,74,25,82,0,0,50,0,0,25,106,25,844,65,232,0,327,50,20
"agent ForwardAgent #42",ForwardAgent,0.246,0,0.569,25,0,4,0,4,48,25,90,0,0,50,0,0,25,68,25,301,40,128,1,246,50,20
"agent ForwardAgent #43",ForwardAgent,0.248,0,0.569,25,0,5,0,5,46,25,63,0,0,50,0,0,25,86,25,373,53,202,2,248,50,20
"agent ForwardAgent #44",ForwardAgent,0.277,0,0.569,25,0,7,0,7,50,25,96,0,0,50,0,0,25,74,25,466,57,164,3,277,50,20
"agent ForwardAgent #45",ForwardAgent,3.575,0,0.569,25,0,79,0,79,772,25,1008,0,0,50,0,0,25,1032,25,1582,763,318,0,3575,50,20
"agent ForwardAgent #46",ForwardAgent,5.448,0,0.569,25,0,156,0,156,1185,25,1554,0,0,50,0,0,25,1532,25,1693,1177,420,1,5448,50,20
"agent ForwardAgent #47",ForwardAgent,3.736,0,0.569,25,0,72,0,72,816,25,1037,0,0,50,0,0,25,1060,25,1821,823,380,2,3736,50,20
"agent ForwardAgent #48",ForwardAgent,2.765,0,0.569,25,0,66,0,66,612,25,778,0,0,50,0,0,25,756,25,917,619,408,3,2765,50,20
"agent ForwardAgent #49",ForwardAgent,2.823,0,0.569,25,0,81,0,81,624,25,780,0,0,50,0,0,25,804,25,1445,615,384,0,2823,50,20
"agent ForwardAgent #50",ForwardAgent,0.884,0,0.569,25,0,37,0,37,205,25,252,0,0,50,0,0,25,230,25,542,197,242,1,884,50,20
"agent RandomAgent #51",RandomAgent,146.934,0,0.569,25,0,2964,0,73631,31036,25,42416,0,0,50,0,0,25,42439,25,12885,31043,247,2,146934,50,20
"agent RandomAgent #52",RandomAgent,55.591,0,0.569,25,0,965,0,27775,11863,25,15940,0,0,50,0,0,25,15918,25,8545,11870,334,3,55591,50,20
"agent RandomAgent #53",RandomAgent,40.559,0,0.569,25,0,603,0,20310,8439,25,11833,0,0,50,0,0,25,11857,25,6841,8430,271,0,40559,50,20
"agent RandomAgent #54",RandomAgent,18.918,0,0.569,25,0,425,0,9467,3893,25,5581,0,0,50,0,0,25,5559,25,2758,3885,281,1,18918,50,20
"agent RandomAgent #55",RandomAgent,30.582,0,0.569,25,0,731,0,15079,6070,25,9206,0,0,50,0,0,25,9229,25,6016,6077,269,2,30582,50,20
"agent RandomAgent #56",RandomAgent,25.063,0,0.569,25,0,821,0,12599,5536,25,7003,0,0,50,0,0,25,6981,25,1450,5543,271,3,25063,50,20
"agent RandomAgent #57",RandomAgent,43.107,0,0.569,25,0,1034,0,21585,9369,25,12177,0,0,50,0,0,25,12201,25,7530,9360,256,0,43107,50,20
"agent RandomAgent #58",RandomAgent,23.744,0,0.569,25,0,1225,0,11776,5257,25,6630,0,0,50,0,0,25,6608,25,2012,5249,200,1,23744,50,20
"agent RandomAgent #59",RandomAgent,6.302,0,0.569,25,0,83,0,3169,1310,25,1826,0,0,50,0,0,25,1849,25,1075,1317,274,2,6302,50,20
"agent RandomAgent #60",RandomAgent,50.315,0,0.569,25,0,1199,0,25052,11227,25,13938,0,0,50,0,0,25,13916,25,3856,11234,410,3,50315,50,20
"agent RandomAgent #61",RandomAgent,35.919,0,0.569,25,0,647,0,17830,8657,25,9295,0,0,50,0,0,25,9319,25,2933,8648,286,0,35919,50,20
"agent RandomAgent #62",RandomAgent,6.052,0,0.569,25,0,102,0,3021,1067,25,1974,0,0,50,0,0,25,1952,25,740,1059,142,1,6052,50,20
"agent RandomAgent #63",RandomAgent,164.674,0,0.569,25,0,3704,0,82796,36096,25,46226,0,0,50,0,0,25,46249,25,5881,36103,262,2,164674,50,20
"agent RandomAgent #64",RandomAgent,18.461,0,0.569,25,0,300,0,9223,3972,25,5266,0,0,50,0,0,25,5244,25,851,3979,217,3,18461,50,20
"agent RandomAgent #65",RandomAgent,27.247,0,0.569,25,0,516,0,13740,5327,25,8289,0,0,50,0,0,25,8313,25,2726,5318,246,0,27247,50,20
"agent RandomAgent #66",RandomAgent,23.278,0,0.569,25,0,882,0,11889,4645,25,7009,0,0,50,0,0,25,6987,25,803,4637,184,1,23278,50,20
"agent RandomAgent #67",RandomAgent,11.758,0,0.569,25,0,135,0,5841,2786,25,3078,0,0,50,0,0,25,3101,25,1302,2793,224,2,11758,50,20
"agent RandomAgent #68",RandomAgent,1.989,0,0.569,25,0,35,0,1011,339,25,663,0,0,50,0,0,25,641,25,255,346,64,3,1989,50,20
"agent RandomAgent #69",RandomAgent,79.375,0,0.569,25,0,1650,0,39702,17236,25,22444,0,0,50,0,0,25,22468,25,2895,17227,271,0,79375,50,20
"agent RandomAgent #70",RandomAgent,25.574,0,0.569,25,0,777,0,12935,5576,25,7226,0,0,50,0,0,25,7204,25,855,5568,278,1,25574,50,20
"agent RandomAgent #71",RandomAgent,37.492,0,0.569,25,0,765,0,18865,7429,25,11302,0,0,50,0,0,25,11325,25,782,7436,337,2,37492,50,20
"agent RandomAgent #72",RandomAgent,2.189,0,0.569,25,0,44,0,1104,423,25,679,0,0,50,0,0,25,657,25,63,430,72,3,2189,50,20
"agent RandomAgent #73",RandomAgent,112.605,0,0.569,25,0,2930,0,56385,24187,25,32108,0,0,50,0,0,25,32132,25,445,24178,400,0,112605,50,20
"agent RandomAgent #74",RandomAgent,14.446,0,0.569,25,0,300,0,7145,2885,25,4353,0,0,50,0,0,25,4331,25,44,2877,187,1,14446,50,20
"agent RandomAgent #75",RandomAgent,107.542,0,0.569,25,0,2111,0,54086,25060,25,28696,0,0,50,0,0,25,28719,25,118,25067,249,2,107542,50,20
"agent NegotiatingAgent #76",NegotiatingAgent,0.557,3212,0.569,25,45,5,0,7,108,25,178,231,257,50,42,7,25,156,25,350,115,304,3,557,50,20
"agent NegotiatingAgent #77",NegotiatingAgent,0.251,1276,0.569,25,28,7,0,7,62,25,56,162,171,50,24,9,25,80,25,493,53,224,0,251,50,20
"agent NegotiatingAgent #78",NegotiatingAgent,0.238,154,0.569,25,10,6,0,6,54,25,80,50,87,50,6,6,25,58,25,163,46,160,1,238,50,20
"agent NegotiatingAgent #79",NegotiatingAgent,0.266,1308,0.569,25,23,4,0,4,58,25,60,147,170,50,27,4,25,83,25,211,65,217,2,266,50,20
"agent NegotiatingAgent #80",NegotiatingAgent,0.049,0,0.569,25,8,0,0,0,4,25,28,34,40,50,0,7,25,6,25,103,11,50,3,49,50,20
"agent NegotiatingAgent #81",NegotiatingAgent,0.203,592,0.569,25,12,2,0,2,50,25,44,142,132,50,29,9,25,68,25,350,41,200,0,203,50,20
"agent NegotiatingAgent #82",NegotiatingAgent,0.458,1938,0.569,25,26,5,0,6,112,25,132,184,206,50,34,9,25,110,25,280,104,270,1,458,50,20
"agent NegotiatingAgent #83",NegotiatingAgent,0.264,611,0.569,25,18,9,0,9,54,25,63,61,73,50,4,2,25,86,25,132,61,216,2,264,50,20
"agent NegotiatingAgent #84",NegotiatingAgent,0.089,4,0.569,25,3,4,0,4,12,25,40,38,35,50,1,13,25,18,25,169,19,70,3,89,50,20
"agent NegotiatingAgent #85",NegotiatingAgent,0.411,2188,0.569,25,29,3,0,4,90,25,108,234,331,50,45,25,25,132,25,814,81,304,0,411,50,20
"agent NegotiatingAgent #86",NegotiatingAgent,0.088,0,0.569,25,1,1,0,1,23,25,36,26,30,50,0,11,25,14,25,293,15,85,1,88,50,20
"agent NegotiatingAgent #87",NegotiatingAgent,0.386,1129,0.569,25,20,3,0,4,72,25,106,261,293,50,71,8,25,129,25,214,79,277,2,386,50,20
"agent NegotiatingAgent #88",NegotiatingAgent,0.285,188,0.569,25,3,6,0,6,60,25,90,116,142,50,33,15,25,68,25,351,67,168,3,285,50,20
"agent NegotiatingAgent #89",NegotiatingAgent,0.279,1312,0.569,25,20,7,0,7,64,25,68,176,178,50,35,9,25,92,25,332,55,238,0,279,50,20
"agent NegotiatingAgent #90",NegotiatingAgent,0.116,0,0.569,25,2,3,0,3,25,25,48,36,54,50,4,6,25,26,25,211,17,99,1,116,50,20
"agent NegotiatingAgent #91",NegotiatingAgent,0.372,370,0.569,25,4,6,0,7,77,25,94,141,173,50,42,9,25,117,25,119,84,270,2,372,50,20
"agent NegotiatingAgent #92",NegotiatingAgent,0.057,0,0.569,25,0,1,0,1,8,25,28,25,32,50,0,9,25,6,25,80,15,54,3,57,50,20
"agent NegotiatingAgent #93",NegotiatingAgent,0.399,2700,0.569,25,33,4,0,5,86,25,106,235,264,50,44,6,25,130,25,412,77,298,0,399,50,20
"agent NegotiatingAgent #94",NegotiatingAgent,0.474,372,0.569,25,4,7,0,8,118,25,134,157,204,50,45,12,25,112,25,177,110,278,1,474,50,20
"agent NegotiatingAgent #95",NegotiatingAgent,0.404,2253,0.569,25,23,5,0,6,85,25,102,268,273,50,59,13,25,125,25,231,92,286,2,404,50,20
"agent NegotiatingAgent #96",NegotiatingAgent,0.489,363,0.569,25,4,6,0,7,110,25,142,135,314,50,31,11,25,120,25,284,117,270,3,489,50,20
"agent NegotiatingAgent #97",NegotiatingAgent,0.381,0,0.569,25,0,6,0,8,85,25,98,422,366,50,134,10,25,122,25,251,76,289,0,381,50,20
"agent NegotiatingAgent #98",NegotiatingAgent,0.08,0,0.569,25,0,0,0,0,19,25,36,28,47,50,0,12,25,14,25,192,11,81,1,80,50,20
"agent NegotiatingAgent #99",NegotiatingAgent,0.26,0,0.569,25,0,8,0,8,52,25,63,81,145,50,25,6,25,86,25,108,59,214,2,260,50,20
"agent NegotiatingAgent #100",NegotiatingAgent,0.049,0,0.569,25,8,0,0,0,4,25,28,14,34,50,0,0,25,6,25,78,11,50,3,49,50,20
"agent NegotiatingAgent #101",NegotiatingAgent,0.251,4663,0.569,25,118,4,0,4,60,25,58,254,223,50,0,0,25,82,25,495,51,224,0,251,50,20
"agent NegotiatingAgent #102",NegotiatingAgent,0.572,1718,0.569,25,47,14,0,14,133,25,168,98,215,50,0,0,25,146,25,428,125,327,1,572,50,20
"agent NegotiatingAgent #103",NegotiatingAgent,0.282,3111,0.569,25,79,6,0,6,62,25,64,195,200,50,8,1,25,87,25,379,69,225,2,282,50,20
"agent NegotiatingAgent #104",NegotiatingAgent,0.105,66,0.569,25,13,6,0,6,16,25,44,27,31,50,0,2,25,22,25,108,23,78,3,105,50,20
"agent NegotiatingAgent #105",NegotiatingAgent,0.303,2967,0.569,25,82,8,0,8,72,25,72,192,203,50,3,1,25,96,25,331,63,250,0,303,50,20
"agent NegotiatingAgent #106",NegotiatingAgent,0.096,404,0.569,25,39,2,0,2,23,25,40,74,78,50,0,0,25,18,25,178,15,89,1,96,50,20
"agent NegotiatingAgent #107",NegotiatingAgent,0.28,2112,0.569,25,46,6,0,6,60,25,65,192,194,50,32,0,25,88,25,317,67,224,2,280,50,20
"agent NegotiatingAgent #108",NegotiatingAgent,0.697,3107,0.569,25,52,17,0,17,148,25,208,108,223,50,2,1,25,186,25,305,155,374,3,697,50,20
"agent NegotiatingAgent #109",NegotiatingAgent,0.259,1883,0.569,25,73,3,0,3,60,25,62,231,183,50,15,10,25,86,25,418,51,228,0,259,50,20
"agent NegotiatingAgent #110",NegotiatingAgent,0.522,5229,0.569,25,78,13,0,14,126,25,150,182,239,50,10,0,25,128,25,364,118,302,1,522,50,20
"agent NegotiatingAgent #111",NegotiatingAgent,0.278,1508,0.569,25,43,6,0,6,64,25,60,166,153,50,21,2,25,83,25,293,71,223,2,278,50,20
"agent NegotiatingAgent #112",NegotiatingAgent,0.621,3609,0.569,25,59,12,0,13,130,25,188,178,228,50,16,2,25,166,25,294,137,336,3,621,50,20
"agent NegotiatingAgent #113",NegotiatingAgent,0.199,2057,0.569,25,54,1,0,1,48,25,44,193,169,50,18,5,25,68,25,383,39,198,0,199,50,20
"agent NegotiatingAgent #114",NegotiatingAgent,0.512,1679,0.569,25,30,7,0,7,115,25,156,153,222,50,31,7,25,134,25,312,107,297,1,512,50,20
"agent NegotiatingAgent #115",NegotiatingAgent,0.206,3507,0.569,25,92,2,0,2,38,25,50,181,190,50,0,0,25,73,25,275,45,187,2,206,50,20
"agent NegotiatingAgent #116",NegotiatingAgent,0.505,997,0.569,25,29,9,0,9,106,25,154,98,201,50,12,5,25,132,25,266,113,278,3,505,50,20
"agent NegotiatingAgent #117",NegotiatingAgent,0.575,2231,0.569,25,47,14,0,14,130,25,150,247,271,50,43,2,25,174,25,374,121,386,0,575,50,20
"agent NegotiatingAgent #118",NegotiatingAgent,0.104,0,0.569,25,10,2,0,2,21,25,46,43,51,50,4,4,25,24,25,151,13,93,1,104,50,20
"agent NegotiatingAgent #119",NegotiatingAgent,0.576,5293,0.569,25,65,15,0,15,124,25,149,250,293,50,36,0,25,172,25,400,131,372,2,576,50,20
"agent NegotiatingAgent #120",NegotiatingAgent,0.289,1709,0.569,25,37,7,0,8,60,25,92,114,139,50,6,9,25,70,25,183,67,170,3,289,50,20
"agent NegotiatingAgent #121",NegotiatingAgent,0.369,8660,0.569,25,113,7,0,8,81,25,96,334,336,50,26,5,25,120,25,428,72,283,0,369,50,20
"agent NegotiatingAgent #122",NegotiatingAgent,0.618,3134,0.569,25,50,10,0,10,138,25,186,210,284,50,36,6,25,164,25,302,130,350,1,618,50,20
"agent NegotiatingAgent #123",NegotiatingAgent,0.238,2189,0.569,25,31,3,0,3,52,25,52,137,156,50,19,5,25,75,25,289,59,203,2,238,50,20
"agent NegotiatingAgent #124",NegotiatingAgent,0.449,1144,0.569,25,24,6,0,6,96,25,136,98,176,50,9,13,25,114,25,243,103,250,3,449,50,20
"agent NegotiatingAgent #125",NegotiatingAgent,0.423,3268,0.569,25,68,3,0,4,90,25,114,258,273,50,33,10,25,138,25,642,81,310,0,423,50,20
"agent SwarmAgent #126",SwarmAgent,0.51,0,0.569,25,0,5,0,6,108,25,162,0,0,50,0,0,25,140,25,615,100,296,1,510,50,20
"agent SwarmAgent #127",SwarmAgent,0.232,0,0.569,25,0,2,0,2,48,25,53,0,0,50,0,0,25,76,25,665,55,200,2,232,50,20
"agent SwarmAgent #128",SwarmAgent,0.385,0,0.569,25,0,3,0,4,72,25,128,0,0,50,0,0,25,106,25,78,79,218,3,385,50,20
"agent SwarmAgent #129",SwarmAgent,0.255,0,0.569,25,0,1,0,2,56,25,64,0,0,50,0,0,25,88,25,764,47,226,0,255,50,20
"agent SwarmAgent #130",SwarmAgent,0.372,0,0.569,25,0,1,0,2,81,25,120,0,0,50,0,0,25,98,25,222,73,227,1,372,50,20
"agent SwarmAgent #131",SwarmAgent,0.288,0,0.569,25,0,2,0,3,56,25,73,0,0,50,0,0,25,96,25,511,63,228,2,288,50,20
"agent SwarmAgent #132",SwarmAgent,0.229,0,0.569,25,0,2,0,2,42,25,80,0,0,50,0,0,25,58,25,202,49,140,3,229,50,20
"agent SwarmAgent #133",SwarmAgent,0.255,0,0.569,25,0,1,0,2,56,25,64,0,0,50,0,0,25,88,25,504,47,226,0,255,50,20
"agent SwarmAgent #134",SwarmAgent,0.084,0,0.569,25,0,1,0,1,21,25,36,0,0,50,0,0,25,14,25,95,13,83,1,84,50,20
"agent SwarmAgent #135",SwarmAgent,0.264,0,0.569,25,0,3,0,4,50,25,67,0,0,50,0,0,25,90,25,28,57,216,2,264,50,20
"agent SwarmAgent #136",SwarmAgent,0.089,0,0.569,25,0,4,0,4,12,25,40,0,0,50,0,0,25,18,25,21,19,70,3,89,50,20
"agent SwarmAgent #137",SwarmAgent,0.203,0,0.569,25,0,1,0,1,50,25,44,0,0,50,0,0,25,68,25,98,41,200,0,203,50,20
"agent SwarmAgent #138",SwarmAgent,0.368,0,0.569,25,0,0,0,1,79,25,120,0,0,50,0,0,25,98,25,399,71,225,1,368,50,20
"agent SwarmAgent #139",SwarmAgent,0.288,0,0.569,25,0,2,0,3,56,25,73,0,0,50,0,0,25,96,25,208,63,228,2,288,50,20
"agent SwarmAgent #140",SwarmAgent,0.093,0,0.569,25,0,4,0,4,12,25,42,0,0,50,0,0,25,20,25,2,19,72,3,93,50,20
"agent SwarmAgent #141",SwarmAgent,0.229,0,0.569,25,0,1,0,2,54,25,53,0,0,50,0,0,25,77,25,317,45,213,0,229,50,20
"agent SwarmAgent #142",SwarmAgent,0.368,0,0.569,25,0,0,0,1,79,25,120,0,0,50,0,0,25,98,25,28,71,225,1,368,50,20
"agent SwarmAgent #143",SwarmAgent,0.23,0,0.569,25,0,2,0,2,48,25,52,0,0,50,0,0,25,75,25,86,55,199,2,230,50,20
"agent SwarmAgent #144",SwarmAgent,0.509,0,0.569,25,0,1,0,2,102,25,160,0,0,50,0,0,25,138,25,209,109,280,3,509,50,20
"agent SwarmAgent #145",SwarmAgent,0.285,0,0.569,25,0,1,0,3,62,25,73,0,0,50,0,0,25,97,25,106,53,241,0,285,50,20
"agent SwarmAgent #146",SwarmAgent,0.514,0,0.569,25,0,4,0,5,112,25,160,0,0,50,0,0,25,138,25,5,104,298,1,514,50,20
"agent SwarmAgent #147",SwarmAgent,0.198,0,0.569,25,0,1,0,1,38,25,46,0,0,50,0,0,25,69,25,79,45,183,2,198,50,20
"agent SwarmAgent #148",SwarmAgent,0.221,0,0.569,25,0,1,0,1,42,25,76,0,0,50,0,0,25,54,25,3,49,136,3,221,50,20
"agent SwarmAgent #149",SwarmAgent,0.253,0,0.569,25,0,0,0,2,54,25,65,0,0,50,0,0,25,89,25,1,45,225,0,253,50,20
"agent SwarmAgent #150",SwarmAgent,0.4,0,0.569,25,0,2,0,3,85,25,130,0,0,50,0,0,25,108,25,0,77,241,1,400,50,20
