agentName,agentType,averageSpeed,cumulatedUtilityReceived,freeWallRatio,numBacktrackAgents,numCFPAnswered,numDeadends,numDifferentEncounters,numDirectionChanges,numDownSteps,numForwardAgents,numLeftSteps,numMessagesReceived,numMessagesSent,numNegotiatingAgents,numProposalsAccepted,numProposalsRejected,numRandomAgents,numRightSteps,numSwarmAgents,numTotalEncounters,numUpSteps,numVisitedCells,startingPosition,stepsToExit,xsize,ysize
"agent BacktrackAgent #1",BacktrackAgent,0.514,0,0.569,50,0,14,0,14,130,50,120,0,0,50,0,0,50,144,50,2914,120,345,0,514,50,20
"agent BacktrackAgent #2",BacktrackAgent,0.047,0,0.569,50,0,0,0,0,13,50,26,0,0,50,0,0,50,4,50,371,4,48,1,47,50,20
"agent BacktrackAgent #3",BacktrackAgent,0.41,0,0.569,50,0,10,0,10,90,50,100,0,0,50,0,0,50,124,50,1830,96,277,2,410,50,20
"agent BacktrackAgent #4",BacktrackAgent,0.588,0,0.569,50,0,14,0,14,142,50,160,0,0,50,0,0,50,138,50,863,148,329,3,588,50,20
"agent BacktrackAgent #5",BacktrackAgent,0.218,0,0.569,50,0,4,0,4,50,50,52,0,0,50,0,0,50,76,50,1615,40,197,0,218,50,20
"agent BacktrackAgent #6",BacktrackAgent,0.169,0,0.569,50,0,7,0,7,40,50,60,0,0,50,0,0,50,38,50,722,31,109,1,169,50,20
"agent BacktrackAgent #7",BacktrackAgent,0.562,0,0.569,50,0,17,0,17,134,50,132,0,0,50,0,0,50,156,50,1229,140,353,2,562,50,20
"agent BacktrackAgent #8",BacktrackAgent,0.132,0,0.569,50,0,5,0,5,22,50,52,0,0,50,0,0,50,30,50,702,28,101,3,132,50,20
"agent BacktrackAgent #9",BacktrackAgent,0.198,0,0.569,50,0,2,0,2,48,50,44,0,0,50,0,0,50,68,50,1836,38,187,0,198,50,20
"agent BacktrackAgent #10",BacktrackAgent,0.075,0,0.569,50,0,3,0,3,17,50,36,0,0,50,0,0,50,14,50,474,8,62,1,75,50,20
"agent BacktrackAgent #11",BacktrackAgent,0.314,0,0.569,50,0,9,0,9,76,50,66,0,0,50,0,0,50,90,50,1850,82,229,2,314,50,20
"agent BacktrackAgent #12",BacktrackAgent,0.068,0,0.569,50,0,0,0,0,12,50,30,0,0,50,0,0,50,8,50,604,18,69,3,68,50,20
"agent BacktrackAgent #13",BacktrackAgent,0.19,0,0.569,50,0,1,0,1,46,50,42,0,0,50,0,0,50,66,50,2403,36,183,0,190,50,20
"agent BacktrackAgent #14",BacktrackAgent,0.057,0,0.569,50,0,1,0,1,14,50,30,0,0,50,0,0,50,8,50,595,5,53,1,57,50,20
"agent BacktrackAgent #15",BacktrackAgent,0.302,0,0.569,50,0,7,0,7,62,50,74,0,0,50,0,0,50,98,50,1578,68,223,2,302,50,20
"agent BacktrackAgent #16",BacktrackAgent,0.64,0,0.569,50,0,18,0,18,150,50,178,0,0,50,0,0,50,156,50,1741,156,355,3,640,50,20
"agent BacktrackAgent #17",BacktrackAgent,0.178,0,0.569,50,0,1,0,1,46,50,36,0,0,50,0,0,50,60,50,2153,36,177,0,178,50,20
"agent BacktrackAgent #18",BacktrackAgent,0.561,0,0.569,50,0,13,0,13,140,50,156,0,0,50,0,0,50,134,50,1125,131,305,1,561,50,20
"agent BacktrackAgent #19",BacktrackAgent,0.45,0,0.569,50,0,15,0,15,108,50,102,0,0,50,0,0,50,126,50,1713,114,297,2,450,50,20
"agent BacktrackAgent #20",BacktrackAgent,0.12,0,0.569,50,0,4,0,4,22,50,46,0,0,50,0,0,50,24,50,814,28,95,3,120,50,20
"agent BacktrackAgent #21",BacktrackAgent,0.378,0,0.569,50,0,10,0,10,100,50,82,0,0,50,0,0,50,106,50,2502,90,277,0,378,50,20
"agent BacktrackAgent #22",BacktrackAgent,0.589,0,0.569,50,0,16,0,16,144,50,166,0,0,50,0,0,50,144,50,1042,135,319,1,589,50,20
"agent BacktrackAgent #23",BacktrackAgent,0.31,0,0.569,50,0,8,0,8,74,50,66,0,0,50,0,0,50,90,50,1422,80,227,2,310,50,20
"agent BacktrackAgent #24",BacktrackAgent,0.1,0,0.569,50,0,4,0,4,18,50,40,0,0,50,0,0,50,18,50,511,24,85,3,100,50,20
"agent BacktrackAgent #25",BacktrackAgent,0.298,0,0.569,50,0,4,0,4,74,50,68,0,0,50,0,0,50,92,50,2435,64,237,0,298,50,20
"agent BacktrackAgent #26",BacktrackAgent,0.589,0,0.569,50,0,16,0,16,144,50,166,0,0,50,0,0,50,144,50,979,135,319,1,589,50,20
"agent BacktrackAgent #27",BacktrackAgent,0.574,0,0.569,50,0,17,0,17,134,50,138,0,0,50,0,0,50,162,50,1920,140,359,2,574,50,20
"agent BacktrackAgent #28",BacktrackAgent,0.652,0,0.569,50,0,19,0,19,152,50,182,0,0,50,0,0,50,160,50,1495,158,361,3,652,50,20
"agent BacktrackAgent #29",BacktrackAgent,0.498,0,0.569,50,0,13,0,13,128,50,114,0,0,50,0,0,50,138,50,2550,118,337,0,498,50,20
"agent BacktrackAgent #30",BacktrackAgent,0.131,0,0.569,50,0,3,0,3,35,50,46,0,0,50,0,0,50,24,50,733,26,90,1,131,50,20
"agent BacktrackAgent #31",BacktrackAgent,0.578,0,0.569,50,0,18,0,18,136,50,138,0,0,50,0,0,50,162,50,1660,142,361,2,578,50,20
"agent BacktrackAgent #32",BacktrackAgent,0.068,0,0.569,50,0,0,0,0,12,50,30,0,0,50,0,0,50,8,50,525,18,69,3,68,50,20
"agent BacktrackAgent #33",BacktrackAgent,0.298,0,0.569,50,0,4,0,4,74,50,68,0,0,50,0,0,50,92,50,2192,64,237,0,298,50,20
"agent BacktrackAgent #34",BacktrackAgent,0.673,0,0.569,50,0,19,0,19,166,50,186,0,0,50,0,0,50,164,50,1139,157,361,1,673,50,20
"agent BacktrackAgent #35",BacktrackAgent,0.41,0,0.569,50,0,10,0,10,90,50,100,0,0,50,0,0,50,124,50,1680,96,277,2,410,50,20
"agent BacktrackAgent #36",BacktrackAgent,0.64,0,0.569,50,0,18,0,18,150,50,178,0,0,50,0,0,50,156,50,1184,156,355,3,640,50,20
"agent BacktrackAgent #37",BacktrackAgent,0.546,0,0.569,50,0,18,0,18,136,50,130,0,0,50,0,0,50,154,50,2284,126,361,0,546,50,20
"agent BacktrackAgent #38",BacktrackAgent,0.579,0,0.569,50,0,15,0,15,143,50,162,0,0,50,0,0,50,140,50,1600,134,314,1,579,50,20
"agent BacktrackAgent #39",BacktrackAgent,0.31,0,0.569,50,0,8,0,8,74,50,66,0,0,50,0,0,50,90,50,1166,80,227,2,310,50,20
"agent BacktrackAgent #40",BacktrackAgent,0.612,0,0.569,50,0,16,0,16,144,50,170,0,0,50,0,0,50,148,50,1103,150,341,3,612,50,20
"agent BacktrackAgent #41",BacktrackAgent,0.334,0,0.569,50,0,8,0,8,80,50,80,0,0,50,0,0,50,104,50,2540,70,255,0,334,50,20
"agent BacktrackAgent #42",BacktrackAgent,0.589,0,0.569,50,0,16,0,16,144,50,166,0,0,50,0,0,50,144,50,797,135,319,1,589,50,20
"agent BacktrackAgent #43",BacktrackAgent,0.342,0,0.569,50,0,12,0,12,80,50,76,0,0,50,0,0,50,100,50,1124,86,243,2,342,50,20
"agent BacktrackAgent #44",BacktrackAgent,0.116,0,0.569,50,0,3,0,3,20,50,46,0,0,50,0,0,50,24,50,752,26,93,3,116,50,20
"agent BacktrackAgent #45",BacktrackAgent,0.314,0,0.569,50,0,5,0,5,76,50,74,0,0,50,0,0,50,98,50,1982,66,245,0,314,50,20
"agent BacktrackAgent #46",BacktrackAgent,0.159,0,0.569,50,0,6,0,6,39,50,56,0,0,50,0,0,50,34,50,617,30,104,1,159,50,20
"agent BacktrackAgent #47",BacktrackAgent,0.298,0,0.569,50,0,6,0,6,60,50,74,0,0,50,0,0,50,98,50,1392,66,221,2,298,50,20
"agent BacktrackAgent #48",BacktrackAgent,0.576,0,0.569,50,0,13,0,13,140,50,156,0,0,50,0,0,50,134,50,1051,146,323,3,576,50,20
"agent BacktrackAgent #49",BacktrackAgent,0.21,0,0.569,50,0,4,0,4,50,50,48,0,0,50,0,0,50,72,50,2200,40,193,0,210,50,20
"agent BacktrackAgent #50",BacktrackAgent,0.635,0,0.569,50,0,15,0,15,161,50,172,0,0,50,0,0,50,150,50,888,152,342,1,635,50,20
"agent ForwardAgent #51",ForwardAgent,1.578,0,0.569,50,0,43,0,43,372,50,402,0,0,50,0,0,50,426,50,2235,378,333,2,1578,50,20
"agent ForwardAgent #52",ForwardAgent,0.324,0,0.569,50,0,7,0,7,80,50,90,0,0,50,0,0,50,68,50,801,86,125,3,324,50,20
"agent ForwardAgent #53",ForwardAgent,0.362,0,0.569,50,0,9,0,9,86,50,88,0,0,50,0,0,50,112,50,1956,76,255,0,362,50,20
"agent ForwardAgent #54",ForwardAgent,0.417,0,0.569,50,0,9,0,9,104,50,120,0,0,50,0,0,50,98,50,650,95,209,1,417,50,20
"agent ForwardAgent #55",ForwardAgent,1.762,0,0.569,50,0,46,0,46,418,50,448,0,0,50,0,0,50,472,50,2332,424,277,2,1762,50,20
"agent ForwardAgent #56",ForwardAgent,1.256,0,0.569,50,0,31,0,31,306,50,330,0,0,50,0,0,50,308,50,1491,312,345,3,1256,50,20
"agent ForwardAgent #57",ForwardAgent,0.23,0,0.569,50,0,2,0,2,54,50,54,0,0,50,0,0,50,78,50,1275,44,179,0,230,50,20
"agent ForwardAgent #58",ForwardAgent,0.057,0,0.569,50,0,1,0,1,14,50,30,0,0,50,0,0,50,8,50,381,5,53,1,57,50,20
"agent ForwardAgent #59",ForwardAgent,2.254,0,0.569,50,0,74,0,74,574,50,538,0,0,50,0,0,50,562,50,2407,580,355,2,2254,50,20
"agent ForwardAgent #60",ForwardAgent,0.084,0,0.569,50,0,1,0,1,12,50,38,0,0,50,0,0,50,16,50,346,18,77,3,84,50,20
"agent ForwardAgent #61",ForwardAgent,2.482,0,0.569,50,0,59,0,59,604,50,630,0,0,50,0,0,50,654,50,2856,594,359,0,2482,50,20
"agent ForwardAgent #62",ForwardAgent,1.103,0,0.569,50,0,33,0,33,261,50,306,0,0,50,0,0,50,284,50,1321,252,285,1,1103,50,20
"agent ForwardAgent #63",ForwardAgent,0.238,0,0.569,50,0,5,0,5,56,50,48,0,0,50,0,0,50,72,50,621,62,189,2,238,50,20
"agent ForwardAgent #64",ForwardAgent,0.348,0,0.569,50,0,10,0,10,84,50,98,0,0,50,0,0,50,76,50,942,90,123,3,348,50,20
"agent ForwardAgent #65",ForwardAgent,4.034,0,0.569,50,0,117,0,117,1046,50,964,0,0,50,0,0,50,988,50,3647,1036,341,0,4034,50,20
"agent ForwardAgent #66",ForwardAgent,0.103,0,0.569,50,0,3,0,3,25,50,42,0,0,50,0,0,50,20,50,368,16,75,1,103,50,20
"agent ForwardAgent #67",ForwardAgent,4.482,0,0.569,50,0,105,0,105,1088,50,1138,0,0,50,0,0,50,1162,50,3346,1094,355,2,4482,50,20
"agent ForwardAgent #68",ForwardAgent,0.088,0,0.569,50,0,2,0,2,14,50,38,0,0,50,0,0,50,16,50,331,20,79,3,88,50,20
"agent ForwardAgent #69",ForwardAgent,0.39,0,0.569,50,0,8,0,8,92,50,96,0,0,50,0,0,50,120,50,1409,82,255,0,390,50,20
"agent ForwardAgent #70",ForwardAgent,0.145,0,0.569,50,0,5,0,5,38,50,50,0,0,50,0,0,50,28,50,602,29,95,1,145,50,20
"agent ForwardAgent #71",ForwardAgent,2.546,0,0.569,50,0,82,0,82,644,50,614,0,0,50,0,0,50,638,50,1967,650,347,2,2546,50,20
"agent ForwardAgent #72",ForwardAgent,0.136,0,0.569,50,0,1,0,1,30,50,46,0,0,50,0,0,50,24,50,423,36,103,3,136,50,20
"agent ForwardAgent #73",ForwardAgent,0.426,0,0.569,50,0,9,0,9,98,50,108,0,0,50,0,0,50,132,50,1562,88,263,0,426,50,20
"agent ForwardAgent #74",ForwardAgent,0.087,0,0.569,50,0,3,0,3,21,50,38,0,0,50,0,0,50,16,50,326,12,62,1,87,50,20
"agent ForwardAgent #75",ForwardAgent,2.29,0,0.569,50,0,65,0,65,554,50,576,0,0,50,0,0,50,600,50,1983,560,361,2,2290,50,20
"agent ForwardAgent #76",ForwardAgent,0.116,0,0.569,50,0,3,0,3,20,50,46,0,0,50,0,0,50,24,50,638,26,93,3,116,50,20
"agent ForwardAgent #77",ForwardAgent,0.218,0,0.569,50,0,4,0,4,54,50,48,0,0,50,0,0,50,72,50,1150,44,185,0,218,50,20
"agent ForwardAgent #78",ForwardAgent,0.497,0,0.569,50,0,16,0,16,122,50,142,0,0,50,0,0,50,120,50,891,113,129,1,497,50,20
"agent ForwardAgent #79",ForwardAgent,0.33,0,0.569,50,0,5,0,5,70,50,80,0,0,50,0,0,50,104,50,814,76,213,2,330,50,20
"agent ForwardAgent #80",ForwardAgent,1.52,0,0.569,50,0,32,0,32,370,50,398,0,0,50,0,0,50,376,50,1099,376,327,3,1520,50,20
"agent ForwardAgent #81",ForwardAgent,0.374,0,0.569,50,0,15,0,15,76,50,104,0,0,50,0,0,50,128,50,1087,66,201,0,374,50,20
"agent ForwardAgent #82",ForwardAgent,3.231,0,0.569,50,0,79,0,79,789,50,842,0,0,50,0,0,50,820,50,1504,780,351,1,3231,50,20
"agent ForwardAgent #83",ForwardAgent,0.558,0,0.569,50,0,16,0,16,140,50,124,0,0,50,0,0,50,148,50,793,146,277,2,558,50,20
"agent ForwardAgent #84",ForwardAgent,0.068,0,0.569,50,0,0,0,0,12,50,30,0,0,50,0,0,50,8,50,301,18,69,3,68,50,20
"agent ForwardAgent #85",ForwardAgent,1.922,0,0.569,50,0,60,0,60,524,50,430,0,0,50,0,0,50,454,50,2303,514,343,0,1922,50,20
"agent ForwardAgent #86",ForwardAgent,0.057,0,0.569,50,0,1,0,1,14,50,30,0,0,50,0,0,50,8,50,296,5,53,1,57,50,20
"agent ForwardAgent #87",ForwardAgent,1.402,0,0.569,50,0,43,0,43,350,50,336,0,0,50,0,0,50,360,50,1129,356,323,2,1402,50,20
"agent ForwardAgent #88",ForwardAgent,0.208,0,0.569,50,0,9,0,9,42,50,70,0,0,50,0,0,50,48,50,678,48,101,3,208,50,20
"agent ForwardAgent #89",ForwardAgent,0.55,0,0.569,50,0,15,0,15,142,50,126,0,0,50,0,0,50,150,50,1197,132,269,0,550,50,20
"agent ForwardAgent #90",ForwardAgent,0.193,0,0.569,50,0,4,0,4,56,50,56,0,0,50,0,0,50,34,50,553,47,121,1,193,50,20
"agent ForwardAgent #91",ForwardAgent,0.518,0,0.569,50,0,15,0,15,128,50,116,0,0,50,0,0,50,140,50,885,134,273,2,518,50,20
"agent ForwardAgent #92",ForwardAgent,0.104,0,0.569,50,0,2,0,2,18,50,42,0,0,50,0,0,50,20,50,581,24,87,3,104,50,20
"agent ForwardAgent #93",ForwardAgent,0.47,0,0.569,50,0,13,0,13,106,50,122,0,0,50,0,0,50,146,50,1655,96,245,0,470,50,20
"agent ForwardAgent #94",ForwardAgent,0.851,0,0.569,50,0,23,0,23,191,50,250,0,0,50,0,0,50,228,50,707,182,293,1,851,50,20
"agent ForwardAgent #95",ForwardAgent,0.594,0,0.569,50,0,17,0,17,146,50,136,0,0,50,0,0,50,160,50,806,152,299,2,594,50,20
"agent ForwardAgent #96",ForwardAgent,0.124,0,0.569,50,0,4,0,4,28,50,42,0,0,50,0,0,50,20,50,365,34,89,3,124,50,20
"agent ForwardAgent #97",ForwardAgent,1.354,0,0.569,50,0,52,0,52,356,50,314,0,0,50,0,0,50,338,50,1606,346,287,0,1354,50,20
"agent ForwardAgent #98",ForwardAgent,0.057,0,0.569,50,0,1,0,1,14,50,30,0,0,50,0,0,50,8,50,226,5,53,1,57,50,20
"agent ForwardAgent #99",ForwardAgent,0.618,0,0.569,50,0,18,0,18,150,50,144,0,0,50,0,0,50,168,50,680,156,229,2,618,50,20
"agent ForwardAgent #100",ForwardAgent,0.192,0,0.569,50,0,6,0,6,42,50,62,0,0,50,0,0,50,40,50,528,48,127,3,192,50,20
"agent RandomAgent #101",RandomAgent,19.516,0,0.569,50,0,502,0,9739,4701,50,5050,0,0,50,0,0,50,5074,50,11479,4691,287,0,19516,50,20
"agent RandomAgent #102",RandomAgent,22.855,0,0.569,50,0,487,0,11368,5496,50,5947,0,0,50,0,0,50,5925,50,5562,5487,197,1,22855,50,20
"agent RandomAgent #103",RandomAgent,93.796,0,0.569,50,0,3376,0,47388,24468,50,22415,0,0,50,0,0,50,22439,50,30199,24474,354,2,93796,50,20
"agent RandomAgent #104",RandomAgent,5.572,0,0.569,50,0,171,0,2782,1549,50,1245,0,0,50,0,0,50,1223,50,4308,1555,109,3,5572,50,20
"agent RandomAgent #105",RandomAgent,34.628,0,0.569,50,0,884,0,17350,7784,50,9523,0,0,50,0,0,50,9547,50,7904,7774,292,0,34628,50,20
"agent RandomAgent #106",RandomAgent,2.349,0,0.569,50,0,130,0,1232,460,50,730,0,0,50,0,0,50,708,50,1289,451,77,1,2349,50,20
"agent RandomAgent #107",RandomAgent,28.874,0,0.569,50,0,1183,0,14542,7333,50,7089,0,0,50,0,0,50,7113,50,6552,7339,316,2,28874,50,20
"agent RandomAgent #108",RandomAgent,123.508,0,0.569,50,0,2650,0,61643,29658,50,32104,0,0,50,0,0,50,32082,50,26851,29664,347,3,123508,50,20
"agent RandomAgent #109",RandomAgent,66.472,0,0.569,50,0,2116,0,33120,17604,50,15625,0,0,50,0,0,50,15649,50,22668,17594,303,0,66472,50,20
"agent RandomAgent #110",RandomAgent,5.005,0,0.569,50,0,257,0,2556,1103,50,1415,0,0,50,0,0,50,1393,50,2500,1094,113,1,5005,50,20
"agent RandomAgent #111",RandomAgent,49.62,0,0.569,50,0,1533,0,24942,12268,50,12527,0,0,50,0,0,50,12551,50,12933,12274,361,2,49620,50,20
"agent RandomAgent #112",RandomAgent,2.934,0,0.569,50,0,95,0,1490,693,50,782,0,0,50,0,0,50,760,50,2236,699,96,3,2934,50,20
"agent RandomAgent #113",RandomAgent,96.48,0,0.569,50,0,2028,0,48265,22221,50,26012,0,0,50,0,0,50,26036,50,16741,22211,361,0,96480,50,20
"agent RandomAgent #114",RandomAgent,4.139,0,0.569,50,0,172,0,2060,850,50,1235,0,0,50,0,0,50,1213,50,1636,841,110,1,4139,50,20
"agent RandomAgent #115",RandomAgent,9.678,0,0.569,50,0,244,0,4830,2454,50,2370,0,0,50,0,0,50,2394,50,2042,2460,251,2,9678,50,20
"agent RandomAgent #116",RandomAgent,20.292,0,0.569,50,0,688,0,10007,4399,50,5755,0,0,50,0,0,50,5733,50,4479,4405,202,3,20292,50,20
"agent RandomAgent #117",RandomAgent,11.688,0,0.569,50,0,247,0,5857,2617,50,3220,0,0,50,0,0,50,3244,50,2003,2607,307,0,11688,50,20
"agent RandomAgent #118",RandomAgent,42.121,0,0.569,50,0,770,0,20999,10239,50,10837,0,0,50,0,0,50,10815,50,6213,10230,340,1,42121,50,20
"agent RandomAgent #119",RandomAgent,22.916,0,0.569,50,0,727,0,11543,6084,50,5359,0,0,50,0,0,50,5383,50,8307,6090,294,2,22916,50,20
"agent RandomAgent #120",RandomAgent,18.526,0,0.569,50,0,280,0,9131,4881,50,4390,0,0,50,0,0,50,4368,50,2627,4887,181,3,18526,50,20
"agent RandomAgent #121",RandomAgent,52.596,0,0.569,50,0,1524,0,26316,13342,50,12949,0,0,50,0,0,50,12973,50,14731,13332,332,0,52596,50,20
"agent RandomAgent #122",RandomAgent,2.237,0,0.569,50,0,90,0,1121,394,50,740,0,0,50,0,0,50,718,50,430,385,78,1,2237,50,20
"agent RandomAgent #123",RandomAgent,75.222,0,0.569,50,0,1719,0,37723,18650,50,18946,0,0,50,0,0,50,18970,50,15288,18656,302,2,75222,50,20
"agent RandomAgent #124",RandomAgent,63.738,0,0.569,50,0,1432,0,31861,14441,50,17436,0,0,50,0,0,50,17414,50,11269,14447,361,3,63738,50,20
"agent RandomAgent #125",RandomAgent,10.406,0,0.569,50,0,137,0,5276,2342,50,2854,0,0,50,0,0,50,2878,50,2525,2332,237,0,10406,50,20
"agent RandomAgent #126",RandomAgent,1.427,0,0.569,50,0,0,0,709,352,50,377,0,0,50,0,0,50,355,50,618,343,88,1,1427,50,20
"agent RandomAgent #127",RandomAgent,18.782,0,0.569,50,0,733,0,9487,5054,50,4322,0,0,50,0,0,50,4346,50,4566,5060,254,2,18782,50,20
"agent RandomAgent #128",RandomAgent,7.116,0,0.569,50,0,205,0,3598,1850,50,1716,0,0,50,0,0,50,1694,50,1931,1856,145,3,7116,50,20
"agent RandomAgent #129",RandomAgent,262.39,0,0.569,50,0,7269,0,131444,65022,50,66166,0,0,50,0,0,50,66190,50,20112,65012,361,0,262390,50,20
"agent RandomAgent #130",RandomAgent,0.331,0,0.569,50,0,2,0,152,52,50,129,0,0,50,0,0,50,107,50,209,43,61,1,331,50,20
"agent RandomAgent #131",RandomAgent,217.21,0,0.569,50,0,6499,0,108845,55685,50,52905,0,0,50,0,0,50,52929,50,16621,55691,307,2,217210,50,20
"agent RandomAgent #132",RandomAgent,38.814,0,0.569,50,0,1337,0,19442,10108,50,9307,0,0,50,0,0,50,9285,50,6037,10114,347,3,38814,50,20
"agent RandomAgent #133",RandomAgent,38.916,0,0.569,50,0,1024,0,19429,9373,50,10078,0,0,50,0,0,50,10102,50,3017,9363,351,0,38916,50,20
"agent RandomAgent #134",RandomAgent,6.053,0,0.569,50,0,344,0,3105,1324,50,1718,0,0,50,0,0,50,1696,50,1418,1315,128,1,6053,50,20
"agent RandomAgent #135",RandomAgent,7.808,0,0.569,50,0,137,0,3988,1679,50,2210,0,0,50,0,0,50,2234,50,499,1685,208,2,7808,50,20
"agent RandomAgent #136",RandomAgent,119.012,0,0.569,50,0,3066,0,59387,30125,50,29389,0,0,50,0,0,50,29367,50,10330,30131,361,3,119012,50,20
"agent RandomAgent #137",RandomAgent,71.426,0,0.569,50,0,1820,0,35648,18032,50,17674,0,0,50,0,0,50,17698,50,8869,18022,319,0,71426,50,20
"agent RandomAgent #138",RandomAgent,3.749,0,0.569,50,0,81,0,1913,912,50,978,0,0,50,0,0,50,956,50,658,903,94,1,3749,50,20
"agent RandomAgent #139",RandomAgent,57.494,0,0.569,50,0,1904,0,28792,15221,50,13511,0,0,50,0,0,50,13535,50,6424,15227,320,2,57494,50,20
"agent RandomAgent #140",RandomAgent,16.882,0,0.569,50,0,305,0,8341,4173,50,4276,0,0,50,0,0,50,4254,50,1068,4179,140,3,16882,50,20
"agent RandomAgent #141",RandomAgent,167.562,0,0.569,50,0,4063,0,84442,40664,50,43110,0,0,50,0,0,50,43134,50,7671,40654,347,0,167562,50,20
"agent RandomAgent #142",RandomAgent,11.185,0,0.569,50,0,387,0,5607,2802,50,2806,0,0,50,0,0,50,2784,50,408,2793,159,1,11185,50,20
"agent RandomAgent #143",RandomAgent,131.134,0,0.569,50,0,3461,0,65497,31971,50,33581,0,0,50,0,0,50,33605,50,6245,31977,361,2,131134,50,20
"agent RandomAgent #144",RandomAgent,7.512,0,0.569,50,0,192,0,3773,1852,50,1912,0,0,50,0,0,50,1890,50,411,1858,96,3,7512,50,20
"agent RandomAgent #145",RandomAgent,66.668,0,0.569,50,0,1580,0,33569,15609,50,17718,0,0,50,0,0,50,17742,50,1952,15599,356,0,66668,50,20
"agent RandomAgent #146",RandomAgent,3.481,0,0.569,50,0,93,0,1717,897,50,859,0,0,50,0,0,50,837,50,156,888,111,1,3481,50,20
"agent RandomAgent #147",RandomAgent,40.264,0,0.569,50,0,1421,0,20151,10769,50,9348,0,0,50,0,0,50,9372,50,1127,10775,292,2,40264,50,20
"agent RandomAgent #148",RandomAgent,2.36,0,0.569,50,0,74,0,1208,480,50,708,0,0,50,0,0,50,686,50,66,486,111,3,2360,50,20
"agent RandomAgent #149",RandomAgent,118.176,0,0.569,50,0,3417,0,59238,30228,50,28853,0,0,50,0,0,50,28877,50,121,30218,311,0,118176,50,20
"agent RandomAgent #150",RandomAgent,0.967,0,0.569,50,0,6,0,449,243,50,256,0,0,50,0,0,50,234,50,52,234,86,1,967,50,20
"agent NegotiatingAgent #151",NegotiatingAgent,0.562,5021,0.569,50,89,17,0,17,134,50,132,181,310,50,0,0,50,156,50,675,140,353,2,562,50,20
"agent NegotiatingAgent #152",NegotiatingAgent,0.452,2192,0.569,50,47,6,0,6,110,50,124,102,163,50,3,0,50,102,50,459,116,261,3,452,50,20
"agent NegotiatingAgent #153",NegotiatingAgent,0.482,2218,0.569,50,72,10,0,10,122,50,112,137,260,50,2,0,50,136,50,544,112,329,0,482,50,20
"agent NegotiatingAgent #154",NegotiatingAgent,0.159,2488,0.569,50,69,6,0,6,39,50,56,152,155,50,0,0,50,34,50,387,30,104,1,159,50,20
"agent NegotiatingAgent #155",NegotiatingAgent,0.526,5544,0.569,50,92,13,0,13,122,50,126,225,355,50,14,1,50,150,50,727,128,335,2,526,50,20
"agent NegotiatingAgent #156",NegotiatingAgent,0.068,9,0.569,50,10,0,0,0,12,50,30,25,35,50,0,1,50,8,50,144,18,69,3,68,50,20
"agent NegotiatingAgent #157",NegotiatingAgent,0.358,1039,0.569,50,59,6,0,6,94,50,78,156,169,50,5,7,50,102,50,409,84,267,0,358,50,20
"agent NegotiatingAgent #158",NegotiatingAgent,0.561,1933,0.569,50,45,9,0,9,140,50,156,136,280,50,21,0,50,134,50,536,131,305,1,561,50,20
"agent NegotiatingAgent #159",NegotiatingAgent,0.318,1518,0.569,50,38,9,0,9,76,50,68,105,137,50,6,5,50,92,50,309,82,231,2,318,50,20
"agent NegotiatingAgent #160",NegotiatingAgent,0.104,2516,0.569,50,51,2,0,2,18,50,42,115,124,50,3,0,50,20,50,264,24,87,3,104,50,20
"agent NegotiatingAgent #161",NegotiatingAgent,0.322,2105,0.569,50,58,6,0,6,80,50,74,169,164,50,7,13,50,98,50,409,70,249,0,322,50,20
"agent NegotiatingAgent #162",NegotiatingAgent,0.047,0,0.569,50,7,0,0,0,13,50,26,12,16,50,0,0,50,4,50,133,4,48,1,47,50,20
"agent NegotiatingAgent #163",NegotiatingAgent,0.17,1680,0.569,50,45,3,0,3,32,50,38,104,113,50,0,5,50,62,50,297,38,157,2,170,50,20
"agent NegotiatingAgent #164",NegotiatingAgent,0.084,0,0.569,50,6,2,0,2,16,50,34,34,90,50,8,2,50,12,50,182,22,77,3,84,50,20
"agent NegotiatingAgent #165",NegotiatingAgent,0.182,1023,0.569,50,40,1,0,1,46,50,38,117,122,50,4,14,50,62,50,219,36,179,0,182,50,20
"agent NegotiatingAgent #166",NegotiatingAgent,0.161,630,0.569,50,25,6,0,6,40,50,56,160,175,50,36,2,50,34,50,286,31,105,1,161,50,20
"agent NegotiatingAgent #167",NegotiatingAgent,0.174,221,0.569,50,13,4,0,4,34,50,38,89,89,50,14,11,50,62,50,226,40,159,2,174,50,20
"agent NegotiatingAgent #168",NegotiatingAgent,0.438,2268,0.569,50,49,5,0,6,97,50,130,162,250,50,18,1,50,108,50,446,103,254,3,438,50,20
"agent NegotiatingAgent #169",NegotiatingAgent,0.3,627,0.569,50,44,4,0,5,77,50,66,124,214,50,1,10,50,90,50,710,67,238,0,300,50,20
"agent NegotiatingAgent #170",NegotiatingAgent,0.075,118,0.569,50,7,3,0,3,17,50,36,24,25,50,0,3,50,14,50,277,8,62,1,75,50,20
"agent NegotiatingAgent #171",NegotiatingAgent,0.264,327,0.569,50,13,3,0,4,59,50,58,62,164,50,3,10,50,82,50,403,65,204,2,264,50,20
"agent NegotiatingAgent #172",NegotiatingAgent,0.106,965,0.569,50,22,2,0,3,19,50,42,72,82,50,3,4,50,20,50,264,25,88,3,106,50,20
"agent NegotiatingAgent #173",NegotiatingAgent,0.334,5268,0.569,50,74,7,0,7,84,50,76,235,243,50,24,6,50,100,50,716,74,255,0,334,50,20
"agent NegotiatingAgent #174",NegotiatingAgent,0.405,2295,0.569,50,30,5,0,5,94,50,124,90,174,50,7,3,50,102,50,466,85,227,1,405,50,20
"agent NegotiatingAgent #175",NegotiatingAgent,0.522,2607,0.569,50,41,11,0,11,122,50,124,183,304,50,39,3,50,148,50,451,128,333,2,522,50,20
"agent NegotiatingAgent #176",NegotiatingAgent,0.424,2486,0.569,50,36,6,0,6,94,50,126,139,200,50,18,6,50,104,50,467,100,247,3,424,50,20
"agent NegotiatingAgent #177",NegotiatingAgent,0.296,276,0.569,50,37,3,0,4,75,50,66,133,183,50,4,16,50,90,50,647,65,236,0,296,50,20
"agent NegotiatingAgent #178",NegotiatingAgent,0.483,1461,0.569,50,33,8,0,8,115,50,142,145,244,50,28,2,50,120,50,427,106,266,1,483,50,20
"agent NegotiatingAgent #179",NegotiatingAgent,0.394,1037,0.569,50,23,8,0,8,98,50,84,157,234,50,39,7,50,108,50,540,104,269,2,394,50,20
"agent NegotiatingAgent #180",NegotiatingAgent,0.106,609,0.569,50,21,2,0,3,19,50,42,85,83,50,8,7,50,20,50,240,25,88,3,106,50,20
"agent NegotiatingAgent #181",NegotiatingAgent,0.446,6711,0.569,50,88,10,0,10,110,50,106,373,380,50,46,12,50,130,50,855,100,311,0,446,50,20
"agent NegotiatingAgent #182",NegotiatingAgent,0.127,396,0.569,50,20,2,0,2,33,50,46,80,102,50,5,7,50,24,50,228,24,88,1,127,50,20
"agent NegotiatingAgent #183",NegotiatingAgent,0.366,1096,0.569,50,18,6,0,6,84,50,84,130,201,50,30,7,50,108,50,486,90,255,2,366,50,20
"agent NegotiatingAgent #184",NegotiatingAgent,0.438,839,0.569,50,16,8,0,9,95,50,132,189,234,50,50,6,50,110,50,426,101,254,3,438,50,20
"agent NegotiatingAgent #185",NegotiatingAgent,0.206,655,0.569,50,17,4,0,4,50,50,46,70,141,50,6,9,50,70,50,508,40,191,0,206,50,20
"agent NegotiatingAgent #186",NegotiatingAgent,0.159,306,0.569,50,9,6,0,6,39,50,56,97,111,50,21,4,50,34,50,230,30,104,1,159,50,20
"agent NegotiatingAgent #187",NegotiatingAgent,0.51,2991,0.569,50,38,8,0,8,120,50,120,223,320,50,40,12,50,144,50,497,126,327,2,510,50,20
"agent NegotiatingAgent #188",NegotiatingAgent,0.448,995,0.569,50,12,4,0,5,104,50,128,119,224,50,29,9,50,106,50,434,110,259,3,448,50,20
"agent NegotiatingAgent #189",NegotiatingAgent,0.33,758,0.569,50,17,2,0,4,82,50,76,132,266,50,26,12,50,100,50,775,72,253,0,330,50,20
"agent NegotiatingAgent #190",NegotiatingAgent,0.511,1175,0.569,50,15,7,0,8,127,50,144,157,258,50,34,10,50,122,50,448,118,280,1,511,50,20
"agent NegotiatingAgent #191",NegotiatingAgent,0.314,61,0.569,50,2,2,0,3,68,50,74,49,215,50,10,9,50,98,50,749,74,229,2,314,50,20
"agent NegotiatingAgent #192",NegotiatingAgent,0.106,494,0.569,50,7,2,0,3,19,50,42,51,59,50,4,9,50,20,50,243,25,88,3,106,50,20
"agent NegotiatingAgent #193",NegotiatingAgent,0.19,32,0.569,50,4,2,0,2,46,50,42,146,131,50,36,13,50,66,50,576,36,183,0,190,50,20
"agent NegotiatingAgent #194",NegotiatingAgent,0.075,0,0.569,50,0,3,0,3,17,50,36,22,53,50,6,4,50,14,50,231,8,62,1,75,50,20
"agent NegotiatingAgent #195",NegotiatingAgent,0.41,220,0.569,50,7,5,0,6,96,50,94,139,170,50,38,13,50,118,50,293,102,277,2,410,50,20
"agent NegotiatingAgent #196",NegotiatingAgent,0.326,667,0.569,50,8,3,0,4,71,50,100,173,191,50,52,4,50,78,50,286,77,198,3,326,50,20
"agent NegotiatingAgent #197",NegotiatingAgent,0.402,260,0.569,50,3,5,0,5,104,50,90,218,260,50,57,13,50,114,50,680,94,289,0,402,50,20
"agent NegotiatingAgent #198",NegotiatingAgent,0.121,0,0.569,50,0,3,0,3,30,50,46,115,134,50,33,3,50,24,50,285,21,85,1,121,50,20
"agent NegotiatingAgent #199",NegotiatingAgent,0.478,724,0.569,50,8,8,0,8,112,50,112,236,304,50,69,2,50,136,50,377,118,311,2,478,50,20
"agent NegotiatingAgent #200",NegotiatingAgent,0.348,0,0.569,50,0,4,0,5,82,50,100,211,229,50,69,6,50,78,50,298,88,209,3,348,50,20
"agent SwarmAgent #201",SwarmAgent,0.278,0,0.569,50,0,1,0,1,68,50,64,0,0,50,0,0,50,88,50,728,58,227,0,278,50,20
"agent SwarmAgent #202",SwarmAgent,0.119,0,0.569,50,0,1,0,1,33,50,42,0,0,50,0,0,50,20,50,117,24,84,1,119,50,20
"agent SwarmAgent #203",SwarmAgent,0.246,0,0.569,50,0,1,0,1,52,50,56,0,0,50,0,0,50,80,50,821,58,195,2,246,50,20
"agent SwarmAgent #204",SwarmAgent,0.096,0,0.569,50,0,1,0,1,18,50,38,0,0,50,0,0,50,16,50,168,24,83,3,96,50,20
"agent SwarmAgent #205",SwarmAgent,0.278,0,0.569,50,0,1,0,1,68,50,64,0,0,50,0,0,50,88,50,448,58,227,0,278,50,20
"agent SwarmAgent #206",SwarmAgent,0.071,0,0.569,50,0,2,0,2,17,50,34,0,0,50,0,0,50,12,50,207,8,60,1,71,50,20
"agent SwarmAgent #207",SwarmAgent,0.246,0,0.569,50,0,1,0,1,52,50,56,0,0,50,0,0,50,80,50,573,58,195,2,246,50,20
"agent SwarmAgent #208",SwarmAgent,0.072,0,0.569,50,0,1,0,1,14,50,30,0,0,50,0,0,50,8,50,148,20,71,3,72,50,20
"agent SwarmAgent #209",SwarmAgent,0.202,0,0.569,50,0,0,0,1,50,50,44,0,0,50,0,0,50,68,50,596,40,189,0,202,50,20
"agent SwarmAgent #210",SwarmAgent,0.347,0,0.569,50,0,2,0,2,83,50,106,0,0,50,0,0,50,84,50,412,74,198,1,347,50,20
"agent SwarmAgent #211",SwarmAgent,0.254,0,0.569,50,0,3,0,3,58,50,54,0,0,50,0,0,50,78,50,638,64,199,2,254,50,20
"agent SwarmAgent #212",SwarmAgent,0.104,0,0.569,50,0,2,0,2,18,50,42,0,0,50,0,0,50,20,50,269,24,87,3,104,50,20
"agent SwarmAgent #213",SwarmAgent,0.286,0,0.569,50,0,2,0,2,70,50,66,0,0,50,0,0,50,90,50,1387,60,231,0,286,50,20
"agent SwarmAgent #214",SwarmAgent,0.347,0,0.569,50,0,2,0,2,83,50,106,0,0,50,0,0,50,84,50,65,74,198,1,347,50,20
"agent SwarmAgent #215",SwarmAgent,0.246,0,0.569,50,0,1,0,1,52,50,56,0,0,50,0,0,50,80,50,318,58,195,2,246,50,20
"agent SwarmAgent #216",SwarmAgent,0.284,0,0.569,50,0,2,0,3,62,50,88,0,0,50,0,0,50,66,50,523,68,177,3,284,50,20
"agent SwarmAgent #217",SwarmAgent,0.286,0,0.569,50,0,2,0,2,70,50,66,0,0,50,0,0,50,90,50,977,60,231,0,286,50,20
"agent SwarmAgent #218",SwarmAgent,0.057,0,0.569,50,0,1,0,1,14,50,30,0,0,50,0,0,50,8,50,52,5,53,1,57,50,20
"agent SwarmAgent #219",SwarmAgent,0.254,0,0.569,50,0,3,0,3,56,50,56,0,0,50,0,0,50,80,50,371,62,199,2,254,50,20
"agent SwarmAgent #220",SwarmAgent,0.288,0,0.569,50,0,1,0,2,64,50,88,0,0,50,0,0,50,66,50,389,70,179,3,288,50,20
"agent SwarmAgent #221",SwarmAgent,0.174,0,0.569,50,0,0,0,0,44,50,36,0,0,50,0,0,50,60,50,332,34,175,0,174,50,20
"agent SwarmAgent #222",SwarmAgent,0.101,0,0.569,50,0,1,0,2,28,50,38,0,0,50,0,0,50,16,50,312,19,75,1,101,50,20
"agent SwarmAgent #223",SwarmAgent,0.246,0,0.569,50,0,1,0,1,52,50,56,0,0,50,0,0,50,80,50,61,58,195,2,246,50,20
"agent SwarmAgent #224",SwarmAgent,0.284,0,0.569,50,0,2,0,3,62,50,88,0,0,50,0,0,50,66,50,232,68,177,3,284,50,20
"agent SwarmAgent #225",SwarmAgent,0.286,0,0.569,50,0,2,0,2,70,50,66,0,0,50,0,0,50,90,50,538,60,231,0,286,50,20
"agent SwarmAgent #226",SwarmAgent,0.071,0,0.569,50,0,2,0,2,17,50,34,0,0,50,0,0,50,12,50,102,8,60,1,71,50,20
"agent SwarmAgent #227",SwarmAgent,0.262,0,0.569,50,0,4,0,4,62,50,54,0,0,50,0,0,50,78,50,116,68,203,2,262,50,20
"agent SwarmAgent #228",SwarmAgent,0.068,0,0.569,50,0,0,0,0,12,50,30,0,0,50,0,0,50,8,50,37,18,69,3,68,50,20
"agent SwarmAgent #229",SwarmAgent,0.21,0,0.569,50,0,1,0,2,52,50,46,0,0,50,0,0,50,70,50,481,42,193,0,210,50,20
"agent SwarmAgent #230",SwarmAgent,0.101,0,0.569,50,0,1,0,2,28,50,38,0,0,50,0,0,50,16,50,209,19,75,1,101,50,20
"agent SwarmAgent #231",SwarmAgent,0.242,0,0.569,50,0,4,0,4,58,50,48,0,0,50,0,0,50,72,50,75,64,193,2,242,50,20
"agent SwarmAgent #232",SwarmAgent,0.29,0,0.569,50,0,1,0,3,65,50,88,0,0,50,0,0,50,66,50,34,71,180,3,290,50,20
"agent SwarmAgent #233",SwarmAgent,0.202,0,0.569,50,0,0,0,1,50,50,44,0,0,50,0,0,50,68,50,135,40,189,0,202,50,20
"agent SwarmAgent #234",SwarmAgent,0.071,0,0.569,50,0,2,0,2,17,50,34,0,0,50,0,0,50,12,50,38,8,60,1,71,50,20
"agent SwarmAgent #235",SwarmAgent,0.142,0,0.569,50,0,0,0,0,28,50,28,0,0,50,0,0,50,52,50,14,34,143,2,142,50,20
"agent SwarmAgent #236",SwarmAgent,0.104,0,0.569,50,0,2,0,2,18,50,42,0,0,50,0,0,50,20,50,16,24,87,3,104,50,20
"agent SwarmAgent #237",SwarmAgent,0.286,0,0.569,50,0,2,0,2,70,50,66,0,0,50,0,0,50,90,50,160,60,231,0,286,50,20
"agent SwarmAgent #238",SwarmAgent,0.101,0,0.569,50,0,1,0,2,28,50,38,0,0,50,0,0,50,16,50,106,19,75,1,101,50,20
"agent SwarmAgent #239",SwarmAgent,0.342,0,0.569,50,0,4,0,4,80,50,76,0,0,50,0,0,50,100,50,40,86,243,2,342,50,20
"agent SwarmAgent #240",SwarmAgent,0.312,0,0.569,50,0,1,0,2,68,50,96,0,0,50,0,0,50,74,50,325,74,191,3,312,50,20
"agent SwarmAgent #241",SwarmAgent,0.182,0,0.569,50,0,1,0,1,46,50,38,0,0,50,0,0,50,62,50,179,36,179,0,182,50,20
"agent SwarmAgent #242",SwarmAgent,0.101,0,0.569,50,0,1,0,2,28,50,38,0,0,50,0,0,50,16,50,4,19,75,1,101,50,20
"agent SwarmAgent #243",SwarmAgent,0.254,0,0.569,50,0,3,0,3,58,50,54,0,0,50,0,0,50,78,50,22,64,199,2,254,50,20
"agent SwarmAgent #244",SwarmAgent,0.312,0,0.569,50,0,1,0,2,68,50,96,0,0,50,0,0,50,74,50,8,74,191,3,312,50,20
"agent SwarmAgent #245",SwarmAgent,0.282,0,0.569,50,0,2,0,2,70,50,64,0,0,50,0,0,50,88,50,28,60,229,0,282,50,20
"agent SwarmAgent #246",SwarmAgent,0.299,0,0.569,50,0,1,0,2,77,50,88,0,0,50,0,0,50,66,50,5,68,174,1,299,50,20
"agent SwarmAgent #247",SwarmAgent,0.258,0,0.569,50,0,3,0,3,60,50,54,0,0,50,0,0,50,78,50,0,66,201,2,258,50,20
"agent SwarmAgent #248",SwarmAgent,0.072,0,0.569,50,0,1,0,1,14,50,30,0,0,50,0,0,50,8,50,0,20,71,3,72,50,20
"agent SwarmAgent #249",SwarmAgent,0.21,0,0.569,50,0,1,0,2,52,50,46,0,0,50,0,0,50,70,50,0,42,193,0,210,50,20
"agent SwarmAgent #250",SwarmAgent,0.047,0,0.569,50,0,0,0,0,13,50,26,0,0,50,0,0,50,4,50,0,4,48,1,47,50,20
