agentName,agentType,averageSpeed,cumulatedUtilityReceived,freeWallRatio,numBacktrackAgents,numCFPAnswered,numDeadends,numDifferentEncounters,numDirectionChanges,numDownSteps,numForwardAgents,numLeftSteps,numMessagesReceived,numMessagesSent,numNegotiatingAgents,numProposalsAccepted,numProposalsRejected,numRandomAgents,numRightSteps,numSwarmAgents,numTotalEncounters,numUpSteps,numVisitedCells,startingPosition,stepsToExit,xsize,ysize
"agent BacktrackAgent #1",BacktrackAgent,0.429,0,0.569,25,0,12,0,12,96,25,112,0,0,25,0,0,25,135,50,1000,86,320,0,429,50,20
"agent BacktrackAgent #2",BacktrackAgent,0.588,0,0.569,25,0,16,0,16,130,25,180,0,0,25,0,0,25,157,50,787,121,330,1,588,50,20
"agent BacktrackAgent #3",BacktrackAgent,0.426,0,0.569,25,0,14,0,14,94,25,105,0,0,25,0,0,25,127,50,755,100,306,2,426,50,20
"agent BacktrackAgent #4",BacktrackAgent,0.619,0,0.569,25,0,17,0,17,132,25,186,0,0,25,0,0,25,163,50,626,138,334,3,619,50,20
"agent BacktrackAgent #5",BacktrackAgent,0.341,0,0.569,25,0,7,0,7,86,25,78,0,0,25,0,0,25,101,50,786,76,276,0,341,50,20
"agent BacktrackAgent #6",BacktrackAgent,0.14,0,0.569,25,0,4,0,4,36,25,50,0,0,25,0,0,25,27,50,439,27,106,1,140,50,20
"agent BacktrackAgent #7",BacktrackAgent,0.256,0,0.569,25,0,4,0,4,44,25,70,0,0,25,0,0,25,92,50,573,50,221,2,256,50,20
"agent BacktrackAgent #8",BacktrackAgent,0.055,0,0.569,25,0,1,0,1,6,25,30,0,0,25,0,0,25,7,50,506,12,52,3,55,50,20
"agent BacktrackAgent #9",BacktrackAgent,0.421,0,0.569,25,0,12,0,12,98,25,106,0,0,25,0,0,25,129,50,982,88,316,0,421,50,20
"agent BacktrackAgent #10",BacktrackAgent,0.094,0,0.569,25,0,2,0,2,25,25,38,0,0,25,0,0,25,15,50,272,16,83,1,94,50,20
"agent BacktrackAgent #11",BacktrackAgent,0.264,0,0.569,25,0,5,0,5,58,25,60,0,0,25,0,0,25,82,50,740,64,225,2,264,50,20
"agent BacktrackAgent #12",BacktrackAgent,0.619,0,0.569,25,0,17,0,17,132,25,186,0,0,25,0,0,25,163,50,1080,138,334,3,619,50,20
"agent BacktrackAgent #13",BacktrackAgent,0.349,0,0.569,25,0,8,0,8,88,25,80,0,0,25,0,0,25,103,50,1471,78,280,0,349,50,20
"agent BacktrackAgent #14",BacktrackAgent,0.608,0,0.569,25,0,17,0,17,134,25,186,0,0,25,0,0,25,163,50,1016,125,340,1,608,50,20
"agent BacktrackAgent #15",BacktrackAgent,0.438,0,0.569,25,0,15,0,15,86,25,119,0,0,25,0,0,25,141,50,1376,92,312,2,438,50,20
"agent BacktrackAgent #16",BacktrackAgent,0.619,0,0.569,25,0,17,0,17,132,25,186,0,0,25,0,0,25,163,50,1057,138,334,3,619,50,20
"agent BacktrackAgent #17",BacktrackAgent,0.469,0,0.569,25,0,16,0,16,104,25,124,0,0,25,0,0,25,147,50,967,94,340,0,469,50,20
"agent BacktrackAgent #18",BacktrackAgent,0.518,0,0.569,25,0,12,0,12,113,25,162,0,0,25,0,0,25,139,50,664,104,295,1,518,50,20
"agent BacktrackAgent #19",BacktrackAgent,0.252,0,0.569,25,0,4,0,4,54,25,58,0,0,25,0,0,25,80,50,607,60,219,2,252,50,20
"agent BacktrackAgent #20",BacktrackAgent,0.619,0,0.569,25,0,17,0,17,132,25,186,0,0,25,0,0,25,163,50,860,138,334,3,619,50,20
"agent BacktrackAgent #21",BacktrackAgent,0.393,0,0.569,25,0,11,0,11,94,25,96,0,0,25,0,0,25,119,50,1177,84,302,0,393,50,20
"agent BacktrackAgent #22",BacktrackAgent,0.604,0,0.569,25,0,16,0,16,132,25,186,0,0,25,0,0,25,163,50,978,123,338,1,604,50,20
"agent BacktrackAgent #23",BacktrackAgent,0.302,0,0.569,25,0,10,0,10,50,25,87,0,0,25,0,0,25,109,50,1109,56,244,2,302,50,20
"agent BacktrackAgent #24",BacktrackAgent,0.075,0,0.569,25,0,2,0,2,10,25,36,0,0,25,0,0,25,13,50,511,16,62,3,75,50,20
"agent BacktrackAgent #25",BacktrackAgent,0.321,0,0.569,25,0,8,0,8,66,25,88,0,0,25,0,0,25,111,50,1208,56,266,0,321,50,20
"agent ForwardAgent #26",ForwardAgent,0.296,0,0.569,25,0,5,0,5,62,25,102,0,0,25,0,0,25,79,50,524,53,184,1,296,50,20
"agent ForwardAgent #27",ForwardAgent,0.494,0,0.569,25,0,11,0,11,106,25,127,0,0,25,0,0,25,149,50,1161,112,256,2,494,50,20
"agent ForwardAgent #28",ForwardAgent,0.139,0,0.569,25,0,2,0,2,24,25,54,0,0,25,0,0,25,31,50,268,30,94,3,139,50,20
"agent ForwardAgent #29",ForwardAgent,1.405,0,0.569,25,0,35,0,35,314,25,382,0,0,25,0,0,25,405,50,1137,304,296,0,1405,50,20
"agent ForwardAgent #30",ForwardAgent,0.278,0,0.569,25,0,3,0,3,65,25,90,0,0,25,0,0,25,67,50,688,56,157,1,278,50,20
"agent ForwardAgent #31",ForwardAgent,0.232,0,0.569,25,0,2,0,2,42,25,60,0,0,25,0,0,25,82,50,301,48,209,2,232,50,20
"agent ForwardAgent #32",ForwardAgent,0.799,0,0.569,25,0,21,0,21,170,25,238,0,0,25,0,0,25,215,50,926,176,194,3,799,50,20
"agent ForwardAgent #33",ForwardAgent,1.525,0,0.569,25,0,39,0,39,342,25,414,0,0,25,0,0,25,437,50,1076,332,286,0,1525,50,20
"agent ForwardAgent #34",ForwardAgent,2.734,0,0.569,25,0,103,0,103,559,25,824,0,0,25,0,0,25,801,50,1247,550,297,1,2734,50,20
"agent ForwardAgent #35",ForwardAgent,2.274,0,0.569,25,0,67,0,67,488,25,635,0,0,25,0,0,25,657,50,1458,494,340,2,2274,50,20
"agent ForwardAgent #36",ForwardAgent,0.055,0,0.569,25,0,1,0,1,6,25,30,0,0,25,0,0,25,7,50,403,12,52,3,55,50,20
"agent ForwardAgent #37",ForwardAgent,1.685,0,0.569,25,0,43,0,43,382,25,454,0,0,25,0,0,25,477,50,1387,372,332,0,1685,50,20
"agent ForwardAgent #38",ForwardAgent,1.844,0,0.569,25,0,64,0,64,382,25,556,0,0,25,0,0,25,533,50,946,373,344,1,1844,50,20
"agent ForwardAgent #39",ForwardAgent,1.206,0,0.569,25,0,50,0,50,236,25,353,0,0,25,0,0,25,375,50,599,242,296,2,1206,50,20
"agent ForwardAgent #40",ForwardAgent,0.047,0,0.569,25,0,0,0,0,4,25,28,0,0,25,0,0,25,5,50,345,10,48,3,47,50,20
"agent ForwardAgent #41",ForwardAgent,2.617,0,0.569,25,0,72,0,72,556,25,746,0,0,25,0,0,25,769,50,1474,546,336,0,2617,50,20
"agent ForwardAgent #42",ForwardAgent,0.48,0,0.569,25,0,9,0,9,100,25,156,0,0,25,0,0,25,133,50,521,91,242,1,480,50,20
"agent ForwardAgent #43",ForwardAgent,1.204,0,0.569,25,0,34,0,34,282,25,306,0,0,25,0,0,25,328,50,750,288,322,2,1204,50,20
"agent ForwardAgent #44",ForwardAgent,0.711,0,0.569,25,0,20,0,20,156,25,208,0,0,25,0,0,25,185,50,387,162,184,3,711,50,20
"agent ForwardAgent #45",ForwardAgent,6.357,0,0.569,25,0,176,0,176,1394,25,1778,0,0,25,0,0,25,1801,50,2255,1384,344,0,6357,50,20
"agent ForwardAgent #46",ForwardAgent,3.816,0,0.569,25,0,90,0,90,856,25,1068,0,0,25,0,0,25,1045,50,1205,847,342,1,3816,50,20
"agent ForwardAgent #47",ForwardAgent,2.044,0,0.569,25,0,48,0,48,454,25,554,0,0,25,0,0,25,576,50,948,460,340,2,2044,50,20
"agent ForwardAgent #48",ForwardAgent,0.691,0,0.569,25,0,26,0,26,142,25,212,0,0,25,0,0,25,189,50,526,148,262,3,691,50,20
"agent ForwardAgent #49",ForwardAgent,0.209,0,0.569,25,0,0,0,0,50,25,48,0,0,25,0,0,25,71,50,1017,40,210,0,209,50,20
"agent ForwardAgent #50",ForwardAgent,0.34,0,0.569,25,0,15,0,15,90,25,96,0,0,25,0,0,25,73,50,418,81,120,1,340,50,20
"agent RandomAgent #51",RandomAgent,8.71,0,0.569,25,0,259,0,4400,1688,25,2653,0,0,25,0,0,25,2675,50,1069,1694,286,2,8710,50,20
"agent RandomAgent #52",RandomAgent,0.449,0,0.569,25,0,9,0,229,88,25,145,0,0,25,0,0,25,122,50,186,94,53,3,449,50,20
"agent RandomAgent #53",RandomAgent,19.575,0,0.569,25,0,413,0,9727,4340,25,5441,0,0,25,0,0,25,5464,50,3098,4330,318,0,19575,50,20
"agent RandomAgent #54",RandomAgent,4.306,0,0.569,25,0,119,0,2136,1004,25,1165,0,0,25,0,0,25,1142,50,749,995,128,1,4306,50,20
"agent RandomAgent #55",RandomAgent,102.576,0,0.569,25,0,3113,0,51351,22179,25,29095,0,0,25,0,0,25,29117,50,15575,22185,344,2,102576,50,20
"agent RandomAgent #56",RandomAgent,16.973,0,0.569,25,0,336,0,8418,3423,25,5072,0,0,25,0,0,25,5049,50,1204,3429,191,3,16973,50,20
"agent RandomAgent #57",RandomAgent,105.817,0,0.569,25,0,3888,0,53453,21797,25,31105,0,0,25,0,0,25,31128,50,13018,21787,295,0,105817,50,20
"agent RandomAgent #58",RandomAgent,11.44,0,0.569,25,0,351,0,5777,2485,25,3251,0,0,25,0,0,25,3228,50,1276,2476,200,1,11440,50,20
"agent RandomAgent #59",RandomAgent,3.582,0,0.569,25,0,76,0,1802,600,25,1177,0,0,25,0,0,25,1199,50,804,606,220,2,3582,50,20
"agent RandomAgent #60",RandomAgent,6.349,0,0.569,25,0,111,0,3156,1160,25,2023,0,0,25,0,0,25,2000,50,554,1166,198,3,6349,50,20
"agent RandomAgent #61",RandomAgent,120.501,0,0.569,25,0,3551,0,60564,26543,25,33701,0,0,25,0,0,25,33724,50,9802,26533,342,0,120501,50,20
"agent RandomAgent #62",RandomAgent,101.53,0,0.569,25,0,2860,0,51259,22066,25,28715,0,0,25,0,0,25,28692,50,5554,22057,344,1,101530,50,20
"agent RandomAgent #63",RandomAgent,31.54,0,0.569,25,0,688,0,15762,7172,25,8584,0,0,25,0,0,25,8606,50,3882,7178,286,2,31540,50,20
"agent RandomAgent #64",RandomAgent,16.049,0,0.569,25,0,625,0,8067,4041,25,3992,0,0,25,0,0,25,3969,50,905,4047,126,3,16049,50,20
"agent RandomAgent #65",RandomAgent,32.981,0,0.569,25,0,956,0,16559,7771,25,8713,0,0,25,0,0,25,8736,50,3061,7761,343,0,32981,50,20
"agent RandomAgent #66",RandomAgent,12.922,0,0.569,25,0,257,0,6399,3173,25,3304,0,0,25,0,0,25,3281,50,621,3164,143,1,12922,50,20
"agent RandomAgent #67",RandomAgent,123.47,0,0.569,25,0,3504,0,61973,25599,25,36122,0,0,25,0,0,25,36144,50,4383,25605,344,2,123470,50,20
"agent RandomAgent #68",RandomAgent,7.721,0,0.569,25,0,143,0,3817,1573,25,2296,0,0,25,0,0,25,2273,50,392,1579,131,3,7721,50,20
"agent RandomAgent #69",RandomAgent,68.421,0,0.569,25,0,1941,0,34743,17069,25,17135,0,0,25,0,0,25,17158,50,3435,17059,287,0,68421,50,20
"agent RandomAgent #70",RandomAgent,88.966,0,0.569,25,0,2969,0,44605,20283,25,24216,0,0,25,0,0,25,24193,50,2001,20274,336,1,88966,50,20
"agent RandomAgent #71",RandomAgent,32.666,0,0.569,25,0,904,0,16461,7398,25,8921,0,0,25,0,0,25,8943,50,1390,7404,331,2,32666,50,20
"agent RandomAgent #72",RandomAgent,48.557,0,0.569,25,0,880,0,24554,10251,25,14036,0,0,25,0,0,25,14013,50,510,10257,299,3,48557,50,20
"agent RandomAgent #73",RandomAgent,42.199,0,0.569,25,0,1133,0,21085,9593,25,11500,0,0,25,0,0,25,11523,50,717,9583,296,0,42199,50,20
"agent RandomAgent #74",RandomAgent,3.624,0,0.569,25,0,5,0,1764,707,25,1121,0,0,25,0,0,25,1098,50,150,698,118,1,3624,50,20
"agent RandomAgent #75",RandomAgent,41.034,0,0.569,25,0,1110,0,20654,9295,25,11208,0,0,25,0,0,25,11230,50,162,9301,313,2,41034,50,20
"agent NegotiatingAgent #76",NegotiatingAgent,0.619,844,0.569,25,19,17,0,17,132,25,186,38,206,25,0,0,25,163,50,319,138,334,3,619,50,20
"agent NegotiatingAgent #77",NegotiatingAgent,0.421,1241,0.569,25,30,10,0,10,96,25,108,55,135,25,0,0,25,131,50,342,86,316,0,421,50,20
"agent NegotiatingAgent #78",NegotiatingAgent,0.45,1199,0.569,25,27,9,0,9,103,25,138,58,193,25,3,0,25,115,50,422,94,261,1,450,50,20
"agent NegotiatingAgent #79",NegotiatingAgent,0.206,1332,0.569,25,28,4,0,4,38,25,51,59,97,25,1,0,25,73,50,231,44,196,2,206,50,20
"agent NegotiatingAgent #80",NegotiatingAgent,0.459,1387,0.569,25,21,8,0,8,102,25,136,46,176,25,2,0,25,113,50,603,108,254,3,459,50,20
"agent NegotiatingAgent #81",NegotiatingAgent,0.237,1412,0.569,25,25,3,0,3,52,25,60,68,181,25,1,5,25,83,50,602,42,224,0,237,50,20
"agent NegotiatingAgent #82",NegotiatingAgent,0.082,0,0.569,25,3,2,0,2,23,25,34,19,28,25,3,3,25,11,50,104,14,77,1,82,50,20
"agent NegotiatingAgent #83",NegotiatingAgent,0.314,643,0.569,25,20,9,0,9,66,25,77,49,147,25,2,2,25,99,50,405,72,250,2,314,50,20
"agent NegotiatingAgent #84",NegotiatingAgent,0.055,0,0.569,25,3,1,0,1,6,25,30,12,11,25,0,4,25,7,50,80,12,52,3,55,50,20
"agent NegotiatingAgent #85",NegotiatingAgent,0.349,375,0.569,25,20,6,0,6,88,25,80,76,189,25,11,4,25,103,50,405,78,280,0,349,50,20
"agent NegotiatingAgent #86",NegotiatingAgent,0.078,0,0.569,25,5,1,0,1,21,25,34,17,65,25,0,3,25,11,50,191,12,75,1,78,50,20
"agent NegotiatingAgent #87",NegotiatingAgent,0.314,230,0.569,25,7,6,0,6,64,25,79,32,105,25,5,4,25,101,50,275,70,250,2,314,50,20
"agent NegotiatingAgent #88",NegotiatingAgent,0.047,0,0.569,25,0,0,0,0,4,25,28,8,42,25,0,3,25,5,50,277,10,48,3,47,50,20
"agent NegotiatingAgent #89",NegotiatingAgent,0.261,1818,0.569,25,30,6,0,6,62,25,62,88,132,25,7,6,25,85,50,460,52,236,0,261,50,20
"agent NegotiatingAgent #90",NegotiatingAgent,0.14,4,0.569,25,2,4,0,4,36,25,50,7,84,25,2,0,25,27,50,270,27,106,1,140,50,20
"agent NegotiatingAgent #91",NegotiatingAgent,0.206,92,0.569,25,5,4,0,4,38,25,51,59,112,25,21,2,25,73,50,294,44,196,2,206,50,20
"agent NegotiatingAgent #92",NegotiatingAgent,0.455,400,0.569,25,8,3,0,5,100,25,136,68,169,25,20,3,25,113,50,232,106,252,3,455,50,20
"agent NegotiatingAgent #93",NegotiatingAgent,0.285,31,0.569,25,8,4,0,4,64,25,72,82,114,25,19,6,25,95,50,339,54,248,0,285,50,20
"agent NegotiatingAgent #94",NegotiatingAgent,0.07,0,0.569,25,3,0,0,0,19,25,32,18,66,25,0,4,25,9,50,72,10,71,1,70,50,20
"agent NegotiatingAgent #95",NegotiatingAgent,0.278,372,0.569,25,6,6,0,6,60,25,65,65,134,25,16,6,25,87,50,301,66,232,2,278,50,20
"agent NegotiatingAgent #96",NegotiatingAgent,0.445,99,0.569,25,1,5,0,6,96,25,135,30,219,25,11,3,25,112,50,375,102,247,3,445,50,20
"agent NegotiatingAgent #97",NegotiatingAgent,0.269,98,0.569,25,3,5,0,5,60,25,68,73,143,25,16,15,25,91,50,695,50,240,0,269,50,20
"agent NegotiatingAgent #98",NegotiatingAgent,0.414,0,0.569,25,0,4,0,5,91,25,132,62,171,25,14,12,25,109,50,255,82,243,1,414,50,20
"agent NegotiatingAgent #99",NegotiatingAgent,0.274,0,0.569,25,0,5,0,5,48,25,75,47,136,25,17,3,25,97,50,520,54,230,2,274,50,20
"agent NegotiatingAgent #100",NegotiatingAgent,0.047,0,0.569,25,4,0,0,0,4,25,28,6,13,25,0,0,25,5,50,42,10,48,3,47,50,20
"agent SwarmAgent #101",SwarmAgent,0.277,0,0.569,25,0,2,0,2,64,25,68,0,0,25,0,0,25,91,50,657,54,244,0,277,50,20
"agent SwarmAgent #102",SwarmAgent,0.38,0,0.569,25,0,1,0,2,88,25,118,0,0,25,0,0,25,95,50,583,79,226,1,380,50,20
"agent SwarmAgent #103",SwarmAgent,0.186,0,0.569,25,0,1,0,1,34,25,45,0,0,25,0,0,25,67,50,551,40,186,2,186,50,20
"agent SwarmAgent #104",SwarmAgent,0.403,0,0.569,25,0,1,0,2,88,25,122,0,0,25,0,0,25,99,50,479,94,226,3,403,50,20
"agent SwarmAgent #105",SwarmAgent,0.211,0,0.569,25,0,0,0,1,50,25,49,0,0,25,0,0,25,72,50,1266,40,211,0,211,50,20
"agent SwarmAgent #106",SwarmAgent,0.358,0,0.569,25,0,2,0,3,79,25,116,0,0,25,0,0,25,93,50,164,70,215,1,358,50,20
"agent SwarmAgent #107",SwarmAgent,0.236,0,0.569,25,0,1,0,1,50,25,54,0,0,25,0,0,25,76,50,58,56,211,2,236,50,20
"agent SwarmAgent #108",SwarmAgent,0.067,0,0.569,25,0,1,0,1,8,25,34,0,0,25,0,0,25,11,50,262,14,58,3,67,50,20
"agent SwarmAgent #109",SwarmAgent,0.211,0,0.569,25,0,0,0,1,50,25,49,0,0,25,0,0,25,72,50,1053,40,211,0,211,50,20
"agent SwarmAgent #110",SwarmAgent,0.112,0,0.569,25,0,1,0,1,30,25,42,0,0,25,0,0,25,19,50,152,21,92,1,112,50,20
"agent SwarmAgent #111",SwarmAgent,0.306,0,0.569,25,0,4,0,4,64,25,75,0,0,25,0,0,25,97,50,407,70,246,2,306,50,20
"agent SwarmAgent #112",SwarmAgent,0.047,0,0.569,25,0,0,0,0,4,25,28,0,0,25,0,0,25,5,50,191,10,48,3,47,50,20
"agent SwarmAgent #113",SwarmAgent,0.217,0,0.569,25,0,1,0,1,54,25,48,0,0,25,0,0,25,71,50,622,44,214,0,217,50,20
"agent SwarmAgent #114",SwarmAgent,0.074,0,0.569,25,0,1,0,1,21,25,32,0,0,25,0,0,25,9,50,38,12,73,1,74,50,20
"agent SwarmAgent #115",SwarmAgent,0.25,0,0.569,25,0,3,0,3,44,25,67,0,0,25,0,0,25,89,50,692,50,218,2,250,50,20
"agent SwarmAgent #116",SwarmAgent,0.319,0,0.569,25,0,0,0,1,64,25,104,0,0,25,0,0,25,81,50,108,70,184,3,319,50,20
"agent SwarmAgent #117",SwarmAgent,0.211,0,0.569,25,0,0,0,1,50,25,49,0,0,25,0,0,25,72,50,824,40,211,0,211,50,20
"agent SwarmAgent #118",SwarmAgent,0.12,0,0.569,25,0,2,0,2,32,25,44,0,0,25,0,0,25,21,50,199,23,96,1,120,50,20
"agent SwarmAgent #119",SwarmAgent,0.238,0,0.569,25,0,2,0,2,50,25,55,0,0,25,0,0,25,77,50,62,56,212,2,238,50,20
"agent SwarmAgent #120",SwarmAgent,0.355,0,0.569,25,0,4,0,5,68,25,118,0,0,25,0,0,25,95,50,391,74,202,3,355,50,20
"agent SwarmAgent #121",SwarmAgent,0.211,0,0.569,25,0,0,0,1,50,25,49,0,0,25,0,0,25,72,50,610,40,211,0,211,50,20
"agent SwarmAgent #122",SwarmAgent,0.388,0,0.569,25,0,2,0,3,90,25,120,0,0,25,0,0,25,97,50,474,81,230,1,388,50,20
"agent SwarmAgent #123",SwarmAgent,0.194,0,0.569,25,0,2,0,2,36,25,47,0,0,25,0,0,25,69,50,267,42,190,2,194,50,20
"agent SwarmAgent #124",SwarmAgent,0.067,0,0.569,25,0,1,0,1,8,25,34,0,0,25,0,0,25,11,50,162,14,58,3,67,50,20
"agent SwarmAgent #125",SwarmAgent,0.269,0,0.569,25,0,1,0,1,60,25,68,0,0,25,0,0,25,91,50,462,50,240,0,269,50,20
"agent SwarmAgent #126",SwarmAgent,0.388,0,0.569,25,0,2,0,3,90,25,120,0,0,25,0,0,25,97,50,83,81,230,1,388,50,20
"agent SwarmAgent #127",SwarmAgent,0.248,0,0.569,25,0,2,0,2,44,25,66,0,0,25,0,0,25,88,50,71,50,217,2,248,50,20
"agent SwarmAgent #128",SwarmAgent,0.403,0,0.569,25,0,1,0,2,88,25,122,0,0,25,0,0,25,99,50,36,94,226,3,403,50,20
"agent SwarmAgent #129",SwarmAgent,0.269,0,0.569,25,0,1,0,1,60,25,68,0,0,25,0,0,25,91,50,189,50,240,0,269,50,20
"agent SwarmAgent #130",SwarmAgent,0.128,0,0.569,25,0,2,0,2,32,25,48,0,0,25,0,0,25,25,50,222,23,100,1,128,50,20
"agent SwarmAgent #131",SwarmAgent,0.186,0,0.569,25,0,1,0,1,34,25,45,0,0,25,0,0,25,67,50,204,40,186,2,186,50,20
"agent SwarmAgent #132",SwarmAgent,0.067,0,0.569,25,0,1,0,1,8,25,34,0,0,25,0,0,25,11,50,94,14,58,3,67,50,20
"agent SwarmAgent #133",SwarmAgent,0.217,0,0.569,25,0,1,0,1,54,25,48,0,0,25,0,0,25,71,50,337,44,214,0,217,50,20
"agent SwarmAgent #134",SwarmAgent,0.396,0,0.569,25,0,2,0,3,90,25,124,0,0,25,0,0,25,101,50,113,81,234,1,396,50,20
"agent SwarmAgent #135",SwarmAgent,0.204,0,0.569,25,0,2,0,2,34,25,54,0,0,25,0,0,25,76,50,148,40,195,2,204,50,20
"agent SwarmAgent #136",SwarmAgent,0.055,0,0.569,25,0,1,0,1,6,25,30,0,0,25,0,0,25,7,50,95,12,52,3,55,50,20
"agent SwarmAgent #137",SwarmAgent,0.217,0,0.569,25,0,1,0,1,54,25,48,0,0,25,0,0,25,71,50,119,44,214,0,217,50,20
"agent SwarmAgent #138",SwarmAgent,0.38,0,0.569,25,0,1,0,2,88,25,118,0,0,25,0,0,25,95,50,26,79,226,1,380,50,20
"agent SwarmAgent #139",SwarmAgent,0.202,0,0.569,25,0,2,0,2,34,25,53,0,0,25,0,0,25,75,50,52,40,194,2,202,50,20
"agent SwarmAgent #140",SwarmAgent,0.047,0,0.569,25,0,0,0,0,4,25,28,0,0,25,0,0,25,5,50,40,10,48,3,47,50,20
"agent SwarmAgent #141",SwarmAgent,0.209,0,0.569,25,0,0,0,0,50,25,48,0,0,25,0,0,25,71,50,229,40,210,0,209,50,20
"agent SwarmAgent #142",SwarmAgent,0.128,0,0.569,25,0,2,0,2,32,25,48,0,0,25,0,0,25,25,50,2,23,100,1,128,50,20
"agent SwarmAgent #143",SwarmAgent,0.25,0,0.569,25,0,3,0,3,44,25,67,0,0,25,0,0,25,89,50,11,50,218,2,250,50,20
"agent SwarmAgent #144",SwarmAgent,0.055,0,0.569,25,0,1,0,1,6,25,30,0,0,25,0,0,25,7,50,1,12,52,3,55,50,20
"agent SwarmAgent #145",SwarmAgent,0.209,0,0.569,25,0,0,0,0,50,25,48,0,0,25,0,0,25,71,50,20,40,210,0,209,50,20
"agent SwarmAgent #146",SwarmAgent,0.362,0,0.569,25,0,2,0,3,81,25,116,0,0,25,0,0,25,93,50,9,72,217,1,362,50,20
"agent SwarmAgent #147",SwarmAgent,0.304,0,0.569,25,0,3,0,3,64,25,74,0,0,25,0,0,25,96,50,2,70,245,2,304,50,20
"agent SwarmAgent #148",SwarmAgent,0.355,0,0.569,25,0,4,0,5,68,25,118,0,0,25,0,0,25,95,50,1,74,202,3,355,50,20
"agent SwarmAgent #149",SwarmAgent,0.277,0,0.569,25,0,2,0,2,64,25,68,0,0,25,0,0,25,91,50,0,54,244,0,277,50,20
"agent SwarmAgent #150",SwarmAgent,0.342,0,0.569,25,0,1,0,2,79,25,108,0,0,25,0,0,25,85,50,0,70,207,1,342,50,20
