agentName,agentType,averageSpeed,cumulatedUtilityReceived,freeWallRatio,numBacktrackAgents,numCFPAnswered,numDeadends,numDifferentEncounters,numDirectionChanges,numDownSteps,numForwardAgents,numLeftSteps,numMessagesReceived,numMessagesSent,numNegotiatingAgents,numProposalsAccepted,numProposalsRejected,numRandomAgents,numRightSteps,numSwarmAgents,numTotalEncounters,numUpSteps,numVisitedCells,startingPosition,stepsToExit,xsize,ysize
"agent BacktrackAgent #1",BacktrackAgent,0.535,0,0.569,50,0,15,0,15,130,50,130,0,0,50,0,0,50,154,50,2079,121,384,0,535,50,20
"agent BacktrackAgent #2",BacktrackAgent,0.18,0,0.569,50,0,8,0,8,43,50,62,0,0,50,0,0,50,40,50,824,35,124,1,180,50,20
"agent BacktrackAgent #3",BacktrackAgent,0.426,0,0.569,50,0,10,0,10,102,50,96,0,0,50,0,0,50,119,50,1439,109,303,2,426,50,20
"agent BacktrackAgent #4",BacktrackAgent,0.717,0,0.569,50,0,18,0,18,178,50,188,0,0,50,0,0,50,166,50,1574,185,382,3,717,50,20
"agent BacktrackAgent #5",BacktrackAgent,0.407,0,0.569,50,0,10,0,10,100,50,96,0,0,50,0,0,50,120,50,2320,91,320,0,407,50,20
"agent BacktrackAgent #6",BacktrackAgent,0.722,0,0.569,50,0,17,0,17,180,50,196,0,0,50,0,0,50,174,50,1286,172,395,1,722,50,20
"agent BacktrackAgent #7",BacktrackAgent,0.264,0,0.569,50,0,4,0,4,66,50,51,0,0,50,0,0,50,74,50,1054,73,222,2,264,50,20
"agent BacktrackAgent #8",BacktrackAgent,0.717,0,0.569,50,0,18,0,18,178,50,188,0,0,50,0,0,50,166,50,1267,185,382,3,717,50,20
"agent BacktrackAgent #9",BacktrackAgent,0.403,0,0.569,50,0,11,0,11,102,50,92,0,0,50,0,0,50,116,50,1964,93,318,0,403,50,20
"agent BacktrackAgent #10",BacktrackAgent,0.156,0,0.569,50,0,6,0,6,41,50,52,0,0,50,0,0,50,30,50,909,33,112,1,156,50,20
"agent BacktrackAgent #11",BacktrackAgent,0.386,0,0.569,50,0,12,0,12,90,50,88,0,0,50,0,0,50,111,50,920,97,283,2,386,50,20
"agent BacktrackAgent #12",BacktrackAgent,0.769,0,0.569,50,0,20,0,20,184,50,208,0,0,50,0,0,50,186,50,2156,191,408,3,769,50,20
"agent BacktrackAgent #13",BacktrackAgent,0.423,0,0.569,50,0,9,0,9,104,50,100,0,0,50,0,0,50,124,50,2364,95,328,0,423,50,20
"agent BacktrackAgent #14",BacktrackAgent,0.11,0,0.569,50,0,4,0,4,30,50,40,0,0,50,0,0,50,18,50,692,22,89,1,110,50,20
"agent BacktrackAgent #15",BacktrackAgent,0.234,0,0.569,50,0,4,0,4,56,50,46,0,0,50,0,0,50,69,50,620,63,207,2,234,50,20
"agent BacktrackAgent #16",BacktrackAgent,0.785,0,0.569,50,0,21,0,21,190,50,210,0,0,50,0,0,50,188,50,1881,197,416,3,785,50,20
"agent BacktrackAgent #17",BacktrackAgent,0.515,0,0.569,50,0,16,0,16,124,50,126,0,0,50,0,0,50,150,50,2851,115,374,0,515,50,20
"agent BacktrackAgent #18",BacktrackAgent,0.068,0,0.569,50,0,1,0,1,23,50,26,0,0,50,0,0,50,4,50,951,15,68,1,68,50,20
"agent BacktrackAgent #19",BacktrackAgent,0.476,0,0.569,50,0,14,0,14,112,50,111,0,0,50,0,0,50,134,50,2253,119,328,2,476,50,20
"agent BacktrackAgent #20",BacktrackAgent,0.153,0,0.569,50,0,6,0,6,26,50,58,0,0,50,0,0,50,36,50,601,33,100,3,153,50,20
"agent BacktrackAgent #21",BacktrackAgent,0.275,0,0.569,50,0,4,0,4,72,50,58,0,0,50,0,0,50,82,50,1883,63,254,0,275,50,20
"agent BacktrackAgent #22",BacktrackAgent,0.112,0,0.569,50,0,5,0,5,31,50,40,0,0,50,0,0,50,18,50,899,23,90,1,112,50,20
"agent BacktrackAgent #23",BacktrackAgent,0.396,0,0.569,50,0,12,0,12,92,50,91,0,0,50,0,0,50,114,50,1808,99,288,2,396,50,20
"agent BacktrackAgent #24",BacktrackAgent,0.045,0,0.569,50,0,0,0,0,6,50,24,0,0,50,0,0,50,2,50,427,13,46,3,45,50,20
"agent BacktrackAgent #25",BacktrackAgent,0.343,0,0.569,50,0,6,0,6,94,50,70,0,0,50,0,0,50,94,50,2281,85,288,0,343,50,20
"agent BacktrackAgent #26",BacktrackAgent,0.65,0,0.569,50,0,13,0,13,168,50,172,0,0,50,0,0,50,150,50,2477,160,359,1,650,50,20
"agent BacktrackAgent #27",BacktrackAgent,0.354,0,0.569,50,0,10,0,10,78,50,84,0,0,50,0,0,50,107,50,845,85,267,2,354,50,20
"agent BacktrackAgent #28",BacktrackAgent,0.717,0,0.569,50,0,18,0,18,178,50,188,0,0,50,0,0,50,166,50,1742,185,382,3,717,50,20
"agent BacktrackAgent #29",BacktrackAgent,0.331,0,0.569,50,0,5,0,5,92,50,66,0,0,50,0,0,50,90,50,2445,83,282,0,331,50,20
"agent BacktrackAgent #30",BacktrackAgent,0.748,0,0.569,50,0,20,0,20,183,50,206,0,0,50,0,0,50,184,50,2245,175,408,1,748,50,20
"agent BacktrackAgent #31",BacktrackAgent,0.484,0,0.569,50,0,15,0,15,108,50,119,0,0,50,0,0,50,142,50,1662,115,332,2,484,50,20
"agent BacktrackAgent #32",BacktrackAgent,0.701,0,0.569,50,0,17,0,17,172,50,186,0,0,50,0,0,50,164,50,1877,179,374,3,701,50,20
"agent BacktrackAgent #33",BacktrackAgent,0.339,0,0.569,50,0,7,0,7,86,50,76,0,0,50,0,0,50,100,50,1581,77,286,0,339,50,20
"agent BacktrackAgent #34",BacktrackAgent,0.674,0,0.569,50,0,15,0,15,170,50,182,0,0,50,0,0,50,160,50,1974,162,371,1,674,50,20
"agent BacktrackAgent #35",BacktrackAgent,0.624,0,0.569,50,0,19,0,19,144,50,153,0,0,50,0,0,50,176,50,1710,151,402,2,624,50,20
"agent BacktrackAgent #36",BacktrackAgent,0.169,0,0.569,50,0,7,0,7,32,50,60,0,0,50,0,0,50,38,50,657,39,108,3,169,50,20
"agent BacktrackAgent #37",BacktrackAgent,0.411,0,0.569,50,0,9,0,9,110,50,88,0,0,50,0,0,50,112,50,1819,101,322,0,411,50,20
"agent BacktrackAgent #38",BacktrackAgent,0.696,0,0.569,50,0,18,0,18,177,50,186,0,0,50,0,0,50,164,50,1735,169,382,1,696,50,20
"agent BacktrackAgent #39",BacktrackAgent,0.388,0,0.569,50,0,7,0,7,98,50,81,0,0,50,0,0,50,104,50,1479,105,284,2,388,50,20
"agent BacktrackAgent #40",BacktrackAgent,0.101,0,0.569,50,0,4,0,4,20,50,38,0,0,50,0,0,50,16,50,514,27,74,3,101,50,20
"agent BacktrackAgent #41",BacktrackAgent,0.459,0,0.569,50,0,12,0,12,110,50,112,0,0,50,0,0,50,136,50,2429,101,346,0,459,50,20
"agent BacktrackAgent #42",BacktrackAgent,0.742,0,0.569,50,0,18,0,18,182,50,204,0,0,50,0,0,50,182,50,1643,174,405,1,742,50,20
"agent BacktrackAgent #43",BacktrackAgent,0.494,0,0.569,50,0,12,0,12,110,50,122,0,0,50,0,0,50,145,50,1177,117,337,2,494,50,20
"agent BacktrackAgent #44",BacktrackAgent,0.677,0,0.569,50,0,15,0,15,170,50,176,0,0,50,0,0,50,154,50,1489,177,362,3,677,50,20
"agent BacktrackAgent #45",BacktrackAgent,0.503,0,0.569,50,0,15,0,15,120,50,124,0,0,50,0,0,50,148,50,2169,111,368,0,503,50,20
"agent BacktrackAgent #46",BacktrackAgent,0.15,0,0.569,50,0,4,0,4,40,50,50,0,0,50,0,0,50,28,50,454,32,109,1,150,50,20
"agent BacktrackAgent #47",BacktrackAgent,0.428,0,0.569,50,0,10,0,10,106,50,93,0,0,50,0,0,50,116,50,1280,113,304,2,428,50,20
"agent BacktrackAgent #48",BacktrackAgent,0.113,0,0.569,50,0,3,0,3,18,50,46,0,0,50,0,0,50,24,50,357,25,80,3,113,50,20
"agent BacktrackAgent #49",BacktrackAgent,0.415,0,0.569,50,0,12,0,12,108,50,92,0,0,50,0,0,50,116,50,1569,99,324,0,415,50,20
"agent BacktrackAgent #50",BacktrackAgent,0.706,0,0.569,50,0,16,0,16,174,50,194,0,0,50,0,0,50,172,50,1616,166,387,1,706,50,20
"agent ForwardAgent #51",ForwardAgent,0.51,0,0.569,50,0,13,0,13,114,50,126,0,0,50,0,0,50,149,50,912,121,307,2,510,50,20
"agent ForwardAgent #52",ForwardAgent,0.825,0,0.569,50,0,15,0,15,192,50,228,0,0,50,0,0,50,206,50,1042,199,300,3,825,50,20
"agent ForwardAgent #53",ForwardAgent,2.519,0,0.569,50,0,88,0,88,626,50,626,0,0,50,0,0,50,650,50,2331,617,408,0,2519,50,20
"agent ForwardAgent #54",ForwardAgent,1.194,0,0.569,50,0,36,0,36,290,50,322,0,0,50,0,0,50,300,50,1335,282,351,1,1194,50,20
"agent ForwardAgent #55",ForwardAgent,0.486,0,0.569,50,0,10,0,10,124,50,104,0,0,50,0,0,50,127,50,903,131,274,2,486,50,20
"agent ForwardAgent #56",ForwardAgent,0.093,0,0.569,50,0,2,0,2,24,50,30,0,0,50,0,0,50,8,50,667,31,70,3,93,50,20
"agent ForwardAgent #57",ForwardAgent,1.335,0,0.569,50,0,35,0,35,340,50,320,0,0,50,0,0,50,344,50,1726,331,372,0,1335,50,20
"agent ForwardAgent #58",ForwardAgent,2.096,0,0.569,50,0,58,0,58,499,50,564,0,0,50,0,0,50,542,50,2168,491,382,1,2096,50,20
"agent ForwardAgent #59",ForwardAgent,1.302,0,0.569,50,0,23,0,23,326,50,310,0,0,50,0,0,50,333,50,1600,333,284,2,1302,50,20
"agent ForwardAgent #60",ForwardAgent,0.233,0,0.569,50,0,6,0,6,42,50,82,0,0,50,0,0,50,60,50,545,49,98,3,233,50,20
"agent ForwardAgent #61",ForwardAgent,2.847,0,0.569,50,0,66,0,66,708,50,708,0,0,50,0,0,50,732,50,2559,699,414,0,2847,50,20
"agent ForwardAgent #62",ForwardAgent,2.014,0,0.569,50,0,55,0,55,504,50,518,0,0,50,0,0,50,496,50,1904,496,360,1,2014,50,20
"agent ForwardAgent #63",ForwardAgent,0.784,0,0.569,50,0,19,0,19,194,50,183,0,0,50,0,0,50,206,50,1241,201,324,2,784,50,20
"agent ForwardAgent #64",ForwardAgent,0.593,0,0.569,50,0,9,0,9,144,50,160,0,0,50,0,0,50,138,50,790,151,224,3,593,50,20
"agent ForwardAgent #65",ForwardAgent,0.387,0,0.569,50,0,8,0,8,102,50,84,0,0,50,0,0,50,108,50,1240,93,310,0,387,50,20
"agent ForwardAgent #66",ForwardAgent,1.852,0,0.569,50,0,52,0,52,463,50,478,0,0,50,0,0,50,456,50,1910,455,346,1,1852,50,20
"agent ForwardAgent #67",ForwardAgent,1.174,0,0.569,50,0,31,0,31,288,50,284,0,0,50,0,0,50,307,50,1280,295,350,2,1174,50,20
"agent ForwardAgent #68",ForwardAgent,0.649,0,0.569,50,0,11,0,11,150,50,182,0,0,50,0,0,50,160,50,1256,157,286,3,649,50,20
"agent ForwardAgent #69",ForwardAgent,2.099,0,0.569,50,0,59,0,59,520,50,522,0,0,50,0,0,50,546,50,1644,511,374,0,2099,50,20
"agent ForwardAgent #70",ForwardAgent,0.264,0,0.569,50,0,9,0,9,67,50,80,0,0,50,0,0,50,58,50,614,59,164,1,264,50,20
"agent ForwardAgent #71",ForwardAgent,1.404,0,0.569,50,0,42,0,42,358,50,329,0,0,50,0,0,50,352,50,1471,365,382,2,1404,50,20
"agent ForwardAgent #72",ForwardAgent,0.517,0,0.569,50,0,23,0,23,122,50,144,0,0,50,0,0,50,122,50,797,129,172,3,517,50,20
"agent ForwardAgent #73",ForwardAgent,1.115,0,0.569,50,0,27,0,27,294,50,256,0,0,50,0,0,50,280,50,1370,285,374,0,1115,50,20
"agent ForwardAgent #74",ForwardAgent,3.794,0,0.569,50,0,85,0,85,956,50,956,0,0,50,0,0,50,934,50,2171,948,416,1,3794,50,20
"agent ForwardAgent #75",ForwardAgent,0.396,0,0.569,50,0,9,0,9,100,50,83,0,0,50,0,0,50,106,50,839,107,248,2,396,50,20
"agent ForwardAgent #76",ForwardAgent,0.081,0,0.569,50,0,2,0,2,18,50,30,0,0,50,0,0,50,8,50,377,25,64,3,81,50,20
"agent ForwardAgent #77",ForwardAgent,1.219,0,0.569,50,0,23,0,23,312,50,290,0,0,50,0,0,50,314,50,2054,303,366,0,1219,50,20
"agent ForwardAgent #78",ForwardAgent,1.012,0,0.569,50,0,26,0,26,271,50,250,0,0,50,0,0,50,228,50,1484,263,298,1,1012,50,20
"agent ForwardAgent #79",ForwardAgent,0.418,0,0.569,50,0,10,0,10,102,50,92,0,0,50,0,0,50,115,50,976,109,267,2,418,50,20
"agent ForwardAgent #80",ForwardAgent,2.385,0,0.569,50,0,47,0,47,622,50,578,0,0,50,0,0,50,556,50,1979,629,372,3,2385,50,20
"agent ForwardAgent #81",ForwardAgent,0.343,0,0.569,50,0,6,0,6,96,50,68,0,0,50,0,0,50,92,50,1392,87,272,0,343,50,20
"agent ForwardAgent #82",ForwardAgent,1.28,0,0.569,50,0,36,0,36,329,50,326,0,0,50,0,0,50,304,50,1282,321,330,1,1280,50,20
"agent ForwardAgent #83",ForwardAgent,1.236,0,0.569,50,0,24,0,24,320,50,283,0,0,50,0,0,50,306,50,1324,327,298,2,1236,50,20
"agent ForwardAgent #84",ForwardAgent,5.821,0,0.569,50,0,137,0,137,1496,50,1422,0,0,50,0,0,50,1400,50,3208,1503,408,3,5821,50,20
"agent ForwardAgent #85",ForwardAgent,3.559,0,0.569,50,0,78,0,78,924,50,848,0,0,50,0,0,50,872,50,2815,915,352,0,3559,50,20
"agent ForwardAgent #86",ForwardAgent,0.696,0,0.569,50,0,12,0,12,185,50,178,0,0,50,0,0,50,156,50,1086,177,288,1,696,50,20
"agent ForwardAgent #87",ForwardAgent,4.738,0,0.569,50,0,95,0,95,1172,50,1182,0,0,50,0,0,50,1205,50,2558,1179,410,2,4738,50,20
"agent ForwardAgent #88",ForwardAgent,1.977,0,0.569,50,0,42,0,42,486,50,510,0,0,50,0,0,50,488,50,1959,493,352,3,1977,50,20
"agent ForwardAgent #89",ForwardAgent,3.331,0,0.569,50,0,74,0,74,832,50,826,0,0,50,0,0,50,850,50,2753,823,392,0,3331,50,20
"agent ForwardAgent #90",ForwardAgent,0.092,0,0.569,50,0,4,0,4,29,50,32,0,0,50,0,0,50,10,50,529,21,70,1,92,50,20
"agent ForwardAgent #91",ForwardAgent,0.584,0,0.569,50,0,21,0,21,142,50,135,0,0,50,0,0,50,158,50,942,149,322,2,584,50,20
"agent ForwardAgent #92",ForwardAgent,1.481,0,0.569,50,0,36,0,36,368,50,380,0,0,50,0,0,50,358,50,1123,375,346,3,1481,50,20
"agent ForwardAgent #93",ForwardAgent,0.843,0,0.569,50,0,16,0,16,216,50,198,0,0,50,0,0,50,222,50,1531,207,312,0,843,50,20
"agent ForwardAgent #94",ForwardAgent,0.068,0,0.569,50,0,1,0,1,23,50,26,0,0,50,0,0,50,4,50,612,15,68,1,68,50,20
"agent ForwardAgent #95",ForwardAgent,2.396,0,0.569,50,0,69,0,69,574,50,609,0,0,50,0,0,50,632,50,1507,581,414,2,2396,50,20
"agent ForwardAgent #96",ForwardAgent,0.061,0,0.569,50,0,1,0,1,12,50,26,0,0,50,0,0,50,4,50,220,19,54,3,61,50,20
"agent ForwardAgent #97",ForwardAgent,0.839,0,0.569,50,0,21,0,21,234,50,178,0,0,50,0,0,50,202,50,1329,225,316,0,839,50,20
"agent ForwardAgent #98",ForwardAgent,0.42,0,0.569,50,0,10,0,10,99,50,126,0,0,50,0,0,50,104,50,1185,91,244,1,420,50,20
"agent ForwardAgent #99",ForwardAgent,0.906,0,0.569,50,0,25,0,25,216,50,222,0,0,50,0,0,50,245,50,785,223,298,2,906,50,20
"agent ForwardAgent #100",ForwardAgent,0.601,0,0.569,50,0,11,0,11,154,50,154,0,0,50,0,0,50,132,50,1160,161,268,3,601,50,20
"agent RandomAgent #101",RandomAgent,104.099,0,0.569,50,0,2144,0,51914,26875,50,25167,0,0,50,0,0,50,25191,50,20048,26866,360,0,104099,50,20
"agent RandomAgent #102",RandomAgent,36.106,0,0.569,50,0,913,0,18084,8961,50,9107,0,0,50,0,0,50,9085,50,9929,8953,238,1,36106,50,20
"agent RandomAgent #103",RandomAgent,52.238,0,0.569,50,0,1709,0,26301,12729,50,13375,0,0,50,0,0,50,13398,50,9056,12736,380,2,52238,50,20
"agent RandomAgent #104",RandomAgent,5.387,0,0.569,50,0,215,0,2677,1473,50,1228,0,0,50,0,0,50,1206,50,1922,1480,107,3,5387,50,20
"agent RandomAgent #105",RandomAgent,86.219,0,0.569,50,0,2315,0,43091,20746,50,22356,0,0,50,0,0,50,22380,50,12748,20737,382,0,86219,50,20
"agent RandomAgent #106",RandomAgent,26.33,0,0.569,50,0,696,0,13051,6632,50,6548,0,0,50,0,0,50,6526,50,7288,6624,213,1,26330,50,20
"agent RandomAgent #107",RandomAgent,20.412,0,0.569,50,0,291,0,10228,5260,50,4931,0,0,50,0,0,50,4954,50,7649,5267,280,2,20412,50,20
"agent RandomAgent #108",RandomAgent,13.581,0,0.569,50,0,450,0,6887,3528,50,3270,0,0,50,0,0,50,3248,50,3738,3535,153,3,13581,50,20
"agent RandomAgent #109",RandomAgent,9.677,0,0.569,50,0,127,0,4842,2620,50,2211,0,0,50,0,0,50,2235,50,4512,2611,309,0,9677,50,20
"agent RandomAgent #110",RandomAgent,5.444,0,0.569,50,0,97,0,2718,1384,50,1353,0,0,50,0,0,50,1331,50,1767,1376,204,1,5444,50,20
"agent RandomAgent #111",RandomAgent,136.316,0,0.569,50,0,2857,0,68148,34655,50,33488,0,0,50,0,0,50,33511,50,19427,34662,350,2,136316,50,20
"agent RandomAgent #112",RandomAgent,1.839,0,0.569,50,0,62,0,898,434,50,493,0,0,50,0,0,50,471,50,488,441,102,3,1839,50,20
"agent RandomAgent #113",RandomAgent,63.163,0,0.569,50,0,1375,0,31895,15849,50,15725,0,0,50,0,0,50,15749,50,13183,15840,368,0,63163,50,20
"agent RandomAgent #114",RandomAgent,55.088,0,0.569,50,0,1129,0,27608,15362,50,12197,0,0,50,0,0,50,12175,50,9956,15354,365,1,55088,50,20
"agent RandomAgent #115",RandomAgent,34.988,0,0.569,50,0,764,0,17428,8587,50,8892,0,0,50,0,0,50,8915,50,6381,8594,364,2,34988,50,20
"agent RandomAgent #116",RandomAgent,74.061,0,0.569,50,0,1756,0,36887,19386,50,17652,0,0,50,0,0,50,17630,50,10430,19393,355,3,74061,50,20
"agent RandomAgent #117",RandomAgent,33.381,0,0.569,50,0,613,0,16993,8201,50,8482,0,0,50,0,0,50,8506,50,7122,8192,311,0,33381,50,20
"agent RandomAgent #118",RandomAgent,4.41,0,0.569,50,0,88,0,2131,1113,50,1107,0,0,50,0,0,50,1085,50,1938,1105,166,1,4410,50,20
"agent RandomAgent #119",RandomAgent,87.728,0,0.569,50,0,1702,0,43659,21450,50,22399,0,0,50,0,0,50,22422,50,11880,21457,382,2,87728,50,20
"agent RandomAgent #120",RandomAgent,81.081,0,0.569,50,0,1639,0,40540,20733,50,19815,0,0,50,0,0,50,19793,50,7120,20740,386,3,81081,50,20
"agent RandomAgent #121",RandomAgent,138.063,0,0.569,50,0,3287,0,69375,33931,50,35093,0,0,50,0,0,50,35117,50,8146,33922,394,0,138063,50,20
"agent RandomAgent #122",RandomAgent,31.438,0,0.569,50,0,778,0,15667,7516,50,8218,0,0,50,0,0,50,8196,50,4826,7508,217,1,31438,50,20
"agent RandomAgent #123",RandomAgent,84.004,0,0.569,50,0,2004,0,42000,20771,50,21216,0,0,50,0,0,50,21239,50,7645,20778,385,2,84004,50,20
"agent RandomAgent #124",RandomAgent,14.573,0,0.569,50,0,310,0,7313,3708,50,3586,0,0,50,0,0,50,3564,50,3105,3715,231,3,14573,50,20
"agent RandomAgent #125",RandomAgent,65.065,0,0.569,50,0,1586,0,32602,16886,50,15639,0,0,50,0,0,50,15663,50,8205,16877,382,0,65065,50,20
"agent RandomAgent #126",RandomAgent,7.39,0,0.569,50,0,142,0,3656,2069,50,1641,0,0,50,0,0,50,1619,50,1516,2061,204,1,7390,50,20
"agent RandomAgent #127",RandomAgent,171.13,0,0.569,50,0,3460,0,85900,45326,50,40224,0,0,50,0,0,50,40247,50,10682,45333,382,2,171130,50,20
"agent RandomAgent #128",RandomAgent,3.423,0,0.569,50,0,82,0,1721,863,50,856,0,0,50,0,0,50,834,50,523,870,128,3,3423,50,20
"agent RandomAgent #129",RandomAgent,20.601,0,0.569,50,0,481,0,10370,5171,50,5122,0,0,50,0,0,50,5146,50,3703,5162,321,0,20601,50,20
"agent RandomAgent #130",RandomAgent,17.328,0,0.569,50,0,427,0,8545,3918,50,4761,0,0,50,0,0,50,4739,50,2366,3910,208,1,17328,50,20
"agent RandomAgent #131",RandomAgent,91.63,0,0.569,50,0,1885,0,46015,23003,50,22797,0,0,50,0,0,50,22820,50,5818,23010,373,2,91630,50,20
"agent RandomAgent #132",RandomAgent,2.065,0,0.569,50,0,55,0,1001,584,50,456,0,0,50,0,0,50,434,50,415,591,90,3,2065,50,20
"agent RandomAgent #133",RandomAgent,33.013,0,0.569,50,0,422,0,16424,8052,50,8447,0,0,50,0,0,50,8471,50,3328,8043,359,0,33013,50,20
"agent RandomAgent #134",RandomAgent,9.936,0,0.569,50,0,295,0,4998,2327,50,2656,0,0,50,0,0,50,2634,50,1272,2319,195,1,9936,50,20
"agent RandomAgent #135",RandomAgent,179.45,0,0.569,50,0,4236,0,89929,46247,50,43463,0,0,50,0,0,50,43486,50,4041,46254,359,2,179450,50,20
"agent RandomAgent #136",RandomAgent,20.507,0,0.569,50,0,775,0,10113,5181,50,5080,0,0,50,0,0,50,5058,50,1858,5188,207,3,20507,50,20
"agent RandomAgent #137",RandomAgent,33.833,0,0.569,50,0,796,0,16896,9424,50,7485,0,0,50,0,0,50,7509,50,2580,9415,356,0,33833,50,20
"agent RandomAgent #138",RandomAgent,3.358,0,0.569,50,0,66,0,1667,964,50,730,0,0,50,0,0,50,708,50,725,956,101,1,3358,50,20
"agent RandomAgent #139",RandomAgent,25.402,0,0.569,50,0,529,0,12719,6389,50,6297,0,0,50,0,0,50,6320,50,1481,6396,329,2,25402,50,20
"agent RandomAgent #140",RandomAgent,0.691,0,0.569,50,0,0,0,347,185,50,168,0,0,50,0,0,50,146,50,171,192,57,3,691,50,20
"agent RandomAgent #141",RandomAgent,52.119,0,0.569,50,0,1233,0,26336,13282,50,12770,0,0,50,0,0,50,12794,50,970,13273,311,0,52119,50,20
"agent RandomAgent #142",RandomAgent,27.316,0,0.569,50,0,561,0,13693,6770,50,6903,0,0,50,0,0,50,6881,50,1477,6762,245,1,27316,50,20
"agent RandomAgent #143",RandomAgent,19.354,0,0.569,50,0,511,0,9651,5148,50,4514,0,0,50,0,0,50,4537,50,1019,5155,356,2,19354,50,20
"agent RandomAgent #144",RandomAgent,14.829,0,0.569,50,0,171,0,7466,3418,50,4004,0,0,50,0,0,50,3982,50,563,3425,215,3,14829,50,20
"agent RandomAgent #145",RandomAgent,30.727,0,0.569,50,0,583,0,15308,7596,50,7760,0,0,50,0,0,50,7784,50,1259,7587,324,0,30727,50,20
"agent RandomAgent #146",RandomAgent,2.876,0,0.569,50,0,74,0,1412,703,50,750,0,0,50,0,0,50,728,50,337,695,127,1,2876,50,20
"agent RandomAgent #147",RandomAgent,98.098,0,0.569,50,0,2163,0,49249,25441,50,23593,0,0,50,0,0,50,23616,50,368,25448,370,2,98098,50,20
"agent RandomAgent #148",RandomAgent,13.609,0,0.569,50,0,297,0,6761,3289,50,3523,0,0,50,0,0,50,3501,50,110,3296,141,3,13609,50,20
"agent RandomAgent #149",RandomAgent,34.435,0,0.569,50,0,924,0,17294,8171,50,9039,0,0,50,0,0,50,9063,50,103,8162,382,0,34435,50,20
"agent RandomAgent #150",RandomAgent,6.73,0,0.569,50,0,111,0,3359,1574,50,1806,0,0,50,0,0,50,1784,50,68,1566,142,1,6730,50,20
"agent NegotiatingAgent #151",NegotiatingAgent,0.382,9009,0.569,50,138,9,0,9,94,50,82,276,290,50,0,0,50,105,50,651,101,281,2,382,50,20
"agent NegotiatingAgent #152",NegotiatingAgent,0.661,5021,0.569,50,90,14,0,14,164,50,174,175,320,50,0,0,50,152,50,498,171,354,3,661,50,20
"agent NegotiatingAgent #153",NegotiatingAgent,0.275,4840,0.569,50,109,3,0,3,78,50,52,225,268,50,0,1,50,76,50,610,69,254,0,275,50,20
"agent NegotiatingAgent #154",NegotiatingAgent,0.692,3870,0.569,50,79,17,0,17,177,50,184,173,341,50,7,1,50,162,50,708,169,380,1,692,50,20
"agent NegotiatingAgent #155",NegotiatingAgent,0.288,4984,0.569,50,79,6,0,6,72,50,57,192,242,50,8,0,50,80,50,471,79,234,2,288,50,20
"agent NegotiatingAgent #156",NegotiatingAgent,0.085,1354,0.569,50,37,3,0,3,14,50,36,70,86,50,0,0,50,14,50,153,21,66,3,85,50,20
"agent NegotiatingAgent #157",NegotiatingAgent,0.363,3108,0.569,50,65,8,0,8,100,50,74,214,287,50,24,2,50,98,50,552,91,298,0,363,50,20
"agent NegotiatingAgent #158",NegotiatingAgent,0.436,5623,0.569,50,99,6,0,7,110,50,123,259,267,50,4,10,50,101,50,562,102,252,1,436,50,20
"agent NegotiatingAgent #159",NegotiatingAgent,0.274,478,0.569,50,16,5,0,5,62,50,60,34,124,50,0,4,50,83,50,237,69,227,2,274,50,20
"agent NegotiatingAgent #160",NegotiatingAgent,0.539,2880,0.569,50,59,9,0,10,130,50,147,133,224,50,3,0,50,125,50,494,137,293,3,539,50,20
"agent NegotiatingAgent #161",NegotiatingAgent,0.333,4863,0.569,50,98,5,0,6,83,50,76,281,291,50,20,4,50,100,50,544,74,283,0,333,50,20
"agent NegotiatingAgent #162",NegotiatingAgent,0.548,6839,0.569,50,104,11,0,12,130,50,159,263,339,50,15,1,50,137,50,513,122,308,1,548,50,20
"agent NegotiatingAgent #163",NegotiatingAgent,0.472,3560,0.569,50,56,10,0,10,114,50,107,299,362,50,59,3,50,130,50,648,121,326,2,472,50,20
"agent NegotiatingAgent #164",NegotiatingAgent,0.439,5857,0.569,50,89,5,0,7,106,50,121,224,279,50,9,6,50,99,50,549,113,243,3,439,50,20
"agent NegotiatingAgent #165",NegotiatingAgent,0.359,1365,0.569,50,40,7,0,7,96,50,76,168,219,50,29,4,50,100,50,551,87,296,0,359,50,20
"agent NegotiatingAgent #166",NegotiatingAgent,0.086,130,0.569,50,15,2,0,2,28,50,30,48,56,50,2,2,50,8,50,208,20,77,1,86,50,20
"agent NegotiatingAgent #167",NegotiatingAgent,0.332,4602,0.569,50,63,7,0,7,78,50,73,193,237,50,17,2,50,96,50,528,85,256,2,332,50,20
"agent NegotiatingAgent #168",NegotiatingAgent,0.153,511,0.569,50,20,6,0,6,26,50,58,78,79,50,8,6,50,36,50,206,33,100,3,153,50,20
"agent NegotiatingAgent #169",NegotiatingAgent,0.259,1840,0.569,50,43,3,0,3,68,50,54,198,220,50,25,7,50,78,50,607,59,246,0,259,50,20
"agent NegotiatingAgent #170",NegotiatingAgent,0.528,1084,0.569,50,23,11,0,11,135,50,144,206,289,50,55,4,50,122,50,410,127,298,1,528,50,20
"agent NegotiatingAgent #171",NegotiatingAgent,0.48,1634,0.569,50,25,11,0,11,114,50,111,263,324,50,61,10,50,134,50,607,121,330,2,480,50,20
"agent NegotiatingAgent #172",NegotiatingAgent,0.491,877,0.569,50,22,6,0,8,116,50,137,254,299,50,80,4,50,115,50,408,123,269,3,491,50,20
"agent NegotiatingAgent #173",NegotiatingAgent,0.251,1573,0.569,50,34,2,0,2,70,50,48,231,256,50,37,11,50,72,50,482,61,242,0,251,50,20
"agent NegotiatingAgent #174",NegotiatingAgent,0.162,347,0.569,50,7,5,0,5,40,50,56,44,72,50,2,11,50,34,50,260,32,115,1,162,50,20
"agent NegotiatingAgent #175",NegotiatingAgent,0.33,2636,0.569,50,56,5,0,5,82,50,68,203,248,50,20,9,50,91,50,501,89,255,2,330,50,20
"agent NegotiatingAgent #176",NegotiatingAgent,0.101,198,0.569,50,19,4,0,4,20,50,38,81,85,50,15,6,50,16,50,165,27,74,3,101,50,20
"agent NegotiatingAgent #177",NegotiatingAgent,0.247,2256,0.569,50,40,2,0,2,64,50,52,247,233,50,43,9,50,76,50,672,55,240,0,247,50,20
"agent NegotiatingAgent #178",NegotiatingAgent,0.12,14,0.569,50,1,4,0,4,35,50,40,62,65,50,8,16,50,18,50,400,27,94,1,120,50,20
"agent NegotiatingAgent #179",NegotiatingAgent,0.35,1698,0.569,50,30,4,0,4,88,50,72,232,266,50,60,6,50,95,50,511,95,265,2,350,50,20
"agent NegotiatingAgent #180",NegotiatingAgent,0.459,2066,0.569,50,34,4,0,5,118,50,119,155,233,50,15,9,50,97,50,592,125,253,3,459,50,20
"agent NegotiatingAgent #181",NegotiatingAgent,0.397,771,0.569,50,17,6,0,7,94,50,97,194,277,50,47,6,50,121,50,688,85,315,0,397,50,20
"agent NegotiatingAgent #182",NegotiatingAgent,0.64,2127,0.569,50,34,13,0,13,155,50,180,221,358,50,52,8,50,158,50,485,147,354,1,640,50,20
"agent NegotiatingAgent #183",NegotiatingAgent,0.362,5077,0.569,50,62,5,0,5,88,50,78,210,304,50,20,6,50,101,50,500,95,271,2,362,50,20
"agent NegotiatingAgent #184",NegotiatingAgent,0.045,0,0.569,50,1,0,0,0,6,50,24,24,17,50,0,9,50,2,50,158,13,46,3,45,50,20
"agent NegotiatingAgent #185",NegotiatingAgent,0.343,261,0.569,50,9,5,0,6,84,50,80,259,244,50,56,17,50,104,50,228,75,288,0,343,50,20
"agent NegotiatingAgent #186",NegotiatingAgent,0.38,501,0.569,50,13,2,0,4,96,50,109,127,241,50,31,6,50,87,50,411,88,224,1,380,50,20
"agent NegotiatingAgent #187",NegotiatingAgent,0.346,1959,0.569,50,22,6,0,6,84,50,74,149,237,50,23,11,50,97,50,552,91,263,2,346,50,20
"agent NegotiatingAgent #188",NegotiatingAgent,0.417,589,0.569,50,12,6,0,7,102,50,114,204,256,50,50,9,50,92,50,434,109,232,3,417,50,20
"agent NegotiatingAgent #189",NegotiatingAgent,0.319,663,0.569,50,13,2,0,3,78,50,74,170,177,50,38,12,50,98,50,578,69,276,0,319,50,20
"agent NegotiatingAgent #190",NegotiatingAgent,0.072,0,0.569,50,1,2,0,2,23,50,28,45,41,50,5,7,50,6,50,243,15,70,1,72,50,20
"agent NegotiatingAgent #191",NegotiatingAgent,0.294,1406,0.569,50,28,4,0,5,62,50,70,75,155,50,7,2,50,93,50,454,69,237,2,294,50,20
"agent NegotiatingAgent #192",NegotiatingAgent,0.161,0,0.569,50,0,6,0,6,28,50,60,53,78,50,13,7,50,38,50,198,35,104,3,161,50,20
"agent NegotiatingAgent #193",NegotiatingAgent,0.373,513,0.569,50,8,9,0,10,94,50,85,207,237,50,48,17,50,109,50,681,85,303,0,373,50,20
"agent NegotiatingAgent #194",NegotiatingAgent,0.438,318,0.569,50,9,4,0,5,106,50,128,111,168,50,31,3,50,106,50,271,98,253,1,438,50,20
"agent NegotiatingAgent #195",NegotiatingAgent,0.29,913,0.569,50,21,4,0,5,58,50,72,107,197,50,22,4,50,95,50,339,65,235,2,290,50,20
"agent NegotiatingAgent #196",NegotiatingAgent,0.449,93,0.569,50,3,5,0,7,104,50,128,187,242,50,49,12,50,106,50,327,111,248,3,449,50,20
"agent NegotiatingAgent #197",NegotiatingAgent,0.291,42,0.569,50,2,5,0,5,76,50,62,77,151,50,11,19,50,86,50,877,67,262,0,291,50,20
"agent NegotiatingAgent #198",NegotiatingAgent,0.36,0,0.569,50,0,4,0,5,95,50,100,216,266,50,70,6,50,78,50,371,87,214,1,360,50,20
"agent NegotiatingAgent #199",NegotiatingAgent,0.274,0,0.569,50,2,5,0,5,64,50,58,76,143,50,22,9,50,81,50,118,71,227,2,274,50,20
"agent NegotiatingAgent #200",NegotiatingAgent,0.319,0,0.569,50,0,1,0,2,78,50,89,105,266,50,18,21,50,67,50,548,85,183,3,319,50,20
"agent SwarmAgent #201",SwarmAgent,0.239,0,0.569,50,0,1,0,1,64,50,48,0,0,50,0,0,50,72,50,949,55,236,0,239,50,20
"agent SwarmAgent #202",SwarmAgent,0.324,0,0.569,50,0,2,0,3,89,50,88,0,0,50,0,0,50,66,50,613,81,196,1,324,50,20
"agent SwarmAgent #203",SwarmAgent,0.186,0,0.569,50,0,1,0,1,42,50,36,0,0,50,0,0,50,59,50,25,49,183,2,186,50,20
"agent SwarmAgent #204",SwarmAgent,0.331,0,0.569,50,0,0,0,2,85,50,88,0,0,50,0,0,50,66,50,436,92,189,3,331,50,20
"agent SwarmAgent #205",SwarmAgent,0.231,0,0.569,50,0,0,0,0,64,50,44,0,0,50,0,0,50,68,50,1059,55,232,0,231,50,20
"agent SwarmAgent #206",SwarmAgent,0.092,0,0.569,50,0,2,0,2,29,50,32,0,0,50,0,0,50,10,50,212,21,80,1,92,50,20
"agent SwarmAgent #207",SwarmAgent,0.224,0,0.569,50,0,1,0,1,56,50,41,0,0,50,0,0,50,64,50,164,63,202,2,224,50,20
"agent SwarmAgent #208",SwarmAgent,0.401,0,0.569,50,0,3,0,4,94,50,114,0,0,50,0,0,50,92,50,181,101,224,3,401,50,20
"agent SwarmAgent #209",SwarmAgent,0.239,0,0.569,50,0,1,0,1,64,50,48,0,0,50,0,0,50,72,50,682,55,236,0,239,50,20
"agent SwarmAgent #210",SwarmAgent,0.41,0,0.569,50,0,2,0,3,102,50,118,0,0,50,0,0,50,96,50,688,94,239,1,410,50,20
"agent SwarmAgent #211",SwarmAgent,0.298,0,0.569,50,0,2,0,2,76,50,58,0,0,50,0,0,50,81,50,395,83,239,2,298,50,20
"agent SwarmAgent #212",SwarmAgent,0.321,0,0.569,50,0,1,0,2,82,50,86,0,0,50,0,0,50,64,50,118,89,184,3,321,50,20
"agent SwarmAgent #213",SwarmAgent,0.231,0,0.569,50,0,0,0,0,64,50,44,0,0,50,0,0,50,68,50,799,55,232,0,231,50,20
"agent SwarmAgent #214",SwarmAgent,0.322,0,0.569,50,0,1,0,2,88,50,88,0,0,50,0,0,50,66,50,223,80,195,1,322,50,20
"agent SwarmAgent #215",SwarmAgent,0.348,0,0.569,50,0,3,0,3,88,50,71,0,0,50,0,0,50,94,50,750,95,264,2,348,50,20
"agent SwarmAgent #216",SwarmAgent,0.409,0,0.569,50,0,2,0,3,96,50,116,0,0,50,0,0,50,94,50,118,103,228,3,409,50,20
"agent SwarmAgent #217",SwarmAgent,0.233,0,0.569,50,0,0,0,1,64,50,45,0,0,50,0,0,50,69,50,1453,55,233,0,233,50,20
"agent SwarmAgent #218",SwarmAgent,0.068,0,0.569,50,0,1,0,1,23,50,26,0,0,50,0,0,50,4,50,200,15,68,1,68,50,20
"agent SwarmAgent #219",SwarmAgent,0.332,0,0.569,50,0,2,0,2,84,50,67,0,0,50,0,0,50,90,50,568,91,256,2,332,50,20
"agent SwarmAgent #220",SwarmAgent,0.397,0,0.569,50,0,2,0,3,92,50,114,0,0,50,0,0,50,92,50,46,99,222,3,397,50,20
"agent SwarmAgent #221",SwarmAgent,0.233,0,0.569,50,0,0,0,1,64,50,45,0,0,50,0,0,50,69,50,1217,55,233,0,233,50,20
"agent SwarmAgent #222",SwarmAgent,0.31,0,0.569,50,0,0,0,1,84,50,86,0,0,50,0,0,50,64,50,86,76,189,1,310,50,20
"agent SwarmAgent #223",SwarmAgent,0.332,0,0.569,50,0,2,0,2,84,50,67,0,0,50,0,0,50,90,50,234,91,256,2,332,50,20
"agent SwarmAgent #224",SwarmAgent,0.045,0,0.569,50,0,0,0,0,6,50,24,0,0,50,0,0,50,2,50,80,13,46,3,45,50,20
"agent SwarmAgent #225",SwarmAgent,0.231,0,0.569,50,0,0,0,0,64,50,44,0,0,50,0,0,50,68,50,450,55,232,0,231,50,20
"agent SwarmAgent #226",SwarmAgent,0.398,0,0.569,50,0,2,0,3,96,50,118,0,0,50,0,0,50,96,50,53,88,233,1,398,50,20
"agent SwarmAgent #227",SwarmAgent,0.298,0,0.569,50,0,2,0,2,76,50,58,0,0,50,0,0,50,81,50,75,83,239,2,298,50,20
"agent SwarmAgent #228",SwarmAgent,0.081,0,0.569,50,0,2,0,2,14,50,34,0,0,50,0,0,50,12,50,149,21,64,3,81,50,20
"agent SwarmAgent #229",SwarmAgent,0.233,0,0.569,50,0,0,0,1,64,50,45,0,0,50,0,0,50,69,50,749,55,233,0,233,50,20
"agent SwarmAgent #230",SwarmAgent,0.314,0,0.569,50,0,1,0,2,84,50,88,0,0,50,0,0,50,66,50,50,76,191,1,314,50,20
"agent SwarmAgent #231",SwarmAgent,0.348,0,0.569,50,0,3,0,3,88,50,71,0,0,50,0,0,50,94,50,359,95,264,2,348,50,20
"agent SwarmAgent #232",SwarmAgent,0.331,0,0.569,50,0,0,0,2,85,50,88,0,0,50,0,0,50,66,50,22,92,189,3,331,50,20
"agent SwarmAgent #233",SwarmAgent,0.233,0,0.569,50,0,0,0,1,64,50,45,0,0,50,0,0,50,69,50,513,55,233,0,233,50,20
"agent SwarmAgent #234",SwarmAgent,0.096,0,0.569,50,0,3,0,3,29,50,34,0,0,50,0,0,50,12,50,159,21,82,1,96,50,20
"agent SwarmAgent #235",SwarmAgent,0.286,0,0.569,50,0,1,0,1,70,50,58,0,0,50,0,0,50,81,50,579,77,233,2,286,50,20
"agent SwarmAgent #236",SwarmAgent,0.061,0,0.569,50,0,1,0,1,12,50,26,0,0,50,0,0,50,4,50,45,19,54,3,61,50,20
"agent SwarmAgent #237",SwarmAgent,0.233,0,0.569,50,0,0,0,1,64,50,45,0,0,50,0,0,50,69,50,279,55,233,0,233,50,20
"agent SwarmAgent #238",SwarmAgent,0.138,0,0.569,50,0,4,0,4,34,50,50,0,0,50,0,0,50,28,50,149,26,103,1,138,50,20
"agent SwarmAgent #239",SwarmAgent,0.286,0,0.569,50,0,1,0,1,70,50,58,0,0,50,0,0,50,81,50,292,77,233,2,286,50,20
"agent SwarmAgent #240",SwarmAgent,0.073,0,0.569,50,0,2,0,2,12,50,32,0,0,50,0,0,50,10,50,99,19,60,3,73,50,20
"agent SwarmAgent #241",SwarmAgent,0.239,0,0.569,50,0,1,0,1,64,50,48,0,0,50,0,0,50,72,50,263,55,236,0,239,50,20
"agent SwarmAgent #242",SwarmAgent,0.096,0,0.569,50,0,3,0,3,29,50,34,0,0,50,0,0,50,12,50,21,21,82,1,96,50,20
"agent SwarmAgent #243",SwarmAgent,0.286,0,0.569,50,0,1,0,1,70,50,58,0,0,50,0,0,50,81,50,5,77,233,2,286,50,20
"agent SwarmAgent #244",SwarmAgent,0.137,0,0.569,50,0,4,0,4,24,50,52,0,0,50,0,0,50,30,50,33,31,92,3,137,50,20
"agent SwarmAgent #245",SwarmAgent,0.239,0,0.569,50,0,1,0,1,64,50,48,0,0,50,0,0,50,72,50,23,55,236,0,239,50,20
"agent SwarmAgent #246",SwarmAgent,0.134,0,0.569,50,0,3,0,3,34,50,48,0,0,50,0,0,50,26,50,59,26,101,1,134,50,20
"agent SwarmAgent #247",SwarmAgent,0.348,0,0.569,50,0,3,0,3,88,50,71,0,0,50,0,0,50,94,50,0,95,264,2,348,50,20
"agent SwarmAgent #248",SwarmAgent,0.145,0,0.569,50,0,4,0,4,26,50,54,0,0,50,0,0,50,32,50,1,33,96,3,145,50,20
"agent SwarmAgent #249",SwarmAgent,0.231,0,0.569,50,0,0,0,0,64,50,44,0,0,50,0,0,50,68,50,0,55,232,0,231,50,20
"agent SwarmAgent #250",SwarmAgent,0.132,0,0.569,50,0,3,0,3,35,50,46,0,0,50,0,0,50,24,50,0,27,100,1,132,50,20
