agentName,agentType,averageSpeed,cumulatedUtilityReceived,freeWallRatio,numBacktrackAgents,numCFPAnswered,numDeadends,numDifferentEncounters,numDirectionChanges,numDownSteps,numForwardAgents,numLeftSteps,numMessagesReceived,numMessagesSent,numNegotiatingAgents,numProposalsAccepted,numProposalsRejected,numRandomAgents,numRightSteps,numSwarmAgents,numTotalEncounters,numUpSteps,numVisitedCells,startingPosition,stepsToExit,xsize,ysize
"agent BacktrackAgent #1",BacktrackAgent,0.315,0,0.569,25,0,8,0,8,78,25,72,0,0,25,0,0,25,96,50,1443,69,276,0,315,50,20
"agent BacktrackAgent #2",BacktrackAgent,0.57,0,0.569,25,0,17,0,17,132,25,168,0,0,25,0,0,25,146,50,1011,124,322,1,570,50,20
"agent BacktrackAgent #3",BacktrackAgent,0.23,0,0.569,25,0,5,0,5,56,25,44,0,0,25,0,0,25,67,50,588,63,213,2,230,50,20
"agent BacktrackAgent #4",BacktrackAgent,0.169,0,0.569,25,0,5,0,5,44,25,48,0,0,25,0,0,25,26,50,422,51,128,3,169,50,20
"agent BacktrackAgent #5",BacktrackAgent,0.343,0,0.569,25,0,11,0,11,84,25,80,0,0,25,0,0,25,104,50,672,75,290,0,343,50,20
"agent BacktrackAgent #6",BacktrackAgent,0.518,0,0.569,25,0,15,0,15,124,25,150,0,0,25,0,0,25,128,50,658,116,296,1,518,50,20
"agent BacktrackAgent #7",BacktrackAgent,0.368,0,0.569,25,0,12,0,12,80,25,89,0,0,25,0,0,25,112,50,711,87,282,2,368,50,20
"agent BacktrackAgent #8",BacktrackAgent,0.109,0,0.569,25,0,2,0,2,32,25,30,0,0,25,0,0,25,8,50,277,39,98,3,109,50,20
"agent BacktrackAgent #9",BacktrackAgent,0.331,0,0.569,25,0,10,0,10,82,25,76,0,0,25,0,0,25,100,50,1144,73,284,0,331,50,20
"agent BacktrackAgent #10",BacktrackAgent,0.508,0,0.569,25,0,13,0,13,119,25,150,0,0,25,0,0,25,128,50,893,111,291,1,508,50,20
"agent BacktrackAgent #11",BacktrackAgent,0.34,0,0.569,25,0,11,0,11,80,25,75,0,0,25,0,0,25,98,50,1304,87,268,2,340,50,20
"agent BacktrackAgent #12",BacktrackAgent,0.541,0,0.569,25,0,16,0,16,114,25,164,0,0,25,0,0,25,142,50,840,121,314,3,541,50,20
"agent BacktrackAgent #13",BacktrackAgent,0.303,0,0.569,25,0,7,0,7,74,25,70,0,0,25,0,0,25,94,50,1771,65,270,0,303,50,20
"agent BacktrackAgent #14",BacktrackAgent,0.57,0,0.569,25,0,17,0,17,132,25,168,0,0,25,0,0,25,146,50,1034,124,322,1,570,50,20
"agent BacktrackAgent #15",BacktrackAgent,0.254,0,0.569,25,0,5,0,5,54,25,58,0,0,25,0,0,25,81,50,693,61,225,2,254,50,20
"agent BacktrackAgent #16",BacktrackAgent,0.505,0,0.569,25,0,15,0,15,110,25,150,0,0,25,0,0,25,128,50,834,117,296,3,505,50,20
"agent BacktrackAgent #17",BacktrackAgent,0.387,0,0.569,25,0,12,0,12,92,25,94,0,0,25,0,0,25,118,50,1344,83,312,0,387,50,20
"agent BacktrackAgent #18",BacktrackAgent,0.518,0,0.569,25,0,15,0,15,124,25,150,0,0,25,0,0,25,128,50,1134,116,296,1,518,50,20
"agent BacktrackAgent #19",BacktrackAgent,0.3,0,0.569,25,0,5,0,5,70,25,65,0,0,25,0,0,25,88,50,830,77,248,2,300,50,20
"agent BacktrackAgent #20",BacktrackAgent,0.565,0,0.569,25,0,18,0,18,122,25,168,0,0,25,0,0,25,146,50,759,129,326,3,565,50,20
"agent BacktrackAgent #21",BacktrackAgent,0.391,0,0.569,25,0,13,0,13,94,25,94,0,0,25,0,0,25,118,50,1436,85,314,0,391,50,20
"agent BacktrackAgent #22",BacktrackAgent,0.576,0,0.569,25,0,17,0,17,135,25,168,0,0,25,0,0,25,146,50,603,127,325,1,576,50,20
"agent BacktrackAgent #23",BacktrackAgent,0.372,0,0.569,25,0,11,0,11,84,25,87,0,0,25,0,0,25,110,50,894,91,284,2,372,50,20
"agent BacktrackAgent #24",BacktrackAgent,0.169,0,0.569,25,0,5,0,5,44,25,48,0,0,25,0,0,25,26,50,522,51,128,3,169,50,20
"agent BacktrackAgent #25",BacktrackAgent,0.275,0,0.569,25,0,4,0,4,76,25,54,0,0,25,0,0,25,78,50,792,67,256,0,275,50,20
"agent ForwardAgent #26",ForwardAgent,0.27,0,0.569,25,0,4,0,4,82,25,68,0,0,25,0,0,25,46,50,533,74,128,1,270,50,20
"agent ForwardAgent #27",ForwardAgent,0.386,0,0.569,25,0,12,0,12,80,25,98,0,0,25,0,0,25,121,50,636,87,229,2,386,50,20
"agent ForwardAgent #28",ForwardAgent,0.137,0,0.569,25,0,2,0,2,32,25,44,0,0,25,0,0,25,22,50,473,39,112,3,137,50,20
"agent ForwardAgent #29",ForwardAgent,1.075,0,0.569,25,0,30,0,30,250,25,280,0,0,25,0,0,25,304,50,1206,241,284,0,1075,50,20
"agent ForwardAgent #30",ForwardAgent,1.488,0,0.569,25,0,42,0,42,361,25,398,0,0,25,0,0,25,376,50,1134,353,298,1,1488,50,20
"agent ForwardAgent #31",ForwardAgent,0.514,0,0.569,25,0,9,0,9,116,25,126,0,0,25,0,0,25,149,50,802,123,274,2,514,50,20
"agent ForwardAgent #32",ForwardAgent,2.037,0,0.569,25,0,57,0,57,454,25,572,0,0,25,0,0,25,550,50,1101,461,322,3,2037,50,20
"agent ForwardAgent #33",ForwardAgent,2.327,0,0.569,25,0,68,0,68,542,25,614,0,0,25,0,0,25,638,50,1344,533,326,0,2327,50,20
"agent ForwardAgent #34",ForwardAgent,0.188,0,0.569,25,0,6,0,6,49,25,60,0,0,25,0,0,25,38,50,201,41,103,1,188,50,20
"agent ForwardAgent #35",ForwardAgent,1.75,0,0.569,25,0,50,0,50,368,25,492,0,0,25,0,0,25,515,50,900,375,296,2,1750,50,20
"agent ForwardAgent #36",ForwardAgent,0.261,0,0.569,25,0,11,0,11,74,25,64,0,0,25,0,0,25,42,50,322,81,136,3,261,50,20
"agent ForwardAgent #37",ForwardAgent,0.995,0,0.569,25,0,27,0,27,238,25,252,0,0,25,0,0,25,276,50,985,229,280,0,995,50,20
"agent ForwardAgent #38",ForwardAgent,2.452,0,0.569,25,0,72,0,72,561,25,680,0,0,25,0,0,25,658,50,1218,553,290,1,2452,50,20
"agent ForwardAgent #39",ForwardAgent,1.21,0,0.569,25,0,50,0,50,258,25,332,0,0,25,0,0,25,355,50,591,265,302,2,1210,50,20
"agent ForwardAgent #40",ForwardAgent,0.557,0,0.569,25,0,9,0,9,128,25,158,0,0,25,0,0,25,136,50,656,135,262,3,557,50,20
"agent ForwardAgent #41",ForwardAgent,0.259,0,0.569,25,0,4,0,4,68,25,54,0,0,25,0,0,25,78,50,843,59,244,0,259,50,20
"agent ForwardAgent #42",ForwardAgent,0.778,0,0.569,25,0,18,0,18,208,25,196,0,0,25,0,0,25,174,50,635,200,274,1,778,50,20
"agent ForwardAgent #43",ForwardAgent,0.816,0,0.569,25,0,26,0,26,186,25,207,0,0,25,0,0,25,230,50,543,193,314,2,816,50,20
"agent ForwardAgent #44",ForwardAgent,0.209,0,0.569,25,0,3,0,3,40,25,72,0,0,25,0,0,25,50,50,374,47,146,3,209,50,20
"agent ForwardAgent #45",ForwardAgent,1.195,0,0.569,25,0,44,0,44,256,25,334,0,0,25,0,0,25,358,50,727,247,320,0,1195,50,20
"agent ForwardAgent #46",ForwardAgent,0.08,0,0.569,25,0,1,0,1,29,25,26,0,0,25,0,0,25,4,50,225,21,77,1,80,50,20
"agent ForwardAgent #47",ForwardAgent,0.832,0,0.569,25,0,34,0,34,182,25,219,0,0,25,0,0,25,242,50,449,189,300,2,832,50,20
"agent ForwardAgent #48",ForwardAgent,1.781,0,0.569,25,0,49,0,49,392,25,506,0,0,25,0,0,25,484,50,830,399,282,3,1781,50,20
"agent ForwardAgent #49",ForwardAgent,0.715,0,0.569,25,0,18,0,18,184,25,166,0,0,25,0,0,25,190,50,1110,175,290,0,715,50,20
"agent ForwardAgent #50",ForwardAgent,0.302,0,0.569,25,0,13,0,13,70,25,96,0,0,25,0,0,25,74,50,526,62,108,1,302,50,20
"agent RandomAgent #51",RandomAgent,14.368,0,0.569,25,0,552,0,7253,3503,25,3666,0,0,25,0,0,25,3689,50,4119,3510,283,2,14368,50,20
"agent RandomAgent #52",RandomAgent,2.065,0,0.569,25,0,12,0,1042,473,25,567,0,0,25,0,0,25,545,50,590,480,110,3,2065,50,20
"agent RandomAgent #53",RandomAgent,347.661,0,0.569,25,0,11525,0,174490,76670,25,97153,0,0,25,0,0,25,97177,50,15778,76661,326,0,347661,50,20
"agent RandomAgent #54",RandomAgent,2.506,0,0.569,25,0,60,0,1225,869,25,399,0,0,25,0,0,25,377,50,1082,861,104,1,2506,50,20
"agent RandomAgent #55",RandomAgent,8.544,0,0.569,25,0,250,0,4246,2321,25,1936,0,0,25,0,0,25,1959,50,2380,2328,249,2,8544,50,20
"agent RandomAgent #56",RandomAgent,43.249,0,0.569,25,0,1004,0,21705,11123,25,10509,0,0,25,0,0,25,10487,50,6965,11130,311,3,43249,50,20
"agent RandomAgent #57",RandomAgent,53.295,0,0.569,25,0,1803,0,26547,11501,25,15139,0,0,25,0,0,25,15163,50,8657,11492,326,0,53295,50,20
"agent RandomAgent #58",RandomAgent,56.738,0,0.569,25,0,1738,0,28384,11953,25,16431,0,0,25,0,0,25,16409,50,8977,11945,305,1,56738,50,20
"agent RandomAgent #59",RandomAgent,74.85,0,0.569,25,0,2351,0,37487,16976,25,20434,0,0,25,0,0,25,20457,50,7115,16983,326,2,74850,50,20
"agent RandomAgent #60",RandomAgent,36.467,0,0.569,25,0,1100,0,18368,7713,25,10528,0,0,25,0,0,25,10506,50,3809,7720,287,3,36467,50,20
"agent RandomAgent #61",RandomAgent,80.765,0,0.569,25,0,2600,0,40443,18469,25,21906,0,0,25,0,0,25,21930,50,8622,18460,306,0,80765,50,20
"agent RandomAgent #62",RandomAgent,18.454,0,0.569,25,0,612,0,9087,4369,25,4873,0,0,25,0,0,25,4851,50,1645,4361,213,1,18454,50,20
"agent RandomAgent #63",RandomAgent,43.444,0,0.569,25,0,1002,0,21552,10316,25,11391,0,0,25,0,0,25,11414,50,4535,10323,325,2,43444,50,20
"agent RandomAgent #64",RandomAgent,136.447,0,0.569,25,0,4181,0,68131,29771,25,38460,0,0,25,0,0,25,38438,50,8014,29778,326,3,136447,50,20
"agent RandomAgent #65",RandomAgent,109.445,0,0.569,25,0,3208,0,54552,24674,25,30041,0,0,25,0,0,25,30065,50,5622,24665,303,0,109445,50,20
"agent RandomAgent #66",RandomAgent,41.566,0,0.569,25,0,1284,0,20763,10113,25,10685,0,0,25,0,0,25,10663,50,2024,10105,326,1,41566,50,20
"agent RandomAgent #67",RandomAgent,103.47,0,0.569,25,0,3071,0,52031,24253,25,27467,0,0,25,0,0,25,27490,50,4621,24260,300,2,103470,50,20
"agent RandomAgent #68",RandomAgent,11.889,0,0.569,25,0,178,0,5978,3305,25,2647,0,0,25,0,0,25,2625,50,1223,3312,130,3,11889,50,20
"agent RandomAgent #69",RandomAgent,55.649,0,0.569,25,0,1887,0,28009,12426,25,15391,0,0,25,0,0,25,15415,50,3078,12417,302,0,55649,50,20
"agent RandomAgent #70",RandomAgent,6.622,0,0.569,25,0,98,0,3325,2102,25,1224,0,0,25,0,0,25,1202,50,227,2094,116,1,6622,50,20
"agent RandomAgent #71",RandomAgent,10.51,0,0.569,25,0,255,0,5300,2835,25,2405,0,0,25,0,0,25,2428,50,519,2842,241,2,10510,50,20
"agent RandomAgent #72",RandomAgent,69.605,0,0.569,25,0,1864,0,34980,15141,25,19669,0,0,25,0,0,25,19647,50,954,15148,300,3,69605,50,20
"agent RandomAgent #73",RandomAgent,11.715,0,0.569,25,0,320,0,5836,3028,25,2822,0,0,25,0,0,25,2846,50,207,3019,292,0,11715,50,20
"agent RandomAgent #74",RandomAgent,14.6,0,0.569,25,0,355,0,7372,3719,25,3596,0,0,25,0,0,25,3574,50,368,3711,296,1,14600,50,20
"agent RandomAgent #75",RandomAgent,115.606,0,0.569,25,0,3449,0,58032,26148,25,31640,0,0,25,0,0,25,31663,50,125,26155,326,2,115606,50,20
"agent NegotiatingAgent #76",NegotiatingAgent,0.481,2820,0.569,25,39,13,0,13,102,25,146,78,220,25,0,0,25,124,50,526,109,284,3,481,50,20
"agent NegotiatingAgent #77",NegotiatingAgent,0.259,285,0.569,25,22,4,0,4,70,25,52,45,115,25,2,0,25,76,50,480,61,248,0,259,50,20
"agent NegotiatingAgent #78",NegotiatingAgent,0.082,4,0.569,25,8,2,0,2,30,25,26,12,29,25,0,0,25,4,50,142,22,78,1,82,50,20
"agent NegotiatingAgent #79",NegotiatingAgent,0.198,13,0.569,25,9,1,0,1,46,25,38,15,57,25,0,0,25,61,50,121,53,197,2,198,50,20
"agent NegotiatingAgent #80",NegotiatingAgent,0.109,4,0.569,25,9,2,0,2,32,25,30,24,44,25,0,3,25,8,50,117,39,98,3,109,50,20
"agent NegotiatingAgent #81",NegotiatingAgent,0.395,1557,0.569,25,36,14,0,14,92,25,98,84,161,25,3,1,25,122,50,411,83,316,0,395,50,20
"agent NegotiatingAgent #82",NegotiatingAgent,0.082,1,0.569,25,4,2,0,2,30,25,26,11,78,25,0,2,25,4,50,343,22,78,1,82,50,20
"agent NegotiatingAgent #83",NegotiatingAgent,0.312,2080,0.569,25,38,8,0,8,72,25,69,77,142,25,0,0,25,92,50,266,79,254,2,312,50,20
"agent NegotiatingAgent #84",NegotiatingAgent,0.145,18,0.569,25,8,3,0,3,36,25,44,31,33,25,1,5,25,22,50,96,43,116,3,145,50,20
"agent NegotiatingAgent #85",NegotiatingAgent,0.275,1951,0.569,25,32,5,0,5,76,25,54,126,201,25,18,3,25,78,50,336,67,256,0,275,50,20
"agent NegotiatingAgent #86",NegotiatingAgent,0.48,974,0.569,25,23,6,0,6,119,25,136,88,177,25,13,2,25,114,50,407,111,277,1,480,50,20
"agent NegotiatingAgent #87",NegotiatingAgent,0.372,1223,0.569,25,19,7,0,7,88,25,83,96,191,25,24,0,25,106,50,364,95,284,2,372,50,20
"agent NegotiatingAgent #88",NegotiatingAgent,0.161,14,0.569,25,2,4,0,4,40,25,48,37,48,25,4,11,25,26,50,176,47,124,3,161,50,20
"agent NegotiatingAgent #89",NegotiatingAgent,0.319,1437,0.569,25,23,7,0,7,80,25,72,101,136,25,15,5,25,96,50,397,71,278,0,319,50,20
"agent NegotiatingAgent #90",NegotiatingAgent,0.134,2,0.569,25,2,4,0,4,38,25,44,16,45,25,4,2,25,22,50,136,30,104,1,134,50,20
"agent NegotiatingAgent #91",NegotiatingAgent,0.306,1352,0.569,25,21,7,0,7,64,25,74,61,94,25,4,2,25,97,50,309,71,251,2,306,50,20
"agent NegotiatingAgent #92",NegotiatingAgent,0.387,809,0.569,25,13,7,0,8,84,25,117,57,150,25,12,1,25,95,50,407,91,237,3,387,50,20
"agent NegotiatingAgent #93",NegotiatingAgent,0.283,251,0.569,25,5,6,0,6,76,25,58,77,159,25,20,9,25,82,50,618,67,260,0,283,50,20
"agent NegotiatingAgent #94",NegotiatingAgent,0.424,400,0.569,25,5,5,0,7,96,25,131,87,151,25,21,10,25,109,50,353,88,249,1,424,50,20
"agent NegotiatingAgent #95",NegotiatingAgent,0.302,337,0.569,25,7,6,0,7,66,25,70,75,119,25,21,3,25,93,50,189,73,249,2,302,50,20
"agent NegotiatingAgent #96",NegotiatingAgent,0.381,222,0.569,25,4,5,0,7,83,25,115,49,183,25,14,3,25,93,50,318,90,234,3,381,50,20
"agent NegotiatingAgent #97",NegotiatingAgent,0.303,104,0.569,25,2,5,0,5,76,25,68,62,91,25,19,6,25,92,50,311,67,270,0,303,50,20
"agent NegotiatingAgent #98",NegotiatingAgent,0.366,81,0.569,25,1,2,0,3,93,25,105,69,183,25,25,2,25,83,50,171,85,220,1,366,50,20
"agent NegotiatingAgent #99",NegotiatingAgent,0.398,0,0.569,25,0,6,0,8,91,25,93,65,260,25,21,6,25,116,50,520,98,297,2,398,50,20
"agent NegotiatingAgent #100",NegotiatingAgent,0.145,68,0.569,25,14,3,0,3,36,25,44,23,35,25,0,0,25,22,50,62,43,116,3,145,50,20
"agent SwarmAgent #101",SwarmAgent,0.239,0,0.569,25,0,1,0,1,64,25,48,0,0,25,0,0,25,72,50,1752,55,238,0,239,50,20
"agent SwarmAgent #102",SwarmAgent,0.37,0,0.569,25,0,1,0,2,91,25,109,0,0,25,0,0,25,87,50,443,83,222,1,370,50,20
"agent SwarmAgent #103",SwarmAgent,0.202,0,0.569,25,0,2,0,2,48,25,38,0,0,25,0,0,25,61,50,280,55,199,2,202,50,20
"agent SwarmAgent #104",SwarmAgent,0.355,0,0.569,25,0,4,0,5,74,25,111,0,0,25,0,0,25,89,50,830,81,221,3,355,50,20
"agent SwarmAgent #105",SwarmAgent,0.235,0,0.569,25,0,0,0,0,64,25,46,0,0,25,0,0,25,70,50,1168,55,236,0,235,50,20
"agent SwarmAgent #106",SwarmAgent,0.136,0,0.569,25,0,3,0,3,39,25,44,0,0,25,0,0,25,22,50,131,31,105,1,136,50,20
"agent SwarmAgent #107",SwarmAgent,0.276,0,0.569,25,0,1,0,1,66,25,57,0,0,25,0,0,25,80,50,1434,73,236,2,276,50,20
"agent SwarmAgent #108",SwarmAgent,0.133,0,0.569,25,0,1,0,1,34,25,40,0,0,25,0,0,25,18,50,220,41,110,3,133,50,20
"agent SwarmAgent #109",SwarmAgent,0.235,0,0.569,25,0,0,0,0,64,25,46,0,0,25,0,0,25,70,50,932,55,236,0,235,50,20
"agent SwarmAgent #110",SwarmAgent,0.082,0,0.569,25,0,2,0,2,30,25,26,0,0,25,0,0,25,4,50,261,22,78,1,82,50,20
"agent SwarmAgent #111",SwarmAgent,0.276,0,0.569,25,0,1,0,1,66,25,57,0,0,25,0,0,25,80,50,1157,73,236,2,276,50,20
"agent SwarmAgent #112",SwarmAgent,0.307,0,0.569,25,0,1,0,2,68,25,93,0,0,25,0,0,25,71,50,128,75,197,3,307,50,20
"agent SwarmAgent #113",SwarmAgent,0.235,0,0.569,25,0,0,0,0,64,25,46,0,0,25,0,0,25,70,50,694,55,236,0,235,50,20
"agent SwarmAgent #114",SwarmAgent,0.074,0,0.569,25,0,1,0,1,26,25,26,0,0,25,0,0,25,4,50,252,18,74,1,74,50,20
"agent SwarmAgent #115",SwarmAgent,0.292,0,0.569,25,0,3,0,3,70,25,61,0,0,25,0,0,25,84,50,371,77,244,2,292,50,20
"agent SwarmAgent #116",SwarmAgent,0.355,0,0.569,25,0,4,0,5,74,25,111,0,0,25,0,0,25,89,50,440,81,221,3,355,50,20
"agent SwarmAgent #117",SwarmAgent,0.239,0,0.569,25,0,1,0,1,64,25,48,0,0,25,0,0,25,72,50,1471,55,238,0,239,50,20
"agent SwarmAgent #118",SwarmAgent,0.08,0,0.569,25,0,1,0,1,29,25,26,0,0,25,0,0,25,4,50,17,21,77,1,80,50,20
"agent SwarmAgent #119",SwarmAgent,0.276,0,0.569,25,0,1,0,1,66,25,57,0,0,25,0,0,25,80,50,863,73,236,2,276,50,20
"agent SwarmAgent #120",SwarmAgent,0.355,0,0.569,25,0,3,0,4,76,25,109,0,0,25,0,0,25,87,50,94,83,221,3,355,50,20
"agent SwarmAgent #121",SwarmAgent,0.239,0,0.569,25,0,1,0,1,64,25,48,0,0,25,0,0,25,72,50,1229,55,238,0,239,50,20
"agent SwarmAgent #122",SwarmAgent,0.072,0,0.569,25,0,0,0,0,25,25,26,0,0,25,0,0,25,4,50,85,17,73,1,72,50,20
"agent SwarmAgent #123",SwarmAgent,0.202,0,0.569,25,0,2,0,2,48,25,38,0,0,25,0,0,25,61,50,71,55,199,2,202,50,20
"agent SwarmAgent #124",SwarmAgent,0.311,0,0.569,25,0,2,0,3,68,25,95,0,0,25,0,0,25,73,50,347,75,199,3,311,50,20
"agent SwarmAgent #125",SwarmAgent,0.239,0,0.569,25,0,1,0,1,64,25,48,0,0,25,0,0,25,72,50,988,55,238,0,239,50,20
"agent SwarmAgent #126",SwarmAgent,0.074,0,0.569,25,0,1,0,1,26,25,26,0,0,25,0,0,25,4,50,103,18,74,1,74,50,20
"agent SwarmAgent #127",SwarmAgent,0.276,0,0.569,25,0,1,0,1,66,25,57,0,0,25,0,0,25,80,50,582,73,236,2,276,50,20
"agent SwarmAgent #128",SwarmAgent,0.085,0,0.569,25,0,0,0,0,24,25,26,0,0,25,0,0,25,4,50,196,31,86,3,85,50,20
"agent SwarmAgent #129",SwarmAgent,0.235,0,0.569,25,0,0,0,0,64,25,46,0,0,25,0,0,25,70,50,417,55,236,0,235,50,20
"agent SwarmAgent #130",SwarmAgent,0.072,0,0.569,25,0,0,0,0,25,25,26,0,0,25,0,0,25,4,50,12,17,73,1,72,50,20
"agent SwarmAgent #131",SwarmAgent,0.234,0,0.569,25,0,1,0,1,52,25,50,0,0,25,0,0,25,73,50,61,59,215,2,234,50,20
"agent SwarmAgent #132",SwarmAgent,0.099,0,0.569,25,0,0,0,1,27,25,30,0,0,25,0,0,25,8,50,47,34,93,3,99,50,20
"agent SwarmAgent #133",SwarmAgent,0.239,0,0.569,25,0,1,0,1,64,25,48,0,0,25,0,0,25,72,50,737,55,238,0,239,50,20
"agent SwarmAgent #134",SwarmAgent,0.37,0,0.569,25,0,1,0,2,91,25,109,0,0,25,0,0,25,87,50,23,83,222,1,370,50,20
"agent SwarmAgent #135",SwarmAgent,0.276,0,0.569,25,0,1,0,1,66,25,57,0,0,25,0,0,25,80,50,301,73,236,2,276,50,20
"agent SwarmAgent #136",SwarmAgent,0.303,0,0.569,25,0,0,0,1,68,25,91,0,0,25,0,0,25,69,50,23,75,195,3,303,50,20
"agent SwarmAgent #137",SwarmAgent,0.239,0,0.569,25,0,1,0,1,64,25,48,0,0,25,0,0,25,72,50,495,55,238,0,239,50,20
"agent SwarmAgent #138",SwarmAgent,0.332,0,0.569,25,0,1,0,2,86,25,95,0,0,25,0,0,25,73,50,26,78,203,1,332,50,20
"agent SwarmAgent #139",SwarmAgent,0.292,0,0.569,25,0,3,0,3,70,25,61,0,0,25,0,0,25,84,50,21,77,244,2,292,50,20
"agent SwarmAgent #140",SwarmAgent,0.311,0,0.569,25,0,2,0,3,68,25,95,0,0,25,0,0,25,73,50,11,75,199,3,311,50,20
"agent SwarmAgent #141",SwarmAgent,0.239,0,0.569,25,0,1,0,1,64,25,48,0,0,25,0,0,25,72,50,252,55,238,0,239,50,20
"agent SwarmAgent #142",SwarmAgent,0.134,0,0.569,25,0,4,0,4,42,25,40,0,0,25,0,0,25,18,50,78,34,104,1,134,50,20
"agent SwarmAgent #143",SwarmAgent,0.198,0,0.569,25,0,1,0,1,48,25,36,0,0,25,0,0,25,59,50,3,55,197,2,198,50,20
"agent SwarmAgent #144",SwarmAgent,0.085,0,0.569,25,0,0,0,0,24,25,26,0,0,25,0,0,25,4,50,86,31,86,3,85,50,20
"agent SwarmAgent #145",SwarmAgent,0.235,0,0.569,25,0,0,0,0,64,25,46,0,0,25,0,0,25,70,50,13,55,236,0,235,50,20
"agent SwarmAgent #146",SwarmAgent,0.34,0,0.569,25,0,2,0,3,90,25,95,0,0,25,0,0,25,73,50,22,82,207,1,340,50,20
"agent SwarmAgent #147",SwarmAgent,0.276,0,0.569,25,0,1,0,1,66,25,57,0,0,25,0,0,25,80,50,1,73,236,2,276,50,20
"agent SwarmAgent #148",SwarmAgent,0.085,0,0.569,25,0,0,0,0,24,25,26,0,0,25,0,0,25,4,50,0,31,86,3,85,50,20
"agent SwarmAgent #149",SwarmAgent,0.239,0,0.569,25,0,1,0,1,64,25,48,0,0,25,0,0,25,72,50,0,55,238,0,239,50,20
"agent SwarmAgent #150",SwarmAgent,0.082,0,0.569,25,0,2,0,2,30,25,26,0,0,25,0,0,25,4,50,0,22,78,1,82,50,20
