agentName,agentType,averageSpeed,cumulatedUtilityReceived,freeWallRatio,numBacktrackAgents,numCFPAnswered,numDeadends,numDifferentEncounters,numDirectionChanges,numDownSteps,numForwardAgents,numLeftSteps,numMessagesReceived,numMessagesSent,numNegotiatingAgents,numProposalsAccepted,numProposalsRejected,numRandomAgents,numRightSteps,numSwarmAgents,numTotalEncounters,numUpSteps,numVisitedCells,startingPosition,stepsToExit,xsize,ysize
"agent BacktrackAgent #1",BacktrackAgent,0.219,0,0.569,25,0,4,0,4,52,25,50,0,0,50,0,0,25,74,25,1792,43,200,0,219,50,20
"agent BacktrackAgent #2",BacktrackAgent,0.294,0,0.569,25,0,12,0,12,72,25,90,0,0,50,0,0,25,68,25,722,64,187,1,294,50,20
"agent BacktrackAgent #3",BacktrackAgent,0.319,0,0.569,25,0,13,0,13,68,25,76,0,0,50,0,0,25,100,25,811,75,196,2,319,50,20
"agent BacktrackAgent #4",BacktrackAgent,0.185,0,0.569,25,0,9,0,9,40,25,60,0,0,50,0,0,25,38,25,556,47,112,3,185,50,20
"agent BacktrackAgent #5",BacktrackAgent,0.643,0,0.569,25,0,22,0,22,150,25,164,0,0,50,0,0,25,188,25,1853,141,412,0,643,50,20
"agent BacktrackAgent #6",BacktrackAgent,0.56,0,0.569,25,0,14,0,14,127,25,168,0,0,50,0,0,25,146,25,914,119,320,1,560,50,20
"agent BacktrackAgent #7",BacktrackAgent,0.763,0,0.569,25,0,22,0,22,168,25,198,0,0,50,0,0,25,222,25,759,175,418,2,763,50,20
"agent BacktrackAgent #8",BacktrackAgent,0.493,0,0.569,25,0,10,0,10,106,25,148,0,0,50,0,0,25,126,25,320,113,266,3,493,50,20
"agent BacktrackAgent #9",BacktrackAgent,0.635,0,0.569,25,0,20,0,20,148,25,162,0,0,50,0,0,25,186,25,1669,139,408,0,635,50,20
"agent BacktrackAgent #10",BacktrackAgent,0.108,0,0.569,25,0,5,0,5,33,25,36,0,0,50,0,0,25,14,25,602,25,94,1,108,50,20
"agent BacktrackAgent #11",BacktrackAgent,0.511,0,0.569,25,0,8,0,8,112,25,128,0,0,50,0,0,25,152,25,964,119,292,2,511,50,20
"agent BacktrackAgent #12",BacktrackAgent,0.249,0,0.569,25,0,10,0,10,52,25,80,0,0,50,0,0,25,58,25,422,59,144,3,249,50,20
"agent BacktrackAgent #13",BacktrackAgent,0.627,0,0.569,25,0,20,0,20,146,25,160,0,0,50,0,0,25,184,25,2352,137,404,0,627,50,20
"agent BacktrackAgent #14",BacktrackAgent,0.098,0,0.569,25,0,2,0,2,26,25,38,0,0,50,0,0,25,16,25,425,18,89,1,98,50,20
"agent BacktrackAgent #15",BacktrackAgent,0.755,0,0.569,25,0,21,0,21,166,25,196,0,0,50,0,0,25,220,25,1182,173,414,2,755,50,20
"agent BacktrackAgent #16",BacktrackAgent,0.233,0,0.569,25,0,8,0,8,48,25,76,0,0,50,0,0,25,54,25,356,55,136,3,233,50,20
"agent BacktrackAgent #17",BacktrackAgent,0.231,0,0.569,25,0,4,0,4,56,25,52,0,0,50,0,0,25,76,25,1910,47,206,0,231,50,20
"agent BacktrackAgent #18",BacktrackAgent,0.116,0,0.569,25,0,5,0,5,29,25,44,0,0,50,0,0,25,22,25,742,21,98,1,116,50,20
"agent BacktrackAgent #19",BacktrackAgent,0.583,0,0.569,25,0,14,0,14,128,25,148,0,0,50,0,0,25,172,25,909,135,328,2,583,50,20
"agent BacktrackAgent #20",BacktrackAgent,0.489,0,0.569,25,0,9,0,9,106,25,146,0,0,50,0,0,25,124,25,439,113,264,3,489,50,20
"agent BacktrackAgent #21",BacktrackAgent,0.655,0,0.569,25,0,22,0,22,154,25,166,0,0,50,0,0,25,190,25,2039,145,418,0,655,50,20
"agent BacktrackAgent #22",BacktrackAgent,0.754,0,0.569,25,0,22,0,22,172,25,220,0,0,50,0,0,25,198,25,640,164,417,1,754,50,20
"agent BacktrackAgent #23",BacktrackAgent,0.107,0,0.569,25,0,2,0,2,22,25,16,0,0,50,0,0,25,40,25,315,29,90,2,107,50,20
"agent BacktrackAgent #24",BacktrackAgent,0.621,0,0.569,25,0,16,0,16,138,25,180,0,0,50,0,0,25,158,25,907,145,330,3,621,50,20
"agent BacktrackAgent #25",BacktrackAgent,0.247,0,0.569,25,0,5,0,5,58,25,58,0,0,50,0,0,25,82,25,1731,49,214,0,247,50,20
"agent ForwardAgent #26",ForwardAgent,1.05,0,0.569,25,0,38,0,38,232,25,308,0,0,50,0,0,25,286,25,825,224,204,1,1050,50,20
"agent ForwardAgent #27",ForwardAgent,0.791,0,0.569,25,0,27,0,27,180,25,200,0,0,50,0,0,25,224,25,895,187,154,2,791,50,20
"agent ForwardAgent #28",ForwardAgent,0.269,0,0.569,25,0,6,0,6,62,25,80,0,0,50,0,0,25,58,25,562,69,144,3,269,50,20
"agent ForwardAgent #29",ForwardAgent,0.839,0,0.569,25,0,31,0,31,188,25,224,0,0,50,0,0,25,248,25,1551,179,380,0,839,50,20
"agent ForwardAgent #30",ForwardAgent,0.464,0,0.569,25,0,15,0,15,105,25,142,0,0,50,0,0,25,120,25,660,97,238,1,464,50,20
"agent ForwardAgent #31",ForwardAgent,0.327,0,0.569,25,0,15,0,15,72,25,76,0,0,50,0,0,25,100,25,688,79,92,2,327,50,20
"agent ForwardAgent #32",ForwardAgent,3.245,0,0.569,25,0,66,0,66,726,25,904,0,0,50,0,0,25,882,25,1103,733,360,3,3245,50,20
"agent ForwardAgent #33",ForwardAgent,0.187,0,0.569,25,0,1,0,1,46,25,40,0,0,50,0,0,25,64,25,1193,37,184,0,187,50,20
"agent ForwardAgent #34",ForwardAgent,0.64,0,0.569,25,0,33,0,33,147,25,188,0,0,50,0,0,25,166,25,862,139,104,1,640,50,20
"agent ForwardAgent #35",ForwardAgent,1.203,0,0.569,25,0,30,0,30,268,25,318,0,0,50,0,0,25,342,25,790,275,348,2,1203,50,20
"agent ForwardAgent #36",ForwardAgent,0.237,0,0.569,25,0,6,0,6,50,25,76,0,0,50,0,0,25,54,25,410,57,102,3,237,50,20
"agent ForwardAgent #37",ForwardAgent,0.963,0,0.569,25,0,15,0,15,226,25,248,0,0,50,0,0,25,272,25,1371,217,214,0,963,50,20
"agent ForwardAgent #38",ForwardAgent,0.714,0,0.569,25,0,22,0,22,172,25,200,0,0,50,0,0,25,178,25,576,164,185,1,714,50,20
"agent ForwardAgent #39",ForwardAgent,0.427,0,0.569,25,0,17,0,17,86,25,112,0,0,50,0,0,25,136,25,605,93,188,2,427,50,20
"agent ForwardAgent #40",ForwardAgent,0.301,0,0.569,25,0,11,0,11,74,25,84,0,0,50,0,0,25,62,25,636,81,132,3,301,50,20
"agent ForwardAgent #41",ForwardAgent,1.655,0,0.569,25,0,36,0,36,388,25,432,0,0,50,0,0,25,456,25,1451,379,322,0,1655,50,20
"agent ForwardAgent #42",ForwardAgent,0.862,0,0.569,25,0,50,0,50,176,25,270,0,0,50,0,0,25,248,25,684,168,112,1,862,50,20
"agent ForwardAgent #43",ForwardAgent,0.451,0,0.569,25,0,12,0,12,98,25,112,0,0,50,0,0,25,136,25,447,105,228,2,451,50,20
"agent ForwardAgent #44",ForwardAgent,0.269,0,0.569,25,0,12,0,12,54,25,88,0,0,50,0,0,25,66,25,274,61,110,3,269,50,20
"agent ForwardAgent #45",ForwardAgent,0.955,0,0.569,25,0,30,0,30,216,25,254,0,0,50,0,0,25,278,25,1104,207,322,0,955,50,20
"agent ForwardAgent #46",ForwardAgent,0.648,0,0.569,25,0,8,0,8,155,25,184,0,0,50,0,0,25,162,25,639,147,292,1,648,50,20
"agent ForwardAgent #47",ForwardAgent,0.171,0,0.569,25,0,9,0,9,36,25,34,0,0,50,0,0,25,58,25,344,43,80,2,171,50,20
"agent ForwardAgent #48",ForwardAgent,1.069,0,0.569,25,0,62,0,62,244,25,298,0,0,50,0,0,25,276,25,811,251,130,3,1069,50,20
"agent ForwardAgent #49",ForwardAgent,2.267,0,0.569,25,0,36,0,36,516,25,610,0,0,50,0,0,25,634,25,1414,507,214,0,2267,50,20
"agent ForwardAgent #50",ForwardAgent,0.188,0,0.569,25,0,11,0,11,35,25,74,0,0,50,0,0,25,52,25,476,27,94,1,188,50,20
"agent RandomAgent #51",RandomAgent,3.013,0,0.569,25,0,149,0,1518,726,25,765,0,0,50,0,0,25,789,25,1569,733,119,2,3013,50,20
"agent RandomAgent #52",RandomAgent,8.093,0,0.569,25,0,429,0,4058,1676,25,2378,0,0,50,0,0,25,2356,25,2042,1683,120,3,8093,50,20
"agent RandomAgent #53",RandomAgent,11.963,0,0.569,25,0,317,0,6134,3262,25,2712,0,0,50,0,0,25,2736,25,3047,3253,228,0,11963,50,20
"agent RandomAgent #54",RandomAgent,45.126,0,0.569,25,0,2313,0,22698,10278,25,12300,0,0,50,0,0,25,12278,25,2813,10270,190,1,45126,50,20
"agent RandomAgent #55",RandomAgent,7.159,0,0.569,25,0,201,0,3505,1494,25,2070,0,0,50,0,0,25,2094,25,1578,1501,147,2,7159,50,20
"agent RandomAgent #56",RandomAgent,16.349,0,0.569,25,0,627,0,8222,4041,25,4141,0,0,50,0,0,25,4119,25,1421,4048,189,3,16349,50,20
"agent RandomAgent #57",RandomAgent,11.079,0,0.569,25,0,274,0,5627,2657,25,2875,0,0,50,0,0,25,2899,25,1982,2648,222,0,11079,50,20
"agent RandomAgent #58",RandomAgent,11.33,0,0.569,25,0,585,0,5586,2554,25,3126,0,0,50,0,0,25,3104,25,1958,2546,116,1,11330,50,20
"agent RandomAgent #59",RandomAgent,19.837,0,0.569,25,0,827,0,9850,4841,25,5062,0,0,50,0,0,25,5086,25,1517,4848,130,2,19837,50,20
"agent RandomAgent #60",RandomAgent,6.047,0,0.569,25,0,208,0,2988,1381,25,1650,0,0,50,0,0,25,1628,25,1281,1388,125,3,6047,50,20
"agent RandomAgent #61",RandomAgent,21.411,0,0.569,25,0,441,0,10784,4746,25,5952,0,0,50,0,0,25,5976,25,3119,4737,222,0,21411,50,20
"agent RandomAgent #62",RandomAgent,6.48,0,0.569,25,0,415,0,3315,1299,25,1956,0,0,50,0,0,25,1934,25,1617,1291,116,1,6480,50,20
"agent RandomAgent #63",RandomAgent,12.333,0,0.569,25,0,266,0,6245,2645,25,3506,0,0,50,0,0,25,3530,25,1789,2652,262,2,12333,50,20
"agent RandomAgent #64",RandomAgent,63.305,0,0.569,25,0,1518,0,31738,12674,25,18986,0,0,50,0,0,25,18964,25,2503,12681,338,3,63305,50,20
"agent RandomAgent #65",RandomAgent,12.191,0,0.569,25,0,163,0,5980,2554,25,3534,0,0,50,0,0,25,3558,25,1002,2545,217,0,12191,50,20
"agent RandomAgent #66",RandomAgent,14.04,0,0.569,25,0,602,0,7012,3027,25,4008,0,0,50,0,0,25,3986,25,714,3019,218,1,14040,50,20
"agent RandomAgent #67",RandomAgent,26.985,0,0.569,25,0,564,0,13496,5340,25,8137,0,0,50,0,0,25,8161,25,981,5347,304,2,26985,50,20
"agent RandomAgent #68",RandomAgent,5.101,0,0.569,25,0,310,0,2556,1137,25,1421,0,0,50,0,0,25,1399,25,349,1144,114,3,5101,50,20
"agent RandomAgent #69",RandomAgent,9.643,0,0.569,25,0,112,0,4877,2268,25,2546,0,0,50,0,0,25,2570,25,342,2259,221,0,9643,50,20
"agent RandomAgent #70",RandomAgent,8.604,0,0.569,25,0,389,0,4304,1592,25,2725,0,0,50,0,0,25,2703,25,460,1584,163,1,8604,50,20
"agent RandomAgent #71",RandomAgent,9.825,0,0.569,25,0,461,0,4893,2563,25,2334,0,0,50,0,0,25,2358,25,706,2570,169,2,9825,50,20
"agent RandomAgent #72",RandomAgent,2.333,0,0.569,25,0,75,0,1178,415,25,759,0,0,50,0,0,25,737,25,51,422,107,3,2333,50,20
"agent RandomAgent #73",RandomAgent,27.607,0,0.569,25,0,323,0,13877,6827,25,6969,0,0,50,0,0,25,6993,25,72,6818,219,0,27607,50,20
"agent RandomAgent #74",RandomAgent,10.446,0,0.569,25,0,496,0,5277,2435,25,2803,0,0,50,0,0,25,2781,25,118,2427,167,1,10446,50,20
"agent RandomAgent #75",RandomAgent,10.163,0,0.569,25,0,420,0,5111,2149,25,2917,0,0,50,0,0,25,2941,25,96,2156,173,2,10163,50,20
"agent NegotiatingAgent #76",NegotiatingAgent,0.433,1645,0.569,25,32,5,0,5,94,25,130,141,231,50,29,0,25,108,25,363,101,236,3,433,50,20
"agent NegotiatingAgent #77",NegotiatingAgent,0.439,1577,0.569,25,42,5,0,8,108,25,104,168,202,50,30,11,25,128,25,580,99,310,0,439,50,20
"agent NegotiatingAgent #78",NegotiatingAgent,0.258,1052,0.569,25,33,8,0,8,64,25,80,132,173,50,22,3,25,58,25,266,56,169,1,258,50,20
"agent NegotiatingAgent #79",NegotiatingAgent,0.455,2190,0.569,25,37,5,0,5,102,25,110,156,197,50,24,5,25,134,25,429,109,264,2,455,50,20
"agent NegotiatingAgent #80",NegotiatingAgent,0.041,162,0.569,25,9,1,0,1,4,25,24,43,40,50,4,3,25,2,25,46,11,40,3,41,50,20
"agent NegotiatingAgent #81",NegotiatingAgent,0.435,570,0.569,25,27,4,0,5,104,25,106,208,218,50,14,53,25,130,25,346,95,308,0,435,50,20
"agent NegotiatingAgent #82",NegotiatingAgent,0.244,3455,0.569,25,41,5,0,6,61,25,76,184,191,50,19,12,25,54,25,384,53,162,1,244,50,20
"agent NegotiatingAgent #83",NegotiatingAgent,0.637,1695,0.569,25,30,6,0,7,145,25,158,225,261,50,53,2,25,182,25,278,152,355,2,637,50,20
"agent NegotiatingAgent #84",NegotiatingAgent,0.523,3165,0.569,25,41,6,0,7,119,25,150,221,261,50,38,5,25,128,25,375,126,281,3,523,50,20
"agent NegotiatingAgent #85",NegotiatingAgent,0.199,596,0.569,25,24,1,0,1,50,25,42,115,100,50,1,29,25,66,25,490,41,190,0,199,50,20
"agent NegotiatingAgent #86",NegotiatingAgent,0.618,1512,0.569,25,28,9,0,10,148,25,176,227,258,50,50,3,25,154,25,277,140,349,1,618,50,20
"agent NegotiatingAgent #87",NegotiatingAgent,0.191,364,0.569,25,4,6,0,7,40,25,40,156,161,50,48,2,25,64,25,220,47,132,2,191,50,20
"agent NegotiatingAgent #88",NegotiatingAgent,0.547,504,0.569,25,10,9,0,10,125,25,156,201,338,50,59,6,25,134,25,266,132,293,3,547,50,20
"agent NegotiatingAgent #89",NegotiatingAgent,0.203,196,0.569,25,6,2,0,2,48,25,46,116,83,50,7,39,25,70,25,188,39,192,0,203,50,20
"agent NegotiatingAgent #90",NegotiatingAgent,0.248,89,0.569,25,1,7,0,7,65,25,74,190,182,50,54,10,25,52,25,265,57,164,1,248,50,20
"agent NegotiatingAgent #91",NegotiatingAgent,0.199,2538,0.569,25,34,4,0,5,42,25,42,163,199,50,22,6,25,66,25,317,49,136,2,199,50,20
"agent NegotiatingAgent #92",NegotiatingAgent,0.041,0,0.569,25,0,1,0,1,4,25,24,47,39,50,12,3,25,2,25,16,11,40,3,41,50,20
"agent NegotiatingAgent #93",NegotiatingAgent,0.275,276,0.569,25,8,3,0,3,70,25,60,122,145,50,16,26,25,84,25,434,61,228,0,275,50,20
"agent NegotiatingAgent #94",NegotiatingAgent,0.494,540,0.569,25,6,7,0,7,116,25,146,159,181,50,45,8,25,124,25,206,108,287,1,494,50,20
"agent NegotiatingAgent #95",NegotiatingAgent,0.575,362,0.569,25,4,5,0,6,130,25,142,140,215,50,46,8,25,166,25,203,137,324,2,575,50,20
"agent NegotiatingAgent #96",NegotiatingAgent,0.487,296,0.569,25,3,2,0,3,109,25,142,190,304,50,63,10,25,120,25,288,116,263,3,487,50,20
"agent NegotiatingAgent #97",NegotiatingAgent,0.227,96,0.569,25,1,4,0,4,54,25,52,159,152,50,34,25,25,76,25,517,45,204,0,227,50,20
"agent NegotiatingAgent #98",NegotiatingAgent,0.442,0,0.569,25,0,3,0,3,106,25,130,162,282,50,51,5,25,108,25,358,98,261,1,442,50,20
"agent NegotiatingAgent #99",NegotiatingAgent,0.231,0,0.569,25,0,4,0,5,50,25,50,220,202,50,62,5,25,74,25,188,57,152,2,231,50,20
"agent NegotiatingAgent #100",NegotiatingAgent,0.381,3141,0.569,25,52,17,0,17,84,25,114,109,191,50,0,0,25,92,25,302,91,210,3,381,50,20
"agent NegotiatingAgent #101",NegotiatingAgent,0.639,3791,0.569,25,79,20,0,20,146,25,166,151,284,50,0,0,25,190,25,364,137,410,0,639,50,20
"agent NegotiatingAgent #102",NegotiatingAgent,0.728,7014,0.569,25,103,21,0,21,169,25,210,216,298,50,1,0,25,188,25,464,161,404,1,728,50,20
"agent NegotiatingAgent #103",NegotiatingAgent,0.119,966,0.569,25,46,4,0,4,24,25,20,104,102,50,0,0,25,44,25,201,31,96,2,119,50,20
"agent NegotiatingAgent #104",NegotiatingAgent,0.355,3373,0.569,25,64,11,0,12,77,25,108,154,186,50,8,0,25,86,25,351,84,197,3,355,50,20
"agent NegotiatingAgent #105",NegotiatingAgent,0.431,2896,0.569,25,69,10,0,10,100,25,108,140,165,50,1,2,25,132,25,340,91,306,0,431,50,20
"agent NegotiatingAgent #106",NegotiatingAgent,0.276,2689,0.569,25,53,9,0,9,67,25,86,112,201,50,1,0,25,64,25,385,59,178,1,276,50,20
"agent NegotiatingAgent #107",NegotiatingAgent,0.253,4191,0.569,25,87,4,0,5,53,25,58,208,199,50,2,1,25,82,25,393,60,163,2,253,50,20
"agent NegotiatingAgent #108",NegotiatingAgent,0.493,5109,0.569,25,71,10,0,10,106,25,148,146,179,50,1,0,25,126,25,267,113,266,3,493,50,20
"agent NegotiatingAgent #109",NegotiatingAgent,0.207,856,0.569,25,45,2,0,2,50,25,46,128,117,50,0,19,25,70,25,282,41,194,0,207,50,20
"agent NegotiatingAgent #110",NegotiatingAgent,0.594,4146,0.569,25,66,13,0,13,138,25,174,200,225,50,26,0,25,152,25,232,130,337,1,594,50,20
"agent NegotiatingAgent #111",NegotiatingAgent,0.539,3094,0.569,25,66,10,0,10,120,25,134,191,289,50,21,0,25,158,25,473,127,306,2,539,50,20
"agent NegotiatingAgent #112",NegotiatingAgent,0.049,100,0.569,25,9,1,0,1,8,25,24,21,48,50,0,2,25,2,25,69,15,44,3,49,50,20
"agent NegotiatingAgent #113",NegotiatingAgent,0.427,3026,0.569,25,61,5,0,7,102,25,104,223,238,50,22,17,25,128,25,324,93,304,0,427,50,20
"agent NegotiatingAgent #114",NegotiatingAgent,0.53,3770,0.569,25,62,11,0,11,124,25,156,193,329,50,14,2,25,134,25,481,116,305,1,530,50,20
"agent NegotiatingAgent #115",NegotiatingAgent,0.171,2152,0.569,25,42,4,0,5,32,25,38,156,139,50,13,4,25,62,25,356,39,122,2,171,50,20
"agent NegotiatingAgent #116",NegotiatingAgent,0.675,4283,0.569,25,61,8,0,11,155,25,190,211,267,50,24,5,25,168,25,414,162,357,3,675,50,20
"agent NegotiatingAgent #117",NegotiatingAgent,0.211,1285,0.569,25,47,3,0,3,52,25,46,115,125,50,2,6,25,70,25,303,43,196,0,211,50,20
"agent NegotiatingAgent #118",NegotiatingAgent,0.442,2404,0.569,25,49,3,0,3,106,25,130,201,249,50,28,9,25,108,25,338,98,261,1,442,50,20
"agent NegotiatingAgent #119",NegotiatingAgent,0.111,1459,0.569,25,37,3,0,3,22,25,18,129,122,50,11,2,25,42,25,267,29,92,2,111,50,20
"agent NegotiatingAgent #120",NegotiatingAgent,0.271,1174,0.569,25,24,7,0,8,59,25,84,173,192,50,41,2,25,62,25,204,66,155,3,271,50,20
"agent NegotiatingAgent #121",NegotiatingAgent,0.379,1462,0.569,25,42,6,0,7,86,25,96,142,195,50,15,11,25,120,25,497,77,280,0,379,50,20
"agent NegotiatingAgent #122",NegotiatingAgent,0.618,2494,0.569,25,36,9,0,9,146,25,178,162,235,50,35,5,25,156,25,284,138,349,1,618,50,20
"agent NegotiatingAgent #123",NegotiatingAgent,0.091,62,0.569,25,5,4,0,4,18,25,12,113,102,50,27,4,25,36,25,256,25,82,2,91,50,20
"agent NegotiatingAgent #124",NegotiatingAgent,0.283,1427,0.569,25,20,7,0,8,63,25,86,94,154,50,17,6,25,64,25,311,70,161,3,283,50,20
"agent NegotiatingAgent #125",NegotiatingAgent,0.239,805,0.569,25,48,5,0,5,56,25,56,158,163,50,13,11,25,80,25,402,47,210,0,239,50,20
"agent SwarmAgent #126",SwarmAgent,0.204,0,0.569,25,0,3,0,3,51,25,66,0,0,50,0,0,25,44,25,283,43,142,1,204,50,20
"agent SwarmAgent #127",SwarmAgent,0.487,0,0.569,25,0,6,0,6,110,25,118,0,0,50,0,0,25,142,25,507,117,280,2,487,50,20
"agent SwarmAgent #128",SwarmAgent,0.193,0,0.569,25,0,4,0,4,40,25,64,0,0,50,0,0,25,42,25,25,47,116,3,193,50,20
"agent SwarmAgent #129",SwarmAgent,0.219,0,0.569,25,0,1,0,2,58,25,44,0,0,50,0,0,25,68,25,460,49,200,0,219,50,20
"agent SwarmAgent #130",SwarmAgent,0.576,0,0.569,25,0,5,0,5,135,25,168,0,0,50,0,0,25,146,25,730,127,328,1,576,50,20
"agent SwarmAgent #131",SwarmAgent,0.487,0,0.569,25,0,3,0,4,106,25,122,0,0,50,0,0,25,146,25,233,113,280,2,487,50,20
"agent SwarmAgent #132",SwarmAgent,0.251,0,0.569,25,0,3,0,4,57,25,76,0,0,50,0,0,25,54,25,301,64,145,3,251,50,20
"agent SwarmAgent #133",SwarmAgent,0.203,0,0.569,25,0,2,0,2,52,25,42,0,0,50,0,0,25,66,25,321,43,192,0,203,50,20
"agent SwarmAgent #134",SwarmAgent,0.56,0,0.569,25,0,4,0,4,135,25,160,0,0,50,0,0,25,138,25,73,127,320,1,560,50,20
"agent SwarmAgent #135",SwarmAgent,0.095,0,0.569,25,0,2,0,2,18,25,14,0,0,50,0,0,25,38,25,65,25,84,2,95,50,20
"agent SwarmAgent #136",SwarmAgent,0.127,0,0.569,25,0,1,0,2,27,25,44,0,0,50,0,0,25,22,25,73,34,83,3,127,50,20
"agent SwarmAgent #137",SwarmAgent,0.215,0,0.569,25,0,2,0,2,54,25,46,0,0,50,0,0,25,70,25,508,45,198,0,215,50,20
"agent SwarmAgent #138",SwarmAgent,0.436,0,0.569,25,0,2,0,2,105,25,128,0,0,50,0,0,25,106,25,47,97,258,1,436,50,20
"agent SwarmAgent #139",SwarmAgent,0.483,0,0.569,25,0,5,0,5,110,25,116,0,0,50,0,0,25,140,25,425,117,278,2,483,50,20
"agent SwarmAgent #140",SwarmAgent,0.239,0,0.569,25,0,1,0,2,53,25,74,0,0,50,0,0,25,52,25,35,60,139,3,239,50,20
"agent SwarmAgent #141",SwarmAgent,0.187,0,0.569,25,0,1,0,1,46,25,40,0,0,50,0,0,25,64,25,148,37,184,0,187,50,20
"agent SwarmAgent #142",SwarmAgent,0.574,0,0.569,25,0,4,0,4,134,25,168,0,0,50,0,0,25,146,25,33,126,327,1,574,50,20
"agent SwarmAgent #143",SwarmAgent,0.483,0,0.569,25,0,5,0,5,110,25,116,0,0,50,0,0,25,140,25,27,117,278,2,483,50,20
"agent SwarmAgent #144",SwarmAgent,0.607,0,0.569,25,0,3,0,4,137,25,174,0,0,50,0,0,25,152,25,14,144,323,3,607,50,20
"agent SwarmAgent #145",SwarmAgent,0.235,0,0.569,25,0,2,0,3,60,25,50,0,0,50,0,0,25,74,25,216,51,208,0,235,50,20
"agent SwarmAgent #146",SwarmAgent,0.578,0,0.569,25,0,4,0,4,136,25,168,0,0,50,0,0,25,146,25,59,128,329,1,578,50,20
"agent SwarmAgent #147",SwarmAgent,0.103,0,0.569,25,0,3,0,3,20,25,16,0,0,50,0,0,25,40,25,0,27,88,2,103,50,20
"agent SwarmAgent #148",SwarmAgent,0.123,0,0.569,25,0,1,0,2,27,25,42,0,0,50,0,0,25,20,25,1,34,81,3,123,50,20
"agent SwarmAgent #149",SwarmAgent,0.215,0,0.569,25,0,2,0,2,54,25,46,0,0,50,0,0,25,70,25,0,45,198,0,215,50,20
"agent SwarmAgent #150",SwarmAgent,0.1,0,0.569,25,0,3,0,3,25,25,40,0,0,50,0,0,25,18,25,0,17,90,1,100,50,20
