agentName,agentType,averageSpeed,cumulatedUtilityReceived,freeWallRatio,numBacktrackAgents,numCFPAnswered,numDeadends,numDifferentEncounters,numDirectionChanges,numDownSteps,numForwardAgents,numLeftSteps,numMessagesReceived,numMessagesSent,numNegotiatingAgents,numProposalsAccepted,numProposalsRejected,numRandomAgents,numRightSteps,numSwarmAgents,numTotalEncounters,numUpSteps,numVisitedCells,startingPosition,stepsToExit,xsize,ysize
"agent BacktrackAgent #1",BacktrackAgent,0.125,0,0.569,10,0,2,0,2,35,10,20,0,0,10,0,0,10,44,10,371,26,110,0,125,50,20
"agent BacktrackAgent #2",BacktrackAgent,0.488,0,0.569,10,0,14,0,14,113,10,146,0,0,10,0,0,10,124,10,159,105,292,1,488,50,20
"agent BacktrackAgent #3",BacktrackAgent,0.12,0,0.569,10,0,1,0,1,22,10,23,0,0,10,0,0,10,46,10,187,29,101,2,120,50,20
"agent BacktrackAgent #4",BacktrackAgent,0.373,0,0.569,10,0,9,0,9,76,10,118,0,0,10,0,0,10,96,10,102,83,250,3,373,50,20
"agent BacktrackAgent #5",BacktrackAgent,0.097,0,0.569,10,0,1,0,1,29,10,12,0,0,10,0,0,10,36,10,351,20,96,0,97,50,20
"agent BacktrackAgent #6",BacktrackAgent,0.382,0,0.569,10,0,11,0,11,88,10,118,0,0,10,0,0,10,96,10,284,80,239,1,382,50,20
"agent BacktrackAgent #7",BacktrackAgent,0.468,0,0.569,10,0,12,0,12,106,10,113,0,0,10,0,0,10,136,10,373,113,275,2,468,50,20
"agent BacktrackAgent #8",BacktrackAgent,0.201,0,0.569,10,0,5,0,5,46,10,62,0,0,10,0,0,10,40,10,220,53,164,3,201,50,20
"agent BacktrackAgent #9",BacktrackAgent,0.093,0,0.569,10,0,0,0,0,29,10,10,0,0,10,0,0,10,34,10,216,20,94,0,93,50,20
"agent BacktrackAgent #10",BacktrackAgent,0.138,0,0.569,10,0,3,0,3,36,10,48,0,0,10,0,0,10,26,10,370,28,117,1,138,50,20
"agent ForwardAgent #11",ForwardAgent,0.316,0,0.569,10,0,8,0,8,64,10,79,0,0,10,0,0,10,102,10,102,71,169,2,316,50,20
"agent ForwardAgent #12",ForwardAgent,0.753,0,0.569,10,0,22,0,22,176,10,208,0,0,10,0,0,10,186,10,319,183,196,3,753,50,20
"agent ForwardAgent #13",ForwardAgent,0.141,0,0.569,10,0,2,0,2,43,10,20,0,0,10,0,0,10,44,10,206,34,96,0,141,50,20
"agent ForwardAgent #14",ForwardAgent,0.274,0,0.569,10,0,7,0,7,70,10,82,0,0,10,0,0,10,60,10,138,62,152,1,274,50,20
"agent ForwardAgent #15",ForwardAgent,0.464,0,0.569,10,0,12,0,12,92,10,125,0,0,10,0,0,10,148,10,213,99,212,2,464,50,20
"agent ForwardAgent #16",ForwardAgent,0.369,0,0.569,10,0,15,0,15,88,10,104,0,0,10,0,0,10,82,10,297,95,184,3,369,50,20
"agent ForwardAgent #17",ForwardAgent,0.285,0,0.569,10,0,8,0,8,73,10,62,0,0,10,0,0,10,86,10,136,64,110,0,285,50,20
"agent ForwardAgent #18",ForwardAgent,0.748,0,0.569,10,0,24,0,24,171,10,218,0,0,10,0,0,10,196,10,152,163,218,1,748,50,20
"agent ForwardAgent #19",ForwardAgent,0.238,0,0.569,10,0,3,0,3,50,10,54,0,0,10,0,0,10,77,10,179,57,160,2,238,50,20
"agent ForwardAgent #20",ForwardAgent,0.225,0,0.569,10,0,4,0,4,50,10,70,0,0,10,0,0,10,48,10,152,57,176,3,225,50,20
"agent RandomAgent #21",RandomAgent,6.475,0,0.569,10,0,139,0,3237,1600,10,1630,0,0,10,0,0,10,1654,10,866,1591,106,0,6475,50,20
"agent RandomAgent #22",RandomAgent,13.048,0,0.569,10,0,215,0,6399,3276,10,3263,0,0,10,0,0,10,3241,10,507,3268,145,1,13048,50,20
"agent RandomAgent #23",RandomAgent,3.116,0,0.569,10,0,124,0,1653,534,10,1009,0,0,10,0,0,10,1032,10,254,541,100,2,3116,50,20
"agent RandomAgent #24",RandomAgent,19.551,0,0.569,10,0,558,0,9694,4936,10,4847,0,0,10,0,0,10,4825,10,1388,4943,204,3,19551,50,20
"agent RandomAgent #25",RandomAgent,4.213,0,0.569,10,0,134,0,2111,1141,10,958,0,0,10,0,0,10,982,10,249,1132,114,0,4213,50,20
"agent RandomAgent #26",RandomAgent,20.284,0,0.569,10,0,787,0,10160,4683,10,5474,0,0,10,0,0,10,5452,10,885,4675,232,1,20284,50,20
"agent RandomAgent #27",RandomAgent,21.136,0,0.569,10,0,967,0,10629,5033,10,5520,0,0,10,0,0,10,5543,10,6,5040,156,2,21136,50,20
"agent RandomAgent #28",RandomAgent,22.533,0,0.569,10,0,520,0,11214,5323,10,5951,0,0,10,0,0,10,5929,10,151,5330,196,3,22533,50,20
"agent RandomAgent #29",RandomAgent,9.083,0,0.569,10,0,205,0,4502,2450,10,2084,0,0,10,0,0,10,2108,10,12,2441,114,0,9083,50,20
"agent RandomAgent #30",RandomAgent,14.308,0,0.569,10,0,471,0,7180,3421,10,3748,0,0,10,0,0,10,3726,10,14,3413,211,1,14308,50,20
"agent NegotiatingAgent #31",NegotiatingAgent,0.512,271,0.569,10,4,16,0,16,114,10,127,8,73,10,0,0,10,150,10,120,121,297,2,512,50,20
"agent NegotiatingAgent #32",NegotiatingAgent,0.209,247,0.569,10,12,5,0,5,44,10,68,22,52,10,0,0,10,46,10,67,51,168,3,209,50,20
"agent NegotiatingAgent #33",NegotiatingAgent,0.129,10,0.569,10,4,3,0,3,35,10,22,6,12,10,0,0,10,46,10,267,26,112,0,129,50,20
"agent NegotiatingAgent #34",NegotiatingAgent,0.4,815,0.569,10,15,8,0,9,89,10,126,34,73,10,2,0,10,104,10,181,81,248,1,400,50,20
"agent NegotiatingAgent #35",NegotiatingAgent,0.324,29,0.569,10,3,4,0,5,67,10,80,10,38,10,3,0,10,103,10,45,74,203,2,324,50,20
"agent NegotiatingAgent #36",NegotiatingAgent,0.315,96,0.569,10,3,5,0,6,64,10,101,12,50,10,3,0,10,79,10,44,71,221,3,315,50,20
"agent NegotiatingAgent #37",NegotiatingAgent,0.125,0,0.569,10,0,2,0,2,35,10,20,8,69,10,2,2,10,44,10,93,26,110,0,125,50,20
"agent NegotiatingAgent #38",NegotiatingAgent,0.448,99,0.569,10,1,11,0,12,103,10,136,32,64,10,10,5,10,114,10,47,95,272,1,448,50,20
"agent NegotiatingAgent #39",NegotiatingAgent,0.19,0,0.569,10,0,8,0,8,40,10,40,4,10,10,0,2,10,63,10,94,47,136,2,190,50,20
"agent NegotiatingAgent #40",NegotiatingAgent,0.423,0,0.569,10,0,8,0,9,90,10,129,25,87,10,9,3,10,107,10,86,97,275,3,423,50,20
"agent SwarmAgent #41",SwarmAgent,0.125,0,0.569,10,0,2,0,2,33,10,22,0,0,10,0,0,10,46,10,150,24,110,0,125,50,20
"agent SwarmAgent #42",SwarmAgent,0.142,0,0.569,10,0,3,0,3,38,10,48,0,0,10,0,0,10,26,10,42,30,119,1,142,50,20
"agent SwarmAgent #43",SwarmAgent,0.164,0,0.569,10,0,5,0,5,30,10,37,0,0,10,0,0,10,60,10,21,37,123,2,164,50,20
"agent SwarmAgent #44",SwarmAgent,0.325,0,0.569,10,0,6,0,6,64,10,106,0,0,10,0,0,10,84,10,5,71,226,3,325,50,20
"agent SwarmAgent #45",SwarmAgent,0.097,0,0.569,10,0,1,0,1,29,10,12,0,0,10,0,0,10,36,10,61,20,96,0,97,50,20
"agent SwarmAgent #46",SwarmAgent,0.274,0,0.569,10,0,4,0,4,60,10,92,0,0,10,0,0,10,70,10,95,52,185,1,274,50,20
"agent SwarmAgent #47",SwarmAgent,0.368,0,0.569,10,0,3,0,4,80,10,89,0,0,10,0,0,10,112,10,3,87,225,2,368,50,20
"agent SwarmAgent #48",SwarmAgent,0.285,0,0.569,10,0,2,0,2,54,10,96,0,0,10,0,0,10,74,10,0,61,206,3,285,50,20
"agent SwarmAgent #49",SwarmAgent,0.129,0,0.569,10,0,3,0,3,35,10,22,0,0,10,0,0,10,46,10,0,26,112,0,129,50,20
"agent SwarmAgent #50",SwarmAgent,0.146,0,0.569,10,0,4,0,4,38,10,50,0,0,10,0,0,10,28,10,0,30,121,1,146,50,20
