agentName,agentType,averageSpeed,cumulatedUtilityReceived,freeWallRatio,numBacktrackAgents,numCFPAnswered,numDeadends,numDifferentEncounters,numDirectionChanges,numDownSteps,numForwardAgents,numLeftSteps,numMessagesReceived,numMessagesSent,numNegotiatingAgents,numProposalsAccepted,numProposalsRejected,numRandomAgents,numRightSteps,numSwarmAgents,numTotalEncounters,numUpSteps,numVisitedCells,startingPosition,stepsToExit,xsize,ysize
"agent BacktrackAgent #1",BacktrackAgent,0.347,0,0.569,50,0,7,0,7,88,50,78,0,0,50,0,0,50,102,50,2415,79,308,0,347,50,20
"agent BacktrackAgent #2",BacktrackAgent,0.725,0,0.569,50,0,18,0,18,164,50,214,0,0,50,0,0,50,192,50,2273,155,394,1,725,50,20
"agent BacktrackAgent #3",BacktrackAgent,0.448,0,0.569,50,0,13,0,13,98,50,111,0,0,50,0,0,50,134,50,959,105,308,2,448,50,20
"agent BacktrackAgent #4",BacktrackAgent,0.221,0,0.569,50,0,9,0,9,48,50,70,0,0,50,0,0,50,48,50,1080,55,156,3,221,50,20
"agent BacktrackAgent #5",BacktrackAgent,0.519,0,0.569,50,0,16,0,16,118,50,134,0,0,50,0,0,50,158,50,1895,109,394,0,519,50,20
"agent BacktrackAgent #6",BacktrackAgent,0.729,0,0.569,50,0,19,0,19,166,50,214,0,0,50,0,0,50,192,50,1501,157,396,1,729,50,20
"agent BacktrackAgent #7",BacktrackAgent,0.338,0,0.569,50,0,8,0,8,66,50,88,0,0,50,0,0,50,111,50,1051,73,253,2,338,50,20
"agent BacktrackAgent #8",BacktrackAgent,0.701,0,0.569,50,0,18,0,18,146,50,212,0,0,50,0,0,50,190,50,1486,153,396,3,701,50,20
"agent BacktrackAgent #9",BacktrackAgent,0.499,0,0.569,50,0,12,0,12,110,50,132,0,0,50,0,0,50,156,50,1725,101,384,0,499,50,20
"agent BacktrackAgent #10",BacktrackAgent,0.673,0,0.569,50,0,16,0,16,154,50,198,0,0,50,0,0,50,176,50,2556,145,368,1,673,50,20
"agent BacktrackAgent #11",BacktrackAgent,0.432,0,0.569,50,0,12,0,12,98,50,103,0,0,50,0,0,50,126,50,1253,105,300,2,432,50,20
"agent BacktrackAgent #12",BacktrackAgent,0.645,0,0.569,50,0,17,0,17,136,50,194,0,0,50,0,0,50,172,50,2520,143,368,3,645,50,20
"agent BacktrackAgent #13",BacktrackAgent,0.491,0,0.569,50,0,15,0,15,112,50,126,0,0,50,0,0,50,150,50,2341,103,380,0,491,50,20
"agent BacktrackAgent #14",BacktrackAgent,0.181,0,0.569,50,0,6,0,6,44,50,62,0,0,50,0,0,50,40,50,1280,35,122,1,181,50,20
"agent BacktrackAgent #15",BacktrackAgent,0.19,0,0.569,50,0,3,0,3,42,50,38,0,0,50,0,0,50,61,50,1117,49,179,2,190,50,20
"agent BacktrackAgent #16",BacktrackAgent,0.101,0,0.569,50,0,3,0,3,24,50,34,0,0,50,0,0,50,12,50,1252,31,96,3,101,50,20
"agent BacktrackAgent #17",BacktrackAgent,0.347,0,0.569,50,0,10,0,10,84,50,82,0,0,50,0,0,50,106,50,2304,75,308,0,347,50,20
"agent BacktrackAgent #18",BacktrackAgent,0.729,0,0.569,50,0,18,0,18,164,50,216,0,0,50,0,0,50,194,50,2748,155,396,1,729,50,20
"agent BacktrackAgent #19",BacktrackAgent,0.274,0,0.569,50,0,7,0,7,56,50,66,0,0,50,0,0,50,89,50,1207,63,221,2,274,50,20
"agent BacktrackAgent #20",BacktrackAgent,0.097,0,0.569,50,0,1,0,1,22,50,34,0,0,50,0,0,50,12,50,1165,29,94,3,97,50,20
"agent BacktrackAgent #21",BacktrackAgent,0.303,0,0.569,50,0,6,0,6,74,50,70,0,0,50,0,0,50,94,50,2036,65,286,0,303,50,20
"agent BacktrackAgent #22",BacktrackAgent,0.073,0,0.569,50,0,2,0,2,20,50,32,0,0,50,0,0,50,10,50,1000,11,68,1,73,50,20
"agent BacktrackAgent #23",BacktrackAgent,0.266,0,0.569,50,0,8,0,8,54,50,64,0,0,50,0,0,50,87,50,922,61,217,2,266,50,20
"agent BacktrackAgent #24",BacktrackAgent,0.693,0,0.569,50,0,18,0,18,146,50,208,0,0,50,0,0,50,186,50,3160,153,392,3,693,50,20
"agent BacktrackAgent #25",BacktrackAgent,0.447,0,0.569,50,0,16,0,16,104,50,112,0,0,50,0,0,50,136,50,2192,95,358,0,447,50,20
"agent BacktrackAgent #26",BacktrackAgent,0.121,0,0.569,50,0,3,0,3,28,50,48,0,0,50,0,0,50,26,50,1144,19,92,1,121,50,20
"agent BacktrackAgent #27",BacktrackAgent,0.512,0,0.569,50,0,16,0,16,110,50,131,0,0,50,0,0,50,154,50,1162,117,340,2,512,50,20
"agent BacktrackAgent #28",BacktrackAgent,0.693,0,0.569,50,0,18,0,18,146,50,208,0,0,50,0,0,50,186,50,2157,153,392,3,693,50,20
"agent BacktrackAgent #29",BacktrackAgent,0.499,0,0.569,50,0,13,0,13,110,50,132,0,0,50,0,0,50,156,50,2467,101,384,0,499,50,20
"agent BacktrackAgent #30",BacktrackAgent,0.733,0,0.569,50,0,18,0,18,164,50,218,0,0,50,0,0,50,196,50,2091,155,398,1,733,50,20
"agent BacktrackAgent #31",BacktrackAgent,0.174,0,0.569,50,0,2,0,2,36,50,36,0,0,50,0,0,50,59,50,1099,43,171,2,174,50,20
"agent BacktrackAgent #32",BacktrackAgent,0.753,0,0.569,50,0,20,0,20,158,50,226,0,0,50,0,0,50,204,50,2906,165,422,3,753,50,20
"agent BacktrackAgent #33",BacktrackAgent,0.391,0,0.569,50,0,11,0,11,90,50,98,0,0,50,0,0,50,122,50,2108,81,330,0,391,50,20
"agent BacktrackAgent #34",BacktrackAgent,0.117,0,0.569,50,0,3,0,3,30,50,44,0,0,50,0,0,50,22,50,958,21,90,1,117,50,20
"agent BacktrackAgent #35",BacktrackAgent,0.322,0,0.569,50,0,6,0,6,66,50,80,0,0,50,0,0,50,103,50,1223,73,245,2,322,50,20
"agent BacktrackAgent #36",BacktrackAgent,0.757,0,0.569,50,0,21,0,21,156,50,230,0,0,50,0,0,50,208,50,2542,163,424,3,757,50,20
"agent BacktrackAgent #37",BacktrackAgent,0.427,0,0.569,50,0,10,0,10,100,50,106,0,0,50,0,0,50,130,50,1932,91,348,0,427,50,20
"agent BacktrackAgent #38",BacktrackAgent,0.121,0,0.569,50,0,4,0,4,32,50,44,0,0,50,0,0,50,22,50,1025,23,92,1,121,50,20
"agent BacktrackAgent #39",BacktrackAgent,0.6,0,0.569,50,0,17,0,17,126,50,159,0,0,50,0,0,50,182,50,970,133,384,2,600,50,20
"agent BacktrackAgent #40",BacktrackAgent,0.145,0,0.569,50,0,3,0,3,32,50,48,0,0,50,0,0,50,26,50,1156,39,118,3,145,50,20
"agent BacktrackAgent #41",BacktrackAgent,0.475,0,0.569,50,0,14,0,14,104,50,126,0,0,50,0,0,50,150,50,1865,95,372,0,475,50,20
"agent BacktrackAgent #42",BacktrackAgent,0.677,0,0.569,50,0,17,0,17,154,50,200,0,0,50,0,0,50,178,50,1812,145,370,1,677,50,20
"agent BacktrackAgent #43",BacktrackAgent,0.496,0,0.569,50,0,14,0,14,110,50,123,0,0,50,0,0,50,146,50,660,117,332,2,496,50,20
"agent BacktrackAgent #44",BacktrackAgent,0.093,0,0.569,50,0,1,0,1,22,50,32,0,0,50,0,0,50,10,50,1070,29,92,3,93,50,20
"agent BacktrackAgent #45",BacktrackAgent,0.383,0,0.569,50,0,11,0,11,90,50,94,0,0,50,0,0,50,118,50,1728,81,326,0,383,50,20
"agent BacktrackAgent #46",BacktrackAgent,0.725,0,0.569,50,0,18,0,18,164,50,214,0,0,50,0,0,50,192,50,1756,155,394,1,725,50,20
"agent BacktrackAgent #47",BacktrackAgent,0.382,0,0.569,50,0,12,0,12,74,50,102,0,0,50,0,0,50,125,50,1092,81,275,2,382,50,20
"agent BacktrackAgent #48",BacktrackAgent,0.693,0,0.569,50,0,17,0,17,142,50,212,0,0,50,0,0,50,190,50,2071,149,392,3,693,50,20
"agent BacktrackAgent #49",BacktrackAgent,0.463,0,0.569,50,0,16,0,16,108,50,116,0,0,50,0,0,50,140,50,1985,99,366,0,463,50,20
"agent BacktrackAgent #50",BacktrackAgent,0.729,0,0.569,50,0,18,0,18,164,50,216,0,0,50,0,0,50,194,50,1544,155,396,1,729,50,20
"agent ForwardAgent #51",ForwardAgent,2.684,0,0.569,50,0,61,0,61,604,50,723,0,0,50,0,0,50,746,50,1915,611,414,2,2684,50,20
"agent ForwardAgent #52",ForwardAgent,1.497,0,0.569,50,0,41,0,41,332,50,424,0,0,50,0,0,50,402,50,2093,339,404,3,1497,50,20
"agent ForwardAgent #53",ForwardAgent,1.219,0,0.569,50,0,24,0,24,256,50,346,0,0,50,0,0,50,370,50,1773,247,362,0,1219,50,20
"agent ForwardAgent #54",ForwardAgent,1.549,0,0.569,50,0,40,0,40,346,50,444,0,0,50,0,0,50,422,50,1765,337,418,1,1549,50,20
"agent ForwardAgent #55",ForwardAgent,1.07,0,0.569,50,0,26,0,26,234,50,286,0,0,50,0,0,50,309,50,1287,241,289,2,1070,50,20
"agent ForwardAgent #56",ForwardAgent,2.941,0,0.569,50,0,78,0,78,654,50,824,0,0,50,0,0,50,802,50,3190,661,330,3,2941,50,20
"agent ForwardAgent #57",ForwardAgent,3.243,0,0.569,50,0,85,0,85,712,50,902,0,0,50,0,0,50,926,50,3537,703,430,0,3243,50,20
"agent ForwardAgent #58",ForwardAgent,0.437,0,0.569,50,0,6,0,6,100,50,134,0,0,50,0,0,50,112,50,1130,91,212,1,437,50,20
"agent ForwardAgent #59",ForwardAgent,2.702,0,0.569,50,0,59,0,59,586,50,750,0,0,50,0,0,50,773,50,2027,593,350,2,2702,50,20
"agent ForwardAgent #60",ForwardAgent,4.185,0,0.569,50,0,114,0,114,950,50,1150,0,0,50,0,0,50,1128,50,3665,957,430,3,4185,50,20
"agent ForwardAgent #61",ForwardAgent,0.835,0,0.569,50,0,15,0,15,182,50,228,0,0,50,0,0,50,252,50,2102,173,364,0,835,50,20
"agent ForwardAgent #62",ForwardAgent,0.065,0,0.569,50,0,1,0,1,20,50,28,0,0,50,0,0,50,6,50,787,11,64,1,65,50,20
"agent ForwardAgent #63",ForwardAgent,0.5,0,0.569,50,0,16,0,16,116,50,119,0,0,50,0,0,50,142,50,809,123,280,2,500,50,20
"agent ForwardAgent #64",ForwardAgent,1.425,0,0.569,50,0,33,0,33,310,50,410,0,0,50,0,0,50,388,50,1821,317,302,3,1425,50,20
"agent ForwardAgent #65",ForwardAgent,14.639,0,0.569,50,0,409,0,409,3142,50,4170,0,0,50,0,0,50,4194,50,9493,3133,428,0,14639,50,20
"agent ForwardAgent #66",ForwardAgent,0.633,0,0.569,50,0,13,0,13,140,50,192,0,0,50,0,0,50,170,50,1540,131,204,1,633,50,20
"agent ForwardAgent #67",ForwardAgent,6.784,0,0.569,50,0,163,0,163,1440,50,1937,0,0,50,0,0,50,1960,50,3095,1447,430,2,6784,50,20
"agent ForwardAgent #68",ForwardAgent,14.625,0,0.569,50,0,357,0,357,3126,50,4194,0,0,50,0,0,50,4172,50,8171,3133,430,3,14625,50,20
"agent ForwardAgent #69",ForwardAgent,3.343,0,0.569,50,0,103,0,103,704,50,960,0,0,50,0,0,50,984,50,3060,695,422,0,3343,50,20
"agent ForwardAgent #70",ForwardAgent,0.149,0,0.569,50,0,4,0,4,34,50,56,0,0,50,0,0,50,34,50,842,25,94,1,149,50,20
"agent ForwardAgent #71",ForwardAgent,0.886,0,0.569,50,0,20,0,20,206,50,222,0,0,50,0,0,50,245,50,1188,213,245,2,886,50,20
"agent ForwardAgent #72",ForwardAgent,0.253,0,0.569,50,0,8,0,8,64,50,70,0,0,50,0,0,50,48,50,1002,71,124,3,253,50,20
"agent ForwardAgent #73",ForwardAgent,2.651,0,0.569,50,0,65,0,65,584,50,734,0,0,50,0,0,50,758,50,2457,575,418,0,2651,50,20
"agent ForwardAgent #74",ForwardAgent,1.833,0,0.569,50,0,50,0,50,422,50,510,0,0,50,0,0,50,488,50,2075,413,298,1,1833,50,20
"agent ForwardAgent #75",ForwardAgent,0.772,0,0.569,50,0,19,0,19,176,50,195,0,0,50,0,0,50,218,50,663,183,284,2,772,50,20
"agent ForwardAgent #76",ForwardAgent,0.693,0,0.569,50,0,26,0,26,140,50,214,0,0,50,0,0,50,192,50,1090,147,144,3,693,50,20
"agent ForwardAgent #77",ForwardAgent,0.987,0,0.569,50,0,30,0,30,216,50,270,0,0,50,0,0,50,294,50,1542,207,358,0,987,50,20
"agent ForwardAgent #78",ForwardAgent,0.701,0,0.569,50,0,22,0,22,162,50,204,0,0,50,0,0,50,182,50,1033,153,192,1,701,50,20
"agent ForwardAgent #79",ForwardAgent,4.108,0,0.569,50,0,102,0,102,880,50,1159,0,0,50,0,0,50,1182,50,1908,887,370,2,4108,50,20
"agent ForwardAgent #80",ForwardAgent,1.761,0,0.569,50,0,47,0,47,390,50,498,0,0,50,0,0,50,476,50,1824,397,356,3,1761,50,20
"agent ForwardAgent #81",ForwardAgent,1.079,0,0.569,50,0,28,0,28,232,50,300,0,0,50,0,0,50,324,50,1551,223,376,0,1079,50,20
"agent ForwardAgent #82",ForwardAgent,3.273,0,0.569,50,0,92,0,92,692,50,960,0,0,50,0,0,50,938,50,2471,683,398,1,3273,50,20
"agent ForwardAgent #83",ForwardAgent,6.112,0,0.569,50,0,185,0,185,1324,50,1717,0,0,50,0,0,50,1740,50,2561,1331,428,2,6112,50,20
"agent ForwardAgent #84",ForwardAgent,2.097,0,0.569,50,0,45,0,45,488,50,568,0,0,50,0,0,50,546,50,1876,495,328,3,2097,50,20
"agent ForwardAgent #85",ForwardAgent,7.223,0,0.569,50,0,169,0,169,1590,50,2014,0,0,50,0,0,50,2038,50,4796,1581,426,0,7223,50,20
"agent ForwardAgent #86",ForwardAgent,1.613,0,0.569,50,0,44,0,44,344,50,478,0,0,50,0,0,50,456,50,1854,335,334,1,1613,50,20
"agent ForwardAgent #87",ForwardAgent,4.114,0,0.569,50,0,97,0,97,884,50,1158,0,0,50,0,0,50,1181,50,1946,891,404,2,4114,50,20
"agent ForwardAgent #88",ForwardAgent,0.581,0,0.569,50,0,15,0,15,124,50,174,0,0,50,0,0,50,152,50,1051,131,220,3,581,50,20
"agent ForwardAgent #89",ForwardAgent,2.063,0,0.569,50,0,58,0,58,464,50,560,0,0,50,0,0,50,584,50,1771,455,396,0,2063,50,20
"agent ForwardAgent #90",ForwardAgent,4.677,0,0.569,50,0,126,0,126,1042,50,1312,0,0,50,0,0,50,1290,50,3350,1033,428,1,4677,50,20
"agent ForwardAgent #91",ForwardAgent,3.334,0,0.569,50,0,93,0,93,720,50,932,0,0,50,0,0,50,955,50,1703,727,428,2,3334,50,20
"agent ForwardAgent #92",ForwardAgent,0.109,0,0.569,50,0,3,0,3,24,50,38,0,0,50,0,0,50,16,50,630,31,100,3,109,50,20
"agent ForwardAgent #93",ForwardAgent,2.523,0,0.569,50,0,66,0,66,568,50,686,0,0,50,0,0,50,710,50,1899,559,424,0,2523,50,20
"agent ForwardAgent #94",ForwardAgent,3.601,0,0.569,50,0,104,0,104,812,50,1004,0,0,50,0,0,50,982,50,2180,803,402,1,3601,50,20
"agent ForwardAgent #95",ForwardAgent,0.874,0,0.569,50,0,23,0,23,170,50,252,0,0,50,0,0,50,275,50,1074,177,314,2,874,50,20
"agent ForwardAgent #96",ForwardAgent,8.389,0,0.569,50,0,234,0,234,1782,50,2420,0,0,50,0,0,50,2398,50,4555,1789,424,3,8389,50,20
"agent ForwardAgent #97",ForwardAgent,0.851,0,0.569,50,0,20,0,20,200,50,218,0,0,50,0,0,50,242,50,1429,191,350,0,851,50,20
"agent ForwardAgent #98",ForwardAgent,16.997,0,0.569,50,0,457,0,457,3662,50,4852,0,0,50,0,0,50,4830,50,7228,3653,430,1,16997,50,20
"agent ForwardAgent #99",ForwardAgent,1.66,0,0.569,50,0,41,0,41,344,50,471,0,0,50,0,0,50,494,50,736,351,400,2,1660,50,20
"agent ForwardAgent #100",ForwardAgent,2.453,0,0.569,50,0,61,0,61,522,50,712,0,0,50,0,0,50,690,50,2683,529,414,3,2453,50,20
"agent RandomAgent #101",RandomAgent,47.283,0,0.569,50,0,1340,0,23747,9370,50,14264,0,0,50,0,0,50,14288,50,14778,9361,380,0,47283,50,20
"agent RandomAgent #102",RandomAgent,8.369,0,0.569,50,0,265,0,4224,1870,50,2330,0,0,50,0,0,50,2308,50,4697,1861,151,1,8369,50,20
"agent RandomAgent #103",RandomAgent,208.804,0,0.569,50,0,5997,0,104556,45742,50,58645,0,0,50,0,0,50,58668,50,32961,45749,402,2,208804,50,20
"agent RandomAgent #104",RandomAgent,203.795,0,0.569,50,0,5008,0,102129,45881,50,56024,0,0,50,0,0,50,56002,50,40323,45888,380,3,203795,50,20
"agent RandomAgent #105",RandomAgent,59.987,0,0.569,50,0,1423,0,29920,13834,50,16152,0,0,50,0,0,50,16176,50,17002,13825,407,0,59987,50,20
"agent RandomAgent #106",RandomAgent,259.927,0,0.569,50,0,6937,0,130371,55730,50,74249,0,0,50,0,0,50,74227,50,31967,55721,426,1,259927,50,20
"agent RandomAgent #107",RandomAgent,111.4,0,0.569,50,0,3012,0,55746,25158,50,30527,0,0,50,0,0,50,30550,50,17370,25165,391,2,111400,50,20
"agent RandomAgent #108",RandomAgent,40.155,0,0.569,50,0,1002,0,20111,8103,50,11982,0,0,50,0,0,50,11960,50,9128,8110,270,3,40155,50,20
"agent RandomAgent #109",RandomAgent,227.517,0,0.569,50,0,6291,0,114121,47349,50,66402,0,0,50,0,0,50,66426,50,34142,47340,392,0,227517,50,20
"agent RandomAgent #110",RandomAgent,14.493,0,0.569,50,0,365,0,7269,3322,50,3940,0,0,50,0,0,50,3918,50,6594,3313,238,1,14493,50,20
"agent RandomAgent #111",RandomAgent,107.408,0,0.569,50,0,2516,0,53615,22503,50,31186,0,0,50,0,0,50,31209,50,11724,22510,391,2,107408,50,20
"agent RandomAgent #112",RandomAgent,65.605,0,0.569,50,0,1485,0,32885,14286,50,18524,0,0,50,0,0,50,18502,50,11836,14293,327,3,65605,50,20
"agent RandomAgent #113",RandomAgent,107.205,0,0.569,50,0,3148,0,53898,23960,50,29635,0,0,50,0,0,50,29659,50,17298,23951,411,0,107205,50,20
"agent RandomAgent #114",RandomAgent,4.737,0,0.569,50,0,102,0,2338,1032,50,1352,0,0,50,0,0,50,1330,50,2365,1023,110,1,4737,50,20
"agent RandomAgent #115",RandomAgent,77.45,0,0.569,50,0,2399,0,39010,18162,50,20548,0,0,50,0,0,50,20571,50,12256,18169,374,2,77450,50,20
"agent RandomAgent #116",RandomAgent,11.213,0,0.569,50,0,316,0,5627,2172,50,3442,0,0,50,0,0,50,3420,50,3883,2179,232,3,11213,50,20
"agent RandomAgent #117",RandomAgent,74.993,0,0.569,50,0,1971,0,37611,16077,50,21412,0,0,50,0,0,50,21436,50,15397,16068,397,0,74993,50,20
"agent RandomAgent #118",RandomAgent,14.261,0,0.569,50,0,335,0,7189,3121,50,4025,0,0,50,0,0,50,4003,50,3593,3112,181,1,14261,50,20
"agent RandomAgent #119",RandomAgent,12.47,0,0.569,50,0,274,0,6242,2660,50,3560,0,0,50,0,0,50,3583,50,1798,2667,306,2,12470,50,20
"agent RandomAgent #120",RandomAgent,5.995,0,0.569,50,0,121,0,2945,1508,50,1497,0,0,50,0,0,50,1475,50,2045,1515,171,3,5995,50,20
"agent RandomAgent #121",RandomAgent,177.863,0,0.569,50,0,4995,0,89248,37145,50,51779,0,0,50,0,0,50,51803,50,18653,37136,408,0,177863,50,20
"agent RandomAgent #122",RandomAgent,13.049,0,0.569,50,0,386,0,6490,3131,50,3409,0,0,50,0,0,50,3387,50,2491,3122,177,1,13049,50,20
"agent RandomAgent #123",RandomAgent,13.594,0,0.569,50,0,123,0,6741,2678,50,4104,0,0,50,0,0,50,4127,50,1874,2685,305,2,13594,50,20
"agent RandomAgent #124",RandomAgent,230.791,0,0.569,50,0,6352,0,115824,50036,50,65367,0,0,50,0,0,50,65345,50,18741,50043,389,3,230791,50,20
"agent RandomAgent #125",RandomAgent,151.311,0,0.569,50,0,4371,0,76037,32396,50,43252,0,0,50,0,0,50,43276,50,15436,32387,402,0,151311,50,20
"agent RandomAgent #126",RandomAgent,15.415,0,0.569,50,0,501,0,7691,3312,50,4411,0,0,50,0,0,50,4389,50,3382,3303,147,1,15415,50,20
"agent RandomAgent #127",RandomAgent,43.094,0,0.569,50,0,1076,0,21540,10325,50,11207,0,0,50,0,0,50,11230,50,4851,10332,347,2,43094,50,20
"agent RandomAgent #128",RandomAgent,24.511,0,0.569,50,0,533,0,12438,4771,50,7492,0,0,50,0,0,50,7470,50,4256,4778,272,3,24511,50,20
"agent RandomAgent #129",RandomAgent,217.427,0,0.569,50,0,6039,0,108431,47753,50,60953,0,0,50,0,0,50,60977,50,12550,47744,392,0,217427,50,20
"agent RandomAgent #130",RandomAgent,21.471,0,0.569,50,0,379,0,10678,4165,50,6586,0,0,50,0,0,50,6564,50,3453,4156,257,1,21471,50,20
"agent RandomAgent #131",RandomAgent,79.928,0,0.569,50,0,2357,0,39994,18085,50,21864,0,0,50,0,0,50,21887,50,8227,18092,420,2,79928,50,20
"agent RandomAgent #132",RandomAgent,24.991,0,0.569,50,0,600,0,12399,5499,50,7004,0,0,50,0,0,50,6982,50,3693,5506,250,3,24991,50,20
"agent RandomAgent #133",RandomAgent,21.235,0,0.569,50,0,504,0,10731,4633,50,5977,0,0,50,0,0,50,6001,50,2951,4624,393,0,21235,50,20
"agent RandomAgent #134",RandomAgent,15.489,0,0.569,50,0,258,0,7662,3259,50,4501,0,0,50,0,0,50,4479,50,2072,3250,262,1,15489,50,20
"agent RandomAgent #135",RandomAgent,56.218,0,0.569,50,0,1322,0,28170,12416,50,15678,0,0,50,0,0,50,15701,50,5273,12423,381,2,56218,50,20
"agent RandomAgent #136",RandomAgent,9.663,0,0.569,50,0,240,0,4797,2030,50,2809,0,0,50,0,0,50,2787,50,790,2037,208,3,9663,50,20
"agent RandomAgent #137",RandomAgent,31.841,0,0.569,50,0,659,0,15919,6426,50,9487,0,0,50,0,0,50,9511,50,3217,6417,368,0,31841,50,20
"agent RandomAgent #138",RandomAgent,156.285,0,0.569,50,0,4361,0,78579,32903,50,45255,0,0,50,0,0,50,45233,50,5199,32894,396,1,156285,50,20
"agent RandomAgent #139",RandomAgent,76.194,0,0.569,50,0,2700,0,38489,15396,50,22686,0,0,50,0,0,50,22709,50,4414,15403,390,2,76194,50,20
"agent RandomAgent #140",RandomAgent,83.537,0,0.569,50,0,1960,0,41555,18052,50,23724,0,0,50,0,0,50,23702,50,1992,18059,428,3,83537,50,20
"agent RandomAgent #141",RandomAgent,116.357,0,0.569,50,0,3101,0,58523,23583,50,34588,0,0,50,0,0,50,34612,50,2727,23574,379,0,116357,50,20
"agent RandomAgent #142",RandomAgent,4.561,0,0.569,50,0,139,0,2300,983,50,1313,0,0,50,0,0,50,1291,50,488,974,120,1,4561,50,20
"agent RandomAgent #143",RandomAgent,19.79,0,0.569,50,0,522,0,9960,4916,50,4964,0,0,50,0,0,50,4987,50,837,4923,305,2,19790,50,20
"agent RandomAgent #144",RandomAgent,6.387,0,0.569,50,0,130,0,3122,1600,50,1601,0,0,50,0,0,50,1579,50,623,1607,159,3,6387,50,20
"agent RandomAgent #145",RandomAgent,75.989,0,0.569,50,0,1746,0,37938,17047,50,20940,0,0,50,0,0,50,20964,50,1280,17038,378,0,75989,50,20
"agent RandomAgent #146",RandomAgent,1.571,0,0.569,50,0,11,0,773,391,50,410,0,0,50,0,0,50,388,50,384,382,109,1,1571,50,20
"agent RandomAgent #147",RandomAgent,49.19,0,0.569,50,0,1239,0,24652,9410,50,15170,0,0,50,0,0,50,15193,50,469,9417,416,2,49190,50,20
"agent RandomAgent #148",RandomAgent,5.635,0,0.569,50,0,84,0,2817,1327,50,1498,0,0,50,0,0,50,1476,50,255,1334,178,3,5635,50,20
"agent RandomAgent #149",RandomAgent,37.511,0,0.569,50,0,981,0,18851,8170,50,10578,0,0,50,0,0,50,10602,50,364,8161,360,0,37511,50,20
"agent RandomAgent #150",RandomAgent,39.951,0,0.569,50,0,889,0,20143,8412,50,11579,0,0,50,0,0,50,11557,50,234,8403,309,1,39951,50,20
"agent NegotiatingAgent #151",NegotiatingAgent,0.194,470,0.569,50,25,4,0,4,42,50,40,42,128,50,0,0,50,63,50,250,49,181,2,194,50,20
"agent NegotiatingAgent #152",NegotiatingAgent,0.169,1684,0.569,50,51,7,0,7,38,50,54,104,126,50,1,0,50,32,50,222,45,130,3,169,50,20
"agent NegotiatingAgent #153",NegotiatingAgent,0.459,3554,0.569,50,92,10,0,10,102,50,120,187,246,50,0,0,50,144,50,583,93,364,0,459,50,20
"agent NegotiatingAgent #154",NegotiatingAgent,0.125,54,0.569,50,18,5,0,5,32,50,46,35,67,50,1,0,50,24,50,179,23,94,1,125,50,20
"agent NegotiatingAgent #155",NegotiatingAgent,0.496,8978,0.569,50,116,14,0,14,108,50,125,232,353,50,0,0,50,148,50,694,115,332,2,496,50,20
"agent NegotiatingAgent #156",NegotiatingAgent,0.157,160,0.569,50,29,5,0,5,36,50,50,98,98,50,19,0,50,28,50,284,43,124,3,157,50,20
"agent NegotiatingAgent #157",NegotiatingAgent,0.543,2650,0.569,50,67,16,0,16,116,50,148,160,251,50,11,0,50,172,50,595,107,406,0,543,50,20
"agent NegotiatingAgent #158",NegotiatingAgent,0.641,2460,0.569,50,49,12,0,12,148,50,188,109,294,50,2,4,50,166,50,613,139,352,1,641,50,20
"agent NegotiatingAgent #159",NegotiatingAgent,0.206,1290,0.569,50,53,3,0,3,44,50,44,106,125,50,0,2,50,67,50,395,51,187,2,206,50,20
"agent NegotiatingAgent #160",NegotiatingAgent,0.645,1644,0.569,50,65,9,0,9,132,50,198,131,324,50,3,3,50,176,50,646,139,368,3,645,50,20
"agent NegotiatingAgent #161",NegotiatingAgent,0.379,3104,0.569,50,71,10,0,10,86,50,96,179,216,50,2,9,50,120,50,663,77,324,0,379,50,20
"agent NegotiatingAgent #162",NegotiatingAgent,0.613,1904,0.569,50,55,14,0,14,142,50,180,121,347,50,2,3,50,158,50,654,133,338,1,613,50,20
"agent NegotiatingAgent #163",NegotiatingAgent,0.314,528,0.569,50,38,4,0,4,64,50,78,100,158,50,4,8,50,101,50,332,71,241,2,314,50,20
"agent NegotiatingAgent #164",NegotiatingAgent,0.181,140,0.569,50,29,5,0,5,36,50,62,93,98,50,8,3,50,40,50,347,43,136,3,181,50,20
"agent NegotiatingAgent #165",NegotiatingAgent,0.335,996,0.569,50,44,9,0,9,82,50,78,154,240,50,11,14,50,102,50,533,73,302,0,335,50,20
"agent NegotiatingAgent #166",NegotiatingAgent,0.417,2695,0.569,50,49,6,0,7,102,50,122,196,277,50,28,9,50,100,50,436,93,240,1,417,50,20
"agent NegotiatingAgent #167",NegotiatingAgent,0.472,2091,0.569,50,44,11,0,11,102,50,119,151,264,50,28,1,50,142,50,397,109,320,2,472,50,20
"agent NegotiatingAgent #168",NegotiatingAgent,0.153,250,0.569,50,15,4,0,4,32,50,52,77,84,50,13,5,50,30,50,324,39,122,3,153,50,20
"agent NegotiatingAgent #169",NegotiatingAgent,0.351,2284,0.569,50,50,7,0,7,84,50,84,196,223,50,27,9,50,108,50,316,75,310,0,351,50,20
"agent NegotiatingAgent #170",NegotiatingAgent,0.473,1392,0.569,50,43,7,0,8,110,50,142,206,288,50,38,11,50,120,50,499,101,268,1,473,50,20
"agent NegotiatingAgent #171",NegotiatingAgent,0.178,186,0.569,50,16,2,0,2,36,50,38,55,85,50,1,9,50,61,50,295,43,173,2,178,50,20
"agent NegotiatingAgent #172",NegotiatingAgent,0.545,7158,0.569,50,98,10,0,11,114,50,166,283,341,50,14,10,50,144,50,667,121,318,3,545,50,20
"agent NegotiatingAgent #173",NegotiatingAgent,0.343,2270,0.569,50,54,7,0,7,86,50,78,195,242,50,21,7,50,102,50,809,77,306,0,343,50,20
"agent NegotiatingAgent #174",NegotiatingAgent,0.505,3030,0.569,50,42,6,0,7,114,50,154,296,287,50,23,57,50,132,50,544,105,284,1,505,50,20
"agent NegotiatingAgent #175",NegotiatingAgent,0.286,1136,0.569,50,40,9,0,9,58,50,70,120,171,50,8,5,50,93,50,404,65,227,2,286,50,20
"agent NegotiatingAgent #176",NegotiatingAgent,0.161,166,0.569,50,6,5,0,5,34,50,54,51,114,50,5,11,50,32,50,500,41,126,3,161,50,20
"agent NegotiatingAgent #177",NegotiatingAgent,0.351,1662,0.569,50,28,7,0,7,80,50,88,185,213,50,32,6,50,112,50,599,71,310,0,351,50,20
"agent NegotiatingAgent #178",NegotiatingAgent,0.117,2,0.569,50,15,3,0,3,30,50,44,37,49,50,2,1,50,22,50,280,21,90,1,117,50,20
"agent NegotiatingAgent #179",NegotiatingAgent,0.298,2200,0.569,50,36,9,0,9,62,50,72,208,226,50,43,7,50,95,50,420,69,233,2,298,50,20
"agent NegotiatingAgent #180",NegotiatingAgent,0.529,2338,0.569,50,51,4,0,4,112,50,160,205,301,50,23,16,50,138,50,676,119,310,3,529,50,20
"agent NegotiatingAgent #181",NegotiatingAgent,0.355,764,0.569,50,19,9,0,9,82,50,88,256,278,50,68,10,50,112,50,604,73,312,0,355,50,20
"agent NegotiatingAgent #182",NegotiatingAgent,0.177,92,0.569,50,10,5,0,5,40,50,64,58,78,50,8,10,50,42,50,280,31,120,1,177,50,20
"agent NegotiatingAgent #183",NegotiatingAgent,0.468,4746,0.569,50,59,10,0,10,100,50,119,337,382,50,73,4,50,142,50,541,107,318,2,468,50,20
"agent NegotiatingAgent #184",NegotiatingAgent,0.201,0,0.569,50,7,5,0,5,42,50,66,91,87,50,16,11,50,44,50,348,49,146,3,201,50,20
"agent NegotiatingAgent #185",NegotiatingAgent,0.299,868,0.569,50,13,7,0,7,72,50,70,162,211,50,35,7,50,94,50,612,63,284,0,299,50,20
"agent NegotiatingAgent #186",NegotiatingAgent,0.069,0,0.569,50,5,2,0,2,20,50,30,39,33,50,1,9,50,8,50,344,11,66,1,69,50,20
"agent NegotiatingAgent #187",NegotiatingAgent,0.326,78,0.569,50,6,6,0,6,66,50,82,53,198,50,9,8,50,105,50,506,73,247,2,326,50,20
"agent NegotiatingAgent #188",NegotiatingAgent,0.465,1504,0.569,50,37,6,0,7,102,50,138,180,290,50,17,25,50,116,50,741,109,278,3,465,50,20
"agent NegotiatingAgent #189",NegotiatingAgent,0.299,138,0.569,50,10,4,0,4,74,50,68,77,162,50,11,14,50,92,50,675,65,284,0,299,50,20
"agent NegotiatingAgent #190",NegotiatingAgent,0.073,0,0.569,50,3,2,0,2,20,50,32,33,34,50,0,11,50,10,50,292,11,68,1,73,50,20
"agent NegotiatingAgent #191",NegotiatingAgent,0.452,450,0.569,50,8,12,0,13,104,50,107,107,198,50,38,2,50,130,50,330,111,310,2,452,50,20
"agent NegotiatingAgent #192",NegotiatingAgent,0.525,2354,0.569,50,32,6,0,7,118,50,152,250,303,50,43,28,50,130,50,617,125,308,3,525,50,20
"agent NegotiatingAgent #193",NegotiatingAgent,0.347,290,0.569,50,7,8,0,8,86,50,80,88,168,50,11,17,50,104,50,806,77,308,0,347,50,20
"agent NegotiatingAgent #194",NegotiatingAgent,0.449,1120,0.569,50,20,6,0,7,106,50,134,331,382,50,86,12,50,112,50,504,97,256,1,449,50,20
"agent NegotiatingAgent #195",NegotiatingAgent,0.334,1128,0.569,50,24,9,0,10,64,50,88,152,204,50,33,10,50,111,50,380,71,251,2,334,50,20
"agent NegotiatingAgent #196",NegotiatingAgent,0.477,352,0.569,50,6,5,0,6,108,50,138,191,310,50,44,26,50,116,50,582,115,284,3,477,50,20
"agent NegotiatingAgent #197",NegotiatingAgent,0.359,378,0.569,50,4,7,0,7,82,50,90,117,228,50,20,26,50,114,50,911,73,314,0,359,50,20
"agent NegotiatingAgent #198",NegotiatingAgent,0.113,0,0.569,50,0,2,0,2,30,50,42,33,51,50,2,13,50,20,50,410,21,88,1,113,50,20
"agent NegotiatingAgent #199",NegotiatingAgent,0.322,0,0.569,50,0,7,0,8,62,50,84,183,198,50,44,30,50,107,50,278,69,245,2,322,50,20
"agent NegotiatingAgent #200",NegotiatingAgent,0.481,0,0.569,50,0,7,0,8,102,50,146,122,279,50,36,10,50,124,50,584,109,286,3,481,50,20
"agent SwarmAgent #201",SwarmAgent,0.271,0,0.569,50,0,1,0,1,68,50,60,0,0,50,0,0,50,84,50,1487,59,270,0,271,50,20
"agent SwarmAgent #202",SwarmAgent,0.501,0,0.569,50,0,3,0,3,120,50,146,0,0,50,0,0,50,124,50,691,111,282,1,501,50,20
"agent SwarmAgent #203",SwarmAgent,0.258,0,0.569,50,0,1,0,1,52,50,62,0,0,50,0,0,50,85,50,434,59,213,2,258,50,20
"agent SwarmAgent #204",SwarmAgent,0.557,0,0.569,50,0,3,0,3,116,50,170,0,0,50,0,0,50,148,50,785,123,324,3,557,50,20
"agent SwarmAgent #205",SwarmAgent,0.283,0,0.569,50,0,1,0,1,70,50,64,0,0,50,0,0,50,88,50,1208,61,276,0,283,50,20
"agent SwarmAgent #206",SwarmAgent,0.501,0,0.569,50,0,3,0,3,120,50,146,0,0,50,0,0,50,124,50,186,111,282,1,501,50,20
"agent SwarmAgent #207",SwarmAgent,0.19,0,0.569,50,0,2,0,2,40,50,40,0,0,50,0,0,50,63,50,156,47,179,2,190,50,20
"agent SwarmAgent #208",SwarmAgent,0.557,0,0.569,50,0,3,0,3,116,50,170,0,0,50,0,0,50,148,50,224,123,324,3,557,50,20
"agent SwarmAgent #209",SwarmAgent,0.271,0,0.569,50,0,1,0,1,66,50,62,0,0,50,0,0,50,86,50,1131,57,270,0,271,50,20
"agent SwarmAgent #210",SwarmAgent,0.387,0,0.569,50,0,2,0,3,90,50,119,0,0,50,0,0,50,97,50,128,81,225,1,387,50,20
"agent SwarmAgent #211",SwarmAgent,0.166,0,0.569,50,0,0,0,0,36,50,32,0,0,50,0,0,50,55,50,262,43,167,2,166,50,20
"agent SwarmAgent #212",SwarmAgent,0.561,0,0.569,50,0,4,0,4,116,50,172,0,0,50,0,0,50,150,50,149,123,326,3,561,50,20
"agent SwarmAgent #213",SwarmAgent,0.271,0,0.569,50,0,1,0,1,68,50,60,0,0,50,0,0,50,84,50,952,59,270,0,271,50,20
"agent SwarmAgent #214",SwarmAgent,0.117,0,0.569,50,0,2,0,2,28,50,46,0,0,50,0,0,50,24,50,395,19,90,1,117,50,20
"agent SwarmAgent #215",SwarmAgent,0.392,0,0.569,50,0,3,0,3,88,50,93,0,0,50,0,0,50,116,50,192,95,280,2,392,50,20
"agent SwarmAgent #216",SwarmAgent,0.141,0,0.569,50,0,2,0,2,32,50,46,0,0,50,0,0,50,24,50,354,39,116,3,141,50,20
"agent SwarmAgent #217",SwarmAgent,0.267,0,0.569,50,0,0,0,0,66,50,60,0,0,50,0,0,50,84,50,304,57,268,0,267,50,20
"agent SwarmAgent #218",SwarmAgent,0.113,0,0.569,50,0,2,0,2,28,50,44,0,0,50,0,0,50,22,50,352,19,88,1,113,50,20
"agent SwarmAgent #219",SwarmAgent,0.38,0,0.569,50,0,4,0,4,82,50,93,0,0,50,0,0,50,116,50,376,89,274,2,380,50,20
"agent SwarmAgent #220",SwarmAgent,0.089,0,0.569,50,0,0,0,0,20,50,32,0,0,50,0,0,50,10,50,309,27,90,3,89,50,20
"agent SwarmAgent #221",SwarmAgent,0.287,0,0.569,50,0,2,0,2,70,50,66,0,0,50,0,0,50,90,50,470,61,278,0,287,50,20
"agent SwarmAgent #222",SwarmAgent,0.573,0,0.569,50,0,2,0,2,130,50,172,0,0,50,0,0,50,150,50,88,121,318,1,573,50,20
"agent SwarmAgent #223",SwarmAgent,0.258,0,0.569,50,0,1,0,1,52,50,62,0,0,50,0,0,50,85,50,97,59,213,2,258,50,20
"agent SwarmAgent #224",SwarmAgent,0.137,0,0.569,50,0,1,0,1,30,50,46,0,0,50,0,0,50,24,50,236,37,114,3,137,50,20
"agent SwarmAgent #225",SwarmAgent,0.283,0,0.569,50,0,1,0,1,70,50,64,0,0,50,0,0,50,88,50,780,61,276,0,283,50,20
"agent SwarmAgent #226",SwarmAgent,0.065,0,0.569,50,0,1,0,1,20,50,28,0,0,50,0,0,50,6,50,240,11,64,1,65,50,20
"agent SwarmAgent #227",SwarmAgent,0.282,0,0.569,50,0,3,0,3,56,50,70,0,0,50,0,0,50,93,50,45,63,225,2,282,50,20
"agent SwarmAgent #228",SwarmAgent,0.133,0,0.569,50,0,1,0,1,28,50,46,0,0,50,0,0,50,24,50,143,35,112,3,133,50,20
"agent SwarmAgent #229",SwarmAgent,0.271,0,0.569,50,0,1,0,1,66,50,62,0,0,50,0,0,50,86,50,566,57,270,0,271,50,20
"agent SwarmAgent #230",SwarmAgent,0.117,0,0.569,50,0,2,0,2,28,50,46,0,0,50,0,0,50,24,50,193,19,90,1,117,50,20
"agent SwarmAgent #231",SwarmAgent,0.396,0,0.569,50,0,4,0,4,90,50,93,0,0,50,0,0,50,116,50,127,97,282,2,396,50,20
"agent SwarmAgent #232",SwarmAgent,0.089,0,0.569,50,0,0,0,0,20,50,32,0,0,50,0,0,50,10,50,68,27,90,3,89,50,20
"agent SwarmAgent #233",SwarmAgent,0.283,0,0.569,50,0,1,0,1,70,50,64,0,0,50,0,0,50,88,50,370,61,276,0,283,50,20
"agent SwarmAgent #234",SwarmAgent,0.153,0,0.569,50,0,2,0,2,36,50,56,0,0,50,0,0,50,34,50,244,27,108,1,153,50,20
"agent SwarmAgent #235",SwarmAgent,0.166,0,0.569,50,0,0,0,0,36,50,32,0,0,50,0,0,50,55,50,20,43,167,2,166,50,20
"agent SwarmAgent #236",SwarmAgent,0.461,0,0.569,50,0,1,0,1,100,50,138,0,0,50,0,0,50,116,50,40,107,276,3,461,50,20
"agent SwarmAgent #237",SwarmAgent,0.271,0,0.569,50,0,1,0,1,68,50,60,0,0,50,0,0,50,84,50,273,59,270,0,271,50,20
"agent SwarmAgent #238",SwarmAgent,0.577,0,0.569,50,0,3,0,3,132,50,172,0,0,50,0,0,50,150,50,42,123,320,1,577,50,20
"agent SwarmAgent #239",SwarmAgent,0.274,0,0.569,50,0,2,0,2,54,50,68,0,0,50,0,0,50,91,50,2,61,221,2,274,50,20
"agent SwarmAgent #240",SwarmAgent,0.137,0,0.569,50,0,2,0,2,30,50,46,0,0,50,0,0,50,24,50,110,37,114,3,137,50,20
"agent SwarmAgent #241",SwarmAgent,0.283,0,0.569,50,0,1,0,1,70,50,64,0,0,50,0,0,50,88,50,32,61,276,0,283,50,20
"agent SwarmAgent #242",SwarmAgent,0.121,0,0.569,50,0,3,0,3,32,50,44,0,0,50,0,0,50,22,50,116,23,92,1,121,50,20
"agent SwarmAgent #243",SwarmAgent,0.38,0,0.569,50,0,3,0,3,86,50,89,0,0,50,0,0,50,112,50,53,93,274,2,380,50,20
"agent SwarmAgent #244",SwarmAgent,0.105,0,0.569,50,0,3,0,3,22,50,38,0,0,50,0,0,50,16,50,37,29,98,3,105,50,20
"agent SwarmAgent #245",SwarmAgent,0.271,0,0.569,50,0,1,0,1,66,50,62,0,0,50,0,0,50,86,50,56,57,270,0,271,50,20
"agent SwarmAgent #246",SwarmAgent,0.153,0,0.569,50,0,2,0,2,36,50,56,0,0,50,0,0,50,34,50,43,27,108,1,153,50,20
"agent SwarmAgent #247",SwarmAgent,0.376,0,0.569,50,0,2,0,2,84,50,89,0,0,50,0,0,50,112,50,0,91,272,2,376,50,20
"agent SwarmAgent #248",SwarmAgent,0.141,0,0.569,50,0,2,0,2,32,50,46,0,0,50,0,0,50,24,50,2,39,116,3,141,50,20
"agent SwarmAgent #249",SwarmAgent,0.287,0,0.569,50,0,2,0,2,70,50,66,0,0,50,0,0,50,90,50,0,61,278,0,287,50,20
"agent SwarmAgent #250",SwarmAgent,0.125,0,0.569,50,0,4,0,4,34,50,44,0,0,50,0,0,50,22,50,0,25,94,1,125,50,20
