agentName,agentType,averageSpeed,cumulatedUtilityReceived,freeWallRatio,numBacktrackAgents,numCFPAnswered,numDeadends,numDifferentEncounters,numDirectionChanges,numDownSteps,numForwardAgents,numLeftSteps,numMessagesReceived,numMessagesSent,numNegotiatingAgents,numProposalsAccepted,numProposalsRejected,numRandomAgents,numRightSteps,numSwarmAgents,numTotalEncounters,numUpSteps,numVisitedCells,startingPosition,stepsToExit,xsize,ysize
"agent BacktrackAgent #1",BacktrackAgent,0.274,0,0.569,25,0,8,0,7,74,25,56,0,0,50,0,0,25,80,25,1365,64,231,0,274,50,20
"agent BacktrackAgent #2",BacktrackAgent,0.493,0,0.569,25,0,16,0,15,126,25,136,0,0,50,0,0,25,114,25,728,117,301,1,493,50,20
"agent BacktrackAgent #3",BacktrackAgent,0.165,0,0.569,25,0,9,0,8,40,25,28,0,0,50,0,0,25,51,25,552,46,143,2,165,50,20
"agent BacktrackAgent #4",BacktrackAgent,0.292,0,0.569,25,0,10,0,9,76,25,78,0,0,50,0,0,25,56,25,1047,82,201,3,292,50,20
"agent BacktrackAgent #5",BacktrackAgent,0.358,0,0.569,25,0,7,0,6,100,25,72,0,0,50,0,0,25,96,25,1407,90,273,0,358,50,20
"agent BacktrackAgent #6",BacktrackAgent,0.363,0,0.569,25,0,10,0,9,101,25,96,0,0,50,0,0,25,74,25,544,92,236,1,363,50,20
"agent BacktrackAgent #7",BacktrackAgent,0.689,0,0.569,25,0,18,0,17,174,25,156,0,0,50,0,0,25,179,25,693,180,405,2,689,50,20
"agent BacktrackAgent #8",BacktrackAgent,0.512,0,0.569,25,0,17,0,16,128,25,136,0,0,50,0,0,25,114,25,1000,134,311,3,512,50,20
"agent BacktrackAgent #9",BacktrackAgent,0.61,0,0.569,25,0,14,0,13,158,25,140,0,0,50,0,0,25,164,25,1221,148,399,0,610,50,20
"agent BacktrackAgent #10",BacktrackAgent,0.501,0,0.569,25,0,16,0,15,130,25,136,0,0,50,0,0,25,114,25,1133,121,305,1,501,50,20
"agent BacktrackAgent #11",BacktrackAgent,0.719,0,0.569,25,0,18,0,17,178,25,167,0,0,50,0,0,25,190,25,860,184,420,2,719,50,20
"agent BacktrackAgent #12",BacktrackAgent,0.348,0,0.569,25,0,7,0,6,84,25,98,0,0,50,0,0,25,76,25,1136,90,229,3,348,50,20
"agent BacktrackAgent #13",BacktrackAgent,0.266,0,0.569,25,0,8,0,7,70,25,56,0,0,50,0,0,25,80,25,1737,60,227,0,266,50,20
"agent BacktrackAgent #14",BacktrackAgent,0.701,0,0.569,25,0,16,0,15,180,25,186,0,0,50,0,0,25,164,25,1092,171,405,1,701,50,20
"agent BacktrackAgent #15",BacktrackAgent,0.703,0,0.569,25,0,20,0,19,176,25,161,0,0,50,0,0,25,184,25,743,182,412,2,703,50,20
"agent BacktrackAgent #16",BacktrackAgent,0.164,0,0.569,25,0,6,0,5,44,25,46,0,0,50,0,0,25,24,25,720,50,137,3,164,50,20
"agent BacktrackAgent #17",BacktrackAgent,0.494,0,0.569,25,0,13,0,12,128,25,112,0,0,50,0,0,25,136,25,1708,118,341,0,494,50,20
"agent BacktrackAgent #18",BacktrackAgent,0.721,0,0.569,25,0,19,0,18,184,25,192,0,0,50,0,0,25,170,25,943,175,415,1,721,50,20
"agent BacktrackAgent #19",BacktrackAgent,0.717,0,0.569,25,0,18,0,17,178,25,166,0,0,50,0,0,25,189,25,1086,184,419,2,717,50,20
"agent BacktrackAgent #20",BacktrackAgent,0.616,0,0.569,25,0,15,0,14,156,25,160,0,0,50,0,0,25,138,25,1262,162,363,3,616,50,20
"agent BacktrackAgent #21",BacktrackAgent,0.43,0,0.569,25,0,12,0,11,120,25,88,0,0,50,0,0,25,112,25,1480,110,309,0,430,50,20
"agent BacktrackAgent #22",BacktrackAgent,0.469,0,0.569,25,0,14,0,13,122,25,128,0,0,50,0,0,25,106,25,931,113,289,1,469,50,20
"agent BacktrackAgent #23",BacktrackAgent,0.719,0,0.569,25,0,18,0,17,180,25,165,0,0,50,0,0,25,188,25,640,186,420,2,719,50,20
"agent BacktrackAgent #24",BacktrackAgent,0.252,0,0.569,25,0,7,0,6,62,25,72,0,0,50,0,0,25,50,25,913,68,181,3,252,50,20
"agent BacktrackAgent #25",BacktrackAgent,0.418,0,0.569,25,0,9,0,8,108,25,94,0,0,50,0,0,25,118,25,1476,98,303,0,418,50,20
"agent ForwardAgent #26",ForwardAgent,1.437,0,0.569,25,0,34,0,33,382,25,352,0,0,50,0,0,25,330,25,705,373,349,1,1437,50,20
"agent ForwardAgent #27",ForwardAgent,1.981,0,0.569,25,0,47,0,46,490,25,486,0,0,50,0,0,25,509,25,922,496,419,2,1981,50,20
"agent ForwardAgent #28",ForwardAgent,1.936,0,0.569,25,0,64,0,63,464,25,512,0,0,50,0,0,25,490,25,1448,470,415,3,1936,50,20
"agent ForwardAgent #29",ForwardAgent,0.378,0,0.569,25,0,8,0,7,108,25,74,0,0,50,0,0,25,98,25,1268,98,263,0,378,50,20
"agent ForwardAgent #30",ForwardAgent,1.597,0,0.569,25,0,45,0,44,442,25,372,0,0,50,0,0,25,350,25,856,433,409,1,1597,50,20
"agent ForwardAgent #31",ForwardAgent,1.597,0,0.569,25,0,57,0,56,394,25,390,0,0,50,0,0,25,413,25,1059,400,409,2,1597,50,20
"agent ForwardAgent #32",ForwardAgent,5.428,0,0.569,25,0,114,0,113,1396,25,1326,0,0,50,0,0,25,1304,25,2473,1402,431,3,5428,50,20
"agent ForwardAgent #33",ForwardAgent,2.334,0,0.569,25,0,48,0,47,626,25,534,0,0,50,0,0,25,558,25,1837,616,383,0,2334,50,20
"agent ForwardAgent #34",ForwardAgent,0.343,0,0.569,25,0,9,0,8,99,25,88,0,0,50,0,0,25,66,25,420,90,208,1,343,50,20
"agent ForwardAgent #35",ForwardAgent,2.151,0,0.569,25,0,60,0,59,534,25,527,0,0,50,0,0,25,550,25,722,540,427,2,2151,50,20
"agent ForwardAgent #36",ForwardAgent,0.304,0,0.569,25,0,2,0,1,78,25,82,0,0,50,0,0,25,60,25,1388,84,207,3,304,50,20
"agent ForwardAgent #37",ForwardAgent,1.59,0,0.569,25,0,39,0,38,404,25,384,0,0,50,0,0,25,408,25,1184,394,311,0,1590,50,20
"agent ForwardAgent #38",ForwardAgent,1.543,0,0.569,25,0,40,0,39,393,25,394,0,0,50,0,0,25,372,25,854,384,309,1,1543,50,20
"agent ForwardAgent #39",ForwardAgent,4.171,0,0.569,25,0,97,0,96,1040,25,1031,0,0,50,0,0,25,1054,25,1066,1046,431,2,4171,50,20
"agent ForwardAgent #40",ForwardAgent,3.98,0,0.569,25,0,97,0,96,1058,25,940,0,0,50,0,0,25,918,25,1913,1064,359,3,3980,50,20
"agent ForwardAgent #41",ForwardAgent,2.282,0,0.569,25,0,52,0,51,572,25,562,0,0,50,0,0,25,586,25,1141,562,391,0,2282,50,20
"agent ForwardAgent #42",ForwardAgent,1.333,0,0.569,25,0,38,0,37,348,25,334,0,0,50,0,0,25,312,25,837,339,313,1,1333,50,20
"agent ForwardAgent #43",ForwardAgent,1.427,0,0.569,25,0,39,0,38,318,25,381,0,0,50,0,0,25,404,25,478,324,185,2,1427,50,20
"agent ForwardAgent #44",ForwardAgent,0.88,0,0.569,25,0,26,0,25,208,25,240,0,0,50,0,0,25,218,25,702,214,329,3,880,50,20
"agent ForwardAgent #45",ForwardAgent,6.23,0,0.569,25,0,140,0,139,1580,25,1528,0,0,50,0,0,25,1552,25,2039,1570,337,0,6230,50,20
"agent ForwardAgent #46",ForwardAgent,0.277,0,0.569,25,0,11,0,10,82,25,72,0,0,50,0,0,25,50,25,389,73,173,1,277,50,20
"agent ForwardAgent #47",ForwardAgent,0.761,0,0.569,25,0,22,0,21,192,25,174,0,0,50,0,0,25,197,25,762,198,307,2,761,50,20
"agent ForwardAgent #48",ForwardAgent,3.152,0,0.569,25,0,80,0,79,808,25,776,0,0,50,0,0,25,754,25,1327,814,431,3,3152,50,20
"agent ForwardAgent #49",ForwardAgent,1.254,0,0.569,25,0,23,0,22,324,25,296,0,0,50,0,0,25,320,25,1240,314,371,0,1254,50,20
"agent ForwardAgent #50",ForwardAgent,0.825,0,0.569,25,0,17,0,16,206,25,222,0,0,50,0,0,25,200,25,668,197,377,1,825,50,20
"agent RandomAgent #51",RandomAgent,10.929,0,0.569,25,0,188,0,5379,2786,25,2664,0,0,50,0,0,25,2687,25,2403,2792,281,2,10929,50,20
"agent RandomAgent #52",RandomAgent,76.098,0,0.569,25,0,1807,0,38286,18458,25,19599,0,0,50,0,0,25,19577,25,6972,18464,339,3,76098,50,20
"agent RandomAgent #53",RandomAgent,129.228,0,0.569,25,0,3213,0,64634,35127,25,29480,0,0,50,0,0,25,29504,25,8731,35117,425,0,129228,50,20
"agent RandomAgent #54",RandomAgent,27.285,0,0.569,25,0,453,0,13583,6693,25,6965,0,0,50,0,0,25,6943,25,3364,6684,296,1,27285,50,20
"agent RandomAgent #55",RandomAgent,25.505,0,0.569,25,0,717,0,12912,6250,25,6488,0,0,50,0,0,25,6511,25,3401,6256,214,2,25505,50,20
"agent RandomAgent #56",RandomAgent,49.01,0,0.569,25,0,1344,0,24362,13771,25,10742,0,0,50,0,0,25,10720,25,6505,13777,344,3,49010,50,20
"agent RandomAgent #57",RandomAgent,23.652,0,0.569,25,0,520,0,11871,5988,25,5831,0,0,50,0,0,25,5855,25,3996,5978,318,0,23652,50,20
"agent RandomAgent #58",RandomAgent,29.841,0,0.569,25,0,823,0,15101,7084,25,7852,0,0,50,0,0,25,7830,25,2981,7075,334,1,29841,50,20
"agent RandomAgent #59",RandomAgent,17.867,0,0.569,25,0,432,0,8927,4551,25,4368,0,0,50,0,0,25,4391,25,2854,4557,172,2,17867,50,20
"agent RandomAgent #60",RandomAgent,40.762,0,0.569,25,0,1230,0,20340,10922,25,9467,0,0,50,0,0,25,9445,25,3154,10928,279,3,40762,50,20
"agent RandomAgent #61",RandomAgent,83.036,0,0.569,25,0,1949,0,41609,21314,25,20197,0,0,50,0,0,25,20221,25,3715,21304,431,0,83036,50,20
"agent RandomAgent #62",RandomAgent,43.601,0,0.569,25,0,1017,0,21847,11490,25,10326,0,0,50,0,0,25,10304,25,3836,11481,368,1,43601,50,20
"agent RandomAgent #63",RandomAgent,171.883,0,0.569,25,0,4521,0,86390,42365,25,43562,0,0,50,0,0,25,43585,25,8293,42371,431,2,171883,50,20
"agent RandomAgent #64",RandomAgent,25.64,0,0.569,25,0,720,0,12804,7259,25,5569,0,0,50,0,0,25,5547,25,3149,7265,253,3,25640,50,20
"agent RandomAgent #65",RandomAgent,16.972,0,0.569,25,0,380,0,8546,4623,25,3856,0,0,50,0,0,25,3880,25,1726,4613,283,0,16972,50,20
"agent RandomAgent #66",RandomAgent,30.025,0,0.569,25,0,810,0,15088,7727,25,7301,0,0,50,0,0,25,7279,25,905,7718,290,1,30025,50,20
"agent RandomAgent #67",RandomAgent,25.807,0,0.569,25,0,643,0,12976,6430,25,6459,0,0,50,0,0,25,6482,25,1355,6436,162,2,25807,50,20
"agent RandomAgent #68",RandomAgent,51.164,0,0.569,25,0,1126,0,25394,12988,25,12602,0,0,50,0,0,25,12580,25,3330,12994,358,3,51164,50,20
"agent RandomAgent #69",RandomAgent,50.596,0,0.569,25,0,1090,0,25435,12837,25,12454,0,0,50,0,0,25,12478,25,1436,12827,431,0,50596,50,20
"agent RandomAgent #70",RandomAgent,86.025,0,0.569,25,0,1863,0,42753,23702,25,19326,0,0,50,0,0,25,19304,25,2876,23693,431,1,86025,50,20
"agent RandomAgent #71",RandomAgent,183.947,0,0.569,25,0,4579,0,92093,48177,25,43782,0,0,50,0,0,25,43805,25,1183,48183,431,2,183947,50,20
"agent RandomAgent #72",RandomAgent,13.054,0,0.569,25,0,119,0,6378,4128,25,2407,0,0,50,0,0,25,2385,25,509,4134,286,3,13054,50,20
"agent RandomAgent #73",RandomAgent,59.194,0,0.569,25,0,1069,0,29651,15756,25,13834,0,0,50,0,0,25,13858,25,371,15746,402,0,59194,50,20
"agent RandomAgent #74",RandomAgent,16.125,0,0.569,25,0,195,0,7937,5045,25,3033,0,0,50,0,0,25,3011,25,60,5036,253,1,16125,50,20
"agent RandomAgent #75",RandomAgent,156.005,0,0.569,25,0,4100,0,78563,39717,25,38271,0,0,50,0,0,25,38294,25,47,39723,431,2,156005,50,20
"agent NegotiatingAgent #76",NegotiatingAgent,0.496,1524,0.569,25,33,9,0,8,128,25,128,232,273,50,49,14,25,106,25,421,134,303,3,496,50,20
"agent NegotiatingAgent #77",NegotiatingAgent,0.39,3070,0.569,25,47,6,0,6,108,25,80,147,164,50,10,11,25,104,25,512,98,289,0,390,50,20
"agent NegotiatingAgent #78",NegotiatingAgent,0.469,2050,0.569,25,36,8,0,7,130,25,120,171,226,50,31,6,25,98,25,285,121,289,1,469,50,20
"agent NegotiatingAgent #79",NegotiatingAgent,0.591,2133,0.569,25,38,9,0,10,144,25,137,210,283,50,36,1,25,160,25,299,150,356,2,591,50,20
"agent NegotiatingAgent #80",NegotiatingAgent,0.524,616,0.569,25,11,10,0,10,134,25,136,169,193,50,38,21,25,114,25,322,140,317,3,524,50,20
"agent NegotiatingAgent #81",NegotiatingAgent,0.642,1209,0.569,25,22,19,0,18,174,25,140,118,170,50,11,17,25,164,25,531,164,415,0,642,50,20
"agent NegotiatingAgent #82",NegotiatingAgent,0.261,1240,0.569,25,25,8,0,7,68,25,78,155,176,50,32,13,25,56,25,208,59,185,1,261,50,20
"agent NegotiatingAgent #83",NegotiatingAgent,0.173,781,0.569,25,17,5,0,4,44,25,28,118,106,50,21,4,25,51,25,231,50,147,2,173,50,20
"agent NegotiatingAgent #84",NegotiatingAgent,0.148,68,0.569,25,19,5,0,4,38,25,44,68,60,50,1,7,25,22,25,282,44,129,3,148,50,20
"agent NegotiatingAgent #85",NegotiatingAgent,0.394,1228,0.569,25,16,7,0,7,110,25,80,166,175,50,36,18,25,104,25,412,100,291,0,394,50,20
"agent NegotiatingAgent #86",NegotiatingAgent,0.417,1674,0.569,25,17,9,0,8,108,25,116,162,194,50,40,13,25,94,25,193,99,263,1,417,50,20
"agent NegotiatingAgent #87",NegotiatingAgent,0.127,239,0.569,25,15,2,0,1,32,25,17,38,55,50,0,4,25,40,25,104,38,124,2,127,50,20
"agent NegotiatingAgent #88",NegotiatingAgent,0.376,2062,0.569,25,42,7,0,6,96,25,100,198,208,50,24,22,25,78,25,364,102,243,3,376,50,20
"agent NegotiatingAgent #89",NegotiatingAgent,0.292,197,0.569,25,9,7,0,7,85,25,54,139,206,50,34,9,25,78,25,440,75,240,0,292,50,20
"agent NegotiatingAgent #90",NegotiatingAgent,0.483,476,0.569,25,12,4,0,4,129,25,128,164,185,50,32,23,25,106,25,235,120,296,1,483,50,20
"agent NegotiatingAgent #91",NegotiatingAgent,0.171,300,0.569,25,9,5,0,4,40,25,31,96,99,50,25,5,25,54,25,97,46,146,2,171,50,20
"agent NegotiatingAgent #92",NegotiatingAgent,0.342,256,0.569,25,6,9,0,9,90,25,89,134,135,50,33,22,25,67,25,333,96,226,3,342,50,20
"agent NegotiatingAgent #93",NegotiatingAgent,0.302,0,0.569,25,0,3,0,3,90,25,54,124,182,50,25,21,25,78,25,634,80,245,0,302,50,20
"agent NegotiatingAgent #94",NegotiatingAgent,0.317,190,0.569,25,3,5,0,5,91,25,83,94,116,50,23,13,25,61,25,207,82,213,1,317,50,20
"agent NegotiatingAgent #95",NegotiatingAgent,0.517,234,0.569,25,3,8,0,7,132,25,112,265,305,50,92,4,25,135,25,284,138,319,2,517,50,20
"agent NegotiatingAgent #96",NegotiatingAgent,0.248,196,0.569,25,2,6,0,5,62,25,70,222,212,50,63,18,25,48,25,192,68,179,3,248,50,20
"agent NegotiatingAgent #97",NegotiatingAgent,0.242,132,0.569,25,3,7,0,6,62,25,52,78,113,50,10,22,25,76,25,327,52,215,0,242,50,20
"agent NegotiatingAgent #98",NegotiatingAgent,0.563,0,0.569,25,0,9,0,8,161,25,136,178,246,50,64,5,25,114,25,298,152,336,1,563,50,20
"agent NegotiatingAgent #99",NegotiatingAgent,0.499,0,0.569,25,0,6,0,5,126,25,109,156,206,50,50,10,25,132,25,136,132,310,2,499,50,20
"agent NegotiatingAgent #100",NegotiatingAgent,0.516,5360,0.569,25,107,12,0,11,132,25,134,218,255,50,0,0,25,112,25,514,138,313,3,516,50,20
"agent NegotiatingAgent #101",NegotiatingAgent,0.238,1469,0.569,25,47,5,0,4,70,25,42,83,105,50,0,0,25,66,25,153,60,213,0,238,50,20
"agent NegotiatingAgent #102",NegotiatingAgent,0.725,5173,0.569,25,113,18,0,17,190,25,188,265,339,50,10,0,25,166,25,475,181,417,1,725,50,20
"agent NegotiatingAgent #103",NegotiatingAgent,0.145,1907,0.569,25,43,6,0,5,36,25,22,87,89,50,0,0,25,45,25,213,42,133,2,145,50,20
"agent NegotiatingAgent #104",NegotiatingAgent,0.232,2222,0.569,25,55,4,0,3,58,25,66,165,169,50,19,2,25,44,25,267,64,171,3,232,50,20
"agent NegotiatingAgent #105",NegotiatingAgent,0.294,2319,0.569,25,70,6,0,5,88,25,52,142,184,50,2,0,25,76,25,404,78,241,0,294,50,20
"agent NegotiatingAgent #106",NegotiatingAgent,0.493,3881,0.569,25,87,12,0,11,126,25,136,207,237,50,5,3,25,114,25,341,117,301,1,493,50,20
"agent NegotiatingAgent #107",NegotiatingAgent,0.173,1852,0.569,25,54,5,0,4,44,25,28,135,123,50,3,1,25,51,25,258,50,147,2,173,50,20
"agent NegotiatingAgent #108",NegotiatingAgent,0.48,5699,0.569,25,85,14,0,13,116,25,132,236,275,50,15,4,25,110,25,518,122,295,3,480,50,20
"agent NegotiatingAgent #109",NegotiatingAgent,0.28,2588,0.569,25,64,6,0,6,79,25,54,157,168,50,10,4,25,78,25,393,69,234,0,280,50,20
"agent NegotiatingAgent #110",NegotiatingAgent,0.383,2063,0.569,25,59,9,0,8,105,25,102,120,173,50,1,4,25,80,25,226,96,246,1,383,50,20
"agent NegotiatingAgent #111",NegotiatingAgent,0.185,1550,0.569,25,41,7,0,6,46,25,32,136,150,50,10,1,25,55,25,263,52,153,2,185,50,20
"agent NegotiatingAgent #112",NegotiatingAgent,0.524,4124,0.569,25,64,10,0,9,132,25,138,220,253,50,29,6,25,116,25,498,138,317,3,524,50,20
"agent NegotiatingAgent #113",NegotiatingAgent,0.27,1486,0.569,25,38,7,0,6,74,25,54,138,133,50,16,12,25,78,25,219,64,229,0,270,50,20
"agent NegotiatingAgent #114",NegotiatingAgent,0.127,0,0.569,25,10,3,0,2,41,25,38,27,69,50,0,3,25,16,25,137,32,118,1,127,50,20
"agent NegotiatingAgent #115",NegotiatingAgent,0.163,661,0.569,25,22,4,0,3,38,25,29,152,127,50,33,0,25,52,25,175,44,142,2,163,50,20
"agent NegotiatingAgent #116",NegotiatingAgent,0.338,2528,0.569,25,52,9,0,9,88,25,89,119,169,50,2,4,25,67,25,344,94,224,3,338,50,20
"agent NegotiatingAgent #117",NegotiatingAgent,0.422,1407,0.569,25,45,9,0,8,114,25,90,128,166,50,6,8,25,114,25,473,104,305,0,422,50,20
"agent NegotiatingAgent #118",NegotiatingAgent,0.501,3042,0.569,25,52,10,0,9,130,25,136,201,231,50,29,5,25,114,25,219,121,305,1,501,50,20
"agent NegotiatingAgent #119",NegotiatingAgent,0.485,3011,0.569,25,44,9,0,8,114,25,114,191,231,50,28,3,25,137,25,365,120,303,2,485,50,20
"agent NegotiatingAgent #120",NegotiatingAgent,0.336,742,0.569,25,31,4,0,3,82,25,94,121,170,50,17,12,25,72,25,405,88,223,3,336,50,20
"agent NegotiatingAgent #121",NegotiatingAgent,0.46,3386,0.569,25,52,8,0,8,129,25,94,199,224,50,19,16,25,118,25,321,119,324,0,460,50,20
"agent NegotiatingAgent #122",NegotiatingAgent,0.637,1331,0.569,25,21,12,0,11,162,25,172,178,272,50,42,5,25,150,25,302,153,373,1,637,50,20
"agent NegotiatingAgent #123",NegotiatingAgent,0.499,2789,0.569,25,50,8,0,8,131,25,104,221,253,50,35,4,25,127,25,428,137,310,2,499,50,20
"agent NegotiatingAgent #124",NegotiatingAgent,0.344,2032,0.569,25,36,8,0,7,84,25,96,94,161,50,3,4,25,74,25,426,90,227,3,344,50,20
"agent NegotiatingAgent #125",NegotiatingAgent,0.458,2450,0.569,25,44,11,0,10,116,25,106,216,216,50,37,7,25,130,25,233,106,323,0,458,50,20
"agent SwarmAgent #126",SwarmAgent,0.319,0,0.569,25,0,3,0,2,93,25,82,0,0,50,0,0,25,60,25,394,84,214,1,319,50,20
"agent SwarmAgent #127",SwarmAgent,0.157,0,0.569,25,0,3,0,2,38,25,26,0,0,50,0,0,25,49,25,314,44,139,2,157,50,20
"agent SwarmAgent #128",SwarmAgent,0.304,0,0.569,25,0,2,0,1,78,25,82,0,0,50,0,0,25,60,25,410,84,207,3,304,50,20
"agent SwarmAgent #129",SwarmAgent,0.39,0,0.569,25,0,1,0,2,111,25,77,0,0,50,0,0,25,101,25,363,101,289,0,390,50,20
"agent SwarmAgent #130",SwarmAgent,0.147,0,0.569,25,0,4,0,3,47,25,42,0,0,50,0,0,25,20,25,52,38,128,1,147,50,20
"agent SwarmAgent #131",SwarmAgent,0.157,0,0.569,25,0,3,0,2,38,25,26,0,0,50,0,0,25,49,25,157,44,139,2,157,50,20
"agent SwarmAgent #132",SwarmAgent,0.224,0,0.569,25,0,2,0,1,54,25,66,0,0,50,0,0,25,44,25,92,60,167,3,224,50,20
"agent SwarmAgent #133",SwarmAgent,0.352,0,0.569,25,0,1,0,1,96,25,73,0,0,50,0,0,25,97,25,237,86,270,0,352,50,20
"agent SwarmAgent #134",SwarmAgent,0.409,0,0.569,25,0,4,0,3,108,25,112,0,0,50,0,0,25,90,25,406,99,259,1,409,50,20
"agent SwarmAgent #135",SwarmAgent,0.131,0,0.569,25,0,4,0,3,30,25,21,0,0,50,0,0,25,44,25,35,36,126,2,131,50,20
"agent SwarmAgent #136",SwarmAgent,0.424,0,0.569,25,0,4,0,3,106,25,114,0,0,50,0,0,25,92,25,38,112,267,3,424,50,20
"agent SwarmAgent #137",SwarmAgent,0.218,0,0.569,25,0,3,0,2,56,25,46,0,0,50,0,0,25,70,25,381,46,203,0,218,50,20
"agent SwarmAgent #138",SwarmAgent,0.409,0,0.569,25,0,4,0,3,108,25,112,0,0,50,0,0,25,90,25,10,99,259,1,409,50,20
"agent SwarmAgent #139",SwarmAgent,0.141,0,0.569,25,0,5,0,4,34,25,22,0,0,50,0,0,25,45,25,144,40,131,2,141,50,20
"agent SwarmAgent #140",SwarmAgent,0.304,0,0.569,25,0,2,0,1,78,25,82,0,0,50,0,0,25,60,25,65,84,207,3,304,50,20
"agent SwarmAgent #141",SwarmAgent,0.242,0,0.569,25,0,3,0,3,64,25,50,0,0,50,0,0,25,74,25,159,54,215,0,242,50,20
"agent SwarmAgent #142",SwarmAgent,0.123,0,0.569,25,0,2,0,1,41,25,36,0,0,50,0,0,25,14,25,46,32,116,1,123,50,20
"agent SwarmAgent #143",SwarmAgent,0.137,0,0.569,25,0,4,0,3,34,25,20,0,0,50,0,0,25,43,25,60,40,129,2,137,50,20
"agent SwarmAgent #144",SwarmAgent,0.128,0,0.569,25,0,4,0,3,32,25,40,0,0,50,0,0,25,18,25,129,38,119,3,128,50,20
"agent SwarmAgent #145",SwarmAgent,0.186,0,0.569,25,0,1,0,0,52,25,34,0,0,50,0,0,25,58,25,29,42,187,0,186,50,20
"agent SwarmAgent #146",SwarmAgent,0.319,0,0.569,25,0,3,0,2,93,25,82,0,0,50,0,0,25,60,25,12,84,214,1,319,50,20
"agent SwarmAgent #147",SwarmAgent,0.425,0,0.569,25,0,3,0,2,104,25,94,0,0,50,0,0,25,117,25,3,110,273,2,425,50,20
"agent SwarmAgent #148",SwarmAgent,0.12,0,0.569,25,0,2,0,1,30,25,38,0,0,50,0,0,25,16,25,39,36,115,3,120,50,20
"agent SwarmAgent #149",SwarmAgent,0.218,0,0.569,25,0,3,0,2,56,25,46,0,0,50,0,0,25,70,25,0,46,203,0,218,50,20
"agent SwarmAgent #150",SwarmAgent,0.285,0,0.569,25,0,3,0,3,79,25,79,0,0,50,0,0,25,57,25,0,70,197,1,285,50,20
