agentName,agentType,averageSpeed,cumulatedUtilityReceived,freeWallRatio,numBacktrackAgents,numCFPAnswered,numDeadends,numDifferentEncounters,numDirectionChanges,numDownSteps,numForwardAgents,numLeftSteps,numMessagesReceived,numMessagesSent,numNegotiatingAgents,numProposalsAccepted,numProposalsRejected,numRandomAgents,numRightSteps,numSwarmAgents,numTotalEncounters,numUpSteps,numVisitedCells,startingPosition,stepsToExit,xsize,ysize
"agent BacktrackAgent #1",BacktrackAgent,0.535,0,0.569,10,0,12,0,12,134,10,126,0,0,10,0,0,10,150,10,416,125,336,0,535,50,20
"agent BacktrackAgent #2",BacktrackAgent,0.078,0,0.569,10,0,0,0,0,20,10,34,0,0,10,0,0,10,12,10,109,12,79,1,78,50,20
"agent BacktrackAgent #3",BacktrackAgent,0.488,0,0.569,10,0,12,0,12,118,10,111,0,0,10,0,0,10,134,10,506,125,296,2,488,50,20
"agent BacktrackAgent #4",BacktrackAgent,0.225,0,0.569,10,0,7,0,7,52,10,68,0,0,10,0,0,10,46,10,203,59,150,3,225,50,20
"agent BacktrackAgent #5",BacktrackAgent,0.235,0,0.569,10,0,4,0,4,66,10,44,0,0,10,0,0,10,68,10,495,57,186,0,235,50,20
"agent BacktrackAgent #6",BacktrackAgent,0.468,0,0.569,10,0,8,0,8,117,10,132,0,0,10,0,0,10,110,10,232,109,274,1,468,50,20
"agent BacktrackAgent #7",BacktrackAgent,0.176,0,0.569,10,0,2,0,2,44,10,29,0,0,10,0,0,10,52,10,317,51,140,2,176,50,20
"agent BacktrackAgent #8",BacktrackAgent,0.169,0,0.569,10,0,5,0,5,38,10,54,0,0,10,0,0,10,32,10,157,45,122,3,169,50,20
"agent BacktrackAgent #9",BacktrackAgent,0.511,0,0.569,10,0,11,0,11,130,10,118,0,0,10,0,0,10,142,10,373,121,324,0,511,50,20
"agent BacktrackAgent #10",BacktrackAgent,0.498,0,0.569,10,0,9,0,9,126,10,138,0,0,10,0,0,10,116,10,189,118,289,1,498,50,20
"agent ForwardAgent #11",ForwardAgent,0.39,0,0.569,10,0,6,0,6,86,10,94,0,0,10,0,0,10,117,10,99,93,163,2,390,50,20
"agent ForwardAgent #12",ForwardAgent,0.293,0,0.569,10,0,9,0,9,72,10,82,0,0,10,0,0,10,60,10,192,79,140,3,293,50,20
"agent ForwardAgent #13",ForwardAgent,0.571,0,0.569,10,0,11,0,11,160,10,118,0,0,10,0,0,10,142,10,241,151,198,0,571,50,20
"agent ForwardAgent #14",ForwardAgent,0.13,0,0.569,10,0,2,0,2,38,10,42,0,0,10,0,0,10,20,10,95,30,105,1,130,50,20
"agent ForwardAgent #15",ForwardAgent,0.652,0,0.569,10,0,21,0,21,162,10,149,0,0,10,0,0,10,172,10,254,169,280,2,652,50,20
"agent ForwardAgent #16",ForwardAgent,0.073,0,0.569,10,0,0,0,0,14,10,30,0,0,10,0,0,10,8,10,77,21,74,3,73,50,20
"agent ForwardAgent #17",ForwardAgent,0.143,0,0.569,10,0,1,0,1,42,10,22,0,0,10,0,0,10,46,10,304,33,140,0,143,50,20
"agent ForwardAgent #18",ForwardAgent,0.446,0,0.569,10,0,19,0,19,124,10,114,0,0,10,0,0,10,92,10,129,116,142,1,446,50,20
"agent ForwardAgent #19",ForwardAgent,0.6,0,0.569,10,0,13,0,13,134,10,151,0,0,10,0,0,10,174,10,196,141,272,2,600,50,20
"agent ForwardAgent #20",ForwardAgent,0.117,0,0.569,10,0,1,0,1,26,10,40,0,0,10,0,0,10,18,10,63,33,96,3,117,50,20
"agent RandomAgent #21",RandomAgent,12.679,0,0.569,10,0,280,0,6369,3601,10,2731,0,0,10,0,0,10,2755,10,1365,3592,206,0,12679,50,20
"agent RandomAgent #22",RandomAgent,2.932,0,0.569,10,0,87,0,1449,694,10,787,0,0,10,0,0,10,765,10,306,686,146,1,2932,50,20
"agent RandomAgent #23",RandomAgent,15.676,0,0.569,10,0,302,0,7913,4151,10,3672,0,0,10,0,0,10,3695,10,811,4158,191,2,15676,50,20
"agent RandomAgent #24",RandomAgent,19.283,0,0.569,10,0,863,0,9781,4972,10,4677,0,0,10,0,0,10,4655,10,487,4979,171,3,19283,50,20
"agent RandomAgent #25",RandomAgent,19.231,0,0.569,10,0,273,0,9631,4922,10,4686,0,0,10,0,0,10,4710,10,771,4913,191,0,19231,50,20
"agent RandomAgent #26",RandomAgent,7.968,0,0.569,10,0,325,0,3948,1778,10,2221,0,0,10,0,0,10,2199,10,686,1770,157,1,7968,50,20
"agent RandomAgent #27",RandomAgent,21.794,0,0.569,10,0,386,0,11059,5508,10,5374,0,0,10,0,0,10,5397,10,192,5515,200,2,21794,50,20
"agent RandomAgent #28",RandomAgent,6.359,0,0.569,10,0,212,0,3258,1608,10,1579,0,0,10,0,0,10,1557,10,66,1615,153,3,6359,50,20
"agent RandomAgent #29",RandomAgent,23.621,0,0.569,10,0,280,0,11607,5638,10,6165,0,0,10,0,0,10,6189,10,15,5629,226,0,23621,50,20
"agent RandomAgent #30",RandomAgent,7.544,0,0.569,10,0,401,0,3882,1827,10,1960,0,0,10,0,0,10,1938,10,18,1819,104,1,7544,50,20
"agent NegotiatingAgent #31",NegotiatingAgent,0.386,140,0.569,10,14,9,0,9,88,10,90,20,64,10,0,0,10,113,10,77,95,245,2,386,50,20
"agent NegotiatingAgent #32",NegotiatingAgent,0.165,16,0.569,10,7,4,0,4,36,10,54,12,45,10,1,0,10,32,10,62,43,120,3,165,50,20
"agent NegotiatingAgent #33",NegotiatingAgent,0.175,134,0.569,10,14,3,0,3,50,10,30,24,38,10,0,0,10,54,10,133,41,156,0,175,50,20
"agent NegotiatingAgent #34",NegotiatingAgent,0.45,852,0.569,10,20,5,0,5,110,10,130,54,100,10,3,3,10,108,10,161,102,265,1,450,50,20
"agent NegotiatingAgent #35",NegotiatingAgent,0.19,130,0.569,10,7,2,0,2,42,10,38,19,32,10,1,1,10,61,10,146,49,147,2,190,50,20
"agent NegotiatingAgent #36",NegotiatingAgent,0.357,124,0.569,10,8,3,0,3,82,10,104,32,58,10,3,7,10,82,10,105,89,216,3,357,50,20
"agent NegotiatingAgent #37",NegotiatingAgent,0.171,70,0.569,10,2,2,0,2,48,10,30,49,141,10,15,4,10,54,10,163,39,154,0,171,50,20
"agent NegotiatingAgent #38",NegotiatingAgent,0.426,136,0.569,10,3,4,0,4,106,10,122,31,106,10,1,11,10,100,10,62,98,253,1,426,50,20
"agent NegotiatingAgent #39",NegotiatingAgent,0.19,70,0.569,10,1,2,0,2,42,10,38,21,19,10,4,5,10,61,10,12,49,147,2,190,50,20
"agent NegotiatingAgent #40",NegotiatingAgent,0.373,0,0.569,10,0,3,0,4,82,10,112,30,90,10,9,4,10,90,10,93,89,224,3,373,50,20
"agent SwarmAgent #41",SwarmAgent,0.231,0,0.569,10,0,1,0,2,58,10,50,0,0,10,0,0,10,74,10,52,49,184,0,231,50,20
"agent SwarmAgent #42",SwarmAgent,0.166,0,0.569,10,0,3,0,3,46,10,52,0,0,10,0,0,10,30,10,7,38,123,1,166,50,20
"agent SwarmAgent #43",SwarmAgent,0.26,0,0.569,10,0,3,0,3,64,10,51,0,0,10,0,0,10,74,10,23,71,182,2,260,50,20
"agent SwarmAgent #44",SwarmAgent,0.179,0,0.569,10,0,2,0,3,37,10,60,0,0,10,0,0,10,38,10,14,44,127,3,179,50,20
"agent SwarmAgent #45",SwarmAgent,0.223,0,0.569,10,0,2,0,2,60,10,44,0,0,10,0,0,10,68,10,68,51,180,0,223,50,20
"agent SwarmAgent #46",SwarmAgent,0.346,0,0.569,10,0,4,0,5,85,10,103,0,0,10,0,0,10,81,10,61,77,213,1,346,50,20
"agent SwarmAgent #47",SwarmAgent,0.252,0,0.569,10,0,2,0,2,60,10,51,0,0,10,0,0,10,74,10,10,67,178,2,252,50,20
"agent SwarmAgent #48",SwarmAgent,0.155,0,0.569,10,0,2,0,3,33,10,52,0,0,10,0,0,10,30,10,1,40,115,3,155,50,20
"agent SwarmAgent #49",SwarmAgent,0.251,0,0.569,10,0,1,0,2,60,10,58,0,0,10,0,0,10,82,10,0,51,194,0,251,50,20
"agent SwarmAgent #50",SwarmAgent,0.08,0,0.569,10,0,1,0,1,21,10,34,0,0,10,0,0,10,12,10,0,13,80,1,80,50,20
