agentName,agentType,averageSpeed,cumulatedUtilityReceived,freeWallRatio,numBacktrackAgents,numCFPAnswered,numDeadends,numDifferentEncounters,numDirectionChanges,numDownSteps,numForwardAgents,numLeftSteps,numMessagesReceived,numMessagesSent,numNegotiatingAgents,numProposalsAccepted,numProposalsRejected,numRandomAgents,numRightSteps,numSwarmAgents,numTotalEncounters,numUpSteps,numVisitedCells,startingPosition,stepsToExit,xsize,ysize
"agent BacktrackAgent #1",BacktrackAgent,0.319,0,0.569,50,0,4,0,4,84,50,69,0,0,50,0,0,50,92,50,1736,74,206,0,319,50,20
"agent BacktrackAgent #2",BacktrackAgent,0.27,0,0.569,50,0,10,0,10,69,50,82,0,0,50,0,0,50,59,50,1037,60,185,1,270,50,20
"agent BacktrackAgent #3",BacktrackAgent,0.128,0,0.569,50,0,3,0,3,26,50,24,0,0,50,0,0,50,46,50,1009,32,101,2,128,50,20
"agent BacktrackAgent #4",BacktrackAgent,0.187,0,0.569,50,0,6,0,6,42,50,60,0,0,50,0,0,50,37,50,1065,48,156,3,187,50,20
"agent BacktrackAgent #5",BacktrackAgent,0.115,0,0.569,50,0,3,0,3,28,50,23,0,0,50,0,0,50,46,50,967,18,104,0,115,50,20
"agent BacktrackAgent #6",BacktrackAgent,0.31,0,0.569,50,0,13,0,13,83,50,88,0,0,50,0,0,50,65,50,452,74,205,1,310,50,20
"agent BacktrackAgent #7",BacktrackAgent,0.154,0,0.569,50,0,3,0,3,36,50,27,0,0,50,0,0,50,49,50,1330,42,114,2,154,50,20
"agent BacktrackAgent #8",BacktrackAgent,0.187,0,0.569,50,0,6,0,6,44,50,58,0,0,50,0,0,50,35,50,1077,50,156,3,187,50,20
"agent BacktrackAgent #9",BacktrackAgent,0.095,0,0.569,50,0,1,0,1,26,50,15,0,0,50,0,0,50,38,50,870,16,94,0,95,50,20
"agent BacktrackAgent #10",BacktrackAgent,0.144,0,0.569,50,0,4,0,4,40,50,48,0,0,50,0,0,50,25,50,982,31,122,1,144,50,20
"agent BacktrackAgent #11",BacktrackAgent,0.334,0,0.569,50,0,7,0,7,74,50,79,0,0,50,0,0,50,101,50,2077,80,204,2,334,50,20
"agent BacktrackAgent #12",BacktrackAgent,0.279,0,0.569,50,0,12,0,12,64,50,84,0,0,50,0,0,50,61,50,1253,70,202,3,279,50,20
"agent BacktrackAgent #13",BacktrackAgent,0.343,0,0.569,50,0,7,0,7,86,50,79,0,0,50,0,0,50,102,50,1589,76,218,0,343,50,20
"agent BacktrackAgent #14",BacktrackAgent,0.122,0,0.569,50,0,3,0,3,33,50,44,0,0,50,0,0,50,21,50,486,24,111,1,122,50,20
"agent BacktrackAgent #15",BacktrackAgent,0.28,0,0.569,50,0,5,0,5,60,50,66,0,0,50,0,0,50,88,50,1708,66,177,2,280,50,20
"agent BacktrackAgent #16",BacktrackAgent,0.259,0,0.569,50,0,11,0,11,64,50,74,0,0,50,0,0,50,51,50,1133,70,192,3,259,50,20
"agent BacktrackAgent #17",BacktrackAgent,0.323,0,0.569,50,0,5,0,5,84,50,71,0,0,50,0,0,50,94,50,1916,74,208,0,323,50,20
"agent BacktrackAgent #18",BacktrackAgent,0.114,0,0.569,50,0,2,0,2,33,50,40,0,0,50,0,0,50,17,50,301,24,107,1,114,50,20
"agent BacktrackAgent #19",BacktrackAgent,0.308,0,0.569,50,0,7,0,7,64,50,76,0,0,50,0,0,50,98,50,2063,70,191,2,308,50,20
"agent BacktrackAgent #20",BacktrackAgent,0.203,0,0.569,50,0,8,0,8,48,50,62,0,0,50,0,0,50,39,50,1409,54,164,3,203,50,20
"agent BacktrackAgent #21",BacktrackAgent,0.095,0,0.569,50,0,1,0,1,26,50,15,0,0,50,0,0,50,38,50,1231,16,94,0,95,50,20
"agent BacktrackAgent #22",BacktrackAgent,0.274,0,0.569,50,0,10,0,10,73,50,80,0,0,50,0,0,50,57,50,1073,64,187,1,274,50,20
"agent BacktrackAgent #23",BacktrackAgent,0.334,0,0.569,50,0,7,0,7,74,50,79,0,0,50,0,0,50,101,50,1756,80,204,2,334,50,20
"agent BacktrackAgent #24",BacktrackAgent,0.287,0,0.569,50,0,12,0,12,66,50,86,0,0,50,0,0,50,63,50,1094,72,206,3,287,50,20
"agent BacktrackAgent #25",BacktrackAgent,0.111,0,0.569,50,0,2,0,2,28,50,21,0,0,50,0,0,50,44,50,1617,18,102,0,111,50,20
"agent BacktrackAgent #26",BacktrackAgent,0.148,0,0.569,50,0,5,0,5,38,50,52,0,0,50,0,0,50,29,50,687,29,124,1,148,50,20
"agent BacktrackAgent #27",BacktrackAgent,0.28,0,0.569,50,0,6,0,6,56,50,70,0,0,50,0,0,50,92,50,1132,62,177,2,280,50,20
"agent BacktrackAgent #28",BacktrackAgent,0.267,0,0.569,50,0,11,0,11,62,50,80,0,0,50,0,0,50,57,50,881,68,196,3,267,50,20
"agent BacktrackAgent #29",BacktrackAgent,0.323,0,0.569,50,0,5,0,5,84,50,71,0,0,50,0,0,50,94,50,1565,74,208,0,323,50,20
"agent BacktrackAgent #30",BacktrackAgent,0.128,0,0.569,50,0,4,0,4,36,50,44,0,0,50,0,0,50,21,50,890,27,114,1,128,50,20
"agent BacktrackAgent #31",BacktrackAgent,0.308,0,0.569,50,0,7,0,7,64,50,76,0,0,50,0,0,50,98,50,1733,70,191,2,308,50,20
"agent BacktrackAgent #32",BacktrackAgent,0.267,0,0.569,50,0,11,0,11,64,50,78,0,0,50,0,0,50,55,50,822,70,196,3,267,50,20
"agent BacktrackAgent #33",BacktrackAgent,0.323,0,0.569,50,0,5,0,5,84,50,71,0,0,50,0,0,50,94,50,1305,74,208,0,323,50,20
"agent BacktrackAgent #34",BacktrackAgent,0.256,0,0.569,50,0,9,0,9,70,50,74,0,0,50,0,0,50,51,50,974,61,178,1,256,50,20
"agent BacktrackAgent #35",BacktrackAgent,0.28,0,0.569,50,0,5,0,5,60,50,66,0,0,50,0,0,50,88,50,1230,66,177,2,280,50,20
"agent BacktrackAgent #36",BacktrackAgent,0.255,0,0.569,50,0,9,0,9,56,50,80,0,0,50,0,0,50,57,50,828,62,190,3,255,50,20
"agent BacktrackAgent #37",BacktrackAgent,0.111,0,0.569,50,0,2,0,2,28,50,21,0,0,50,0,0,50,44,50,1469,18,102,0,111,50,20
"agent BacktrackAgent #38",BacktrackAgent,0.292,0,0.569,50,0,13,0,13,78,50,84,0,0,50,0,0,50,61,50,1028,69,196,1,292,50,20
"agent BacktrackAgent #39",BacktrackAgent,0.182,0,0.569,50,0,4,0,4,44,50,33,0,0,50,0,0,50,55,50,1446,50,128,2,182,50,20
"agent BacktrackAgent #40",BacktrackAgent,0.251,0,0.569,50,0,9,0,9,58,50,76,0,0,50,0,0,50,53,50,656,64,188,3,251,50,20
"agent BacktrackAgent #41",BacktrackAgent,0.343,0,0.569,50,0,7,0,7,86,50,79,0,0,50,0,0,50,102,50,1234,76,218,0,343,50,20
"agent BacktrackAgent #42",BacktrackAgent,0.258,0,0.569,50,0,9,0,9,65,50,80,0,0,50,0,0,50,57,50,643,56,179,1,258,50,20
"agent BacktrackAgent #43",BacktrackAgent,0.308,0,0.569,50,0,7,0,7,64,50,76,0,0,50,0,0,50,98,50,1256,70,191,2,308,50,20
"agent BacktrackAgent #44",BacktrackAgent,0.167,0,0.569,50,0,4,0,4,34,50,58,0,0,50,0,0,50,35,50,1376,40,146,3,167,50,20
"agent BacktrackAgent #45",BacktrackAgent,0.091,0,0.569,50,0,0,0,0,26,50,13,0,0,50,0,0,50,36,50,1131,16,92,0,91,50,20
"agent BacktrackAgent #46",BacktrackAgent,0.316,0,0.569,50,0,15,0,15,82,50,92,0,0,50,0,0,50,69,50,874,73,208,1,316,50,20
"agent BacktrackAgent #47",BacktrackAgent,0.072,0,0.569,50,0,0,0,0,14,50,8,0,0,50,0,0,50,30,50,480,20,73,2,72,50,20
"agent BacktrackAgent #48",BacktrackAgent,0.143,0,0.569,50,0,3,0,3,32,50,48,0,0,50,0,0,50,25,50,1126,38,134,3,143,50,20
"agent BacktrackAgent #49",BacktrackAgent,0.319,0,0.569,50,0,4,0,4,84,50,69,0,0,50,0,0,50,92,50,1409,74,206,0,319,50,20
"agent BacktrackAgent #50",BacktrackAgent,0.302,0,0.569,50,0,14,0,14,81,50,86,0,0,50,0,0,50,63,50,596,72,201,1,302,50,20
"agent ForwardAgent #51",ForwardAgent,0.584,0,0.569,50,0,8,0,8,138,50,140,0,0,50,0,0,50,162,50,864,144,200,2,584,50,20
"agent ForwardAgent #52",ForwardAgent,0.555,0,0.569,50,0,24,0,24,134,50,152,0,0,50,0,0,50,129,50,884,140,184,3,555,50,20
"agent ForwardAgent #53",ForwardAgent,0.131,0,0.569,50,0,7,0,7,32,50,27,0,0,50,0,0,50,50,50,884,22,102,0,131,50,20
"agent ForwardAgent #54",ForwardAgent,0.176,0,0.569,50,0,7,0,7,50,50,54,0,0,50,0,0,50,31,50,720,41,128,1,176,50,20
"agent ForwardAgent #55",ForwardAgent,0.718,0,0.569,50,0,9,0,9,172,50,173,0,0,50,0,0,50,195,50,1574,178,202,2,718,50,20
"agent ForwardAgent #56",ForwardAgent,0.647,0,0.569,50,0,17,0,17,158,50,174,0,0,50,0,0,50,151,50,892,164,188,3,647,50,20
"agent ForwardAgent #57",ForwardAgent,0.507,0,0.569,50,0,7,0,7,148,50,99,0,0,50,0,0,50,122,50,1254,138,200,0,507,50,20
"agent ForwardAgent #58",ForwardAgent,0.334,0,0.569,50,0,11,0,11,95,50,88,0,0,50,0,0,50,65,50,543,86,176,1,334,50,20
"agent ForwardAgent #59",ForwardAgent,0.22,0,0.569,50,0,3,0,3,48,50,48,0,0,50,0,0,50,70,50,700,54,147,2,220,50,20
"agent ForwardAgent #60",ForwardAgent,1.507,0,0.569,50,0,46,0,46,374,50,388,0,0,50,0,0,50,365,50,1766,380,206,3,1507,50,20
"agent ForwardAgent #61",ForwardAgent,0.363,0,0.569,50,0,6,0,6,92,50,83,0,0,50,0,0,50,106,50,1237,82,214,0,363,50,20
"agent ForwardAgent #62",ForwardAgent,1.37,0,0.569,50,0,63,0,63,329,50,372,0,0,50,0,0,50,349,50,1341,320,202,1,1370,50,20
"agent ForwardAgent #63",ForwardAgent,0.126,0,0.569,50,0,1,0,1,32,50,17,0,0,50,0,0,50,39,50,1312,38,100,2,126,50,20
"agent ForwardAgent #64",ForwardAgent,1.819,0,0.569,50,0,61,0,61,432,50,486,0,0,50,0,0,50,463,50,1641,438,214,3,1819,50,20
"agent ForwardAgent #65",ForwardAgent,0.091,0,0.569,50,0,0,0,0,26,50,13,0,0,50,0,0,50,36,50,858,16,92,0,91,50,20
"agent ForwardAgent #66",ForwardAgent,0.154,0,0.569,50,0,4,0,4,43,50,50,0,0,50,0,0,50,27,50,313,34,127,1,154,50,20
"agent ForwardAgent #67",ForwardAgent,0.15,0,0.569,50,0,2,0,2,34,50,27,0,0,50,0,0,50,49,50,1023,40,112,2,150,50,20
"agent ForwardAgent #68",ForwardAgent,0.939,0,0.569,50,0,29,0,29,224,50,254,0,0,50,0,0,50,231,50,1386,230,190,3,939,50,20
"agent ForwardAgent #69",ForwardAgent,0.459,0,0.569,50,0,15,0,15,100,50,123,0,0,50,0,0,50,146,50,935,90,180,0,459,50,20
"agent ForwardAgent #70",ForwardAgent,2.676,0,0.569,50,0,112,0,112,654,50,700,0,0,50,0,0,50,677,50,2598,645,198,1,2676,50,20
"agent ForwardAgent #71",ForwardAgent,0.298,0,0.569,50,0,3,0,3,72,50,63,0,0,50,0,0,50,85,50,1000,78,186,2,298,50,20
"agent ForwardAgent #72",ForwardAgent,0.583,0,0.569,50,0,20,0,20,140,50,160,0,0,50,0,0,50,137,50,715,146,204,3,583,50,20
"agent ForwardAgent #73",ForwardAgent,0.311,0,0.569,50,0,10,0,10,70,50,79,0,0,50,0,0,50,102,50,967,60,178,0,311,50,20
"agent ForwardAgent #74",ForwardAgent,0.34,0,0.569,50,0,10,0,10,94,50,92,0,0,50,0,0,50,69,50,719,85,182,1,340,50,20
"agent ForwardAgent #75",ForwardAgent,1.146,0,0.569,50,0,17,0,17,286,50,273,0,0,50,0,0,50,295,50,1602,292,216,2,1146,50,20
"agent ForwardAgent #76",ForwardAgent,0.975,0,0.569,50,0,30,0,30,218,50,278,0,0,50,0,0,50,255,50,1022,224,200,3,975,50,20
"agent ForwardAgent #77",ForwardAgent,0.855,0,0.569,50,0,19,0,19,214,50,207,0,0,50,0,0,50,230,50,835,204,218,0,855,50,20
"agent ForwardAgent #78",ForwardAgent,0.43,0,0.569,50,0,15,0,15,113,50,118,0,0,50,0,0,50,95,50,558,104,184,1,430,50,20
"agent ForwardAgent #79",ForwardAgent,0.166,0,0.569,50,0,5,0,5,38,50,31,0,0,50,0,0,50,53,50,781,44,114,2,166,50,20
"agent ForwardAgent #80",ForwardAgent,0.475,0,0.569,50,0,13,0,13,106,50,140,0,0,50,0,0,50,117,50,734,112,176,3,475,50,20
"agent ForwardAgent #81",ForwardAgent,0.111,0,0.569,50,0,2,0,2,30,50,19,0,0,50,0,0,50,42,50,904,20,94,0,111,50,20
"agent ForwardAgent #82",ForwardAgent,1.316,0,0.569,50,0,47,0,47,324,50,350,0,0,50,0,0,50,327,50,1378,315,212,1,1316,50,20
"agent ForwardAgent #83",ForwardAgent,0.598,0,0.569,50,0,16,0,16,162,50,123,0,0,50,0,0,50,145,50,972,168,128,2,598,50,20
"agent ForwardAgent #84",ForwardAgent,1.715,0,0.569,50,0,73,0,73,392,50,474,0,0,50,0,0,50,451,50,1308,398,198,3,1715,50,20
"agent ForwardAgent #85",ForwardAgent,0.107,0,0.569,50,0,1,0,1,26,50,21,0,0,50,0,0,50,44,50,662,16,100,0,107,50,20
"agent ForwardAgent #86",ForwardAgent,0.198,0,0.569,50,0,7,0,7,55,50,60,0,0,50,0,0,50,37,50,583,46,125,1,198,50,20
"agent ForwardAgent #87",ForwardAgent,0.204,0,0.569,50,0,5,0,5,44,50,44,0,0,50,0,0,50,66,50,427,50,133,2,204,50,20
"agent ForwardAgent #88",ForwardAgent,1.151,0,0.569,50,0,34,0,34,272,50,312,0,0,50,0,0,50,289,50,1162,278,198,3,1151,50,20
"agent ForwardAgent #89",ForwardAgent,0.831,0,0.569,50,0,14,0,14,194,50,215,0,0,50,0,0,50,238,50,1149,184,204,0,831,50,20
"agent ForwardAgent #90",ForwardAgent,0.994,0,0.569,50,0,27,0,27,243,50,270,0,0,50,0,0,50,247,50,556,234,202,1,994,50,20
"agent ForwardAgent #91",ForwardAgent,0.37,0,0.569,50,0,5,0,5,100,50,71,0,0,50,0,0,50,93,50,877,106,172,2,370,50,20
"agent ForwardAgent #92",ForwardAgent,0.171,0,0.569,50,0,4,0,4,36,50,58,0,0,50,0,0,50,35,50,794,42,148,3,171,50,20
"agent ForwardAgent #93",ForwardAgent,0.459,0,0.569,50,0,13,0,13,104,50,119,0,0,50,0,0,50,142,50,779,94,204,0,459,50,20
"agent ForwardAgent #94",ForwardAgent,0.28,0,0.569,50,0,9,0,9,80,50,76,0,0,50,0,0,50,53,50,560,71,160,1,280,50,20
"agent ForwardAgent #95",ForwardAgent,0.236,0,0.569,50,0,4,0,4,58,50,46,0,0,50,0,0,50,68,50,434,64,128,2,236,50,20
"agent ForwardAgent #96",ForwardAgent,1.555,0,0.569,50,0,45,0,45,366,50,420,0,0,50,0,0,50,397,50,1152,372,202,3,1555,50,20
"agent ForwardAgent #97",ForwardAgent,0.111,0,0.569,50,0,2,0,2,26,50,23,0,0,50,0,0,50,46,50,972,16,102,0,111,50,20
"agent ForwardAgent #98",ForwardAgent,0.344,0,0.569,50,0,15,0,15,90,50,98,0,0,50,0,0,50,75,50,440,81,198,1,344,50,20
"agent ForwardAgent #99",ForwardAgent,0.404,0,0.569,50,0,8,0,8,112,50,76,0,0,50,0,0,50,98,50,593,118,124,2,404,50,20
"agent ForwardAgent #100",ForwardAgent,0.127,0,0.569,50,0,1,0,1,28,50,44,0,0,50,0,0,50,21,50,1276,34,126,3,127,50,20
"agent RandomAgent #101",RandomAgent,8.527,0,0.569,50,0,41,0,4211,1867,50,2390,0,0,50,0,0,50,2413,50,4422,1857,114,0,8527,50,20
"agent RandomAgent #102",RandomAgent,2.306,0,0.569,50,0,72,0,1129,550,50,619,0,0,50,0,0,50,596,50,387,541,123,1,2306,50,20
"agent RandomAgent #103",RandomAgent,34.492,0,0.569,50,0,622,0,17396,9522,50,7710,0,0,50,0,0,50,7732,50,6444,9528,168,2,34492,50,20
"agent RandomAgent #104",RandomAgent,12.367,0,0.569,50,0,563,0,6158,3473,50,2719,0,0,50,0,0,50,2696,50,6218,3479,189,3,12367,50,20
"agent RandomAgent #105",RandomAgent,6.913,0,0.569,50,0,151,0,3486,1407,50,2043,0,0,50,0,0,50,2066,50,4890,1397,111,0,6913,50,20
"agent RandomAgent #106",RandomAgent,38.472,0,0.569,50,0,1624,0,19467,9206,50,10046,0,0,50,0,0,50,10023,50,9558,9197,206,1,38472,50,20
"agent RandomAgent #107",RandomAgent,23.402,0,0.569,50,0,626,0,11780,4971,50,6716,0,0,50,0,0,50,6738,50,3430,4977,210,2,23402,50,20
"agent RandomAgent #108",RandomAgent,12.231,0,0.569,50,0,299,0,6078,3151,50,2973,0,0,50,0,0,50,2950,50,5149,3157,177,3,12231,50,20
"agent RandomAgent #109",RandomAgent,8.151,0,0.569,50,0,279,0,4069,1533,50,2536,0,0,50,0,0,50,2559,50,3721,1523,119,0,8151,50,20
"agent RandomAgent #110",RandomAgent,9.128,0,0.569,50,0,465,0,4679,2126,50,2454,0,0,50,0,0,50,2431,50,4894,2117,202,1,9128,50,20
"agent RandomAgent #111",RandomAgent,10.254,0,0.569,50,0,236,0,5104,2410,50,2703,0,0,50,0,0,50,2725,50,2438,2416,138,2,10254,50,20
"agent RandomAgent #112",RandomAgent,52.515,0,0.569,50,0,2128,0,26444,12455,50,13811,0,0,50,0,0,50,13788,50,8560,12461,213,3,52515,50,20
"agent RandomAgent #113",RandomAgent,7.335,0,0.569,50,0,414,0,3804,1266,50,2395,0,0,50,0,0,50,2418,50,3366,1256,106,0,7335,50,20
"agent RandomAgent #114",RandomAgent,3.418,0,0.569,50,0,104,0,1726,915,50,810,0,0,50,0,0,50,787,50,1359,906,140,1,3418,50,20
"agent RandomAgent #115",RandomAgent,47.806,0,0.569,50,0,1231,0,24151,12531,50,11358,0,0,50,0,0,50,11380,50,4572,12537,152,2,47806,50,20
"agent RandomAgent #116",RandomAgent,59.191,0,0.569,50,0,2907,0,29878,14226,50,15378,0,0,50,0,0,50,15355,50,9328,14232,205,3,59191,50,20
"agent RandomAgent #117",RandomAgent,7.081,0,0.569,50,0,206,0,3532,1492,50,2042,0,0,50,0,0,50,2065,50,3128,1482,124,0,7081,50,20
"agent RandomAgent #118",RandomAgent,8.28,0,0.569,50,0,316,0,4166,1954,50,2202,0,0,50,0,0,50,2179,50,3089,1945,192,1,8280,50,20
"agent RandomAgent #119",RandomAgent,19.678,0,0.569,50,0,332,0,9914,5645,50,4180,0,0,50,0,0,50,4202,50,3629,5651,128,2,19678,50,20
"agent RandomAgent #120",RandomAgent,63.919,0,0.569,50,0,2345,0,32046,15198,50,16770,0,0,50,0,0,50,16747,50,7505,15204,206,3,63919,50,20
"agent RandomAgent #121",RandomAgent,8.473,0,0.569,50,0,323,0,4260,1444,50,2786,0,0,50,0,0,50,2809,50,3372,1434,116,0,8473,50,20
"agent RandomAgent #122",RandomAgent,30.284,0,0.569,50,0,1416,0,15362,7239,50,7919,0,0,50,0,0,50,7896,50,5906,7230,213,1,30284,50,20
"agent RandomAgent #123",RandomAgent,11.292,0,0.569,50,0,249,0,5780,3432,50,2200,0,0,50,0,0,50,2222,50,2733,3438,129,2,11292,50,20
"agent RandomAgent #124",RandomAgent,39.487,0,0.569,50,0,1608,0,19950,10157,50,9595,0,0,50,0,0,50,9572,50,5588,10163,213,3,39487,50,20
"agent RandomAgent #125",RandomAgent,5.027,0,0.569,50,0,189,0,2559,951,50,1556,0,0,50,0,0,50,1579,50,2311,941,104,0,5027,50,20
"agent RandomAgent #126",RandomAgent,33.068,0,0.569,50,0,1124,0,16528,7657,50,8893,0,0,50,0,0,50,8870,50,4269,7648,204,1,33068,50,20
"agent RandomAgent #127",RandomAgent,14.622,0,0.569,50,0,382,0,7371,2586,50,4711,0,0,50,0,0,50,4733,50,1062,2592,191,2,14622,50,20
"agent RandomAgent #128",RandomAgent,10.029,0,0.569,50,0,344,0,4972,2183,50,2840,0,0,50,0,0,50,2817,50,2169,2189,203,3,10029,50,20
"agent RandomAgent #129",RandomAgent,28.351,0,0.569,50,0,812,0,14341,6528,50,7641,0,0,50,0,0,50,7664,50,2252,6518,218,0,28351,50,20
"agent RandomAgent #130",RandomAgent,29.398,0,0.569,50,0,979,0,14649,7006,50,7709,0,0,50,0,0,50,7686,50,3194,6997,206,1,29398,50,20
"agent RandomAgent #131",RandomAgent,6.93,0,0.569,50,0,114,0,3470,1963,50,1488,0,0,50,0,0,50,1510,50,1699,1969,129,2,6930,50,20
"agent RandomAgent #132",RandomAgent,32.273,0,0.569,50,0,1461,0,16182,7551,50,8594,0,0,50,0,0,50,8571,50,3123,7557,214,3,32273,50,20
"agent RandomAgent #133",RandomAgent,9.025,0,0.569,50,0,216,0,4486,1519,50,2987,0,0,50,0,0,50,3010,50,1024,1509,129,0,9025,50,20
"agent RandomAgent #134",RandomAgent,2.17,0,0.569,50,0,84,0,1095,413,50,688,0,0,50,0,0,50,665,50,420,404,139,1,2170,50,20
"agent RandomAgent #135",RandomAgent,13.854,0,0.569,50,0,311,0,7040,4083,50,2830,0,0,50,0,0,50,2852,50,1499,4089,142,2,13854,50,20
"agent RandomAgent #136",RandomAgent,8.693,0,0.569,50,0,326,0,4282,2088,50,2267,0,0,50,0,0,50,2244,50,1153,2094,204,3,8693,50,20
"agent RandomAgent #137",RandomAgent,2.751,0,0.569,50,0,71,0,1424,629,50,740,0,0,50,0,0,50,763,50,804,619,95,0,2751,50,20
"agent RandomAgent #138",RandomAgent,13.372,0,0.569,50,0,200,0,6637,3142,50,3560,0,0,50,0,0,50,3537,50,1267,3133,162,1,13372,50,20
"agent RandomAgent #139",RandomAgent,15.316,0,0.569,50,0,342,0,7749,4176,50,3468,0,0,50,0,0,50,3490,50,742,4182,136,2,15316,50,20
"agent RandomAgent #140",RandomAgent,13.909,0,0.569,50,0,619,0,7091,3399,50,3564,0,0,50,0,0,50,3541,50,1675,3405,211,3,13909,50,20
"agent RandomAgent #141",RandomAgent,12.331,0,0.569,50,0,253,0,6135,2438,50,3721,0,0,50,0,0,50,3744,50,566,2428,134,0,12331,50,20
"agent RandomAgent #142",RandomAgent,12.468,0,0.569,50,0,672,0,6365,3040,50,3210,0,0,50,0,0,50,3187,50,1299,3031,201,1,12468,50,20
"agent RandomAgent #143",RandomAgent,15.636,0,0.569,50,0,315,0,8010,3981,50,3823,0,0,50,0,0,50,3845,50,418,3987,134,2,15636,50,20
"agent RandomAgent #144",RandomAgent,29.707,0,0.569,50,0,1487,0,14859,7035,50,7827,0,0,50,0,0,50,7804,50,859,7041,199,3,29707,50,20
"agent RandomAgent #145",RandomAgent,6.643,0,0.569,50,0,214,0,3328,1383,50,1932,0,0,50,0,0,50,1955,50,296,1373,107,0,6643,50,20
"agent RandomAgent #146",RandomAgent,73.248,0,0.569,50,0,2909,0,36832,17246,50,19394,0,0,50,0,0,50,19371,50,886,17237,206,1,73248,50,20
"agent RandomAgent #147",RandomAgent,9.228,0,0.569,50,0,251,0,4628,2505,50,2095,0,0,50,0,0,50,2117,50,100,2511,144,2,9228,50,20
"agent RandomAgent #148",RandomAgent,7.687,0,0.569,50,0,316,0,3890,1862,50,1990,0,0,50,0,0,50,1967,50,63,1868,185,3,7687,50,20
"agent RandomAgent #149",RandomAgent,2.455,0,0.569,50,0,103,0,1251,513,50,708,0,0,50,0,0,50,731,50,109,503,100,0,2455,50,20
"agent RandomAgent #150",RandomAgent,22.492,0,0.569,50,0,732,0,11310,5286,50,5976,0,0,50,0,0,50,5953,50,78,5277,209,1,22492,50,20
"agent NegotiatingAgent #151",NegotiatingAgent,0.334,2614,0.569,50,54,7,0,7,74,50,79,104,167,50,0,0,50,101,50,335,80,204,2,334,50,20
"agent NegotiatingAgent #152",NegotiatingAgent,0.187,1505,0.569,50,45,7,0,7,46,50,56,81,120,50,0,0,50,33,50,260,52,156,3,187,50,20
"agent NegotiatingAgent #153",NegotiatingAgent,0.091,294,0.569,50,48,0,0,0,26,50,13,79,93,50,0,0,50,36,50,210,16,92,0,91,50,20
"agent NegotiatingAgent #154",NegotiatingAgent,0.112,215,0.569,50,23,3,0,3,28,50,44,39,61,50,0,0,50,21,50,398,19,106,1,112,50,20
"agent NegotiatingAgent #155",NegotiatingAgent,0.314,1036,0.569,50,31,4,0,4,76,50,67,96,159,50,10,4,50,89,50,319,82,194,2,314,50,20
"agent NegotiatingAgent #156",NegotiatingAgent,0.163,2841,0.569,50,55,5,0,5,40,50,50,158,150,50,13,4,50,27,50,251,46,144,3,163,50,20
"agent NegotiatingAgent #157",NegotiatingAgent,0.319,1245,0.569,50,48,4,0,4,84,50,69,117,175,50,0,10,50,92,50,514,74,206,0,319,50,20
"agent NegotiatingAgent #158",NegotiatingAgent,0.266,215,0.569,50,17,9,0,9,71,50,78,37,110,50,0,1,50,55,50,272,62,183,1,266,50,20
"agent NegotiatingAgent #159",NegotiatingAgent,0.304,557,0.569,50,26,6,0,6,62,50,76,53,103,50,5,0,50,98,50,174,68,189,2,304,50,20
"agent NegotiatingAgent #160",NegotiatingAgent,0.283,970,0.569,50,26,12,0,12,68,50,82,59,113,50,0,3,50,59,50,325,74,204,3,283,50,20
"agent NegotiatingAgent #161",NegotiatingAgent,0.291,970,0.569,50,38,2,0,2,80,50,59,107,178,50,3,15,50,82,50,320,70,192,0,291,50,20
"agent NegotiatingAgent #162",NegotiatingAgent,0.15,3824,0.569,50,62,5,0,5,37,50,54,139,144,50,0,5,50,31,50,299,28,125,1,150,50,20
"agent NegotiatingAgent #163",NegotiatingAgent,0.28,426,0.569,50,25,5,0,5,60,50,66,72,144,50,4,5,50,88,50,273,66,177,2,280,50,20
"agent NegotiatingAgent #164",NegotiatingAgent,0.283,683,0.569,50,17,12,0,12,66,50,84,69,115,50,12,5,50,61,50,319,72,204,3,283,50,20
"agent NegotiatingAgent #165",NegotiatingAgent,0.095,674,0.569,50,37,1,0,1,26,50,15,116,105,50,8,7,50,38,50,451,16,94,0,95,50,20
"agent NegotiatingAgent #166",NegotiatingAgent,0.236,1469,0.569,50,23,9,0,9,70,50,64,66,109,50,4,5,50,41,50,320,61,168,1,236,50,20
"agent NegotiatingAgent #167",NegotiatingAgent,0.154,683,0.569,50,26,2,0,2,40,50,23,82,109,50,5,6,50,45,50,275,46,114,2,154,50,20
"agent NegotiatingAgent #168",NegotiatingAgent,0.215,468,0.569,50,20,7,0,7,52,50,64,103,131,50,25,1,50,41,50,258,58,170,3,215,50,20
"agent NegotiatingAgent #169",NegotiatingAgent,0.213,862,0.569,50,30,1,0,2,54,50,46,118,129,50,13,3,50,69,50,521,44,153,0,213,50,20
"agent NegotiatingAgent #170",NegotiatingAgent,0.126,52,0.569,50,19,3,0,3,33,50,46,59,127,50,8,0,50,23,50,298,24,113,1,126,50,20
"agent NegotiatingAgent #171",NegotiatingAgent,0.1,24,0.569,50,18,2,0,2,18,50,18,55,52,50,6,3,50,40,50,189,24,87,2,100,50,20
"agent NegotiatingAgent #172",NegotiatingAgent,0.175,2211,0.569,50,41,8,0,8,42,50,54,127,130,50,9,3,50,31,50,466,48,150,3,175,50,20
"agent NegotiatingAgent #173",NegotiatingAgent,0.229,850,0.569,50,36,2,0,3,56,50,52,128,126,50,9,8,50,75,50,417,46,161,0,229,50,20
"agent NegotiatingAgent #174",NegotiatingAgent,0.11,38,0.569,50,17,2,0,2,31,50,40,44,42,50,0,4,50,17,50,245,22,105,1,110,50,20
"agent NegotiatingAgent #175",NegotiatingAgent,0.33,309,0.569,50,10,5,0,5,78,50,73,107,167,50,24,11,50,95,50,304,84,202,2,330,50,20
"agent NegotiatingAgent #176",NegotiatingAgent,0.229,289,0.569,50,11,9,0,10,53,50,70,61,114,50,7,5,50,47,50,280,59,177,3,229,50,20
"agent NegotiatingAgent #177",NegotiatingAgent,0.237,154,0.569,50,17,1,0,2,62,50,50,107,130,50,5,21,50,73,50,402,52,165,0,237,50,20
"agent NegotiatingAgent #178",NegotiatingAgent,0.252,1518,0.569,50,28,9,0,9,72,50,70,93,134,50,11,3,50,47,50,361,63,176,1,252,50,20
"agent NegotiatingAgent #179",NegotiatingAgent,0.072,0,0.569,50,14,0,0,0,14,50,8,32,37,50,0,4,50,30,50,161,20,73,2,72,50,20
"agent NegotiatingAgent #180",NegotiatingAgent,0.175,1607,0.569,50,28,7,0,7,42,50,54,116,122,50,20,5,50,31,50,366,48,150,3,175,50,20
"agent NegotiatingAgent #181",NegotiatingAgent,0.111,86,0.569,50,10,2,0,2,28,50,21,104,89,50,18,7,50,44,50,307,18,102,0,111,50,20
"agent NegotiatingAgent #182",NegotiatingAgent,0.164,2357,0.569,50,39,7,0,7,42,50,56,122,132,50,8,9,50,33,50,389,33,132,1,164,50,20
"agent NegotiatingAgent #183",NegotiatingAgent,0.1,0,0.569,50,10,2,0,2,18,50,18,59,50,50,3,14,50,40,50,183,24,87,2,100,50,20
"agent NegotiatingAgent #184",NegotiatingAgent,0.143,964,0.569,50,18,3,0,3,32,50,48,132,111,50,21,14,50,25,50,361,38,134,3,143,50,20
"agent NegotiatingAgent #185",NegotiatingAgent,0.319,296,0.569,50,13,4,0,4,84,50,69,91,148,50,5,24,50,92,50,704,74,206,0,319,50,20
"agent NegotiatingAgent #186",NegotiatingAgent,0.126,33,0.569,50,11,4,0,4,37,50,42,46,104,50,0,7,50,19,50,224,28,113,1,126,50,20
"agent NegotiatingAgent #187",NegotiatingAgent,0.072,0,0.569,50,5,0,0,0,14,50,8,25,24,50,0,7,50,30,50,170,20,73,2,72,50,20
"agent NegotiatingAgent #188",NegotiatingAgent,0.167,1098,0.569,50,16,6,0,6,40,50,52,135,128,50,25,9,50,29,50,547,46,146,3,167,50,20
"agent NegotiatingAgent #189",NegotiatingAgent,0.319,14,0.569,50,1,4,0,4,84,50,69,77,169,50,7,27,50,92,50,606,74,206,0,319,50,20
"agent NegotiatingAgent #190",NegotiatingAgent,0.128,14,0.569,50,1,3,0,3,32,50,48,40,73,50,3,11,50,25,50,417,23,114,1,128,50,20
"agent NegotiatingAgent #191",NegotiatingAgent,0.1,0,0.569,50,2,1,0,1,22,50,14,23,81,50,1,5,50,36,50,387,28,87,2,100,50,20
"agent NegotiatingAgent #192",NegotiatingAgent,0.195,125,0.569,50,3,8,0,8,44,50,62,148,149,50,41,8,50,39,50,427,50,160,3,195,50,20
"agent NegotiatingAgent #193",NegotiatingAgent,0.229,28,0.569,50,1,2,0,3,56,50,52,82,118,50,21,14,50,75,50,487,46,161,0,229,50,20
"agent NegotiatingAgent #194",NegotiatingAgent,0.146,50,0.569,50,3,4,0,4,37,50,52,142,121,50,37,8,50,29,50,293,28,123,1,146,50,20
"agent NegotiatingAgent #195",NegotiatingAgent,0.334,284,0.569,50,3,4,0,4,78,50,75,119,160,50,30,17,50,97,50,431,84,204,2,334,50,20
"agent NegotiatingAgent #196",NegotiatingAgent,0.251,16,0.569,50,1,9,0,9,60,50,74,71,151,50,20,10,50,51,50,257,66,188,3,251,50,20
"agent NegotiatingAgent #197",NegotiatingAgent,0.213,18,0.569,50,1,1,0,2,54,50,46,89,124,50,24,5,50,69,50,481,44,153,0,213,50,20
"agent NegotiatingAgent #198",NegotiatingAgent,0.146,264,0.569,50,3,4,0,4,35,50,54,138,137,50,40,8,50,31,50,253,26,123,1,146,50,20
"agent NegotiatingAgent #199",NegotiatingAgent,0.256,0,0.569,50,0,3,0,3,54,50,60,86,114,50,20,17,50,82,50,253,60,165,2,256,50,20
"agent NegotiatingAgent #200",NegotiatingAgent,0.187,0,0.569,50,0,4,0,4,42,50,60,88,102,50,17,11,50,37,50,193,48,156,3,187,50,20
"agent SwarmAgent #201",SwarmAgent,0.115,0,0.569,50,0,3,0,3,28,50,23,0,0,50,0,0,50,46,50,296,18,104,0,115,50,20
"agent SwarmAgent #202",SwarmAgent,0.142,0,0.569,50,0,3,0,3,35,50,52,0,0,50,0,0,50,29,50,136,26,121,1,142,50,20
"agent SwarmAgent #203",SwarmAgent,0.282,0,0.569,50,0,2,0,2,68,50,59,0,0,50,0,0,50,81,50,1214,74,178,2,282,50,20
"agent SwarmAgent #204",SwarmAgent,0.127,0,0.569,50,0,1,0,1,28,50,44,0,0,50,0,0,50,21,50,653,34,126,3,127,50,20
"agent SwarmAgent #205",SwarmAgent,0.229,0,0.569,50,0,2,0,3,56,50,52,0,0,50,0,0,50,75,50,928,46,161,0,229,50,20
"agent SwarmAgent #206",SwarmAgent,0.136,0,0.569,50,0,3,0,3,36,50,48,0,0,50,0,0,50,25,50,294,27,118,1,136,50,20
"agent SwarmAgent #207",SwarmAgent,0.28,0,0.569,50,0,3,0,3,60,50,66,0,0,50,0,0,50,88,50,331,66,177,2,280,50,20
"agent SwarmAgent #208",SwarmAgent,0.127,0,0.569,50,0,1,0,1,28,50,44,0,0,50,0,0,50,21,50,526,34,126,3,127,50,20
"agent SwarmAgent #209",SwarmAgent,0.111,0,0.569,50,0,2,0,2,28,50,21,0,0,50,0,0,50,44,50,440,18,102,0,111,50,20
"agent SwarmAgent #210",SwarmAgent,0.214,0,0.569,50,0,2,0,2,61,50,62,0,0,50,0,0,50,39,50,55,52,157,1,214,50,20
"agent SwarmAgent #211",SwarmAgent,0.072,0,0.569,50,0,0,0,0,14,50,8,0,0,50,0,0,50,30,50,116,20,73,2,72,50,20
"agent SwarmAgent #212",SwarmAgent,0.151,0,0.569,50,0,2,0,2,32,50,52,0,0,50,0,0,50,29,50,608,38,138,3,151,50,20
"agent SwarmAgent #213",SwarmAgent,0.091,0,0.569,50,0,0,0,0,26,50,13,0,0,50,0,0,50,36,50,253,16,92,0,91,50,20
"agent SwarmAgent #214",SwarmAgent,0.124,0,0.569,50,0,4,0,4,36,50,42,0,0,50,0,0,50,19,50,213,27,112,1,124,50,20
"agent SwarmAgent #215",SwarmAgent,0.282,0,0.569,50,0,2,0,2,68,50,59,0,0,50,0,0,50,81,50,728,74,178,2,282,50,20
"agent SwarmAgent #216",SwarmAgent,0.151,0,0.569,50,0,2,0,2,32,50,52,0,0,50,0,0,50,29,50,457,38,138,3,151,50,20
"agent SwarmAgent #217",SwarmAgent,0.107,0,0.569,50,0,1,0,1,28,50,19,0,0,50,0,0,50,42,50,122,18,100,0,107,50,20
"agent SwarmAgent #218",SwarmAgent,0.208,0,0.569,50,0,5,0,5,56,50,64,0,0,50,0,0,50,41,50,69,47,154,1,208,50,20
"agent SwarmAgent #219",SwarmAgent,0.124,0,0.569,50,0,2,0,2,24,50,24,0,0,50,0,0,50,46,50,196,30,99,2,124,50,20
"agent SwarmAgent #220",SwarmAgent,0.151,0,0.569,50,0,2,0,2,32,50,52,0,0,50,0,0,50,29,50,305,38,138,3,151,50,20
"agent SwarmAgent #221",SwarmAgent,0.209,0,0.569,50,0,0,0,1,54,50,44,0,0,50,0,0,50,67,50,147,44,151,0,209,50,20
"agent SwarmAgent #222",SwarmAgent,0.118,0,0.569,50,0,2,0,2,35,50,40,0,0,50,0,0,50,17,50,83,26,109,1,118,50,20
"agent SwarmAgent #223",SwarmAgent,0.256,0,0.569,50,0,2,0,2,58,50,56,0,0,50,0,0,50,78,50,336,64,165,2,256,50,20
"agent SwarmAgent #224",SwarmAgent,0.195,0,0.569,50,0,2,0,2,46,50,60,0,0,50,0,0,50,37,50,57,52,160,3,195,50,20
"agent SwarmAgent #225",SwarmAgent,0.229,0,0.569,50,0,2,0,3,56,50,52,0,0,50,0,0,50,75,50,639,46,161,0,229,50,20
"agent SwarmAgent #226",SwarmAgent,0.126,0,0.569,50,0,4,0,4,35,50,44,0,0,50,0,0,50,21,50,37,26,113,1,126,50,20
"agent SwarmAgent #227",SwarmAgent,0.072,0,0.569,50,0,0,0,0,14,50,8,0,0,50,0,0,50,30,50,23,20,73,2,72,50,20
"agent SwarmAgent #228",SwarmAgent,0.127,0,0.569,50,0,1,0,1,28,50,44,0,0,50,0,0,50,21,50,214,34,126,3,127,50,20
"agent SwarmAgent #229",SwarmAgent,0.213,0,0.569,50,0,1,0,2,54,50,46,0,0,50,0,0,50,69,50,200,44,153,0,213,50,20
"agent SwarmAgent #230",SwarmAgent,0.122,0,0.569,50,0,3,0,3,33,50,44,0,0,50,0,0,50,21,50,41,24,111,1,122,50,20
"agent SwarmAgent #231",SwarmAgent,0.282,0,0.569,50,0,2,0,2,68,50,59,0,0,50,0,0,50,81,50,404,74,178,2,282,50,20
"agent SwarmAgent #232",SwarmAgent,0.203,0,0.569,50,0,3,0,3,48,50,62,0,0,50,0,0,50,39,50,168,54,164,3,203,50,20
"agent SwarmAgent #233",SwarmAgent,0.091,0,0.569,50,0,0,0,0,26,50,13,0,0,50,0,0,50,36,50,36,16,92,0,91,50,20
"agent SwarmAgent #234",SwarmAgent,0.13,0,0.569,50,0,3,0,3,35,50,46,0,0,50,0,0,50,23,50,11,26,115,1,130,50,20
"agent SwarmAgent #235",SwarmAgent,0.284,0,0.569,50,0,4,0,4,62,50,66,0,0,50,0,0,50,88,50,297,68,179,2,284,50,20
"agent SwarmAgent #236",SwarmAgent,0.123,0,0.569,50,0,0,0,0,26,50,44,0,0,50,0,0,50,21,50,169,32,124,3,123,50,20
"agent SwarmAgent #237",SwarmAgent,0.229,0,0.569,50,0,2,0,3,56,50,52,0,0,50,0,0,50,75,50,364,46,161,0,229,50,20
"agent SwarmAgent #238",SwarmAgent,0.202,0,0.569,50,0,3,0,3,53,50,64,0,0,50,0,0,50,41,50,155,44,151,1,202,50,20
"agent SwarmAgent #239",SwarmAgent,0.126,0,0.569,50,0,1,0,1,32,50,17,0,0,50,0,0,50,39,50,116,38,100,2,126,50,20
"agent SwarmAgent #240",SwarmAgent,0.151,0,0.569,50,0,2,0,2,32,50,52,0,0,50,0,0,50,29,50,67,38,138,3,151,50,20
"agent SwarmAgent #241",SwarmAgent,0.095,0,0.569,50,0,1,0,1,26,50,15,0,0,50,0,0,50,38,50,66,16,94,0,95,50,20
"agent SwarmAgent #242",SwarmAgent,0.136,0,0.569,50,0,3,0,3,36,50,48,0,0,50,0,0,50,25,50,22,27,118,1,136,50,20
"agent SwarmAgent #243",SwarmAgent,0.282,0,0.569,50,0,2,0,2,68,50,59,0,0,50,0,0,50,81,50,4,74,178,2,282,50,20
"agent SwarmAgent #244",SwarmAgent,0.125,0,0.569,50,0,0,0,1,27,50,44,0,0,50,0,0,50,21,50,124,33,125,3,125,50,20
"agent SwarmAgent #245",SwarmAgent,0.229,0,0.569,50,0,2,0,3,56,50,52,0,0,50,0,0,50,75,50,100,46,161,0,229,50,20
"agent SwarmAgent #246",SwarmAgent,0.2,0,0.569,50,0,4,0,4,54,50,62,0,0,50,0,0,50,39,50,5,45,150,1,200,50,20
"agent SwarmAgent #247",SwarmAgent,0.256,0,0.569,50,0,2,0,2,58,50,56,0,0,50,0,0,50,78,50,1,64,165,2,256,50,20
"agent SwarmAgent #248",SwarmAgent,0.123,0,0.569,50,0,0,0,0,26,50,44,0,0,50,0,0,50,21,50,0,32,124,3,123,50,20
"agent SwarmAgent #249",SwarmAgent,0.111,0,0.569,50,0,2,0,2,28,50,21,0,0,50,0,0,50,44,50,0,18,102,0,111,50,20
"agent SwarmAgent #250",SwarmAgent,0.144,0,0.569,50,0,4,0,4,36,50,52,0,0,50,0,0,50,29,50,0,27,122,1,144,50,20
